num_users,method,display_name,seed_count,active_load_balance_score,active_load_balance_score_ci_low,active_load_balance_score_ci_high,active_mec_load_fairness,active_mec_load_fairness_ci_low,active_mec_load_fairness_ci_high,avg_delay,avg_delay_ci_low,avg_delay_ci_high,avg_load_balance_score,avg_load_balance_score_ci_low,avg_load_balance_score_ci_high,avg_success_delay,avg_success_delay_ci_low,avg_success_delay_ci_high,avg_success_delay_sample_count,blocked_time_ratio,blocked_time_ratio_ci_low,blocked_time_ratio_ci_high,blocked_user_seconds,blocked_user_seconds_ci_low,blocked_user_seconds_ci_high,completed_tasks,completed_tasks_ci_low,completed_tasks_ci_high,deadline_violation_rate,deadline_violation_rate_ci_low,deadline_violation_rate_ci_high,deadline_violations,deadline_violations_ci_low,deadline_violations_ci_high,energy_per_resolved_task,energy_per_resolved_task_ci_low,energy_per_resolved_task_ci_high,energy_per_successful_task,energy_per_successful_task_ci_low,energy_per_successful_task_ci_high,energy_per_successful_task_sample_count,episodes,episodes_ci_low,episodes_ci_high,failed_handovers,failed_handovers_ci_low,failed_handovers_ci_high,failed_tasks,failed_tasks_ci_low,failed_tasks_ci_high,forced_termination_rate,forced_termination_rate_ci_low,forced_termination_rate_ci_high,handover_aborted,handover_aborted_ci_low,handover_aborted_ci_high,handover_action_rate,handover_action_rate_ci_low,handover_action_rate_ci_high,handover_attempts,handover_attempts_ci_low,handover_attempts_ci_high,handover_committed,handover_committed_ci_low,handover_committed_ci_high,handover_failure_rate,handover_failure_rate_ci_low,handover_failure_rate_ci_high,handover_frequency,handover_frequency_ci_low,handover_frequency_ci_high,handover_interruption_seconds,handover_interruption_seconds_ci_low,handover_interruption_seconds_ci_high,handover_radio_failures,handover_radio_failures_ci_low,handover_radio_failures_ci_high,handover_success_rate,handover_success_rate_ci_low,handover_success_rate_ci_high,handovers_per_user_minute,handovers_per_user_minute_ci_low,handovers_per_user_minute_ci_high,is_system,jain_mec_load_fairness,jain_mec_load_fairness_ci_low,jain_mec_load_fairness_ci_high,load_balance_coefficient,load_balance_coefficient_ci_low,load_balance_coefficient_ci_high,load_balance_variance,load_balance_variance_ci_low,load_balance_variance_ci_high,load_variance_sample_count,load_variance_sample_count_ci_low,load_variance_sample_count_ci_high,local_compute_rate,local_compute_rate_ci_low,local_compute_rate_ci_high,mean_offload_ratio,mean_offload_ratio_ci_low,mean_offload_ratio_ci_high,mean_reward,mean_reward_ci_low,mean_reward_ci_high,mec_load_fairness,mec_load_fairness_ci_low,mec_load_fairness_ci_high,migration_rejections,migration_rejections_ci_low,migration_rejections_ci_high,p95_success_delay,p95_success_delay_ci_low,p95_success_delay_ci_high,p95_success_delay_sample_count,penalty_delay,penalty_delay_ci_low,penalty_delay_ci_high,penalty_energy,penalty_energy_ci_low,penalty_energy_ci_high,penalty_failed_handover,penalty_failed_handover_ci_low,penalty_failed_handover_ci_high,penalty_service_interruption,penalty_service_interruption_ci_low,penalty_service_interruption_ci_high,penalty_task_failure,penalty_task_failure_ci_low,penalty_task_failure_ci_high,pending_task_rate,pending_task_rate_ci_low,pending_task_rate_ci_high,pending_tasks,pending_tasks_ci_low,pending_tasks_ci_high,primary_metric_win_count,primary_metric_win_count_ci_low,primary_metric_win_count_ci_high,primary_metric_wins_text,reachable_jain_mec_load_fairness,reachable_jain_mec_load_fairness_ci_low,reachable_jain_mec_load_fairness_ci_high,reconnection_attempts,reconnection_attempts_ci_low,reconnection_attempts_ci_high,reconnections,reconnections_ci_low,reconnections_ci_high,resolved_tasks,resolved_tasks_ci_low,resolved_tasks_ci_high,reward_load_balance,reward_load_balance_ci_low,reward_load_balance_ci_high,reward_task_success,reward_task_success_ci_low,reward_task_success_ci_high,selection_metric,selection_score,selection_score_ci_low,selection_score_ci_high,service_availability_rate,service_availability_rate_ci_low,service_availability_rate_ci_high,service_continuity_rate,service_continuity_rate_ci_low,service_continuity_rate_ci_high,service_interruption_seconds,service_interruption_seconds_ci_low,service_interruption_seconds_ci_high,source,source_is_system,source_method,std_reward,std_reward_ci_low,std_reward_ci_high,successful_task_throughput,successful_task_throughput_ci_low,successful_task_throughput_ci_high,task_completion_rate,task_completion_rate_ci_low,task_completion_rate_ci_high,task_failure_rate,task_failure_rate_ci_low,task_failure_rate_ci_high,task_resolution_rate,task_resolution_rate_ci_low,task_resolution_rate_ci_high,task_settlement_rate,task_settlement_rate_ci_low,task_settlement_rate_ci_high,task_success_rate,task_success_rate_ci_low,task_success_rate_ci_high,total_energy,total_energy_ci_low,total_energy_ci_high,total_handovers,total_handovers_ci_low,total_handovers_ci_high,total_tasks,total_tasks_ci_low,total_tasks_ci_high,total_user_seconds,total_user_seconds_ci_low,total_user_seconds_ci_high,training_history,checkpoint,trained_timesteps,trained_timesteps_ci_low,trained_timesteps_ci_high,training_log,best_training_eval_reward,best_training_eval_reward_ci_low,best_training_eval_reward_ci_high,method_variant,selected_offload,selected_offload_ci_low,selected_offload_ci_high
20,han_pdqn,HAN+PDQN,1,0.5447696115843368,0.5447696115843368,0.5447696115843368,0.3493189501570655,0.3493189501570655,0.3493189501570655,1.6479744970339916,1.6479744970339916,1.6479744970339916,0.5447696115843368,0.5447696115843368,0.5447696115843368,1.5401064186619637,1.5401064186619637,1.5401064186619637,1,0.016464843750000003,0.016464843750000003,0.016464843750000003,168.6,168.6,168.6,3442.4,3442.4,3442.4,0.03612979395099615,0.03612979395099615,0.03612979395099615,129.2,129.2,129.2,0.9141438987011165,0.9141438987011165,0.9141438987011165,0.9485066167152707,0.9485066167152707,0.9485066167152707,1,5.0,5.0,5.0,0.0,0.0,0.0,0.2,0.2,0.2,0.07689511261783,0.07689511261783,0.07689511261783,0.0,0.0,0.0,0.0116015625,0.0116015625,0.0116015625,109.6,109.6,109.6,109.6,109.6,109.6,0.0,0.0,0.0,0.010703124999999999,0.010703124999999999,0.010703124999999999,71.280002784729,71.280002784729,71.280002784729,0.0,0.0,0.0,1.0,1.0,1.0,0.6421875,0.6421875,0.6421875,True,0.6209229007038641,0.6209229007038641,0.6209229007038641,0.5447696115843368,0.5447696115843368,0.5447696115843368,0.07367286115059785,0.07367286115059785,0.07367286115059785,2272.0,2272.0,2272.0,0.4748046875,0.4748046875,0.4748046875,0.5171842575073242,0.5171842575073242,0.5171842575073242,109.26812162315473,109.26812162315473,109.26812162315473,0.5447696115843368,0.5447696115843368,0.5447696115843368,0.0,0.0,0.0,3.571594397771565,3.571594397771565,3.571594397771565,1,-39.54491368121727,-39.54491368121727,-39.54491368121727,-27.36317264655412,-27.36317264655412,-27.36317264655412,0.0,0.0,0.0,-3.5982001489028335,-3.5982001489028335,-3.5982001489028335,-6.469999999999989,-6.469999999999989,-6.469999999999989,0.0007825405379025,0.0007825405379025,0.0007825405379025,2.8,2.8,2.8,6.0,6.0,6.0,Successful-Task Delay | P95 Successful-Task Delay | Task Success | Deadline Violation | Successful Task Throughput | Energy per Successful Task,0.6209229007038641,0.6209229007038641,0.6209229007038641,9.2,9.2,9.2,9.2,9.2,9.2,3571.8,3571.8,3571.8,14.12440533087551,14.12440533087551,14.12440533087551,172.12000000000486,172.12000000000486,172.12000000000486,reward,109.26812162315473,109.26812162315473,109.26812162315473,0.98353515625,0.98353515625,0.98353515625,0.9765742185735145,0.9765742185735145,0.9765742185735145,239.88000180721284,239.88000180721284,239.88000180721284,checkpoint_eval,True,han_pdqn_multiuser_u20,5.26421562745421,5.26421562745421,5.26421562745421,20.1703125,20.1703125,20.1703125,0.9637847444745556,0.9637847444745556,0.9637847444745556,0.03618518027057521,0.03618518027057521,0.03618518027057521,0.9992174594620975,0.9992174594620975,0.9992174594620975,0.9992174594620975,0.9992174594620975,0.9992174594620975,0.9630322791915222,0.9630322791915222,0.9630322791915222,3265.139177380648,3265.139177380648,3265.139177380648,109.6,109.6,109.6,3574.6,3574.6,3574.6,10240.0,10240.0,10240.0,/home/pjpjq/LEO_switch/results/multiseed_0907/seed46/u20/learned_baselines/han_pdqn/training_history.json,,,,,,,,,,,,
20,han_mappo,HAN+MAPPO,1,0.5115987892076397,0.5115987892076397,0.5115987892076397,0.581762536815464,0.581762536815464,0.581762536815464,2.061440570561256,2.061440570561256,2.061440570561256,0.5115987892076397,0.5115987892076397,0.5115987892076397,1.744822149780687,1.744822149780687,1.744822149780687,1,0.017636718750000002,0.017636718750000002,0.017636718750000002,180.6,180.6,180.6,3307.0,3307.0,3307.0,0.07253869126952198,0.07253869126952198,0.07253869126952198,259.4,259.4,259.4,1.0589019074980885,1.0589019074980885,1.0589019074980885,1.14324262791992,1.14324262791992,1.14324262791992,1,5.0,5.0,5.0,0.0,0.0,0.0,4.0,4.0,4.0,0.4168571431676053,0.4168571431676053,0.4168571431676053,0.0,0.0,0.0,0.0049609375,0.0049609375,0.0049609375,29.6,29.6,29.6,29.6,29.6,29.6,0.0,0.0,0.0,0.002890625,0.002890625,0.002890625,30.48000113964081,30.48000113964081,30.48000113964081,0.0,0.0,0.0,1.0,1.0,1.0,0.1734375,0.1734375,0.1734375,False,0.7118756923501061,0.7118756923501061,0.7118756923501061,0.5115987892076397,0.5115987892076397,0.5115987892076397,0.080775602342268,0.080775602342268,0.080775602342268,2508.0,2508.0,2508.0,0.71021484375,0.71021484375,0.71021484375,0.2282070368528366,0.2282070368528366,0.2282070368528366,94.76096199864988,94.76096199864988,94.76096199864988,0.5115987892076397,0.5115987892076397,0.5115987892076397,0.0,0.0,0.0,3.8612101022312104,3.8612101022312104,3.8612101022312104,1,-42.529842944407946,-42.529842944407946,-42.529842944407946,-29.615262971965727,-29.615262971965727,-29.615262971965727,0.0,0.0,0.0,-3.1662001254037024,-3.1662001254037024,-3.1662001254037024,-13.170000000000067,-13.170000000000067,-13.170000000000067,0.0011747068704310367,0.0011747068704310367,0.0011747068704310367,4.2,4.2,4.2,0.0,0.0,0.0,,0.7118756923501061,0.7118756923501061,0.7118756923501061,21.2,21.2,21.2,21.2,21.2,21.2,3570.4,3570.4,3570.4,17.892265583191243,17.892265583191243,17.892265583191243,165.35000000000338,165.35000000000338,165.35000000000338,reward,94.76096199864988,94.76096199864988,94.76096199864988,0.9823632812499999,0.9823632812499999,0.9823632812499999,0.9793867186852732,0.9793867186852732,0.9793867186852732,211.08000066280366,211.08000066280366,211.08000066280366,han_mappo_checkpoint_eval,False,,9.87983237923362,9.87983237923362,9.87983237923362,19.376953125,19.376953125,19.376953125,0.926248579638753,0.926248579638753,0.926248579638753,0.07365554872054252,0.07365554872054252,0.07365554872054252,0.9988252931295689,0.9988252931295689,0.9988252931295689,0.9988252931295689,0.9988252931295689,0.9988252931295689,0.9251697444090266,0.9251697444090266,0.9251697444090266,3780.7033705311756,3780.7033705311756,3780.7033705311756,29.6,29.6,29.6,3574.6,3574.6,3574.6,10240.0,10240.0,10240.0,/home/pjpjq/LEO_switch/results/multiseed_0907/seed46/u20/learned_baselines/han_mappo/training_history.json,/home/pjpjq/LEO_switch/results/multiseed_0907/seed46/u20/learned_baselines/han_mappo/best_model.pt,,,,,,,,,,,
20,pdqn,PDQN,1,0.4336770515114281,0.4336770515114281,0.4336770515114281,0.1710215872817483,0.1710215872817483,0.1710215872817483,1.7620787294930575,1.7620787294930575,1.7620787294930575,0.4336770515114281,0.4336770515114281,0.4336770515114281,1.5962896687424133,1.5962896687424133,1.5962896687424133,1,0.018300781250000002,0.018300781250000002,0.018300781250000002,187.4,187.4,187.4,3378.0,3378.0,3378.0,0.05403035886369786,0.05403035886369786,0.05403035886369786,193.2,193.2,193.2,1.062477611167936,1.062477611167936,1.062477611167936,1.1239364996292192,1.1239364996292192,1.1239364996292192,1,5.0,5.0,5.0,38.8,38.8,38.8,2.2,2.2,2.2,0.1107149484357934,0.1107149484357934,0.1107149484357934,38.8,38.8,38.8,0.01865234375,0.01865234375,0.01865234375,172.4,172.4,172.4,133.6,133.6,133.6,0.20726036354324706,0.20726036354324706,0.20726036354324706,0.013046875,0.013046875,0.013046875,90.72000336647034,90.72000336647034,90.72000336647034,39.8,39.8,39.8,0.7927396364567529,0.7927396364567529,0.7927396364567529,0.7828125,0.7828125,0.7828125,False,0.5540204959352544,0.5540204959352544,0.5540204959352544,0.4336770515114281,0.4336770515114281,0.4336770515114281,0.09875357701574704,0.09875357701574704,0.09875357701574704,1851.0,1851.0,1851.0,0.506875,0.506875,0.506875,0.4422253370285034,0.4422253370285034,0.4422253370285034,94.72128287802916,94.72128287802916,94.72128287802916,0.4336770515114281,0.4336770515114281,0.4336770515114281,0.0,0.0,0.0,3.6496556679870578,3.6496556679870578,3.6496556679870578,1,-40.192021132314586,-40.192021132314586,-40.192021132314586,-29.91893696531672,-29.91893696531672,-29.91893696531672,-0.3980000000000003,-0.3980000000000003,-0.3980000000000003,-4.171800150163472,-4.171800150163472,-4.171800150163472,-9.770000000000016,-9.770000000000016,-9.770000000000016,0.0003377967191166794,0.0003377967191166794,0.0003377967191166794,1.2,1.2,1.2,0.0,0.0,0.0,,0.5540204959352544,0.5540204959352544,0.5540204959352544,18.6,18.6,18.6,17.6,17.6,17.6,3573.4,3573.4,3573.4,10.272039727291883,10.272039727291883,10.272039727291883,168.90000000000416,168.90000000000416,168.90000000000416,reward,94.72128287802916,94.72128287802916,94.72128287802916,0.98169921875,0.98169921875,0.98169921875,0.9728398435772396,0.9728398435772396,0.9728398435772396,278.1200017690659,278.1200017690659,278.1200017690659,pdqn_train_eval,False,,4.09847341280759,4.09847341280759,4.09847341280759,19.79296875,19.79296875,19.79296875,0.945331983107808,0.945331983107808,0.945331983107808,0.05464605296640512,0.05464605296640512,0.05464605296640512,0.9996622032808833,0.9996622032808833,0.9996622032808833,0.9996622032808833,0.9996622032808833,0.9996622032808833,0.9450161503144783,0.9450161503144783,0.9450161503144783,3796.6574957475023,3796.6574957475023,3796.6574957475023,172.4,172.4,172.4,3574.6,3574.6,3574.6,10240.0,10240.0,10240.0,/home/pjpjq/LEO_switch/results/multiseed_0907/seed46/u20/learned_baselines/pdqn/training_history.json,/home/pjpjq/LEO_switch/results/multiseed_0907/seed46/u20/learned_baselines/pdqn/best_model.pt,150000.0,150000.0,150000.0,/home/pjpjq/LEO_switch/results/multiseed_0907/seed46/u20/learned_baselines/pdqn/pdqn_training.log,,,,,,,
20,mappo_no_han,MAPPO,1,0.4744408906878237,0.4744408906878237,0.4744408906878237,0.5498832529577738,0.5498832529577738,0.5498832529577738,2.319837126038724,2.319837126038724,2.319837126038724,0.4744408906878237,0.4744408906878237,0.4744408906878237,1.8521754130028323,1.8521754130028323,1.8521754130028323,1,0.0178125,0.0178125,0.0178125,182.4,182.4,182.4,3151.2,3151.2,3151.2,0.11558204739182587,0.11558204739182587,0.11558204739182587,413.6,413.6,413.6,1.05010248269526,1.05010248269526,1.05010248269526,1.189129759853315,1.189129759853315,1.189129759853315,1,5.0,5.0,5.0,0.0,0.0,0.0,3.6,3.6,3.6,0.3289727564517819,0.3289727564517819,0.3289727564517819,0.0,0.0,0.0,0.007578125,0.007578125,0.007578125,54.6,54.6,54.6,54.6,54.6,54.6,0.0,0.0,0.0,0.00533203125,0.00533203125,0.00533203125,46.560001850128174,46.560001850128174,46.560001850128174,0.0,0.0,0.0,1.0,1.0,1.0,0.319921875,0.319921875,0.319921875,False,0.6972553465495765,0.6972553465495765,0.6972553465495765,0.4744408906878237,0.4744408906878237,0.4744408906878237,0.08911159352529283,0.08911159352529283,0.08911159352529283,2539.0,2539.0,2539.0,0.76365234375,0.76365234375,0.76365234375,0.204743430018425,0.204743430018425,0.204743430018425,81.88207403584383,81.88207403584383,81.88207403584383,0.4744408906878237,0.4744408906878237,0.4744408906878237,0.0,0.0,0.0,4.131380341185765,4.131380341185765,4.131380341185765,1,-42.46262980298396,-42.46262980298396,-42.46262980298396,-26.634792754135265,-26.634792754135265,-26.634792754135265,0.0,0.0,0.0,-3.4344001395627854,-3.4344001395627854,-3.4344001395627854,-20.860000000000163,-20.860000000000163,-20.860000000000163,0.0017361430458616004,0.0017361430458616004,0.0017361430458616004,6.2,6.2,6.2,0.0,0.0,0.0,,0.6972553465495765,0.6972553465495765,0.6972553465495765,23.0,23.0,23.0,23.0,23.0,23.0,3568.4,3568.4,3568.4,17.713894828149318,17.713894828149318,17.713894828149318,157.5600000000016,157.5600000000016,157.5600000000016,reward,81.88207403584383,81.88207403584383,81.88207403584383,0.9821875,0.9821875,0.9821875,0.9776406249310821,0.9776406249310821,0.9776406249310821,228.96000070571898,228.96000070571898,228.96000070571898,mappo_no_han_checkpoint_eval,False,,11.111476975605894,11.111476975605894,11.111476975605894,18.4640625,18.4640625,18.4640625,0.8832004437689085,0.8832004437689085,0.8832004437689085,0.11658599086244666,0.11658599086244666,0.11658599086244666,0.9982638569541384,0.9982638569541384,0.9982638569541384,0.9982638569541384,0.9982638569541384,0.9982638569541384,0.8816778660916919,0.8816778660916919,0.8816778660916919,3747.185699249766,3747.185699249766,3747.185699249766,54.6,54.6,54.6,3574.6,3574.6,3574.6,10240.0,10240.0,10240.0,/home/pjpjq/LEO_switch/results/multiseed_0907/seed46/u20/learned_baselines/mappo_no_han/training_history.json,/home/pjpjq/LEO_switch/results/multiseed_0907/seed46/u20/learned_baselines/mappo_no_han/best_model.pt,,,,,,,,,,,
20,maddpg,MADDPG,1,0.569678125264749,0.569678125264749,0.569678125264749,0.7812603236594121,0.7812603236594121,0.7812603236594121,2.8799041235426848,2.8799041235426848,2.8799041235426848,0.569678125264749,0.569678125264749,0.569678125264749,2.251597050396667,2.251597050396667,2.251597050396667,1,0.017617187500000003,0.017617187500000003,0.017617187500000003,180.4,180.4,180.4,2819.6,2819.6,2819.6,0.20776749679107387,0.20776749679107387,0.20776749679107387,743.0,743.0,743.0,1.0361684826160797,1.0361684826160797,1.0361684826160797,1.3111228231939458,1.3111228231939458,1.3111228231939458,1,5.0,5.0,5.0,0.2,0.2,0.2,5.2,5.2,5.2,0.2340630216848527,0.2340630216848527,0.2340630216848527,0.2,0.2,0.2,0.017578125,0.017578125,0.017578125,159.0,159.0,159.0,158.8,158.8,158.8,0.00037313432835820896,0.00037313432835820896,0.00037313432835820896,0.015507812499999999,0.015507812499999999,0.015507812499999999,107.88000149726868,107.88000149726868,107.88000149726868,0.0,0.0,0.0,0.9996268656716417,0.9996268656716417,0.9996268656716417,0.93046875,0.93046875,0.93046875,False,0.7998058999939687,0.7998058999939687,0.7998058999939687,0.569678125264749,0.569678125264749,0.569678125264749,0.06853664260987757,0.06853664260987757,0.06853664260987757,2559.0,2559.0,2559.0,0.0,0.0,0.0,1.0,1.0,1.0,53.13744219953078,53.13744219953078,53.13744219953078,0.569678125264749,0.569678125264749,0.569678125264749,0.2,0.2,0.2,4.469199168818324,4.469199168818324,4.469199168818324,1,-46.75082483546223,-46.75082483546223,-46.75082483546223,-19.822721479597142,-19.822721479597142,-19.822721479597142,-0.0020000000000000005,-0.0020000000000000005,-0.0020000000000000005,-4.324200208112598,-4.324200208112598,-4.324200208112598,-37.40999999999997,-37.40999999999997,-37.40999999999997,0.0019027319687269992,0.0019027319687269992,0.0019027319687269992,6.8,6.8,6.8,0.0,0.0,0.0,,0.7998058999939687,0.7998058999939687,0.7998058999939687,21.0,21.0,21.0,21.0,21.0,21.0,3567.8,3567.8,3567.8,20.467187365229318,20.467187365229318,20.467187365229318,140.9799999999978,140.9799999999978,140.9799999999978,reward,53.13744219953078,53.13744219953078,53.13744219953078,0.9823828124999998,0.9823828124999998,0.9823828124999998,0.971847655987367,0.971847655987367,0.971847655987367,288.2800026893616,288.2800026893616,288.2800026893616,maddpg_train_eval,False,,5.965552971501291,5.965552971501291,5.965552971501291,16.52109375,16.52109375,16.52109375,0.790371989366811,0.790371989366811,0.790371989366811,0.20921806071490412,0.20921806071490412,0.20921806071490412,0.998097268031273,0.998097268031273,0.998097268031273,0.998097268031273,0.998097268031273,0.998097268031273,0.7888792073163688,0.7888792073163688,0.7888792073163688,3696.8419122776495,3696.8419122776495,3696.8419122776495,159.0,159.0,159.0,3574.6,3574.6,3574.6,10240.0,10240.0,10240.0,/home/pjpjq/LEO_switch/results/multiseed_0907/seed46/u20/learned_baselines/maddpg/training_history.json,/home/pjpjq/LEO_switch/results/multiseed_0907/seed46/u20/learned_baselines/maddpg/maddpg_model.pt,150000.0,150000.0,150000.0,/home/pjpjq/LEO_switch/results/multiseed_0907/seed46/u20/learned_baselines/maddpg/maddpg_training.log,53.13744219953078,53.13744219953078,53.13744219953078,,,,
20,min_distance,Min-Distance,1,0.3255934306374652,0.3255934306374652,0.3255934306374652,0.2920510810932068,0.2920510810932068,0.2920510810932068,3.544458664161912,3.544458664161912,3.544458664161912,0.3255934306374652,0.3255934306374652,0.3255934306374652,2.270076615295868,2.270076615295868,2.270076615295868,1,0.0158984375,0.0158984375,0.0158984375,162.8,162.8,162.8,2531.4,2531.4,2531.4,0.29015572103203774,0.29015572103203774,0.29015572103203774,1037.2,1037.2,1037.2,1.3493120752457508,1.3493120752457508,1.3493120752457508,1.9022773698890083,1.9022773698890083,1.9022773698890083,1,5.0,5.0,5.0,0.2,0.2,0.2,0.2,0.2,0.2,0.08244479773891539,0.08244479773891539,0.08244479773891539,0.2,0.2,0.2,0.0037109375,0.0037109375,0.0037109375,34.6,34.6,34.6,34.4,34.4,34.4,0.006666666666666666,0.006666666666666666,0.006666666666666666,0.0033593750000000004,0.0033593750000000004,0.0033593750000000004,22.68000090122223,22.68000090122223,22.68000090122223,0.0,0.0,0.0,0.9933333333333334,0.9933333333333334,0.9933333333333334,0.2015625,0.2015625,0.2015625,False,0.5755779042554738,0.5755779042554738,0.5755779042554738,0.3255934306374652,0.3255934306374652,0.3255934306374652,0.12718955785678177,0.12718955785678177,0.12718955785678177,2560.0,2560.0,2560.0,0.0,0.0,0.0,1.0,1.0,1.0,24.411716155611067,24.411716155611067,24.411716155611067,0.3255934306374652,0.3255934306374652,0.3255934306374652,0.2,0.2,0.2,4.605977211642776,4.605977211642776,4.605977211642776,1,-42.32815734785623,-42.32815734785623,-42.32815734785623,-19.91072027911261,-19.91072027911261,-19.91072027911261,-0.0020000000000000005,-0.0020000000000000005,-0.0020000000000000005,-2.782200105302036,-2.782200105302036,-2.782200105302036,-51.869999999999195,-51.869999999999195,-51.869999999999195,0.0016280475695121832,0.0016280475695121832,0.0016280475695121832,5.8,5.8,5.8,0.0,0.0,0.0,,0.5755779042554738,0.5755779042554738,0.5755779042554738,3.4,3.4,3.4,3.4,3.4,3.4,3568.8,3568.8,3568.8,14.73479434894021,14.73479434894021,14.73479434894021,126.569999999995,126.569999999995,126.569999999995,reward,24.411716155611067,24.411716155611067,24.411716155611067,0.9841015625,0.9841015625,0.9841015625,0.9818867187364958,0.9818867187364958,0.9818867187364958,185.48000013828278,185.48000013828278,185.48000013828278,heuristic_eval,False,,3.731306755406094,3.731306755406094,3.731306755406094,14.832421875,14.832421875,14.832421875,0.7093110169499005,0.7093110169499005,0.7093110169499005,0.2902111073516168,0.2902111073516168,0.2902111073516168,0.9983719524304877,0.9983719524304877,0.9983719524304877,0.9983719524304877,0.9983719524304877,0.9983719524304877,0.708160845078871,0.708160845078871,0.708160845078871,4815.424934137036,4815.424934137036,4815.424934137036,34.6,34.6,34.6,3574.6,3574.6,3574.6,10240.0,10240.0,10240.0,,,,,,,,,,min_distance(best_offload=1.00),1.0,1.0,1.0
20,full_local,Full-Local,1,1.0,1.0,1.0,0.0,0.0,0.0,5.375749639807349,5.375749639807349,5.375749639807349,1.0,1.0,1.0,2.229215025292247,2.229215025292247,2.229215025292247,1,0.7266015625,0.7266015625,0.7266015625,7440.4,7440.4,7440.4,1800.6,1800.6,1800.6,0.49618633923064187,0.49618633923064187,0.49618633923064187,1774.0,1774.0,1774.0,2.0957285248679396,2.0957285248679396,2.0957285248679396,4.160497159276318,4.160497159276318,4.160497159276318,1,5.0,5.0,5.0,0.0,0.0,0.0,0.0,0.0,0.0,1.0,1.0,1.0,0.0,0.0,0.0,0.0,0.0,0.0,0.0,0.0,0.0,0.0,0.0,0.0,0.0,0.0,0.0,0.0,0.0,0.0,0.0,0.0,0.0,0.0,0.0,0.0,0.0,0.0,0.0,0.0,0.0,0.0,False,0.0,0.0,0.0,1.0,1.0,1.0,0.0,0.0,0.0,0.0,0.0,0.0,1.0,1.0,1.0,0.0,0.0,0.0,-159.9866855757078,-159.9866855757078,-159.9866855757078,1.0,1.0,1.0,0.0,0.0,0.0,5.375795910742814,5.375795910742814,5.375795910742814,1,-29.00297127681366,-29.00297127681366,-29.00297127681366,-20.70770959910842,-20.70770959910842,-20.70770959910842,0.0,0.0,0.0,-111.6060132458806,-111.6060132458806,-111.6060132458806,-88.6999999999971,-88.6999999999971,-88.6999999999971,0.0,0.0,0.0,0.0,0.0,0.0,0.0,0.0,0.0,,0.0,0.0,0.0,0.0,0.0,0.0,0.0,0.0,0.0,3574.6,3574.6,3574.6,0.0,0.0,0.0,90.02999999999705,90.02999999999705,90.02999999999705,reward,-159.9866855757078,-159.9866855757078,-159.9866855757078,0.27339843750000004,0.27339843750000004,0.27339843750000004,0.27339843750000004,0.27339843750000004,0.27339843750000004,7440.4,7440.4,7440.4,heuristic_eval,False,,23.989012060068866,23.989012060068866,23.989012060068866,10.550390625,10.550390625,10.550390625,0.5038136607693582,0.5038136607693582,0.5038136607693582,0.49618633923064187,0.49618633923064187,0.49618633923064187,1.0,1.0,1.0,1.0,1.0,1.0,0.5038136607693582,0.5038136607693582,0.5038136607693582,7491.391184992937,7491.391184992937,7491.391184992937,0.0,0.0,0.0,3574.6,3574.6,3574.6,10240.0,10240.0,10240.0,,,,,,,,,,,,,
25,han_pdqn,HAN+PDQN,1,0.553258046586317,0.553258046586317,0.553258046586317,0.5135097672766842,0.5135097672766842,0.5135097672766842,1.8864546927708108,1.8864546927708108,1.8864546927708108,0.553258046586317,0.553258046586317,0.553258046586317,1.7187271322430955,1.7187271322430955,1.7187271322430955,1,0.015609375,0.015609375,0.015609375,199.8,199.8,199.8,4188.8,4188.8,4188.8,0.06040891871165717,0.06040891871165717,0.06040891871165717,269.4,269.4,269.4,1.0733136485499133,1.0733136485499133,1.0733136485499133,1.142548118526562,1.142548118526562,1.142548118526562,1,5.0,5.0,5.0,0.0,0.0,0.0,0.8,0.8,0.8,0.11156483104544661,0.11156483104544661,0.11156483104544661,0.0,0.0,0.0,0.008875,0.008875,0.008875,101.0,101.0,101.0,101.0,101.0,101.0,0.0,0.0,0.0,0.007890625000000002,0.007890625000000002,0.007890625000000002,68.1600026845932,68.1600026845932,68.1600026845932,0.0,0.0,0.0,1.0,1.0,1.0,0.4734375,0.4734375,0.4734375,True,0.6853308454134048,0.6853308454134048,0.6853308454134048,0.553258046586317,0.553258046586317,0.553258046586317,0.07190401401678122,0.07190401401678122,0.07190401401678122,2446.0,2446.0,2446.0,0.49709375,0.49709375,0.49709375,0.4810021221637726,0.4810021221637726,0.4810021221637726,99.014960534274,99.014960534274,99.014960534274,0.553258046586317,0.553258046586317,0.553258046586317,0.0,0.0,0.0,3.9817512024861066,3.9817512024861066,3.9817512024861066,1,-42.14160988919051,-42.14160988919051,-42.14160988919051,-29.148974585611267,-29.148974585611267,-29.148974585611267,0.0,0.0,0.0,-3.2155200921930374,-3.2155200921930374,-3.2155200921930374,-10.80799999999994,-10.80799999999994,-10.80799999999994,0.0006272607569461945,0.0006272607569461945,0.0006272607569461945,2.8,2.8,2.8,5.0,5.0,5.0,Successful-Task Delay | Task Success | Deadline Violation | Successful Task Throughput | Energy per Successful Task,0.6853308454134048,0.6853308454134048,0.6853308454134048,12.6,12.6,12.6,12.6,12.6,12.6,4459.0,4459.0,4459.0,16.777065452947124,16.777065452947124,16.777065452947124,167.55200000000096,167.55200000000096,167.55200000000096,reward,99.014960534274,99.014960534274,99.014960534274,0.984390625,0.984390625,0.984390625,0.9790656248796731,0.9790656248796731,0.9790656248796731,267.960001540184,267.960001540184,267.960001540184,checkpoint_eval,True,han_pdqn_multiuser_u25,5.504518820571001,5.504518820571001,5.504518820571001,19.634999999999998,19.634999999999998,19.634999999999998,0.939374863941743,0.939374863941743,0.939374863941743,0.06058760163510661,0.06058760163510661,0.06058760163510661,0.9993727392430539,0.9993727392430539,0.9993727392430539,0.9993727392430539,0.9993727392430539,0.9993727392430539,0.9387851376079472,0.9387851376079472,0.9387851376079472,4785.905558884063,4785.905558884063,4785.905558884063,101.0,101.0,101.0,4461.8,4461.8,4461.8,12800.0,12800.0,12800.0,/home/pjpjq/LEO_switch/results/multiseed_0907/seed46/u25/learned_baselines/han_pdqn/training_history.json,,,,,,,,,,,,
25,pdqn,PDQN,1,0.4674201288712106,0.4674201288712106,0.4674201288712106,0.31474407430802354,0.31474407430802354,0.31474407430802354,1.9212273675692697,1.9212273675692697,1.9212273675692697,0.4674201288712106,0.4674201288712106,0.4674201288712106,1.7305179325661428,1.7305179325661428,1.7305179325661428,1,0.016515625,0.016515625,0.016515625,211.4,211.4,211.4,4152.4,4152.4,4152.4,0.06820622073036492,0.06820622073036492,0.06820622073036492,304.2,304.2,304.2,1.1186029013425967,1.1186029013425967,1.1186029013425967,1.2010892245270453,1.2010892245270453,1.2010892245270453,1,5.0,5.0,5.0,63.0,63.0,63.0,2.0,2.0,2.0,0.15353412325563032,0.15353412325563032,0.15353412325563032,63.0,63.0,63.0,0.016125,0.016125,0.016125,187.0,187.0,187.0,124.0,124.0,124.0,0.3425669349119978,0.3425669349119978,0.3425669349119978,0.0096875,0.0096875,0.0096875,86.04000320434571,86.04000320434571,86.04000320434571,62.4,62.4,62.4,0.6574330650880023,0.6574330650880023,0.6574330650880023,0.58125,0.58125,0.58125,False,0.6129836519455965,0.6129836519455965,0.6129836519455965,0.4674201288712106,0.4674201288712106,0.4674201288712106,0.09073404757274044,0.09073404757274044,0.09073404757274044,2153.0,2153.0,2153.0,0.489875,0.489875,0.489875,0.49622729420661926,0.49622729420661926,0.49622729420661926,90.39451961416344,90.39451961416344,90.39451961416344,0.4674201288712106,0.4674201288712106,0.4674201288712106,0.6,0.6,0.6,3.966357559987793,3.966357559987793,3.966357559987793,1,-42.430121261687475,-42.430121261687475,-42.430121261687475,-30.198286014664195,-30.198286014664195,-30.198286014664195,-0.5040000000000003,-0.5040000000000003,-0.5040000000000003,-3.5692801060155035,-3.5692801060155035,-3.5692801060155035,-12.247999999999916,-12.247999999999916,-12.247999999999916,0.0007173353863788371,0.0007173353863788371,0.0007173353863788371,3.2,3.2,3.2,1.0,1.0,1.0,P95 Successful-Task Delay,0.6129836519455965,0.6129836519455965,0.6129836519455965,19.4,19.4,19.4,19.4,19.4,19.4,4458.6,4458.6,4458.6,13.248207684533304,13.248207684533304,13.248207684533304,166.09600000000123,166.09600000000123,166.09600000000123,reward,90.39451961416344,90.39451961416344,90.39451961416344,0.983484375,0.983484375,0.983484375,0.9767624998409301,0.9767624998409301,0.9767624998409301,297.44000203609465,297.44000203609465,297.44000203609465,pdqn_train_eval,False,,3.0975739568314546,3.0975739568314546,3.0975739568314546,19.464375,19.464375,19.464375,0.9312949553826757,0.9312949553826757,0.9312949553826757,0.06865479084378794,0.06865479084378794,0.06865479084378794,0.9992826646136213,0.9992826646136213,0.9992826646136213,0.9992826646136213,0.9992826646136213,0.9992826646136213,0.9306278737698331,0.9306278737698331,0.9306278737698331,4987.402895926102,4987.402895926102,4987.402895926102,187.0,187.0,187.0,4461.8,4461.8,4461.8,12800.0,12800.0,12800.0,/home/pjpjq/LEO_switch/results/multiseed_0907/seed46/u25/learned_baselines/pdqn/training_history.json,/home/pjpjq/LEO_switch/results/multiseed_0907/seed46/u25/learned_baselines/pdqn/best_model.pt,150000.0,150000.0,150000.0,/home/pjpjq/LEO_switch/results/multiseed_0907/seed46/u25/learned_baselines/pdqn/pdqn_training.log,,,,,,,
25,han_mappo,HAN+MAPPO,1,0.5716627029391576,0.5716627029391576,0.5716627029391576,0.7366099950581295,0.7366099950581295,0.7366099950581295,2.638430406873182,2.638430406873182,2.638430406873182,0.5716627029391576,0.5716627029391576,0.5716627029391576,1.9432891897964162,1.9432891897964162,1.9432891897964162,1,0.017203125,0.017203125,0.017203125,220.2,220.2,220.2,3775.0,3775.0,3775.0,0.15157162169296784,0.15157162169296784,0.15157162169296784,676.0,676.0,676.0,1.3333309106440427,1.3333309106440427,1.3333309106440427,1.5738602749218158,1.5738602749218158,1.5738602749218158,1,5.0,5.0,5.0,0.0,0.0,0.0,5.0,5.0,5.0,0.43086161150677277,0.43086161150677277,0.43086161150677277,0.0,0.0,0.0,0.00471875,0.00471875,0.00471875,34.2,34.2,34.2,34.2,34.2,34.2,0.0,0.0,0.0,0.0026718749999999998,0.0026718749999999998,0.0026718749999999998,36.24000144004822,36.24000144004822,36.24000144004822,0.0,0.0,0.0,1.0,1.0,1.0,0.16031250000000002,0.16031250000000002,0.16031250000000002,False,0.7864240254737582,0.7864240254737582,0.7864240254737582,0.5716627029391576,0.5716627029391576,0.5716627029391576,0.06813441845057011,0.06813441845057011,0.06813441845057011,2557.0,2557.0,2557.0,0.731625,0.731625,0.731625,0.17918603122234344,0.17918603122234344,0.17918603122234344,68.37170995432243,68.37170995432243,68.37170995432243,0.5716627029391576,0.5716627029391576,0.5716627029391576,0.0,0.0,0.0,4.05058578719744,4.05058578719744,4.05058578719744,1,-43.06477853990865,-43.06477853990865,-43.06477853990865,-29.35502221503984,-29.35502221503984,-29.35502221503984,0.0,0.0,0.0,-3.0772800642065703,-3.0772800642065703,-3.0772800642065703,-27.239999999999593,-27.239999999999593,-27.239999999999593,0.0013009545268402394,0.0013009545268402394,0.0013009545268402394,5.8,5.8,5.8,0.0,0.0,0.0,,0.7864240254737582,0.7864240254737582,0.7864240254737582,26.2,26.2,26.2,26.2,26.2,26.2,4456.0,4456.0,4456.0,20.10879005930003,20.10879005930003,20.10879005930003,151.00000000000423,151.00000000000423,151.00000000000423,reward,68.37170995432243,68.37170995432243,68.37170995432243,0.982796875,0.982796875,0.982796875,0.9799656249452381,0.9799656249452381,0.9799656249452381,256.44000070095063,256.44000070095063,256.44000070095063,han_mappo_checkpoint_eval,False,,10.542096745776961,10.542096745776961,10.542096745776961,17.6953125,17.6953125,17.6953125,0.8471068019140233,0.8471068019140233,0.8471068019140233,0.15269002309189977,0.15269002309189977,0.15269002309189977,0.9986990454731597,0.9986990454731597,0.9986990454731597,0.9986990454731597,0.9986990454731597,0.9986990454731597,0.84600902238126,0.84600902238126,0.84600902238126,5941.322537829855,5941.322537829855,5941.322537829855,34.2,34.2,34.2,4461.8,4461.8,4461.8,12800.0,12800.0,12800.0,/home/pjpjq/LEO_switch/results/multiseed_0907/seed46/u25/learned_baselines/han_mappo/training_history.json,/home/pjpjq/LEO_switch/results/multiseed_0907/seed46/u25/learned_baselines/han_mappo/best_model.pt,,,,,,,,,,,
25,mappo_no_han,MAPPO,1,0.5504102743685305,0.5504102743685305,0.5504102743685305,0.7019913707032102,0.7019913707032102,0.7019913707032102,2.6255633304133155,2.6255633304133155,2.6255633304133155,0.5504102743685305,0.5504102743685305,0.5504102743685305,1.9478799008963221,1.9478799008963221,1.9478799008963221,1,0.0164375,0.0164375,0.0164375,210.4,210.4,210.4,3759.6,3759.6,3759.6,0.15486959152980642,0.15486959152980642,0.15486959152980642,690.6,690.6,690.6,1.2914656542324348,1.2914656542324348,1.2914656542324348,1.5304809224032316,1.5304809224032316,1.5304809224032316,1,5.0,5.0,5.0,0.0,0.0,0.0,5.2,5.2,5.2,0.432006414317858,0.432006414317858,0.432006414317858,0.0,0.0,0.0,0.005265625,0.005265625,0.005265625,40.0,40.0,40.0,40.0,40.0,40.0,0.0,0.0,0.0,0.003125,0.003125,0.003125,40.44000155925751,40.44000155925751,40.44000155925751,0.0,0.0,0.0,1.0,1.0,1.0,0.18749999999999994,0.18749999999999994,0.18749999999999994,False,0.770822632150989,0.770822632150989,0.770822632150989,0.5504102743685305,0.5504102743685305,0.5504102743685305,0.07249528287191334,0.07249528287191334,0.07249528287191334,2555.0,2555.0,2555.0,0.768046875,0.768046875,0.768046875,0.17440511286258698,0.17440511286258698,0.17440511286258698,67.91972637402941,67.91972637402941,67.91972637402941,0.5504102743685305,0.5504102743685305,0.5504102743685305,0.0,0.0,0.0,4.157654003134718,4.157654003134718,4.157654003134718,1,-42.73230739499702,-42.73230739499702,-42.73230739499702,-28.585224818526363,-28.585224818526363,-28.585224818526363,0.0,0.0,0.0,-3.0100800630636515,-3.0100800630636515,-3.0100800630636515,-27.831999999999585,-27.831999999999585,-27.831999999999585,0.001435223542553585,0.001435223542553585,0.001435223542553585,6.4,6.4,6.4,0.0,0.0,0.0,,0.770822632150989,0.770822632150989,0.770822632150989,27.4,27.4,27.4,27.4,27.4,27.4,4455.4,4455.4,4455.4,19.695337989019464,19.695337989019464,19.695337989019464,150.38400000000433,150.38400000000433,150.38400000000433,reward,67.91972637402941,67.91972637402941,67.91972637402941,0.9835625,0.9835625,0.9835625,0.9804031249489636,0.9804031249489636,0.9804031249489636,250.8400006532669,250.8400006532669,250.8400006532669,mappo_no_han_checkpoint_eval,False,,10.693832675491505,10.693832675491505,10.693832675491505,17.623124999999998,17.623124999999998,17.623124999999998,0.8437306032765782,0.8437306032765782,0.8437306032765782,0.15603262867282325,0.15603262867282325,0.15603262867282325,0.9985647764574465,0.9985647764574465,0.9985647764574465,0.9985647764574465,0.9985647764574465,0.9985647764574465,0.8425321477846233,0.8425321477846233,0.8425321477846233,5753.99607586719,5753.99607586719,5753.99607586719,40.0,40.0,40.0,4461.8,4461.8,4461.8,12800.0,12800.0,12800.0,/home/pjpjq/LEO_switch/results/multiseed_0907/seed46/u25/learned_baselines/mappo_no_han/training_history.json,/home/pjpjq/LEO_switch/results/multiseed_0907/seed46/u25/learned_baselines/mappo_no_han/best_model.pt,,,,,,,,,,,
25,maddpg,MADDPG,1,0.6285567869408939,0.6285567869408939,0.6285567869408939,0.8544393181694799,0.8544393181694799,0.8544393181694799,3.1755803378570304,3.1755803378570304,3.1755803378570304,0.6285567869408939,0.6285567869408939,0.6285567869408939,2.315628814619218,2.315628814619218,2.315628814619218,1,0.016546875,0.016546875,0.016546875,211.8,211.8,211.8,3320.0,3320.0,3320.0,0.2523541473977199,0.2523541473977199,0.2523541473977199,1125.6,1125.6,1125.6,1.216677311366891,1.216677311366891,1.216677311366891,1.632399824021891,1.632399824021891,1.632399824021891,1,5.0,5.0,5.0,0.2,0.2,0.2,8.8,8.8,8.8,0.3178955082581617,0.3178955082581617,0.3178955082581617,0.2,0.2,0.2,0.008109375,0.008109375,0.008109375,75.0,75.0,75.0,74.8,74.8,74.8,0.002105263157894737,0.002105263157894737,0.002105263157894737,0.00584375,0.00584375,0.00584375,62.16000227928161,62.16000227928161,62.16000227928161,0.0,0.0,0.0,0.9978947368421054,0.9978947368421054,0.9978947368421054,0.350625,0.350625,0.350625,False,0.8468108612602053,0.8468108612602053,0.8468108612602053,0.6285567869408939,0.6285567869408939,0.6285567869408939,0.05702030411798391,0.05702030411798391,0.05702030411798391,2560.0,2560.0,2560.0,0.000125,0.000125,0.000125,0.9998700618743896,0.9998700618743896,0.9998700618743896,40.43791829608672,40.43791829608672,40.43791829608672,0.6285567869408939,0.6285567869408939,0.6285567869408939,0.2,0.2,0.2,4.623798763933016,4.623798763933016,4.623798763933016,1,-44.97852224550675,-44.97852224550675,-44.97852224550675,-20.3967985293392,-20.3967985293392,-20.3967985293392,-0.0016,-0.0016,-0.0016,-3.287520078290254,-3.287520078290254,-3.287520078290254,-45.375999999999216,-45.375999999999216,-45.375999999999216,0.0016582565689545535,0.0016582565689545535,0.0016582565689545535,7.4,7.4,7.4,0.0,0.0,0.0,,0.8468108612602053,0.8468108612602053,0.8468108612602053,28.8,28.8,28.8,28.8,28.8,28.8,4454.4,4454.4,4454.4,21.678358048261295,21.678358048261295,21.678358048261295,132.80000000000777,132.80000000000777,132.80000000000777,reward,40.43791829608672,40.43791829608672,40.43791829608672,0.9834531250000002,0.9834531250000002,0.9834531250000002,0.9785968747884036,0.9785968747884036,0.9785968747884036,273.96000270843507,273.96000270843507,273.96000270843507,maddpg_train_eval,False,,6.790839032787675,6.790839032787675,6.790839032787675,15.5625,15.5625,15.5625,0.7452530577770459,0.7452530577770459,0.7452530577770459,0.2543260682523408,0.2543260682523408,0.2543260682523408,0.9983417434310455,0.9983417434310455,0.9983417434310455,0.9983417434310455,0.9983417434310455,0.9983417434310455,0.7440156751787047,0.7440156751787047,0.7440156751787047,5419.567415752678,5419.567415752678,5419.567415752678,75.0,75.0,75.0,4461.8,4461.8,4461.8,12800.0,12800.0,12800.0,/home/pjpjq/LEO_switch/results/multiseed_0907/seed46/u25/learned_baselines/maddpg/training_history.json,/home/pjpjq/LEO_switch/results/multiseed_0907/seed46/u25/learned_baselines/maddpg/maddpg_model.pt,150000.0,150000.0,150000.0,/home/pjpjq/LEO_switch/results/multiseed_0907/seed46/u25/learned_baselines/maddpg/maddpg_training.log,40.43791829608672,40.43791829608672,40.43791829608672,,,,
25,min_distance,Min-Distance,1,0.344310919794598,0.344310919794598,0.344310919794598,0.3368324863137227,0.3368324863137227,0.3368324863137227,3.7459674237423597,3.7459674237423597,3.7459674237423597,0.344310919794598,0.344310919794598,0.344310919794598,2.268245575115923,2.268245575115923,2.268245575115923,1,0.014593749999999999,0.014593749999999999,0.014593749999999999,186.8,186.8,186.8,3030.2,3030.2,3030.2,0.319697239953062,0.319697239953062,0.319697239953062,1426.2,1426.2,1426.2,1.4719245644183936,1.4719245644183936,1.4719245644183936,2.1650921287458464,2.1650921287458464,2.1650921287458464,1,5.0,5.0,5.0,0.2,0.2,0.2,0.8,0.8,0.8,0.07559288938012342,0.07559288938012342,0.07559288938012342,0.2,0.2,0.2,0.0036875,0.0036875,0.0036875,43.4,43.4,43.4,43.2,43.2,43.2,0.004,0.004,0.004,0.0033750000000000004,0.0033750000000000004,0.0033750000000000004,28.200001120567322,28.200001120567322,28.200001120567322,0.0,0.0,0.0,0.9960000000000001,0.9960000000000001,0.9960000000000001,0.20250000000000004,0.20250000000000004,0.20250000000000004,False,0.5941846216328782,0.5941846216328782,0.5941846216328782,0.344310919794598,0.344310919794598,0.344310919794598,0.12193776576359043,0.12193776576359043,0.12193776576359043,2560.0,2560.0,2560.0,0.0,0.0,0.0,1.0,1.0,1.0,16.152706685439625,16.152706685439625,16.152706685439625,0.344310919794598,0.344310919794598,0.344310919794598,0.2,0.2,0.2,4.72051008674193,4.72051008674193,4.72051008674193,1,-40.13223412095026,-40.13223412095026,-40.13223412095026,-20.472584044761412,-20.472584044761412,-20.472584044761412,-0.0016,-0.0016,-0.0016,-2.580000063497573,-2.580000063497573,-2.580000063497573,-57.07999999999896,-57.07999999999896,-57.07999999999896,0.0010320352622055398,0.0010320352622055398,0.0010320352622055398,4.6,4.6,4.6,0.0,0.0,0.0,,0.5941846216328782,0.5941846216328782,0.5941846216328782,3.8,3.8,3.8,3.8,3.8,3.8,4457.2,4457.2,4457.2,15.211126313801762,15.211126313801762,15.211126313801762,121.20800000000774,121.20800000000774,121.20800000000774,reward,16.152706685439625,16.152706685439625,16.152706685439625,0.9854062500000002,0.9854062500000002,0.9854062500000002,0.9832031250093133,0.9832031250093133,0.9832031250093133,214.9999998807907,214.9999998807907,214.9999998807907,heuristic_eval,False,,4.059034104409781,4.059034104409781,4.059034104409781,14.204062500000001,14.204062500000001,14.204062500000001,0.6797912975870761,0.6797912975870761,0.6797912975870761,0.31987673681017137,0.31987673681017137,0.31987673681017137,0.9989679647377944,0.9989679647377944,0.9989679647377944,0.9989679647377944,0.9989679647377944,0.9989679647377944,0.6790912279276231,0.6790912279276231,0.6790912279276231,6560.662168525663,6560.662168525663,6560.662168525663,43.4,43.4,43.4,4461.8,4461.8,4461.8,12800.0,12800.0,12800.0,,,,,,,,,,min_distance(best_offload=1.00),1.0,1.0,1.0
25,full_local,Full-Local,1,1.0,1.0,1.0,0.0,0.0,0.0,5.344440992270467,5.344440992270467,5.344440992270467,1.0,1.0,1.0,2.2221501289958874,2.2221501289958874,2.2221501289958874,1,0.727796875,0.727796875,0.727796875,9315.8,9315.8,9315.8,2250.2,2250.2,2250.2,0.4956665992359316,0.4956665992359316,0.4956665992359316,2211.6,2211.6,2211.6,2.102186223794508,2.102186223794508,2.102186223794508,4.168311480457887,4.168311480457887,4.168311480457887,1,5.0,5.0,5.0,0.0,0.0,0.0,0.0,0.0,0.0,1.0,1.0,1.0,0.0,0.0,0.0,0.0,0.0,0.0,0.0,0.0,0.0,0.0,0.0,0.0,0.0,0.0,0.0,0.0,0.0,0.0,0.0,0.0,0.0,0.0,0.0,0.0,0.0,0.0,0.0,0.0,0.0,0.0,False,0.0,0.0,0.0,1.0,1.0,1.0,0.0,0.0,0.0,0.0,0.0,0.0,1.0,1.0,1.0,0.0,0.0,0.0,-159.8517329014663,-159.8517329014663,-159.8517329014663,1.0,1.0,1.0,0.0,0.0,0.0,5.374536815809079,5.374536815809079,5.374536815809079,1,-28.89759186794087,-28.89759186794087,-28.89759186794087,-20.708541732205106,-20.708541732205106,-20.708541732205106,0.0,0.0,0.0,-111.7896047424525,-111.7896047424525,-111.7896047424525,-88.46400000000263,-88.46400000000263,-88.46400000000263,0.0,0.0,0.0,0.0,0.0,0.0,0.0,0.0,0.0,,0.0,0.0,0.0,0.0,0.0,0.0,0.0,0.0,0.0,4461.8,4461.8,4461.8,0.0,0.0,0.0,90.00800000000287,90.00800000000287,90.00800000000287,reward,-159.8517329014663,-159.8517329014663,-159.8517329014663,0.272203125,0.272203125,0.272203125,0.272203125,0.272203125,0.272203125,9315.8,9315.8,9315.8,heuristic_eval,False,,24.4640438549556,24.4640438549556,24.4640438549556,10.547812500000001,10.547812500000001,10.547812500000001,0.5043334007640683,0.5043334007640683,0.5043334007640683,0.4956665992359316,0.4956665992359316,0.4956665992359316,1.0,1.0,1.0,1.0,1.0,1.0,0.5043334007640683,0.5043334007640683,0.5043334007640683,9379.534493326337,9379.534493326337,9379.534493326337,0.0,0.0,0.0,4461.8,4461.8,4461.8,12800.0,12800.0,12800.0,,,,,,,,,,,,,
30,han_pdqn,HAN+PDQN,1,0.5595909517904412,0.5595909517904412,0.5595909517904412,0.501530517776456,0.501530517776456,0.501530517776456,1.9939308750287907,1.9939308750287907,1.9939308750287907,0.5595909517904412,0.5595909517904412,0.5595909517904412,1.7767167679842089,1.7767167679842089,1.7767167679842089,1,0.014947916666666667,0.014947916666666667,0.014947916666666667,229.6,229.6,229.6,4948.4,4948.4,4948.4,0.07406221226953813,0.07406221226953813,0.07406221226953813,396.0,396.0,396.0,1.191890744482495,1.191890744482495,1.191890744482495,1.2875136984796558,1.2875136984796558,1.2875136984796558,1,5.0,5.0,5.0,0.0,0.0,0.0,1.0,1.0,1.0,0.10143707036918706,0.10143707036918706,0.10143707036918706,0.0,0.0,0.0,0.010026041666666667,0.010026041666666667,0.010026041666666667,140.0,140.0,140.0,140.0,140.0,140.0,0.0,0.0,0.0,0.009114583333333334,0.009114583333333334,0.009114583333333334,92.40000329017639,92.40000329017639,92.40000329017639,0.0,0.0,0.0,1.0,1.0,1.0,0.546875,0.546875,0.546875,True,0.682851593014396,0.682851593014396,0.682851593014396,0.5595909517904412,0.5595909517904412,0.5595909517904412,0.07059688434713612,0.07059688434713612,0.07059688434713612,2398.0,2398.0,2398.0,0.533671875,0.533671875,0.533671875,0.4556630551815033,0.4556630551815033,0.4556630551815033,91.54019233884756,91.54019233884756,91.54019233884756,0.5595909517904412,0.5595909517904412,0.5595909517904412,0.0,0.0,0.0,4.09372722249437,4.09372722249437,4.09372722249437,1,-42.959190083812416,-42.959190083812416,-42.959190083812416,-30.387532834848436,-30.387532834848436,-30.387532834848436,0.0,0.0,0.0,-3.220000121742487,-3.220000121742487,-3.220000121742487,-13.233333333333306,-13.233333333333306,-13.233333333333306,0.00048608308578151763,0.00048608308578151763,0.00048608308578151763,2.6,2.6,2.6,6.0,6.0,6.0,Successful-Task Delay | P95 Successful-Task Delay | Task Success | Deadline Violation | Successful Task Throughput | Energy per Successful Task,0.682851593014396,0.682851593014396,0.682851593014396,14.0,14.0,14.0,14.0,14.0,14.0,5345.4,5345.4,5345.4,16.39357859985196,16.39357859985196,16.39357859985196,164.94666666665987,164.94666666665987,164.94666666665987,reward,91.54019233884756,91.54019233884756,91.54019233884756,0.9850520833333333,0.9850520833333333,0.9850520833333333,0.9790364582060527,0.9790364582060527,0.9790364582060527,322.00000195503236,322.00000195503236,322.00000195503236,checkpoint_eval,True,han_pdqn_multiuser_u30,4.926511929785403,4.926511929785403,4.926511929785403,19.3296875,19.3296875,19.3296875,0.9257143198904331,0.9257143198904331,0.9257143198904331,0.07424915801433916,0.07424915801433916,0.07424915801433916,0.9995139169142184,0.9995139169142184,0.9995139169142184,0.9995139169142184,0.9995139169142184,0.9995139169142184,0.9252647588998795,0.9252647588998795,0.9252647588998795,6371.132785556729,6371.132785556729,6371.132785556729,140.0,140.0,140.0,5348.0,5348.0,5348.0,15360.0,15360.0,15360.0,/home/pjpjq/LEO_switch/results/multiseed_0907/seed46/u30/learned_baselines/han_pdqn/training_history.json,,,,,,,,,,,,
30,pdqn,PDQN,1,0.39559234420902845,0.39559234420902845,0.39559234420902845,0.38499727904538006,0.38499727904538006,0.38499727904538006,2.1215192635234956,2.1215192635234956,2.1215192635234956,0.39559234420902845,0.39559234420902845,0.39559234420902845,1.8275237727167544,1.8275237727167544,1.8275237727167544,1,0.016171875,0.016171875,0.016171875,248.4,248.4,248.4,4831.6,4831.6,4831.6,0.09537752436115624,0.09537752436115624,0.09537752436115624,510.0,510.0,510.0,1.1985126979543217,1.1985126979543217,1.1985126979543217,1.3254187117537735,1.3254187117537735,1.3254187117537735,1,5.0,5.0,5.0,87.8,87.8,87.8,1.6,1.6,1.6,0.18060555555555557,0.18060555555555557,0.18060555555555557,87.8,87.8,87.8,0.017890625,0.017890625,0.017890625,245.0,245.0,245.0,157.2,157.2,157.2,0.3823484374265297,0.3823484374265297,0.3823484374265297,0.010234375,0.010234375,0.010234375,111.96000413894653,111.96000413894653,111.96000413894653,87.8,87.8,87.8,0.6176515625734703,0.6176515625734703,0.6176515625734703,0.6140625,0.6140625,0.6140625,False,0.6187194663427594,0.6187194663427594,0.6187194663427594,0.39559234420902845,0.39559234420902845,0.39559234420902845,0.10827081029409204,0.10827081029409204,0.10827081029409204,2405.0,2405.0,2405.0,0.45868489583333333,0.45868489583333333,0.45868489583333333,0.5279840230941772,0.5279840230941772,0.5279840230941772,81.35540056280442,81.35540056280442,81.35540056280442,0.39559234420902845,0.39559234420902845,0.39559234420902845,0.4,0.4,0.4,4.185707659019962,4.185707659019962,4.185707659019962,1,-43.10790913349016,-43.10790913349016,-43.10790913349016,-30.245178698701345,-30.245178698701345,-30.245178698701345,-0.5880000000000003,-0.5880000000000003,-0.5880000000000003,-3.6036001382395626,-3.6036001382395626,-3.6036001382395626,-17.0533333333334,-17.0533333333334,-17.0533333333334,0.0008970005576544949,0.0008970005576544949,0.0008970005576544949,4.8,4.8,4.8,0.0,0.0,0.0,,0.6187194663427594,0.6187194663427594,0.6187194663427594,29.8,29.8,29.8,29.4,29.4,29.4,5343.2,5343.2,5343.2,14.900086102910947,14.900086102910947,14.900086102910947,161.05333333332675,161.05333333332675,161.05333333332675,reward,81.35540056280442,81.35540056280442,81.35540056280442,0.9838281249999999,0.9838281249999999,0.9838281249999999,0.9765390624090408,0.9765390624090408,0.9765390624090408,360.36000139713286,360.36000139713286,360.36000139713286,pdqn_train_eval,False,,5.632182252325181,5.632182252325181,5.632182252325181,18.8734375,18.8734375,18.8734375,0.9042388917601871,0.9042388917601871,0.9042388917601871,0.09567684404223657,0.09567684404223657,0.09567684404223657,0.9991029994423455,0.9991029994423455,0.9991029994423455,0.9991029994423455,0.9991029994423455,0.9991029994423455,0.903426155400109,0.903426155400109,0.903426155400109,6403.893047709532,6403.893047709532,6403.893047709532,245.0,245.0,245.0,5348.0,5348.0,5348.0,15360.0,15360.0,15360.0,/home/pjpjq/LEO_switch/results/multiseed_0907/seed46/u30/learned_baselines/pdqn/training_history.json,/home/pjpjq/LEO_switch/results/multiseed_0907/seed46/u30/learned_baselines/pdqn/best_model.pt,150000.0,150000.0,150000.0,/home/pjpjq/LEO_switch/results/multiseed_0907/seed46/u30/learned_baselines/pdqn/pdqn_training.log,,,,,,,
30,han_mappo,HAN+MAPPO,1,0.6462447758305646,0.6462447758305646,0.6462447758305646,0.8744830171706381,0.8744830171706381,0.8744830171706381,2.9626253497418915,2.9626253497418915,2.9626253497418915,0.6462447758305646,0.6462447758305646,0.6462447758305646,2.087740470401157,2.087740470401157,2.087740470401157,1,0.015950520833333332,0.015950520833333332,0.015950520833333332,245.0,245.0,245.0,4309.4,4309.4,4309.4,0.19164080118103452,0.19164080118103452,0.19164080118103452,1024.8,1024.8,1024.8,1.404659674791429,1.404659674791429,1.404659674791429,1.740781885921731,1.740781885921731,1.740781885921731,1,5.0,5.0,5.0,0.2,0.2,0.2,6.4,6.4,6.4,0.36036208686947774,0.36036208686947774,0.36036208686947774,0.2,0.2,0.2,0.0060416666666666665,0.0060416666666666665,0.0060416666666666665,59.6,59.6,59.6,59.4,59.4,59.4,0.0027777777777777775,0.0027777777777777775,0.0027777777777777775,0.0038671875,0.0038671875,0.0038671875,55.5600022315979,55.5600022315979,55.5600022315979,0.0,0.0,0.0,0.9972222222222221,0.9972222222222221,0.9972222222222221,0.23203125,0.23203125,0.23203125,False,0.8583940421304984,0.8583940421304984,0.8583940421304984,0.6462447758305646,0.6462447758305646,0.6462447758305646,0.053721540891596524,0.053721540891596524,0.053721540891596524,2559.0,2559.0,2559.0,0.6960546875,0.6960546875,0.6960546875,0.22129033505916595,0.22129033505916595,0.22129033505916595,57.002596148339215,57.002596148339215,57.002596148339215,0.6462447758305646,0.6462447758305646,0.6462447758305646,0.2,0.2,0.2,4.3606199212133365,4.3606199212133365,4.3606199212133365,1,-43.510917755881934,-43.510917755881934,-43.510917755881934,-27.71857911538557,-27.71857911538557,-27.71857911538557,-0.0013333333333333335,-0.0013333333333333335,-0.0013333333333333335,-3.005600120127201,-3.005600120127201,-3.005600120127201,-34.37333333333372,-34.37333333333372,-34.37333333333372,0.0013840478299506857,0.0013840478299506857,0.0013840478299506857,7.4,7.4,7.4,0.0,0.0,0.0,,0.8583940421304984,0.8583940421304984,0.8583940421304984,33.2,33.2,33.2,33.2,33.2,33.2,5340.6,5340.6,5340.6,21.965690514252344,21.965690514252344,21.965690514252344,143.64666666666108,143.64666666666108,143.64666666666108,reward,57.002596148339215,57.002596148339215,57.002596148339215,0.9840494791666666,0.9840494791666666,0.9840494791666666,0.9804322915803642,0.9804322915803642,0.9804322915803642,300.5600013256073,300.5600013256073,300.5600013256073,han_mappo_train_eval,False,,10.34074654230585,10.34074654230585,10.34074654230585,16.83359375,16.83359375,16.83359375,0.8068991393594013,0.8068991393594013,0.8068991393594013,0.19283722534951958,0.19283722534951958,0.19283722534951958,0.9986159521700493,0.9986159521700493,0.9986159521700493,0.9986159521700493,0.9986159521700493,0.9986159521700493,0.8057787268205298,0.8057787268205298,0.8057787268205298,7501.725459191107,7501.725459191107,7501.725459191107,59.6,59.6,59.6,5348.0,5348.0,5348.0,15360.0,15360.0,15360.0,/home/pjpjq/LEO_switch/results/multiseed_0907/seed46/u30/learned_baselines/han_mappo/training_history.json,/home/pjpjq/LEO_switch/results/multiseed_0907/seed46/u30/learned_baselines/han_mappo/best_model.pt,150000.0,150000.0,150000.0,,,,,,,,
30,mappo_no_han,MAPPO,1,0.5791783432320539,0.5791783432320539,0.5791783432320539,0.7826251521630888,0.7826251521630888,0.7826251521630888,2.965265664966487,2.965265664966487,2.965265664966487,0.5791783432320539,0.5791783432320539,0.5791783432320539,2.0487140424236943,2.0487140424236943,2.0487140424236943,1,0.015833333333333335,0.015833333333333335,0.015833333333333335,243.2,243.2,243.2,4274.6,4274.6,4274.6,0.1981291742012176,0.1981291742012176,0.1981291742012176,1059.6,1059.6,1059.6,1.3767287568590083,1.3767287568590083,1.3767287568590083,1.7199286266266962,1.7199286266266962,1.7199286266266962,1,5.0,5.0,5.0,0.0,0.0,0.0,6.0,6.0,6.0,0.4022150757579232,0.4022150757579232,0.4022150757579232,0.0,0.0,0.0,0.0057421875,0.0057421875,0.0057421875,53.2,53.2,53.2,53.2,53.2,53.2,0.0,0.0,0.0,0.003463541666666667,0.003463541666666667,0.003463541666666667,52.92000133991242,52.92000133991242,52.92000133991242,0.0,0.0,0.0,1.0,1.0,1.0,0.2078125,0.2078125,0.2078125,False,0.8112611586276701,0.8112611586276701,0.8112611586276701,0.5791783432320539,0.5791783432320539,0.5791783432320539,0.06662035016049296,0.06662035016049296,0.06662035016049296,2559.0,2559.0,2559.0,0.7527994791666667,0.7527994791666667,0.7527994791666667,0.19688710570335388,0.19688710570335388,0.19688710570335388,55.46281039876631,55.46281039876631,55.46281039876631,0.5791783432320539,0.5791783432320539,0.5791783432320539,0.0,0.0,0.0,4.340781806514765,4.340781806514765,4.340781806514765,1,-42.34879012872251,-42.34879012872251,-42.34879012872251,-26.9535325643614,-26.9535325643614,-26.9535325643614,0.0,0.0,0.0,-2.96120012383908,-2.96120012383908,-2.96120012383908,-35.52000000000036,-35.52000000000036,-35.52000000000036,0.0014592338845396454,0.0014592338845396454,0.0014592338845396454,7.8,7.8,7.8,0.0,0.0,0.0,,0.8112611586276701,0.8112611586276701,0.8112611586276701,35.0,35.0,35.0,35.0,35.0,35.0,5340.2,5340.2,5340.2,20.75966380292564,20.75966380292564,20.75966380292564,142.48666666666116,142.48666666666116,142.48666666666116,reward,55.46281039876631,55.46281039876631,55.46281039876631,0.9841666666666666,0.9841666666666666,0.9841666666666666,0.9807213541415211,0.9807213541415211,0.9807213541415211,296.1200003862381,296.1200003862381,296.1200003862381,mappo_no_han_train_eval,False,,9.513819276778648,9.513819276778648,9.513819276778648,16.69765625,16.69765625,16.69765625,0.800464439830804,0.800464439830804,0.800464439830804,0.1992504203192267,0.1992504203192267,0.1992504203192267,0.9985407661154604,0.9985407661154604,0.9985407661154604,0.9985407661154604,0.9985407661154604,0.9985407661154604,0.7992903457962337,0.7992903457962337,0.7992903457962337,7352.006907378476,7352.006907378476,7352.006907378476,53.2,53.2,53.2,5348.0,5348.0,5348.0,15360.0,15360.0,15360.0,/home/pjpjq/LEO_switch/results/multiseed_0907/seed46/u30/learned_baselines/mappo_no_han/training_history.json,/home/pjpjq/LEO_switch/results/multiseed_0907/seed46/u30/learned_baselines/mappo_no_han/best_model.pt,150000.0,150000.0,150000.0,,,,,,,,
30,maddpg,MADDPG,1,0.638664418323971,0.638664418323971,0.638664418323971,0.8453900452694704,0.8453900452694704,0.8453900452694704,3.5088176994201583,3.5088176994201583,3.5088176994201583,0.638664418323971,0.638664418323971,0.638664418323971,2.318749816874652,2.318749816874652,2.318749816874652,1,0.015546875000000002,0.015546875000000002,0.015546875000000002,238.8,238.8,238.8,3796.2,3796.2,3796.2,0.28760763069919537,0.28760763069919537,0.28760763069919537,1538.0,1538.0,1538.0,1.3638701324640108,1.3638701324640108,1.3638701324640108,1.9190179457202643,1.9190179457202643,1.9190179457202643,1,5.0,5.0,5.0,0.8,0.8,0.8,7.2,7.2,7.2,0.34649307191418754,0.34649307191418754,0.34649307191418754,0.8,0.8,0.8,0.0120703125,0.0120703125,0.0120703125,154.8,154.8,154.8,154.0,154.0,154.0,0.001340033500837521,0.001340033500837521,0.001340033500837521,0.010026041666666666,0.010026041666666666,0.010026041666666666,110.76000151634216,110.76000151634216,110.76000151634216,0.0,0.0,0.0,0.9986599664991624,0.9986599664991624,0.9986599664991624,0.6015625,0.6015625,0.6015625,False,0.8492762219128807,0.8492762219128807,0.8492762219128807,0.638664418323971,0.638664418323971,0.638664418323971,0.05512653744651447,0.05512653744651447,0.05512653744651447,2560.0,2560.0,2560.0,0.0,0.0,0.0,1.0,1.0,1.0,29.843534061929677,29.843534061929677,29.843534061929677,0.638664418323971,0.638664418323971,0.638664418323971,0.8,0.8,0.8,4.745140038421584,4.745140038421584,4.745140038421584,1,-42.79672909201236,-42.79672909201236,-42.79672909201236,-20.63360979120833,-20.63360979120833,-20.63360979120833,-0.005333333333333334,-0.005333333333333334,-0.005333333333333334,-3.495600152015686,-3.495600152015686,-3.495600152015686,-51.506666666666305,-51.506666666666305,-51.506666666666305,0.0012345634996753947,0.0012345634996753947,0.0012345634996753947,6.6,6.6,6.6,0.0,0.0,0.0,,0.8492762219128807,0.8492762219128807,0.8492762219128807,30.6,30.6,30.6,30.6,30.6,30.6,5341.4,5341.4,5341.4,21.741471280969826,21.741471280969826,21.741471280969826,126.53999999999537,126.53999999999537,126.53999999999537,reward,29.843534061929677,29.843534061929677,29.843534061929677,0.9844531250000002,0.9844531250000002,0.9844531250000002,0.9772421873981756,0.9772421873981756,0.9772421873981756,349.56000156402587,349.56000156402587,349.56000156402587,maddpg_train_eval,False,,5.229433009539779,5.229433009539779,5.229433009539779,14.82890625,14.82890625,14.82890625,0.7106868418135007,0.7106868418135007,0.7106868418135007,0.28895305106998065,0.28895305106998065,0.28895305106998065,0.9987654365003247,0.9987654365003247,0.9987654365003247,0.9987654365003247,0.9987654365003247,0.9987654365003247,0.709812385430344,0.709812385430344,0.709812385430344,7284.975925543267,7284.975925543267,7284.975925543267,154.8,154.8,154.8,5348.0,5348.0,5348.0,15360.0,15360.0,15360.0,/home/pjpjq/LEO_switch/results/multiseed_0907/seed46/u30/learned_baselines/maddpg/training_history.json,/home/pjpjq/LEO_switch/results/multiseed_0907/seed46/u30/learned_baselines/maddpg/maddpg_model.pt,150000.0,150000.0,150000.0,/home/pjpjq/LEO_switch/results/multiseed_0907/seed46/u30/learned_baselines/maddpg/maddpg_training.log,29.843534061929677,29.843534061929677,29.843534061929677,,,,
30,min_distance,Min-Distance,1,0.3518220074678019,0.3518220074678019,0.3518220074678019,0.3600992713554757,0.3600992713554757,0.3600992713554757,3.9593201104170377,3.9593201104170377,3.9593201104170377,0.3518220074678019,0.3518220074678019,0.3518220074678019,2.288810707942372,2.288810707942372,2.288810707942372,1,0.0140625,0.0140625,0.0140625,216.0,216.0,216.0,3519.0,3519.0,3519.0,0.34094124239399104,0.34094124239399104,0.34094124239399104,1823.2,1823.2,1823.2,1.5785250237951443,1.5785250237951443,1.5785250237951443,2.396630718139442,2.396630718139442,2.396630718139442,1,5.0,5.0,5.0,0.0,0.0,0.0,0.6,0.6,0.6,0.07050746813124456,0.07050746813124456,0.07050746813124456,0.0,0.0,0.0,0.0036588541666666666,0.0036588541666666666,0.0036588541666666666,52.0,52.0,52.0,52.0,52.0,52.0,0.0,0.0,0.0,0.003385416666666667,0.003385416666666667,0.003385416666666667,33.720001339912415,33.720001339912415,33.720001339912415,0.0,0.0,0.0,1.0,1.0,1.0,0.203125,0.203125,0.203125,False,0.6042980998423033,0.6042980998423033,0.6042980998423033,0.3518220074678019,0.3518220074678019,0.3518220074678019,0.11987117922172838,0.11987117922172838,0.11987117922172838,2560.0,2560.0,2560.0,0.0,0.0,0.0,1.0,1.0,1.0,9.676249637342698,9.676249637342698,9.676249637342698,0.3518220074678019,0.3518220074678019,0.3518220074678019,0.0,0.0,0.0,4.902422479568184,4.902422479568184,4.902422479568184,1,-39.07106665867358,-39.07106665867358,-39.07106665867358,-20.732181480048702,-20.732181480048702,-20.732181480048702,0.0,0.0,0.0,-2.497200096026063,-2.497200096026063,-2.497200096026063,-60.79333333333244,-60.79333333333244,-60.79333333333244,0.0009729419045465879,0.0009729419045465879,0.0009729419045465879,5.2,5.2,5.2,0.0,0.0,0.0,,0.6042980998423033,0.6042980998423033,0.6042980998423033,4.2,4.2,4.2,4.2,4.2,4.2,5342.8,5342.8,5342.8,15.470031355963036,15.470031355963036,15.470031355963036,117.2999999999959,117.2999999999959,117.2999999999959,reward,9.676249637342698,9.676249637342698,9.676249637342698,0.9859375,0.9859375,0.9859375,0.9837421875229726,0.9837421875229726,0.9837421875229726,249.7199996471405,249.7199996471405,249.7199996471405,heuristic_eval,False,,3.638920189178481,3.638920189178481,3.638920189178481,13.74609375,13.74609375,13.74609375,0.6586129102514209,0.6586129102514209,0.6586129102514209,0.3410534624349639,0.3410534624349639,0.3410534624349639,0.9990270580954533,0.9990270580954533,0.9990270580954533,0.9990270580954533,0.9990270580954533,0.9990270580954533,0.6579735956604896,0.6579735956604896,0.6579735956604896,8433.743497132697,8433.743497132697,8433.743497132697,52.0,52.0,52.0,5348.0,5348.0,5348.0,15360.0,15360.0,15360.0,,,,,,,,,,min_distance(best_offload=1.00),1.0,1.0,1.0
30,full_local,Full-Local,1,1.0,1.0,1.0,0.0,0.0,0.0,5.401089254880885,5.401089254880885,5.401089254880885,1.0,1.0,1.0,2.2428629614057174,2.2428629614057174,2.2428629614057174,1,0.7213020833333332,0.7213020833333332,0.7213020833333332,11079.2,11079.2,11079.2,2689.2,2689.2,2689.2,0.4971803973839994,0.4971803973839994,0.4971803973839994,2658.8,2658.8,2658.8,2.107675579386276,2.107675579386276,2.107675579386276,4.191524988307974,4.191524988307974,4.191524988307974,1,5.0,5.0,5.0,0.0,0.0,0.0,0.0,0.0,0.0,1.0,1.0,1.0,0.0,0.0,0.0,0.0,0.0,0.0,0.0,0.0,0.0,0.0,0.0,0.0,0.0,0.0,0.0,0.0,0.0,0.0,0.0,0.0,0.0,0.0,0.0,0.0,0.0,0.0,0.0,0.0,0.0,0.0,False,0.0,0.0,0.0,1.0,1.0,1.0,0.0,0.0,0.0,0.0,0.0,0.0,1.0,1.0,1.0,0.0,0.0,0.0,-159.48661449504726,-159.48661449504726,-159.48661449504726,1.0,1.0,1.0,0.0,0.0,0.0,5.417110676525192,5.417110676525192,5.417110676525192,1,-28.97963965041623,-28.97963965041623,-28.97963965041623,-20.728300329060378,-20.728300329060378,-20.728300329060378,0.0,0.0,0.0,-110.79201533291489,-110.79201533291489,-110.79201533291489,-88.6266666666642,-88.6266666666642,-88.6266666666642,0.0,0.0,0.0,0.0,0.0,0.0,0.0,0.0,0.0,,0.0,0.0,0.0,0.0,0.0,0.0,0.0,0.0,0.0,5348.0,5348.0,5348.0,0.0,0.0,0.0,89.63999999999747,89.63999999999747,89.63999999999747,reward,-159.48661449504726,-159.48661449504726,-159.48661449504726,0.27869791666666666,0.27869791666666666,0.27869791666666666,0.27869791666666666,0.27869791666666666,0.27869791666666666,11079.2,11079.2,11079.2,heuristic_eval,False,,22.645425770638504,22.645425770638504,22.645425770638504,10.5046875,10.5046875,10.5046875,0.5028196026160006,0.5028196026160006,0.5028196026160006,0.4971803973839994,0.4971803973839994,0.4971803973839994,1.0,1.0,1.0,1.0,1.0,1.0,0.5028196026160006,0.5028196026160006,0.5028196026160006,11271.848998557803,11271.848998557803,11271.848998557803,0.0,0.0,0.0,5348.0,5348.0,5348.0,15360.0,15360.0,15360.0,,,,,,,,,,,,,
35,han_pdqn,HAN+PDQN,1,0.5698052477147255,0.5698052477147255,0.5698052477147255,0.6852231359158212,0.6852231359158212,0.6852231359158212,2.1114134184873796,2.1114134184873796,2.1114134184873796,0.5698052477147255,0.5698052477147255,0.5698052477147255,1.8639570439166409,1.8639570439166409,1.8639570439166409,1,0.017578125000000003,0.017578125000000003,0.017578125000000003,315.0,315.0,315.0,5710.4,5710.4,5710.4,0.0842228855992487,0.0842228855992487,0.0842228855992487,525.6,525.6,525.6,1.235921914583099,1.235921914583099,1.235921914583099,1.3502420944799178,1.3502420944799178,1.3502420944799178,1,5.0,5.0,5.0,0.0,0.0,0.0,2.6,2.6,2.6,0.14472856645270438,0.14472856645270438,0.14472856645270438,0.0,0.0,0.0,0.009486607142857142,0.009486607142857142,0.009486607142857142,146.4,146.4,146.4,146.4,146.4,146.4,0.0,0.0,0.0,0.008169642857142856,0.008169642857142856,0.008169642857142856,102.00000386238098,102.00000386238098,102.00000386238098,0.0,0.0,0.0,1.0,1.0,1.0,0.49017857142857146,0.49017857142857146,0.49017857142857146,True,0.7523356347054827,0.7523356347054827,0.7523356347054827,0.5698052477147255,0.5698052477147255,0.5698052477147255,0.06851084758946034,0.06851084758946034,0.06851084758946034,2526.0,2526.0,2526.0,0.6421540178571429,0.6421540178571429,0.6421540178571429,0.3490646779537201,0.3490646779537201,0.3490646779537201,87.82594696059823,87.82594696059823,87.82594696059823,0.5698052477147255,0.5698052477147255,0.5698052477147255,0.0,0.0,0.0,4.200136377712793,4.200136377712793,4.200136377712793,1,-44.60547727453765,-44.60547727453765,-44.60547727453765,-31.067993556064216,-31.067993556064216,-31.067993556064216,0.0,0.0,0.0,-3.5742858543992044,-3.5742858543992044,-3.5742858543992044,-15.091428571428523,-15.091428571428523,-15.091428571428523,0.0008968629835791003,0.0008968629835791003,0.0008968629835791003,5.6,5.6,5.6,6.0,6.0,6.0,Successful-Task Delay | P95 Successful-Task Delay | Task Success | Deadline Violation | Successful Task Throughput | Energy per Successful Task,0.7523356347054827,0.7523356347054827,0.7523356347054827,23.6,23.6,23.6,23.6,23.6,23.6,6238.6,6238.6,6238.6,19.010845699857192,19.010845699857192,19.010845699857192,163.15428571429428,163.15428571429428,163.15428571429428,reward,87.82594696059823,87.82594696059823,87.82594696059823,0.982421875,0.982421875,0.982421875,0.9767299106504236,0.9767299106504236,0.9767299106504236,417.00000114440917,417.00000114440917,417.00000114440917,checkpoint_eval,True,han_pdqn_multiuser_u35,5.205347329448808,5.205347329448808,5.205347329448808,19.119642857142857,19.119642857142857,19.119642857142857,0.9152829127591524,0.9152829127591524,0.9152829127591524,0.08464031628946596,0.08464031628946596,0.08464031628946596,0.9991031370164208,0.9991031370164208,0.9991031370164208,0.9991031370164208,0.9991031370164208,0.9991031370164208,0.914462820726955,0.914462820726955,0.914462820726955,7710.422456318122,7710.422456318122,7710.422456318122,146.4,146.4,146.4,6244.2,6244.2,6244.2,17920.0,17920.0,17920.0,/home/pjpjq/LEO_switch/results/multiseed_0907/seed46/u35/learned_baselines/han_pdqn/training_history.json,,,,,,,,,,,,
35,pdqn,PDQN,1,0.4504239958785573,0.4504239958785573,0.4504239958785573,0.5332839823651209,0.5332839823651209,0.5332839823651209,2.233766561576717,2.233766561576717,2.233766561576717,0.4504239958785573,0.4504239958785573,0.4504239958785573,1.891034388429378,1.891034388429378,1.891034388429378,1,0.017801339285714285,0.017801339285714285,0.017801339285714285,319.0,319.0,319.0,5550.4,5550.4,5550.4,0.10956259549335519,0.10956259549335519,0.10956259549335519,684.0,684.0,684.0,1.2640992301363574,1.2640992301363574,1.2640992301363574,1.4209728878399324,1.4209728878399324,1.4209728878399324,1,5.0,5.0,5.0,119.8,119.8,119.8,4.8,4.8,4.8,0.09167069057346297,0.09167069057346297,0.09167069057346297,119.8,119.8,119.8,0.020044642857142858,0.020044642857142858,0.020044642857142858,334.8,334.8,334.8,215.0,215.0,215.0,0.3463045618975037,0.3463045618975037,0.3463045618975037,0.011997767857142858,0.011997767857142858,0.011997767857142858,142.20000536441802,142.20000536441802,142.20000536441802,121.6,121.6,121.6,0.6536954381024963,0.6536954381024963,0.6536954381024963,0.7198660714285714,0.7198660714285714,0.7198660714285714,False,0.6787740857233062,0.6787740857233062,0.6787740857233062,0.4504239958785573,0.4504239958785573,0.4504239958785573,0.0947267843201517,0.0947267843201517,0.0947267843201517,2498.0,2498.0,2498.0,0.5315290178571429,0.5315290178571429,0.5315290178571429,0.4596986174583435,0.4596986174583435,0.4596986174583435,77.07000606326983,77.07000606326983,77.07000606326983,0.4504239958785573,0.4504239958785573,0.4504239958785573,0.6,0.6,0.6,4.325951587552619,4.325951587552619,4.325951587552619,1,-43.65391675249555,-43.65391675249555,-43.65391675249555,-30.482868178057856,-30.482868178057856,-30.482868178057856,-0.6982857142857138,-0.6982857142857138,-0.6982857142857138,-3.9531429946422576,-3.9531429946422576,-3.9531429946422576,-19.679999999999936,-19.679999999999936,-19.679999999999936,0.0008008726552966095,0.0008008726552966095,0.0008008726552966095,5.0,5.0,5.0,0.0,0.0,0.0,,0.6787740857233062,0.6787740857233062,0.6787740857233062,24.4,24.4,24.4,22.0,22.0,22.0,6239.2,6239.2,6239.2,16.955362255769906,16.955362255769906,16.955362255769906,158.58285714286401,158.58285714286401,158.58285714286401,reward,77.07000606326983,77.07000606326983,77.07000606326983,0.9821986607142857,0.9821986607142857,0.9821986607142857,0.9742633927666716,0.9742633927666716,0.9742633927666716,461.2000016212463,461.2000016212463,461.2000016212463,pdqn_train_eval,False,,6.272852460567158,6.272852460567158,6.272852460567158,18.583928571428572,18.583928571428572,18.583928571428572,0.8895784447350398,0.8895784447350398,0.8895784447350398,0.11033185917191783,0.11033185917191783,0.11033185917191783,0.9991991273447034,0.9991991273447034,0.9991991273447034,0.9991991273447034,0.9991991273447034,0.9991991273447034,0.8888672681727856,0.8888672681727856,0.8888672681727856,7886.96791666676,7886.96791666676,7886.96791666676,334.8,334.8,334.8,6244.2,6244.2,6244.2,17920.0,17920.0,17920.0,/home/pjpjq/LEO_switch/results/multiseed_0907/seed46/u35/learned_baselines/pdqn/training_history.json,/home/pjpjq/LEO_switch/results/multiseed_0907/seed46/u35/learned_baselines/pdqn/best_model.pt,150000.0,150000.0,150000.0,/home/pjpjq/LEO_switch/results/multiseed_0907/seed46/u35/learned_baselines/pdqn/pdqn_training.log,,,,,,,
35,han_mappo,HAN+MAPPO,1,0.6245062681818837,0.6245062681818837,0.6245062681818837,0.8795141605292363,0.8795141605292363,0.8795141605292363,3.157008254382265,3.157008254382265,3.157008254382265,0.6245062681818837,0.6245062681818837,0.6245062681818837,2.1028432103603607,2.1028432103603607,2.1028432103603607,1,0.01780133928571428,0.01780133928571428,0.01780133928571428,319.0,319.0,319.0,4912.0,4912.0,4912.0,0.21092208542309554,0.21092208542309554,0.21092208542309554,1316.6,1316.6,1316.6,1.4807017650246976,1.4807017650246976,1.4807017650246976,1.8798160029914526,1.8798160029914526,1.8798160029914526,1,5.0,5.0,5.0,0.0,0.0,0.0,7.4,7.4,7.4,0.40115957027399957,0.40115957027399957,0.40115957027399957,0.0,0.0,0.0,0.005401785714285714,0.005401785714285714,0.005401785714285714,58.8,58.8,58.8,58.8,58.8,58.8,0.0,0.0,0.0,0.0032812499999999994,0.0032812499999999994,0.0032812499999999994,58.08000197410583,58.08000197410583,58.08000197410583,0.0,0.0,0.0,1.0,1.0,1.0,0.196875,0.196875,0.196875,False,0.8518629559716073,0.8518629559716073,0.8518629559716073,0.6245062681818837,0.6245062681818837,0.6245062681818837,0.05778582378730397,0.05778582378730397,0.05778582378730397,2560.0,2560.0,2560.0,0.7170647321428572,0.7170647321428572,0.7170647321428572,0.20150238275527954,0.20150238275527954,0.20150238275527954,50.50940840486146,50.50940840486146,50.50940840486146,0.6245062681818837,0.6245062681818837,0.6245062681818837,0.0,0.0,0.0,4.526983992683218,4.526983992683218,4.526983992683218,1,-42.868699850011716,-42.868699850011716,-42.868699850011716,-27.71175660231222,-27.71175660231222,-27.71175660231222,0.0,0.0,0.0,-3.232114428654313,-3.232114428654313,-3.232114428654313,-37.82857142857218,-37.82857142857218,-37.82857142857218,0.0013136335997341244,0.0013136335997341244,0.0013136335997341244,8.2,8.2,8.2,0.0,0.0,0.0,,0.8518629559716073,0.8518629559716073,0.8518629559716073,38.0,38.0,38.0,38.0,38.0,38.0,6236.0,6236.0,6236.0,21.807691672873183,21.807691672873183,21.807691672873183,140.34285714285727,140.34285714285727,140.34285714285727,reward,50.50940840486146,50.50940840486146,50.50940840486146,0.9821986607142856,0.9821986607142856,0.9821986607142856,0.9789575892261096,0.9789575892261096,0.9789575892261096,377.0800010681152,377.0800010681152,377.0800010681152,han_mappo_train_eval,False,,9.99627431890151,9.99627431890151,9.99627431890151,16.446428571428573,16.446428571428573,16.446428571428573,0.787614297818657,0.787614297818657,0.787614297818657,0.2121060762034385,0.2121060762034385,0.2121060762034385,0.9986863664002659,0.9986863664002659,0.9986863664002659,0.9986863664002659,0.9986863664002659,0.9986863664002659,0.7865802901968274,0.7865802901968274,0.7865802901968274,9233.656206694015,9233.656206694015,9233.656206694015,58.8,58.8,58.8,6244.2,6244.2,6244.2,17920.0,17920.0,17920.0,/home/pjpjq/LEO_switch/results/multiseed_0907/seed46/u35/learned_baselines/han_mappo/training_history.json,/home/pjpjq/LEO_switch/results/multiseed_0907/seed46/u35/learned_baselines/han_mappo/best_model.pt,150000.0,150000.0,150000.0,,,,,,,,
35,mappo_no_han,MAPPO,1,0.6162236296757344,0.6162236296757344,0.6162236296757344,0.8276720142618611,0.8276720142618611,0.8276720142618611,3.2328844210568874,3.2328844210568874,3.2328844210568874,0.6162236296757344,0.6162236296757344,0.6162236296757344,2.045867052038445,2.045867052038445,2.045867052038445,1,0.01771205357142857,0.01771205357142857,0.01771205357142857,317.4,317.4,317.4,4866.4,4866.4,4866.4,0.21812852991717474,0.21812852991717474,0.21812852991717474,1361.4,1361.4,1361.4,1.5383769132458507,1.5383769132458507,1.5383769132458507,1.971401057534065,1.971401057534065,1.971401057534065,1,5.0,5.0,5.0,0.0,0.0,0.0,8.4,8.4,8.4,0.5069464444819296,0.5069464444819296,0.5069464444819296,0.0,0.0,0.0,0.004375,0.004375,0.004375,38.4,38.4,38.4,38.4,38.4,38.4,0.0,0.0,0.0,0.002142857142857143,0.002142857142857143,0.002142857142857143,47.04000165462494,47.04000165462494,47.04000165462494,0.0,0.0,0.0,1.0,1.0,1.0,0.12857142857142856,0.12857142857142856,0.12857142857142856,False,0.8302162059921436,0.8302162059921436,0.8302162059921436,0.6162236296757344,0.6162236296757344,0.6162236296757344,0.059363129470094325,0.059363129470094325,0.059363129470094325,2560.0,2560.0,2560.0,0.7549665178571429,0.7549665178571429,0.7549665178571429,0.16656962037086487,0.16656962037086487,0.16656962037086487,48.128543882118905,48.128543882118905,48.128543882118905,0.6162236296757344,0.6162236296757344,0.6162236296757344,0.0,0.0,0.0,4.363536380349524,4.363536380349524,4.363536380349524,1,-41.70280739339462,-41.70280739339462,-41.70280739339462,-28.201271213776057,-28.201271213776057,-28.201271213776057,0.0,0.0,0.0,-3.1237715613096952,-3.1237715613096952,-3.1237715613096952,-39.13714285714374,-39.13714285714374,-39.13714285714374,0.0012807997661040496,0.0012807997661040496,0.0012807997661040496,8.0,8.0,8.0,0.0,0.0,0.0,,0.8302162059921436,0.8302162059921436,0.8302162059921436,40.0,40.0,40.0,40.0,40.0,40.0,6236.2,6236.2,6236.2,21.253534873398912,21.253534873398912,21.253534873398912,139.03999999999965,139.03999999999965,139.03999999999965,reward,48.128543882118905,48.128543882118905,48.128543882118905,0.9822879464285714,0.9822879464285714,0.9822879464285714,0.97966294640143,0.97966294640143,0.97966294640143,364.4400004863739,364.4400004863739,364.4400004863739,mappo_no_han_train_eval,False,,10.135011370608947,10.135011370608947,10.135011370608947,16.29375,16.29375,16.29375,0.7802496925158298,0.7802496925158298,0.7802496925158298,0.21947180824646426,0.21947180824646426,0.21947180824646426,0.9987192002338959,0.9987192002338959,0.9987192002338959,0.9987192002338959,0.9987192002338959,0.9987192002338959,0.7792473919874316,0.7792473919874316,0.7792473919874316,9593.626106383774,9593.626106383774,9593.626106383774,38.4,38.4,38.4,6244.2,6244.2,6244.2,17920.0,17920.0,17920.0,/home/pjpjq/LEO_switch/results/multiseed_0907/seed46/u35/learned_baselines/mappo_no_han/training_history.json,/home/pjpjq/LEO_switch/results/multiseed_0907/seed46/u35/learned_baselines/mappo_no_han/best_model.pt,150000.0,150000.0,150000.0,,,,,,,,
35,maddpg,MADDPG,1,0.6636712751328568,0.6636712751328568,0.6636712751328568,0.8948259194087631,0.8948259194087631,0.8948259194087631,3.6885136529534903,3.6885136529534903,3.6885136529534903,0.6636712751328568,0.6636712751328568,0.6636712751328568,2.3105171760011785,2.3105171760011785,2.3105171760011785,1,0.017243303571428573,0.017243303571428573,0.017243303571428573,309.0,309.0,309.0,4339.8,4339.8,4339.8,0.3027635456335015,0.3027635456335015,0.3027635456335015,1890.0,1890.0,1890.0,1.4556663001717793,1.4556663001717793,1.4556663001717793,2.091895582204553,2.091895582204553,2.091895582204553,1,5.0,5.0,5.0,0.0,0.0,0.0,6.8,6.8,6.8,0.4154458981887263,0.4154458981887263,0.4154458981887263,0.0,0.0,0.0,0.004308035714285714,0.004308035714285714,0.004308035714285714,45.6,45.6,45.6,45.6,45.6,45.6,0.0,0.0,0.0,0.0025446428571428573,0.0025446428571428573,0.0025446428571428573,46.320001649856565,46.320001649856565,46.320001649856565,0.0,0.0,0.0,1.0,1.0,1.0,0.15267857142857144,0.15267857142857144,0.15267857142857144,False,0.8673027259899921,0.8673027259899921,0.8673027259899921,0.6636712751328568,0.6636712751328568,0.6636712751328568,0.05054014123677839,0.05054014123677839,0.05054014123677839,2560.0,2560.0,2560.0,0.01603794642857143,0.01603794642857143,0.01603794642857143,0.983863115310669,0.983863115310669,0.983863115310669,25.983131052343015,25.983131052343015,25.983131052343015,0.6636712751328568,0.6636712751328568,0.6636712751328568,0.0,0.0,0.0,4.761663444103907,4.761663444103907,4.761663444103907,1,-41.84664342930991,-41.84664342930991,-41.84664342930991,-21.127576716773586,-21.127576716773586,-21.127576716773586,0.0,0.0,0.0,-3.045600137114525,-3.045600137114525,-3.045600137114525,-54.194285714288284,-54.194285714288284,-54.194285714288284,0.001217606612164959,0.001217606612164959,0.001217606612164959,7.6,7.6,7.6,0.0,0.0,0.0,,0.8673027259899921,0.8673027259899921,0.8673027259899921,31.6,31.6,31.6,31.6,31.6,31.6,6236.6,6236.6,6236.6,22.20294978534385,22.20294978534385,22.20294978534385,123.9942857142822,123.9942857142822,123.9942857142822,reward,25.983131052343015,25.983131052343015,25.983131052343015,0.9827566964285713,0.9827566964285713,0.9827566964285713,0.9801718749425241,0.9801718749425241,0.9801718749425241,355.32000102996824,355.32000102996824,355.32000102996824,maddpg_train_eval,False,,6.7936359915382605,6.7936359915382605,6.7936359915382605,14.530580357142858,14.530580357142858,14.530580357142858,0.6957779176414084,0.6957779176414084,0.6957779176414084,0.30385157382010997,0.30385157382010997,0.30385157382010997,0.9987823933878349,0.9987823933878349,0.9987823933878349,0.9987823933878349,0.9987823933878349,0.9987823933878349,0.6949308195677251,0.6949308195677251,0.6949308195677251,9078.40844765132,9078.40844765132,9078.40844765132,45.6,45.6,45.6,6244.2,6244.2,6244.2,17920.0,17920.0,17920.0,/home/pjpjq/LEO_switch/results/multiseed_0907/seed46/u35/learned_baselines/maddpg/training_history.json,/home/pjpjq/LEO_switch/results/multiseed_0907/seed46/u35/learned_baselines/maddpg/maddpg_model.pt,150000.0,150000.0,150000.0,/home/pjpjq/LEO_switch/results/multiseed_0907/seed46/u35/learned_baselines/maddpg/maddpg_training.log,25.983131052343015,25.983131052343015,25.983131052343015,,,,
35,min_distance,Min-Distance,1,0.3644206416150693,0.3644206416150693,0.3644206416150693,0.407859875828325,0.407859875828325,0.407859875828325,4.115549688345132,4.115549688345132,4.115549688345132,0.3644206416150693,0.3644206416150693,0.3644206416150693,2.2869100552042942,2.2869100552042942,2.2869100552042942,1,0.015970982142857144,0.015970982142857144,0.015970982142857144,286.2,286.2,286.2,4018.4,4018.4,4018.4,0.3555863131475633,0.3555863131475633,0.3555863131475633,2220.0,2220.0,2220.0,1.6457276383718318,1.6457276383718318,1.6457276383718318,2.555251811997196,2.555251811997196,2.555251811997196,1,5.0,5.0,5.0,0.0,0.0,0.0,0.8,0.8,0.8,0.07594999228275968,0.07594999228275968,0.07594999228275968,0.0,0.0,0.0,0.0036495535714285714,0.0036495535714285714,0.0036495535714285714,60.2,60.2,60.2,60.2,60.2,60.2,0.0,0.0,0.0,0.0033593750000000004,0.0033593750000000004,0.0033593750000000004,39.24000155925751,39.24000155925751,39.24000155925751,0.0,0.0,0.0,1.0,1.0,1.0,0.2015625,0.2015625,0.2015625,False,0.6177695212636934,0.6177695212636934,0.6177695212636934,0.3644206416150693,0.3644206416150693,0.3644206416150693,0.11645590424969554,0.11645590424969554,0.11645590424969554,2560.0,2560.0,2560.0,0.0,0.0,0.0,1.0,1.0,1.0,5.193885772865906,5.193885772865906,5.193885772865906,0.3644206416150693,0.3644206416150693,0.3644206416150693,0.0,0.0,0.0,4.923282213250475,4.923282213250475,4.923282213250475,1,-38.229018197665866,-38.229018197665866,-38.229018197665866,-20.962509162904034,-20.962509162904034,-20.962509162904034,0.0,0.0,0.0,-2.7894858246669174,-2.7894858246669174,-2.7894858246669174,-63.451428571432004,-63.451428571432004,-63.451428571432004,0.0008012085122568065,0.0008012085122568065,0.0008012085122568065,5.0,5.0,5.0,0.0,0.0,0.0,,0.6177695212636934,0.6177695212636934,0.6177695212636934,5.2,5.2,5.2,5.2,5.2,5.2,6239.2,6239.2,6239.2,15.814899744350601,15.814899744350601,15.814899744350601,114.81142857142581,114.81142857142581,114.81142857142581,reward,5.193885772865906,5.193885772865906,5.193885772865906,0.9840290178571429,0.9840290178571429,0.9840290178571429,0.9818392857656415,0.9818392857656415,0.9818392857656415,325.4399990797043,325.4399990797043,325.4399990797043,heuristic_eval,False,,5.202763431698415,5.202763431698415,5.202763431698415,13.454464285714286,13.454464285714286,13.454464285714286,0.6439984039998581,0.6439984039998581,0.6439984039998581,0.35571391538759867,0.35571391538759867,0.35571391538759867,0.999198791487743,0.999198791487743,0.999198791487743,0.999198791487743,0.999198791487743,0.999198791487743,0.6434848761001445,0.6434848761001445,0.6434848761001445,10268.023881329533,10268.023881329533,10268.023881329533,60.2,60.2,60.2,6244.2,6244.2,6244.2,17920.0,17920.0,17920.0,,,,,,,,,,min_distance(best_offload=1.00),1.0,1.0,1.0
35,full_local,Full-Local,1,1.0,1.0,1.0,0.0,0.0,0.0,5.4269565112159395,5.4269565112159395,5.4269565112159395,1.0,1.0,1.0,2.2232387928848434,2.2232387928848434,2.2232387928848434,1,0.7181473214285715,0.7181473214285715,0.7181473214285715,12869.2,12869.2,12869.2,3169.8,3169.8,3169.8,0.4924281147909452,0.4924281147909452,0.4924281147909452,3074.4,3074.4,3074.4,2.1057480705685023,2.1057480705685023,2.1057480705685023,4.148120418399849,4.148120418399849,4.148120418399849,1,5.0,5.0,5.0,0.0,0.0,0.0,0.0,0.0,0.0,1.0,1.0,1.0,0.0,0.0,0.0,0.0,0.0,0.0,0.0,0.0,0.0,0.0,0.0,0.0,0.0,0.0,0.0,0.0,0.0,0.0,0.0,0.0,0.0,0.0,0.0,0.0,0.0,0.0,0.0,0.0,0.0,0.0,False,0.0,0.0,0.0,1.0,1.0,1.0,0.0,0.0,0.0,0.0,0.0,0.0,1.0,1.0,1.0,0.0,0.0,0.0,-157.51370070018748,-157.51370070018748,-157.51370070018748,1.0,1.0,1.0,0.0,0.0,0.0,5.396870603842906,5.396870603842906,5.396870603842906,1,-29.07921040067946,-29.07921040067946,-29.07921040067946,-20.852777532817317,-20.852777532817317,-20.852777532817317,0.0,0.0,0.0,-110.3074410971254,-110.3074410971254,-110.3074410971254,-87.8400000000007,-87.8400000000007,-87.8400000000007,0.0,0.0,0.0,0.0,0.0,0.0,0.0,0.0,0.0,,0.0,0.0,0.0,0.0,0.0,0.0,0.0,0.0,0.0,6244.2,6244.2,6244.2,0.0,0.0,0.0,90.56571428571463,90.56571428571463,90.56571428571463,reward,-157.51370070018748,-157.51370070018748,-157.51370070018748,0.2818526785714286,0.2818526785714286,0.2818526785714286,0.2818526785714286,0.2818526785714286,0.2818526785714286,12869.2,12869.2,12869.2,heuristic_eval,False,,19.54153625053371,19.54153625053371,19.54153625053371,10.613169642857143,10.613169642857143,10.613169642857143,0.5075718852090548,0.5075718852090548,0.5075718852090548,0.4924281147909452,0.4924281147909452,0.4924281147909452,1.0,1.0,1.0,1.0,1.0,1.0,0.5075718852090548,0.5075718852090548,0.5075718852090548,13148.71210224384,13148.71210224384,13148.71210224384,0.0,0.0,0.0,6244.2,6244.2,6244.2,17920.0,17920.0,17920.0,,,,,,,,,,,,,
40,han_pdqn,HAN+PDQN,1,0.5719512204794426,0.5719512204794426,0.5719512204794426,0.7518556328322121,0.7518556328322121,0.7518556328322121,2.3082830407983335,2.3082830407983335,2.3082830407983335,0.5719512204794426,0.5719512204794426,0.5719512204794426,1.9433971200820135,1.9433971200820135,1.9433971200820135,1,0.017382812500000004,0.017382812500000004,0.017382812500000004,356.0,356.0,356.0,6323.6,6323.6,6323.6,0.11372114258822597,0.11372114258822597,0.11372114258822597,812.2,812.2,812.2,1.3237946791831592,1.3237946791831592,1.3237946791831592,1.494031543170721,1.494031543170721,1.494031543170721,1,5.0,5.0,5.0,0.0,0.0,0.0,1.0,1.0,1.0,0.05732078085977782,0.05732078085977782,0.05732078085977782,0.0,0.0,0.0,0.008876953125,0.008876953125,0.008876953125,171.4,171.4,171.4,171.4,171.4,171.4,0.0,0.0,0.0,0.008369140624999999,0.008369140624999999,0.008369140624999999,109.08000435829163,109.08000435829163,109.08000435829163,0.0,0.0,0.0,1.0,1.0,1.0,0.5021484375,0.5021484375,0.5021484375,True,0.7770446180415996,0.7770446180415996,0.7770446180415996,0.5719512204794426,0.5719512204794426,0.5719512204794426,0.06807602773290942,0.06807602773290942,0.06807602773290942,2546.0,2546.0,2546.0,0.65349609375,0.65349609375,0.65349609375,0.33841511607170105,0.33841511607170105,0.33841511607170105,78.36174012914998,78.36174012914998,78.36174012914998,0.5719512204794426,0.5719512204794426,0.5719512204794426,0.0,0.0,0.0,4.4165108443446455,4.4165108443446455,4.4165108443446455,1,-44.65990457170892,-44.65990457170892,-44.65990457170892,-31.037116725361393,-31.037116725361393,-31.037116725361393,0.0,0.0,0.0,-3.488100116699934,-3.488100116699934,-3.488100116699934,-20.329999999999885,-20.329999999999885,-20.329999999999885,0.0008391707899807986,0.0008391707899807986,0.0008391707899807986,6.0,6.0,6.0,6.0,6.0,6.0,Successful-Task Delay | P95 Successful-Task Delay | Task Success | Deadline Violation | Successful Task Throughput | Energy per Successful Task,0.7770446180415996,0.7770446180415996,0.7770446180415996,10.4,10.4,10.4,10.4,10.4,10.4,7136.8,7136.8,7136.8,19.786862544840307,19.786862544840307,19.786862544840307,158.0900000000188,158.0900000000188,158.0900000000188,reward,78.36174012914998,78.36174012914998,78.36174012914998,0.9826171875,0.9826171875,0.9826171875,0.9772910155495629,0.9772910155495629,0.9772910155495629,465.0800015449524,465.0800015449524,465.0800015449524,checkpoint_eval,True,han_pdqn_multiuser_u40,5.227146632001279,5.227146632001279,5.227146632001279,18.526171875,18.526171875,18.526171875,0.886048066882636,0.886048066882636,0.886048066882636,0.11386126275567654,0.11386126275567654,0.11386126275567654,0.9991608292100193,0.9991608292100193,0.9991608292100193,0.9991608292100193,0.9991608292100193,0.9991608292100193,0.8852995664543426,0.8852995664543426,0.8852995664543426,9447.657866394371,9447.657866394371,9447.657866394371,171.4,171.4,171.4,7142.8,7142.8,7142.8,20480.0,20480.0,20480.0,/home/pjpjq/LEO_switch/results/multiseed_0907/seed46/u40/learned_baselines/han_pdqn/training_history.json,,,,,,,,,,,,
40,pdqn,PDQN,1,0.5163726081176843,0.5163726081176843,0.5163726081176843,0.7062277232925722,0.7062277232925722,0.7062277232925722,2.446480158366268,2.446480158366268,2.446480158366268,0.5163726081176843,0.5163726081176843,0.5163726081176843,1.973089532387552,1.973089532387552,1.973089532387552,1,0.0190625,0.0190625,0.0190625,390.4,390.4,390.4,6109.2,6109.2,6109.2,0.14342850915639538,0.14342850915639538,0.14342850915639538,1024.4,1024.4,1024.4,1.3355928589545727,1.3355928589545727,1.3355928589545727,1.5603341440664205,1.5603341440664205,1.5603341440664205,1,5.0,5.0,5.0,32.6,32.6,32.6,3.6,3.6,3.6,0.12825984473089566,0.12825984473089566,0.12825984473089566,32.6,32.6,32.6,0.019833984375,0.019833984375,0.019833984375,366.6,366.6,366.6,334.0,334.0,334.0,0.10083688883298976,0.10083688883298976,0.10083688883298976,0.01630859375,0.01630859375,0.01630859375,224.16000859737397,224.16000859737397,224.16000859737397,31.2,31.2,31.2,0.8991631111670102,0.8991631111670102,0.8991631111670102,0.978515625,0.978515625,0.978515625,False,0.7570261421434721,0.7570261421434721,0.7570261421434721,0.5163726081176843,0.5163726081176843,0.5163726081176843,0.07973426011741533,0.07973426011741533,0.07973426011741533,2535.0,2535.0,2535.0,0.39560546875,0.39560546875,0.39560546875,0.5946801900863647,0.5946801900863647,0.5946801900863647,68.13316511529847,68.13316511529847,68.13316511529847,0.5163726081176843,0.5163726081176843,0.5163726081176843,1.4,1.4,1.4,4.561642176745847,4.561642176745847,4.561642176745847,1,-43.51206333141476,-43.51206333141476,-43.51206333141476,-29.80427248533697,-29.80427248533697,-29.80427248533697,-0.16300000000000012,-0.16300000000000012,-0.16300000000000012,-4.609200178459287,-4.609200178459287,-4.609200178459287,-25.69999999999961,-25.69999999999961,-25.69999999999961,0.0007853450695619173,0.0007853450695619173,0.0007853450695619173,5.6,5.6,5.6,0.0,0.0,0.0,,0.7570261421434721,0.7570261421434721,0.7570261421434721,39.6,39.6,39.6,39.6,39.6,39.6,7137.2,7137.2,7137.2,19.191701776847154,19.191701776847154,19.191701776847154,152.73000000001758,152.73000000001758,152.73000000001758,reward,68.13316511529847,68.13316511529847,68.13316511529847,0.9809374999999999,0.9809374999999999,0.9809374999999999,0.9699921872897539,0.9699921872897539,0.9699921872897539,614.5600043058396,614.5600043058396,614.5600043058396,pdqn_train_eval,False,,3.549297055396404,3.549297055396404,3.549297055396404,17.898046875,17.898046875,17.898046875,0.8559598706014361,0.8559598706014361,0.8559598706014361,0.1439322083299878,0.1439322083299878,0.1439322083299878,0.9992146549304382,0.9992146549304382,0.9992146549304382,0.9992146549304382,0.9992146549304382,0.9992146549304382,0.8552824466004504,0.8552824466004504,0.8552824466004504,9532.393352930576,9532.393352930576,9532.393352930576,366.6,366.6,366.6,7142.8,7142.8,7142.8,20480.0,20480.0,20480.0,/home/pjpjq/LEO_switch/results/multiseed_0907/seed46/u40/learned_baselines/pdqn/training_history.json,/home/pjpjq/LEO_switch/results/multiseed_0907/seed46/u40/learned_baselines/pdqn/best_model.pt,150000.0,150000.0,150000.0,/home/pjpjq/LEO_switch/results/multiseed_0907/seed46/u40/learned_baselines/pdqn/pdqn_training.log,,,,,,,
40,han_mappo,HAN+MAPPO,1,0.6623670318437077,0.6623670318437077,0.6623670318437077,0.9193826930947147,0.9193826930947147,0.9193826930947147,3.4709262545659585,3.4709262545659585,3.4709262545659585,0.6623670318437077,0.6623670318437077,0.6623670318437077,2.1386403287924094,2.1386403287924094,2.1386403287924094,1,0.018974609375,0.018974609375,0.018974609375,388.6,388.6,388.6,5306.6,5306.6,5306.6,0.25493766082864283,0.25493766082864283,0.25493766082864283,1820.6,1820.6,1820.6,1.5654036936103115,1.5654036936103115,1.5654036936103115,2.104589777200732,2.104589777200732,2.104589777200732,1,5.0,5.0,5.0,0.0,0.0,0.0,7.2,7.2,7.2,0.44006909142993694,0.44006909142993694,0.44006909142993694,0.0,0.0,0.0,0.00470703125,0.00470703125,0.00470703125,54.0,54.0,54.0,54.0,54.0,54.0,0.0,0.0,0.0,0.00263671875,0.00263671875,0.00263671875,57.8400021314621,57.8400021314621,57.8400021314621,0.0,0.0,0.0,1.0,1.0,1.0,0.158203125,0.158203125,0.158203125,False,0.8745875390203086,0.8745875390203086,0.8745875390203086,0.6623670318437077,0.6623670318437077,0.6623670318437077,0.05077593601303384,0.05077593601303384,0.05077593601303384,2560.0,2560.0,2560.0,0.643125,0.643125,0.643125,0.24916160106658936,0.24916160106658936,0.24916160106658936,38.348126162405244,38.348126162405244,38.348126162405244,0.6623670318437077,0.6623670318437077,0.6623670318437077,0.0,0.0,0.0,4.649149475011873,4.649149475011873,4.649149475011873,1,-41.182584068584006,-41.182584068584006,-41.182584068584006,-26.480431732154535,-26.480431732154535,-26.480431732154535,0.0,0.0,0.0,-3.348300100956112,-3.348300100956112,-3.348300100956112,-45.69499999999847,-45.69499999999847,-45.69499999999847,0.001176265727668684,0.001176265727668684,0.001176265727668684,8.4,8.4,8.4,0.0,0.0,0.0,,0.8745875390203086,0.8745875390203086,0.8745875390203086,42.4,42.4,42.4,42.4,42.4,42.4,7134.4,7134.4,7134.4,22.38944099891996,22.38944099891996,22.38944099891996,132.66500000001304,132.66500000001304,132.66500000001304,reward,38.348126162405244,38.348126162405244,38.348126162405244,0.981025390625,0.981025390625,0.981025390625,0.9782011718431022,0.9782011718431022,0.9782011718431022,446.4400006532669,446.4400006532669,446.4400006532669,han_mappo_train_eval,False,,6.755263175505477,6.755263175505477,6.755263175505477,15.5466796875,15.5466796875,15.5466796875,0.7437598397635947,0.7437598397635947,0.7437598397635947,0.25594487195534243,0.25594487195534243,0.25594487195534243,0.9988237342723313,0.9988237342723313,0.9988237342723313,0.9988237342723313,0.9988237342723313,0.9988237342723313,0.7428788623169889,0.7428788623169889,0.7428788623169889,11168.216111693406,11168.216111693406,11168.216111693406,54.0,54.0,54.0,7142.8,7142.8,7142.8,20480.0,20480.0,20480.0,/home/pjpjq/LEO_switch/results/multiseed_0907/seed46/u40/learned_baselines/han_mappo/training_history.json,/home/pjpjq/LEO_switch/results/multiseed_0907/seed46/u40/learned_baselines/han_mappo/best_model.pt,150000.0,150000.0,150000.0,,,,,,,,
40,mappo_no_han,MAPPO,1,0.6380126467492264,0.6380126467492264,0.6380126467492264,0.900610734953004,0.900610734953004,0.900610734953004,3.494313001846263,3.494313001846263,3.494313001846263,0.6380126467492264,0.6380126467492264,0.6380126467492264,2.153443670851731,2.153443670851731,2.153443670851731,1,0.0186328125,0.0186328125,0.0186328125,381.6,381.6,381.6,5252.8,5252.8,5252.8,0.2624626906649815,0.2624626906649815,0.2624626906649815,1874.4,1874.4,1874.4,1.536602111451732,1.536602111451732,1.536602111451732,2.0871437604298313,2.0871437604298313,2.0871437604298313,1,5.0,5.0,5.0,0.0,0.0,0.0,7.6,7.6,7.6,0.3954093141353819,0.3954093141353819,0.3954093141353819,0.0,0.0,0.0,0.005341796875,0.005341796875,0.005341796875,67.0,67.0,67.0,67.0,67.0,67.0,0.0,0.0,0.0,0.003271484375,0.003271484375,0.003271484375,65.64000258445739,65.64000258445739,65.64000258445739,0.0,0.0,0.0,1.0,1.0,1.0,0.1962890625,0.1962890625,0.1962890625,False,0.8625316252938559,0.8625316252938559,0.8625316252938559,0.6380126467492264,0.6380126467492264,0.6380126467492264,0.055247948477255025,0.055247948477255025,0.055247948477255025,2560.0,2560.0,2560.0,0.741318359375,0.741318359375,0.741318359375,0.2056484818458557,0.2056484818458557,0.2056484818458557,36.47136184171541,36.47136184171541,36.47136184171541,0.6380126467492264,0.6380126467492264,0.6380126467492264,0.0,0.0,0.0,4.743587736265498,4.743587736265498,4.743587736265498,1,-40.79585360548662,-40.79585360548662,-40.79585360548662,-25.7292949705014,-25.7292949705014,-25.7292949705014,0.0,0.0,0.0,-3.3543001055717467,-3.3543001055717467,-3.3543001055717467,-47.0499999999984,-47.0499999999984,-47.0499999999984,0.0011204127299009135,0.0011204127299009135,0.0011204127299009135,8.0,8.0,8.0,0.0,0.0,0.0,,0.8625316252938559,0.8625316252938559,0.8625316252938559,42.4,42.4,42.4,42.4,42.4,42.4,7134.8,7134.8,7134.8,22.08080960752277,22.08080960752277,22.08080960752277,131.32000000001273,131.32000000001273,131.32000000001273,reward,36.47136184171541,36.47136184171541,36.47136184171541,0.9813671875000001,0.9813671875000001,0.9813671875000001,0.9781621093279682,0.9781621093279682,0.9781621093279682,447.24000096321106,447.24000096321106,447.24000096321106,mappo_no_han_train_eval,False,,7.47233099534213,7.47233099534213,7.47233099534213,15.3890625,15.3890625,15.3890625,0.7361826358988989,0.7361826358988989,0.7361826358988989,0.2635259637699566,0.2635259637699566,0.2635259637699566,0.9988795872700991,0.9988795872700991,0.9988795872700991,0.9988795872700991,0.9988795872700991,0.9988795872700991,0.7353536235001424,0.7353536235001424,0.7353536235001424,10963.348744785819,10963.348744785819,10963.348744785819,67.0,67.0,67.0,7142.8,7142.8,7142.8,20480.0,20480.0,20480.0,/home/pjpjq/LEO_switch/results/multiseed_0907/seed46/u40/learned_baselines/mappo_no_han/training_history.json,/home/pjpjq/LEO_switch/results/multiseed_0907/seed46/u40/learned_baselines/mappo_no_han/best_model.pt,150000.0,150000.0,150000.0,,,,,,,,
40,maddpg,MADDPG,1,0.6815369294058264,0.6815369294058264,0.6815369294058264,0.9316287083500698,0.9316287083500698,0.9316287083500698,3.904078832334716,3.904078832334716,3.904078832334716,0.6815369294058264,0.6815369294058264,0.6815369294058264,2.3229255875515493,2.3229255875515493,2.3229255875515493,1,0.0187890625,0.0187890625,0.0187890625,384.8,384.8,384.8,4774.2,4774.2,4774.2,0.3290505305774153,0.3290505305774153,0.3290505305774153,2350.0,2350.0,2350.0,1.532147526213953,1.532147526213953,1.532147526213953,2.289781031279912,2.289781031279912,2.289781031279912,1,5.0,5.0,5.0,1.2,1.2,1.2,10.8,10.8,10.8,0.3393223095524412,0.3393223095524412,0.3393223095524412,1.2,1.2,1.2,0.014609375,0.014609375,0.014609375,257.2,257.2,257.2,256.0,256.0,256.0,0.001153846153846154,0.001153846153846154,0.001153846153846154,0.0125,0.0125,0.0125,178.800005030632,178.800005030632,178.800005030632,0.0,0.0,0.0,0.9988461538461539,0.9988461538461539,0.9988461538461539,0.75,0.75,0.75,False,0.8849411507589748,0.8849411507589748,0.8849411507589748,0.6815369294058264,0.6815369294058264,0.6815369294058264,0.047347022986093903,0.047347022986093903,0.047347022986093903,2560.0,2560.0,2560.0,0.00634765625,0.00634765625,0.00634765625,0.9909929633140564,0.9909929633140564,0.9909929633140564,17.22582797537325,17.22582797537325,17.22582797537325,0.6815369294058264,0.6815369294058264,0.6815369294058264,1.2,1.2,1.2,4.868832332243484,4.868832332243484,4.868832332243484,1,-40.43141518572868,-40.43141518572868,-40.43141518572868,-21.099251518574686,-21.099251518574686,-21.099251518574686,-0.006000000000000001,-0.006000000000000001,-0.006000000000000001,-4.227000153530389,-4.227000153530389,-4.227000153530389,-59.01999999999772,-59.01999999999772,-59.01999999999772,0.0010921276256940944,0.0010921276256940944,0.0010921276256940944,7.8,7.8,7.8,0.0,0.0,0.0,,0.8849411507589748,0.8849411507589748,0.8849411507589748,42.0,42.0,42.0,42.0,42.0,42.0,7135.0,7135.0,7135.0,22.65449345942983,22.65449345942983,22.65449345942983,119.35500000001002,119.35500000001002,119.35500000001002,reward,17.22582797537325,17.22582797537325,17.22582797537325,0.9812109375,0.9812109375,0.9812109375,0.9724804685590789,0.9724804685590789,0.9724804685590789,563.6000039100647,563.6000039100647,563.6000039100647,maddpg_train_eval,False,,3.690821236623346,3.690821236623346,3.690821236623346,13.9869140625,13.9869140625,13.9869140625,0.6690785309390712,0.6690785309390712,0.6690785309390712,0.3305621186620016,0.3305621186620016,0.3305621186620016,0.9989078723743059,0.9989078723743059,0.9989078723743059,0.9989078723743059,0.9989078723743059,0.9989078723743059,0.6683457537123043,0.6683457537123043,0.6683457537123043,10931.872599536555,10931.872599536555,10931.872599536555,257.2,257.2,257.2,7142.8,7142.8,7142.8,20480.0,20480.0,20480.0,/home/pjpjq/LEO_switch/results/multiseed_0907/seed46/u40/learned_baselines/maddpg/training_history.json,/home/pjpjq/LEO_switch/results/multiseed_0907/seed46/u40/learned_baselines/maddpg/maddpg_model.pt,150000.0,150000.0,150000.0,/home/pjpjq/LEO_switch/results/multiseed_0907/seed46/u40/learned_baselines/maddpg/maddpg_training.log,17.22582797537325,17.22582797537325,17.22582797537325,,,,
40,min_distance,Min-Distance,1,0.3818898623629227,0.3818898623629227,0.3818898623629227,0.4324024937476487,0.4324024937476487,0.4324024937476487,4.371830584926518,4.371830584926518,4.371830584926518,0.3818898623629227,0.3818898623629227,0.3818898623629227,2.288286577850632,2.288286577850632,2.288286577850632,1,0.017041015624999996,0.017041015624999996,0.017041015624999996,349.0,349.0,349.0,4451.6,4451.6,4451.6,0.3759417190829638,0.3759417190829638,0.3759417190829638,2685.0,2685.0,2685.0,1.6976569629496636,1.6976569629496636,1.6976569629496636,2.721834233975276,2.721834233975276,2.721834233975276,1,5.0,5.0,5.0,0.0,0.0,0.0,0.6,0.6,0.6,0.0816423719062213,0.0816423719062213,0.0816423719062213,0.0,0.0,0.0,0.003671875,0.003671875,0.003671875,68.8,68.8,68.8,68.8,68.8,68.8,0.0,0.0,0.0,0.003359375,0.003359375,0.003359375,45.120001792907715,45.120001792907715,45.120001792907715,0.0,0.0,0.0,1.0,1.0,1.0,0.2015625,0.2015625,0.2015625,False,0.6302328198727147,0.6302328198727147,0.6302328198727147,0.3818898623629227,0.3818898623629227,0.3818898623629227,0.11182333601104752,0.11182333601104752,0.11182333601104752,2560.0,2560.0,2560.0,0.0,0.0,0.0,1.0,1.0,1.0,-0.6622622946379124,-0.6622622946379124,-0.6622622946379124,0.3818898623629227,0.3818898623629227,0.3818898623629227,0.0,0.0,0.0,4.971181865059077,4.971181865059077,4.971181865059077,1,-37.118314772744704,-37.118314772744704,-37.118314772744704,-20.872006193696265,-20.872006193696265,-20.872006193696265,0.0,0.0,0.0,-2.95590009605512,-2.95590009605512,-2.95590009605512,-67.13999999999814,-67.13999999999814,-67.13999999999814,0.0007846754455649139,0.0007846754455649139,0.0007846754455649139,5.6,5.6,5.6,0.0,0.0,0.0,,0.6302328198727147,0.6302328198727147,0.6302328198727147,6.4,6.4,6.4,6.4,6.4,6.4,7137.2,7137.2,7137.2,16.133960188741536,16.133960188741536,16.133960188741536,111.29000000000818,111.29000000000818,111.29000000000818,reward,-0.6622622946379124,-0.6622622946379124,-0.6622622946379124,0.982958984375,0.982958984375,0.982958984375,0.9807558594550937,0.9807558594550937,0.9807558594550937,394.11999835968015,394.11999835968015,394.11999835968015,heuristic_eval,False,,3.878608001376831,3.878608001376831,3.878608001376831,13.041796875,13.041796875,13.041796875,0.6236771740176936,0.6236771740176936,0.6236771740176936,0.3760258602185354,0.3760258602185354,0.3760258602185354,0.9992153245544351,0.9992153245544351,0.9992153245544351,0.9992153245544351,0.9992153245544351,0.9992153245544351,0.6231894643358997,0.6231894643358997,0.6231894643358997,12116.51727596434,12116.51727596434,12116.51727596434,68.8,68.8,68.8,7142.8,7142.8,7142.8,20480.0,20480.0,20480.0,,,,,,,,,,min_distance(best_offload=1.00),1.0,1.0,1.0
40,full_local,Full-Local,1,1.0,1.0,1.0,0.0,0.0,0.0,5.429136821518428,5.429136821518428,5.429136821518428,1.0,1.0,1.0,2.240261074216652,2.240261074216652,2.240261074216652,1,0.7227929687500001,0.7227929687500001,0.7227929687500001,14802.8,14802.8,14802.8,3633.6,3633.6,3633.6,0.4913405258237522,0.4913405258237522,0.4913405258237522,3509.2,3509.2,3509.2,2.106304208360532,2.106304208360532,2.106304208360532,4.1404969450345686,4.1404969450345686,4.1404969450345686,1,5.0,5.0,5.0,0.0,0.0,0.0,0.0,0.0,0.0,1.0,1.0,1.0,0.0,0.0,0.0,0.0,0.0,0.0,0.0,0.0,0.0,0.0,0.0,0.0,0.0,0.0,0.0,0.0,0.0,0.0,0.0,0.0,0.0,0.0,0.0,0.0,0.0,0.0,0.0,0.0,0.0,0.0,False,0.0,0.0,0.0,1.0,1.0,1.0,0.0,0.0,0.0,0.0,0.0,0.0,1.0,1.0,1.0,0.0,0.0,0.0,-158.27473163792166,-158.27473163792166,-158.27473163792166,1.0,1.0,1.0,0.0,0.0,0.0,5.393273024578602,5.393273024578602,5.393273024578602,1,-29.3862666851389,-29.3862666851389,-29.3862666851389,-20.977467719540243,-20.977467719540243,-20.977467719540243,0.0,0.0,0.0,-111.0210037574172,-111.0210037574172,-111.0210037574172,-87.73000000000283,-87.73000000000283,-87.73000000000283,0.0,0.0,0.0,0.0,0.0,0.0,0.0,0.0,0.0,,0.0,0.0,0.0,0.0,0.0,0.0,0.0,0.0,0.0,7142.8,7142.8,7142.8,0.0,0.0,0.0,90.84000000000353,90.84000000000353,90.84000000000353,reward,-158.27473163792166,-158.27473163792166,-158.27473163792166,0.27720703125,0.27720703125,0.27720703125,0.27720703125,0.27720703125,0.27720703125,14802.8,14802.8,14802.8,heuristic_eval,False,,22.17730415715746,22.17730415715746,22.17730415715746,10.6453125,10.6453125,10.6453125,0.5086594741762479,0.5086594741762479,0.5086594741762479,0.4913405258237522,0.4913405258237522,0.4913405258237522,1.0,1.0,1.0,1.0,1.0,1.0,0.5086594741762479,0.5086594741762479,0.5086594741762479,15044.909699477608,15044.909699477608,15044.909699477608,0.0,0.0,0.0,7142.8,7142.8,7142.8,20480.0,20480.0,20480.0,,,,,,,,,,,,,
