
$ /home/pjpjq/miniconda3/envs/satellite.env/bin/python scripts/train.py --exp_name han_pdqn_multiuser_u40 --algorithm pdqn --seed 46 --device cuda --num_users 40 --total_timesteps 150000 --max_steps 512 --n_steps 1024 --batch_size 512 --learning_rate 0.0001 --pdqn_lr 0.001 --n_epochs 4 --eval_interval 25000 --eval_episodes 5 --save_interval 50000 --graph_update_interval 1 --log_interval 1 --reward-load-balance-weight 0.05 --best-model-metric reward --save_path /home/pjpjq/LEO_switch/results/multiseed_0907/seed46/u40/learned_baselines/han_pdqn --log_path /home/pjpjq/LEO_switch/results/multiseed_0907/seed46/logs --pretrained_han_path /home/pjpjq/LEO_switch/results/full_train_latency_priority_multiuser_u40_multiuser_single_seed_150k_20260804/best_model.pt
2026-09-21 04:10:21,251 | INFO | 初始化环境...
2026-09-21 04:10:21,253 | INFO |   - 原始观测维度: 76
2026-09-21 04:10:21,253 | INFO |   - HAN嵌入维度: 64
2026-09-21 04:10:21,253 | INFO |   - 拼接后观测维度: 140 (raw 76 + HAN 64)
2026-09-21 04:10:21,253 | INFO |   - 全局状态维度: 5600
2026-09-21 04:10:21,253 | INFO | 初始化图构建器...
2026-09-21 04:10:21,253 | INFO | 初始化HAN编码器...
2026-09-21 04:10:21,458 | INFO |   - HAN参数量: 200,832
2026-09-21 04:10:21,458 | INFO | 初始化 HAN+PDQN...
2026-09-21 04:10:22,032 | INFO |   - Loaded frozen pretrained HAN: /home/pjpjq/LEO_switch/results/full_train_latency_priority_multiuser_u40_multiuser_single_seed_150k_20260804/best_model.pt
2026-09-21 04:10:22,738 | INFO |   - PDQN Q参数量: 72,473
2026-09-21 04:10:22,738 | INFO |   - PDQN 参数网络参数量: 293,139
2026-09-21 04:10:22,738 | INFO | 初始化 off-policy replay buffer...
2026-09-21 04:10:22,738 | INFO | 训练器初始化完成，设备: cuda
2026-09-21 04:10:22,738 | INFO | 环境: 40 用户, 66 卫星
2026-09-21 04:10:22,738 | INFO | ============================================================
2026-09-21 04:10:22,738 | INFO | 开始训练 HAN+PDQN
2026-09-21 04:10:22,738 | INFO |   总步数: 150,000
2026-09-21 04:10:22,738 | INFO |   warmup: 1,000
2026-09-21 04:10:22,738 | INFO |   replay_size: 50,000
2026-09-21 04:10:22,738 | INFO |   设备: cuda
2026-09-21 04:10:22,738 | INFO | ============================================================
2026-09-21 04:10:44,792 | INFO | Update    1 | Steps:     512 | Episodes:     1 | EpReward:    -8.83 | FPS:  29023 | Actor Loss: 0.0000 | Critic Loss: 0.0000 | HAN Grad: 0.0000 | HAN Δ: 0.000000 | HAN Metapaths: 0
2026-09-21 04:10:44,792 | INFO |   Phase | Rollout: 0.00s | PPO update: 0.00s
2026-09-21 04:10:44,792 | INFO |   Env | HO: 99.09% | Throughput: 13.91/user-min | Task: 65.81% | Resolved: 99.94% | Delay: 3.869s | Energy: 12502.76J | MEC fair: 0.509
2026-09-21 04:10:44,792 | INFO |   Reward | Success: 118.68 | Load: 18.54 | Delay: -38.08 | Energy: -25.16 | TaskFail: -61.65 | Interrupt: -20.97 | HOFail: -0.19
2026-09-21 04:11:08,421 | INFO | Update    2 | Steps:   1,024 | Episodes:     2 | EpReward:    -9.75 | FPS:   6651 | Actor Loss: 0.0000 | Critic Loss: 0.0000 | HAN Grad: 0.0000 | HAN Δ: 0.000000 | HAN Metapaths: 0
2026-09-21 04:11:08,421 | INFO |   Phase | Rollout: 0.00s | PPO update: 0.00s
2026-09-21 04:11:08,421 | INFO |   Env | HO: 99.41% | Throughput: 13.21/user-min | Task: 63.59% | Resolved: 99.94% | Delay: 3.900s | Energy: 12777.88J | MEC fair: 0.399
2026-09-21 04:11:08,421 | INFO |   Reward | Success: 112.70 | Load: 17.03 | Delay: -35.96 | Energy: -24.16 | TaskFail: -64.52 | Interrupt: -15.69 | HOFail: -0.09
2026-09-21 04:12:14,024 | INFO | Update    3 | Steps:   1,536 | Episodes:     3 | EpReward:   -13.30 | FPS:   5421 | Actor Loss: 0.0000 | Critic Loss: 0.0000 | HAN Grad: 0.0000 | HAN Δ: 0.000000 | HAN Metapaths: 0
2026-09-21 04:12:14,024 | INFO |   Phase | Rollout: 0.00s | PPO update: 0.00s
2026-09-21 04:12:14,024 | INFO |   Env | HO: 99.32% | Throughput: 13.02/user-min | Task: 60.65% | Resolved: 99.95% | Delay: 4.211s | Energy: 13425.96J | MEC fair: 0.568
2026-09-21 04:12:14,024 | INFO |   Reward | Success: 111.08 | Load: 19.48 | Delay: -36.37 | Energy: -24.10 | TaskFail: -72.07 | Interrupt: -18.28 | HOFail: -0.11
2026-09-21 04:13:19,324 | INFO | Update    4 | Steps:   2,048 | Episodes:     4 | EpReward:   -13.65 | FPS:   7605 | Actor Loss: 0.0000 | Critic Loss: 0.0000 | HAN Grad: 0.0000 | HAN Δ: 0.000000 | HAN Metapaths: 0
2026-09-21 04:13:19,324 | INFO |   Phase | Rollout: 0.00s | PPO update: 0.00s
2026-09-21 04:13:19,324 | INFO |   Env | HO: 99.71% | Throughput: 12.79/user-min | Task: 61.01% | Resolved: 99.89% | Delay: 4.279s | Energy: 13302.96J | MEC fair: 0.520
2026-09-21 04:13:19,324 | INFO |   Reward | Success: 109.10 | Load: 18.92 | Delay: -35.64 | Energy: -23.57 | TaskFail: -69.72 | Interrupt: -13.78 | HOFail: -0.04
2026-09-21 04:14:25,381 | INFO | Update    5 | Steps:   2,560 | Episodes:     5 | EpReward:   -13.45 | FPS:   6677 | Actor Loss: 0.0000 | Critic Loss: 0.0000 | HAN Grad: 0.0000 | HAN Δ: 0.000000 | HAN Metapaths: 0
2026-09-21 04:14:25,381 | INFO |   Phase | Rollout: 0.00s | PPO update: 0.00s
2026-09-21 04:14:25,381 | INFO |   Env | HO: 99.41% | Throughput: 13.29/user-min | Task: 63.19% | Resolved: 99.94% | Delay: 4.004s | Energy: 13090.91J | MEC fair: 0.401
2026-09-21 04:14:25,381 | INFO |   Reward | Success: 113.45 | Load: 16.81 | Delay: -36.63 | Energy: -24.48 | TaskFail: -66.07 | Interrupt: -15.62 | HOFail: -0.08
2026-09-21 04:15:30,879 | INFO | Update    6 | Steps:   3,072 | Episodes:     6 | EpReward:   -14.24 | FPS:   6339 | Actor Loss: 0.0000 | Critic Loss: 0.0000 | HAN Grad: 0.0000 | HAN Δ: 0.000000 | HAN Metapaths: 0
2026-09-21 04:15:30,879 | INFO |   Phase | Rollout: 0.00s | PPO update: 0.00s
2026-09-21 04:15:30,879 | INFO |   Env | HO: 99.14% | Throughput: 12.83/user-min | Task: 60.15% | Resolved: 99.89% | Delay: 4.309s | Energy: 13460.29J | MEC fair: 0.441
2026-09-21 04:15:30,879 | INFO |   Reward | Success: 109.53 | Load: 17.64 | Delay: -35.49 | Energy: -23.69 | TaskFail: -72.57 | Interrupt: -13.54 | HOFail: -0.09
2026-09-21 04:16:36,657 | INFO | Update    7 | Steps:   3,584 | Episodes:     7 | EpReward:   -13.67 | FPS:   7415 | Actor Loss: 0.0000 | Critic Loss: 0.0000 | HAN Grad: 0.0000 | HAN Δ: 0.000000 | HAN Metapaths: 0
2026-09-21 04:16:36,657 | INFO |   Phase | Rollout: 0.00s | PPO update: 0.00s
2026-09-21 04:16:36,657 | INFO |   Env | HO: 99.52% | Throughput: 12.92/user-min | Task: 61.88% | Resolved: 99.92% | Delay: 4.354s | Energy: 13110.17J | MEC fair: 0.505
2026-09-21 04:16:36,657 | INFO |   Reward | Success: 110.23 | Load: 19.01 | Delay: -35.38 | Energy: -23.72 | TaskFail: -67.90 | Interrupt: -12.44 | HOFail: -0.05
2026-09-21 04:17:42,696 | INFO | Update    8 | Steps:   4,096 | Episodes:     8 | EpReward:   -13.15 | FPS:   8748 | Actor Loss: 0.0000 | Critic Loss: 0.0000 | HAN Grad: 0.0000 | HAN Δ: 0.000000 | HAN Metapaths: 0
2026-09-21 04:17:42,696 | INFO |   Phase | Rollout: 0.00s | PPO update: 0.00s
2026-09-21 04:17:42,696 | INFO |   Env | HO: 99.55% | Throughput: 13.17/user-min | Task: 63.42% | Resolved: 99.94% | Delay: 3.975s | Energy: 12743.82J | MEC fair: 0.470
2026-09-21 04:17:42,696 | INFO |   Reward | Success: 112.35 | Load: 18.79 | Delay: -36.29 | Energy: -24.11 | TaskFail: -64.80 | Interrupt: -15.36 | HOFail: -0.07
2026-09-21 04:18:48,742 | INFO | Update    9 | Steps:   4,608 | Episodes:     9 | EpReward:   -12.56 | FPS:   7006 | Actor Loss: 0.0000 | Critic Loss: 0.0000 | HAN Grad: 0.0000 | HAN Δ: 0.000000 | HAN Metapaths: 0
2026-09-21 04:18:48,742 | INFO |   Phase | Rollout: 0.00s | PPO update: 0.00s
2026-09-21 04:18:48,742 | INFO |   Env | HO: 99.43% | Throughput: 13.26/user-min | Task: 63.36% | Resolved: 99.90% | Delay: 4.005s | Energy: 12824.58J | MEC fair: 0.543
2026-09-21 04:18:48,742 | INFO |   Reward | Success: 113.13 | Load: 19.13 | Delay: -36.67 | Energy: -24.09 | TaskFail: -65.42 | Interrupt: -13.82 | HOFail: -0.07
2026-09-21 04:19:54,484 | INFO | Update   10 | Steps:   5,120 | Episodes:    10 | EpReward:   -12.95 | FPS:  10853 | Actor Loss: 0.0000 | Critic Loss: 0.0000 | HAN Grad: 0.0000 | HAN Δ: 0.000000 | HAN Metapaths: 0
2026-09-21 04:19:54,484 | INFO |   Phase | Rollout: 0.00s | PPO update: 0.00s
2026-09-21 04:19:54,484 | INFO |   Env | HO: 99.27% | Throughput: 12.87/user-min | Task: 60.95% | Resolved: 99.94% | Delay: 4.154s | Energy: 13207.69J | MEC fair: 0.530
2026-09-21 04:19:54,484 | INFO |   Reward | Success: 109.85 | Load: 19.29 | Delay: -35.61 | Energy: -23.79 | TaskFail: -70.37 | Interrupt: -15.71 | HOFail: -0.11
2026-09-21 04:21:00,434 | INFO | Update   11 | Steps:   5,632 | Episodes:    11 | EpReward:   -12.57 | FPS:  10092 | Actor Loss: 0.0000 | Critic Loss: 0.0000 | HAN Grad: 0.0000 | HAN Δ: 0.000000 | HAN Metapaths: 0
2026-09-21 04:21:00,434 | INFO |   Phase | Rollout: 0.00s | PPO update: 0.00s
2026-09-21 04:21:00,434 | INFO |   Env | HO: 99.46% | Throughput: 13.55/user-min | Task: 64.12% | Resolved: 99.90% | Delay: 3.913s | Energy: 12887.68J | MEC fair: 0.419
2026-09-21 04:21:00,434 | INFO |   Reward | Success: 115.60 | Load: 17.28 | Delay: -36.72 | Energy: -24.69 | TaskFail: -64.70 | Interrupt: -15.47 | HOFail: -0.07
2026-09-21 04:22:06,430 | INFO | Update   12 | Steps:   6,144 | Episodes:    12 | EpReward:   -11.90 | FPS:   9974 | Actor Loss: 0.0000 | Critic Loss: 0.0000 | HAN Grad: 0.0000 | HAN Δ: 0.000000 | HAN Metapaths: 0
2026-09-21 04:22:06,430 | INFO |   Phase | Rollout: 0.00s | PPO update: 0.00s
2026-09-21 04:22:06,430 | INFO |   Env | HO: 99.48% | Throughput: 13.86/user-min | Task: 66.96% | Resolved: 99.93% | Delay: 3.516s | Energy: 12044.96J | MEC fair: 0.486
2026-09-21 04:22:06,430 | INFO |   Reward | Success: 118.25 | Load: 18.35 | Delay: -37.35 | Energy: -24.60 | TaskFail: -58.35 | Interrupt: -20.84 | HOFail: -0.09
2026-09-21 04:23:12,470 | INFO | Update   13 | Steps:   6,656 | Episodes:    13 | EpReward:   -11.73 | FPS:   9225 | Actor Loss: 0.0000 | Critic Loss: 0.0000 | HAN Grad: 0.0000 | HAN Δ: 0.000000 | HAN Metapaths: 0
2026-09-21 04:23:12,470 | INFO |   Phase | Rollout: 0.00s | PPO update: 0.00s
2026-09-21 04:23:12,470 | INFO |   Env | HO: 99.16% | Throughput: 12.98/user-min | Task: 62.25% | Resolved: 99.92% | Delay: 4.199s | Energy: 12994.73J | MEC fair: 0.604
2026-09-21 04:23:12,470 | INFO |   Reward | Success: 110.73 | Load: 20.11 | Delay: -35.93 | Energy: -23.51 | TaskFail: -67.15 | Interrupt: -13.73 | HOFail: -0.11
2026-09-21 04:24:18,319 | INFO | Update   14 | Steps:   7,168 | Episodes:    14 | EpReward:   -11.65 | FPS:   8529 | Actor Loss: 0.0000 | Critic Loss: 0.0000 | HAN Grad: 0.0000 | HAN Δ: 0.000000 | HAN Metapaths: 0
2026-09-21 04:24:18,319 | INFO |   Phase | Rollout: 0.00s | PPO update: 0.00s
2026-09-21 04:24:18,319 | INFO |   Env | HO: 99.56% | Throughput: 12.92/user-min | Task: 61.64% | Resolved: 99.90% | Delay: 4.338s | Energy: 13037.69J | MEC fair: 0.556
2026-09-21 04:24:18,319 | INFO |   Reward | Success: 110.25 | Load: 19.46 | Delay: -35.48 | Energy: -23.56 | TaskFail: -68.60 | Interrupt: -12.63 | HOFail: -0.06
2026-09-21 04:25:24,340 | INFO | Update   15 | Steps:   7,680 | Episodes:    15 | EpReward:   -11.67 | FPS:  10662 | Actor Loss: 0.0000 | Critic Loss: 0.0000 | HAN Grad: 0.0000 | HAN Δ: 0.000000 | HAN Metapaths: 0
2026-09-21 04:25:24,340 | INFO |   Phase | Rollout: 0.00s | PPO update: 0.00s
2026-09-21 04:25:24,340 | INFO |   Env | HO: 99.37% | Throughput: 13.00/user-min | Task: 61.37% | Resolved: 99.90% | Delay: 4.064s | Energy: 13176.38J | MEC fair: 0.556
2026-09-21 04:25:24,340 | INFO |   Reward | Success: 110.95 | Load: 19.69 | Delay: -35.95 | Energy: -23.87 | TaskFail: -69.85 | Interrupt: -12.89 | HOFail: -0.07
2026-09-21 04:26:31,260 | INFO | Update   16 | Steps:   8,192 | Episodes:    16 | EpReward:   -11.44 | FPS:   9352 | Actor Loss: 0.0000 | Critic Loss: 0.0000 | HAN Grad: 0.0000 | HAN Δ: 0.000000 | HAN Metapaths: 0
2026-09-21 04:26:31,260 | INFO |   Phase | Rollout: 0.00s | PPO update: 0.00s
2026-09-21 04:26:31,260 | INFO |   Env | HO: 99.52% | Throughput: 13.82/user-min | Task: 65.95% | Resolved: 99.92% | Delay: 3.771s | Energy: 12073.57J | MEC fair: 0.496
2026-09-21 04:26:31,260 | INFO |   Reward | Success: 117.90 | Load: 18.77 | Delay: -37.20 | Energy: -24.47 | TaskFail: -60.87 | Interrupt: -22.05 | HOFail: -0.10
2026-09-21 04:27:37,463 | INFO | Update   17 | Steps:   8,704 | Episodes:    17 | EpReward:   -11.45 | FPS:   8381 | Actor Loss: 0.0000 | Critic Loss: 0.0000 | HAN Grad: 0.0000 | HAN Δ: 0.000000 | HAN Metapaths: 0
2026-09-21 04:27:37,463 | INFO |   Phase | Rollout: 0.00s | PPO update: 0.00s
2026-09-21 04:27:37,463 | INFO |   Env | HO: 99.59% | Throughput: 13.12/user-min | Task: 62.69% | Resolved: 99.90% | Delay: 4.111s | Energy: 12718.09J | MEC fair: 0.414
2026-09-21 04:27:37,463 | INFO |   Reward | Success: 111.93 | Load: 16.94 | Delay: -35.84 | Energy: -23.65 | TaskFail: -66.62 | Interrupt: -14.25 | HOFail: -0.06
2026-09-21 04:28:43,643 | INFO | Update   18 | Steps:   9,216 | Episodes:    18 | EpReward:   -10.92 | FPS:   9723 | Actor Loss: 0.0000 | Critic Loss: 0.0000 | HAN Grad: 0.0000 | HAN Δ: 0.000000 | HAN Metapaths: 0
2026-09-21 04:28:43,643 | INFO |   Phase | Rollout: 0.00s | PPO update: 0.00s
2026-09-21 04:28:43,643 | INFO |   Env | HO: 99.64% | Throughput: 13.38/user-min | Task: 64.97% | Resolved: 99.93% | Delay: 3.809s | Energy: 12351.07J | MEC fair: 0.613
2026-09-21 04:28:43,643 | INFO |   Reward | Success: 114.20 | Load: 20.29 | Delay: -36.74 | Energy: -24.05 | TaskFail: -61.57 | Interrupt: -13.94 | HOFail: -0.05
2026-09-21 04:29:50,243 | INFO | Update   19 | Steps:   9,728 | Episodes:    19 | EpReward:   -10.62 | FPS:   9541 | Actor Loss: 0.0000 | Critic Loss: 0.0000 | HAN Grad: 0.0000 | HAN Δ: 0.000000 | HAN Metapaths: 0
2026-09-21 04:29:50,243 | INFO |   Phase | Rollout: 0.00s | PPO update: 0.00s
2026-09-21 04:29:50,243 | INFO |   Env | HO: 99.13% | Throughput: 13.62/user-min | Task: 65.38% | Resolved: 99.94% | Delay: 3.860s | Energy: 12095.68J | MEC fair: 0.434
2026-09-21 04:29:50,243 | INFO |   Reward | Success: 116.20 | Load: 16.86 | Delay: -36.33 | Energy: -24.10 | TaskFail: -61.52 | Interrupt: -16.28 | HOFail: -0.11
2026-09-21 04:30:56,445 | INFO | Update   20 | Steps:  10,240 | Episodes:    20 | EpReward:   -10.28 | FPS:   8364 | Actor Loss: 0.0000 | Critic Loss: 0.0000 | HAN Grad: 0.0000 | HAN Δ: 0.000000 | HAN Metapaths: 0
2026-09-21 04:30:56,445 | INFO |   Phase | Rollout: 0.00s | PPO update: 0.00s
2026-09-21 04:30:56,445 | INFO |   Env | HO: 99.57% | Throughput: 13.48/user-min | Task: 64.30% | Resolved: 99.89% | Delay: 4.063s | Energy: 12772.76J | MEC fair: 0.571
2026-09-21 04:30:56,445 | INFO |   Reward | Success: 115.03 | Load: 19.84 | Delay: -37.25 | Energy: -24.66 | TaskFail: -63.87 | Interrupt: -12.87 | HOFail: -0.06
2026-09-21 04:32:02,961 | INFO | Update   21 | Steps:  10,752 | Episodes:    21 | EpReward:   -10.29 | FPS:   8052 | Actor Loss: 0.0000 | Critic Loss: 0.0000 | HAN Grad: 0.0000 | HAN Δ: 0.000000 | HAN Metapaths: 0
2026-09-21 04:32:02,961 | INFO |   Phase | Rollout: 0.00s | PPO update: 0.00s
2026-09-21 04:32:02,961 | INFO |   Env | HO: 99.26% | Throughput: 13.74/user-min | Task: 64.52% | Resolved: 99.89% | Delay: 3.841s | Energy: 12365.30J | MEC fair: 0.488
2026-09-21 04:32:02,961 | INFO |   Reward | Success: 117.23 | Load: 18.41 | Delay: -37.37 | Energy: -24.35 | TaskFail: -64.47 | Interrupt: -19.81 | HOFail: -0.14
2026-09-21 04:33:09,132 | INFO | Update   22 | Steps:  11,264 | Episodes:    22 | EpReward:   -10.18 | FPS:   8383 | Actor Loss: 0.0000 | Critic Loss: 0.0000 | HAN Grad: 0.0000 | HAN Δ: 0.000000 | HAN Metapaths: 0
2026-09-21 04:33:09,132 | INFO |   Phase | Rollout: 0.00s | PPO update: 0.00s
2026-09-21 04:33:09,133 | INFO |   Env | HO: 99.49% | Throughput: 13.75/user-min | Task: 64.08% | Resolved: 99.95% | Delay: 3.814s | Energy: 12817.57J | MEC fair: 0.377
2026-09-21 04:33:09,133 | INFO |   Reward | Success: 117.30 | Load: 17.06 | Delay: -36.99 | Energy: -24.56 | TaskFail: -65.75 | Interrupt: -14.89 | HOFail: -0.06
2026-09-21 04:34:15,523 | INFO | Update   23 | Steps:  11,776 | Episodes:    23 | EpReward:   -10.05 | FPS:   9675 | Actor Loss: 0.0000 | Critic Loss: 0.0000 | HAN Grad: 0.0000 | HAN Δ: 0.000000 | HAN Metapaths: 0
2026-09-21 04:34:15,523 | INFO |   Phase | Rollout: 0.00s | PPO update: 0.00s
2026-09-21 04:34:15,523 | INFO |   Env | HO: 98.98% | Throughput: 13.76/user-min | Task: 65.55% | Resolved: 99.90% | Delay: 3.993s | Energy: 12532.95J | MEC fair: 0.489
2026-09-21 04:34:15,523 | INFO |   Reward | Success: 117.43 | Load: 18.14 | Delay: -37.40 | Energy: -24.89 | TaskFail: -61.70 | Interrupt: -18.50 | HOFail: -0.16
2026-09-21 04:35:21,800 | INFO | Update   24 | Steps:  12,288 | Episodes:    24 | EpReward:    -9.88 | FPS:   7979 | Actor Loss: 0.0000 | Critic Loss: 0.0000 | HAN Grad: 0.0000 | HAN Δ: 0.000000 | HAN Metapaths: 0
2026-09-21 04:35:21,800 | INFO |   Phase | Rollout: 0.00s | PPO update: 0.00s
2026-09-21 04:35:21,800 | INFO |   Env | HO: 99.56% | Throughput: 13.26/user-min | Task: 63.19% | Resolved: 99.89% | Delay: 4.120s | Energy: 12722.52J | MEC fair: 0.538
2026-09-21 04:35:21,800 | INFO |   Reward | Success: 113.18 | Load: 19.15 | Delay: -36.50 | Energy: -23.85 | TaskFail: -65.92 | Interrupt: -12.05 | HOFail: -0.05
2026-09-21 04:36:28,158 | INFO | Update   25 | Steps:  12,800 | Episodes:    25 | EpReward:    -9.75 | FPS:   7080 | Actor Loss: 0.0000 | Critic Loss: 0.0000 | HAN Grad: 0.0000 | HAN Δ: 0.000000 | HAN Metapaths: 0
2026-09-21 04:36:28,158 | INFO |   Phase | Rollout: 0.00s | PPO update: 0.00s
2026-09-21 04:36:28,158 | INFO |   Env | HO: 99.65% | Throughput: 13.34/user-min | Task: 62.91% | Resolved: 99.90% | Delay: 3.930s | Energy: 12924.16J | MEC fair: 0.579
2026-09-21 04:36:28,158 | INFO |   Reward | Success: 113.83 | Load: 20.04 | Delay: -36.90 | Energy: -24.05 | TaskFail: -67.10 | Interrupt: -12.32 | HOFail: -0.05
2026-09-21 04:37:35,161 | INFO | Update   26 | Steps:  13,312 | Episodes:    26 | EpReward:    -9.71 | FPS:   7682 | Actor Loss: 0.0000 | Critic Loss: 0.0000 | HAN Grad: 0.0000 | HAN Δ: 0.000000 | HAN Metapaths: 0
2026-09-21 04:37:35,161 | INFO |   Phase | Rollout: 0.00s | PPO update: 0.00s
2026-09-21 04:37:35,161 | INFO |   Env | HO: 99.44% | Throughput: 13.61/user-min | Task: 65.98% | Resolved: 99.94% | Delay: 3.623s | Energy: 11995.45J | MEC fair: 0.513
2026-09-21 04:37:35,161 | INFO |   Reward | Success: 116.13 | Load: 19.00 | Delay: -37.05 | Energy: -24.26 | TaskFail: -59.87 | Interrupt: -22.44 | HOFail: -0.13
2026-09-21 04:38:41,778 | INFO | Update   27 | Steps:  13,824 | Episodes:    27 | EpReward:    -9.55 | FPS:   7943 | Actor Loss: 0.0000 | Critic Loss: 0.0000 | HAN Grad: 0.0000 | HAN Δ: 0.000000 | HAN Metapaths: 0
2026-09-21 04:38:41,778 | INFO |   Phase | Rollout: 0.00s | PPO update: 0.00s
2026-09-21 04:38:41,778 | INFO |   Env | HO: 99.47% | Throughput: 14.33/user-min | Task: 67.30% | Resolved: 99.92% | Delay: 3.631s | Energy: 12161.71J | MEC fair: 0.504
2026-09-21 04:38:41,778 | INFO |   Reward | Success: 122.30 | Load: 19.68 | Delay: -39.17 | Energy: -25.30 | TaskFail: -59.42 | Interrupt: -23.58 | HOFail: -0.11
2026-09-21 04:39:48,633 | INFO | Update   28 | Steps:  14,336 | Episodes:    28 | EpReward:    -9.20 | FPS:   6571 | Actor Loss: 0.0000 | Critic Loss: 0.0000 | HAN Grad: 0.0000 | HAN Δ: 0.000000 | HAN Metapaths: 0
2026-09-21 04:39:48,633 | INFO |   Phase | Rollout: 0.00s | PPO update: 0.00s
2026-09-21 04:39:48,633 | INFO |   Env | HO: 99.06% | Throughput: 14.17/user-min | Task: 67.24% | Resolved: 99.90% | Delay: 3.623s | Energy: 12099.16J | MEC fair: 0.528
2026-09-21 04:39:48,633 | INFO |   Reward | Success: 120.88 | Load: 19.40 | Delay: -38.09 | Energy: -24.72 | TaskFail: -58.90 | Interrupt: -18.14 | HOFail: -0.16
2026-09-21 04:40:55,339 | INFO | Update   29 | Steps:  14,848 | Episodes:    29 | EpReward:    -8.67 | FPS:   7951 | Actor Loss: 0.0000 | Critic Loss: 0.0000 | HAN Grad: 0.0000 | HAN Δ: 0.000000 | HAN Metapaths: 0
2026-09-21 04:40:55,339 | INFO |   Phase | Rollout: 0.00s | PPO update: 0.00s
2026-09-21 04:40:55,339 | INFO |   Env | HO: 99.39% | Throughput: 14.69/user-min | Task: 70.00% | Resolved: 99.94% | Delay: 3.502s | Energy: 11930.97J | MEC fair: 0.531
2026-09-21 04:40:55,339 | INFO |   Reward | Success: 125.35 | Load: 19.30 | Delay: -40.01 | Energy: -25.92 | TaskFail: -53.72 | Interrupt: -18.68 | HOFail: -0.10
2026-09-21 04:42:01,802 | INFO | Update   30 | Steps:  15,360 | Episodes:    30 | EpReward:    -8.51 | FPS:   6161 | Actor Loss: 0.0000 | Critic Loss: 0.0000 | HAN Grad: 0.0000 | HAN Δ: 0.000000 | HAN Metapaths: 0
2026-09-21 04:42:01,802 | INFO |   Phase | Rollout: 0.00s | PPO update: 0.00s
2026-09-21 04:42:01,802 | INFO |   Env | HO: 99.59% | Throughput: 13.92/user-min | Task: 66.62% | Resolved: 99.85% | Delay: 3.758s | Energy: 12171.11J | MEC fair: 0.431
2026-09-21 04:42:01,802 | INFO |   Reward | Success: 118.83 | Load: 17.77 | Delay: -38.02 | Energy: -24.60 | TaskFail: -59.55 | Interrupt: -18.30 | HOFail: -0.05
2026-09-21 04:43:07,803 | INFO | Update   31 | Steps:  15,872 | Episodes:    31 | EpReward:    -8.37 | FPS:   7588 | Actor Loss: 0.0000 | Critic Loss: 0.0000 | HAN Grad: 0.0000 | HAN Δ: 0.000000 | HAN Metapaths: 0
2026-09-21 04:43:07,803 | INFO |   Phase | Rollout: 0.00s | PPO update: 0.00s
2026-09-21 04:43:07,803 | INFO |   Env | HO: 99.59% | Throughput: 13.49/user-min | Task: 64.09% | Resolved: 99.89% | Delay: 3.958s | Energy: 12842.48J | MEC fair: 0.588
2026-09-21 04:43:07,803 | INFO |   Reward | Success: 115.15 | Load: 20.17 | Delay: -37.29 | Energy: -24.57 | TaskFail: -64.52 | Interrupt: -13.13 | HOFail: -0.05
2026-09-21 04:44:14,347 | INFO | Update   32 | Steps:  16,384 | Episodes:    32 | EpReward:    -7.90 | FPS:   5927 | Actor Loss: 0.0000 | Critic Loss: 0.0000 | HAN Grad: 0.0000 | HAN Δ: 0.000000 | HAN Metapaths: 0
2026-09-21 04:44:14,347 | INFO |   Phase | Rollout: 0.00s | PPO update: 0.00s
2026-09-21 04:44:14,347 | INFO |   Env | HO: 99.37% | Throughput: 14.38/user-min | Task: 68.93% | Resolved: 99.94% | Delay: 3.491s | Energy: 11839.09J | MEC fair: 0.499
2026-09-21 04:44:14,347 | INFO |   Reward | Success: 122.68 | Load: 18.82 | Delay: -38.86 | Energy: -25.15 | TaskFail: -55.30 | Interrupt: -15.29 | HOFail: -0.08
2026-09-21 04:45:20,546 | INFO | Update   33 | Steps:  16,896 | Episodes:    33 | EpReward:    -7.48 | FPS:   6408 | Actor Loss: 0.0000 | Critic Loss: 0.0000 | HAN Grad: 0.0000 | HAN Δ: 0.000000 | HAN Metapaths: 0
2026-09-21 04:45:20,546 | INFO |   Phase | Rollout: 0.00s | PPO update: 0.00s
2026-09-21 04:45:20,546 | INFO |   Env | HO: 99.28% | Throughput: 14.58/user-min | Task: 70.63% | Resolved: 99.94% | Delay: 3.374s | Energy: 11488.75J | MEC fair: 0.506
2026-09-21 04:45:20,546 | INFO |   Reward | Success: 124.40 | Load: 19.45 | Delay: -39.78 | Energy: -25.76 | TaskFail: -51.72 | Interrupt: -20.48 | HOFail: -0.11
2026-09-21 04:46:26,705 | INFO | Update   34 | Steps:  17,408 | Episodes:    34 | EpReward:    -7.53 | FPS:   9856 | Actor Loss: 0.0000 | Critic Loss: 0.0000 | HAN Grad: 0.0000 | HAN Δ: 0.000000 | HAN Metapaths: 0
2026-09-21 04:46:26,705 | INFO |   Phase | Rollout: 0.00s | PPO update: 0.00s
2026-09-21 04:46:26,705 | INFO |   Env | HO: 99.58% | Throughput: 13.42/user-min | Task: 62.75% | Resolved: 99.95% | Delay: 4.256s | Energy: 12851.48J | MEC fair: 0.440
2026-09-21 04:46:26,705 | INFO |   Reward | Success: 114.48 | Load: 17.87 | Delay: -36.33 | Energy: -23.74 | TaskFail: -67.95 | Interrupt: -13.43 | HOFail: -0.04
2026-09-21 04:47:32,706 | INFO | Update   35 | Steps:  17,920 | Episodes:    35 | EpReward:    -7.22 | FPS:   6180 | Actor Loss: 0.0000 | Critic Loss: 0.0000 | HAN Grad: 0.0000 | HAN Δ: 0.000000 | HAN Metapaths: 0
2026-09-21 04:47:32,706 | INFO |   Phase | Rollout: 0.00s | PPO update: 0.00s
2026-09-21 04:47:32,706 | INFO |   Env | HO: 99.39% | Throughput: 13.74/user-min | Task: 65.81% | Resolved: 99.92% | Delay: 3.748s | Energy: 12504.49J | MEC fair: 0.595
2026-09-21 04:47:32,706 | INFO |   Reward | Success: 117.23 | Load: 20.45 | Delay: -37.67 | Energy: -24.68 | TaskFail: -60.90 | Interrupt: -10.97 | HOFail: -0.07
2026-09-21 04:48:39,279 | INFO | Update   36 | Steps:  18,432 | Episodes:    36 | EpReward:    -6.98 | FPS:   6489 | Actor Loss: 0.0000 | Critic Loss: 0.0000 | HAN Grad: 0.0000 | HAN Δ: 0.000000 | HAN Metapaths: 0
2026-09-21 04:48:39,279 | INFO |   Phase | Rollout: 0.00s | PPO update: 0.00s
2026-09-21 04:48:39,279 | INFO |   Env | HO: 99.44% | Throughput: 14.25/user-min | Task: 66.82% | Resolved: 99.89% | Delay: 3.788s | Energy: 12012.62J | MEC fair: 0.455
2026-09-21 04:48:39,279 | INFO |   Reward | Success: 121.58 | Load: 18.11 | Delay: -38.10 | Energy: -24.67 | TaskFail: -60.37 | Interrupt: -15.26 | HOFail: -0.07
2026-09-21 04:49:45,253 | INFO | Update   37 | Steps:  18,944 | Episodes:    37 | EpReward:    -6.67 | FPS:   8026 | Actor Loss: 0.0000 | Critic Loss: 0.0000 | HAN Grad: 0.0000 | HAN Δ: 0.000000 | HAN Metapaths: 0
2026-09-21 04:49:45,253 | INFO |   Phase | Rollout: 0.00s | PPO update: 0.00s
2026-09-21 04:49:45,253 | INFO |   Env | HO: 99.33% | Throughput: 13.81/user-min | Task: 66.39% | Resolved: 99.93% | Delay: 3.684s | Energy: 12374.89J | MEC fair: 0.633
2026-09-21 04:49:45,253 | INFO |   Reward | Success: 117.83 | Load: 20.79 | Delay: -37.66 | Energy: -25.00 | TaskFail: -59.65 | Interrupt: -11.58 | HOFail: -0.07
2026-09-21 04:50:51,540 | INFO | Update   38 | Steps:  19,456 | Episodes:    38 | EpReward:    -6.50 | FPS:   6077 | Actor Loss: 0.0000 | Critic Loss: 0.0000 | HAN Grad: 0.0000 | HAN Δ: 0.000000 | HAN Metapaths: 0
2026-09-21 04:50:51,540 | INFO |   Phase | Rollout: 0.00s | PPO update: 0.00s
2026-09-21 04:50:51,540 | INFO |   Env | HO: 99.40% | Throughput: 13.58/user-min | Task: 64.70% | Resolved: 99.90% | Delay: 3.875s | Energy: 12534.58J | MEC fair: 0.468
2026-09-21 04:50:51,540 | INFO |   Reward | Success: 115.85 | Load: 18.50 | Delay: -37.00 | Energy: -24.25 | TaskFail: -63.20 | Interrupt: -10.26 | HOFail: -0.06
2026-09-21 04:51:57,320 | INFO | Update   39 | Steps:  19,968 | Episodes:    39 | EpReward:    -6.11 | FPS:   7394 | Actor Loss: 0.0000 | Critic Loss: 0.0000 | HAN Grad: 0.0000 | HAN Δ: 0.000000 | HAN Metapaths: 0
2026-09-21 04:51:57,320 | INFO |   Phase | Rollout: 0.00s | PPO update: 0.00s
2026-09-21 04:51:57,320 | INFO |   Env | HO: 99.59% | Throughput: 13.90/user-min | Task: 67.30% | Resolved: 99.93% | Delay: 3.686s | Energy: 12177.43J | MEC fair: 0.573
2026-09-21 04:51:57,320 | INFO |   Reward | Success: 118.63 | Load: 20.16 | Delay: -37.68 | Energy: -24.69 | TaskFail: -57.65 | Interrupt: -9.96 | HOFail: -0.04
2026-09-21 04:53:03,899 | INFO | Update   40 | Steps:  20,480 | Episodes:    40 | EpReward:    -5.74 | FPS:   7114 | Actor Loss: 0.0000 | Critic Loss: 0.0000 | HAN Grad: 0.0000 | HAN Δ: 0.000000 | HAN Metapaths: 0
2026-09-21 04:53:03,899 | INFO |   Phase | Rollout: 0.00s | PPO update: 0.00s
2026-09-21 04:53:03,899 | INFO |   Env | HO: 99.75% | Throughput: 14.57/user-min | Task: 69.67% | Resolved: 99.89% | Delay: 3.571s | Energy: 11449.34J | MEC fair: 0.464
2026-09-21 04:53:03,899 | INFO |   Reward | Success: 124.30 | Load: 18.21 | Delay: -38.87 | Energy: -24.85 | TaskFail: -54.12 | Interrupt: -15.78 | HOFail: -0.03
2026-09-21 04:54:10,585 | INFO | Update   41 | Steps:  20,992 | Episodes:    41 | EpReward:    -5.40 | FPS:   7801 | Actor Loss: 0.0000 | Critic Loss: 0.0000 | HAN Grad: 0.0000 | HAN Δ: 0.000000 | HAN Metapaths: 0
2026-09-21 04:54:10,585 | INFO |   Phase | Rollout: 0.00s | PPO update: 0.00s
2026-09-21 04:54:10,585 | INFO |   Env | HO: 99.59% | Throughput: 14.84/user-min | Task: 70.58% | Resolved: 99.89% | Delay: 3.346s | Energy: 11386.47J | MEC fair: 0.466
2026-09-21 04:54:10,585 | INFO |   Reward | Success: 126.68 | Load: 18.78 | Delay: -39.52 | Energy: -25.45 | TaskFail: -52.80 | Interrupt: -19.46 | HOFail: -0.06
2026-09-21 04:55:16,736 | INFO | Update   42 | Steps:  21,504 | Episodes:    42 | EpReward:    -5.37 | FPS:   8999 | Actor Loss: 0.0000 | Critic Loss: 0.0000 | HAN Grad: 0.0000 | HAN Δ: 0.000000 | HAN Metapaths: 0
2026-09-21 04:55:16,736 | INFO |   Phase | Rollout: 0.00s | PPO update: 0.00s
2026-09-21 04:55:16,736 | INFO |   Env | HO: 99.63% | Throughput: 13.21/user-min | Task: 63.02% | Resolved: 99.92% | Delay: 4.347s | Energy: 12593.30J | MEC fair: 0.591
2026-09-21 04:55:16,736 | INFO |   Reward | Success: 112.75 | Load: 20.33 | Delay: -36.42 | Energy: -23.57 | TaskFail: -66.17 | Interrupt: -11.15 | HOFail: -0.04
2026-09-21 04:56:22,858 | INFO | Update   43 | Steps:  22,016 | Episodes:    43 | EpReward:    -5.01 | FPS:   6631 | Actor Loss: 0.0000 | Critic Loss: 0.0000 | HAN Grad: 0.0000 | HAN Δ: 0.000000 | HAN Metapaths: 0
2026-09-21 04:56:22,858 | INFO |   Phase | Rollout: 0.00s | PPO update: 0.00s
2026-09-21 04:56:22,858 | INFO |   Env | HO: 99.51% | Throughput: 14.20/user-min | Task: 68.50% | Resolved: 99.87% | Delay: 3.741s | Energy: 12059.28J | MEC fair: 0.448
2026-09-21 04:56:22,858 | INFO |   Reward | Success: 121.20 | Load: 18.16 | Delay: -37.98 | Energy: -25.12 | TaskFail: -55.72 | Interrupt: -10.44 | HOFail: -0.05
2026-09-21 04:57:29,133 | INFO | Update   44 | Steps:  22,528 | Episodes:    44 | EpReward:    -4.80 | FPS:   9727 | Actor Loss: 0.0000 | Critic Loss: 0.0000 | HAN Grad: 0.0000 | HAN Δ: 0.000000 | HAN Metapaths: 0
2026-09-21 04:57:29,133 | INFO |   Phase | Rollout: 0.00s | PPO update: 0.00s
2026-09-21 04:57:29,134 | INFO |   Env | HO: 99.66% | Throughput: 14.31/user-min | Task: 66.86% | Resolved: 99.92% | Delay: 3.723s | Energy: 12297.22J | MEC fair: 0.339
2026-09-21 04:57:29,134 | INFO |   Reward | Success: 122.10 | Load: 16.46 | Delay: -38.32 | Energy: -25.03 | TaskFail: -60.52 | Interrupt: -10.52 | HOFail: -0.03
2026-09-21 04:58:35,506 | INFO | Update   45 | Steps:  23,040 | Episodes:    45 | EpReward:    -4.69 | FPS:   5641 | Actor Loss: 0.0000 | Critic Loss: 0.0000 | HAN Grad: 0.0000 | HAN Δ: 0.000000 | HAN Metapaths: 0
2026-09-21 04:58:35,506 | INFO |   Phase | Rollout: 0.00s | PPO update: 0.00s
2026-09-21 04:58:35,506 | INFO |   Env | HO: 99.57% | Throughput: 13.78/user-min | Task: 65.32% | Resolved: 99.94% | Delay: 3.831s | Energy: 12651.78J | MEC fair: 0.445
2026-09-21 04:58:35,507 | INFO |   Reward | Success: 117.58 | Load: 18.17 | Delay: -37.46 | Energy: -24.75 | TaskFail: -62.42 | Interrupt: -10.93 | HOFail: -0.04
2026-09-21 04:59:41,842 | INFO | Update   46 | Steps:  23,552 | Episodes:    46 | EpReward:    -4.42 | FPS:   6957 | Actor Loss: 0.0000 | Critic Loss: 0.0000 | HAN Grad: 0.0000 | HAN Δ: 0.000000 | HAN Metapaths: 0
2026-09-21 04:59:41,842 | INFO |   Phase | Rollout: 0.00s | PPO update: 0.00s
2026-09-21 04:59:41,842 | INFO |   Env | HO: 99.47% | Throughput: 14.33/user-min | Task: 68.19% | Resolved: 99.94% | Delay: 3.702s | Energy: 11858.36J | MEC fair: 0.470
2026-09-21 04:59:41,842 | INFO |   Reward | Success: 122.28 | Load: 18.13 | Delay: -38.33 | Energy: -24.78 | TaskFail: -57.05 | Interrupt: -12.34 | HOFail: -0.06
2026-09-21 05:00:48,515 | INFO | Update   47 | Steps:  24,064 | Episodes:    47 | EpReward:    -4.10 | FPS:   6762 | Actor Loss: 0.0000 | Critic Loss: 0.0000 | HAN Grad: 0.0000 | HAN Δ: 0.000000 | HAN Metapaths: 0
2026-09-21 05:00:48,515 | INFO |   Phase | Rollout: 0.00s | PPO update: 0.00s
2026-09-21 05:00:48,515 | INFO |   Env | HO: 99.32% | Throughput: 14.27/user-min | Task: 68.05% | Resolved: 99.87% | Delay: 3.891s | Energy: 11633.41J | MEC fair: 0.448
2026-09-21 05:00:48,515 | INFO |   Reward | Success: 121.80 | Load: 17.64 | Delay: -37.75 | Energy: -24.54 | TaskFail: -57.17 | Interrupt: -9.42 | HOFail: -0.06
2026-09-21 05:01:54,048 | INFO | Update   48 | Steps:  24,576 | Episodes:    48 | EpReward:    -3.78 | FPS:   5444 | Actor Loss: 0.0000 | Critic Loss: 0.0000 | HAN Grad: 0.0000 | HAN Δ: 0.000000 | HAN Metapaths: 0
2026-09-21 05:01:54,048 | INFO |   Phase | Rollout: 0.00s | PPO update: 0.00s
2026-09-21 05:01:54,048 | INFO |   Env | HO: 99.63% | Throughput: 14.29/user-min | Task: 68.69% | Resolved: 99.90% | Delay: 3.520s | Energy: 12038.76J | MEC fair: 0.570
2026-09-21 05:01:54,048 | INFO |   Reward | Success: 121.90 | Load: 20.15 | Delay: -38.21 | Energy: -25.51 | TaskFail: -55.57 | Interrupt: -11.02 | HOFail: -0.03
2026-09-21 05:02:48,822 | INFO | ----------------------------------------
2026-09-21 05:02:48,823 | INFO | 开始评估 HAN+PDQN...
2026-09-21 05:04:44,676 | INFO | 模型已保存: /home/pjpjq/LEO_switch/results/multiseed_0907/seed46/u40/learned_baselines/han_pdqn/best_model.pt
2026-09-21 05:04:44,676 | INFO | 评估结果: 奖励 = 36.41 ± 8.42, 长度 = 512, 延迟 = 3.143s
2026-09-21 05:04:44,676 | INFO | ----------------------------------------
2026-09-21 05:04:56,124 | INFO | Update   49 | Steps:  25,088 | Episodes:    49 | EpReward:    -3.54 | FPS:   6297 | Actor Loss: 0.0000 | Critic Loss: 0.0000 | HAN Grad: 0.0000 | HAN Δ: 0.000000 | HAN Metapaths: 0
2026-09-21 05:04:56,124 | INFO |   Phase | Rollout: 0.00s | PPO update: 0.00s
2026-09-21 05:04:56,124 | INFO |   Env | HO: 99.58% | Throughput: 13.88/user-min | Task: 66.92% | Resolved: 99.87% | Delay: 3.942s | Energy: 12280.59J | MEC fair: 0.539
2026-09-21 05:04:56,124 | INFO |   Reward | Success: 118.45 | Load: 19.67 | Delay: -37.44 | Energy: -24.66 | TaskFail: -58.55 | Interrupt: -9.49 | HOFail: -0.03
2026-09-21 05:06:01,786 | INFO | Update   50 | Steps:  25,600 | Episodes:    50 | EpReward:    -3.29 | FPS:   8220 | Actor Loss: 0.0000 | Critic Loss: 0.0000 | HAN Grad: 0.0000 | HAN Δ: 0.000000 | HAN Metapaths: 0
2026-09-21 05:06:01,786 | INFO |   Phase | Rollout: 0.00s | PPO update: 0.00s
2026-09-21 05:06:01,786 | INFO |   Env | HO: 99.51% | Throughput: 14.60/user-min | Task: 68.41% | Resolved: 99.93% | Delay: 3.631s | Energy: 12180.02J | MEC fair: 0.447
2026-09-21 05:06:01,786 | INFO |   Reward | Success: 124.60 | Load: 18.14 | Delay: -39.03 | Energy: -25.67 | TaskFail: -57.52 | Interrupt: -11.60 | HOFail: -0.04
2026-09-21 05:07:08,072 | INFO | Update   51 | Steps:  26,112 | Episodes:    51 | EpReward:    -2.70 | FPS:   9100 | Actor Loss: 0.0000 | Critic Loss: 0.0000 | HAN Grad: 0.0000 | HAN Δ: 0.000000 | HAN Metapaths: 0
2026-09-21 05:07:08,072 | INFO |   Phase | Rollout: 0.00s | PPO update: 0.00s
2026-09-21 05:07:08,072 | INFO |   Env | HO: 99.51% | Throughput: 16.04/user-min | Task: 76.01% | Resolved: 99.93% | Delay: 3.010s | Energy: 10882.47J | MEC fair: 0.512
2026-09-21 05:07:08,072 | INFO |   Reward | Success: 136.88 | Load: 19.71 | Delay: -42.23 | Energy: -27.61 | TaskFail: -43.20 | Interrupt: -16.93 | HOFail: -0.07
2026-09-21 05:08:13,993 | INFO | Update   52 | Steps:  26,624 | Episodes:    52 | EpReward:    -2.46 | FPS:   9595 | Actor Loss: 0.0000 | Critic Loss: 0.0000 | HAN Grad: 0.0000 | HAN Δ: 0.000000 | HAN Metapaths: 0
2026-09-21 05:08:13,994 | INFO |   Phase | Rollout: 0.00s | PPO update: 0.00s
2026-09-21 05:08:13,994 | INFO |   Env | HO: 99.60% | Throughput: 14.25/user-min | Task: 67.71% | Resolved: 99.89% | Delay: 3.688s | Energy: 12199.38J | MEC fair: 0.495
2026-09-21 05:08:13,994 | INFO |   Reward | Success: 121.58 | Load: 18.98 | Delay: -38.55 | Energy: -25.33 | TaskFail: -57.97 | Interrupt: -8.68 | HOFail: -0.03
2026-09-21 05:09:20,674 | INFO | Update   53 | Steps:  27,136 | Episodes:    53 | EpReward:    -2.04 | FPS:  11216 | Actor Loss: 0.0000 | Critic Loss: 0.0000 | HAN Grad: 0.0000 | HAN Δ: 0.000000 | HAN Metapaths: 0
2026-09-21 05:09:20,675 | INFO |   Phase | Rollout: 0.00s | PPO update: 0.00s
2026-09-21 05:09:20,675 | INFO |   Env | HO: 99.64% | Throughput: 15.09/user-min | Task: 71.22% | Resolved: 99.90% | Delay: 3.501s | Energy: 11478.97J | MEC fair: 0.454
2026-09-21 05:09:20,675 | INFO |   Reward | Success: 128.78 | Load: 17.56 | Delay: -39.58 | Energy: -25.56 | TaskFail: -52.05 | Interrupt: -9.21 | HOFail: -0.03
2026-09-21 05:10:27,231 | INFO | Update   54 | Steps:  27,648 | Episodes:    54 | EpReward:    -1.42 | FPS:   7907 | Actor Loss: 0.0000 | Critic Loss: 0.0000 | HAN Grad: 0.0000 | HAN Δ: 0.000000 | HAN Metapaths: 0
2026-09-21 05:10:27,231 | INFO |   Phase | Rollout: 0.00s | PPO update: 0.00s
2026-09-21 05:10:27,231 | INFO |   Env | HO: 99.64% | Throughput: 15.70/user-min | Task: 75.68% | Resolved: 99.92% | Delay: 3.033s | Energy: 11056.39J | MEC fair: 0.460
2026-09-21 05:10:27,232 | INFO |   Reward | Success: 134.00 | Load: 17.82 | Delay: -40.60 | Energy: -27.07 | TaskFail: -43.05 | Interrupt: -9.86 | HOFail: -0.04
2026-09-21 05:11:33,884 | INFO | Update   55 | Steps:  28,160 | Episodes:    55 | EpReward:    -0.80 | FPS:   7570 | Actor Loss: 0.0000 | Critic Loss: 0.0000 | HAN Grad: 0.0000 | HAN Δ: 0.000000 | HAN Metapaths: 0
2026-09-21 05:11:33,884 | INFO |   Phase | Rollout: 0.00s | PPO update: 0.00s
2026-09-21 05:11:33,884 | INFO |   Env | HO: 99.63% | Throughput: 15.96/user-min | Task: 76.79% | Resolved: 99.90% | Delay: 3.033s | Energy: 10876.62J | MEC fair: 0.494
2026-09-21 05:11:33,884 | INFO |   Reward | Success: 136.20 | Load: 18.44 | Delay: -41.50 | Energy: -27.33 | TaskFail: -41.17 | Interrupt: -11.87 | HOFail: -0.04
2026-09-21 05:12:39,783 | INFO | Update   56 | Steps:  28,672 | Episodes:    56 | EpReward:    -0.43 | FPS:   7700 | Actor Loss: 0.0000 | Critic Loss: 0.0000 | HAN Grad: 0.0000 | HAN Δ: 0.000000 | HAN Metapaths: 0
2026-09-21 05:12:39,783 | INFO |   Phase | Rollout: 0.00s | PPO update: 0.00s
2026-09-21 05:12:39,783 | INFO |   Env | HO: 100.00% | Throughput: 14.65/user-min | Task: 70.10% | Resolved: 99.89% | Delay: 3.530s | Energy: 11882.42J | MEC fair: 0.599
2026-09-21 05:12:39,783 | INFO |   Reward | Success: 125.05 | Load: 20.38 | Delay: -38.77 | Energy: -25.83 | TaskFail: -53.35 | Interrupt: -7.26 | HOFail: 0.00
2026-09-21 05:13:46,092 | INFO | Update   57 | Steps:  29,184 | Episodes:    57 | EpReward:    -0.20 | FPS:   7807 | Actor Loss: 0.0000 | Critic Loss: 0.0000 | HAN Grad: 0.0000 | HAN Δ: 0.000000 | HAN Metapaths: 0
2026-09-21 05:13:46,092 | INFO |   Phase | Rollout: 0.00s | PPO update: 0.00s
2026-09-21 05:13:46,092 | INFO |   Env | HO: 99.84% | Throughput: 14.67/user-min | Task: 69.45% | Resolved: 99.90% | Delay: 3.817s | Energy: 11791.44J | MEC fair: 0.471
2026-09-21 05:13:46,092 | INFO |   Reward | Success: 125.23 | Load: 17.61 | Delay: -38.73 | Energy: -25.15 | TaskFail: -55.07 | Interrupt: -11.39 | HOFail: -0.01
2026-09-21 05:14:52,543 | INFO | Update   58 | Steps:  29,696 | Episodes:    58 | EpReward:     0.14 | FPS:   6831 | Actor Loss: 0.0000 | Critic Loss: 0.0000 | HAN Grad: 0.0000 | HAN Δ: 0.000000 | HAN Metapaths: 0
2026-09-21 05:14:52,543 | INFO |   Phase | Rollout: 0.00s | PPO update: 0.00s
2026-09-21 05:14:52,543 | INFO |   Env | HO: 99.75% | Throughput: 15.02/user-min | Task: 71.19% | Resolved: 99.90% | Delay: 3.463s | Energy: 11839.89J | MEC fair: 0.403
2026-09-21 05:14:52,543 | INFO |   Reward | Success: 128.20 | Load: 17.31 | Delay: -40.12 | Energy: -26.16 | TaskFail: -51.87 | Interrupt: -8.00 | HOFail: -0.02
2026-09-21 05:15:58,329 | INFO | Update   59 | Steps:  30,208 | Episodes:    59 | EpReward:     0.57 | FPS:   8887 | Actor Loss: 0.0000 | Critic Loss: 0.0000 | HAN Grad: 0.0000 | HAN Δ: 0.000000 | HAN Metapaths: 0
2026-09-21 05:15:58,329 | INFO |   Phase | Rollout: 0.00s | PPO update: 0.00s
2026-09-21 05:15:58,329 | INFO |   Env | HO: 99.75% | Throughput: 15.49/user-min | Task: 73.69% | Resolved: 99.97% | Delay: 3.276s | Energy: 11517.02J | MEC fair: 0.391
2026-09-21 05:15:58,329 | INFO |   Reward | Success: 132.20 | Load: 17.88 | Delay: -41.00 | Energy: -27.07 | TaskFail: -47.20 | Interrupt: -9.18 | HOFail: -0.02
2026-09-21 05:17:05,299 | INFO | Update   60 | Steps:  30,720 | Episodes:    60 | EpReward:     0.97 | FPS:   6206 | Actor Loss: 0.0000 | Critic Loss: 0.0000 | HAN Grad: 0.0000 | HAN Δ: 0.000000 | HAN Metapaths: 0
2026-09-21 05:17:05,299 | INFO |   Phase | Rollout: 0.00s | PPO update: 0.00s
2026-09-21 05:17:05,299 | INFO |   Env | HO: 99.79% | Throughput: 15.17/user-min | Task: 72.84% | Resolved: 99.94% | Delay: 3.361s | Energy: 11509.25J | MEC fair: 0.441
2026-09-21 05:17:05,299 | INFO |   Reward | Success: 129.45 | Load: 17.74 | Delay: -40.01 | Energy: -26.57 | TaskFail: -48.27 | Interrupt: -7.77 | HOFail: -0.02
2026-09-21 05:18:11,377 | INFO | Update   61 | Steps:  31,232 | Episodes:    61 | EpReward:     1.37 | FPS:   8703 | Actor Loss: 0.0000 | Critic Loss: 0.0000 | HAN Grad: 0.0000 | HAN Δ: 0.000000 | HAN Metapaths: 0
2026-09-21 05:18:11,378 | INFO |   Phase | Rollout: 0.00s | PPO update: 0.00s
2026-09-21 05:18:11,378 | INFO |   Env | HO: 99.70% | Throughput: 15.36/user-min | Task: 72.10% | Resolved: 99.89% | Delay: 3.334s | Energy: 11771.34J | MEC fair: 0.521
2026-09-21 05:18:11,378 | INFO |   Reward | Success: 131.10 | Load: 18.57 | Delay: -40.09 | Energy: -26.98 | TaskFail: -50.72 | Interrupt: -6.62 | HOFail: -0.02
2026-09-21 05:19:17,411 | INFO | Update   62 | Steps:  31,744 | Episodes:    62 | EpReward:     1.67 | FPS:   8335 | Actor Loss: 0.0000 | Critic Loss: 0.0000 | HAN Grad: 0.0000 | HAN Δ: 0.000000 | HAN Metapaths: 0
2026-09-21 05:19:17,411 | INFO |   Phase | Rollout: 0.00s | PPO update: 0.00s
2026-09-21 05:19:17,411 | INFO |   Env | HO: 99.60% | Throughput: 14.49/user-min | Task: 69.77% | Resolved: 99.87% | Delay: 3.562s | Energy: 11736.71J | MEC fair: 0.605
2026-09-21 05:19:17,411 | INFO |   Reward | Success: 123.63 | Load: 20.62 | Delay: -38.63 | Energy: -25.13 | TaskFail: -53.57 | Interrupt: -6.60 | HOFail: -0.03
2026-09-21 05:20:23,368 | INFO | Update   63 | Steps:  32,256 | Episodes:    63 | EpReward:     1.94 | FPS:   9147 | Actor Loss: 0.0000 | Critic Loss: 0.0000 | HAN Grad: 0.0000 | HAN Δ: 0.000000 | HAN Metapaths: 0
2026-09-21 05:20:23,368 | INFO |   Phase | Rollout: 0.00s | PPO update: 0.00s
2026-09-21 05:20:23,368 | INFO |   Env | HO: 99.65% | Throughput: 15.17/user-min | Task: 72.63% | Resolved: 99.93% | Delay: 3.354s | Energy: 11584.76J | MEC fair: 0.400
2026-09-21 05:20:23,368 | INFO |   Reward | Success: 129.45 | Load: 16.31 | Delay: -39.61 | Energy: -26.56 | TaskFail: -48.77 | Interrupt: -12.27 | HOFail: -0.02
2026-09-21 05:21:29,560 | INFO | Update   64 | Steps:  32,768 | Episodes:    64 | EpReward:     2.38 | FPS:   7494 | Actor Loss: 0.0000 | Critic Loss: 0.0000 | HAN Grad: 0.0000 | HAN Δ: 0.000000 | HAN Metapaths: 0
2026-09-21 05:21:29,560 | INFO |   Phase | Rollout: 0.00s | PPO update: 0.00s
2026-09-21 05:21:29,560 | INFO |   Env | HO: 99.89% | Throughput: 15.26/user-min | Task: 73.72% | Resolved: 99.92% | Delay: 3.205s | Energy: 11461.40J | MEC fair: 0.582
2026-09-21 05:21:29,560 | INFO |   Reward | Success: 130.20 | Load: 20.70 | Delay: -40.46 | Energy: -26.94 | TaskFail: -46.42 | Interrupt: -6.78 | HOFail: -0.01
2026-09-21 05:22:35,473 | INFO | Update   65 | Steps:  33,280 | Episodes:    65 | EpReward:     2.75 | FPS:   8823 | Actor Loss: 0.0000 | Critic Loss: 0.0000 | HAN Grad: 0.0000 | HAN Δ: 0.000000 | HAN Metapaths: 0
2026-09-21 05:22:35,473 | INFO |   Phase | Rollout: 0.00s | PPO update: 0.00s
2026-09-21 05:22:35,473 | INFO |   Env | HO: 99.46% | Throughput: 15.43/user-min | Task: 72.32% | Resolved: 99.95% | Delay: 3.556s | Energy: 11763.44J | MEC fair: 0.441
2026-09-21 05:22:35,473 | INFO |   Reward | Success: 131.68 | Load: 18.26 | Delay: -40.52 | Energy: -26.86 | TaskFail: -50.40 | Interrupt: -5.65 | HOFail: -0.03
2026-09-21 05:23:41,341 | INFO | Update   66 | Steps:  33,792 | Episodes:    66 | EpReward:     3.23 | FPS:   8379 | Actor Loss: 0.0000 | Critic Loss: 0.0000 | HAN Grad: 0.0000 | HAN Δ: 0.000000 | HAN Metapaths: 0
2026-09-21 05:23:41,341 | INFO |   Phase | Rollout: 0.00s | PPO update: 0.00s
2026-09-21 05:23:41,341 | INFO |   Env | HO: 99.78% | Throughput: 15.53/user-min | Task: 74.95% | Resolved: 99.92% | Delay: 3.350s | Energy: 11205.97J | MEC fair: 0.570
2026-09-21 05:23:41,341 | INFO |   Reward | Success: 132.53 | Load: 19.89 | Delay: -40.62 | Energy: -27.15 | TaskFail: -44.30 | Interrupt: -6.41 | HOFail: -0.01
2026-09-21 05:24:47,060 | INFO | Update   67 | Steps:  34,304 | Episodes:    67 | EpReward:     3.60 | FPS:   8481 | Actor Loss: 0.0000 | Critic Loss: 0.0000 | HAN Grad: 0.0000 | HAN Δ: 0.000000 | HAN Metapaths: 0
2026-09-21 05:24:47,060 | INFO |   Phase | Rollout: 0.00s | PPO update: 0.00s
2026-09-21 05:24:47,060 | INFO |   Env | HO: 99.75% | Throughput: 15.23/user-min | Task: 72.31% | Resolved: 99.94% | Delay: 3.422s | Energy: 11458.42J | MEC fair: 0.611
2026-09-21 05:24:47,060 | INFO |   Reward | Success: 129.95 | Load: 20.83 | Delay: -40.09 | Energy: -26.29 | TaskFail: -49.75 | Interrupt: -6.22 | HOFail: -0.01
2026-09-21 05:25:53,313 | INFO | Update   68 | Steps:  34,816 | Episodes:    68 | EpReward:     4.18 | FPS:   9267 | Actor Loss: 0.0000 | Critic Loss: 0.0000 | HAN Grad: 0.0000 | HAN Δ: 0.000000 | HAN Metapaths: 0
2026-09-21 05:25:53,313 | INFO |   Phase | Rollout: 0.00s | PPO update: 0.00s
2026-09-21 05:25:53,313 | INFO |   Env | HO: 99.56% | Throughput: 16.26/user-min | Task: 78.03% | Resolved: 99.90% | Delay: 2.896s | Energy: 10833.89J | MEC fair: 0.564
2026-09-21 05:25:53,313 | INFO |   Reward | Success: 138.73 | Load: 20.03 | Delay: -42.37 | Energy: -28.29 | TaskFail: -39.05 | Interrupt: -5.89 | HOFail: -0.02
2026-09-21 05:26:59,575 | INFO | Update   69 | Steps:  35,328 | Episodes:    69 | EpReward:     4.65 | FPS:   6200 | Actor Loss: 0.0000 | Critic Loss: 0.0000 | HAN Grad: 0.0000 | HAN Δ: 0.000000 | HAN Metapaths: 0
2026-09-21 05:26:59,575 | INFO |   Phase | Rollout: 0.00s | PPO update: 0.00s
2026-09-21 05:26:59,575 | INFO |   Env | HO: 100.00% | Throughput: 15.71/user-min | Task: 75.45% | Resolved: 99.93% | Delay: 3.128s | Energy: 11233.13J | MEC fair: 0.582
2026-09-21 05:26:59,575 | INFO |   Reward | Success: 134.05 | Load: 20.16 | Delay: -41.02 | Energy: -27.26 | TaskFail: -43.62 | Interrupt: -5.63 | HOFail: 0.00
2026-09-21 05:28:05,945 | INFO | Update   70 | Steps:  35,840 | Episodes:    70 | EpReward:     5.40 | FPS:   9097 | Actor Loss: 0.0000 | Critic Loss: 0.0000 | HAN Grad: 0.0000 | HAN Δ: 0.000000 | HAN Metapaths: 0
2026-09-21 05:28:05,945 | INFO |   Phase | Rollout: 0.00s | PPO update: 0.00s
2026-09-21 05:28:05,945 | INFO |   Env | HO: 99.90% | Throughput: 17.46/user-min | Task: 82.71% | Resolved: 99.93% | Delay: 2.670s | Energy: 9811.33J | MEC fair: 0.514
2026-09-21 05:28:05,945 | INFO |   Reward | Success: 149.03 | Load: 19.09 | Delay: -42.94 | Energy: -28.56 | TaskFail: -31.15 | Interrupt: -8.54 | HOFail: -0.01
2026-09-21 05:29:11,813 | INFO | Update   71 | Steps:  36,352 | Episodes:    71 | EpReward:     5.96 | FPS:   7985 | Actor Loss: 0.0000 | Critic Loss: 0.0000 | HAN Grad: 0.0000 | HAN Δ: 0.000000 | HAN Metapaths: 0
2026-09-21 05:29:11,813 | INFO |   Phase | Rollout: 0.00s | PPO update: 0.00s
2026-09-21 05:29:11,813 | INFO |   Env | HO: 99.82% | Throughput: 16.51/user-min | Task: 78.54% | Resolved: 99.92% | Delay: 2.988s | Energy: 10600.97J | MEC fair: 0.438
2026-09-21 05:29:11,813 | INFO |   Reward | Success: 140.90 | Load: 17.78 | Delay: -41.17 | Energy: -27.54 | TaskFail: -38.50 | Interrupt: -6.44 | HOFail: -0.01
2026-09-21 05:30:17,904 | INFO | Update   72 | Steps:  36,864 | Episodes:    72 | EpReward:     6.49 | FPS:  10399 | Actor Loss: 0.0000 | Critic Loss: 0.0000 | HAN Grad: 0.0000 | HAN Δ: 0.000000 | HAN Metapaths: 0
2026-09-21 05:30:17,904 | INFO |   Phase | Rollout: 0.00s | PPO update: 0.00s
2026-09-21 05:30:17,904 | INFO |   Env | HO: 99.83% | Throughput: 16.32/user-min | Task: 77.35% | Resolved: 99.93% | Delay: 3.013s | Energy: 10884.76J | MEC fair: 0.536
2026-09-21 05:30:17,904 | INFO |   Reward | Success: 139.25 | Load: 19.59 | Delay: -41.45 | Energy: -27.83 | TaskFail: -40.77 | Interrupt: -4.93 | HOFail: -0.01
2026-09-21 05:31:24,456 | INFO | Update   73 | Steps:  37,376 | Episodes:    73 | EpReward:     7.09 | FPS:   8061 | Actor Loss: 0.0000 | Critic Loss: 0.0000 | HAN Grad: 0.0000 | HAN Δ: 0.000000 | HAN Metapaths: 0
2026-09-21 05:31:24,456 | INFO |   Phase | Rollout: 0.00s | PPO update: 0.00s
2026-09-21 05:31:24,456 | INFO |   Env | HO: 99.84% | Throughput: 17.08/user-min | Task: 80.48% | Resolved: 99.89% | Delay: 2.764s | Energy: 10590.62J | MEC fair: 0.448
2026-09-21 05:31:24,456 | INFO |   Reward | Success: 145.78 | Load: 17.27 | Delay: -43.40 | Energy: -29.41 | TaskFail: -35.35 | Interrupt: -4.55 | HOFail: -0.01
2026-09-21 05:32:30,644 | INFO | Update   74 | Steps:  37,888 | Episodes:    74 | EpReward:     7.68 | FPS:   8201 | Actor Loss: 0.0000 | Critic Loss: 0.0000 | HAN Grad: 0.0000 | HAN Δ: 0.000000 | HAN Metapaths: 0
2026-09-21 05:32:30,645 | INFO |   Phase | Rollout: 0.00s | PPO update: 0.00s
2026-09-21 05:32:30,645 | INFO |   Env | HO: 100.00% | Throughput: 16.87/user-min | Task: 79.86% | Resolved: 99.94% | Delay: 2.864s | Energy: 10624.11J | MEC fair: 0.466
2026-09-21 05:32:30,645 | INFO |   Reward | Success: 143.98 | Load: 18.45 | Delay: -42.72 | Energy: -28.52 | TaskFail: -36.30 | Interrupt: -3.73 | HOFail: 0.00
2026-09-21 05:33:37,296 | INFO | Update   75 | Steps:  38,400 | Episodes:    75 | EpReward:     8.31 | FPS:   8655 | Actor Loss: 0.0000 | Critic Loss: 0.0000 | HAN Grad: 0.0000 | HAN Δ: 0.000000 | HAN Metapaths: 0
2026-09-21 05:33:37,296 | INFO |   Phase | Rollout: 0.00s | PPO update: 0.00s
2026-09-21 05:33:37,296 | INFO |   Env | HO: 99.62% | Throughput: 17.03/user-min | Task: 81.37% | Resolved: 99.96% | Delay: 2.774s | Energy: 10150.28J | MEC fair: 0.463
2026-09-21 05:33:37,296 | INFO |   Reward | Success: 145.33 | Load: 18.08 | Delay: -42.35 | Energy: -28.82 | TaskFail: -33.27 | Interrupt: -3.87 | HOFail: -0.01
2026-09-21 05:34:43,802 | INFO | Update   76 | Steps:  38,912 | Episodes:    76 | EpReward:     9.07 | FPS:   8273 | Actor Loss: 0.0000 | Critic Loss: 0.0000 | HAN Grad: 0.0000 | HAN Δ: 0.000000 | HAN Metapaths: 0
2026-09-21 05:34:43,802 | INFO |   Phase | Rollout: 0.00s | PPO update: 0.00s
2026-09-21 05:34:43,802 | INFO |   Env | HO: 99.65% | Throughput: 18.28/user-min | Task: 86.39% | Resolved: 99.93% | Delay: 2.429s | Energy: 9450.30J | MEC fair: 0.454
2026-09-21 05:34:43,802 | INFO |   Reward | Success: 156.00 | Load: 17.81 | Delay: -44.56 | Energy: -29.96 | TaskFail: -24.57 | Interrupt: -9.18 | HOFail: -0.02
2026-09-21 05:35:49,744 | INFO | Update   77 | Steps:  39,424 | Episodes:    77 | EpReward:     9.62 | FPS:   7103 | Actor Loss: 0.0000 | Critic Loss: 0.0000 | HAN Grad: 0.0000 | HAN Δ: 0.000000 | HAN Metapaths: 0
2026-09-21 05:35:49,745 | INFO |   Phase | Rollout: 0.00s | PPO update: 0.00s
2026-09-21 05:35:49,745 | INFO |   Env | HO: 99.66% | Throughput: 16.79/user-min | Task: 80.43% | Resolved: 99.93% | Delay: 2.866s | Energy: 10488.36J | MEC fair: 0.508
2026-09-21 05:35:49,745 | INFO |   Reward | Success: 143.25 | Load: 18.67 | Delay: -42.25 | Energy: -28.73 | TaskFail: -34.85 | Interrupt: -4.31 | HOFail: -0.01
2026-09-21 05:36:55,588 | INFO | Update   78 | Steps:  39,936 | Episodes:    78 | EpReward:    10.22 | FPS:   6092 | Actor Loss: 0.0000 | Critic Loss: 0.0000 | HAN Grad: 0.0000 | HAN Δ: 0.000000 | HAN Metapaths: 0
2026-09-21 05:36:55,588 | INFO |   Phase | Rollout: 0.00s | PPO update: 0.00s
2026-09-21 05:36:55,588 | INFO |   Env | HO: 100.00% | Throughput: 17.20/user-min | Task: 81.50% | Resolved: 99.93% | Delay: 2.797s | Energy: 10644.37J | MEC fair: 0.611
2026-09-21 05:36:55,588 | INFO |   Reward | Success: 146.78 | Load: 20.99 | Delay: -43.91 | Energy: -29.98 | TaskFail: -33.32 | Interrupt: -4.56 | HOFail: 0.00
2026-09-21 05:38:02,143 | INFO | Update   79 | Steps:  40,448 | Episodes:    79 | EpReward:    10.91 | FPS:   7080 | Actor Loss: 0.0000 | Critic Loss: 0.0000 | HAN Grad: 0.0000 | HAN Δ: 0.000000 | HAN Metapaths: 0
2026-09-21 05:38:02,143 | INFO |   Phase | Rollout: 0.00s | PPO update: 0.00s
2026-09-21 05:38:02,143 | INFO |   Env | HO: 100.00% | Throughput: 18.11/user-min | Task: 85.89% | Resolved: 99.94% | Delay: 2.449s | Energy: 9736.61J | MEC fair: 0.446
2026-09-21 05:38:02,143 | INFO |   Reward | Success: 154.53 | Load: 17.77 | Delay: -44.71 | Energy: -30.42 | TaskFail: -25.37 | Interrupt: -6.86 | HOFail: 0.00
2026-09-21 05:39:08,663 | INFO | Update   80 | Steps:  40,960 | Episodes:    80 | EpReward:    11.66 | FPS:   5335 | Actor Loss: 0.0000 | Critic Loss: 0.0000 | HAN Grad: 0.0000 | HAN Δ: 0.000000 | HAN Metapaths: 0
2026-09-21 05:39:08,663 | INFO |   Phase | Rollout: 0.00s | PPO update: 0.00s
2026-09-21 05:39:08,663 | INFO |   Env | HO: 99.77% | Throughput: 18.79/user-min | Task: 88.12% | Resolved: 99.92% | Delay: 2.282s | Energy: 9500.17J | MEC fair: 0.475
2026-09-21 05:39:08,663 | INFO |   Reward | Success: 160.38 | Load: 16.74 | Delay: -45.20 | Energy: -31.34 | TaskFail: -21.62 | Interrupt: -7.82 | HOFail: -0.01
2026-09-21 05:40:14,686 | INFO | Update   81 | Steps:  41,472 | Episodes:    81 | EpReward:    12.43 | FPS:   7005 | Actor Loss: 0.0000 | Critic Loss: 0.0000 | HAN Grad: 0.0000 | HAN Δ: 0.000000 | HAN Metapaths: 0
2026-09-21 05:40:14,686 | INFO |   Phase | Rollout: 0.00s | PPO update: 0.00s
2026-09-21 05:40:14,686 | INFO |   Env | HO: 100.00% | Throughput: 18.71/user-min | Task: 88.71% | Resolved: 99.99% | Delay: 2.276s | Energy: 9405.49J | MEC fair: 0.539
2026-09-21 05:40:14,686 | INFO |   Reward | Success: 159.65 | Load: 17.57 | Delay: -44.87 | Energy: -31.06 | TaskFail: -20.32 | Interrupt: -6.96 | HOFail: 0.00
2026-09-21 05:41:21,239 | INFO | Update   82 | Steps:  41,984 | Episodes:    82 | EpReward:    13.24 | FPS:   6998 | Actor Loss: 0.0000 | Critic Loss: 0.0000 | HAN Grad: 0.0000 | HAN Δ: 0.000000 | HAN Metapaths: 0
2026-09-21 05:41:21,239 | INFO |   Phase | Rollout: 0.00s | PPO update: 0.00s
2026-09-21 05:41:21,240 | INFO |   Env | HO: 99.74% | Throughput: 18.99/user-min | Task: 90.10% | Resolved: 99.94% | Delay: 2.162s | Energy: 8916.22J | MEC fair: 0.432
2026-09-21 05:41:21,240 | INFO |   Reward | Success: 162.03 | Load: 16.25 | Delay: -44.55 | Energy: -30.80 | TaskFail: -17.80 | Interrupt: -6.45 | HOFail: -0.01
2026-09-21 05:42:27,226 | INFO | Update   83 | Steps:  42,496 | Episodes:    83 | EpReward:    13.79 | FPS:  10152 | Actor Loss: 0.0000 | Critic Loss: 0.0000 | HAN Grad: 0.0000 | HAN Δ: 0.000000 | HAN Metapaths: 0
2026-09-21 05:42:27,226 | INFO |   Phase | Rollout: 0.00s | PPO update: 0.00s
2026-09-21 05:42:27,226 | INFO |   Env | HO: 99.76% | Throughput: 17.38/user-min | Task: 82.92% | Resolved: 99.94% | Delay: 2.716s | Energy: 10130.99J | MEC fair: 0.543
2026-09-21 05:42:27,226 | INFO |   Reward | Success: 148.28 | Load: 19.57 | Delay: -43.34 | Energy: -29.45 | TaskFail: -30.55 | Interrupt: -5.26 | HOFail: -0.01
2026-09-21 05:43:33,298 | INFO | Update   84 | Steps:  43,008 | Episodes:    84 | EpReward:    14.34 | FPS:   9041 | Actor Loss: 0.0000 | Critic Loss: 0.0000 | HAN Grad: 0.0000 | HAN Δ: 0.000000 | HAN Metapaths: 0
2026-09-21 05:43:33,299 | INFO |   Phase | Rollout: 0.00s | PPO update: 0.00s
2026-09-21 05:43:33,299 | INFO |   Env | HO: 100.00% | Throughput: 17.44/user-min | Task: 83.54% | Resolved: 99.96% | Delay: 2.629s | Energy: 10104.06J | MEC fair: 0.465
2026-09-21 05:43:33,299 | INFO |   Reward | Success: 148.80 | Load: 18.12 | Delay: -43.49 | Energy: -29.78 | TaskFail: -29.32 | Interrupt: -4.59 | HOFail: 0.00
2026-09-21 05:44:39,416 | INFO | Update   85 | Steps:  43,520 | Episodes:    85 | EpReward:    14.89 | FPS:  10478 | Actor Loss: 0.0000 | Critic Loss: 0.0000 | HAN Grad: 0.0000 | HAN Δ: 0.000000 | HAN Metapaths: 0
2026-09-21 05:44:39,416 | INFO |   Phase | Rollout: 0.00s | PPO update: 0.00s
2026-09-21 05:44:39,416 | INFO |   Env | HO: 100.00% | Throughput: 17.36/user-min | Task: 83.03% | Resolved: 99.93% | Delay: 2.654s | Energy: 10274.13J | MEC fair: 0.609
2026-09-21 05:44:39,417 | INFO |   Reward | Success: 148.18 | Load: 20.50 | Delay: -43.48 | Energy: -29.90 | TaskFail: -30.27 | Interrupt: -3.86 | HOFail: 0.00
2026-09-21 05:45:45,673 | INFO | Update   86 | Steps:  44,032 | Episodes:    86 | EpReward:    15.35 | FPS:  10195 | Actor Loss: 0.0000 | Critic Loss: 0.0000 | HAN Grad: 0.0000 | HAN Δ: 0.000000 | HAN Metapaths: 0
2026-09-21 05:45:45,673 | INFO |   Phase | Rollout: 0.00s | PPO update: 0.00s
2026-09-21 05:45:45,673 | INFO |   Env | HO: 99.72% | Throughput: 17.16/user-min | Task: 82.21% | Resolved: 99.94% | Delay: 2.817s | Energy: 10235.96J | MEC fair: 0.528
2026-09-21 05:45:45,673 | INFO |   Reward | Success: 146.45 | Load: 19.44 | Delay: -42.91 | Energy: -29.23 | TaskFail: -31.70 | Interrupt: -7.31 | HOFail: -0.01
2026-09-21 05:46:51,802 | INFO | Update   87 | Steps:  44,544 | Episodes:    87 | EpReward:    15.83 | FPS:   8692 | Actor Loss: 0.0000 | Critic Loss: 0.0000 | HAN Grad: 0.0000 | HAN Δ: 0.000000 | HAN Metapaths: 0
2026-09-21 05:46:51,802 | INFO |   Phase | Rollout: 0.00s | PPO update: 0.00s
2026-09-21 05:46:51,802 | INFO |   Env | HO: 100.00% | Throughput: 16.98/user-min | Task: 81.79% | Resolved: 99.94% | Delay: 2.735s | Energy: 10369.83J | MEC fair: 0.631
2026-09-21 05:46:51,802 | INFO |   Reward | Success: 144.93 | Load: 20.70 | Delay: -42.72 | Energy: -29.12 | TaskFail: -32.27 | Interrupt: -4.73 | HOFail: 0.00
2026-09-21 05:47:58,145 | INFO | Update   88 | Steps:  45,056 | Episodes:    88 | EpReward:    16.44 | FPS:   8293 | Actor Loss: 0.0000 | Critic Loss: 0.0000 | HAN Grad: 0.0000 | HAN Δ: 0.000000 | HAN Metapaths: 0
2026-09-21 05:47:58,145 | INFO |   Phase | Rollout: 0.00s | PPO update: 0.00s
2026-09-21 05:47:58,145 | INFO |   Env | HO: 100.00% | Throughput: 17.84/user-min | Task: 86.43% | Resolved: 100.00% | Delay: 2.470s | Energy: 9220.29J | MEC fair: 0.451
2026-09-21 05:47:58,145 | INFO |   Reward | Success: 152.25 | Load: 16.28 | Delay: -41.49 | Energy: -28.89 | TaskFail: -23.90 | Interrupt: -5.01 | HOFail: 0.00
2026-09-21 05:49:04,149 | INFO | Update   89 | Steps:  45,568 | Episodes:    89 | EpReward:    17.01 | FPS:   7237 | Actor Loss: 0.0000 | Critic Loss: 0.0000 | HAN Grad: 0.0000 | HAN Δ: 0.000000 | HAN Metapaths: 0
2026-09-21 05:49:04,149 | INFO |   Phase | Rollout: 0.00s | PPO update: 0.00s
2026-09-21 05:49:04,149 | INFO |   Env | HO: 99.69% | Throughput: 17.88/user-min | Task: 85.75% | Resolved: 99.93% | Delay: 2.487s | Energy: 9982.58J | MEC fair: 0.601
2026-09-21 05:49:04,149 | INFO |   Reward | Success: 152.60 | Load: 20.29 | Delay: -44.29 | Energy: -30.76 | TaskFail: -25.35 | Interrupt: -4.92 | HOFail: -0.01
2026-09-21 05:50:10,323 | INFO | Update   90 | Steps:  46,080 | Episodes:    90 | EpReward:    17.44 | FPS:   4423 | Actor Loss: 0.0000 | Critic Loss: 0.0000 | HAN Grad: 0.0000 | HAN Δ: 0.000000 | HAN Metapaths: 0
2026-09-21 05:50:10,323 | INFO |   Phase | Rollout: 0.00s | PPO update: 0.00s
2026-09-21 05:50:10,323 | INFO |   Env | HO: 100.00% | Throughput: 17.40/user-min | Task: 82.31% | Resolved: 99.92% | Delay: 2.750s | Energy: 10434.51J | MEC fair: 0.602
2026-09-21 05:50:10,323 | INFO |   Reward | Success: 148.50 | Load: 20.09 | Delay: -43.86 | Energy: -29.99 | TaskFail: -31.92 | Interrupt: -6.92 | HOFail: 0.00
2026-09-21 05:51:16,063 | INFO | Update   91 | Steps:  46,592 | Episodes:    91 | EpReward:    17.87 | FPS:   6473 | Actor Loss: 0.0000 | Critic Loss: 0.0000 | HAN Grad: 0.0000 | HAN Δ: 0.000000 | HAN Metapaths: 0
2026-09-21 05:51:16,063 | INFO |   Phase | Rollout: 0.00s | PPO update: 0.00s
2026-09-21 05:51:16,063 | INFO |   Env | HO: 100.00% | Throughput: 17.33/user-min | Task: 81.05% | Resolved: 99.95% | Delay: 2.874s | Energy: 10498.80J | MEC fair: 0.593
2026-09-21 05:51:16,063 | INFO |   Reward | Success: 147.90 | Load: 20.27 | Delay: -43.20 | Energy: -29.43 | TaskFail: -34.57 | Interrupt: -5.10 | HOFail: 0.00
2026-09-21 05:52:22,138 | INFO | Update   92 | Steps:  47,104 | Episodes:    92 | EpReward:    18.40 | FPS:   6695 | Actor Loss: 0.0000 | Critic Loss: 0.0000 | HAN Grad: 0.0000 | HAN Δ: 0.000000 | HAN Metapaths: 0
2026-09-21 05:52:22,138 | INFO |   Phase | Rollout: 0.00s | PPO update: 0.00s
2026-09-21 05:52:22,138 | INFO |   Env | HO: 99.46% | Throughput: 17.77/user-min | Task: 85.45% | Resolved: 99.93% | Delay: 2.520s | Energy: 9925.25J | MEC fair: 0.575
2026-09-21 05:52:22,138 | INFO |   Reward | Success: 151.68 | Load: 19.75 | Delay: -44.87 | Energy: -30.27 | TaskFail: -25.82 | Interrupt: -3.81 | HOFail: -0.01
2026-09-21 05:53:28,291 | INFO | Update   93 | Steps:  47,616 | Episodes:    93 | EpReward:    18.96 | FPS:   6713 | Actor Loss: 0.0000 | Critic Loss: 0.0000 | HAN Grad: 0.0000 | HAN Δ: 0.000000 | HAN Metapaths: 0
2026-09-21 05:53:28,291 | INFO |   Phase | Rollout: 0.00s | PPO update: 0.00s
2026-09-21 05:53:28,291 | INFO |   Env | HO: 100.00% | Throughput: 18.18/user-min | Task: 86.92% | Resolved: 99.96% | Delay: 2.402s | Energy: 9624.91J | MEC fair: 0.494
2026-09-21 05:53:28,291 | INFO |   Reward | Success: 155.10 | Load: 18.63 | Delay: -44.42 | Energy: -30.47 | TaskFail: -23.35 | Interrupt: -4.35 | HOFail: 0.00
2026-09-21 05:54:34,515 | INFO | Update   94 | Steps:  48,128 | Episodes:    94 | EpReward:    19.45 | FPS:   5687 | Actor Loss: 0.0000 | Critic Loss: 0.0000 | HAN Grad: 0.0000 | HAN Δ: 0.000000 | HAN Metapaths: 0
2026-09-21 05:54:34,516 | INFO |   Phase | Rollout: 0.00s | PPO update: 0.00s
2026-09-21 05:54:34,516 | INFO |   Env | HO: 100.00% | Throughput: 18.10/user-min | Task: 84.79% | Resolved: 99.92% | Delay: 2.494s | Energy: 10254.91J | MEC fair: 0.598
2026-09-21 05:54:34,516 | INFO |   Reward | Success: 154.43 | Load: 19.84 | Delay: -44.70 | Energy: -31.11 | TaskFail: -27.70 | Interrupt: -5.58 | HOFail: 0.00
2026-09-21 05:55:40,874 | INFO | Update   95 | Steps:  48,640 | Episodes:    95 | EpReward:    19.92 | FPS:   5940 | Actor Loss: 0.0000 | Critic Loss: 0.0000 | HAN Grad: 0.0000 | HAN Δ: 0.000000 | HAN Metapaths: 0
2026-09-21 05:55:40,874 | INFO |   Phase | Rollout: 0.00s | PPO update: 0.00s
2026-09-21 05:55:40,874 | INFO |   Env | HO: 100.00% | Throughput: 17.76/user-min | Task: 85.50% | Resolved: 99.94% | Delay: 2.490s | Energy: 9807.34J | MEC fair: 0.475
2026-09-21 05:55:40,874 | INFO |   Reward | Success: 151.53 | Load: 16.63 | Delay: -43.51 | Energy: -30.02 | TaskFail: -25.70 | Interrupt: -4.90 | HOFail: 0.00
2026-09-21 05:56:47,193 | INFO | Update   96 | Steps:  49,152 | Episodes:    96 | EpReward:    20.38 | FPS:   9663 | Actor Loss: 0.0000 | Critic Loss: 0.0000 | HAN Grad: 0.0000 | HAN Δ: 0.000000 | HAN Metapaths: 0
2026-09-21 05:56:47,194 | INFO |   Phase | Rollout: 0.00s | PPO update: 0.00s
2026-09-21 05:56:47,194 | INFO |   Env | HO: 100.00% | Throughput: 17.50/user-min | Task: 83.56% | Resolved: 99.97% | Delay: 2.610s | Energy: 10174.12J | MEC fair: 0.516
2026-09-21 05:56:47,194 | INFO |   Reward | Success: 149.35 | Load: 19.11 | Delay: -43.35 | Energy: -29.98 | TaskFail: -29.37 | Interrupt: -2.06 | HOFail: 0.00
2026-09-21 05:57:53,422 | INFO | Update   97 | Steps:  49,664 | Episodes:    97 | EpReward:    20.87 | FPS:   6050 | Actor Loss: 0.0000 | Critic Loss: 0.0000 | HAN Grad: 0.0000 | HAN Δ: 0.000000 | HAN Metapaths: 0
2026-09-21 05:57:53,422 | INFO |   Phase | Rollout: 0.00s | PPO update: 0.00s
2026-09-21 05:57:53,422 | INFO |   Env | HO: 100.00% | Throughput: 17.82/user-min | Task: 85.40% | Resolved: 99.93% | Delay: 2.482s | Energy: 10025.81J | MEC fair: 0.572
2026-09-21 05:57:53,422 | INFO |   Reward | Success: 152.08 | Load: 19.70 | Delay: -44.37 | Energy: -30.78 | TaskFail: -26.00 | Interrupt: -2.27 | HOFail: 0.00
2026-09-21 05:58:36,904 | INFO | ----------------------------------------
2026-09-21 05:58:36,904 | INFO | 开始评估 HAN+PDQN...
2026-09-21 06:00:33,077 | INFO | 模型已保存: /home/pjpjq/LEO_switch/results/multiseed_0907/seed46/u40/learned_baselines/han_pdqn/best_model.pt
2026-09-21 06:00:33,077 | INFO | 评估结果: 奖励 = 76.14 ± 5.18, 长度 = 512, 延迟 = 2.315s
2026-09-21 06:00:33,077 | INFO | ----------------------------------------
2026-09-21 06:00:33,101 | INFO | 模型已保存: /home/pjpjq/LEO_switch/results/multiseed_0907/seed46/u40/learned_baselines/han_pdqn/checkpoint_50000.pt
2026-09-21 06:00:56,015 | INFO | Update   98 | Steps:  50,176 | Episodes:    98 | EpReward:    21.39 | FPS:   8996 | Actor Loss: 0.0000 | Critic Loss: 0.0000 | HAN Grad: 0.0000 | HAN Δ: 0.000000 | HAN Metapaths: 0
2026-09-21 06:00:56,015 | INFO |   Phase | Rollout: 0.00s | PPO update: 0.00s
2026-09-21 06:00:56,015 | INFO |   Env | HO: 100.00% | Throughput: 18.28/user-min | Task: 86.91% | Resolved: 99.97% | Delay: 2.424s | Energy: 9867.05J | MEC fair: 0.524
2026-09-21 06:00:56,015 | INFO |   Reward | Success: 155.98 | Load: 18.56 | Delay: -44.85 | Energy: -31.42 | TaskFail: -23.50 | Interrupt: -3.62 | HOFail: 0.00
2026-09-21 06:02:01,822 | INFO | Update   99 | Steps:  50,688 | Episodes:    99 | EpReward:    21.80 | FPS:  10837 | Actor Loss: 0.0000 | Critic Loss: 0.0000 | HAN Grad: 0.0000 | HAN Δ: 0.000000 | HAN Metapaths: 0
2026-09-21 06:02:01,822 | INFO |   Phase | Rollout: 0.00s | PPO update: 0.00s
2026-09-21 06:02:01,822 | INFO |   Env | HO: 100.00% | Throughput: 17.39/user-min | Task: 83.55% | Resolved: 99.92% | Delay: 2.639s | Energy: 9985.50J | MEC fair: 0.584
2026-09-21 06:02:01,822 | INFO |   Reward | Success: 148.40 | Load: 19.68 | Delay: -42.82 | Energy: -29.29 | TaskFail: -29.22 | Interrupt: -4.00 | HOFail: 0.00
2026-09-21 06:03:07,954 | INFO | Update  100 | Steps:  51,200 | Episodes:   100 | EpReward:    22.29 | FPS:   5673 | Actor Loss: 0.0000 | Critic Loss: 0.0000 | HAN Grad: 0.0000 | HAN Δ: 0.000000 | HAN Metapaths: 0
2026-09-21 06:03:07,954 | INFO |   Phase | Rollout: 0.00s | PPO update: 0.00s
2026-09-21 06:03:07,954 | INFO |   Env | HO: 100.00% | Throughput: 17.94/user-min | Task: 86.78% | Resolved: 99.96% | Delay: 2.409s | Energy: 9807.00J | MEC fair: 0.588
2026-09-21 06:03:07,954 | INFO |   Reward | Success: 153.05 | Load: 19.79 | Delay: -44.50 | Energy: -30.88 | TaskFail: -23.32 | Interrupt: -3.65 | HOFail: 0.00
2026-09-21 06:04:13,865 | INFO | Update  101 | Steps:  51,712 | Episodes:   101 | EpReward:    23.04 | FPS:   7816 | Actor Loss: 0.0000 | Critic Loss: 0.0000 | HAN Grad: 0.0000 | HAN Δ: 0.000000 | HAN Metapaths: 0
2026-09-21 06:04:13,865 | INFO |   Phase | Rollout: 0.00s | PPO update: 0.00s
2026-09-21 06:04:13,865 | INFO |   Env | HO: 100.00% | Throughput: 18.04/user-min | Task: 85.98% | Resolved: 99.90% | Delay: 2.505s | Energy: 10061.05J | MEC fair: 0.428
2026-09-21 06:04:13,865 | INFO |   Reward | Success: 153.95 | Load: 17.29 | Delay: -44.54 | Energy: -30.98 | TaskFail: -25.10 | Interrupt: -4.28 | HOFail: 0.00
2026-09-21 06:05:19,470 | INFO | Update  102 | Steps:  52,224 | Episodes:   102 | EpReward:    23.74 | FPS:   9467 | Actor Loss: 0.0000 | Critic Loss: 0.0000 | HAN Grad: 0.0000 | HAN Δ: 0.000000 | HAN Metapaths: 0
2026-09-21 06:05:19,470 | INFO |   Phase | Rollout: 0.00s | PPO update: 0.00s
2026-09-21 06:05:19,470 | INFO |   Env | HO: 100.00% | Throughput: 17.61/user-min | Task: 82.52% | Resolved: 99.90% | Delay: 2.752s | Energy: 10333.19J | MEC fair: 0.457
2026-09-21 06:05:19,470 | INFO |   Reward | Success: 150.28 | Load: 18.05 | Delay: -43.84 | Energy: -29.89 | TaskFail: -31.82 | Interrupt: -4.11 | HOFail: 0.00
2026-09-21 06:06:25,353 | INFO | Update  103 | Steps:  52,736 | Episodes:   103 | EpReward:    24.56 | FPS:   9563 | Actor Loss: 0.0000 | Critic Loss: 0.0000 | HAN Grad: 0.0000 | HAN Δ: 0.000000 | HAN Metapaths: 0
2026-09-21 06:06:25,353 | INFO |   Phase | Rollout: 0.00s | PPO update: 0.00s
2026-09-21 06:06:25,353 | INFO |   Env | HO: 100.00% | Throughput: 17.88/user-min | Task: 83.27% | Resolved: 99.95% | Delay: 2.621s | Energy: 10453.24J | MEC fair: 0.614
2026-09-21 06:06:25,353 | INFO |   Reward | Success: 152.58 | Load: 20.43 | Delay: -45.27 | Energy: -30.64 | TaskFail: -30.65 | Interrupt: -4.77 | HOFail: 0.00
2026-09-21 06:07:31,304 | INFO | Update  104 | Steps:  53,248 | Episodes:   104 | EpReward:    25.41 | FPS:   8194 | Actor Loss: 0.0000 | Critic Loss: 0.0000 | HAN Grad: 0.0000 | HAN Δ: 0.000000 | HAN Metapaths: 0
2026-09-21 06:07:31,304 | INFO |   Phase | Rollout: 0.00s | PPO update: 0.00s
2026-09-21 06:07:31,304 | INFO |   Env | HO: 100.00% | Throughput: 17.85/user-min | Task: 87.45% | Resolved: 99.90% | Delay: 2.360s | Energy: 9492.18J | MEC fair: 0.413
2026-09-21 06:07:31,304 | INFO |   Reward | Success: 152.30 | Load: 16.24 | Delay: -43.14 | Energy: -30.32 | TaskFail: -21.85 | Interrupt: -3.15 | HOFail: 0.00
2026-09-21 06:08:37,697 | INFO | Update  105 | Steps:  53,760 | Episodes:   105 | EpReward:    26.35 | FPS:   4833 | Actor Loss: 0.0000 | Critic Loss: 0.0000 | HAN Grad: 0.0000 | HAN Δ: 0.000000 | HAN Metapaths: 0
2026-09-21 06:08:37,697 | INFO |   Phase | Rollout: 0.00s | PPO update: 0.00s
2026-09-21 06:08:37,697 | INFO |   Env | HO: 99.88% | Throughput: 19.38/user-min | Task: 91.54% | Resolved: 99.96% | Delay: 2.099s | Energy: 8957.30J | MEC fair: 0.429
2026-09-21 06:08:37,697 | INFO |   Reward | Success: 165.38 | Load: 15.60 | Delay: -45.31 | Energy: -31.88 | TaskFail: -15.28 | Interrupt: -6.49 | HOFail: -0.01
2026-09-21 06:09:43,719 | INFO | Update  106 | Steps:  54,272 | Episodes:   106 | EpReward:    27.20 | FPS:   6484 | Actor Loss: 0.0000 | Critic Loss: 0.0000 | HAN Grad: 0.0000 | HAN Δ: 0.000000 | HAN Metapaths: 0
2026-09-21 06:09:43,719 | INFO |   Phase | Rollout: 0.00s | PPO update: 0.00s
2026-09-21 06:09:43,719 | INFO |   Env | HO: 99.63% | Throughput: 17.94/user-min | Task: 86.23% | Resolved: 99.97% | Delay: 2.417s | Energy: 9493.77J | MEC fair: 0.436
2026-09-21 06:09:43,719 | INFO |   Reward | Success: 153.08 | Load: 16.36 | Delay: -42.65 | Energy: -29.90 | TaskFail: -24.45 | Interrupt: -5.57 | HOFail: -0.01
2026-09-21 06:10:50,011 | INFO | Update  107 | Steps:  54,784 | Episodes:   107 | EpReward:    27.95 | FPS:   5534 | Actor Loss: 0.0000 | Critic Loss: 0.0000 | HAN Grad: 0.0000 | HAN Δ: 0.000000 | HAN Metapaths: 0
2026-09-21 06:10:50,011 | INFO |   Phase | Rollout: 0.00s | PPO update: 0.00s
2026-09-21 06:10:50,011 | INFO |   Env | HO: 100.00% | Throughput: 18.17/user-min | Task: 85.68% | Resolved: 99.99% | Delay: 2.497s | Energy: 9905.35J | MEC fair: 0.481
2026-09-21 06:10:50,011 | INFO |   Reward | Success: 155.03 | Load: 16.53 | Delay: -43.89 | Energy: -30.74 | TaskFail: -25.90 | Interrupt: -6.68 | HOFail: 0.00
2026-09-21 06:11:55,385 | INFO | Update  108 | Steps:  55,296 | Episodes:   108 | EpReward:    28.71 | FPS:   9088 | Actor Loss: 0.0000 | Critic Loss: 0.0000 | HAN Grad: 0.0000 | HAN Δ: 0.000000 | HAN Metapaths: 0
2026-09-21 06:11:55,385 | INFO |   Phase | Rollout: 0.00s | PPO update: 0.00s
2026-09-21 06:11:55,385 | INFO |   Env | HO: 100.00% | Throughput: 17.84/user-min | Task: 85.32% | Resolved: 99.94% | Delay: 2.520s | Energy: 9990.05J | MEC fair: 0.593
2026-09-21 06:11:55,385 | INFO |   Reward | Success: 152.23 | Load: 19.99 | Delay: -44.54 | Energy: -30.65 | TaskFail: -26.20 | Interrupt: -4.62 | HOFail: 0.00
2026-09-21 06:13:01,458 | INFO | Update  109 | Steps:  55,808 | Episodes:   109 | EpReward:    29.52 | FPS:   7309 | Actor Loss: 0.0000 | Critic Loss: 0.0000 | HAN Grad: 0.0000 | HAN Δ: 0.000000 | HAN Metapaths: 0
2026-09-21 06:13:01,459 | INFO |   Phase | Rollout: 0.00s | PPO update: 0.00s
2026-09-21 06:13:01,459 | INFO |   Env | HO: 100.00% | Throughput: 18.58/user-min | Task: 88.18% | Resolved: 99.90% | Delay: 2.302s | Energy: 9518.22J | MEC fair: 0.503
2026-09-21 06:13:01,459 | INFO |   Reward | Success: 158.55 | Load: 17.04 | Delay: -44.59 | Energy: -31.32 | TaskFail: -21.25 | Interrupt: -4.44 | HOFail: 0.00
2026-09-21 06:14:08,191 | INFO | Update  110 | Steps:  56,320 | Episodes:   110 | EpReward:    30.48 | FPS:   6464 | Actor Loss: 0.0000 | Critic Loss: 0.0000 | HAN Grad: 0.0000 | HAN Δ: 0.000000 | HAN Metapaths: 0
2026-09-21 06:14:08,191 | INFO |   Phase | Rollout: 0.00s | PPO update: 0.00s
2026-09-21 06:14:08,191 | INFO |   Env | HO: 100.00% | Throughput: 19.05/user-min | Task: 90.27% | Resolved: 99.94% | Delay: 2.160s | Energy: 9033.01J | MEC fair: 0.488
2026-09-21 06:14:08,191 | INFO |   Reward | Success: 162.55 | Load: 16.71 | Delay: -44.29 | Energy: -31.20 | TaskFail: -17.53 | Interrupt: -6.72 | HOFail: 0.00
2026-09-21 06:15:14,337 | INFO | Update  111 | Steps:  56,832 | Episodes:   111 | EpReward:    31.27 | FPS:  10700 | Actor Loss: 0.0000 | Critic Loss: 0.0000 | HAN Grad: 0.0000 | HAN Δ: 0.000000 | HAN Metapaths: 0
2026-09-21 06:15:14,337 | INFO |   Phase | Rollout: 0.00s | PPO update: 0.00s
2026-09-21 06:15:14,337 | INFO |   Env | HO: 100.00% | Throughput: 18.56/user-min | Task: 87.16% | Resolved: 100.00% | Delay: 2.421s | Energy: 9747.48J | MEC fair: 0.461
2026-09-21 06:15:14,337 | INFO |   Reward | Success: 158.35 | Load: 16.58 | Delay: -44.47 | Energy: -31.03 | TaskFail: -23.32 | Interrupt: -6.48 | HOFail: 0.00
2026-09-21 06:16:20,137 | INFO | Update  112 | Steps:  57,344 | Episodes:   112 | EpReward:    31.93 | FPS:   5848 | Actor Loss: 0.0000 | Critic Loss: 0.0000 | HAN Grad: 0.0000 | HAN Δ: 0.000000 | HAN Metapaths: 0
2026-09-21 06:16:20,137 | INFO |   Phase | Rollout: 0.00s | PPO update: 0.00s
2026-09-21 06:16:20,137 | INFO |   Env | HO: 100.00% | Throughput: 17.91/user-min | Task: 84.68% | Resolved: 99.90% | Delay: 2.578s | Energy: 10111.29J | MEC fair: 0.450
2026-09-21 06:16:20,137 | INFO |   Reward | Success: 152.80 | Load: 17.02 | Delay: -43.97 | Energy: -30.34 | TaskFail: -27.65 | Interrupt: -6.03 | HOFail: 0.00
2026-09-21 06:17:26,422 | INFO | Update  113 | Steps:  57,856 | Episodes:   113 | EpReward:    32.84 | FPS:   6502 | Actor Loss: 0.0000 | Critic Loss: 0.0000 | HAN Grad: 0.0000 | HAN Δ: 0.000000 | HAN Metapaths: 0
2026-09-21 06:17:26,422 | INFO |   Phase | Rollout: 0.00s | PPO update: 0.00s
2026-09-21 06:17:26,422 | INFO |   Env | HO: 100.00% | Throughput: 19.15/user-min | Task: 91.48% | Resolved: 99.93% | Delay: 2.107s | Energy: 8917.98J | MEC fair: 0.453
2026-09-21 06:17:26,422 | INFO |   Reward | Success: 163.38 | Load: 15.29 | Delay: -44.15 | Energy: -31.67 | TaskFail: -15.23 | Interrupt: -6.82 | HOFail: 0.00
2026-09-21 06:18:32,740 | INFO | Update  114 | Steps:  58,368 | Episodes:   114 | EpReward:    33.60 | FPS:   8022 | Actor Loss: 0.0000 | Critic Loss: 0.0000 | HAN Grad: 0.0000 | HAN Δ: 0.000000 | HAN Metapaths: 0
2026-09-21 06:18:32,740 | INFO |   Phase | Rollout: 0.00s | PPO update: 0.00s
2026-09-21 06:18:32,740 | INFO |   Env | HO: 100.00% | Throughput: 17.54/user-min | Task: 85.03% | Resolved: 99.96% | Delay: 2.584s | Energy: 9983.38J | MEC fair: 0.557
2026-09-21 06:18:32,740 | INFO |   Reward | Success: 149.65 | Load: 19.32 | Delay: -42.94 | Energy: -29.93 | TaskFail: -26.35 | Interrupt: -3.84 | HOFail: 0.00
2026-09-21 06:19:38,998 | INFO | Update  115 | Steps:  58,880 | Episodes:   115 | EpReward:    34.43 | FPS:   7237 | Actor Loss: 0.0000 | Critic Loss: 0.0000 | HAN Grad: 0.0000 | HAN Δ: 0.000000 | HAN Metapaths: 0
2026-09-21 06:19:38,998 | INFO |   Phase | Rollout: 0.00s | PPO update: 0.00s
2026-09-21 06:19:38,998 | INFO |   Env | HO: 100.00% | Throughput: 18.37/user-min | Task: 86.59% | Resolved: 99.97% | Delay: 2.437s | Energy: 10186.03J | MEC fair: 0.630
2026-09-21 06:19:38,998 | INFO |   Reward | Success: 156.75 | Load: 20.21 | Delay: -45.38 | Energy: -31.88 | TaskFail: -24.27 | Interrupt: -4.37 | HOFail: 0.00
2026-09-21 06:20:44,778 | INFO | Update  116 | Steps:  59,392 | Episodes:   116 | EpReward:    35.20 | FPS:   7320 | Actor Loss: 0.0000 | Critic Loss: 0.0000 | HAN Grad: 0.0000 | HAN Δ: 0.000000 | HAN Metapaths: 0
2026-09-21 06:20:44,778 | INFO |   Phase | Rollout: 0.00s | PPO update: 0.00s
2026-09-21 06:20:44,778 | INFO |   Env | HO: 99.66% | Throughput: 18.34/user-min | Task: 86.11% | Resolved: 99.89% | Delay: 2.441s | Energy: 10212.50J | MEC fair: 0.577
2026-09-21 06:20:44,778 | INFO |   Reward | Success: 156.48 | Load: 19.60 | Delay: -45.52 | Energy: -31.73 | TaskFail: -25.25 | Interrupt: -4.55 | HOFail: -0.01
2026-09-21 06:21:50,962 | INFO | Update  117 | Steps:  59,904 | Episodes:   117 | EpReward:    36.04 | FPS:   7002 | Actor Loss: 0.0000 | Critic Loss: 0.0000 | HAN Grad: 0.0000 | HAN Δ: 0.000000 | HAN Metapaths: 0
2026-09-21 06:21:50,962 | INFO |   Phase | Rollout: 0.00s | PPO update: 0.00s
2026-09-21 06:21:50,962 | INFO |   Env | HO: 100.00% | Throughput: 18.45/user-min | Task: 86.92% | Resolved: 99.97% | Delay: 2.420s | Energy: 9921.03J | MEC fair: 0.574
2026-09-21 06:21:50,962 | INFO |   Reward | Success: 157.48 | Load: 19.97 | Delay: -45.52 | Energy: -31.54 | TaskFail: -23.70 | Interrupt: -4.21 | HOFail: 0.00
2026-09-21 06:22:56,783 | INFO | Update  118 | Steps:  60,416 | Episodes:   118 | EpReward:    36.77 | FPS:   8019 | Actor Loss: 0.0000 | Critic Loss: 0.0000 | HAN Grad: 0.0000 | HAN Δ: 0.000000 | HAN Metapaths: 0
2026-09-21 06:22:56,783 | INFO |   Phase | Rollout: 0.00s | PPO update: 0.00s
2026-09-21 06:22:56,783 | INFO |   Env | HO: 100.00% | Throughput: 17.98/user-min | Task: 86.19% | Resolved: 99.90% | Delay: 2.490s | Energy: 10052.10J | MEC fair: 0.596
2026-09-21 06:22:56,783 | INFO |   Reward | Success: 153.40 | Load: 19.94 | Delay: -44.59 | Energy: -30.94 | TaskFail: -24.57 | Interrupt: -2.45 | HOFail: 0.00
2026-09-21 06:24:03,483 | INFO | Update  119 | Steps:  60,928 | Episodes:   119 | EpReward:    37.66 | FPS:   8082 | Actor Loss: 0.0000 | Critic Loss: 0.0000 | HAN Grad: 0.0000 | HAN Δ: 0.000000 | HAN Metapaths: 0
2026-09-21 06:24:03,483 | INFO |   Phase | Rollout: 0.00s | PPO update: 0.00s
2026-09-21 06:24:03,483 | INFO |   Env | HO: 100.00% | Throughput: 19.20/user-min | Task: 92.28% | Resolved: 99.96% | Delay: 2.046s | Energy: 8848.24J | MEC fair: 0.464
2026-09-21 06:24:03,483 | INFO |   Reward | Success: 163.80 | Load: 15.52 | Delay: -44.48 | Energy: -31.73 | TaskFail: -13.70 | Interrupt: -5.29 | HOFail: 0.00
2026-09-21 06:25:09,433 | INFO | Update  120 | Steps:  61,440 | Episodes:   120 | EpReward:    38.44 | FPS:  10073 | Actor Loss: 0.0000 | Critic Loss: 0.0000 | HAN Grad: 0.0000 | HAN Δ: 0.000000 | HAN Metapaths: 0
2026-09-21 06:25:09,433 | INFO |   Phase | Rollout: 0.00s | PPO update: 0.00s
2026-09-21 06:25:09,433 | INFO |   Env | HO: 100.00% | Throughput: 18.00/user-min | Task: 87.13% | Resolved: 99.94% | Delay: 2.412s | Energy: 9798.16J | MEC fair: 0.610
2026-09-21 06:25:09,433 | INFO |   Reward | Success: 153.63 | Load: 19.70 | Delay: -43.89 | Energy: -30.71 | TaskFail: -22.70 | Interrupt: -2.31 | HOFail: 0.00
2026-09-21 06:26:15,981 | INFO | Update  121 | Steps:  61,952 | Episodes:   121 | EpReward:    39.33 | FPS:   5468 | Actor Loss: 0.0000 | Critic Loss: 0.0000 | HAN Grad: 0.0000 | HAN Δ: 0.000000 | HAN Metapaths: 0
2026-09-21 06:26:15,982 | INFO |   Phase | Rollout: 0.00s | PPO update: 0.00s
2026-09-21 06:26:15,982 | INFO |   Env | HO: 100.00% | Throughput: 18.93/user-min | Task: 91.40% | Resolved: 100.00% | Delay: 2.076s | Energy: 8855.22J | MEC fair: 0.505
2026-09-21 06:26:15,982 | INFO |   Reward | Success: 161.53 | Load: 15.32 | Delay: -43.13 | Energy: -31.17 | TaskFail: -15.20 | Interrupt: -8.70 | HOFail: 0.00
2026-09-21 06:27:21,888 | INFO | Update  122 | Steps:  62,464 | Episodes:   122 | EpReward:    40.07 | FPS:   9071 | Actor Loss: 0.0000 | Critic Loss: 0.0000 | HAN Grad: 0.0000 | HAN Δ: 0.000000 | HAN Metapaths: 0
2026-09-21 06:27:21,888 | INFO |   Phase | Rollout: 0.00s | PPO update: 0.00s
2026-09-21 06:27:21,888 | INFO |   Env | HO: 100.00% | Throughput: 18.05/user-min | Task: 84.37% | Resolved: 99.95% | Delay: 2.547s | Energy: 10325.96J | MEC fair: 0.550
2026-09-21 06:27:21,888 | INFO |   Reward | Success: 154.00 | Load: 19.25 | Delay: -44.60 | Energy: -30.92 | TaskFail: -28.52 | Interrupt: -3.55 | HOFail: 0.00
2026-09-21 06:28:28,146 | INFO | Update  123 | Steps:  62,976 | Episodes:   123 | EpReward:    40.75 | FPS:   7840 | Actor Loss: 0.0000 | Critic Loss: 0.0000 | HAN Grad: 0.0000 | HAN Δ: 0.000000 | HAN Metapaths: 0
2026-09-21 06:28:28,146 | INFO |   Phase | Rollout: 0.00s | PPO update: 0.00s
2026-09-21 06:28:28,146 | INFO |   Env | HO: 100.00% | Throughput: 17.65/user-min | Task: 83.76% | Resolved: 99.97% | Delay: 2.600s | Energy: 10201.71J | MEC fair: 0.425
2026-09-21 06:28:28,146 | INFO |   Reward | Success: 150.63 | Load: 16.32 | Delay: -43.74 | Energy: -30.10 | TaskFail: -29.20 | Interrupt: -2.57 | HOFail: 0.00
2026-09-21 06:29:34,122 | INFO | Update  124 | Steps:  63,488 | Episodes:   124 | EpReward:    41.46 | FPS:   6622 | Actor Loss: 0.0000 | Critic Loss: 0.0000 | HAN Grad: 0.0000 | HAN Δ: 0.000000 | HAN Metapaths: 0
2026-09-21 06:29:34,122 | INFO |   Phase | Rollout: 0.00s | PPO update: 0.00s
2026-09-21 06:29:34,122 | INFO |   Env | HO: 100.00% | Throughput: 17.73/user-min | Task: 85.15% | Resolved: 99.93% | Delay: 2.596s | Energy: 9945.96J | MEC fair: 0.447
2026-09-21 06:29:34,122 | INFO |   Reward | Success: 151.28 | Load: 16.41 | Delay: -43.27 | Energy: -30.06 | TaskFail: -26.37 | Interrupt: -3.37 | HOFail: 0.00
2026-09-21 06:30:40,139 | INFO | Update  125 | Steps:  64,000 | Episodes:   125 | EpReward:    42.15 | FPS:   8896 | Actor Loss: 0.0000 | Critic Loss: 0.0000 | HAN Grad: 0.0000 | HAN Δ: 0.000000 | HAN Metapaths: 0
2026-09-21 06:30:40,139 | INFO |   Phase | Rollout: 0.00s | PPO update: 0.00s
2026-09-21 06:30:40,139 | INFO |   Env | HO: 100.00% | Throughput: 17.86/user-min | Task: 84.32% | Resolved: 99.94% | Delay: 2.643s | Energy: 10174.57J | MEC fair: 0.445
2026-09-21 06:30:40,139 | INFO |   Reward | Success: 152.40 | Load: 17.30 | Delay: -43.94 | Energy: -30.41 | TaskFail: -28.35 | Interrupt: -4.54 | HOFail: 0.00
2026-09-21 06:31:45,811 | INFO | Update  126 | Steps:  64,512 | Episodes:   126 | EpReward:    42.88 | FPS:   9033 | Actor Loss: 0.0000 | Critic Loss: 0.0000 | HAN Grad: 0.0000 | HAN Δ: 0.000000 | HAN Metapaths: 0
2026-09-21 06:31:45,811 | INFO |   Phase | Rollout: 0.00s | PPO update: 0.00s
2026-09-21 06:31:45,811 | INFO |   Env | HO: 100.00% | Throughput: 17.79/user-min | Task: 84.66% | Resolved: 100.00% | Delay: 2.618s | Energy: 10098.69J | MEC fair: 0.524
2026-09-21 06:31:45,811 | INFO |   Reward | Success: 151.78 | Load: 18.95 | Delay: -43.95 | Energy: -30.53 | TaskFail: -27.50 | Interrupt: -3.75 | HOFail: 0.00
2026-09-21 06:32:52,396 | INFO | Update  127 | Steps:  65,024 | Episodes:   127 | EpReward:    43.74 | FPS:   8341 | Actor Loss: 0.0000 | Critic Loss: 0.0000 | HAN Grad: 0.0000 | HAN Δ: 0.000000 | HAN Metapaths: 0
2026-09-21 06:32:52,396 | INFO |   Phase | Rollout: 0.00s | PPO update: 0.00s
2026-09-21 06:32:52,396 | INFO |   Env | HO: 99.85% | Throughput: 18.72/user-min | Task: 90.83% | Resolved: 99.94% | Delay: 2.120s | Energy: 8627.38J | MEC fair: 0.456
2026-09-21 06:32:52,396 | INFO |   Reward | Success: 159.75 | Load: 16.80 | Delay: -43.47 | Energy: -30.32 | TaskFail: -16.13 | Interrupt: -6.09 | HOFail: -0.01
2026-09-21 06:33:58,000 | INFO | Update  128 | Steps:  65,536 | Episodes:   128 | EpReward:    44.45 | FPS:   7466 | Actor Loss: 0.0000 | Critic Loss: 0.0000 | HAN Grad: 0.0000 | HAN Δ: 0.000000 | HAN Metapaths: 0
2026-09-21 06:33:58,000 | INFO |   Phase | Rollout: 0.00s | PPO update: 0.00s
2026-09-21 06:33:58,000 | INFO |   Env | HO: 99.64% | Throughput: 18.23/user-min | Task: 87.04% | Resolved: 99.97% | Delay: 2.436s | Energy: 9448.55J | MEC fair: 0.450
2026-09-21 06:33:58,000 | INFO |   Reward | Success: 155.53 | Load: 17.20 | Delay: -43.99 | Energy: -30.33 | TaskFail: -23.15 | Interrupt: -4.73 | HOFail: -0.01
2026-09-21 06:35:04,045 | INFO | Update  129 | Steps:  66,048 | Episodes:   129 | EpReward:    45.04 | FPS:   8129 | Actor Loss: 0.0000 | Critic Loss: 0.0000 | HAN Grad: 0.0000 | HAN Δ: 0.000000 | HAN Metapaths: 0
2026-09-21 06:35:04,045 | INFO |   Phase | Rollout: 0.00s | PPO update: 0.00s
2026-09-21 06:35:04,045 | INFO |   Env | HO: 99.70% | Throughput: 17.98/user-min | Task: 85.01% | Resolved: 99.94% | Delay: 2.529s | Energy: 10078.39J | MEC fair: 0.432
2026-09-21 06:35:04,045 | INFO |   Reward | Success: 153.45 | Load: 16.29 | Delay: -43.45 | Energy: -30.28 | TaskFail: -27.05 | Interrupt: -3.77 | HOFail: -0.01
2026-09-21 06:36:10,370 | INFO | Update  130 | Steps:  66,560 | Episodes:   130 | EpReward:    45.83 | FPS:   7943 | Actor Loss: 0.0000 | Critic Loss: 0.0000 | HAN Grad: 0.0000 | HAN Δ: 0.000000 | HAN Metapaths: 0
2026-09-21 06:36:10,370 | INFO |   Phase | Rollout: 0.00s | PPO update: 0.00s
2026-09-21 06:36:10,371 | INFO |   Env | HO: 100.00% | Throughput: 18.50/user-min | Task: 88.94% | Resolved: 99.97% | Delay: 2.281s | Energy: 9227.64J | MEC fair: 0.497
2026-09-21 06:36:10,371 | INFO |   Reward | Success: 157.85 | Load: 17.30 | Delay: -43.65 | Energy: -30.48 | TaskFail: -19.62 | Interrupt: -5.86 | HOFail: 0.00
2026-09-21 06:37:16,377 | INFO | Update  131 | Steps:  67,072 | Episodes:   131 | EpReward:    46.62 | FPS:   8411 | Actor Loss: 0.0000 | Critic Loss: 0.0000 | HAN Grad: 0.0000 | HAN Δ: 0.000000 | HAN Metapaths: 0
2026-09-21 06:37:16,378 | INFO |   Phase | Rollout: 0.00s | PPO update: 0.00s
2026-09-21 06:37:16,378 | INFO |   Env | HO: 100.00% | Throughput: 18.61/user-min | Task: 88.88% | Resolved: 99.93% | Delay: 2.353s | Energy: 9167.55J | MEC fair: 0.509
2026-09-21 06:37:16,378 | INFO |   Reward | Success: 158.83 | Load: 17.53 | Delay: -43.61 | Energy: -30.72 | TaskFail: -19.87 | Interrupt: -7.48 | HOFail: 0.00
2026-09-21 06:38:22,186 | INFO | Update  132 | Steps:  67,584 | Episodes:   132 | EpReward:    47.33 | FPS:   8410 | Actor Loss: 0.0000 | Critic Loss: 0.0000 | HAN Grad: 0.0000 | HAN Δ: 0.000000 | HAN Metapaths: 0
2026-09-21 06:38:22,187 | INFO |   Phase | Rollout: 0.00s | PPO update: 0.00s
2026-09-21 06:38:22,187 | INFO |   Env | HO: 100.00% | Throughput: 18.73/user-min | Task: 89.19% | Resolved: 99.92% | Delay: 2.260s | Energy: 9100.85J | MEC fair: 0.468
2026-09-21 06:38:22,187 | INFO |   Reward | Success: 159.85 | Load: 17.25 | Delay: -44.22 | Energy: -30.59 | TaskFail: -19.37 | Interrupt: -5.42 | HOFail: 0.00
2026-09-21 06:39:27,772 | INFO | Update  133 | Steps:  68,096 | Episodes:   133 | EpReward:    47.93 | FPS:   7059 | Actor Loss: 0.0000 | Critic Loss: 0.0000 | HAN Grad: 0.0000 | HAN Δ: 0.000000 | HAN Metapaths: 0
2026-09-21 06:39:27,772 | INFO |   Phase | Rollout: 0.00s | PPO update: 0.00s
2026-09-21 06:39:27,772 | INFO |   Env | HO: 100.00% | Throughput: 18.00/user-min | Task: 84.70% | Resolved: 99.92% | Delay: 2.651s | Energy: 10156.72J | MEC fair: 0.590
2026-09-21 06:39:27,772 | INFO |   Reward | Success: 153.58 | Load: 20.18 | Delay: -44.15 | Energy: -30.71 | TaskFail: -27.75 | Interrupt: -5.04 | HOFail: 0.00
2026-09-21 06:40:33,784 | INFO | Update  134 | Steps:  68,608 | Episodes:   134 | EpReward:    48.63 | FPS:   8519 | Actor Loss: 0.0000 | Critic Loss: 0.0000 | HAN Grad: 0.0000 | HAN Δ: 0.000000 | HAN Metapaths: 0
2026-09-21 06:40:33,784 | INFO |   Phase | Rollout: 0.00s | PPO update: 0.00s
2026-09-21 06:40:33,784 | INFO |   Env | HO: 99.69% | Throughput: 17.29/user-min | Task: 83.97% | Resolved: 99.91% | Delay: 2.663s | Energy: 9885.07J | MEC fair: 0.523
2026-09-21 06:40:33,784 | INFO |   Reward | Success: 147.58 | Load: 18.78 | Delay: -42.50 | Energy: -29.29 | TaskFail: -28.17 | Interrupt: -5.42 | HOFail: -0.01
2026-09-21 06:41:40,356 | INFO | Update  135 | Steps:  69,120 | Episodes:   135 | EpReward:    49.43 | FPS:   6862 | Actor Loss: 0.0000 | Critic Loss: 0.0000 | HAN Grad: 0.0000 | HAN Δ: 0.000000 | HAN Metapaths: 0
2026-09-21 06:41:40,356 | INFO |   Phase | Rollout: 0.00s | PPO update: 0.00s
2026-09-21 06:41:40,356 | INFO |   Env | HO: 100.00% | Throughput: 19.18/user-min | Task: 92.06% | Resolved: 99.97% | Delay: 2.046s | Energy: 8695.98J | MEC fair: 0.510
2026-09-21 06:41:40,356 | INFO |   Reward | Success: 163.68 | Load: 17.01 | Delay: -44.73 | Energy: -31.33 | TaskFail: -14.13 | Interrupt: -6.69 | HOFail: 0.00
2026-09-21 06:42:47,111 | INFO | Update  136 | Steps:  69,632 | Episodes:   136 | EpReward:    50.21 | FPS:   9282 | Actor Loss: 0.0000 | Critic Loss: 0.0000 | HAN Grad: 0.0000 | HAN Δ: 0.000000 | HAN Metapaths: 0
2026-09-21 06:42:47,111 | INFO |   Phase | Rollout: 0.00s | PPO update: 0.00s
2026-09-21 06:42:47,111 | INFO |   Env | HO: 99.78% | Throughput: 18.87/user-min | Task: 89.31% | Resolved: 99.97% | Delay: 2.202s | Energy: 9043.67J | MEC fair: 0.493
2026-09-21 06:42:47,111 | INFO |   Reward | Success: 161.03 | Load: 17.38 | Delay: -44.18 | Energy: -30.88 | TaskFail: -19.27 | Interrupt: -4.79 | HOFail: -0.01
2026-09-21 06:43:53,696 | INFO | Update  137 | Steps:  70,144 | Episodes:   137 | EpReward:    50.95 | FPS:   6655 | Actor Loss: 0.0000 | Critic Loss: 0.0000 | HAN Grad: 0.0000 | HAN Δ: 0.000000 | HAN Metapaths: 0
2026-09-21 06:43:53,696 | INFO |   Phase | Rollout: 0.00s | PPO update: 0.00s
2026-09-21 06:43:53,696 | INFO |   Env | HO: 99.51% | Throughput: 18.98/user-min | Task: 89.74% | Resolved: 99.93% | Delay: 2.205s | Energy: 9132.79J | MEC fair: 0.459
2026-09-21 06:43:53,696 | INFO |   Reward | Success: 161.98 | Load: 16.26 | Delay: -44.37 | Energy: -30.90 | TaskFail: -18.53 | Interrupt: -6.58 | HOFail: -0.02
2026-09-21 06:44:59,887 | INFO | Update  138 | Steps:  70,656 | Episodes:   138 | EpReward:    51.63 | FPS:   6871 | Actor Loss: 0.0000 | Critic Loss: 0.0000 | HAN Grad: 0.0000 | HAN Δ: 0.000000 | HAN Metapaths: 0
2026-09-21 06:44:59,887 | INFO |   Phase | Rollout: 0.00s | PPO update: 0.00s
2026-09-21 06:44:59,887 | INFO |   Env | HO: 100.00% | Throughput: 18.15/user-min | Task: 85.19% | Resolved: 99.95% | Delay: 2.528s | Energy: 10206.45J | MEC fair: 0.587
2026-09-21 06:44:59,887 | INFO |   Reward | Success: 154.90 | Load: 20.13 | Delay: -45.18 | Energy: -31.19 | TaskFail: -26.92 | Interrupt: -4.14 | HOFail: 0.00
2026-09-21 06:46:06,013 | INFO | Update  139 | Steps:  71,168 | Episodes:   139 | EpReward:    52.16 | FPS:   9373 | Actor Loss: 0.0000 | Critic Loss: 0.0000 | HAN Grad: 0.0000 | HAN Δ: 0.000000 | HAN Metapaths: 0
2026-09-21 06:46:06,013 | INFO |   Phase | Rollout: 0.00s | PPO update: 0.00s
2026-09-21 06:46:06,013 | INFO |   Env | HO: 100.00% | Throughput: 17.49/user-min | Task: 84.30% | Resolved: 99.92% | Delay: 2.545s | Energy: 10116.94J | MEC fair: 0.529
2026-09-21 06:46:06,013 | INFO |   Reward | Success: 149.28 | Load: 19.16 | Delay: -43.18 | Energy: -30.06 | TaskFail: -27.80 | Interrupt: -4.68 | HOFail: 0.00
2026-09-21 06:47:12,460 | INFO | Update  140 | Steps:  71,680 | Episodes:   140 | EpReward:    52.70 | FPS:   8388 | Actor Loss: 0.0000 | Critic Loss: 0.0000 | HAN Grad: 0.0000 | HAN Δ: 0.000000 | HAN Metapaths: 0
2026-09-21 06:47:12,460 | INFO |   Phase | Rollout: 0.00s | PPO update: 0.00s
2026-09-21 06:47:12,460 | INFO |   Env | HO: 99.73% | Throughput: 17.68/user-min | Task: 85.07% | Resolved: 99.89% | Delay: 2.524s | Energy: 9882.79J | MEC fair: 0.414
2026-09-21 06:47:12,460 | INFO |   Reward | Success: 150.88 | Load: 16.79 | Delay: -43.12 | Energy: -29.80 | TaskFail: -26.47 | Interrupt: -5.51 | HOFail: -0.01
2026-09-21 06:48:18,815 | INFO | Update  141 | Steps:  72,192 | Episodes:   141 | EpReward:    53.36 | FPS:   9107 | Actor Loss: 0.0000 | Critic Loss: 0.0000 | HAN Grad: 0.0000 | HAN Δ: 0.000000 | HAN Metapaths: 0
2026-09-21 06:48:18,815 | INFO |   Phase | Rollout: 0.00s | PPO update: 0.00s
2026-09-21 06:48:18,815 | INFO |   Env | HO: 100.00% | Throughput: 18.86/user-min | Task: 89.39% | Resolved: 99.96% | Delay: 2.285s | Energy: 9205.54J | MEC fair: 0.469
2026-09-21 06:48:18,815 | INFO |   Reward | Success: 160.93 | Load: 16.26 | Delay: -44.34 | Energy: -30.95 | TaskFail: -19.10 | Interrupt: -9.30 | HOFail: 0.00
2026-09-21 06:49:24,766 | INFO | Update  142 | Steps:  72,704 | Episodes:   142 | EpReward:    54.11 | FPS:   6909 | Actor Loss: 0.0000 | Critic Loss: 0.0000 | HAN Grad: 0.0000 | HAN Δ: 0.000000 | HAN Metapaths: 0
2026-09-21 06:49:24,767 | INFO |   Phase | Rollout: 0.00s | PPO update: 0.00s
2026-09-21 06:49:24,767 | INFO |   Env | HO: 100.00% | Throughput: 18.11/user-min | Task: 86.73% | Resolved: 99.92% | Delay: 2.439s | Energy: 9820.12J | MEC fair: 0.550
2026-09-21 06:49:24,767 | INFO |   Reward | Success: 154.58 | Load: 19.52 | Delay: -45.04 | Energy: -31.06 | TaskFail: -23.65 | Interrupt: -3.35 | HOFail: 0.00
2026-09-21 06:50:31,170 | INFO | Update  143 | Steps:  73,216 | Episodes:   143 | EpReward:    54.79 | FPS:   5823 | Actor Loss: 0.0000 | Critic Loss: 0.0000 | HAN Grad: 0.0000 | HAN Δ: 0.000000 | HAN Metapaths: 0
2026-09-21 06:50:31,170 | INFO |   Phase | Rollout: 0.00s | PPO update: 0.00s
2026-09-21 06:50:31,170 | INFO |   Env | HO: 99.39% | Throughput: 18.61/user-min | Task: 89.39% | Resolved: 99.92% | Delay: 2.233s | Energy: 8963.44J | MEC fair: 0.480
2026-09-21 06:50:31,170 | INFO |   Reward | Success: 158.78 | Load: 16.89 | Delay: -43.55 | Energy: -30.42 | TaskFail: -18.85 | Interrupt: -5.20 | HOFail: -0.01
2026-09-21 06:51:37,469 | INFO | Update  144 | Steps:  73,728 | Episodes:   144 | EpReward:    55.44 | FPS:   7287 | Actor Loss: 0.0000 | Critic Loss: 0.0000 | HAN Grad: 0.0000 | HAN Δ: 0.000000 | HAN Metapaths: 0
2026-09-21 06:51:37,469 | INFO |   Phase | Rollout: 0.00s | PPO update: 0.00s
2026-09-21 06:51:37,469 | INFO |   Env | HO: 100.00% | Throughput: 18.28/user-min | Task: 85.75% | Resolved: 99.95% | Delay: 2.424s | Energy: 9874.63J | MEC fair: 0.413
2026-09-21 06:51:37,469 | INFO |   Reward | Success: 156.03 | Load: 16.44 | Delay: -43.50 | Energy: -30.52 | TaskFail: -25.92 | Interrupt: -3.37 | HOFail: 0.00
2026-09-21 06:52:43,545 | INFO | Update  145 | Steps:  74,240 | Episodes:   145 | EpReward:    56.22 | FPS:   6259 | Actor Loss: 0.0000 | Critic Loss: 0.0000 | HAN Grad: 0.0000 | HAN Δ: 0.000000 | HAN Metapaths: 0
2026-09-21 06:52:43,545 | INFO |   Phase | Rollout: 0.00s | PPO update: 0.00s
2026-09-21 06:52:43,545 | INFO |   Env | HO: 100.00% | Throughput: 18.93/user-min | Task: 89.96% | Resolved: 99.97% | Delay: 2.209s | Energy: 9203.66J | MEC fair: 0.473
2026-09-21 06:52:43,545 | INFO |   Reward | Success: 161.55 | Load: 16.46 | Delay: -44.27 | Energy: -31.36 | TaskFail: -18.03 | Interrupt: -5.68 | HOFail: 0.00
2026-09-21 06:53:49,775 | INFO | Update  146 | Steps:  74,752 | Episodes:   146 | EpReward:    56.71 | FPS:  10732 | Actor Loss: 0.0000 | Critic Loss: 0.0000 | HAN Grad: 0.0000 | HAN Δ: 0.000000 | HAN Metapaths: 0
2026-09-21 06:53:49,776 | INFO |   Phase | Rollout: 0.00s | PPO update: 0.00s
2026-09-21 06:53:49,776 | INFO |   Env | HO: 100.00% | Throughput: 17.58/user-min | Task: 82.72% | Resolved: 99.94% | Delay: 2.674s | Energy: 10350.52J | MEC fair: 0.408
2026-09-21 06:53:49,776 | INFO |   Reward | Success: 150.00 | Load: 16.62 | Delay: -43.16 | Energy: -29.71 | TaskFail: -31.32 | Interrupt: -6.21 | HOFail: 0.00
2026-09-21 06:54:21,792 | INFO | ----------------------------------------
2026-09-21 06:54:21,792 | INFO | 开始评估 HAN+PDQN...
2026-09-21 06:56:17,466 | INFO | 评估结果: 奖励 = 75.62 ± 6.09, 长度 = 512, 延迟 = 2.357s
2026-09-21 06:56:17,467 | INFO | ----------------------------------------
2026-09-21 06:56:51,843 | INFO | Update  147 | Steps:  75,264 | Episodes:   147 | EpReward:    57.31 | FPS:   6402 | Actor Loss: 0.0000 | Critic Loss: 0.0000 | HAN Grad: 0.0000 | HAN Δ: 0.000000 | HAN Metapaths: 0
2026-09-21 06:56:51,843 | INFO |   Phase | Rollout: 0.00s | PPO update: 0.00s
2026-09-21 06:56:51,843 | INFO |   Env | HO: 99.76% | Throughput: 18.61/user-min | Task: 86.99% | Resolved: 99.93% | Delay: 2.423s | Energy: 10039.87J | MEC fair: 0.590
2026-09-21 06:56:51,843 | INFO |   Reward | Success: 158.83 | Load: 19.85 | Delay: -46.12 | Energy: -31.71 | TaskFail: -23.75 | Interrupt: -5.63 | HOFail: -0.01
2026-09-21 06:58:01,199 | INFO | Update  148 | Steps:  75,776 | Episodes:   148 | EpReward:    57.84 | FPS:   7905 | Actor Loss: 0.0000 | Critic Loss: 0.0000 | HAN Grad: 0.0000 | HAN Δ: 0.000000 | HAN Metapaths: 0
2026-09-21 06:58:01,199 | INFO |   Phase | Rollout: 0.00s | PPO update: 0.00s
2026-09-21 06:58:01,199 | INFO |   Env | HO: 100.00% | Throughput: 17.65/user-min | Task: 84.50% | Resolved: 99.99% | Delay: 2.640s | Energy: 10093.71J | MEC fair: 0.525
2026-09-21 06:58:01,199 | INFO |   Reward | Success: 150.63 | Load: 19.08 | Delay: -43.45 | Energy: -30.18 | TaskFail: -27.62 | Interrupt: -3.92 | HOFail: 0.00
2026-09-21 06:59:11,377 | INFO | Update  149 | Steps:  76,288 | Episodes:   149 | EpReward:    58.53 | FPS:   7778 | Actor Loss: 0.0000 | Critic Loss: 0.0000 | HAN Grad: 0.0000 | HAN Δ: 0.000000 | HAN Metapaths: 0
2026-09-21 06:59:11,377 | INFO |   Phase | Rollout: 0.00s | PPO update: 0.00s
2026-09-21 06:59:11,377 | INFO |   Env | HO: 100.00% | Throughput: 18.85/user-min | Task: 90.01% | Resolved: 99.92% | Delay: 2.186s | Energy: 9021.97J | MEC fair: 0.454
2026-09-21 06:59:11,377 | INFO |   Reward | Success: 160.85 | Load: 15.88 | Delay: -44.10 | Energy: -30.87 | TaskFail: -17.85 | Interrupt: -7.47 | HOFail: 0.00
2026-09-21 07:00:20,717 | INFO | Update  150 | Steps:  76,800 | Episodes:   150 | EpReward:    59.15 | FPS:   7863 | Actor Loss: 0.0000 | Critic Loss: 0.0000 | HAN Grad: 0.0000 | HAN Δ: 0.000000 | HAN Metapaths: 0
2026-09-21 07:00:20,717 | INFO |   Phase | Rollout: 0.00s | PPO update: 0.00s
2026-09-21 07:00:20,717 | INFO |   Env | HO: 100.00% | Throughput: 18.62/user-min | Task: 88.19% | Resolved: 99.92% | Delay: 2.294s | Energy: 9473.85J | MEC fair: 0.477
2026-09-21 07:00:20,717 | INFO |   Reward | Success: 158.90 | Load: 16.89 | Delay: -43.97 | Energy: -30.81 | TaskFail: -21.27 | Interrupt: -8.21 | HOFail: 0.00
2026-09-21 07:01:30,159 | INFO | Update  151 | Steps:  77,312 | Episodes:   151 | EpReward:    59.70 | FPS:   8393 | Actor Loss: 0.0000 | Critic Loss: 0.0000 | HAN Grad: 0.0000 | HAN Δ: 0.000000 | HAN Metapaths: 0
2026-09-21 07:01:30,159 | INFO |   Phase | Rollout: 0.00s | PPO update: 0.00s
2026-09-21 07:01:30,159 | INFO |   Env | HO: 99.76% | Throughput: 19.30/user-min | Task: 90.93% | Resolved: 99.99% | Delay: 2.112s | Energy: 9046.52J | MEC fair: 0.488
2026-09-21 07:01:30,159 | INFO |   Reward | Success: 164.68 | Load: 16.80 | Delay: -44.79 | Energy: -31.48 | TaskFail: -16.43 | Interrupt: -7.87 | HOFail: -0.01
2026-09-21 07:02:39,602 | INFO | Update  152 | Steps:  77,824 | Episodes:   152 | EpReward:    60.30 | FPS:   6780 | Actor Loss: 0.0000 | Critic Loss: 0.0000 | HAN Grad: 0.0000 | HAN Δ: 0.000000 | HAN Metapaths: 0
2026-09-21 07:02:39,602 | INFO |   Phase | Rollout: 0.00s | PPO update: 0.00s
2026-09-21 07:02:39,602 | INFO |   Env | HO: 100.00% | Throughput: 18.00/user-min | Task: 86.06% | Resolved: 99.94% | Delay: 2.421s | Energy: 9959.95J | MEC fair: 0.572
2026-09-21 07:02:39,602 | INFO |   Reward | Success: 153.58 | Load: 19.63 | Delay: -44.11 | Energy: -30.95 | TaskFail: -24.87 | Interrupt: -3.46 | HOFail: 0.00
2026-09-21 07:03:48,466 | INFO | Update  153 | Steps:  78,336 | Episodes:   153 | EpReward:    60.71 | FPS:   7112 | Actor Loss: 0.0000 | Critic Loss: 0.0000 | HAN Grad: 0.0000 | HAN Δ: 0.000000 | HAN Metapaths: 0
2026-09-21 07:03:48,466 | INFO |   Phase | Rollout: 0.00s | PPO update: 0.00s
2026-09-21 07:03:48,466 | INFO |   Env | HO: 100.00% | Throughput: 17.49/user-min | Task: 83.86% | Resolved: 99.92% | Delay: 2.633s | Energy: 10275.98J | MEC fair: 0.573
2026-09-21 07:03:48,466 | INFO |   Reward | Success: 149.25 | Load: 19.52 | Delay: -43.54 | Energy: -30.16 | TaskFail: -28.72 | Interrupt: -4.89 | HOFail: 0.00
2026-09-21 07:04:58,541 | INFO | Update  154 | Steps:  78,848 | Episodes:   154 | EpReward:    61.25 | FPS:   8815 | Actor Loss: 0.0000 | Critic Loss: 0.0000 | HAN Grad: 0.0000 | HAN Δ: 0.000000 | HAN Metapaths: 0
2026-09-21 07:04:58,541 | INFO |   Phase | Rollout: 0.00s | PPO update: 0.00s
2026-09-21 07:04:58,541 | INFO |   Env | HO: 100.00% | Throughput: 19.30/user-min | Task: 91.59% | Resolved: 99.92% | Delay: 2.055s | Energy: 8764.73J | MEC fair: 0.484
2026-09-21 07:04:58,541 | INFO |   Reward | Success: 164.70 | Load: 16.30 | Delay: -43.82 | Energy: -31.08 | TaskFail: -15.13 | Interrupt: -5.73 | HOFail: 0.00
2026-09-21 07:06:07,487 | INFO | Update  155 | Steps:  79,360 | Episodes:   155 | EpReward:    61.65 | FPS:   5277 | Actor Loss: 0.0000 | Critic Loss: 0.0000 | HAN Grad: 0.0000 | HAN Δ: 0.000000 | HAN Metapaths: 0
2026-09-21 07:06:07,487 | INFO |   Phase | Rollout: 0.00s | PPO update: 0.00s
2026-09-21 07:06:07,487 | INFO |   Env | HO: 100.00% | Throughput: 18.49/user-min | Task: 87.11% | Resolved: 99.93% | Delay: 2.362s | Energy: 9741.13J | MEC fair: 0.465
2026-09-21 07:06:07,487 | INFO |   Reward | Success: 157.75 | Load: 17.19 | Delay: -44.38 | Energy: -31.00 | TaskFail: -23.35 | Interrupt: -3.99 | HOFail: 0.00
2026-09-21 07:07:16,961 | INFO | Update  156 | Steps:  79,872 | Episodes:   156 | EpReward:    62.10 | FPS:   7787 | Actor Loss: 0.0000 | Critic Loss: 0.0000 | HAN Grad: 0.0000 | HAN Δ: 0.000000 | HAN Metapaths: 0
2026-09-21 07:07:16,962 | INFO |   Phase | Rollout: 0.00s | PPO update: 0.00s
2026-09-21 07:07:16,962 | INFO |   Env | HO: 100.00% | Throughput: 17.89/user-min | Task: 84.96% | Resolved: 99.99% | Delay: 2.476s | Energy: 10112.00J | MEC fair: 0.535
2026-09-21 07:07:16,962 | INFO |   Reward | Success: 152.70 | Load: 18.51 | Delay: -43.68 | Energy: -30.73 | TaskFail: -27.02 | Interrupt: -4.17 | HOFail: 0.00
2026-09-21 07:08:26,134 | INFO | Update  157 | Steps:  80,384 | Episodes:   157 | EpReward:    62.66 | FPS:   9580 | Actor Loss: 0.0000 | Critic Loss: 0.0000 | HAN Grad: 0.0000 | HAN Δ: 0.000000 | HAN Metapaths: 0
2026-09-21 07:08:26,134 | INFO |   Phase | Rollout: 0.00s | PPO update: 0.00s
2026-09-21 07:08:26,134 | INFO |   Env | HO: 100.00% | Throughput: 17.97/user-min | Task: 85.91% | Resolved: 99.96% | Delay: 2.459s | Energy: 10265.14J | MEC fair: 0.563
2026-09-21 07:08:26,134 | INFO |   Reward | Success: 153.38 | Load: 19.55 | Delay: -44.91 | Energy: -31.16 | TaskFail: -25.15 | Interrupt: -3.25 | HOFail: 0.00
2026-09-21 07:09:34,954 | INFO | Update  158 | Steps:  80,896 | Episodes:   158 | EpReward:    63.13 | FPS:   5830 | Actor Loss: 0.0000 | Critic Loss: 0.0000 | HAN Grad: 0.0000 | HAN Δ: 0.000000 | HAN Metapaths: 0
2026-09-21 07:09:34,954 | INFO |   Phase | Rollout: 0.00s | PPO update: 0.00s
2026-09-21 07:09:34,954 | INFO |   Env | HO: 100.00% | Throughput: 17.87/user-min | Task: 85.15% | Resolved: 99.93% | Delay: 2.469s | Energy: 10082.00J | MEC fair: 0.503
2026-09-21 07:09:34,954 | INFO |   Reward | Success: 152.50 | Load: 17.94 | Delay: -43.66 | Energy: -30.58 | TaskFail: -26.60 | Interrupt: -3.56 | HOFail: 0.00
2026-09-21 07:10:43,960 | INFO | Update  159 | Steps:  81,408 | Episodes:   159 | EpReward:    63.68 | FPS:   6456 | Actor Loss: 0.0000 | Critic Loss: 0.0000 | HAN Grad: 0.0000 | HAN Δ: 0.000000 | HAN Metapaths: 0
2026-09-21 07:10:43,960 | INFO |   Phase | Rollout: 0.00s | PPO update: 0.00s
2026-09-21 07:10:43,960 | INFO |   Env | HO: 99.79% | Throughput: 18.82/user-min | Task: 89.63% | Resolved: 99.96% | Delay: 2.199s | Energy: 9155.35J | MEC fair: 0.502
2026-09-21 07:10:43,960 | INFO |   Reward | Success: 160.60 | Load: 17.43 | Delay: -44.26 | Energy: -30.92 | TaskFail: -18.58 | Interrupt: -3.50 | HOFail: -0.01
2026-09-21 07:11:53,307 | INFO | Update  160 | Steps:  81,920 | Episodes:   160 | EpReward:    64.23 | FPS:   6974 | Actor Loss: 0.0000 | Critic Loss: 0.0000 | HAN Grad: 0.0000 | HAN Δ: 0.000000 | HAN Metapaths: 0
2026-09-21 07:11:53,307 | INFO |   Phase | Rollout: 0.00s | PPO update: 0.00s
2026-09-21 07:11:53,307 | INFO |   Env | HO: 100.00% | Throughput: 18.66/user-min | Task: 90.53% | Resolved: 99.93% | Delay: 2.136s | Energy: 8698.79J | MEC fair: 0.478
2026-09-21 07:11:53,307 | INFO |   Reward | Success: 159.20 | Load: 15.95 | Delay: -42.53 | Energy: -30.10 | TaskFail: -16.65 | Interrupt: -5.76 | HOFail: 0.00
2026-09-21 07:13:02,274 | INFO | Update  161 | Steps:  82,432 | Episodes:   161 | EpReward:    64.69 | FPS:   6894 | Actor Loss: 0.0000 | Critic Loss: 0.0000 | HAN Grad: 0.0000 | HAN Δ: 0.000000 | HAN Metapaths: 0
2026-09-21 07:13:02,275 | INFO |   Phase | Rollout: 0.00s | PPO update: 0.00s
2026-09-21 07:13:02,275 | INFO |   Env | HO: 100.00% | Throughput: 18.34/user-min | Task: 86.90% | Resolved: 99.89% | Delay: 2.456s | Energy: 9718.90J | MEC fair: 0.495
2026-09-21 07:13:02,275 | INFO |   Reward | Success: 156.53 | Load: 17.64 | Delay: -44.24 | Energy: -30.68 | TaskFail: -23.60 | Interrupt: -5.12 | HOFail: 0.00
2026-09-21 07:14:05,766 | INFO | Update  162 | Steps:  82,944 | Episodes:   162 | EpReward:    65.19 | FPS:   7077 | Actor Loss: 0.0000 | Critic Loss: 0.0000 | HAN Grad: 0.0000 | HAN Δ: 0.000000 | HAN Metapaths: 0
2026-09-21 07:14:05,766 | INFO |   Phase | Rollout: 0.00s | PPO update: 0.00s
2026-09-21 07:14:05,766 | INFO |   Env | HO: 100.00% | Throughput: 18.06/user-min | Task: 87.26% | Resolved: 99.92% | Delay: 2.355s | Energy: 9571.38J | MEC fair: 0.448
2026-09-21 07:14:05,766 | INFO |   Reward | Success: 154.10 | Load: 17.08 | Delay: -43.69 | Energy: -30.39 | TaskFail: -22.50 | Interrupt: -4.26 | HOFail: 0.00
2026-09-21 07:15:14,710 | INFO | Update  163 | Steps:  83,456 | Episodes:   163 | EpReward:    65.71 | FPS:   8308 | Actor Loss: 0.0000 | Critic Loss: 0.0000 | HAN Grad: 0.0000 | HAN Δ: 0.000000 | HAN Metapaths: 0
2026-09-21 07:15:14,710 | INFO |   Phase | Rollout: 0.00s | PPO update: 0.00s
2026-09-21 07:15:14,710 | INFO |   Env | HO: 100.00% | Throughput: 17.78/user-min | Task: 86.49% | Resolved: 99.93% | Delay: 2.407s | Energy: 9827.36J | MEC fair: 0.574
2026-09-21 07:15:14,710 | INFO |   Reward | Success: 151.73 | Load: 19.48 | Delay: -43.84 | Energy: -30.42 | TaskFail: -23.70 | Interrupt: -3.04 | HOFail: 0.00
2026-09-21 07:16:23,556 | INFO | Update  164 | Steps:  83,968 | Episodes:   164 | EpReward:    66.13 | FPS:   5549 | Actor Loss: 0.0000 | Critic Loss: 0.0000 | HAN Grad: 0.0000 | HAN Δ: 0.000000 | HAN Metapaths: 0
2026-09-21 07:16:23,556 | INFO |   Phase | Rollout: 0.00s | PPO update: 0.00s
2026-09-21 07:16:23,556 | INFO |   Env | HO: 100.00% | Throughput: 18.25/user-min | Task: 87.12% | Resolved: 99.92% | Delay: 2.377s | Energy: 9952.79J | MEC fair: 0.598
2026-09-21 07:16:23,556 | INFO |   Reward | Success: 155.75 | Load: 19.81 | Delay: -44.67 | Energy: -31.58 | TaskFail: -23.02 | Interrupt: -3.80 | HOFail: 0.00
2026-09-21 07:17:32,233 | INFO | Update  165 | Steps:  84,480 | Episodes:   165 | EpReward:    66.55 | FPS:   6603 | Actor Loss: 0.0000 | Critic Loss: 0.0000 | HAN Grad: 0.0000 | HAN Δ: 0.000000 | HAN Metapaths: 0
2026-09-21 07:17:32,233 | INFO |   Phase | Rollout: 0.00s | PPO update: 0.00s
2026-09-21 07:17:32,233 | INFO |   Env | HO: 100.00% | Throughput: 18.18/user-min | Task: 85.76% | Resolved: 99.92% | Delay: 2.502s | Energy: 10287.11J | MEC fair: 0.609
2026-09-21 07:17:32,233 | INFO |   Reward | Success: 155.18 | Load: 20.09 | Delay: -44.83 | Energy: -31.31 | TaskFail: -25.77 | Interrupt: -4.53 | HOFail: 0.00
2026-09-21 07:18:41,172 | INFO | Update  166 | Steps:  84,992 | Episodes:   166 | EpReward:    66.90 | FPS:   5588 | Actor Loss: 0.0000 | Critic Loss: 0.0000 | HAN Grad: 0.0000 | HAN Δ: 0.000000 | HAN Metapaths: 0
2026-09-21 07:18:41,172 | INFO |   Phase | Rollout: 0.00s | PPO update: 0.00s
2026-09-21 07:18:41,172 | INFO |   Env | HO: 100.00% | Throughput: 17.97/user-min | Task: 86.57% | Resolved: 99.92% | Delay: 2.441s | Energy: 9638.82J | MEC fair: 0.454
2026-09-21 07:18:41,172 | INFO |   Reward | Success: 153.38 | Load: 16.64 | Delay: -43.03 | Energy: -29.97 | TaskFail: -23.80 | Interrupt: -4.34 | HOFail: 0.00
2026-09-21 07:19:50,007 | INFO | Update  167 | Steps:  85,504 | Episodes:   167 | EpReward:    67.30 | FPS:   6618 | Actor Loss: 0.0000 | Critic Loss: 0.0000 | HAN Grad: 0.0000 | HAN Δ: 0.000000 | HAN Metapaths: 0
2026-09-21 07:19:50,007 | INFO |   Phase | Rollout: 0.00s | PPO update: 0.00s
2026-09-21 07:19:50,007 | INFO |   Env | HO: 100.00% | Throughput: 17.96/user-min | Task: 85.47% | Resolved: 100.00% | Delay: 2.530s | Energy: 10082.27J | MEC fair: 0.543
2026-09-21 07:19:50,007 | INFO |   Reward | Success: 153.23 | Load: 19.59 | Delay: -44.63 | Energy: -30.89 | TaskFail: -26.05 | Interrupt: -2.87 | HOFail: 0.00
2026-09-21 07:20:59,096 | INFO | Update  168 | Steps:  86,016 | Episodes:   168 | EpReward:    67.66 | FPS:   6082 | Actor Loss: 0.0000 | Critic Loss: 0.0000 | HAN Grad: 0.0000 | HAN Δ: 0.000000 | HAN Metapaths: 0
2026-09-21 07:20:59,096 | INFO |   Phase | Rollout: 0.00s | PPO update: 0.00s
2026-09-21 07:20:59,096 | INFO |   Env | HO: 100.00% | Throughput: 19.12/user-min | Task: 90.70% | Resolved: 99.93% | Delay: 2.141s | Energy: 9086.11J | MEC fair: 0.509
2026-09-21 07:20:59,096 | INFO |   Reward | Success: 163.20 | Load: 16.47 | Delay: -44.32 | Energy: -31.27 | TaskFail: -16.73 | Interrupt: -7.71 | HOFail: 0.00
2026-09-21 07:22:07,628 | INFO | Update  169 | Steps:  86,528 | Episodes:   169 | EpReward:    67.94 | FPS:   8108 | Actor Loss: 0.0000 | Critic Loss: 0.0000 | HAN Grad: 0.0000 | HAN Δ: 0.000000 | HAN Metapaths: 0
2026-09-21 07:22:07,628 | INFO |   Phase | Rollout: 0.00s | PPO update: 0.00s
2026-09-21 07:22:07,628 | INFO |   Env | HO: 100.00% | Throughput: 17.84/user-min | Task: 85.10% | Resolved: 99.90% | Delay: 2.488s | Energy: 10052.36J | MEC fair: 0.393
2026-09-21 07:22:07,628 | INFO |   Reward | Success: 152.25 | Load: 15.41 | Delay: -42.87 | Energy: -30.23 | TaskFail: -26.65 | Interrupt: -4.06 | HOFail: 0.00
2026-09-21 07:23:16,466 | INFO | Update  170 | Steps:  87,040 | Episodes:   170 | EpReward:    68.08 | FPS:   7229 | Actor Loss: 0.0000 | Critic Loss: 0.0000 | HAN Grad: 0.0000 | HAN Δ: 0.000000 | HAN Metapaths: 0
2026-09-21 07:23:16,466 | INFO |   Phase | Rollout: 0.00s | PPO update: 0.00s
2026-09-21 07:23:16,466 | INFO |   Env | HO: 100.00% | Throughput: 18.24/user-min | Task: 87.48% | Resolved: 99.92% | Delay: 2.313s | Energy: 9544.58J | MEC fair: 0.463
2026-09-21 07:23:16,466 | INFO |   Reward | Success: 155.63 | Load: 16.43 | Delay: -43.52 | Energy: -30.34 | TaskFail: -22.27 | Interrupt: -4.45 | HOFail: 0.00
2026-09-21 07:24:25,303 | INFO | Update  171 | Steps:  87,552 | Episodes:   171 | EpReward:    68.34 | FPS:   8005 | Actor Loss: 0.0000 | Critic Loss: 0.0000 | HAN Grad: 0.0000 | HAN Δ: 0.000000 | HAN Metapaths: 0
2026-09-21 07:24:25,303 | INFO |   Phase | Rollout: 0.00s | PPO update: 0.00s
2026-09-21 07:24:25,303 | INFO |   Env | HO: 99.78% | Throughput: 17.97/user-min | Task: 87.31% | Resolved: 99.90% | Delay: 2.355s | Energy: 9780.38J | MEC fair: 0.511
2026-09-21 07:24:25,304 | INFO |   Reward | Success: 153.33 | Load: 18.38 | Delay: -44.23 | Energy: -31.02 | TaskFail: -22.27 | Interrupt: -3.33 | HOFail: -0.01
2026-09-21 07:25:33,971 | INFO | Update  172 | Steps:  88,064 | Episodes:   172 | EpReward:    68.58 | FPS:   7250 | Actor Loss: 0.0000 | Critic Loss: 0.0000 | HAN Grad: 0.0000 | HAN Δ: 0.000000 | HAN Metapaths: 0
2026-09-21 07:25:33,971 | INFO |   Phase | Rollout: 0.00s | PPO update: 0.00s
2026-09-21 07:25:33,971 | INFO |   Env | HO: 100.00% | Throughput: 18.00/user-min | Task: 86.10% | Resolved: 99.86% | Delay: 2.436s | Energy: 9722.25J | MEC fair: 0.458
2026-09-21 07:25:33,971 | INFO |   Reward | Success: 153.60 | Load: 16.60 | Delay: -43.44 | Energy: -30.07 | TaskFail: -24.80 | Interrupt: -4.45 | HOFail: 0.00
2026-09-21 07:26:42,412 | INFO | Update  173 | Steps:  88,576 | Episodes:   173 | EpReward:    68.76 | FPS:   6546 | Actor Loss: 0.0000 | Critic Loss: 0.0000 | HAN Grad: 0.0000 | HAN Δ: 0.000000 | HAN Metapaths: 0
2026-09-21 07:26:42,412 | INFO |   Phase | Rollout: 0.00s | PPO update: 0.00s
2026-09-21 07:26:42,412 | INFO |   Env | HO: 100.00% | Throughput: 17.74/user-min | Task: 85.11% | Resolved: 99.89% | Delay: 2.585s | Energy: 9967.68J | MEC fair: 0.578
2026-09-21 07:26:42,412 | INFO |   Reward | Success: 151.38 | Load: 19.57 | Delay: -43.63 | Energy: -30.26 | TaskFail: -26.47 | Interrupt: -2.08 | HOFail: 0.00
2026-09-21 07:27:50,808 | INFO | Update  174 | Steps:  89,088 | Episodes:   174 | EpReward:    68.89 | FPS:   5892 | Actor Loss: 0.0000 | Critic Loss: 0.0000 | HAN Grad: 0.0000 | HAN Δ: 0.000000 | HAN Metapaths: 0
2026-09-21 07:27:50,808 | INFO |   Phase | Rollout: 0.00s | PPO update: 0.00s
2026-09-21 07:27:50,808 | INFO |   Env | HO: 99.69% | Throughput: 17.87/user-min | Task: 85.00% | Resolved: 99.90% | Delay: 2.532s | Energy: 10089.20J | MEC fair: 0.452
2026-09-21 07:27:50,808 | INFO |   Reward | Success: 152.45 | Load: 17.26 | Delay: -43.89 | Energy: -30.44 | TaskFail: -26.90 | Interrupt: -4.27 | HOFail: -0.01
2026-09-21 07:28:59,384 | INFO | Update  175 | Steps:  89,600 | Episodes:   175 | EpReward:    69.04 | FPS:   9305 | Actor Loss: 0.0000 | Critic Loss: 0.0000 | HAN Grad: 0.0000 | HAN Δ: 0.000000 | HAN Metapaths: 0
2026-09-21 07:28:59,384 | INFO |   Phase | Rollout: 0.00s | PPO update: 0.00s
2026-09-21 07:28:59,384 | INFO |   Env | HO: 100.00% | Throughput: 18.40/user-min | Task: 87.70% | Resolved: 99.89% | Delay: 2.380s | Energy: 9720.05J | MEC fair: 0.436
2026-09-21 07:28:59,384 | INFO |   Reward | Success: 157.05 | Load: 16.66 | Delay: -44.65 | Energy: -30.97 | TaskFail: -22.02 | Interrupt: -5.94 | HOFail: 0.00
2026-09-21 07:30:08,198 | INFO | Update  176 | Steps:  90,112 | Episodes:   176 | EpReward:    69.11 | FPS:   8569 | Actor Loss: 0.0000 | Critic Loss: 0.0000 | HAN Grad: 0.0000 | HAN Δ: 0.000000 | HAN Metapaths: 0
2026-09-21 07:30:08,198 | INFO |   Phase | Rollout: 0.00s | PPO update: 0.00s
2026-09-21 07:30:08,199 | INFO |   Env | HO: 100.00% | Throughput: 18.26/user-min | Task: 86.84% | Resolved: 99.92% | Delay: 2.377s | Energy: 9434.60J | MEC fair: 0.544
2026-09-21 07:30:08,199 | INFO |   Reward | Success: 155.85 | Load: 19.20 | Delay: -44.52 | Energy: -30.35 | TaskFail: -23.62 | Interrupt: -3.61 | HOFail: 0.00
2026-09-21 07:31:16,194 | INFO | Update  177 | Steps:  90,624 | Episodes:   177 | EpReward:    69.23 | FPS:  10237 | Actor Loss: 0.0000 | Critic Loss: 0.0000 | HAN Grad: 0.0000 | HAN Δ: 0.000000 | HAN Metapaths: 0
2026-09-21 07:31:16,194 | INFO |   Phase | Rollout: 0.00s | PPO update: 0.00s
2026-09-21 07:31:16,194 | INFO |   Env | HO: 100.00% | Throughput: 17.59/user-min | Task: 83.87% | Resolved: 99.93% | Delay: 2.644s | Energy: 10205.77J | MEC fair: 0.598
2026-09-21 07:31:16,194 | INFO |   Reward | Success: 150.13 | Load: 20.30 | Delay: -44.05 | Energy: -30.11 | TaskFail: -28.87 | Interrupt: -3.44 | HOFail: 0.00
2026-09-21 07:32:24,409 | INFO | Update  178 | Steps:  91,136 | Episodes:   178 | EpReward:    69.37 | FPS:   6496 | Actor Loss: 0.0000 | Critic Loss: 0.0000 | HAN Grad: 0.0000 | HAN Δ: 0.000000 | HAN Metapaths: 0
2026-09-21 07:32:24,409 | INFO |   Phase | Rollout: 0.00s | PPO update: 0.00s
2026-09-21 07:32:24,409 | INFO |   Env | HO: 100.00% | Throughput: 17.92/user-min | Task: 84.91% | Resolved: 99.93% | Delay: 2.536s | Energy: 9874.94J | MEC fair: 0.586
2026-09-21 07:32:24,409 | INFO |   Reward | Success: 152.95 | Load: 20.51 | Delay: -44.06 | Energy: -30.34 | TaskFail: -27.17 | Interrupt: -2.77 | HOFail: 0.00
2026-09-21 07:33:32,455 | INFO | Update  179 | Steps:  91,648 | Episodes:   179 | EpReward:    69.44 | FPS:   9109 | Actor Loss: 0.0000 | Critic Loss: 0.0000 | HAN Grad: 0.0000 | HAN Δ: 0.000000 | HAN Metapaths: 0
2026-09-21 07:33:32,455 | INFO |   Phase | Rollout: 0.00s | PPO update: 0.00s
2026-09-21 07:33:32,456 | INFO |   Env | HO: 100.00% | Throughput: 18.35/user-min | Task: 86.88% | Resolved: 99.86% | Delay: 2.391s | Energy: 9845.83J | MEC fair: 0.674
2026-09-21 07:33:32,456 | INFO |   Reward | Success: 156.55 | Load: 21.30 | Delay: -45.50 | Energy: -31.15 | TaskFail: -23.65 | Interrupt: -4.90 | HOFail: 0.00
2026-09-21 07:34:40,479 | INFO | Update  180 | Steps:  92,160 | Episodes:   180 | EpReward:    69.45 | FPS:   7633 | Actor Loss: 0.0000 | Critic Loss: 0.0000 | HAN Grad: 0.0000 | HAN Δ: 0.000000 | HAN Metapaths: 0
2026-09-21 07:34:40,480 | INFO |   Phase | Rollout: 0.00s | PPO update: 0.00s
2026-09-21 07:34:40,480 | INFO |   Env | HO: 100.00% | Throughput: 18.15/user-min | Task: 86.40% | Resolved: 99.93% | Delay: 2.397s | Energy: 9782.23J | MEC fair: 0.662
2026-09-21 07:34:40,480 | INFO |   Reward | Success: 154.88 | Load: 21.34 | Delay: -44.72 | Energy: -30.88 | TaskFail: -24.37 | Interrupt: -4.91 | HOFail: 0.00
2026-09-21 07:35:49,124 | INFO | Update  181 | Steps:  92,672 | Episodes:   181 | EpReward:    69.51 | FPS:   7473 | Actor Loss: 0.0000 | Critic Loss: 0.0000 | HAN Grad: 0.0000 | HAN Δ: 0.000000 | HAN Metapaths: 0
2026-09-21 07:35:49,124 | INFO |   Phase | Rollout: 0.00s | PPO update: 0.00s
2026-09-21 07:35:49,124 | INFO |   Env | HO: 100.00% | Throughput: 18.90/user-min | Task: 89.73% | Resolved: 99.93% | Delay: 2.187s | Energy: 9139.81J | MEC fair: 0.453
2026-09-21 07:35:49,124 | INFO |   Reward | Success: 161.28 | Load: 16.45 | Delay: -44.81 | Energy: -31.09 | TaskFail: -18.45 | Interrupt: -3.24 | HOFail: 0.00
2026-09-21 07:36:57,106 | INFO | Update  182 | Steps:  93,184 | Episodes:   182 | EpReward:    69.35 | FPS:   6641 | Actor Loss: 0.0000 | Critic Loss: 0.0000 | HAN Grad: 0.0000 | HAN Δ: 0.000000 | HAN Metapaths: 0
2026-09-21 07:36:57,106 | INFO |   Phase | Rollout: 0.00s | PPO update: 0.00s
2026-09-21 07:36:57,106 | INFO |   Env | HO: 100.00% | Throughput: 17.92/user-min | Task: 85.37% | Resolved: 99.96% | Delay: 2.510s | Energy: 9900.73J | MEC fair: 0.413
2026-09-21 07:36:57,106 | INFO |   Reward | Success: 152.90 | Load: 14.69 | Delay: -42.49 | Energy: -30.18 | TaskFail: -26.20 | Interrupt: -5.61 | HOFail: 0.00
2026-09-21 07:38:05,604 | INFO | Update  183 | Steps:  93,696 | Episodes:   183 | EpReward:    69.51 | FPS:   6581 | Actor Loss: 0.0000 | Critic Loss: 0.0000 | HAN Grad: 0.0000 | HAN Δ: 0.000000 | HAN Metapaths: 0
2026-09-21 07:38:05,605 | INFO |   Phase | Rollout: 0.00s | PPO update: 0.00s
2026-09-21 07:38:05,605 | INFO |   Env | HO: 100.00% | Throughput: 18.48/user-min | Task: 88.40% | Resolved: 99.96% | Delay: 2.325s | Energy: 9951.10J | MEC fair: 0.599
2026-09-21 07:38:05,605 | INFO |   Reward | Success: 157.70 | Load: 18.97 | Delay: -45.46 | Energy: -32.11 | TaskFail: -20.70 | Interrupt: -3.41 | HOFail: 0.00
2026-09-21 07:39:13,587 | INFO | Update  184 | Steps:  94,208 | Episodes:   184 | EpReward:    69.59 | FPS:   7884 | Actor Loss: 0.0000 | Critic Loss: 0.0000 | HAN Grad: 0.0000 | HAN Δ: 0.000000 | HAN Metapaths: 0
2026-09-21 07:39:13,587 | INFO |   Phase | Rollout: 0.00s | PPO update: 0.00s
2026-09-21 07:39:13,587 | INFO |   Env | HO: 100.00% | Throughput: 18.10/user-min | Task: 85.97% | Resolved: 99.96% | Delay: 2.435s | Energy: 9826.27J | MEC fair: 0.527
2026-09-21 07:39:13,587 | INFO |   Reward | Success: 154.43 | Load: 18.63 | Delay: -44.16 | Energy: -30.45 | TaskFail: -25.20 | Interrupt: -5.32 | HOFail: 0.00
2026-09-21 07:40:21,997 | INFO | Update  185 | Steps:  94,720 | Episodes:   185 | EpReward:    69.77 | FPS:   8275 | Actor Loss: 0.0000 | Critic Loss: 0.0000 | HAN Grad: 0.0000 | HAN Δ: 0.000000 | HAN Metapaths: 0
2026-09-21 07:40:21,997 | INFO |   Phase | Rollout: 0.00s | PPO update: 0.00s
2026-09-21 07:40:21,997 | INFO |   Env | HO: 100.00% | Throughput: 18.96/user-min | Task: 88.89% | Resolved: 99.95% | Delay: 2.297s | Energy: 9358.60J | MEC fair: 0.508
2026-09-21 07:40:21,997 | INFO |   Reward | Success: 161.83 | Load: 17.01 | Delay: -43.93 | Energy: -31.15 | TaskFail: -20.22 | Interrupt: -4.74 | HOFail: 0.00
2026-09-21 07:41:29,797 | INFO | Update  186 | Steps:  95,232 | Episodes:   186 | EpReward:    69.86 | FPS:   8432 | Actor Loss: 0.0000 | Critic Loss: 0.0000 | HAN Grad: 0.0000 | HAN Δ: 0.000000 | HAN Metapaths: 0
2026-09-21 07:41:29,797 | INFO |   Phase | Rollout: 0.00s | PPO update: 0.00s
2026-09-21 07:41:29,797 | INFO |   Env | HO: 99.67% | Throughput: 18.08/user-min | Task: 86.43% | Resolved: 99.93% | Delay: 2.429s | Energy: 9825.20J | MEC fair: 0.453
2026-09-21 07:41:29,797 | INFO |   Reward | Success: 154.25 | Load: 16.97 | Delay: -44.34 | Energy: -30.60 | TaskFail: -24.22 | Interrupt: -8.30 | HOFail: -0.01
2026-09-21 07:42:37,415 | INFO | Update  187 | Steps:  95,744 | Episodes:   187 | EpReward:    70.03 | FPS:   7896 | Actor Loss: 0.0000 | Critic Loss: 0.0000 | HAN Grad: 0.0000 | HAN Δ: 0.000000 | HAN Metapaths: 0
2026-09-21 07:42:37,416 | INFO |   Phase | Rollout: 0.00s | PPO update: 0.00s
2026-09-21 07:42:37,416 | INFO |   Env | HO: 100.00% | Throughput: 18.58/user-min | Task: 88.89% | Resolved: 99.96% | Delay: 2.229s | Energy: 9326.60J | MEC fair: 0.505
2026-09-21 07:42:37,416 | INFO |   Reward | Success: 158.58 | Load: 16.43 | Delay: -43.43 | Energy: -30.82 | TaskFail: -19.82 | Interrupt: -6.85 | HOFail: 0.00
2026-09-21 07:43:45,401 | INFO | Update  188 | Steps:  96,256 | Episodes:   188 | EpReward:    70.02 | FPS:   6629 | Actor Loss: 0.0000 | Critic Loss: 0.0000 | HAN Grad: 0.0000 | HAN Δ: 0.000000 | HAN Metapaths: 0
2026-09-21 07:43:45,401 | INFO |   Phase | Rollout: 0.00s | PPO update: 0.00s
2026-09-21 07:43:45,401 | INFO |   Env | HO: 100.00% | Throughput: 17.95/user-min | Task: 86.72% | Resolved: 99.92% | Delay: 2.428s | Energy: 9780.87J | MEC fair: 0.500
2026-09-21 07:43:45,402 | INFO |   Reward | Success: 153.18 | Load: 17.58 | Delay: -43.10 | Energy: -30.63 | TaskFail: -23.45 | Interrupt: -5.00 | HOFail: 0.00
2026-09-21 07:44:53,675 | INFO | Update  189 | Steps:  96,768 | Episodes:   189 | EpReward:    70.17 | FPS:   8671 | Actor Loss: 0.0000 | Critic Loss: 0.0000 | HAN Grad: 0.0000 | HAN Δ: 0.000000 | HAN Metapaths: 0
2026-09-21 07:44:53,675 | INFO |   Phase | Rollout: 0.00s | PPO update: 0.00s
2026-09-21 07:44:53,676 | INFO |   Env | HO: 100.00% | Throughput: 19.16/user-min | Task: 90.41% | Resolved: 99.92% | Delay: 2.131s | Energy: 9112.07J | MEC fair: 0.539
2026-09-21 07:44:53,676 | INFO |   Reward | Success: 163.50 | Load: 17.36 | Delay: -44.75 | Energy: -31.41 | TaskFail: -17.35 | Interrupt: -5.16 | HOFail: 0.00
2026-09-21 07:46:01,228 | INFO | Update  190 | Steps:  97,280 | Episodes:   190 | EpReward:    70.38 | FPS:   6427 | Actor Loss: 0.0000 | Critic Loss: 0.0000 | HAN Grad: 0.0000 | HAN Δ: 0.000000 | HAN Metapaths: 0
2026-09-21 07:46:01,228 | INFO |   Phase | Rollout: 0.00s | PPO update: 0.00s
2026-09-21 07:46:01,228 | INFO |   Env | HO: 100.00% | Throughput: 18.59/user-min | Task: 88.52% | Resolved: 99.90% | Delay: 2.290s | Energy: 9749.38J | MEC fair: 0.549
2026-09-21 07:46:01,228 | INFO |   Reward | Success: 158.68 | Load: 18.82 | Delay: -45.29 | Energy: -31.89 | TaskFail: -20.57 | Interrupt: -3.17 | HOFail: 0.00
2026-09-21 07:47:08,927 | INFO | Update  191 | Steps:  97,792 | Episodes:   191 | EpReward:    70.59 | FPS:   6395 | Actor Loss: 0.0000 | Critic Loss: 0.0000 | HAN Grad: 0.0000 | HAN Δ: 0.000000 | HAN Metapaths: 0
2026-09-21 07:47:08,927 | INFO |   Phase | Rollout: 0.00s | PPO update: 0.00s
2026-09-21 07:47:08,927 | INFO |   Env | HO: 100.00% | Throughput: 18.36/user-min | Task: 87.68% | Resolved: 99.92% | Delay: 2.320s | Energy: 9682.32J | MEC fair: 0.653
2026-09-21 07:47:08,927 | INFO |   Reward | Success: 156.70 | Load: 21.15 | Delay: -45.18 | Energy: -31.16 | TaskFail: -22.02 | Interrupt: -2.38 | HOFail: 0.00
2026-09-21 07:48:16,156 | INFO | Update  192 | Steps:  98,304 | Episodes:   192 | EpReward:    70.63 | FPS:   7741 | Actor Loss: 0.0000 | Critic Loss: 0.0000 | HAN Grad: 0.0000 | HAN Δ: 0.000000 | HAN Metapaths: 0
2026-09-21 07:48:16,156 | INFO |   Phase | Rollout: 0.00s | PPO update: 0.00s
2026-09-21 07:48:16,156 | INFO |   Env | HO: 100.00% | Throughput: 18.10/user-min | Task: 86.62% | Resolved: 99.96% | Delay: 2.407s | Energy: 9404.92J | MEC fair: 0.515
2026-09-21 07:48:16,156 | INFO |   Reward | Success: 154.45 | Load: 18.10 | Delay: -43.61 | Energy: -29.82 | TaskFail: -23.85 | Interrupt: -4.68 | HOFail: 0.00
2026-09-21 07:49:23,792 | INFO | Update  193 | Steps:  98,816 | Episodes:   193 | EpReward:    70.63 | FPS:   8044 | Actor Loss: 0.0000 | Critic Loss: 0.0000 | HAN Grad: 0.0000 | HAN Δ: 0.000000 | HAN Metapaths: 0
2026-09-21 07:49:23,793 | INFO |   Phase | Rollout: 0.00s | PPO update: 0.00s
2026-09-21 07:49:23,793 | INFO |   Env | HO: 100.00% | Throughput: 18.40/user-min | Task: 87.49% | Resolved: 99.90% | Delay: 2.353s | Energy: 9758.15J | MEC fair: 0.472
2026-09-21 07:49:23,793 | INFO |   Reward | Success: 157.03 | Load: 17.33 | Delay: -44.60 | Energy: -31.18 | TaskFail: -22.45 | Interrupt: -4.74 | HOFail: 0.00
2026-09-21 07:50:21,697 | INFO | Update  194 | Steps:  99,328 | Episodes:   194 | EpReward:    70.76 | FPS:   6948 | Actor Loss: 0.0000 | Critic Loss: 0.0000 | HAN Grad: 0.0000 | HAN Δ: 0.000000 | HAN Metapaths: 0
2026-09-21 07:50:21,697 | INFO |   Phase | Rollout: 0.00s | PPO update: 0.00s
2026-09-21 07:50:21,697 | INFO |   Env | HO: 100.00% | Throughput: 18.80/user-min | Task: 88.98% | Resolved: 99.94% | Delay: 2.249s | Energy: 9167.55J | MEC fair: 0.501
2026-09-21 07:50:21,697 | INFO |   Reward | Success: 160.40 | Load: 17.44 | Delay: -44.07 | Energy: -30.62 | TaskFail: -19.87 | Interrupt: -5.39 | HOFail: 0.00
2026-09-21 07:51:29,531 | INFO | Update  195 | Steps:  99,840 | Episodes:   195 | EpReward:    70.80 | FPS:  10395 | Actor Loss: 0.0000 | Critic Loss: 0.0000 | HAN Grad: 0.0000 | HAN Δ: 0.000000 | HAN Metapaths: 0
2026-09-21 07:51:29,531 | INFO |   Phase | Rollout: 0.00s | PPO update: 0.00s
2026-09-21 07:51:29,531 | INFO |   Env | HO: 100.00% | Throughput: 18.08/user-min | Task: 85.15% | Resolved: 99.99% | Delay: 2.594s | Energy: 10185.61J | MEC fair: 0.592
2026-09-21 07:51:29,531 | INFO |   Reward | Success: 154.25 | Load: 20.13 | Delay: -44.09 | Energy: -30.85 | TaskFail: -26.90 | Interrupt: -4.13 | HOFail: 0.00
2026-09-21 07:51:50,854 | INFO | ----------------------------------------
2026-09-21 07:51:50,855 | INFO | 开始评估 HAN+PDQN...
2026-09-21 07:53:48,921 | INFO | 模型已保存: /home/pjpjq/LEO_switch/results/multiseed_0907/seed46/u40/learned_baselines/han_pdqn/best_model.pt
2026-09-21 07:53:48,921 | INFO | 评估结果: 奖励 = 77.89 ± 6.91, 长度 = 512, 延迟 = 2.324s
2026-09-21 07:53:48,921 | INFO | ----------------------------------------
2026-09-21 07:53:48,947 | INFO | 模型已保存: /home/pjpjq/LEO_switch/results/multiseed_0907/seed46/u40/learned_baselines/han_pdqn/checkpoint_100000.pt
2026-09-21 07:54:35,522 | INFO | Update  196 | Steps: 100,352 | Episodes:   196 | EpReward:    70.96 | FPS:   7156 | Actor Loss: 0.0000 | Critic Loss: 0.0000 | HAN Grad: 0.0000 | HAN Δ: 0.000000 | HAN Metapaths: 0
2026-09-21 07:54:35,523 | INFO |   Phase | Rollout: 0.00s | PPO update: 0.00s
2026-09-21 07:54:35,523 | INFO |   Env | HO: 100.00% | Throughput: 18.99/user-min | Task: 89.63% | Resolved: 99.92% | Delay: 2.239s | Energy: 9426.69J | MEC fair: 0.512
2026-09-21 07:54:35,523 | INFO |   Reward | Success: 162.08 | Load: 17.65 | Delay: -44.81 | Energy: -31.60 | TaskFail: -18.75 | Interrupt: -4.96 | HOFail: 0.00
2026-09-21 07:55:42,666 | INFO | Update  197 | Steps: 100,864 | Episodes:   197 | EpReward:    70.89 | FPS:   8247 | Actor Loss: 0.0000 | Critic Loss: 0.0000 | HAN Grad: 0.0000 | HAN Δ: 0.000000 | HAN Metapaths: 0
2026-09-21 07:55:42,667 | INFO |   Phase | Rollout: 0.00s | PPO update: 0.00s
2026-09-21 07:55:42,667 | INFO |   Env | HO: 100.00% | Throughput: 17.69/user-min | Task: 83.91% | Resolved: 99.94% | Delay: 2.615s | Energy: 10345.15J | MEC fair: 0.501
2026-09-21 07:55:42,667 | INFO |   Reward | Success: 150.95 | Load: 17.85 | Delay: -43.61 | Energy: -30.39 | TaskFail: -28.95 | Interrupt: -4.11 | HOFail: 0.00
2026-09-21 07:56:50,378 | INFO | Update  198 | Steps: 101,376 | Episodes:   198 | EpReward:    70.92 | FPS:   6337 | Actor Loss: 0.0000 | Critic Loss: 0.0000 | HAN Grad: 0.0000 | HAN Δ: 0.000000 | HAN Metapaths: 0
2026-09-21 07:56:50,378 | INFO |   Phase | Rollout: 0.00s | PPO update: 0.00s
2026-09-21 07:56:50,378 | INFO |   Env | HO: 100.00% | Throughput: 18.19/user-min | Task: 86.72% | Resolved: 99.94% | Delay: 2.472s | Energy: 9818.95J | MEC fair: 0.638
2026-09-21 07:56:50,378 | INFO |   Reward | Success: 155.23 | Load: 20.74 | Delay: -44.65 | Energy: -30.75 | TaskFail: -23.77 | Interrupt: -3.38 | HOFail: 0.00
2026-09-21 07:57:57,616 | INFO | Update  199 | Steps: 101,888 | Episodes:   199 | EpReward:    70.99 | FPS:   8522 | Actor Loss: 0.0000 | Critic Loss: 0.0000 | HAN Grad: 0.0000 | HAN Δ: 0.000000 | HAN Metapaths: 0
2026-09-21 07:57:57,616 | INFO |   Phase | Rollout: 0.00s | PPO update: 0.00s
2026-09-21 07:57:57,616 | INFO |   Env | HO: 100.00% | Throughput: 18.14/user-min | Task: 85.70% | Resolved: 99.94% | Delay: 2.487s | Energy: 10064.15J | MEC fair: 0.643
2026-09-21 07:57:57,616 | INFO |   Reward | Success: 154.83 | Load: 20.90 | Delay: -45.34 | Energy: -31.02 | TaskFail: -25.82 | Interrupt: -3.81 | HOFail: 0.00
2026-09-21 07:59:05,108 | INFO | Update  200 | Steps: 102,400 | Episodes:   200 | EpReward:    71.00 | FPS:   6637 | Actor Loss: 0.0000 | Critic Loss: 0.0000 | HAN Grad: 0.0000 | HAN Δ: 0.000000 | HAN Metapaths: 0
2026-09-21 07:59:05,108 | INFO |   Phase | Rollout: 0.00s | PPO update: 0.00s
2026-09-21 07:59:05,108 | INFO |   Env | HO: 100.00% | Throughput: 17.79/user-min | Task: 86.44% | Resolved: 99.94% | Delay: 2.418s | Energy: 9676.60J | MEC fair: 0.625
2026-09-21 07:59:05,108 | INFO |   Reward | Success: 151.83 | Load: 20.08 | Delay: -43.42 | Energy: -30.23 | TaskFail: -23.82 | Interrupt: -2.65 | HOFail: 0.00
2026-09-21 08:00:12,226 | INFO | Update  201 | Steps: 102,912 | Episodes:   201 | EpReward:    71.00 | FPS:   8292 | Actor Loss: 0.0000 | Critic Loss: 0.0000 | HAN Grad: 0.0000 | HAN Δ: 0.000000 | HAN Metapaths: 0
2026-09-21 08:00:12,226 | INFO |   Phase | Rollout: 0.00s | PPO update: 0.00s
2026-09-21 08:00:12,226 | INFO |   Env | HO: 100.00% | Throughput: 18.22/user-min | Task: 85.55% | Resolved: 99.92% | Delay: 2.464s | Energy: 10066.45J | MEC fair: 0.588
2026-09-21 08:00:12,226 | INFO |   Reward | Success: 155.45 | Load: 20.02 | Delay: -44.81 | Energy: -31.06 | TaskFail: -26.25 | Interrupt: -6.72 | HOFail: 0.00
2026-09-21 08:01:19,702 | INFO | Update  202 | Steps: 103,424 | Episodes:   202 | EpReward:    71.19 | FPS:   7995 | Actor Loss: 0.0000 | Critic Loss: 0.0000 | HAN Grad: 0.0000 | HAN Δ: 0.000000 | HAN Metapaths: 0
2026-09-21 08:01:19,702 | INFO |   Phase | Rollout: 0.00s | PPO update: 0.00s
2026-09-21 08:01:19,702 | INFO |   Env | HO: 100.00% | Throughput: 18.43/user-min | Task: 88.39% | Resolved: 99.89% | Delay: 2.315s | Energy: 9661.26J | MEC fair: 0.633
2026-09-21 08:01:19,702 | INFO |   Reward | Success: 157.25 | Load: 20.55 | Delay: -45.25 | Energy: -31.44 | TaskFail: -20.65 | Interrupt: -2.98 | HOFail: 0.00
2026-09-21 08:02:27,056 | INFO | Update  203 | Steps: 103,936 | Episodes:   203 | EpReward:    71.14 | FPS:   6598 | Actor Loss: 0.0000 | Critic Loss: 0.0000 | HAN Grad: 0.0000 | HAN Δ: 0.000000 | HAN Metapaths: 0
2026-09-21 08:02:27,056 | INFO |   Phase | Rollout: 0.00s | PPO update: 0.00s
2026-09-21 08:02:27,056 | INFO |   Env | HO: 99.67% | Throughput: 17.38/user-min | Task: 82.58% | Resolved: 99.93% | Delay: 2.658s | Energy: 10246.61J | MEC fair: 0.558
2026-09-21 08:02:27,056 | INFO |   Reward | Success: 148.30 | Load: 19.60 | Delay: -43.05 | Energy: -29.45 | TaskFail: -31.27 | Interrupt: -7.10 | HOFail: -0.01
2026-09-21 08:03:34,476 | INFO | Update  204 | Steps: 104,448 | Episodes:   204 | EpReward:    71.09 | FPS:   8599 | Actor Loss: 0.0000 | Critic Loss: 0.0000 | HAN Grad: 0.0000 | HAN Δ: 0.000000 | HAN Metapaths: 0
2026-09-21 08:03:34,476 | INFO |   Phase | Rollout: 0.00s | PPO update: 0.00s
2026-09-21 08:03:34,477 | INFO |   Env | HO: 100.00% | Throughput: 18.00/user-min | Task: 84.42% | Resolved: 99.93% | Delay: 2.653s | Energy: 9854.76J | MEC fair: 0.448
2026-09-21 08:03:34,477 | INFO |   Reward | Success: 153.63 | Load: 18.02 | Delay: -44.03 | Energy: -29.82 | TaskFail: -28.35 | Interrupt: -4.58 | HOFail: 0.00
2026-09-21 08:04:41,622 | INFO | Update  205 | Steps: 104,960 | Episodes:   205 | EpReward:    70.94 | FPS:   8301 | Actor Loss: 0.0000 | Critic Loss: 0.0000 | HAN Grad: 0.0000 | HAN Δ: 0.000000 | HAN Metapaths: 0
2026-09-21 08:04:41,622 | INFO |   Phase | Rollout: 0.00s | PPO update: 0.00s
2026-09-21 08:04:41,622 | INFO |   Env | HO: 100.00% | Throughput: 17.87/user-min | Task: 84.90% | Resolved: 99.94% | Delay: 2.551s | Energy: 10124.56J | MEC fair: 0.584
2026-09-21 08:04:41,622 | INFO |   Reward | Success: 152.48 | Load: 19.93 | Delay: -44.51 | Energy: -30.71 | TaskFail: -27.12 | Interrupt: -3.22 | HOFail: 0.00
2026-09-21 08:05:49,173 | INFO | Update  206 | Steps: 105,472 | Episodes:   206 | EpReward:    70.97 | FPS:   6973 | Actor Loss: 0.0000 | Critic Loss: 0.0000 | HAN Grad: 0.0000 | HAN Δ: 0.000000 | HAN Metapaths: 0
2026-09-21 08:05:49,173 | INFO |   Phase | Rollout: 0.00s | PPO update: 0.00s
2026-09-21 08:05:49,173 | INFO |   Env | HO: 100.00% | Throughput: 17.83/user-min | Task: 85.47% | Resolved: 99.94% | Delay: 2.430s | Energy: 9762.71J | MEC fair: 0.654
2026-09-21 08:05:49,173 | INFO |   Reward | Success: 152.18 | Load: 20.99 | Delay: -44.04 | Energy: -30.31 | TaskFail: -25.87 | Interrupt: -3.10 | HOFail: 0.00
2026-09-21 08:06:56,572 | INFO | Update  207 | Steps: 105,984 | Episodes:   207 | EpReward:    71.18 | FPS:   8086 | Actor Loss: 0.0000 | Critic Loss: 0.0000 | HAN Grad: 0.0000 | HAN Δ: 0.000000 | HAN Metapaths: 0
2026-09-21 08:06:56,573 | INFO |   Phase | Rollout: 0.00s | PPO update: 0.00s
2026-09-21 08:06:56,573 | INFO |   Env | HO: 100.00% | Throughput: 19.29/user-min | Task: 91.79% | Resolved: 99.92% | Delay: 2.039s | Energy: 8631.89J | MEC fair: 0.494
2026-09-21 08:06:56,573 | INFO |   Reward | Success: 164.65 | Load: 16.04 | Delay: -43.93 | Energy: -30.98 | TaskFail: -14.73 | Interrupt: -5.52 | HOFail: 0.00
2026-09-21 08:08:03,761 | INFO | Update  208 | Steps: 106,496 | Episodes:   208 | EpReward:    71.23 | FPS:   9153 | Actor Loss: 0.0000 | Critic Loss: 0.0000 | HAN Grad: 0.0000 | HAN Δ: 0.000000 | HAN Metapaths: 0
2026-09-21 08:08:03,761 | INFO |   Phase | Rollout: 0.00s | PPO update: 0.00s
2026-09-21 08:08:03,761 | INFO |   Env | HO: 100.00% | Throughput: 18.28/user-min | Task: 86.55% | Resolved: 99.97% | Delay: 2.403s | Energy: 9500.47J | MEC fair: 0.522
2026-09-21 08:08:03,761 | INFO |   Reward | Success: 155.95 | Load: 18.17 | Delay: -43.69 | Energy: -30.13 | TaskFail: -24.22 | Interrupt: -4.99 | HOFail: 0.00
2026-09-21 08:09:11,087 | INFO | Update  209 | Steps: 107,008 | Episodes:   209 | EpReward:    71.16 | FPS:   8004 | Actor Loss: 0.0000 | Critic Loss: 0.0000 | HAN Grad: 0.0000 | HAN Δ: 0.000000 | HAN Metapaths: 0
2026-09-21 08:09:11,087 | INFO |   Phase | Rollout: 0.00s | PPO update: 0.00s
2026-09-21 08:09:11,087 | INFO |   Env | HO: 100.00% | Throughput: 17.80/user-min | Task: 85.23% | Resolved: 99.94% | Delay: 2.505s | Energy: 10037.48J | MEC fair: 0.585
2026-09-21 08:09:11,087 | INFO |   Reward | Success: 151.88 | Load: 19.90 | Delay: -43.78 | Energy: -30.57 | TaskFail: -26.32 | Interrupt: -4.74 | HOFail: 0.00
2026-09-21 08:10:18,659 | INFO | Update  210 | Steps: 107,520 | Episodes:   210 | EpReward:    71.09 | FPS:   9074 | Actor Loss: 0.0000 | Critic Loss: 0.0000 | HAN Grad: 0.0000 | HAN Δ: 0.000000 | HAN Metapaths: 0
2026-09-21 08:10:18,659 | INFO |   Phase | Rollout: 0.00s | PPO update: 0.00s
2026-09-21 08:10:18,659 | INFO |   Env | HO: 100.00% | Throughput: 18.39/user-min | Task: 86.75% | Resolved: 99.94% | Delay: 2.424s | Energy: 10059.63J | MEC fair: 0.609
2026-09-21 08:10:18,659 | INFO |   Reward | Success: 156.95 | Load: 20.30 | Delay: -45.79 | Energy: -31.57 | TaskFail: -23.97 | Interrupt: -2.63 | HOFail: 0.00
2026-09-21 08:11:25,643 | INFO | Update  211 | Steps: 108,032 | Episodes:   211 | EpReward:    71.11 | FPS:   8964 | Actor Loss: 0.0000 | Critic Loss: 0.0000 | HAN Grad: 0.0000 | HAN Δ: 0.000000 | HAN Metapaths: 0
2026-09-21 08:11:25,643 | INFO |   Phase | Rollout: 0.00s | PPO update: 0.00s
2026-09-21 08:11:25,643 | INFO |   Env | HO: 100.00% | Throughput: 18.38/user-min | Task: 87.10% | Resolved: 99.94% | Delay: 2.368s | Energy: 9722.45J | MEC fair: 0.399
2026-09-21 08:11:25,643 | INFO |   Reward | Success: 156.88 | Load: 16.20 | Delay: -44.53 | Energy: -31.14 | TaskFail: -23.22 | Interrupt: -3.24 | HOFail: 0.00
2026-09-21 08:12:33,219 | INFO | Update  212 | Steps: 108,544 | Episodes:   212 | EpReward:    71.13 | FPS:   6722 | Actor Loss: 0.0000 | Critic Loss: 0.0000 | HAN Grad: 0.0000 | HAN Δ: 0.000000 | HAN Metapaths: 0
2026-09-21 08:12:33,219 | INFO |   Phase | Rollout: 0.00s | PPO update: 0.00s
2026-09-21 08:12:33,219 | INFO |   Env | HO: 100.00% | Throughput: 17.87/user-min | Task: 83.76% | Resolved: 99.90% | Delay: 2.682s | Energy: 10286.71J | MEC fair: 0.649
2026-09-21 08:12:33,219 | INFO |   Reward | Success: 152.50 | Load: 20.81 | Delay: -44.68 | Energy: -30.75 | TaskFail: -29.57 | Interrupt: -3.71 | HOFail: 0.00
2026-09-21 08:13:40,788 | INFO | Update  213 | Steps: 109,056 | Episodes:   213 | EpReward:    71.19 | FPS:   7759 | Actor Loss: 0.0000 | Critic Loss: 0.0000 | HAN Grad: 0.0000 | HAN Δ: 0.000000 | HAN Metapaths: 0
2026-09-21 08:13:40,788 | INFO |   Phase | Rollout: 0.00s | PPO update: 0.00s
2026-09-21 08:13:40,788 | INFO |   Env | HO: 100.00% | Throughput: 19.37/user-min | Task: 91.87% | Resolved: 99.93% | Delay: 2.066s | Energy: 8775.90J | MEC fair: 0.498
2026-09-21 08:13:40,788 | INFO |   Reward | Success: 165.33 | Load: 17.33 | Delay: -44.78 | Energy: -31.47 | TaskFail: -14.63 | Interrupt: -5.81 | HOFail: 0.00
2026-09-21 08:14:47,813 | INFO | Update  214 | Steps: 109,568 | Episodes:   214 | EpReward:    71.33 | FPS:   6737 | Actor Loss: 0.0000 | Critic Loss: 0.0000 | HAN Grad: 0.0000 | HAN Δ: 0.000000 | HAN Metapaths: 0
2026-09-21 08:14:47,813 | INFO |   Phase | Rollout: 0.00s | PPO update: 0.00s
2026-09-21 08:14:47,813 | INFO |   Env | HO: 100.00% | Throughput: 18.88/user-min | Task: 89.42% | Resolved: 99.93% | Delay: 2.273s | Energy: 9205.34J | MEC fair: 0.550
2026-09-21 08:14:47,813 | INFO |   Reward | Success: 161.15 | Load: 18.07 | Delay: -44.71 | Energy: -30.91 | TaskFail: -19.07 | Interrupt: -4.58 | HOFail: 0.00
2026-09-21 08:15:54,810 | INFO | Update  215 | Steps: 110,080 | Episodes:   215 | EpReward:    71.34 | FPS:  11435 | Actor Loss: 0.0000 | Critic Loss: 0.0000 | HAN Grad: 0.0000 | HAN Δ: 0.000000 | HAN Metapaths: 0
2026-09-21 08:15:54,811 | INFO |   Phase | Rollout: 0.00s | PPO update: 0.00s
2026-09-21 08:15:54,811 | INFO |   Env | HO: 100.00% | Throughput: 18.17/user-min | Task: 87.81% | Resolved: 99.93% | Delay: 2.389s | Energy: 9246.54J | MEC fair: 0.499
2026-09-21 08:15:54,811 | INFO |   Reward | Success: 155.05 | Load: 17.83 | Delay: -43.30 | Energy: -29.96 | TaskFail: -21.52 | Interrupt: -5.79 | HOFail: 0.00
2026-09-21 08:17:02,317 | INFO | Update  216 | Steps: 110,592 | Episodes:   216 | EpReward:    71.43 | FPS:   9726 | Actor Loss: 0.0000 | Critic Loss: 0.0000 | HAN Grad: 0.0000 | HAN Δ: 0.000000 | HAN Metapaths: 0
2026-09-21 08:17:02,317 | INFO |   Phase | Rollout: 0.00s | PPO update: 0.00s
2026-09-21 08:17:02,317 | INFO |   Env | HO: 100.00% | Throughput: 18.78/user-min | Task: 90.03% | Resolved: 99.94% | Delay: 2.231s | Energy: 8987.57J | MEC fair: 0.502
2026-09-21 08:17:02,317 | INFO |   Reward | Success: 160.23 | Load: 16.88 | Delay: -43.21 | Energy: -30.76 | TaskFail: -17.75 | Interrupt: -6.71 | HOFail: 0.00
2026-09-21 08:18:08,747 | INFO | Update  217 | Steps: 111,104 | Episodes:   217 | EpReward:    71.36 | FPS:   9606 | Actor Loss: 0.0000 | Critic Loss: 0.0000 | HAN Grad: 0.0000 | HAN Δ: 0.000000 | HAN Metapaths: 0
2026-09-21 08:18:08,747 | INFO |   Phase | Rollout: 0.00s | PPO update: 0.00s
2026-09-21 08:18:08,747 | INFO |   Env | HO: 100.00% | Throughput: 17.92/user-min | Task: 84.88% | Resolved: 99.97% | Delay: 2.547s | Energy: 10098.66J | MEC fair: 0.612
2026-09-21 08:18:08,747 | INFO |   Reward | Success: 152.88 | Load: 20.23 | Delay: -44.24 | Energy: -30.63 | TaskFail: -27.22 | Interrupt: -5.76 | HOFail: 0.00
2026-09-21 08:19:15,478 | INFO | Update  218 | Steps: 111,616 | Episodes:   218 | EpReward:    71.34 | FPS:   8904 | Actor Loss: 0.0000 | Critic Loss: 0.0000 | HAN Grad: 0.0000 | HAN Δ: 0.000000 | HAN Metapaths: 0
2026-09-21 08:19:15,478 | INFO |   Phase | Rollout: 0.00s | PPO update: 0.00s
2026-09-21 08:19:15,478 | INFO |   Env | HO: 100.00% | Throughput: 18.05/user-min | Task: 86.05% | Resolved: 99.93% | Delay: 2.414s | Energy: 9690.13J | MEC fair: 0.514
2026-09-21 08:19:15,478 | INFO |   Reward | Success: 154.05 | Load: 18.52 | Delay: -44.01 | Energy: -30.32 | TaskFail: -24.97 | Interrupt: -4.70 | HOFail: 0.00
2026-09-21 08:20:22,611 | INFO | Update  219 | Steps: 112,128 | Episodes:   219 | EpReward:    71.22 | FPS:   8183 | Actor Loss: 0.0000 | Critic Loss: 0.0000 | HAN Grad: 0.0000 | HAN Δ: 0.000000 | HAN Metapaths: 0
2026-09-21 08:20:22,611 | INFO |   Phase | Rollout: 0.00s | PPO update: 0.00s
2026-09-21 08:20:22,611 | INFO |   Env | HO: 99.61% | Throughput: 18.29/user-min | Task: 86.99% | Resolved: 99.99% | Delay: 2.340s | Energy: 9466.02J | MEC fair: 0.427
2026-09-21 08:20:22,611 | INFO |   Reward | Success: 156.10 | Load: 16.65 | Delay: -43.55 | Energy: -30.16 | TaskFail: -23.35 | Interrupt: -3.88 | HOFail: -0.01
2026-09-21 08:21:29,981 | INFO | Update  220 | Steps: 112,640 | Episodes:   220 | EpReward:    71.16 | FPS:   8216 | Actor Loss: 0.0000 | Critic Loss: 0.0000 | HAN Grad: 0.0000 | HAN Δ: 0.000000 | HAN Metapaths: 0
2026-09-21 08:21:29,981 | INFO |   Phase | Rollout: 0.00s | PPO update: 0.00s
2026-09-21 08:21:29,981 | INFO |   Env | HO: 100.00% | Throughput: 17.88/user-min | Task: 84.84% | Resolved: 99.94% | Delay: 2.629s | Energy: 10014.88J | MEC fair: 0.652
2026-09-21 08:21:29,981 | INFO |   Reward | Success: 152.55 | Load: 20.97 | Delay: -44.26 | Energy: -30.71 | TaskFail: -27.25 | Interrupt: -2.98 | HOFail: 0.00
2026-09-21 08:22:36,668 | INFO | Update  221 | Steps: 113,152 | Episodes:   221 | EpReward:    71.00 | FPS:   7596 | Actor Loss: 0.0000 | Critic Loss: 0.0000 | HAN Grad: 0.0000 | HAN Δ: 0.000000 | HAN Metapaths: 0
2026-09-21 08:22:36,668 | INFO |   Phase | Rollout: 0.00s | PPO update: 0.00s
2026-09-21 08:22:36,668 | INFO |   Env | HO: 100.00% | Throughput: 17.72/user-min | Task: 84.06% | Resolved: 99.93% | Delay: 2.684s | Energy: 9974.18J | MEC fair: 0.468
2026-09-21 08:22:36,668 | INFO |   Reward | Success: 151.25 | Load: 18.03 | Delay: -43.07 | Energy: -29.85 | TaskFail: -28.67 | Interrupt: -5.04 | HOFail: 0.00
2026-09-21 08:23:43,261 | INFO | Update  222 | Steps: 113,664 | Episodes:   222 | EpReward:    71.01 | FPS:  10392 | Actor Loss: 0.0000 | Critic Loss: 0.0000 | HAN Grad: 0.0000 | HAN Δ: 0.000000 | HAN Metapaths: 0
2026-09-21 08:23:43,262 | INFO |   Phase | Rollout: 0.00s | PPO update: 0.00s
2026-09-21 08:23:43,262 | INFO |   Env | HO: 100.00% | Throughput: 18.16/user-min | Task: 86.41% | Resolved: 99.96% | Delay: 2.402s | Energy: 9736.06J | MEC fair: 0.429
2026-09-21 08:23:43,262 | INFO |   Reward | Success: 154.98 | Load: 16.29 | Delay: -43.37 | Energy: -30.49 | TaskFail: -24.37 | Interrupt: -6.65 | HOFail: 0.00
2026-09-21 08:24:50,330 | INFO | Update  223 | Steps: 114,176 | Episodes:   223 | EpReward:    71.06 | FPS:   8127 | Actor Loss: 0.0000 | Critic Loss: 0.0000 | HAN Grad: 0.0000 | HAN Δ: 0.000000 | HAN Metapaths: 0
2026-09-21 08:24:50,331 | INFO |   Phase | Rollout: 0.00s | PPO update: 0.00s
2026-09-21 08:24:50,331 | INFO |   Env | HO: 100.00% | Throughput: 17.66/user-min | Task: 84.87% | Resolved: 99.94% | Delay: 2.572s | Energy: 10133.11J | MEC fair: 0.562
2026-09-21 08:24:50,331 | INFO |   Reward | Success: 150.70 | Load: 19.36 | Delay: -43.96 | Energy: -30.50 | TaskFail: -26.87 | Interrupt: -2.83 | HOFail: 0.00
2026-09-21 08:25:57,527 | INFO | Update  224 | Steps: 114,688 | Episodes:   224 | EpReward:    71.25 | FPS:   8597 | Actor Loss: 0.0000 | Critic Loss: 0.0000 | HAN Grad: 0.0000 | HAN Δ: 0.000000 | HAN Metapaths: 0
2026-09-21 08:25:57,527 | INFO |   Phase | Rollout: 0.00s | PPO update: 0.00s
2026-09-21 08:25:57,527 | INFO |   Env | HO: 100.00% | Throughput: 19.20/user-min | Task: 91.60% | Resolved: 99.89% | Delay: 2.054s | Energy: 8643.59J | MEC fair: 0.487
2026-09-21 08:25:57,527 | INFO |   Reward | Success: 163.88 | Load: 16.36 | Delay: -43.74 | Energy: -30.98 | TaskFail: -15.03 | Interrupt: -6.52 | HOFail: 0.00
2026-09-21 08:27:04,952 | INFO | Update  225 | Steps: 115,200 | Episodes:   225 | EpReward:    71.46 | FPS:   7832 | Actor Loss: 0.0000 | Critic Loss: 0.0000 | HAN Grad: 0.0000 | HAN Δ: 0.000000 | HAN Metapaths: 0
2026-09-21 08:27:04,953 | INFO |   Phase | Rollout: 0.00s | PPO update: 0.00s
2026-09-21 08:27:04,953 | INFO |   Env | HO: 99.80% | Throughput: 19.00/user-min | Task: 91.60% | Resolved: 99.93% | Delay: 2.065s | Energy: 8764.83J | MEC fair: 0.508
2026-09-21 08:27:04,953 | INFO |   Reward | Success: 162.15 | Load: 16.72 | Delay: -43.75 | Energy: -30.97 | TaskFail: -14.88 | Interrupt: -6.01 | HOFail: -0.01
2026-09-21 08:28:12,143 | INFO | Update  226 | Steps: 115,712 | Episodes:   226 | EpReward:    71.57 | FPS:   9890 | Actor Loss: 0.0000 | Critic Loss: 0.0000 | HAN Grad: 0.0000 | HAN Δ: 0.000000 | HAN Metapaths: 0
2026-09-21 08:28:12,143 | INFO |   Phase | Rollout: 0.00s | PPO update: 0.00s
2026-09-21 08:28:12,143 | INFO |   Env | HO: 99.65% | Throughput: 18.43/user-min | Task: 87.94% | Resolved: 99.94% | Delay: 2.370s | Energy: 9755.66J | MEC fair: 0.630
2026-09-21 08:28:12,143 | INFO |   Reward | Success: 157.30 | Load: 20.20 | Delay: -45.22 | Energy: -31.47 | TaskFail: -21.57 | Interrupt: -2.72 | HOFail: -0.01
2026-09-21 08:29:19,249 | INFO | Update  227 | Steps: 116,224 | Episodes:   227 | EpReward:    71.47 | FPS:   5532 | Actor Loss: 0.0000 | Critic Loss: 0.0000 | HAN Grad: 0.0000 | HAN Δ: 0.000000 | HAN Metapaths: 0
2026-09-21 08:29:19,250 | INFO |   Phase | Rollout: 0.00s | PPO update: 0.00s
2026-09-21 08:29:19,250 | INFO |   Env | HO: 100.00% | Throughput: 17.95/user-min | Task: 86.45% | Resolved: 99.94% | Delay: 2.413s | Energy: 9430.42J | MEC fair: 0.490
2026-09-21 08:29:19,250 | INFO |   Reward | Success: 153.15 | Load: 17.68 | Delay: -42.78 | Energy: -29.77 | TaskFail: -24.00 | Interrupt: -4.08 | HOFail: 0.00
2026-09-21 08:30:25,830 | INFO | Update  228 | Steps: 116,736 | Episodes:   228 | EpReward:    71.44 | FPS:   6071 | Actor Loss: 0.0000 | Critic Loss: 0.0000 | HAN Grad: 0.0000 | HAN Δ: 0.000000 | HAN Metapaths: 0
2026-09-21 08:30:25,830 | INFO |   Phase | Rollout: 0.00s | PPO update: 0.00s
2026-09-21 08:30:25,830 | INFO |   Env | HO: 100.00% | Throughput: 17.84/user-min | Task: 86.07% | Resolved: 99.90% | Delay: 2.398s | Energy: 9453.09J | MEC fair: 0.438
2026-09-21 08:30:25,830 | INFO |   Reward | Success: 152.20 | Load: 17.45 | Delay: -43.12 | Energy: -29.41 | TaskFail: -24.62 | Interrupt: -4.77 | HOFail: 0.00
2026-09-21 08:31:32,864 | INFO | Update  229 | Steps: 117,248 | Episodes:   229 | EpReward:    71.50 | FPS:   8620 | Actor Loss: 0.0000 | Critic Loss: 0.0000 | HAN Grad: 0.0000 | HAN Δ: 0.000000 | HAN Metapaths: 0
2026-09-21 08:31:32,864 | INFO |   Phase | Rollout: 0.00s | PPO update: 0.00s
2026-09-21 08:31:32,864 | INFO |   Env | HO: 100.00% | Throughput: 18.01/user-min | Task: 87.38% | Resolved: 99.93% | Delay: 2.338s | Energy: 9347.55J | MEC fair: 0.426
2026-09-21 08:31:32,864 | INFO |   Reward | Success: 153.68 | Load: 16.86 | Delay: -43.56 | Energy: -29.88 | TaskFail: -22.20 | Interrupt: -3.47 | HOFail: 0.00
2026-09-21 08:32:39,696 | INFO | Update  230 | Steps: 117,760 | Episodes:   230 | EpReward:    71.52 | FPS:   8209 | Actor Loss: 0.0000 | Critic Loss: 0.0000 | HAN Grad: 0.0000 | HAN Δ: 0.000000 | HAN Metapaths: 0
2026-09-21 08:32:39,697 | INFO |   Phase | Rollout: 0.00s | PPO update: 0.00s
2026-09-21 08:32:39,697 | INFO |   Env | HO: 100.00% | Throughput: 18.68/user-min | Task: 88.86% | Resolved: 99.96% | Delay: 2.239s | Energy: 9451.08J | MEC fair: 0.480
2026-09-21 08:32:39,697 | INFO |   Reward | Success: 159.38 | Load: 16.45 | Delay: -43.98 | Energy: -31.29 | TaskFail: -19.97 | Interrupt: -3.63 | HOFail: 0.00
2026-09-21 08:33:46,601 | INFO | Update  231 | Steps: 118,272 | Episodes:   231 | EpReward:    71.57 | FPS:   9046 | Actor Loss: 0.0000 | Critic Loss: 0.0000 | HAN Grad: 0.0000 | HAN Δ: 0.000000 | HAN Metapaths: 0
2026-09-21 08:33:46,601 | INFO |   Phase | Rollout: 0.00s | PPO update: 0.00s
2026-09-21 08:33:46,601 | INFO |   Env | HO: 100.00% | Throughput: 18.77/user-min | Task: 89.00% | Resolved: 99.93% | Delay: 2.246s | Energy: 9190.03J | MEC fair: 0.489
2026-09-21 08:33:46,601 | INFO |   Reward | Success: 160.20 | Load: 17.48 | Delay: -43.67 | Energy: -30.83 | TaskFail: -19.80 | Interrupt: -3.90 | HOFail: 0.00
2026-09-21 08:34:53,269 | INFO | Update  232 | Steps: 118,784 | Episodes:   232 | EpReward:    71.52 | FPS:   8886 | Actor Loss: 0.0000 | Critic Loss: 0.0000 | HAN Grad: 0.0000 | HAN Δ: 0.000000 | HAN Metapaths: 0
2026-09-21 08:34:53,269 | INFO |   Phase | Rollout: 0.00s | PPO update: 0.00s
2026-09-21 08:34:53,269 | INFO |   Env | HO: 100.00% | Throughput: 17.85/user-min | Task: 86.81% | Resolved: 99.93% | Delay: 2.345s | Energy: 9490.77J | MEC fair: 0.597
2026-09-21 08:34:53,269 | INFO |   Reward | Success: 152.30 | Load: 19.99 | Delay: -42.97 | Energy: -30.06 | TaskFail: -23.15 | Interrupt: -3.65 | HOFail: 0.00
2026-09-21 08:36:00,541 | INFO | Update  233 | Steps: 119,296 | Episodes:   233 | EpReward:    71.72 | FPS:   7702 | Actor Loss: 0.0000 | Critic Loss: 0.0000 | HAN Grad: 0.0000 | HAN Δ: 0.000000 | HAN Metapaths: 0
2026-09-21 08:36:00,541 | INFO |   Phase | Rollout: 0.00s | PPO update: 0.00s
2026-09-21 08:36:00,541 | INFO |   Env | HO: 99.72% | Throughput: 19.19/user-min | Task: 92.54% | Resolved: 99.93% | Delay: 2.014s | Energy: 8558.51J | MEC fair: 0.512
2026-09-21 08:36:00,541 | INFO |   Reward | Success: 163.73 | Load: 16.93 | Delay: -43.28 | Energy: -30.93 | TaskFail: -13.20 | Interrupt: -6.61 | HOFail: -0.01
2026-09-21 08:37:07,043 | INFO | Update  234 | Steps: 119,808 | Episodes:   234 | EpReward:    71.80 | FPS:   6770 | Actor Loss: 0.0000 | Critic Loss: 0.0000 | HAN Grad: 0.0000 | HAN Δ: 0.000000 | HAN Metapaths: 0
2026-09-21 08:37:07,043 | INFO |   Phase | Rollout: 0.00s | PPO update: 0.00s
2026-09-21 08:37:07,043 | INFO |   Env | HO: 100.00% | Throughput: 18.02/user-min | Task: 85.41% | Resolved: 99.92% | Delay: 2.474s | Energy: 9966.48J | MEC fair: 0.510
2026-09-21 08:37:07,043 | INFO |   Reward | Success: 153.80 | Load: 18.64 | Delay: -43.97 | Energy: -30.55 | TaskFail: -26.27 | Interrupt: -3.18 | HOFail: 0.00
2026-09-21 08:38:13,364 | INFO | Update  235 | Steps: 120,320 | Episodes:   235 | EpReward:    71.62 | FPS:   9149 | Actor Loss: 0.0000 | Critic Loss: 0.0000 | HAN Grad: 0.0000 | HAN Δ: 0.000000 | HAN Metapaths: 0
2026-09-21 08:38:13,364 | INFO |   Phase | Rollout: 0.00s | PPO update: 0.00s
2026-09-21 08:38:13,364 | INFO |   Env | HO: 100.00% | Throughput: 17.76/user-min | Task: 85.50% | Resolved: 99.92% | Delay: 2.468s | Energy: 9627.08J | MEC fair: 0.431
2026-09-21 08:38:13,364 | INFO |   Reward | Success: 151.58 | Load: 16.51 | Delay: -42.81 | Energy: -29.64 | TaskFail: -25.70 | Interrupt: -4.00 | HOFail: 0.00
2026-09-21 08:39:20,485 | INFO | Update  236 | Steps: 120,832 | Episodes:   236 | EpReward:    71.55 | FPS:   7606 | Actor Loss: 0.0000 | Critic Loss: 0.0000 | HAN Grad: 0.0000 | HAN Δ: 0.000000 | HAN Metapaths: 0
2026-09-21 08:39:20,486 | INFO |   Phase | Rollout: 0.00s | PPO update: 0.00s
2026-09-21 08:39:20,486 | INFO |   Env | HO: 100.00% | Throughput: 18.09/user-min | Task: 87.07% | Resolved: 99.89% | Delay: 2.353s | Energy: 9506.84J | MEC fair: 0.470
2026-09-21 08:39:20,486 | INFO |   Reward | Success: 154.35 | Load: 18.00 | Delay: -43.75 | Energy: -30.29 | TaskFail: -22.92 | Interrupt: -2.80 | HOFail: 0.00
2026-09-21 08:40:27,495 | INFO | Update  237 | Steps: 121,344 | Episodes:   237 | EpReward:    71.58 | FPS:   7327 | Actor Loss: 0.0000 | Critic Loss: 0.0000 | HAN Grad: 0.0000 | HAN Δ: 0.000000 | HAN Metapaths: 0
2026-09-21 08:40:27,495 | INFO |   Phase | Rollout: 0.00s | PPO update: 0.00s
2026-09-21 08:40:27,495 | INFO |   Env | HO: 99.69% | Throughput: 18.91/user-min | Task: 89.74% | Resolved: 99.92% | Delay: 2.177s | Energy: 8916.20J | MEC fair: 0.448
2026-09-21 08:40:27,495 | INFO |   Reward | Success: 161.40 | Load: 16.80 | Delay: -43.59 | Energy: -30.56 | TaskFail: -18.45 | Interrupt: -4.84 | HOFail: -0.01
2026-09-21 08:41:34,032 | INFO | Update  238 | Steps: 121,856 | Episodes:   238 | EpReward:    71.60 | FPS:   8083 | Actor Loss: 0.0000 | Critic Loss: 0.0000 | HAN Grad: 0.0000 | HAN Δ: 0.000000 | HAN Metapaths: 0
2026-09-21 08:41:34,032 | INFO |   Phase | Rollout: 0.00s | PPO update: 0.00s
2026-09-21 08:41:34,032 | INFO |   Env | HO: 100.00% | Throughput: 18.07/user-min | Task: 86.04% | Resolved: 99.92% | Delay: 2.455s | Energy: 9832.32J | MEC fair: 0.571
2026-09-21 08:41:34,032 | INFO |   Reward | Success: 154.18 | Load: 19.64 | Delay: -44.15 | Energy: -30.51 | TaskFail: -25.02 | Interrupt: -4.29 | HOFail: 0.00
2026-09-21 08:42:40,634 | INFO | Update  239 | Steps: 122,368 | Episodes:   239 | EpReward:    71.64 | FPS:   7154 | Actor Loss: 0.0000 | Critic Loss: 0.0000 | HAN Grad: 0.0000 | HAN Δ: 0.000000 | HAN Metapaths: 0
2026-09-21 08:42:40,634 | INFO |   Phase | Rollout: 0.00s | PPO update: 0.00s
2026-09-21 08:42:40,634 | INFO |   Env | HO: 100.00% | Throughput: 17.64/user-min | Task: 85.19% | Resolved: 99.92% | Delay: 2.460s | Energy: 9848.01J | MEC fair: 0.572
2026-09-21 08:42:40,634 | INFO |   Reward | Success: 150.55 | Load: 19.52 | Delay: -43.34 | Energy: -30.00 | TaskFail: -26.17 | Interrupt: -3.75 | HOFail: 0.00
2026-09-21 08:43:47,781 | INFO | Update  240 | Steps: 122,880 | Episodes:   240 | EpReward:    71.84 | FPS:   9076 | Actor Loss: 0.0000 | Critic Loss: 0.0000 | HAN Grad: 0.0000 | HAN Δ: 0.000000 | HAN Metapaths: 0
2026-09-21 08:43:47,781 | INFO |   Phase | Rollout: 0.00s | PPO update: 0.00s
2026-09-21 08:43:47,781 | INFO |   Env | HO: 100.00% | Throughput: 19.01/user-min | Task: 90.25% | Resolved: 99.93% | Delay: 2.210s | Energy: 8894.80J | MEC fair: 0.480
2026-09-21 08:43:47,781 | INFO |   Reward | Success: 162.20 | Load: 16.91 | Delay: -43.29 | Energy: -30.50 | TaskFail: -17.53 | Interrupt: -5.46 | HOFail: 0.00
2026-09-21 08:44:55,082 | INFO | Update  241 | Steps: 123,392 | Episodes:   241 | EpReward:    71.94 | FPS:   5934 | Actor Loss: 0.0000 | Critic Loss: 0.0000 | HAN Grad: 0.0000 | HAN Δ: 0.000000 | HAN Metapaths: 0
2026-09-21 08:44:55,082 | INFO |   Phase | Rollout: 0.00s | PPO update: 0.00s
2026-09-21 08:44:55,083 | INFO |   Env | HO: 100.00% | Throughput: 18.91/user-min | Task: 91.17% | Resolved: 99.97% | Delay: 2.124s | Energy: 8607.08J | MEC fair: 0.515
2026-09-21 08:44:55,083 | INFO |   Reward | Success: 161.33 | Load: 18.37 | Delay: -43.76 | Energy: -30.29 | TaskFail: -15.63 | Interrupt: -5.90 | HOFail: 0.00
2026-09-21 08:46:02,050 | INFO | Update  242 | Steps: 123,904 | Episodes:   242 | EpReward:    71.96 | FPS:   7737 | Actor Loss: 0.0000 | Critic Loss: 0.0000 | HAN Grad: 0.0000 | HAN Δ: 0.000000 | HAN Metapaths: 0
2026-09-21 08:46:02,050 | INFO |   Phase | Rollout: 0.00s | PPO update: 0.00s
2026-09-21 08:46:02,050 | INFO |   Env | HO: 100.00% | Throughput: 18.22/user-min | Task: 87.47% | Resolved: 99.94% | Delay: 2.395s | Energy: 9370.13J | MEC fair: 0.493
2026-09-21 08:46:02,050 | INFO |   Reward | Success: 155.50 | Load: 18.16 | Delay: -43.07 | Energy: -29.89 | TaskFail: -22.27 | Interrupt: -6.04 | HOFail: 0.00
2026-09-21 08:47:08,728 | INFO | Update  243 | Steps: 124,416 | Episodes:   243 | EpReward:    71.96 | FPS:   7574 | Actor Loss: 0.0000 | Critic Loss: 0.0000 | HAN Grad: 0.0000 | HAN Δ: 0.000000 | HAN Metapaths: 0
2026-09-21 08:47:08,729 | INFO |   Phase | Rollout: 0.00s | PPO update: 0.00s
2026-09-21 08:47:08,729 | INFO |   Env | HO: 100.00% | Throughput: 18.33/user-min | Task: 87.85% | Resolved: 99.94% | Delay: 2.350s | Energy: 9638.91J | MEC fair: 0.637
2026-09-21 08:47:08,729 | INFO |   Reward | Success: 156.40 | Load: 20.62 | Delay: -44.94 | Energy: -31.17 | TaskFail: -21.62 | Interrupt: -1.78 | HOFail: 0.00
2026-09-21 08:48:15,975 | INFO | Update  244 | Steps: 124,928 | Episodes:   244 | EpReward:    72.02 | FPS:   5628 | Actor Loss: 0.0000 | Critic Loss: 0.0000 | HAN Grad: 0.0000 | HAN Δ: 0.000000 | HAN Metapaths: 0
2026-09-21 08:48:15,975 | INFO |   Phase | Rollout: 0.00s | PPO update: 0.00s
2026-09-21 08:48:15,976 | INFO |   Env | HO: 100.00% | Throughput: 18.55/user-min | Task: 88.74% | Resolved: 99.94% | Delay: 2.210s | Energy: 8847.16J | MEC fair: 0.500
2026-09-21 08:48:15,976 | INFO |   Reward | Success: 158.28 | Load: 16.76 | Delay: -42.36 | Energy: -29.90 | TaskFail: -20.07 | Interrupt: -7.20 | HOFail: 0.00
2026-09-21 08:48:25,462 | INFO | ----------------------------------------
2026-09-21 08:48:25,463 | INFO | 开始评估 HAN+PDQN...
2026-09-21 08:50:21,283 | INFO | 模型已保存: /home/pjpjq/LEO_switch/results/multiseed_0907/seed46/u40/learned_baselines/han_pdqn/best_model.pt
2026-09-21 08:50:21,283 | INFO | 评估结果: 奖励 = 78.26 ± 6.06, 长度 = 512, 延迟 = 2.313s
2026-09-21 08:50:21,283 | INFO | ----------------------------------------
2026-09-21 08:51:19,169 | INFO | Update  245 | Steps: 125,440 | Episodes:   245 | EpReward:    72.06 | FPS:   8539 | Actor Loss: 0.0000 | Critic Loss: 0.0000 | HAN Grad: 0.0000 | HAN Δ: 0.000000 | HAN Metapaths: 0
2026-09-21 08:51:19,169 | INFO |   Phase | Rollout: 0.00s | PPO update: 0.00s
2026-09-21 08:51:19,169 | INFO |   Env | HO: 100.00% | Throughput: 19.23/user-min | Task: 90.24% | Resolved: 99.93% | Delay: 2.150s | Energy: 8750.03J | MEC fair: 0.502
2026-09-21 08:51:19,169 | INFO |   Reward | Success: 164.13 | Load: 18.41 | Delay: -44.53 | Energy: -30.64 | TaskFail: -17.75 | Interrupt: -7.44 | HOFail: 0.00
2026-09-21 08:52:25,586 | INFO | Update  246 | Steps: 125,952 | Episodes:   246 | EpReward:    72.26 | FPS:   8290 | Actor Loss: 0.0000 | Critic Loss: 0.0000 | HAN Grad: 0.0000 | HAN Δ: 0.000000 | HAN Metapaths: 0
2026-09-21 08:52:25,586 | INFO |   Phase | Rollout: 0.00s | PPO update: 0.00s
2026-09-21 08:52:25,586 | INFO |   Env | HO: 100.00% | Throughput: 18.28/user-min | Task: 88.66% | Resolved: 99.99% | Delay: 2.264s | Energy: 9135.95J | MEC fair: 0.472
2026-09-21 08:52:25,586 | INFO |   Reward | Success: 156.03 | Load: 16.87 | Delay: -42.92 | Energy: -29.97 | TaskFail: -19.95 | Interrupt: -3.55 | HOFail: 0.00
2026-09-21 08:53:32,451 | INFO | Update  247 | Steps: 126,464 | Episodes:   247 | EpReward:    72.24 | FPS:   7433 | Actor Loss: 0.0000 | Critic Loss: 0.0000 | HAN Grad: 0.0000 | HAN Δ: 0.000000 | HAN Metapaths: 0
2026-09-21 08:53:32,451 | INFO |   Phase | Rollout: 0.00s | PPO update: 0.00s
2026-09-21 08:53:32,452 | INFO |   Env | HO: 100.00% | Throughput: 17.85/user-min | Task: 85.42% | Resolved: 99.94% | Delay: 2.494s | Energy: 9854.96J | MEC fair: 0.629
2026-09-21 08:53:32,452 | INFO |   Reward | Success: 152.30 | Load: 20.79 | Delay: -44.35 | Energy: -30.51 | TaskFail: -26.00 | Interrupt: -2.49 | HOFail: 0.00
2026-09-21 08:54:38,851 | INFO | Update  248 | Steps: 126,976 | Episodes:   248 | EpReward:    72.20 | FPS:  10837 | Actor Loss: 0.0000 | Critic Loss: 0.0000 | HAN Grad: 0.0000 | HAN Δ: 0.000000 | HAN Metapaths: 0
2026-09-21 08:54:38,851 | INFO |   Phase | Rollout: 0.00s | PPO update: 0.00s
2026-09-21 08:54:38,851 | INFO |   Env | HO: 100.00% | Throughput: 17.50/user-min | Task: 83.12% | Resolved: 99.92% | Delay: 2.617s | Energy: 10211.77J | MEC fair: 0.450
2026-09-21 08:54:38,851 | INFO |   Reward | Success: 149.30 | Load: 18.07 | Delay: -43.57 | Energy: -29.63 | TaskFail: -30.32 | Interrupt: -2.98 | HOFail: 0.00
2026-09-21 08:55:45,843 | INFO | Update  249 | Steps: 127,488 | Episodes:   249 | EpReward:    72.24 | FPS:   6058 | Actor Loss: 0.0000 | Critic Loss: 0.0000 | HAN Grad: 0.0000 | HAN Δ: 0.000000 | HAN Metapaths: 0
2026-09-21 08:55:45,843 | INFO |   Phase | Rollout: 0.00s | PPO update: 0.00s
2026-09-21 08:55:45,843 | INFO |   Env | HO: 100.00% | Throughput: 18.54/user-min | Task: 89.55% | Resolved: 99.89% | Delay: 2.232s | Energy: 8879.15J | MEC fair: 0.472
2026-09-21 08:55:45,843 | INFO |   Reward | Success: 158.18 | Load: 16.28 | Delay: -42.79 | Energy: -30.13 | TaskFail: -18.45 | Interrupt: -3.24 | HOFail: 0.00
2026-09-21 08:56:52,240 | INFO | Update  250 | Steps: 128,000 | Episodes:   250 | EpReward:    72.32 | FPS:   7718 | Actor Loss: 0.0000 | Critic Loss: 0.0000 | HAN Grad: 0.0000 | HAN Δ: 0.000000 | HAN Metapaths: 0
2026-09-21 08:56:52,240 | INFO |   Phase | Rollout: 0.00s | PPO update: 0.00s
2026-09-21 08:56:52,240 | INFO |   Env | HO: 100.00% | Throughput: 18.77/user-min | Task: 90.33% | Resolved: 99.94% | Delay: 2.154s | Energy: 8854.08J | MEC fair: 0.494
2026-09-21 08:56:52,240 | INFO |   Reward | Success: 160.20 | Load: 15.82 | Delay: -42.80 | Energy: -30.45 | TaskFail: -17.15 | Interrupt: -6.26 | HOFail: 0.00
2026-09-21 08:57:59,091 | INFO | Update  251 | Steps: 128,512 | Episodes:   251 | EpReward:    72.31 | FPS:   5661 | Actor Loss: 0.0000 | Critic Loss: 0.0000 | HAN Grad: 0.0000 | HAN Δ: 0.000000 | HAN Metapaths: 0
2026-09-21 08:57:59,091 | INFO |   Phase | Rollout: 0.00s | PPO update: 0.00s
2026-09-21 08:57:59,091 | INFO |   Env | HO: 100.00% | Throughput: 18.82/user-min | Task: 89.40% | Resolved: 99.93% | Delay: 2.240s | Energy: 9047.71J | MEC fair: 0.521
2026-09-21 08:57:59,091 | INFO |   Reward | Success: 160.63 | Load: 17.38 | Delay: -43.17 | Energy: -30.44 | TaskFail: -19.05 | Interrupt: -4.97 | HOFail: 0.00
2026-09-21 08:59:05,672 | INFO | Update  252 | Steps: 129,024 | Episodes:   252 | EpReward:    72.39 | FPS:   9240 | Actor Loss: 0.0000 | Critic Loss: 0.0000 | HAN Grad: 0.0000 | HAN Δ: 0.000000 | HAN Metapaths: 0
2026-09-21 08:59:05,672 | INFO |   Phase | Rollout: 0.00s | PPO update: 0.00s
2026-09-21 08:59:05,672 | INFO |   Env | HO: 100.00% | Throughput: 18.77/user-min | Task: 88.88% | Resolved: 99.94% | Delay: 2.277s | Energy: 9197.37J | MEC fair: 0.532
2026-09-21 08:59:05,672 | INFO |   Reward | Success: 160.18 | Load: 18.36 | Delay: -44.35 | Energy: -30.79 | TaskFail: -20.05 | Interrupt: -5.97 | HOFail: 0.00
2026-09-21 09:00:12,508 | INFO | Update  253 | Steps: 129,536 | Episodes:   253 | EpReward:    72.55 | FPS:   6787 | Actor Loss: 0.0000 | Critic Loss: 0.0000 | HAN Grad: 0.0000 | HAN Δ: 0.000000 | HAN Metapaths: 0
2026-09-21 09:00:12,508 | INFO |   Phase | Rollout: 0.00s | PPO update: 0.00s
2026-09-21 09:00:12,508 | INFO |   Env | HO: 100.00% | Throughput: 18.67/user-min | Task: 88.68% | Resolved: 100.00% | Delay: 2.268s | Energy: 9104.59J | MEC fair: 0.489
2026-09-21 09:00:12,508 | INFO |   Reward | Success: 159.30 | Load: 17.96 | Delay: -44.45 | Energy: -30.50 | TaskFail: -20.32 | Interrupt: -4.37 | HOFail: 0.00
2026-09-21 09:01:18,990 | INFO | Update  254 | Steps: 130,048 | Episodes:   254 | EpReward:    72.41 | FPS:   6896 | Actor Loss: 0.0000 | Critic Loss: 0.0000 | HAN Grad: 0.0000 | HAN Δ: 0.000000 | HAN Metapaths: 0
2026-09-21 09:01:18,991 | INFO |   Phase | Rollout: 0.00s | PPO update: 0.00s
2026-09-21 09:01:18,991 | INFO |   Env | HO: 100.00% | Throughput: 18.28/user-min | Task: 86.70% | Resolved: 99.96% | Delay: 2.399s | Energy: 9760.67J | MEC fair: 0.455
2026-09-21 09:01:18,991 | INFO |   Reward | Success: 155.98 | Load: 17.69 | Delay: -44.39 | Energy: -30.73 | TaskFail: -23.92 | Interrupt: -3.30 | HOFail: 0.00
2026-09-21 09:02:24,900 | INFO | Update  255 | Steps: 130,560 | Episodes:   255 | EpReward:    72.33 | FPS:   9908 | Actor Loss: 0.0000 | Critic Loss: 0.0000 | HAN Grad: 0.0000 | HAN Δ: 0.000000 | HAN Metapaths: 0
2026-09-21 09:02:24,900 | INFO |   Phase | Rollout: 0.00s | PPO update: 0.00s
2026-09-21 09:02:24,900 | INFO |   Env | HO: 100.00% | Throughput: 18.04/user-min | Task: 85.33% | Resolved: 99.99% | Delay: 2.493s | Energy: 10062.51J | MEC fair: 0.534
2026-09-21 09:02:24,900 | INFO |   Reward | Success: 153.95 | Load: 18.39 | Delay: -44.33 | Energy: -30.55 | TaskFail: -26.47 | Interrupt: -6.34 | HOFail: 0.00
2026-09-21 09:03:31,868 | INFO | Update  256 | Steps: 131,072 | Episodes:   256 | EpReward:    72.45 | FPS:   6315 | Actor Loss: 0.0000 | Critic Loss: 0.0000 | HAN Grad: 0.0000 | HAN Δ: 0.000000 | HAN Metapaths: 0
2026-09-21 09:03:31,868 | INFO |   Phase | Rollout: 0.00s | PPO update: 0.00s
2026-09-21 09:03:31,868 | INFO |   Env | HO: 100.00% | Throughput: 18.88/user-min | Task: 89.38% | Resolved: 99.93% | Delay: 2.244s | Energy: 9191.77J | MEC fair: 0.530
2026-09-21 09:03:31,868 | INFO |   Reward | Success: 161.10 | Load: 17.63 | Delay: -44.65 | Energy: -30.86 | TaskFail: -19.15 | Interrupt: -6.73 | HOFail: 0.00
2026-09-21 09:04:38,121 | INFO | Update  257 | Steps: 131,584 | Episodes:   257 | EpReward:    72.45 | FPS:   6004 | Actor Loss: 0.0000 | Critic Loss: 0.0000 | HAN Grad: 0.0000 | HAN Δ: 0.000000 | HAN Metapaths: 0
2026-09-21 09:04:38,121 | INFO |   Phase | Rollout: 0.00s | PPO update: 0.00s
2026-09-21 09:04:38,121 | INFO |   Env | HO: 100.00% | Throughput: 18.06/user-min | Task: 85.45% | Resolved: 99.90% | Delay: 2.470s | Energy: 10143.76J | MEC fair: 0.592
2026-09-21 09:04:38,121 | INFO |   Reward | Success: 154.15 | Load: 19.67 | Delay: -44.10 | Energy: -30.77 | TaskFail: -26.25 | Interrupt: -4.37 | HOFail: 0.00
2026-09-21 09:05:44,623 | INFO | Update  258 | Steps: 132,096 | Episodes:   258 | EpReward:    72.41 | FPS:   7562 | Actor Loss: 0.0000 | Critic Loss: 0.0000 | HAN Grad: 0.0000 | HAN Δ: 0.000000 | HAN Metapaths: 0
2026-09-21 09:05:44,623 | INFO |   Phase | Rollout: 0.00s | PPO update: 0.00s
2026-09-21 09:05:44,623 | INFO |   Env | HO: 100.00% | Throughput: 17.65/user-min | Task: 83.18% | Resolved: 99.96% | Delay: 2.663s | Energy: 10405.07J | MEC fair: 0.586
2026-09-21 09:05:44,623 | INFO |   Reward | Success: 150.60 | Load: 19.54 | Delay: -43.82 | Energy: -30.48 | TaskFail: -30.45 | Interrupt: -3.17 | HOFail: 0.00
2026-09-21 09:06:51,204 | INFO | Update  259 | Steps: 132,608 | Episodes:   259 | EpReward:    72.31 | FPS:   7639 | Actor Loss: 0.0000 | Critic Loss: 0.0000 | HAN Grad: 0.0000 | HAN Δ: 0.000000 | HAN Metapaths: 0
2026-09-21 09:06:51,205 | INFO |   Phase | Rollout: 0.00s | PPO update: 0.00s
2026-09-21 09:06:51,205 | INFO |   Env | HO: 100.00% | Throughput: 18.06/user-min | Task: 86.42% | Resolved: 99.97% | Delay: 2.447s | Energy: 9887.42J | MEC fair: 0.587
2026-09-21 09:06:51,205 | INFO |   Reward | Success: 154.10 | Load: 19.74 | Delay: -44.17 | Energy: -30.70 | TaskFail: -24.22 | Interrupt: -3.87 | HOFail: 0.00
2026-09-21 09:07:57,955 | INFO | Update  260 | Steps: 133,120 | Episodes:   260 | EpReward:    72.27 | FPS:   6697 | Actor Loss: 0.0000 | Critic Loss: 0.0000 | HAN Grad: 0.0000 | HAN Δ: 0.000000 | HAN Metapaths: 0
2026-09-21 09:07:57,955 | INFO |   Phase | Rollout: 0.00s | PPO update: 0.00s
2026-09-21 09:07:57,955 | INFO |   Env | HO: 100.00% | Throughput: 18.51/user-min | Task: 87.31% | Resolved: 99.90% | Delay: 2.376s | Energy: 9736.78J | MEC fair: 0.611
2026-09-21 09:07:57,955 | INFO |   Reward | Success: 157.93 | Load: 20.34 | Delay: -45.18 | Energy: -31.19 | TaskFail: -22.95 | Interrupt: -3.29 | HOFail: 0.00
2026-09-21 09:09:04,712 | INFO | Update  261 | Steps: 133,632 | Episodes:   261 | EpReward:    72.20 | FPS:   8164 | Actor Loss: 0.0000 | Critic Loss: 0.0000 | HAN Grad: 0.0000 | HAN Δ: 0.000000 | HAN Metapaths: 0
2026-09-21 09:09:04,712 | INFO |   Phase | Rollout: 0.00s | PPO update: 0.00s
2026-09-21 09:09:04,712 | INFO |   Env | HO: 100.00% | Throughput: 17.65/user-min | Task: 84.32% | Resolved: 99.93% | Delay: 2.591s | Energy: 10010.46J | MEC fair: 0.435
2026-09-21 09:09:04,712 | INFO |   Reward | Success: 150.65 | Load: 17.00 | Delay: -43.32 | Energy: -29.59 | TaskFail: -28.02 | Interrupt: -3.36 | HOFail: 0.00
2026-09-21 09:10:11,283 | INFO | Update  262 | Steps: 134,144 | Episodes:   262 | EpReward:    72.09 | FPS:   8032 | Actor Loss: 0.0000 | Critic Loss: 0.0000 | HAN Grad: 0.0000 | HAN Δ: 0.000000 | HAN Metapaths: 0
2026-09-21 09:10:11,284 | INFO |   Phase | Rollout: 0.00s | PPO update: 0.00s
2026-09-21 09:10:11,284 | INFO |   Env | HO: 100.00% | Throughput: 17.44/user-min | Task: 82.44% | Resolved: 99.90% | Delay: 2.750s | Energy: 10465.39J | MEC fair: 0.629
2026-09-21 09:10:11,284 | INFO |   Reward | Success: 148.83 | Load: 21.01 | Delay: -44.17 | Energy: -30.05 | TaskFail: -31.70 | Interrupt: -4.71 | HOFail: 0.00
2026-09-21 09:11:18,788 | INFO | Update  263 | Steps: 134,656 | Episodes:   263 | EpReward:    72.20 | FPS:   7233 | Actor Loss: 0.0000 | Critic Loss: 0.0000 | HAN Grad: 0.0000 | HAN Δ: 0.000000 | HAN Metapaths: 0
2026-09-21 09:11:18,788 | INFO |   Phase | Rollout: 0.00s | PPO update: 0.00s
2026-09-21 09:11:18,788 | INFO |   Env | HO: 100.00% | Throughput: 19.06/user-min | Task: 89.38% | Resolved: 99.92% | Delay: 2.233s | Energy: 8878.74J | MEC fair: 0.498
2026-09-21 09:11:18,788 | INFO |   Reward | Success: 162.63 | Load: 17.85 | Delay: -43.92 | Energy: -30.37 | TaskFail: -19.32 | Interrupt: -5.14 | HOFail: 0.00
2026-09-21 09:12:24,922 | INFO | Update  264 | Steps: 135,168 | Episodes:   264 | EpReward:    72.19 | FPS:   8867 | Actor Loss: 0.0000 | Critic Loss: 0.0000 | HAN Grad: 0.0000 | HAN Δ: 0.000000 | HAN Metapaths: 0
2026-09-21 09:12:24,922 | INFO |   Phase | Rollout: 0.00s | PPO update: 0.00s
2026-09-21 09:12:24,922 | INFO |   Env | HO: 100.00% | Throughput: 18.02/user-min | Task: 86.04% | Resolved: 99.93% | Delay: 2.462s | Energy: 9787.81J | MEC fair: 0.611
2026-09-21 09:12:24,922 | INFO |   Reward | Success: 153.80 | Load: 20.34 | Delay: -43.86 | Energy: -30.34 | TaskFail: -24.95 | Interrupt: -3.11 | HOFail: 0.00
2026-09-21 09:13:31,579 | INFO | Update  265 | Steps: 135,680 | Episodes:   265 | EpReward:    72.18 | FPS:   9375 | Actor Loss: 0.0000 | Critic Loss: 0.0000 | HAN Grad: 0.0000 | HAN Δ: 0.000000 | HAN Metapaths: 0
2026-09-21 09:13:31,579 | INFO |   Phase | Rollout: 0.00s | PPO update: 0.00s
2026-09-21 09:13:31,579 | INFO |   Env | HO: 100.00% | Throughput: 17.81/user-min | Task: 85.17% | Resolved: 99.90% | Delay: 2.505s | Energy: 9881.72J | MEC fair: 0.450
2026-09-21 09:13:31,579 | INFO |   Reward | Success: 151.95 | Load: 18.09 | Delay: -44.11 | Energy: -29.99 | TaskFail: -26.45 | Interrupt: -2.41 | HOFail: 0.00
2026-09-21 09:14:38,279 | INFO | Update  266 | Steps: 136,192 | Episodes:   266 | EpReward:    72.25 | FPS:   7095 | Actor Loss: 0.0000 | Critic Loss: 0.0000 | HAN Grad: 0.0000 | HAN Δ: 0.000000 | HAN Metapaths: 0
2026-09-21 09:14:38,279 | INFO |   Phase | Rollout: 0.00s | PPO update: 0.00s
2026-09-21 09:14:38,279 | INFO |   Env | HO: 100.00% | Throughput: 18.45/user-min | Task: 88.79% | Resolved: 99.92% | Delay: 2.289s | Energy: 9158.78J | MEC fair: 0.480
2026-09-21 09:14:38,279 | INFO |   Reward | Success: 157.43 | Load: 16.92 | Delay: -43.20 | Energy: -30.37 | TaskFail: -19.87 | Interrupt: -4.99 | HOFail: 0.00
2026-09-21 09:15:44,754 | INFO | Update  267 | Steps: 136,704 | Episodes:   267 | EpReward:    72.21 | FPS:   8854 | Actor Loss: 0.0000 | Critic Loss: 0.0000 | HAN Grad: 0.0000 | HAN Δ: 0.000000 | HAN Metapaths: 0
2026-09-21 09:15:44,754 | INFO |   Phase | Rollout: 0.00s | PPO update: 0.00s
2026-09-21 09:15:44,754 | INFO |   Env | HO: 100.00% | Throughput: 17.90/user-min | Task: 86.13% | Resolved: 99.96% | Delay: 2.453s | Energy: 9803.55J | MEC fair: 0.432
2026-09-21 09:15:44,754 | INFO |   Reward | Success: 152.78 | Load: 16.79 | Delay: -43.55 | Energy: -30.45 | TaskFail: -24.60 | Interrupt: -6.20 | HOFail: 0.00
2026-09-21 09:16:51,356 | INFO | Update  268 | Steps: 137,216 | Episodes:   268 | EpReward:    72.23 | FPS:   6626 | Actor Loss: 0.0000 | Critic Loss: 0.0000 | HAN Grad: 0.0000 | HAN Δ: 0.000000 | HAN Metapaths: 0
2026-09-21 09:16:51,356 | INFO |   Phase | Rollout: 0.00s | PPO update: 0.00s
2026-09-21 09:16:51,356 | INFO |   Env | HO: 100.00% | Throughput: 18.96/user-min | Task: 90.93% | Resolved: 99.96% | Delay: 2.077s | Energy: 8868.77J | MEC fair: 0.519
2026-09-21 09:16:51,356 | INFO |   Reward | Success: 161.83 | Load: 17.28 | Delay: -43.66 | Energy: -30.90 | TaskFail: -16.15 | Interrupt: -6.44 | HOFail: 0.00
2026-09-21 09:17:57,563 | INFO | Update  269 | Steps: 137,728 | Episodes:   269 | EpReward:    72.24 | FPS:   6900 | Actor Loss: 0.0000 | Critic Loss: 0.0000 | HAN Grad: 0.0000 | HAN Δ: 0.000000 | HAN Metapaths: 0
2026-09-21 09:17:57,563 | INFO |   Phase | Rollout: 0.00s | PPO update: 0.00s
2026-09-21 09:17:57,563 | INFO |   Env | HO: 99.65% | Throughput: 17.64/user-min | Task: 84.31% | Resolved: 99.93% | Delay: 2.611s | Energy: 9413.60J | MEC fair: 0.541
2026-09-21 09:17:57,563 | INFO |   Reward | Success: 150.50 | Load: 18.79 | Delay: -41.75 | Energy: -28.53 | TaskFail: -28.00 | Interrupt: -6.56 | HOFail: -0.01
2026-09-21 09:19:03,969 | INFO | Update  270 | Steps: 138,240 | Episodes:   270 | EpReward:    72.24 | FPS:   9253 | Actor Loss: 0.0000 | Critic Loss: 0.0000 | HAN Grad: 0.0000 | HAN Δ: 0.000000 | HAN Metapaths: 0
2026-09-21 09:19:03,969 | INFO |   Phase | Rollout: 0.00s | PPO update: 0.00s
2026-09-21 09:19:03,969 | INFO |   Env | HO: 100.00% | Throughput: 18.04/user-min | Task: 85.62% | Resolved: 99.92% | Delay: 2.532s | Energy: 9938.74J | MEC fair: 0.664
2026-09-21 09:19:03,969 | INFO |   Reward | Success: 153.98 | Load: 21.31 | Delay: -44.36 | Energy: -30.65 | TaskFail: -25.85 | Interrupt: -2.82 | HOFail: 0.00
2026-09-21 09:20:10,531 | INFO | Update  271 | Steps: 138,752 | Episodes:   271 | EpReward:    72.20 | FPS:   7978 | Actor Loss: 0.0000 | Critic Loss: 0.0000 | HAN Grad: 0.0000 | HAN Δ: 0.000000 | HAN Metapaths: 0
2026-09-21 09:20:10,531 | INFO |   Phase | Rollout: 0.00s | PPO update: 0.00s
2026-09-21 09:20:10,531 | INFO |   Env | HO: 100.00% | Throughput: 17.96/user-min | Task: 84.39% | Resolved: 99.88% | Delay: 2.555s | Energy: 10357.21J | MEC fair: 0.615
2026-09-21 09:20:10,531 | INFO |   Reward | Success: 153.30 | Load: 20.33 | Delay: -45.17 | Energy: -30.96 | TaskFail: -28.35 | Interrupt: -2.93 | HOFail: 0.00
2026-09-21 09:21:16,862 | INFO | Update  272 | Steps: 139,264 | Episodes:   272 | EpReward:    72.19 | FPS:   6270 | Actor Loss: 0.0000 | Critic Loss: 0.0000 | HAN Grad: 0.0000 | HAN Δ: 0.000000 | HAN Metapaths: 0
2026-09-21 09:21:16,863 | INFO |   Phase | Rollout: 0.00s | PPO update: 0.00s
2026-09-21 09:21:16,863 | INFO |   Env | HO: 100.00% | Throughput: 17.88/user-min | Task: 84.95% | Resolved: 99.97% | Delay: 2.503s | Energy: 10078.88J | MEC fair: 0.582
2026-09-21 09:21:16,863 | INFO |   Reward | Success: 152.55 | Load: 20.20 | Delay: -44.27 | Energy: -30.52 | TaskFail: -27.02 | Interrupt: -3.60 | HOFail: 0.00
2026-09-21 09:22:23,288 | INFO | Update  273 | Steps: 139,776 | Episodes:   273 | EpReward:    72.23 | FPS:   7010 | Actor Loss: 0.0000 | Critic Loss: 0.0000 | HAN Grad: 0.0000 | HAN Δ: 0.000000 | HAN Metapaths: 0
2026-09-21 09:22:23,288 | INFO |   Phase | Rollout: 0.00s | PPO update: 0.00s
2026-09-21 09:22:23,288 | INFO |   Env | HO: 100.00% | Throughput: 18.36/user-min | Task: 86.35% | Resolved: 99.93% | Delay: 2.399s | Energy: 10015.50J | MEC fair: 0.611
2026-09-21 09:22:23,288 | INFO |   Reward | Success: 156.70 | Load: 20.50 | Delay: -45.34 | Energy: -31.32 | TaskFail: -24.77 | Interrupt: -3.39 | HOFail: 0.00
2026-09-21 09:23:30,004 | INFO | Update  274 | Steps: 140,288 | Episodes:   274 | EpReward:    72.44 | FPS:   8231 | Actor Loss: 0.0000 | Critic Loss: 0.0000 | HAN Grad: 0.0000 | HAN Δ: 0.000000 | HAN Metapaths: 0
2026-09-21 09:23:30,004 | INFO |   Phase | Rollout: 0.00s | PPO update: 0.00s
2026-09-21 09:23:30,004 | INFO |   Env | HO: 100.00% | Throughput: 19.31/user-min | Task: 91.72% | Resolved: 99.99% | Delay: 2.088s | Energy: 8785.14J | MEC fair: 0.524
2026-09-21 09:23:30,004 | INFO |   Reward | Success: 164.75 | Load: 17.62 | Delay: -44.31 | Energy: -31.25 | TaskFail: -14.88 | Interrupt: -6.93 | HOFail: 0.00
2026-09-21 09:24:36,411 | INFO | Update  275 | Steps: 140,800 | Episodes:   275 | EpReward:    72.42 | FPS:   8166 | Actor Loss: 0.0000 | Critic Loss: 0.0000 | HAN Grad: 0.0000 | HAN Δ: 0.000000 | HAN Metapaths: 0
2026-09-21 09:24:36,411 | INFO |   Phase | Rollout: 0.00s | PPO update: 0.00s
2026-09-21 09:24:36,411 | INFO |   Env | HO: 100.00% | Throughput: 17.89/user-min | Task: 85.33% | Resolved: 99.92% | Delay: 2.496s | Energy: 9958.88J | MEC fair: 0.597
2026-09-21 09:24:36,411 | INFO |   Reward | Success: 152.65 | Load: 20.05 | Delay: -44.05 | Energy: -30.36 | TaskFail: -26.25 | Interrupt: -3.53 | HOFail: 0.00
2026-09-21 09:25:42,597 | INFO | Update  276 | Steps: 141,312 | Episodes:   276 | EpReward:    72.42 | FPS:  10157 | Actor Loss: 0.0000 | Critic Loss: 0.0000 | HAN Grad: 0.0000 | HAN Δ: 0.000000 | HAN Metapaths: 0
2026-09-21 09:25:42,597 | INFO |   Phase | Rollout: 0.00s | PPO update: 0.00s
2026-09-21 09:25:42,597 | INFO |   Env | HO: 100.00% | Throughput: 18.15/user-min | Task: 86.63% | Resolved: 99.94% | Delay: 2.438s | Energy: 9867.37J | MEC fair: 0.688
2026-09-21 09:25:42,597 | INFO |   Reward | Success: 154.90 | Load: 21.20 | Delay: -45.08 | Energy: -31.10 | TaskFail: -23.90 | Interrupt: -3.08 | HOFail: 0.00
2026-09-21 09:26:49,209 | INFO | Update  277 | Steps: 141,824 | Episodes:   277 | EpReward:    72.47 | FPS:   6719 | Actor Loss: 0.0000 | Critic Loss: 0.0000 | HAN Grad: 0.0000 | HAN Δ: 0.000000 | HAN Metapaths: 0
2026-09-21 09:26:49,209 | INFO |   Phase | Rollout: 0.00s | PPO update: 0.00s
2026-09-21 09:26:49,209 | INFO |   Env | HO: 100.00% | Throughput: 18.06/user-min | Task: 85.15% | Resolved: 99.89% | Delay: 2.498s | Energy: 10163.72J | MEC fair: 0.559
2026-09-21 09:26:49,210 | INFO |   Reward | Success: 154.13 | Load: 19.56 | Delay: -44.76 | Energy: -30.83 | TaskFail: -26.87 | Interrupt: -3.07 | HOFail: 0.00
2026-09-21 09:27:55,594 | INFO | Update  278 | Steps: 142,336 | Episodes:   278 | EpReward:    72.45 | FPS:   6528 | Actor Loss: 0.0000 | Critic Loss: 0.0000 | HAN Grad: 0.0000 | HAN Δ: 0.000000 | HAN Metapaths: 0
2026-09-21 09:27:55,594 | INFO |   Phase | Rollout: 0.00s | PPO update: 0.00s
2026-09-21 09:27:55,594 | INFO |   Env | HO: 99.48% | Throughput: 17.65/user-min | Task: 85.13% | Resolved: 99.94% | Delay: 2.525s | Energy: 9956.30J | MEC fair: 0.577
2026-09-21 09:27:55,594 | INFO |   Reward | Success: 150.65 | Load: 19.89 | Delay: -43.30 | Energy: -30.19 | TaskFail: -26.32 | Interrupt: -3.23 | HOFail: -0.01
2026-09-21 09:29:02,150 | INFO | Update  279 | Steps: 142,848 | Episodes:   279 | EpReward:    72.44 | FPS:   6876 | Actor Loss: 0.0000 | Critic Loss: 0.0000 | HAN Grad: 0.0000 | HAN Δ: 0.000000 | HAN Metapaths: 0
2026-09-21 09:29:02,150 | INFO |   Phase | Rollout: 0.00s | PPO update: 0.00s
2026-09-21 09:29:02,150 | INFO |   Env | HO: 99.60% | Throughput: 18.15/user-min | Task: 85.97% | Resolved: 99.96% | Delay: 2.490s | Energy: 10124.27J | MEC fair: 0.610
2026-09-21 09:29:02,150 | INFO |   Reward | Success: 154.85 | Load: 20.14 | Delay: -44.73 | Energy: -31.03 | TaskFail: -25.27 | Interrupt: -2.37 | HOFail: -0.01
2026-09-21 09:30:08,287 | INFO | Update  280 | Steps: 143,360 | Episodes:   280 | EpReward:    72.43 | FPS:   8760 | Actor Loss: 0.0000 | Critic Loss: 0.0000 | HAN Grad: 0.0000 | HAN Δ: 0.000000 | HAN Metapaths: 0
2026-09-21 09:30:08,287 | INFO |   Phase | Rollout: 0.00s | PPO update: 0.00s
2026-09-21 09:30:08,287 | INFO |   Env | HO: 99.66% | Throughput: 18.17/user-min | Task: 86.91% | Resolved: 99.93% | Delay: 2.423s | Energy: 9823.00J | MEC fair: 0.497
2026-09-21 09:30:08,287 | INFO |   Reward | Success: 155.05 | Load: 18.79 | Delay: -44.75 | Energy: -30.94 | TaskFail: -23.35 | Interrupt: -4.03 | HOFail: -0.01
2026-09-21 09:31:14,500 | INFO | Update  281 | Steps: 143,872 | Episodes:   281 | EpReward:    72.34 | FPS:   6927 | Actor Loss: 0.0000 | Critic Loss: 0.0000 | HAN Grad: 0.0000 | HAN Δ: 0.000000 | HAN Metapaths: 0
2026-09-21 09:31:14,501 | INFO |   Phase | Rollout: 0.00s | PPO update: 0.00s
2026-09-21 09:31:14,501 | INFO |   Env | HO: 100.00% | Throughput: 18.25/user-min | Task: 86.55% | Resolved: 99.96% | Delay: 2.368s | Energy: 9550.83J | MEC fair: 0.498
2026-09-21 09:31:14,501 | INFO |   Reward | Success: 155.73 | Load: 18.12 | Delay: -43.85 | Energy: -30.05 | TaskFail: -24.20 | Interrupt: -4.70 | HOFail: 0.00
2026-09-21 09:32:20,450 | INFO | Update  282 | Steps: 144,384 | Episodes:   282 | EpReward:    72.38 | FPS:   8885 | Actor Loss: 0.0000 | Critic Loss: 0.0000 | HAN Grad: 0.0000 | HAN Δ: 0.000000 | HAN Metapaths: 0
2026-09-21 09:32:20,450 | INFO |   Phase | Rollout: 0.00s | PPO update: 0.00s
2026-09-21 09:32:20,450 | INFO |   Env | HO: 100.00% | Throughput: 17.71/user-min | Task: 84.55% | Resolved: 99.94% | Delay: 2.555s | Energy: 10011.67J | MEC fair: 0.605
2026-09-21 09:32:20,450 | INFO |   Reward | Success: 151.15 | Load: 20.66 | Delay: -43.91 | Energy: -30.10 | TaskFail: -27.62 | Interrupt: -3.77 | HOFail: 0.00
2026-09-21 09:33:26,811 | INFO | Update  283 | Steps: 144,896 | Episodes:   283 | EpReward:    72.34 | FPS:   8279 | Actor Loss: 0.0000 | Critic Loss: 0.0000 | HAN Grad: 0.0000 | HAN Δ: 0.000000 | HAN Metapaths: 0
2026-09-21 09:33:26,811 | INFO |   Phase | Rollout: 0.00s | PPO update: 0.00s
2026-09-21 09:33:26,811 | INFO |   Env | HO: 100.00% | Throughput: 18.04/user-min | Task: 86.39% | Resolved: 99.90% | Delay: 2.371s | Energy: 9644.93J | MEC fair: 0.519
2026-09-21 09:33:26,811 | INFO |   Reward | Success: 153.90 | Load: 18.66 | Delay: -43.89 | Energy: -30.24 | TaskFail: -24.25 | Interrupt: -2.85 | HOFail: 0.00
2026-09-21 09:34:33,115 | INFO | Update  284 | Steps: 145,408 | Episodes:   284 | EpReward:    72.38 | FPS:   9219 | Actor Loss: 0.0000 | Critic Loss: 0.0000 | HAN Grad: 0.0000 | HAN Δ: 0.000000 | HAN Metapaths: 0
2026-09-21 09:34:33,115 | INFO |   Phase | Rollout: 0.00s | PPO update: 0.00s
2026-09-21 09:34:33,115 | INFO |   Env | HO: 100.00% | Throughput: 18.47/user-min | Task: 88.37% | Resolved: 99.93% | Delay: 2.299s | Energy: 9411.50J | MEC fair: 0.458
2026-09-21 09:34:33,115 | INFO |   Reward | Success: 157.65 | Load: 16.49 | Delay: -44.01 | Energy: -30.69 | TaskFail: -20.75 | Interrupt: -6.44 | HOFail: 0.00
2026-09-21 09:35:39,536 | INFO | Update  285 | Steps: 145,920 | Episodes:   285 | EpReward:    72.27 | FPS:   8610 | Actor Loss: 0.0000 | Critic Loss: 0.0000 | HAN Grad: 0.0000 | HAN Δ: 0.000000 | HAN Metapaths: 0
2026-09-21 09:35:39,536 | INFO |   Phase | Rollout: 0.00s | PPO update: 0.00s
2026-09-21 09:35:39,536 | INFO |   Env | HO: 100.00% | Throughput: 17.84/user-min | Task: 84.76% | Resolved: 99.96% | Delay: 2.548s | Energy: 10310.29J | MEC fair: 0.626
2026-09-21 09:35:39,536 | INFO |   Reward | Success: 152.28 | Load: 20.62 | Delay: -44.56 | Energy: -30.83 | TaskFail: -27.37 | Interrupt: -2.98 | HOFail: 0.00
2026-09-21 09:36:46,345 | INFO | Update  286 | Steps: 146,432 | Episodes:   286 | EpReward:    72.40 | FPS:   5961 | Actor Loss: 0.0000 | Critic Loss: 0.0000 | HAN Grad: 0.0000 | HAN Δ: 0.000000 | HAN Metapaths: 0
2026-09-21 09:36:46,345 | INFO |   Phase | Rollout: 0.00s | PPO update: 0.00s
2026-09-21 09:36:46,345 | INFO |   Env | HO: 100.00% | Throughput: 18.73/user-min | Task: 88.28% | Resolved: 99.93% | Delay: 2.263s | Energy: 9536.49J | MEC fair: 0.468
2026-09-21 09:36:46,345 | INFO |   Reward | Success: 159.83 | Load: 17.16 | Delay: -44.66 | Energy: -31.19 | TaskFail: -21.22 | Interrupt: -3.15 | HOFail: 0.00
2026-09-21 09:37:52,698 | INFO | Update  287 | Steps: 146,944 | Episodes:   287 | EpReward:    72.36 | FPS:   9664 | Actor Loss: 0.0000 | Critic Loss: 0.0000 | HAN Grad: 0.0000 | HAN Δ: 0.000000 | HAN Metapaths: 0
2026-09-21 09:37:52,698 | INFO |   Phase | Rollout: 0.00s | PPO update: 0.00s
2026-09-21 09:37:52,698 | INFO |   Env | HO: 100.00% | Throughput: 18.05/user-min | Task: 86.30% | Resolved: 99.90% | Delay: 2.455s | Energy: 9957.60J | MEC fair: 0.547
2026-09-21 09:37:52,698 | INFO |   Reward | Success: 154.05 | Load: 19.11 | Delay: -44.58 | Energy: -30.95 | TaskFail: -24.45 | Interrupt: -2.80 | HOFail: 0.00
2026-09-21 09:38:59,481 | INFO | Update  288 | Steps: 147,456 | Episodes:   288 | EpReward:    72.51 | FPS:   7988 | Actor Loss: 0.0000 | Critic Loss: 0.0000 | HAN Grad: 0.0000 | HAN Δ: 0.000000 | HAN Metapaths: 0
2026-09-21 09:38:59,481 | INFO |   Phase | Rollout: 0.00s | PPO update: 0.00s
2026-09-21 09:38:59,481 | INFO |   Env | HO: 100.00% | Throughput: 18.77/user-min | Task: 90.79% | Resolved: 99.90% | Delay: 2.153s | Energy: 8808.79J | MEC fair: 0.510
2026-09-21 09:38:59,481 | INFO |   Reward | Success: 160.18 | Load: 17.43 | Delay: -43.23 | Energy: -30.47 | TaskFail: -16.25 | Interrupt: -4.21 | HOFail: 0.00
2026-09-21 09:40:05,911 | INFO | Update  289 | Steps: 147,968 | Episodes:   289 | EpReward:    72.46 | FPS:   8218 | Actor Loss: 0.0000 | Critic Loss: 0.0000 | HAN Grad: 0.0000 | HAN Δ: 0.000000 | HAN Metapaths: 0
2026-09-21 09:40:05,911 | INFO |   Phase | Rollout: 0.00s | PPO update: 0.00s
2026-09-21 09:40:05,911 | INFO |   Env | HO: 100.00% | Throughput: 18.51/user-min | Task: 89.52% | Resolved: 99.94% | Delay: 2.193s | Energy: 8927.66J | MEC fair: 0.485
2026-09-21 09:40:05,911 | INFO |   Reward | Success: 157.98 | Load: 17.22 | Delay: -43.34 | Energy: -30.32 | TaskFail: -18.50 | Interrupt: -6.16 | HOFail: 0.00
2026-09-21 09:41:12,593 | INFO | Update  290 | Steps: 148,480 | Episodes:   290 | EpReward:    72.52 | FPS:   6594 | Actor Loss: 0.0000 | Critic Loss: 0.0000 | HAN Grad: 0.0000 | HAN Δ: 0.000000 | HAN Metapaths: 0
2026-09-21 09:41:12,593 | INFO |   Phase | Rollout: 0.00s | PPO update: 0.00s
2026-09-21 09:41:12,593 | INFO |   Env | HO: 100.00% | Throughput: 19.04/user-min | Task: 90.82% | Resolved: 99.97% | Delay: 2.177s | Energy: 8830.92J | MEC fair: 0.504
2026-09-21 09:41:12,593 | INFO |   Reward | Success: 162.48 | Load: 17.09 | Delay: -44.13 | Energy: -30.72 | TaskFail: -16.43 | Interrupt: -5.12 | HOFail: 0.00
2026-09-21 09:42:18,874 | INFO | Update  291 | Steps: 148,992 | Episodes:   291 | EpReward:    72.56 | FPS:   6363 | Actor Loss: 0.0000 | Critic Loss: 0.0000 | HAN Grad: 0.0000 | HAN Δ: 0.000000 | HAN Metapaths: 0
2026-09-21 09:42:18,874 | INFO |   Phase | Rollout: 0.00s | PPO update: 0.00s
2026-09-21 09:42:18,874 | INFO |   Env | HO: 100.00% | Throughput: 19.04/user-min | Task: 90.77% | Resolved: 99.94% | Delay: 2.120s | Energy: 9086.28J | MEC fair: 0.483
2026-09-21 09:42:18,874 | INFO |   Reward | Success: 162.45 | Load: 16.57 | Delay: -43.94 | Energy: -31.22 | TaskFail: -16.53 | Interrupt: -6.48 | HOFail: 0.00
2026-09-21 09:43:24,841 | INFO | Update  292 | Steps: 149,504 | Episodes:   292 | EpReward:    72.54 | FPS:   9859 | Actor Loss: 0.0000 | Critic Loss: 0.0000 | HAN Grad: 0.0000 | HAN Δ: 0.000000 | HAN Metapaths: 0
2026-09-21 09:43:24,841 | INFO |   Phase | Rollout: 0.00s | PPO update: 0.00s
2026-09-21 09:43:24,841 | INFO |   Env | HO: 100.00% | Throughput: 17.87/user-min | Task: 85.20% | Resolved: 99.94% | Delay: 2.492s | Energy: 10080.02J | MEC fair: 0.605
2026-09-21 09:43:24,841 | INFO |   Reward | Success: 152.50 | Load: 20.63 | Delay: -44.41 | Energy: -30.67 | TaskFail: -26.50 | Interrupt: -2.89 | HOFail: 0.00
2026-09-21 09:44:28,929 | INFO | ----------------------------------------
2026-09-21 09:44:28,929 | INFO | 开始评估 HAN+PDQN...
2026-09-21 09:46:24,765 | INFO | 模型已保存: /home/pjpjq/LEO_switch/results/multiseed_0907/seed46/u40/learned_baselines/han_pdqn/best_model.pt
2026-09-21 09:46:24,765 | INFO | 评估结果: 奖励 = 78.36 ± 5.23, 长度 = 512, 延迟 = 2.308s
2026-09-21 09:46:24,765 | INFO | ----------------------------------------
2026-09-21 09:46:24,789 | INFO | 模型已保存: /home/pjpjq/LEO_switch/results/multiseed_0907/seed46/u40/learned_baselines/han_pdqn/checkpoint_150000.pt
2026-09-21 09:46:24,791 | INFO | ----------------------------------------
2026-09-21 09:46:24,791 | INFO | 开始评估 HAN+PDQN...
2026-09-21 09:48:20,433 | INFO | 评估结果: 奖励 = 78.36 ± 5.23, 长度 = 512, 延迟 = 2.308s
2026-09-21 09:48:20,433 | INFO | ----------------------------------------
2026-09-21 09:48:20,457 | INFO | 模型已保存: /home/pjpjq/LEO_switch/results/multiseed_0907/seed46/u40/learned_baselines/han_pdqn/final_model.pt
2026-09-21 09:48:20,479 | INFO | 训练历史已保存: /home/pjpjq/LEO_switch/results/multiseed_0907/seed46/u40/learned_baselines/han_pdqn/training_history.json
