Command:
/home/pjpjq/miniconda3/envs/satellite.env/bin/python /home/pjpjq/LEO_switch/scripts/compare_system_baselines.py --run-mode train_compare --system-run-dir /home/pjpjq/LEO_switch/results/full_train_latency_priority_20260510_010757 --output-dir /home/pjpjq/LEO_switch/results/baseline_compare/20260510_010757 --exp-name han_mappo_latency_priority --objective multi_objective --total-timesteps 1200000 --episodes 10 --max-steps 2000 --seed 42 --num-users 20 --device auto --best-model-metric effective_latency_score --compare-ranking-metric effective_latency_score --plot-window 5 --early-stop-patience 0 --baselines all

Output:
2026-05-10 01:08:05,469 | INFO | 初始化环境...
2026-05-10 01:08:05,472 | INFO |   - 原始观测维度: 73
2026-05-10 01:08:05,472 | INFO |   - HAN嵌入维度: 64
2026-05-10 01:08:05,473 | INFO |   - 拼接后观测维度: 69 (HAN 64 + rvt_warning 1 + task 4)
2026-05-10 01:08:05,473 | INFO |   - 全局状态维度: 1380
2026-05-10 01:08:05,473 | INFO | 初始化图构建器...
2026-05-10 01:08:05,473 | INFO | 初始化HAN编码器...
2026-05-10 01:08:05,997 | INFO |   - HAN参数量: 571,328
2026-05-10 01:08:05,998 | INFO | 初始化MAPPO...
2026-05-10 01:08:10,474 | INFO |   - Actor参数量: 76,749
2026-05-10 01:08:10,474 | INFO |   - Critic参数量: 183,169
2026-05-10 01:08:10,474 | INFO | 初始化经验缓冲区...
2026-05-10 01:08:10,476 | INFO | 训练器初始化完成，设备: cuda
2026-05-10 01:08:10,476 | INFO | 环境: 20 用户, 66 卫星
2026-05-10 01:08:10,476 | INFO | ============================================================
2026-05-10 01:08:10,476 | INFO | 开始训练
2026-05-10 01:08:10,476 | INFO |   总步数: 1,200,000
2026-05-10 01:08:10,476 | INFO |   每轮步数: 2048
2026-05-10 01:08:10,476 | INFO |   图更新间隔: 100
2026-05-10 01:08:10,476 | INFO |   评估episodes: 10
2026-05-10 01:08:10,476 | INFO |   设备: cuda
2026-05-10 01:08:10,476 | INFO | ============================================================
2026-05-10 01:08:45,716 | INFO | Update    1 | Steps:   2,048 | Episodes:     1 | EpReward:   479.71 | FPS:     58 | Actor Loss: -0.0004 | Critic Loss: 1.3765
2026-05-10 01:08:45,717 | INFO |   Env | HO: 76.26% | Cont: 41.26% | Task: 71.73% | Resolved: 99.87% | Delay: 2.815s | Energy: 15134.21J | LB: 0.306
2026-05-10 01:08:45,717 | INFO |   Reward | D: 5419.23 | E: 4675.83 | Q: 2484.00 | H: 3359.96 | LB: -8.68 | Enq: 136.53 | Pen: -6240.69
2026-05-10 01:09:19,643 | INFO | Update    2 | Steps:   4,096 | Episodes:     2 | EpReward:   476.40 | FPS:     60 | Actor Loss: -0.0008 | Critic Loss: 1.2597
2026-05-10 01:09:19,643 | INFO |   Env | HO: 76.18% | Cont: 39.89% | Task: 71.53% | Resolved: 99.94% | Delay: 2.831s | Energy: 15383.98J | LB: 0.309
2026-05-10 01:09:19,644 | INFO |   Reward | D: 5409.90 | E: 4718.36 | Q: 2466.80 | H: 3493.10 | LB: -7.39 | Enq: 135.28 | Pen: -6484.01
2026-05-10 01:09:57,490 | INFO | Update    3 | Steps:   6,144 | Episodes:     3 | EpReward:   482.86 | FPS:     54 | Actor Loss: -0.0008 | Critic Loss: 1.3697
2026-05-10 01:09:57,491 | INFO |   Env | HO: 76.48% | Cont: 44.31% | Task: 72.69% | Resolved: 99.95% | Delay: 2.796s | Energy: 15546.64J | LB: 0.310
2026-05-10 01:09:57,491 | INFO |   Reward | D: 5506.95 | E: 4707.33 | Q: 2592.40 | H: 3213.52 | LB: -6.47 | Enq: 135.09 | Pen: -5961.61
2026-05-10 01:10:40,633 | INFO | Update    4 | Steps:   8,192 | Episodes:     4 | EpReward:   483.72 | FPS:     47 | Actor Loss: -0.0001 | Critic Loss: 1.4421
2026-05-10 01:10:40,633 | INFO |   Env | HO: 76.16% | Cont: 42.10% | Task: 72.92% | Resolved: 99.89% | Delay: 2.792s | Energy: 15550.94J | LB: 0.323
2026-05-10 01:10:40,633 | INFO |   Reward | D: 5432.17 | E: 4685.16 | Q: 2599.60 | H: 3393.41 | LB: -8.68 | Enq: 133.07 | Pen: -6262.80
2026-05-10 01:11:26,261 | INFO | Update    5 | Steps:  10,240 | Episodes:     5 | EpReward:   486.87 | FPS:     45 | Actor Loss: -0.0005 | Critic Loss: 1.0550
2026-05-10 01:11:26,261 | INFO |   Env | HO: 76.07% | Cont: 42.59% | Task: 73.41% | Resolved: 99.88% | Delay: 2.773s | Energy: 15814.05J | LB: 0.331
2026-05-10 01:11:26,261 | INFO |   Reward | D: 5594.69 | E: 4751.44 | Q: 2694.40 | H: 3365.71 | LB: -7.04 | Enq: 131.99 | Pen: -6285.73
2026-05-10 01:12:23,305 | INFO | Update    6 | Steps:  12,288 | Episodes:     6 | EpReward:   489.97 | FPS:     36 | Actor Loss: -0.0007 | Critic Loss: 1.0674
2026-05-10 01:12:23,306 | INFO |   Env | HO: 76.24% | Cont: 45.30% | Task: 73.10% | Resolved: 99.89% | Delay: 2.787s | Energy: 15584.91J | LB: 0.310
2026-05-10 01:12:23,306 | INFO |   Reward | D: 5551.42 | E: 4747.42 | Q: 2663.20 | H: 3143.53 | LB: -6.45 | Enq: 134.94 | Pen: -5898.24
2026-05-10 01:13:01,927 | INFO | Update    7 | Steps:  14,336 | Episodes:     7 | EpReward:   492.00 | FPS:     53 | Actor Loss: 0.0002 | Critic Loss: 0.7907
2026-05-10 01:13:01,927 | INFO |   Env | HO: 75.36% | Cont: 46.47% | Task: 73.33% | Resolved: 99.85% | Delay: 2.782s | Energy: 15700.74J | LB: 0.312
2026-05-10 01:13:01,927 | INFO |   Reward | D: 5612.82 | E: 4747.65 | Q: 2685.20 | H: 2980.74 | LB: -6.33 | Enq: 133.77 | Pen: -5825.55
2026-05-10 01:13:39,905 | INFO | Update    8 | Steps:  16,384 | Episodes:     8 | EpReward:   496.96 | FPS:     54 | Actor Loss: -0.0004 | Critic Loss: 1.1056
2026-05-10 01:13:39,906 | INFO |   Env | HO: 76.43% | Cont: 47.48% | Task: 75.05% | Resolved: 99.94% | Delay: 2.743s | Energy: 15659.75J | LB: 0.296
2026-05-10 01:13:39,906 | INFO |   Reward | D: 5675.65 | E: 4764.41 | Q: 2874.80 | H: 3008.88 | LB: -6.25 | Enq: 134.42 | Pen: -5560.24
2026-05-10 01:14:21,839 | INFO | Update    9 | Steps:  18,432 | Episodes:     9 | EpReward:   500.61 | FPS:     49 | Actor Loss: -0.0004 | Critic Loss: 0.6733
2026-05-10 01:14:21,839 | INFO |   Env | HO: 76.99% | Cont: 48.25% | Task: 74.36% | Resolved: 99.89% | Delay: 2.736s | Energy: 15620.61J | LB: 0.319
2026-05-10 01:14:21,839 | INFO |   Reward | D: 5677.85 | E: 4758.40 | Q: 2798.80 | H: 3024.40 | LB: -5.03 | Enq: 133.52 | Pen: -5556.51
2026-05-10 01:14:55,995 | INFO | Update   10 | Steps:  20,480 | Episodes:    10 | EpReward:   504.76 | FPS:     60 | Actor Loss: -0.0004 | Critic Loss: 0.6208
2026-05-10 01:14:55,995 | INFO |   Env | HO: 75.75% | Cont: 52.29% | Task: 75.88% | Resolved: 99.92% | Delay: 2.710s | Energy: 15767.58J | LB: 0.331
2026-05-10 01:14:55,995 | INFO |   Reward | D: 5773.13 | E: 4733.30 | Q: 2941.60 | H: 2651.30 | LB: -5.06 | Enq: 132.14 | Pen: -5153.86
2026-05-10 01:15:35,249 | INFO | Update   11 | Steps:  22,528 | Episodes:    11 | EpReward:   509.26 | FPS:     52 | Actor Loss: -0.0005 | Critic Loss: 0.7505
2026-05-10 01:15:35,249 | INFO |   Env | HO: 75.82% | Cont: 54.79% | Task: 75.70% | Resolved: 99.92% | Delay: 2.710s | Energy: 15695.84J | LB: 0.319
2026-05-10 01:15:35,250 | INFO |   Reward | D: 5860.13 | E: 4797.41 | Q: 2964.80 | H: 2466.09 | LB: -4.41 | Enq: 133.62 | Pen: -4877.89
2026-05-10 01:16:14,390 | INFO | Update   12 | Steps:  24,576 | Episodes:    12 | EpReward:   513.17 | FPS:     52 | Actor Loss: -0.0006 | Critic Loss: 0.6115
2026-05-10 01:16:14,391 | INFO |   Env | HO: 75.85% | Cont: 55.44% | Task: 76.20% | Resolved: 99.92% | Delay: 2.720s | Energy: 15884.55J | LB: 0.308
2026-05-10 01:16:14,391 | INFO |   Reward | D: 5839.24 | E: 4767.46 | Q: 3003.20 | H: 2408.89 | LB: -4.86 | Enq: 132.33 | Pen: -4768.83
2026-05-10 01:16:54,074 | INFO | Update   13 | Steps:  26,624 | Episodes:    13 | EpReward:   517.57 | FPS:     52 | Actor Loss: 0.0002 | Critic Loss: 0.5639
2026-05-10 01:16:54,074 | INFO |   Env | HO: 75.93% | Cont: 58.54% | Task: 76.53% | Resolved: 99.95% | Delay: 2.671s | Energy: 15557.16J | LB: 0.305
2026-05-10 01:16:54,074 | INFO |   Reward | D: 5916.80 | E: 4797.31 | Q: 3052.00 | H: 2196.72 | LB: -4.17 | Enq: 132.64 | Pen: -4398.52
2026-05-10 01:17:33,567 | INFO | Update   14 | Steps:  28,672 | Episodes:    14 | EpReward:   521.08 | FPS:     52 | Actor Loss: -0.0003 | Critic Loss: 0.4459
2026-05-10 01:17:33,568 | INFO |   Env | HO: 76.01% | Cont: 60.00% | Task: 76.81% | Resolved: 99.87% | Delay: 2.672s | Energy: 15577.53J | LB: 0.309
2026-05-10 01:17:33,568 | INFO |   Reward | D: 5873.63 | E: 4722.10 | Q: 3025.20 | H: 2138.36 | LB: -4.16 | Enq: 131.69 | Pen: -4298.92
2026-05-10 01:18:11,994 | INFO | Update   15 | Steps:  30,720 | Episodes:    15 | EpReward:   523.38 | FPS:     53 | Actor Loss: -0.0003 | Critic Loss: 0.3256
2026-05-10 01:18:11,997 | INFO |   Env | HO: 76.74% | Cont: 56.81% | Task: 76.29% | Resolved: 99.94% | Delay: 2.680s | Energy: 15528.12J | LB: 0.314
2026-05-10 01:18:11,997 | INFO |   Reward | D: 5800.82 | E: 4713.72 | Q: 2957.20 | H: 2396.15 | LB: -5.34 | Enq: 131.05 | Pen: -4601.19
2026-05-10 01:18:47,948 | INFO | Update   16 | Steps:  32,768 | Episodes:    16 | EpReward:   525.39 | FPS:     57 | Actor Loss: -0.0004 | Critic Loss: 0.3503
2026-05-10 01:18:47,949 | INFO |   Env | HO: 75.97% | Cont: 55.15% | Task: 76.42% | Resolved: 99.87% | Delay: 2.683s | Energy: 15903.40J | LB: 0.306
2026-05-10 01:18:47,949 | INFO |   Reward | D: 5803.86 | E: 4787.06 | Q: 3011.60 | H: 2507.72 | LB: -4.18 | Enq: 133.15 | Pen: -4856.99
2026-05-10 01:19:24,602 | INFO | Update   17 | Steps:  34,816 | Episodes:    17 | EpReward:   527.59 | FPS:     56 | Actor Loss: -0.0003 | Critic Loss: 0.2456
2026-05-10 01:19:24,603 | INFO |   Env | HO: 76.38% | Cont: 56.06% | Task: 75.86% | Resolved: 99.94% | Delay: 2.693s | Energy: 16322.84J | LB: 0.301
2026-05-10 01:19:24,603 | INFO |   Reward | D: 5896.18 | E: 4785.49 | Q: 2971.60 | H: 2417.98 | LB: -4.99 | Enq: 133.71 | Pen: -4699.36
2026-05-10 01:20:08,549 | INFO | Update   18 | Steps:  36,864 | Episodes:    18 | EpReward:   529.49 | FPS:     47 | Actor Loss: -0.0004 | Critic Loss: 0.2155
2026-05-10 01:20:08,549 | INFO |   Env | HO: 76.33% | Cont: 55.60% | Task: 76.93% | Resolved: 99.92% | Delay: 2.691s | Energy: 16312.78J | LB: 0.332
2026-05-10 01:20:08,549 | INFO |   Reward | D: 5849.93 | E: 4767.49 | Q: 3071.20 | H: 2492.20 | LB: -4.69 | Enq: 132.19 | Pen: -4786.46
2026-05-10 01:20:44,464 | INFO | Update   19 | Steps:  38,912 | Episodes:    19 | EpReward:   530.51 | FPS:     57 | Actor Loss: -0.0001 | Critic Loss: 0.1509
2026-05-10 01:20:44,465 | INFO |   Env | HO: 76.47% | Cont: 54.11% | Task: 75.56% | Resolved: 99.95% | Delay: 2.694s | Energy: 16121.30J | LB: 0.326
2026-05-10 01:20:44,465 | INFO |   Reward | D: 5789.64 | E: 4749.55 | Q: 2920.00 | H: 2569.95 | LB: -4.93 | Enq: 132.66 | Pen: -4914.42
2026-05-10 01:21:26,009 | INFO | Update   20 | Steps:  40,960 | Episodes:    20 | EpReward:   530.61 | FPS:     49 | Actor Loss: -0.0002 | Critic Loss: 0.1137
2026-05-10 01:21:26,010 | INFO |   Env | HO: 76.14% | Cont: 49.58% | Task: 74.84% | Resolved: 99.94% | Delay: 2.731s | Energy: 16448.39J | LB: 0.333
2026-05-10 01:21:26,010 | INFO |   Reward | D: 5786.85 | E: 4801.26 | Q: 2870.40 | H: 2905.24 | LB: -7.50 | Enq: 132.84 | Pen: -5542.54
2026-05-10 01:22:20,865 | INFO | Update   21 | Steps:  43,008 | Episodes:    21 | EpReward:   531.72 | FPS:     37 | Actor Loss: -0.0003 | Critic Loss: 0.1039
2026-05-10 01:22:20,865 | INFO |   Env | HO: 76.63% | Cont: 51.55% | Task: 76.54% | Resolved: 99.95% | Delay: 2.687s | Energy: 16223.01J | LB: 0.320
2026-05-10 01:22:20,865 | INFO |   Reward | D: 5846.39 | E: 4771.18 | Q: 3019.60 | H: 2805.52 | LB: -6.28 | Enq: 132.52 | Pen: -5212.56
2026-05-10 01:23:00,131 | INFO | Update   22 | Steps:  45,056 | Episodes:    22 | EpReward:   532.32 | FPS:     52 | Actor Loss: -0.0002 | Critic Loss: 0.0808
2026-05-10 01:23:00,131 | INFO |   Env | HO: 76.20% | Cont: 51.12% | Task: 76.31% | Resolved: 99.86% | Delay: 2.697s | Energy: 16392.22J | LB: 0.306
2026-05-10 01:23:00,134 | INFO |   Reward | D: 5833.04 | E: 4754.31 | Q: 2990.80 | H: 2817.01 | LB: -6.97 | Enq: 132.47 | Pen: -5322.99
2026-05-10 01:23:48,514 | INFO | Update   23 | Steps:  47,104 | Episodes:    23 | EpReward:   532.73 | FPS:     42 | Actor Loss: -0.0003 | Critic Loss: 0.0666
2026-05-10 01:23:48,514 | INFO |   Env | HO: 75.99% | Cont: 50.06% | Task: 75.72% | Resolved: 99.94% | Delay: 2.707s | Energy: 16782.74J | LB: 0.314
2026-05-10 01:23:48,515 | INFO |   Reward | D: 5827.53 | E: 4774.69 | Q: 2950.40 | H: 2898.18 | LB: -7.78 | Enq: 133.44 | Pen: -5493.11
2026-05-10 01:24:47,099 | INFO | Update   24 | Steps:  49,152 | Episodes:    24 | EpReward:   533.58 | FPS:     35 | Actor Loss: -0.0005 | Critic Loss: 0.0625
2026-05-10 01:24:47,103 | INFO |   Env | HO: 76.85% | Cont: 49.06% | Task: 76.06% | Resolved: 99.92% | Delay: 2.707s | Energy: 16846.75J | LB: 0.320
2026-05-10 01:24:47,103 | INFO |   Reward | D: 5871.10 | E: 4809.33 | Q: 2994.80 | H: 3044.36 | LB: -5.59 | Enq: 133.70 | Pen: -5534.00
2026-05-10 01:25:37,888 | INFO | Update   25 | Steps:  51,200 | Episodes:    25 | EpReward:   533.45 | FPS:     40 | Actor Loss: -0.0007 | Critic Loss: 0.0553
2026-05-10 01:25:37,892 | INFO |   Env | HO: 76.18% | Cont: 43.94% | Task: 75.47% | Resolved: 99.93% | Delay: 2.723s | Energy: 17054.99J | LB: 0.310
2026-05-10 01:25:37,892 | INFO |   Reward | D: 5796.94 | E: 4824.20 | Q: 2947.60 | H: 3405.33 | LB: -7.35 | Enq: 134.56 | Pen: -6214.25
2026-05-10 01:26:18,123 | INFO | Update   26 | Steps:  53,248 | Episodes:    26 | EpReward:   532.91 | FPS:     51 | Actor Loss: -0.0008 | Critic Loss: 0.0517
2026-05-10 01:26:18,123 | INFO |   Env | HO: 75.97% | Cont: 45.71% | Task: 74.68% | Resolved: 99.90% | Delay: 2.734s | Energy: 16292.99J | LB: 0.313
2026-05-10 01:26:18,123 | INFO |   Reward | D: 5663.62 | E: 4778.77 | Q: 2834.40 | H: 3214.87 | LB: -5.83 | Enq: 135.02 | Pen: -5967.83
2026-05-10 01:26:54,342 | INFO | Update   27 | Steps:  55,296 | Episodes:    27 | EpReward:   532.83 | FPS:     57 | Actor Loss: -0.0001 | Critic Loss: 0.0519
2026-05-10 01:26:54,343 | INFO |   Env | HO: 76.38% | Cont: 46.80% | Task: 75.09% | Resolved: 99.88% | Delay: 2.742s | Energy: 16871.62J | LB: 0.310
2026-05-10 01:26:54,343 | INFO |   Reward | D: 5758.68 | E: 4820.74 | Q: 2904.00 | H: 3189.93 | LB: -6.11 | Enq: 133.90 | Pen: -5900.40
2026-05-10 01:27:33,134 | INFO | Update   28 | Steps:  57,344 | Episodes:    28 | EpReward:   532.48 | FPS:     53 | Actor Loss: -0.0003 | Critic Loss: 0.0506
2026-05-10 01:27:33,137 | INFO |   Env | HO: 76.00% | Cont: 46.76% | Task: 74.86% | Resolved: 99.88% | Delay: 2.749s | Energy: 16308.85J | LB: 0.306
2026-05-10 01:27:33,138 | INFO |   Reward | D: 5678.86 | E: 4776.05 | Q: 2850.40 | H: 3078.81 | LB: -5.76 | Enq: 134.17 | Pen: -5813.50
2026-05-10 01:28:14,592 | INFO | Update   29 | Steps:  59,392 | Episodes:    29 | EpReward:   532.08 | FPS:     49 | Actor Loss: -0.0005 | Critic Loss: 0.0472
2026-05-10 01:28:14,592 | INFO |   Env | HO: 76.69% | Cont: 47.10% | Task: 74.96% | Resolved: 99.94% | Delay: 2.732s | Energy: 16113.76J | LB: 0.319
2026-05-10 01:28:14,592 | INFO |   Reward | D: 5667.72 | E: 4677.05 | Q: 2803.60 | H: 3149.86 | LB: -6.38 | Enq: 132.08 | Pen: -5711.34
2026-05-10 01:29:04,169 | INFO | Update   30 | Steps:  61,440 | Episodes:    30 | EpReward:   531.22 | FPS:     41 | Actor Loss: -0.0005 | Critic Loss: 0.0362
2026-05-10 01:29:04,173 | INFO |   Env | HO: 75.94% | Cont: 45.18% | Task: 73.73% | Resolved: 99.83% | Delay: 2.763s | Energy: 16449.72J | LB: 0.322
2026-05-10 01:29:04,173 | INFO |   Reward | D: 5664.19 | E: 4751.61 | Q: 2725.60 | H: 3209.98 | LB: -7.98 | Enq: 131.05 | Pen: -6074.60
2026-05-10 01:29:43,905 | INFO | Update   31 | Steps:  63,488 | Episodes:    31 | EpReward:   531.01 | FPS:     52 | Actor Loss: -0.0006 | Critic Loss: 0.0344
2026-05-10 01:29:43,905 | INFO |   Env | HO: 76.28% | Cont: 47.21% | Task: 75.11% | Resolved: 99.84% | Delay: 2.733s | Energy: 16498.31J | LB: 0.324
2026-05-10 01:29:43,905 | INFO |   Reward | D: 5689.91 | E: 4735.67 | Q: 2853.60 | H: 3109.56 | LB: -5.63 | Enq: 134.36 | Pen: -5742.14
2026-05-10 01:30:38,444 | INFO | Update   32 | Steps:  65,536 | Episodes:    32 | EpReward:   530.69 | FPS:     38 | Actor Loss: -0.0003 | Critic Loss: 0.0270
2026-05-10 01:30:38,444 | INFO |   Env | HO: 76.57% | Cont: 46.53% | Task: 74.44% | Resolved: 99.90% | Delay: 2.721s | Energy: 16598.99J | LB: 0.314
2026-05-10 01:30:38,444 | INFO |   Reward | D: 5669.65 | E: 4770.44 | Q: 2795.20 | H: 3219.15 | LB: -7.10 | Enq: 134.25 | Pen: -5912.15
2026-05-10 01:31:24,625 | INFO | Update   33 | Steps:  67,584 | Episodes:    33 | EpReward:   530.53 | FPS:     44 | Actor Loss: -0.0007 | Critic Loss: 0.0228
2026-05-10 01:31:24,628 | INFO |   Env | HO: 75.93% | Cont: 47.47% | Task: 75.57% | Resolved: 99.89% | Delay: 2.732s | Energy: 16863.95J | LB: 0.323
2026-05-10 01:31:24,628 | INFO |   Reward | D: 5713.75 | E: 4720.35 | Q: 2905.20 | H: 3043.96 | LB: -6.32 | Enq: 132.15 | Pen: -5682.48
2026-05-10 01:32:00,053 | INFO | Update   34 | Steps:  69,632 | Episodes:    34 | EpReward:   530.73 | FPS:     58 | Actor Loss: -0.0005 | Critic Loss: 0.0175
2026-05-10 01:32:00,053 | INFO |   Env | HO: 76.33% | Cont: 49.54% | Task: 75.66% | Resolved: 99.92% | Delay: 2.698s | Energy: 16613.91J | LB: 0.308
2026-05-10 01:32:00,053 | INFO |   Reward | D: 5735.19 | E: 4761.44 | Q: 2932.80 | H: 2950.12 | LB: -4.89 | Enq: 134.41 | Pen: -5493.63
2026-05-10 01:32:43,401 | INFO | Update   35 | Steps:  71,680 | Episodes:    35 | EpReward:   531.09 | FPS:     47 | Actor Loss: -0.0007 | Critic Loss: 0.0222
2026-05-10 01:32:43,401 | INFO |   Env | HO: 76.66% | Cont: 51.46% | Task: 75.70% | Resolved: 99.89% | Delay: 2.691s | Energy: 16416.86J | LB: 0.306
2026-05-10 01:32:43,401 | INFO |   Reward | D: 5786.14 | E: 4747.73 | Q: 2920.40 | H: 2837.85 | LB: -5.26 | Enq: 132.30 | Pen: -5289.31
2026-05-10 01:33:32,859 | INFO | Update   36 | Steps:  73,728 | Episodes:    36 | EpReward:   531.48 | FPS:     41 | Actor Loss: -0.0004 | Critic Loss: 0.0163
2026-05-10 01:33:32,859 | INFO |   Env | HO: 76.41% | Cont: 50.12% | Task: 76.08% | Resolved: 99.91% | Delay: 2.705s | Energy: 16829.39J | LB: 0.318
2026-05-10 01:33:32,859 | INFO |   Reward | D: 5795.95 | E: 4780.42 | Q: 2986.00 | H: 2937.68 | LB: -6.75 | Enq: 132.42 | Pen: -5476.69
2026-05-10 01:34:26,084 | INFO | Update   37 | Steps:  75,776 | Episodes:    37 | EpReward:   531.94 | FPS:     38 | Actor Loss: 0.0000 | Critic Loss: 0.0137
2026-05-10 01:34:26,085 | INFO |   Env | HO: 76.08% | Cont: 51.18% | Task: 76.18% | Resolved: 99.87% | Delay: 2.712s | Energy: 16949.57J | LB: 0.306
2026-05-10 01:34:26,085 | INFO |   Reward | D: 5854.16 | E: 4785.71 | Q: 2998.00 | H: 2825.17 | LB: -5.47 | Enq: 134.10 | Pen: -5345.85
2026-05-10 01:35:03,168 | INFO | Update   38 | Steps:  77,824 | Episodes:    38 | EpReward:   532.10 | FPS:     55 | Actor Loss: -0.0009 | Critic Loss: 0.0179
2026-05-10 01:35:03,168 | INFO |   Env | HO: 76.18% | Cont: 49.92% | Task: 76.21% | Resolved: 99.91% | Delay: 2.694s | Energy: 16310.80J | LB: 0.310
2026-05-10 01:35:03,168 | INFO |   Reward | D: 5723.81 | E: 4759.97 | Q: 2976.40 | H: 2921.03 | LB: -6.02 | Enq: 133.34 | Pen: -5466.82
2026-05-10 01:35:40,698 | INFO | Update   39 | Steps:  79,872 | Episodes:    39 | EpReward:   532.17 | FPS:     55 | Actor Loss: -0.0008 | Critic Loss: 0.0229
2026-05-10 01:35:40,702 | INFO |   Env | HO: 75.86% | Cont: 47.90% | Task: 75.69% | Resolved: 99.92% | Delay: 2.720s | Energy: 17038.10J | LB: 0.308
2026-05-10 01:35:40,702 | INFO |   Reward | D: 5812.17 | E: 4803.28 | Q: 2956.80 | H: 3067.39 | LB: -5.33 | Enq: 132.88 | Pen: -5783.89
2026-05-10 01:36:32,276 | INFO | Update   40 | Steps:  81,920 | Episodes:    40 | EpReward:   532.64 | FPS:     40 | Actor Loss: -0.0004 | Critic Loss: 0.0169
2026-05-10 01:36:32,276 | INFO |   Env | HO: 75.70% | Cont: 49.52% | Task: 76.85% | Resolved: 99.91% | Delay: 2.704s | Energy: 16943.05J | LB: 0.318
2026-05-10 01:36:32,276 | INFO |   Reward | D: 5890.62 | E: 4814.76 | Q: 3090.80 | H: 2930.86 | LB: -4.66 | Enq: 132.53 | Pen: -5554.45
2026-05-10 01:37:09,649 | INFO | Update   41 | Steps:  83,968 | Episodes:    41 | EpReward:   532.73 | FPS:     55 | Actor Loss: -0.0009 | Critic Loss: 0.0249
2026-05-10 01:37:09,652 | INFO |   Env | HO: 75.65% | Cont: 49.91% | Task: 75.14% | Resolved: 99.90% | Delay: 2.709s | Energy: 16661.87J | LB: 0.327
2026-05-10 01:37:09,653 | INFO |   Reward | D: 5835.23 | E: 4822.73 | Q: 2909.60 | H: 2866.66 | LB: -6.36 | Enq: 132.23 | Pen: -5571.21
2026-05-10 01:37:46,426 | INFO | Update   42 | Steps:  86,016 | Episodes:    42 | EpReward:   532.87 | FPS:     56 | Actor Loss: -0.0007 | Critic Loss: 0.0157
2026-05-10 01:37:46,426 | INFO |   Env | HO: 76.16% | Cont: 50.51% | Task: 76.15% | Resolved: 99.89% | Delay: 2.713s | Energy: 16900.68J | LB: 0.313
2026-05-10 01:37:46,426 | INFO |   Reward | D: 5763.72 | E: 4756.81 | Q: 2974.00 | H: 2902.82 | LB: -7.99 | Enq: 132.32 | Pen: -5457.11
2026-05-10 01:38:24,146 | INFO | Update   43 | Steps:  88,064 | Episodes:    43 | EpReward:   533.11 | FPS:     54 | Actor Loss: -0.0010 | Critic Loss: 0.0237
2026-05-10 01:38:24,146 | INFO |   Env | HO: 76.27% | Cont: 48.94% | Task: 76.30% | Resolved: 99.90% | Delay: 2.698s | Energy: 17101.06J | LB: 0.305
2026-05-10 01:38:24,146 | INFO |   Reward | D: 5811.63 | E: 4784.36 | Q: 3008.00 | H: 3022.06 | LB: -6.42 | Enq: 132.96 | Pen: -5635.25
2026-05-10 01:39:03,355 | INFO | Update   44 | Steps:  90,112 | Episodes:    44 | EpReward:   534.22 | FPS:     52 | Actor Loss: 0.0001 | Critic Loss: 0.0334
2026-05-10 01:39:03,355 | INFO |   Env | HO: 76.69% | Cont: 53.71% | Task: 77.77% | Resolved: 99.90% | Delay: 2.655s | Energy: 17440.71J | LB: 0.308
2026-05-10 01:39:03,355 | INFO |   Reward | D: 6089.66 | E: 4866.77 | Q: 3228.80 | H: 2727.11 | LB: -5.46 | Enq: 134.21 | Pen: -5077.98
2026-05-10 01:39:49,570 | INFO | Update   45 | Steps:  92,160 | Episodes:    45 | EpReward:   534.62 | FPS:     44 | Actor Loss: -0.0002 | Critic Loss: 0.0299
2026-05-10 01:39:49,570 | INFO |   Env | HO: 76.30% | Cont: 50.32% | Task: 76.56% | Resolved: 99.95% | Delay: 2.679s | Energy: 16944.76J | LB: 0.313
2026-05-10 01:39:49,570 | INFO |   Reward | D: 5883.50 | E: 4808.21 | Q: 3032.80 | H: 2962.32 | LB: -5.82 | Enq: 133.80 | Pen: -5504.08
2026-05-10 01:40:33,751 | INFO | Update   46 | Steps:  94,208 | Episodes:    46 | EpReward:   535.17 | FPS:     46 | Actor Loss: -0.0004 | Critic Loss: 0.0274
2026-05-10 01:40:33,751 | INFO |   Env | HO: 76.44% | Cont: 48.63% | Task: 77.02% | Resolved: 99.91% | Delay: 2.660s | Energy: 16925.84J | LB: 0.325
2026-05-10 01:40:33,751 | INFO |   Reward | D: 5952.29 | E: 4834.17 | Q: 3101.20 | H: 3130.36 | LB: -6.29 | Enq: 133.51 | Pen: -5697.65
2026-05-10 01:41:18,247 | INFO | Update   47 | Steps:  96,256 | Episodes:    47 | EpReward:   535.28 | FPS:     46 | Actor Loss: -0.0013 | Critic Loss: 0.0282
2026-05-10 01:41:18,247 | INFO |   Env | HO: 76.14% | Cont: 48.35% | Task: 76.33% | Resolved: 99.82% | Delay: 2.708s | Energy: 17057.23J | LB: 0.313
2026-05-10 01:41:18,247 | INFO |   Reward | D: 5819.42 | E: 4802.59 | Q: 3009.20 | H: 3111.98 | LB: -5.54 | Enq: 135.05 | Pen: -5791.42
2026-05-10 01:41:54,199 | INFO | Update   48 | Steps:  98,304 | Episodes:    48 | EpReward:   535.96 | FPS:     57 | Actor Loss: -0.0004 | Critic Loss: 0.0241
2026-05-10 01:41:54,199 | INFO |   Env | HO: 76.04% | Cont: 53.17% | Task: 77.26% | Resolved: 99.87% | Delay: 2.672s | Energy: 16856.45J | LB: 0.321
2026-05-10 01:41:54,199 | INFO |   Reward | D: 5949.67 | E: 4854.14 | Q: 3131.20 | H: 2747.71 | LB: -6.78 | Enq: 136.45 | Pen: -5187.51
2026-05-10 01:42:31,123 | INFO | Update   49 | Steps: 100,352 | Episodes:    49 | EpReward:   537.16 | FPS:     55 | Actor Loss: -0.0003 | Critic Loss: 0.0194
2026-05-10 01:42:31,124 | INFO |   Env | HO: 75.95% | Cont: 56.45% | Task: 78.38% | Resolved: 99.92% | Delay: 2.655s | Energy: 17224.10J | LB: 0.296
2026-05-10 01:42:31,124 | INFO |   Reward | D: 6144.56 | E: 4912.35 | Q: 3301.20 | H: 2514.14 | LB: -4.33 | Enq: 136.51 | Pen: -4860.26
2026-05-10 01:42:31,124 | INFO | ----------------------------------------
2026-05-10 01:42:31,124 | INFO | 开始评估...
2026-05-10 01:46:17,289 | INFO | 评估结果: 奖励 = 792.36 ± 6.48, 长度 = 2000, 时延 = 2.231s, 能耗 = 172042.68J, 负载均衡 = 0.489
2026-05-10 01:46:17,289 | INFO | 新的最佳模型 (effective latency score): score = 0.2702, delay = 2.231s, completion = 88.84%, continuity = 98.27%, load_balance = 0.489
2026-05-10 01:46:17,313 | INFO | 模型已保存: /home/pjpjq/LEO_switch/results/full_train_latency_priority_20260510_010757/best_model.pt
2026-05-10 01:46:17,314 | INFO | 新的最佳奖励: 792.36
2026-05-10 01:46:17,314 | INFO | ----------------------------------------
2026-05-10 01:46:57,713 | INFO | Update   50 | Steps: 102,400 | Episodes:    50 | EpReward:   537.88 | FPS:     51 | Actor Loss: -0.0015 | Critic Loss: 0.0232
2026-05-10 01:46:57,714 | INFO |   Env | HO: 76.48% | Cont: 53.98% | Task: 77.38% | Resolved: 99.95% | Delay: 2.654s | Energy: 17063.00J | LB: 0.294
2026-05-10 01:46:57,714 | INFO |   Reward | D: 5970.75 | E: 4883.08 | Q: 3151.20 | H: 2724.07 | LB: -5.70 | Enq: 135.14 | Pen: -5126.74
2026-05-10 01:47:53,505 | INFO | Update   51 | Steps: 104,448 | Episodes:    51 | EpReward:   538.60 | FPS:     37 | Actor Loss: -0.0003 | Critic Loss: 0.0165
2026-05-10 01:47:53,509 | INFO |   Env | HO: 75.89% | Cont: 55.52% | Task: 78.47% | Resolved: 99.89% | Delay: 2.666s | Energy: 16997.87J | LB: 0.313
2026-05-10 01:47:53,510 | INFO |   Reward | D: 5926.53 | E: 4815.69 | Q: 3230.00 | H: 2577.88 | LB: -7.07 | Enq: 134.55 | Pen: -4939.74
2026-05-10 01:48:39,271 | INFO | Update   52 | Steps: 106,496 | Episodes:    52 | EpReward:   539.32 | FPS:     45 | Actor Loss: -0.0004 | Critic Loss: 0.0356
2026-05-10 01:48:39,271 | INFO |   Env | HO: 76.43% | Cont: 54.14% | Task: 77.90% | Resolved: 99.87% | Delay: 2.631s | Energy: 16536.84J | LB: 0.307
2026-05-10 01:48:39,271 | INFO |   Reward | D: 5960.62 | E: 4848.20 | Q: 3169.20 | H: 2736.89 | LB: -5.48 | Enq: 134.56 | Pen: -5083.40
2026-05-10 01:49:16,567 | INFO | Update   53 | Steps: 108,544 | Episodes:    53 | EpReward:   540.37 | FPS:     55 | Actor Loss: -0.0005 | Critic Loss: 0.0212
2026-05-10 01:49:16,567 | INFO |   Env | HO: 77.13% | Cont: 56.80% | Task: 78.82% | Resolved: 99.90% | Delay: 2.621s | Energy: 16819.09J | LB: 0.302
2026-05-10 01:49:16,567 | INFO |   Reward | D: 6076.43 | E: 4869.64 | Q: 3295.60 | H: 2593.03 | LB: -4.80 | Enq: 134.19 | Pen: -4770.11
2026-05-10 01:49:52,579 | INFO | Update   54 | Steps: 110,592 | Episodes:    54 | EpReward:   541.38 | FPS:     57 | Actor Loss: -0.0002 | Critic Loss: 0.0299
2026-05-10 01:49:52,579 | INFO |   Env | HO: 75.92% | Cont: 59.56% | Task: 78.35% | Resolved: 99.91% | Delay: 2.618s | Energy: 16800.70J | LB: 0.286
2026-05-10 01:49:52,579 | INFO |   Reward | D: 6068.57 | E: 4913.97 | Q: 3269.60 | H: 2307.48 | LB: -3.48 | Enq: 135.57 | Pen: -4536.60
2026-05-10 01:50:33,356 | INFO | Update   55 | Steps: 112,640 | Episodes:    55 | EpReward:   542.04 | FPS:     50 | Actor Loss: -0.0000 | Critic Loss: 0.0239
2026-05-10 01:50:33,356 | INFO |   Env | HO: 76.03% | Cont: 55.39% | Task: 78.28% | Resolved: 99.87% | Delay: 2.638s | Energy: 16560.29J | LB: 0.300
2026-05-10 01:50:33,357 | INFO |   Reward | D: 6026.09 | E: 4853.69 | Q: 3224.40 | H: 2595.61 | LB: -4.82 | Enq: 133.13 | Pen: -5011.57
2026-05-10 01:51:11,436 | INFO | Update   56 | Steps: 114,688 | Episodes:    56 | EpReward:   542.49 | FPS:     54 | Actor Loss: -0.0002 | Critic Loss: 0.0268
2026-05-10 01:51:11,437 | INFO |   Env | HO: 76.71% | Cont: 51.70% | Task: 77.65% | Resolved: 99.88% | Delay: 2.654s | Energy: 16377.99J | LB: 0.308
2026-05-10 01:51:11,437 | INFO |   Reward | D: 5896.16 | E: 4847.28 | Q: 3144.00 | H: 2924.13 | LB: -4.09 | Enq: 135.03 | Pen: -5327.57
2026-05-10 01:51:51,903 | INFO | Update   57 | Steps: 116,736 | Episodes:    57 | EpReward:   542.93 | FPS:     51 | Actor Loss: -0.0004 | Critic Loss: 0.0278
2026-05-10 01:51:51,907 | INFO |   Env | HO: 76.42% | Cont: 52.65% | Task: 76.88% | Resolved: 99.91% | Delay: 2.672s | Energy: 16604.71J | LB: 0.295
2026-05-10 01:51:51,907 | INFO |   Reward | D: 5971.19 | E: 4886.21 | Q: 3100.00 | H: 2786.99 | LB: -5.57 | Enq: 137.06 | Pen: -5206.53
2026-05-10 01:52:28,709 | INFO | Update   58 | Steps: 118,784 | Episodes:    58 | EpReward:   542.88 | FPS:     56 | Actor Loss: -0.0006 | Critic Loss: 0.0252
2026-05-10 01:52:28,710 | INFO |   Env | HO: 75.48% | Cont: 50.12% | Task: 75.38% | Resolved: 99.92% | Delay: 2.710s | Energy: 16377.14J | LB: 0.293
2026-05-10 01:52:28,710 | INFO |   Reward | D: 5767.33 | E: 4850.11 | Q: 2923.60 | H: 2860.32 | LB: -5.52 | Enq: 137.80 | Pen: -5505.84
2026-05-10 01:53:04,425 | INFO | Update   59 | Steps: 120,832 | Episodes:    59 | EpReward:   543.22 | FPS:     57 | Actor Loss: -0.0005 | Critic Loss: 0.0170
2026-05-10 01:53:04,425 | INFO |   Env | HO: 76.31% | Cont: 54.76% | Task: 77.51% | Resolved: 99.92% | Delay: 2.681s | Energy: 16459.02J | LB: 0.295
2026-05-10 01:53:04,425 | INFO |   Reward | D: 5834.26 | E: 4777.64 | Q: 3110.80 | H: 2595.87 | LB: -2.67 | Enq: 136.30 | Pen: -4902.66
2026-05-10 01:53:42,474 | INFO | Update   60 | Steps: 122,880 | Episodes:    60 | EpReward:   543.72 | FPS:     54 | Actor Loss: -0.0001 | Critic Loss: 0.0187
2026-05-10 01:53:42,474 | INFO |   Env | HO: 76.34% | Cont: 56.66% | Task: 77.88% | Resolved: 99.90% | Delay: 2.658s | Energy: 16258.14J | LB: 0.294
2026-05-10 01:53:42,474 | INFO |   Reward | D: 5882.13 | E: 4780.52 | Q: 3146.40 | H: 2481.64 | LB: -3.30 | Enq: 136.59 | Pen: -4685.13
2026-05-10 01:54:21,589 | INFO | Update   61 | Steps: 124,928 | Episodes:    61 | EpReward:   544.22 | FPS:     52 | Actor Loss: -0.0007 | Critic Loss: 0.0211
2026-05-10 01:54:21,589 | INFO |   Env | HO: 76.08% | Cont: 56.67% | Task: 77.13% | Resolved: 99.90% | Delay: 2.656s | Energy: 16648.74J | LB: 0.284
2026-05-10 01:54:21,589 | INFO |   Reward | D: 5969.35 | E: 4862.85 | Q: 3121.60 | H: 2473.90 | LB: -5.34 | Enq: 136.20 | Pen: -4797.91
2026-05-10 01:55:15,595 | INFO | Update   62 | Steps: 126,976 | Episodes:    62 | EpReward:   544.70 | FPS:     38 | Actor Loss: -0.0001 | Critic Loss: 0.0221
2026-05-10 01:55:15,595 | INFO |   Env | HO: 76.34% | Cont: 53.28% | Task: 77.43% | Resolved: 99.87% | Delay: 2.675s | Energy: 16849.92J | LB: 0.303
2026-05-10 01:55:15,596 | INFO |   Reward | D: 5995.02 | E: 4842.40 | Q: 3153.20 | H: 2723.02 | LB: -4.72 | Enq: 135.83 | Pen: -5105.49
2026-05-10 01:56:03,823 | INFO | Update   63 | Steps: 129,024 | Episodes:    63 | EpReward:   544.67 | FPS:     42 | Actor Loss: -0.0006 | Critic Loss: 0.0239
2026-05-10 01:56:03,823 | INFO |   Env | HO: 76.06% | Cont: 50.30% | Task: 76.12% | Resolved: 99.85% | Delay: 2.703s | Energy: 16581.39J | LB: 0.287
2026-05-10 01:56:03,823 | INFO |   Reward | D: 5749.71 | E: 4789.71 | Q: 2972.80 | H: 2914.10 | LB: -3.97 | Enq: 134.78 | Pen: -5470.97
2026-05-10 01:56:41,067 | INFO | Update   64 | Steps: 131,072 | Episodes:    64 | EpReward:   544.85 | FPS:     55 | Actor Loss: 0.0000 | Critic Loss: 0.0185
2026-05-10 01:56:41,067 | INFO |   Env | HO: 75.80% | Cont: 50.06% | Task: 76.76% | Resolved: 99.87% | Delay: 2.684s | Energy: 16735.71J | LB: 0.292
2026-05-10 01:56:41,068 | INFO |   Reward | D: 5918.44 | E: 4870.97 | Q: 3088.40 | H: 2944.15 | LB: -4.76 | Enq: 136.47 | Pen: -5567.82
2026-05-10 01:57:31,940 | INFO | Update   65 | Steps: 133,120 | Episodes:    65 | EpReward:   545.16 | FPS:     40 | Actor Loss: -0.0003 | Critic Loss: 0.0188
2026-05-10 01:57:31,941 | INFO |   Env | HO: 76.18% | Cont: 51.39% | Task: 77.13% | Resolved: 99.91% | Delay: 2.665s | Energy: 16294.62J | LB: 0.290
2026-05-10 01:57:31,941 | INFO |   Reward | D: 5955.04 | E: 4889.42 | Q: 3125.60 | H: 2874.90 | LB: -5.09 | Enq: 138.92 | Pen: -5378.00
2026-05-10 01:58:07,992 | INFO | Update   66 | Steps: 135,168 | Episodes:    66 | EpReward:   545.53 | FPS:     57 | Actor Loss: -0.0006 | Critic Loss: 0.0220
2026-05-10 01:58:07,992 | INFO |   Env | HO: 76.43% | Cont: 50.40% | Task: 77.62% | Resolved: 99.93% | Delay: 2.683s | Energy: 16579.87J | LB: 0.292
2026-05-10 01:58:07,992 | INFO |   Reward | D: 5958.76 | E: 4909.61 | Q: 3184.80 | H: 2962.54 | LB: -5.84 | Enq: 138.45 | Pen: -5458.56
2026-05-10 01:58:56,299 | INFO | Update   67 | Steps: 137,216 | Episodes:    67 | EpReward:   545.62 | FPS:     42 | Actor Loss: -0.0005 | Critic Loss: 0.0191
2026-05-10 01:58:56,303 | INFO |   Env | HO: 76.26% | Cont: 48.80% | Task: 77.17% | Resolved: 99.93% | Delay: 2.702s | Energy: 16365.01J | LB: 0.287
2026-05-10 01:58:56,303 | INFO |   Reward | D: 5844.11 | E: 4841.80 | Q: 3104.40 | H: 3067.72 | LB: -5.35 | Enq: 138.39 | Pen: -5643.92
2026-05-10 01:59:35,406 | INFO | Update   68 | Steps: 139,264 | Episodes:    68 | EpReward:   545.59 | FPS:     52 | Actor Loss: -0.0005 | Critic Loss: 0.0252
2026-05-10 01:59:35,406 | INFO |   Env | HO: 75.86% | Cont: 48.94% | Task: 76.58% | Resolved: 99.89% | Delay: 2.709s | Energy: 16553.15J | LB: 0.298
2026-05-10 01:59:35,406 | INFO |   Reward | D: 5807.18 | E: 4826.27 | Q: 3026.00 | H: 3005.03 | LB: -7.29 | Enq: 136.76 | Pen: -5662.09
2026-05-10 02:00:16,114 | INFO | Update   69 | Steps: 141,312 | Episodes:    69 | EpReward:   545.36 | FPS:     50 | Actor Loss: -0.0002 | Critic Loss: 0.0144
2026-05-10 02:00:16,116 | INFO |   Env | HO: 76.03% | Cont: 45.51% | Task: 75.73% | Resolved: 99.87% | Delay: 2.717s | Energy: 16536.19J | LB: 0.298
2026-05-10 02:00:16,116 | INFO |   Reward | D: 5739.15 | E: 4838.97 | Q: 2943.20 | H: 3308.49 | LB: -6.56 | Enq: 136.66 | Pen: -6124.47
2026-05-10 02:00:55,990 | INFO | Update   70 | Steps: 143,360 | Episodes:    70 | EpReward:   545.12 | FPS:     51 | Actor Loss: -0.0004 | Critic Loss: 0.0156
2026-05-10 02:00:55,993 | INFO |   Env | HO: 75.54% | Cont: 45.22% | Task: 75.53% | Resolved: 99.90% | Delay: 2.702s | Energy: 16305.88J | LB: 0.296
2026-05-10 02:00:55,993 | INFO |   Reward | D: 5756.63 | E: 4876.23 | Q: 2936.40 | H: 3295.62 | LB: -6.81 | Enq: 137.39 | Pen: -6174.97
2026-05-10 02:01:37,112 | INFO | Update   71 | Steps: 145,408 | Episodes:    71 | EpReward:   545.04 | FPS:     50 | Actor Loss: -0.0004 | Critic Loss: 0.0213
2026-05-10 02:01:37,112 | INFO |   Env | HO: 76.43% | Cont: 45.21% | Task: 76.15% | Resolved: 99.92% | Delay: 2.708s | Energy: 16862.37J | LB: 0.295
2026-05-10 02:01:37,113 | INFO |   Reward | D: 5820.78 | E: 4854.38 | Q: 2999.60 | H: 3375.70 | LB: -6.16 | Enq: 136.55 | Pen: -6136.76
2026-05-10 02:02:30,279 | INFO | Update   72 | Steps: 147,456 | Episodes:    72 | EpReward:   545.22 | FPS:     39 | Actor Loss: -0.0003 | Critic Loss: 0.0149
2026-05-10 02:02:30,280 | INFO |   Env | HO: 76.45% | Cont: 49.58% | Task: 76.80% | Resolved: 99.90% | Delay: 2.673s | Energy: 16533.59J | LB: 0.297
2026-05-10 02:02:30,280 | INFO |   Reward | D: 5891.36 | E: 4872.66 | Q: 3075.60 | H: 3041.37 | LB: -6.63 | Enq: 136.55 | Pen: -5570.36
2026-05-10 02:03:21,607 | INFO | Update   73 | Steps: 149,504 | Episodes:    73 | EpReward:   545.26 | FPS:     40 | Actor Loss: 0.0000 | Critic Loss: 0.0152
2026-05-10 02:03:21,607 | INFO |   Env | HO: 76.32% | Cont: 48.42% | Task: 76.90% | Resolved: 99.90% | Delay: 2.700s | Energy: 16929.46J | LB: 0.287
2026-05-10 02:03:21,607 | INFO |   Reward | D: 5802.47 | E: 4824.88 | Q: 3070.40 | H: 3124.59 | LB: -4.24 | Enq: 135.41 | Pen: -5732.49
2026-05-10 02:03:57,672 | INFO | Update   74 | Steps: 151,552 | Episodes:    74 | EpReward:   545.41 | FPS:     57 | Actor Loss: -0.0005 | Critic Loss: 0.0226
2026-05-10 02:03:57,672 | INFO |   Env | HO: 76.46% | Cont: 49.10% | Task: 77.79% | Resolved: 99.95% | Delay: 2.679s | Energy: 16593.54J | LB: 0.309
2026-05-10 02:03:57,672 | INFO |   Reward | D: 5842.27 | E: 4786.26 | Q: 3141.60 | H: 3077.92 | LB: -6.68 | Enq: 134.42 | Pen: -5586.03
2026-05-10 02:04:37,257 | INFO | Update   75 | Steps: 153,600 | Episodes:    75 | EpReward:   545.48 | FPS:     52 | Actor Loss: -0.0007 | Critic Loss: 0.0216
2026-05-10 02:04:37,257 | INFO |   Env | HO: 76.13% | Cont: 47.43% | Task: 77.10% | Resolved: 99.90% | Delay: 2.688s | Energy: 16910.35J | LB: 0.293
2026-05-10 02:04:37,257 | INFO |   Reward | D: 5876.76 | E: 4849.99 | Q: 3106.80 | H: 3185.06 | LB: -5.19 | Enq: 136.05 | Pen: -5838.28
2026-05-10 02:05:17,288 | INFO | Update   76 | Steps: 155,648 | Episodes:    76 | EpReward:   545.64 | FPS:     51 | Actor Loss: -0.0011 | Critic Loss: 0.0160
2026-05-10 02:05:17,288 | INFO |   Env | HO: 75.92% | Cont: 50.26% | Task: 77.23% | Resolved: 99.90% | Delay: 2.680s | Energy: 16526.90J | LB: 0.290
2026-05-10 02:05:17,288 | INFO |   Reward | D: 5886.77 | E: 4827.72 | Q: 3108.40 | H: 2937.25 | LB: -4.14 | Enq: 136.59 | Pen: -5497.92
2026-05-10 02:05:56,161 | INFO | Update   77 | Steps: 157,696 | Episodes:    77 | EpReward:   545.82 | FPS:     53 | Actor Loss: -0.0005 | Critic Loss: 0.0241
2026-05-10 02:05:56,161 | INFO |   Env | HO: 76.27% | Cont: 50.41% | Task: 77.03% | Resolved: 99.93% | Delay: 2.669s | Energy: 16675.38J | LB: 0.283
2026-05-10 02:05:56,161 | INFO |   Reward | D: 5870.46 | E: 4844.58 | Q: 3092.80 | H: 2951.33 | LB: -5.51 | Enq: 136.33 | Pen: -5451.24
2026-05-10 02:06:51,732 | INFO | Update   78 | Steps: 159,744 | Episodes:    78 | EpReward:   546.02 | FPS:     37 | Actor Loss: -0.0003 | Critic Loss: 0.0232
2026-05-10 02:06:51,742 | INFO |   Env | HO: 76.48% | Cont: 48.41% | Task: 77.42% | Resolved: 99.94% | Delay: 2.683s | Energy: 16732.07J | LB: 0.277
2026-05-10 02:06:51,743 | INFO |   Reward | D: 5957.54 | E: 4861.12 | Q: 3152.00 | H: 3126.49 | LB: -6.07 | Enq: 135.79 | Pen: -5696.21
2026-05-10 02:07:46,983 | INFO | Update   79 | Steps: 161,792 | Episodes:    79 | EpReward:   545.97 | FPS:     37 | Actor Loss: -0.0003 | Critic Loss: 0.0205
2026-05-10 02:07:46,987 | INFO |   Env | HO: 76.33% | Cont: 47.06% | Task: 75.88% | Resolved: 99.89% | Delay: 2.685s | Energy: 16582.50J | LB: 0.296
2026-05-10 02:07:46,987 | INFO |   Reward | D: 5774.79 | E: 4845.10 | Q: 2954.80 | H: 3233.13 | LB: -5.92 | Enq: 135.62 | Pen: -5882.83
2026-05-10 02:08:40,152 | INFO | Update   80 | Steps: 163,840 | Episodes:    80 | EpReward:   545.91 | FPS:     39 | Actor Loss: -0.0006 | Critic Loss: 0.0187
2026-05-10 02:08:40,153 | INFO |   Env | HO: 75.84% | Cont: 46.46% | Task: 76.48% | Resolved: 99.90% | Delay: 2.710s | Energy: 16871.95J | LB: 0.294
2026-05-10 02:08:40,153 | INFO |   Reward | D: 5842.86 | E: 4835.68 | Q: 3034.40 | H: 3219.98 | LB: -6.37 | Enq: 135.52 | Pen: -5957.11
2026-05-10 02:09:37,609 | INFO | Update   81 | Steps: 165,888 | Episodes:    81 | EpReward:   546.04 | FPS:     36 | Actor Loss: -0.0002 | Critic Loss: 0.0272
2026-05-10 02:09:37,610 | INFO |   Env | HO: 75.94% | Cont: 49.71% | Task: 77.29% | Resolved: 99.92% | Delay: 2.686s | Energy: 16331.99J | LB: 0.294
2026-05-10 02:09:37,610 | INFO |   Reward | D: 5881.59 | E: 4839.20 | Q: 3114.00 | H: 2965.03 | LB: -4.95 | Enq: 136.58 | Pen: -5522.37
2026-05-10 02:10:25,762 | INFO | Update   82 | Steps: 167,936 | Episodes:    82 | EpReward:   546.16 | FPS:     43 | Actor Loss: -0.0005 | Critic Loss: 0.0190
2026-05-10 02:10:25,765 | INFO |   Env | HO: 76.00% | Cont: 49.90% | Task: 76.99% | Resolved: 99.88% | Delay: 2.688s | Energy: 16258.52J | LB: 0.297
2026-05-10 02:10:25,765 | INFO |   Reward | D: 5867.57 | E: 4884.53 | Q: 3107.60 | H: 2982.23 | LB: -4.68 | Enq: 138.46 | Pen: -5582.13
2026-05-10 02:11:03,576 | INFO | Update   83 | Steps: 169,984 | Episodes:    83 | EpReward:   546.43 | FPS:     54 | Actor Loss: -0.0007 | Critic Loss: 0.0255
2026-05-10 02:11:03,577 | INFO |   Env | HO: 76.36% | Cont: 51.88% | Task: 77.65% | Resolved: 99.91% | Delay: 2.653s | Energy: 15992.55J | LB: 0.284
2026-05-10 02:11:03,577 | INFO |   Reward | D: 5904.96 | E: 4888.40 | Q: 3157.20 | H: 2875.21 | LB: -2.73 | Enq: 137.06 | Pen: -5294.96
2026-05-10 02:11:50,557 | INFO | Update   84 | Steps: 172,032 | Episodes:    84 | EpReward:   546.79 | FPS:     44 | Actor Loss: -0.0002 | Critic Loss: 0.0137
2026-05-10 02:11:50,557 | INFO |   Env | HO: 75.99% | Cont: 51.87% | Task: 77.81% | Resolved: 99.91% | Delay: 2.659s | Energy: 16986.38J | LB: 0.296
2026-05-10 02:11:50,557 | INFO |   Reward | D: 6052.66 | E: 4951.34 | Q: 3226.40 | H: 2872.46 | LB: -4.88 | Enq: 138.09 | Pen: -5392.71
2026-05-10 02:12:45,610 | INFO | Update   85 | Steps: 174,080 | Episodes:    85 | EpReward:   546.83 | FPS:     37 | Actor Loss: -0.0002 | Critic Loss: 0.0239
2026-05-10 02:12:45,610 | INFO |   Env | HO: 76.33% | Cont: 49.57% | Task: 76.74% | Resolved: 99.85% | Delay: 2.656s | Energy: 16122.90J | LB: 0.285
2026-05-10 02:12:45,610 | INFO |   Reward | D: 5813.81 | E: 4832.68 | Q: 3034.00 | H: 3052.45 | LB: -5.59 | Enq: 136.62 | Pen: -5569.59
2026-05-10 02:13:27,848 | INFO | Update   86 | Steps: 176,128 | Episodes:    86 | EpReward:   546.85 | FPS:     48 | Actor Loss: -0.0008 | Critic Loss: 0.0184
2026-05-10 02:13:27,849 | INFO |   Env | HO: 75.73% | Cont: 48.08% | Task: 76.50% | Resolved: 99.89% | Delay: 2.693s | Energy: 16627.66J | LB: 0.290
2026-05-10 02:13:27,849 | INFO |   Reward | D: 5874.64 | E: 4914.49 | Q: 3059.20 | H: 3079.42 | LB: -6.49 | Enq: 136.16 | Pen: -5813.03
2026-05-10 02:14:12,537 | INFO | Update   87 | Steps: 178,176 | Episodes:    87 | EpReward:   546.80 | FPS:     46 | Actor Loss: -0.0007 | Critic Loss: 0.0205
2026-05-10 02:14:12,537 | INFO |   Env | HO: 75.88% | Cont: 49.06% | Task: 76.60% | Resolved: 99.89% | Delay: 2.691s | Energy: 16909.60J | LB: 0.289
2026-05-10 02:14:12,538 | INFO |   Reward | D: 5804.52 | E: 4804.02 | Q: 3029.60 | H: 3048.97 | LB: -5.04 | Enq: 135.71 | Pen: -5686.42
2026-05-10 02:14:50,590 | INFO | Update   88 | Steps: 180,224 | Episodes:    88 | EpReward:   546.88 | FPS:     54 | Actor Loss: -0.0002 | Critic Loss: 0.0243
2026-05-10 02:14:50,590 | INFO |   Env | HO: 76.25% | Cont: 46.79% | Task: 77.34% | Resolved: 99.89% | Delay: 2.674s | Energy: 16773.77J | LB: 0.295
2026-05-10 02:14:50,590 | INFO |   Reward | D: 5919.27 | E: 4842.65 | Q: 3114.80 | H: 3260.15 | LB: -6.43 | Enq: 136.26 | Pen: -5912.67
2026-05-10 02:15:27,936 | INFO | Update   89 | Steps: 182,272 | Episodes:    89 | EpReward:   546.89 | FPS:     55 | Actor Loss: -0.0004 | Critic Loss: 0.0230
2026-05-10 02:15:27,936 | INFO |   Env | HO: 76.58% | Cont: 44.08% | Task: 77.14% | Resolved: 99.83% | Delay: 2.676s | Energy: 16538.87J | LB: 0.293
2026-05-10 02:15:27,936 | INFO |   Reward | D: 5856.12 | E: 4821.30 | Q: 3080.80 | H: 3498.45 | LB: -6.20 | Enq: 136.17 | Pen: -6168.83
2026-05-10 02:16:13,697 | INFO | Update   90 | Steps: 184,320 | Episodes:    90 | EpReward:   546.95 | FPS:     45 | Actor Loss: -0.0003 | Critic Loss: 0.0194
2026-05-10 02:16:13,697 | INFO |   Env | HO: 76.10% | Cont: 44.83% | Task: 76.70% | Resolved: 99.90% | Delay: 2.708s | Energy: 17495.64J | LB: 0.292
2026-05-10 02:16:13,697 | INFO |   Reward | D: 5964.70 | E: 4959.37 | Q: 3117.20 | H: 3404.93 | LB: -5.38 | Enq: 137.33 | Pen: -6249.16
2026-05-10 02:16:51,938 | INFO | Update   91 | Steps: 186,368 | Episodes:    91 | EpReward:   546.70 | FPS:     54 | Actor Loss: -0.0001 | Critic Loss: 0.0193
2026-05-10 02:16:51,939 | INFO |   Env | HO: 75.57% | Cont: 42.45% | Task: 75.52% | Resolved: 99.87% | Delay: 2.733s | Energy: 17030.69J | LB: 0.304
2026-05-10 02:16:51,939 | INFO |   Reward | D: 5737.58 | E: 4864.79 | Q: 2936.00 | H: 3501.24 | LB: -6.75 | Enq: 137.38 | Pen: -6459.84
2026-05-10 02:17:37,727 | INFO | Update   92 | Steps: 188,416 | Episodes:    92 | EpReward:   546.60 | FPS:     45 | Actor Loss: -0.0003 | Critic Loss: 0.0167
2026-05-10 02:17:37,727 | INFO |   Env | HO: 76.32% | Cont: 43.60% | Task: 76.65% | Resolved: 99.85% | Delay: 2.730s | Energy: 17061.10J | LB: 0.296
2026-05-10 02:17:37,727 | INFO |   Reward | D: 5785.96 | E: 4826.76 | Q: 3046.00 | H: 3488.35 | LB: -6.60 | Enq: 137.28 | Pen: -6230.83
2026-05-10 02:18:14,171 | INFO | Update   93 | Steps: 190,464 | Episodes:    93 | EpReward:   546.77 | FPS:     56 | Actor Loss: -0.0008 | Critic Loss: 0.0122
2026-05-10 02:18:14,171 | INFO |   Env | HO: 76.56% | Cont: 47.16% | Task: 77.58% | Resolved: 99.90% | Delay: 2.672s | Energy: 17064.44J | LB: 0.283
2026-05-10 02:18:14,171 | INFO |   Reward | D: 5904.71 | E: 4857.82 | Q: 3153.60 | H: 3233.87 | LB: -4.14 | Enq: 137.48 | Pen: -5780.67
2026-05-10 02:18:51,688 | INFO | Update   94 | Steps: 192,512 | Episodes:    94 | EpReward:   547.01 | FPS:     55 | Actor Loss: -0.0018 | Critic Loss: 0.0250
2026-05-10 02:18:51,691 | INFO |   Env | HO: 76.21% | Cont: 50.50% | Task: 78.07% | Resolved: 99.85% | Delay: 2.682s | Energy: 17418.66J | LB: 0.282
2026-05-10 02:18:51,692 | INFO |   Reward | D: 5972.18 | E: 4848.12 | Q: 3211.20 | H: 2975.03 | LB: -4.99 | Enq: 136.63 | Pen: -5459.20
2026-05-10 02:19:28,332 | INFO | Update   95 | Steps: 194,560 | Episodes:    95 | EpReward:   547.40 | FPS:     56 | Actor Loss: -0.0008 | Critic Loss: 0.0138
2026-05-10 02:19:28,333 | INFO |   Env | HO: 76.27% | Cont: 55.38% | Task: 78.51% | Resolved: 99.93% | Delay: 2.667s | Energy: 17379.80J | LB: 0.290
2026-05-10 02:19:28,333 | INFO |   Reward | D: 6022.71 | E: 4851.61 | Q: 3256.00 | H: 2637.72 | LB: -3.71 | Enq: 137.08 | Pen: -4935.84
2026-05-10 02:20:05,098 | INFO | Update   96 | Steps: 196,608 | Episodes:    96 | EpReward:   547.97 | FPS:     56 | Actor Loss: -0.0009 | Critic Loss: 0.0185
2026-05-10 02:20:05,098 | INFO |   Env | HO: 76.02% | Cont: 59.46% | Task: 79.21% | Resolved: 99.97% | Delay: 2.630s | Energy: 17405.73J | LB: 0.278
2026-05-10 02:20:05,098 | INFO |   Reward | D: 6157.38 | E: 4864.57 | Q: 3340.40 | H: 2341.65 | LB: -3.77 | Enq: 136.09 | Pen: -4526.76
2026-05-10 02:20:44,658 | INFO | Update   97 | Steps: 198,656 | Episodes:    97 | EpReward:   548.68 | FPS:     52 | Actor Loss: -0.0011 | Critic Loss: 0.0200
2026-05-10 02:20:44,658 | INFO |   Env | HO: 75.89% | Cont: 63.27% | Task: 79.36% | Resolved: 99.90% | Delay: 2.600s | Energy: 17501.40J | LB: 0.277
2026-05-10 02:20:44,658 | INFO |   Reward | D: 6260.71 | E: 4915.54 | Q: 3398.80 | H: 2064.53 | LB: -2.10 | Enq: 136.82 | Pen: -4132.63
2026-05-10 02:21:22,039 | INFO | Update   98 | Steps: 200,704 | Episodes:    98 | EpReward:   549.46 | FPS:     55 | Actor Loss: -0.0000 | Critic Loss: 0.0170
2026-05-10 02:21:22,039 | INFO |   Env | HO: 76.64% | Cont: 65.79% | Task: 80.09% | Resolved: 99.90% | Delay: 2.576s | Energy: 16842.14J | LB: 0.279
2026-05-10 02:21:22,039 | INFO |   Reward | D: 6221.19 | E: 4849.58 | Q: 3428.00 | H: 1914.40 | LB: -2.61 | Enq: 135.16 | Pen: -3729.86
2026-05-10 02:21:22,039 | INFO | ----------------------------------------
2026-05-10 02:21:22,039 | INFO | 开始评估...
2026-05-10 02:24:51,866 | INFO | 评估结果: 奖励 = 797.93 ± 7.40, 长度 = 2000, 时延 = 2.233s, 能耗 = 174156.64J, 负载均衡 = 0.489
2026-05-10 02:24:51,869 | INFO | 新的最佳模型 (effective latency score): score = 0.2720, delay = 2.233s, completion = 89.06%, continuity = 98.74%, load_balance = 0.489
2026-05-10 02:24:51,919 | INFO | 模型已保存: /home/pjpjq/LEO_switch/results/full_train_latency_priority_20260510_010757/best_model.pt
2026-05-10 02:24:51,920 | INFO | 新的最佳奖励: 797.93
2026-05-10 02:24:51,920 | INFO | ----------------------------------------
2026-05-10 02:24:51,974 | INFO | 模型已保存: /home/pjpjq/LEO_switch/results/full_train_latency_priority_20260510_010757/checkpoint_200704.pt
2026-05-10 02:25:28,478 | INFO | Update   99 | Steps: 202,752 | Episodes:    99 | EpReward:   550.19 | FPS:     56 | Actor Loss: -0.0007 | Critic Loss: 0.0127
2026-05-10 02:25:28,478 | INFO |   Env | HO: 76.14% | Cont: 63.60% | Task: 80.20% | Resolved: 99.93% | Delay: 2.579s | Energy: 16601.24J | LB: 0.273
2026-05-10 02:25:28,478 | INFO |   Reward | D: 6235.97 | E: 4864.35 | Q: 3437.20 | H: 2032.33 | LB: -2.71 | Enq: 135.11 | Pen: -3973.64
2026-05-10 02:26:10,462 | INFO | Update  100 | Steps: 204,800 | Episodes:   100 | EpReward:   550.77 | FPS:     49 | Actor Loss: 0.0001 | Critic Loss: 0.0105
2026-05-10 02:26:10,462 | INFO |   Env | HO: 75.87% | Cont: 63.78% | Task: 79.47% | Resolved: 99.90% | Delay: 2.614s | Energy: 16739.98J | LB: 0.281
2026-05-10 02:26:10,462 | INFO |   Reward | D: 6122.99 | E: 4860.80 | Q: 3361.20 | H: 2019.16 | LB: -3.01 | Enq: 134.19 | Pen: -4033.85
2026-05-10 02:26:52,380 | INFO | Update  101 | Steps: 206,848 | Episodes:   101 | EpReward:   552.15 | FPS:     49 | Actor Loss: -0.0001 | Critic Loss: 0.0090
2026-05-10 02:26:52,380 | INFO |   Env | HO: 76.25% | Cont: 65.64% | Task: 80.11% | Resolved: 99.91% | Delay: 2.574s | Energy: 16495.17J | LB: 0.286
2026-05-10 02:26:52,380 | INFO |   Reward | D: 6143.75 | E: 4824.99 | Q: 3390.80 | H: 1895.42 | LB: -3.20 | Enq: 133.83 | Pen: -3747.35
2026-05-10 02:27:28,064 | INFO | Update  102 | Steps: 208,896 | Episodes:   102 | EpReward:   553.68 | FPS:     57 | Actor Loss: -0.0001 | Critic Loss: 0.0209
2026-05-10 02:27:28,064 | INFO |   Env | HO: 75.99% | Cont: 64.93% | Task: 80.09% | Resolved: 99.88% | Delay: 2.598s | Energy: 17004.58J | LB: 0.283
2026-05-10 02:27:28,064 | INFO |   Reward | D: 6263.55 | E: 4920.64 | Q: 3463.60 | H: 1947.40 | LB: -2.38 | Enq: 136.60 | Pen: -3905.65
2026-05-10 02:28:02,624 | INFO | Update  103 | Steps: 210,944 | Episodes:   103 | EpReward:   554.74 | FPS:     59 | Actor Loss: -0.0002 | Critic Loss: 0.0113
2026-05-10 02:28:02,624 | INFO |   Env | HO: 75.61% | Cont: 62.38% | Task: 78.51% | Resolved: 99.89% | Delay: 2.619s | Energy: 16721.34J | LB: 0.282
2026-05-10 02:28:02,624 | INFO |   Reward | D: 6148.29 | E: 4894.35 | Q: 3287.20 | H: 2095.61 | LB: -3.39 | Enq: 135.61 | Pen: -4223.90
2026-05-10 02:28:49,888 | INFO | Update  104 | Steps: 212,992 | Episodes:   104 | EpReward:   555.88 | FPS:     43 | Actor Loss: -0.0002 | Critic Loss: 0.0116
2026-05-10 02:28:49,888 | INFO |   Env | HO: 75.20% | Cont: 62.39% | Task: 79.13% | Resolved: 99.90% | Delay: 2.652s | Energy: 16936.87J | LB: 0.289
2026-05-10 02:28:49,888 | INFO |   Reward | D: 6125.72 | E: 4866.53 | Q: 3340.00 | H: 2033.59 | LB: -3.05 | Enq: 134.78 | Pen: -4191.58
2026-05-10 02:29:42,795 | INFO | Update  105 | Steps: 215,040 | Episodes:   105 | EpReward:   556.96 | FPS:     39 | Actor Loss: -0.0001 | Critic Loss: 0.0095
2026-05-10 02:29:42,795 | INFO |   Env | HO: 75.97% | Cont: 60.99% | Task: 79.35% | Resolved: 99.94% | Delay: 2.615s | Energy: 16732.43J | LB: 0.287
2026-05-10 02:29:42,795 | INFO |   Reward | D: 6163.18 | E: 4868.70 | Q: 3351.60 | H: 2208.41 | LB: -6.20 | Enq: 133.35 | Pen: -4300.49
2026-05-10 02:30:20,424 | INFO | Update  106 | Steps: 217,088 | Episodes:   106 | EpReward:   557.82 | FPS:     54 | Actor Loss: 0.0001 | Critic Loss: 0.0299
2026-05-10 02:30:20,424 | INFO |   Env | HO: 76.36% | Cont: 59.03% | Task: 78.14% | Resolved: 99.88% | Delay: 2.636s | Energy: 16743.04J | LB: 0.280
2026-05-10 02:30:20,424 | INFO |   Reward | D: 6073.20 | E: 4899.08 | Q: 3244.40 | H: 2380.19 | LB: -4.15 | Enq: 134.60 | Pen: -4591.65
2026-05-10 02:31:01,223 | INFO | Update  107 | Steps: 219,136 | Episodes:   107 | EpReward:   558.61 | FPS:     50 | Actor Loss: -0.0004 | Critic Loss: 0.0156
2026-05-10 02:31:01,223 | INFO |   Env | HO: 76.15% | Cont: 57.90% | Task: 77.92% | Resolved: 99.95% | Delay: 2.650s | Energy: 16603.09J | LB: 0.299
2026-05-10 02:31:01,223 | INFO |   Reward | D: 5974.70 | E: 4853.48 | Q: 3180.40 | H: 2414.29 | LB: -3.84 | Enq: 134.97 | Pen: -4628.25
2026-05-10 02:31:45,607 | INFO | Update  108 | Steps: 221,184 | Episodes:   108 | EpReward:   559.06 | FPS:     46 | Actor Loss: -0.0010 | Critic Loss: 0.0246
2026-05-10 02:31:45,610 | INFO |   Env | HO: 75.92% | Cont: 54.78% | Task: 77.83% | Resolved: 99.92% | Delay: 2.646s | Energy: 16640.27J | LB: 0.286
2026-05-10 02:31:45,610 | INFO |   Reward | D: 6014.78 | E: 4829.64 | Q: 3170.40 | H: 2609.47 | LB: -4.92 | Enq: 133.28 | Pen: -4965.52
2026-05-10 02:32:33,712 | INFO | Update  109 | Steps: 223,232 | Episodes:   109 | EpReward:   559.87 | FPS:     43 | Actor Loss: -0.0002 | Critic Loss: 0.0202
2026-05-10 02:32:33,716 | INFO |   Env | HO: 76.80% | Cont: 58.97% | Task: 79.43% | Resolved: 99.93% | Delay: 2.604s | Energy: 16605.55J | LB: 0.299
2026-05-10 02:32:33,716 | INFO |   Reward | D: 6175.83 | E: 4917.78 | Q: 3391.60 | H: 2393.86 | LB: -3.05 | Enq: 135.94 | Pen: -4462.62
2026-05-10 02:33:18,334 | INFO | Update  110 | Steps: 225,280 | Episodes:   110 | EpReward:   560.39 | FPS:     46 | Actor Loss: -0.0000 | Critic Loss: 0.0217
2026-05-10 02:33:18,334 | INFO |   Env | HO: 75.99% | Cont: 57.54% | Task: 78.60% | Resolved: 99.90% | Delay: 2.648s | Energy: 16962.16J | LB: 0.280
2026-05-10 02:33:18,334 | INFO |   Reward | D: 6060.64 | E: 4873.91 | Q: 3282.40 | H: 2429.72 | LB: -3.74 | Enq: 135.92 | Pen: -4646.16
2026-05-10 02:33:56,224 | INFO | Update  111 | Steps: 227,328 | Episodes:   111 | EpReward:   560.85 | FPS:     54 | Actor Loss: 0.0001 | Critic Loss: 0.0180
2026-05-10 02:33:56,225 | INFO |   Env | HO: 76.20% | Cont: 58.03% | Task: 78.53% | Resolved: 99.92% | Delay: 2.629s | Energy: 16863.86J | LB: 0.286
2026-05-10 02:33:56,225 | INFO |   Reward | D: 6187.89 | E: 4917.45 | Q: 3287.20 | H: 2436.91 | LB: -4.81 | Enq: 135.85 | Pen: -4667.75
2026-05-10 02:34:32,565 | INFO | Update  112 | Steps: 229,376 | Episodes:   112 | EpReward:   561.27 | FPS:     56 | Actor Loss: -0.0003 | Critic Loss: 0.0226
2026-05-10 02:34:32,566 | INFO |   Env | HO: 76.46% | Cont: 59.59% | Task: 79.14% | Resolved: 99.94% | Delay: 2.630s | Energy: 16749.60J | LB: 0.285
2026-05-10 02:34:32,566 | INFO |   Reward | D: 6063.96 | E: 4846.82 | Q: 3319.20 | H: 2332.31 | LB: -4.01 | Enq: 136.02 | Pen: -4403.05
2026-05-10 02:35:15,003 | INFO | Update  113 | Steps: 231,424 | Episodes:   113 | EpReward:   561.39 | FPS:     48 | Actor Loss: -0.0003 | Critic Loss: 0.0156
2026-05-10 02:35:15,003 | INFO |   Env | HO: 76.05% | Cont: 55.85% | Task: 78.57% | Resolved: 99.90% | Delay: 2.639s | Energy: 16112.00J | LB: 0.280
2026-05-10 02:35:15,004 | INFO |   Reward | D: 5984.58 | E: 4846.74 | Q: 3242.40 | H: 2566.23 | LB: -1.88 | Enq: 137.00 | Pen: -4824.28
2026-05-10 02:35:54,054 | INFO | Update  114 | Steps: 233,472 | Episodes:   114 | EpReward:   561.27 | FPS:     52 | Actor Loss: -0.0008 | Critic Loss: 0.0223
2026-05-10 02:35:54,054 | INFO |   Env | HO: 75.67% | Cont: 51.65% | Task: 77.05% | Resolved: 99.94% | Delay: 2.671s | Energy: 15892.26J | LB: 0.291
2026-05-10 02:35:54,054 | INFO |   Reward | D: 5843.31 | E: 4837.11 | Q: 3069.20 | H: 2816.22 | LB: -5.36 | Enq: 138.36 | Pen: -5318.39
2026-05-10 02:36:37,477 | INFO | Update  115 | Steps: 235,520 | Episodes:   115 | EpReward:   561.32 | FPS:     47 | Actor Loss: -0.0006 | Critic Loss: 0.0166
2026-05-10 02:36:37,481 | INFO |   Env | HO: 76.26% | Cont: 49.12% | Task: 77.30% | Resolved: 99.88% | Delay: 2.700s | Energy: 16242.27J | LB: 0.288
2026-05-10 02:36:37,481 | INFO |   Reward | D: 5866.04 | E: 4867.51 | Q: 3128.40 | H: 3055.41 | LB: -4.90 | Enq: 136.93 | Pen: -5584.78
2026-05-10 02:37:17,164 | INFO | Update  116 | Steps: 237,568 | Episodes:   116 | EpReward:   561.16 | FPS:     52 | Actor Loss: -0.0012 | Critic Loss: 0.0134
2026-05-10 02:37:17,164 | INFO |   Env | HO: 75.98% | Cont: 45.84% | Task: 76.01% | Resolved: 99.88% | Delay: 2.712s | Energy: 16012.79J | LB: 0.288
2026-05-10 02:37:17,164 | INFO |   Reward | D: 5799.03 | E: 4898.40 | Q: 2990.40 | H: 3282.32 | LB: -6.80 | Enq: 137.46 | Pen: -6044.07
2026-05-10 02:37:58,710 | INFO | Update  117 | Steps: 239,616 | Episodes:   117 | EpReward:   561.26 | FPS:     49 | Actor Loss: -0.0007 | Critic Loss: 0.0140
2026-05-10 02:37:58,710 | INFO |   Env | HO: 76.34% | Cont: 50.93% | Task: 77.44% | Resolved: 99.89% | Delay: 2.669s | Energy: 15839.02J | LB: 0.284
2026-05-10 02:37:58,710 | INFO |   Reward | D: 5994.56 | E: 4956.44 | Q: 3170.40 | H: 2947.79 | LB: -2.26 | Enq: 138.47 | Pen: -5473.45
2026-05-10 02:38:41,500 | INFO | Update  118 | Steps: 241,664 | Episodes:   118 | EpReward:   561.22 | FPS:     48 | Actor Loss: -0.0007 | Critic Loss: 0.0183
2026-05-10 02:38:41,500 | INFO |   Env | HO: 75.85% | Cont: 48.28% | Task: 76.92% | Resolved: 99.88% | Delay: 2.690s | Energy: 16068.21J | LB: 0.293
2026-05-10 02:38:41,500 | INFO |   Reward | D: 5914.25 | E: 4940.87 | Q: 3118.40 | H: 3127.85 | LB: -5.05 | Enq: 138.59 | Pen: -5831.08
2026-05-10 02:39:33,494 | INFO | Update  119 | Steps: 243,712 | Episodes:   119 | EpReward:   561.39 | FPS:     39 | Actor Loss: -0.0008 | Critic Loss: 0.0163
2026-05-10 02:39:33,495 | INFO |   Env | HO: 75.69% | Cont: 50.75% | Task: 77.18% | Resolved: 99.90% | Delay: 2.662s | Energy: 16011.76J | LB: 0.287
2026-05-10 02:39:33,495 | INFO |   Reward | D: 5962.84 | E: 4930.73 | Q: 3133.20 | H: 2920.50 | LB: -3.97 | Enq: 139.86 | Pen: -5508.52
2026-05-10 02:40:14,833 | INFO | Update  120 | Steps: 245,760 | Episodes:   120 | EpReward:   561.76 | FPS:     50 | Actor Loss: -0.0011 | Critic Loss: 0.0151
2026-05-10 02:40:14,838 | INFO |   Env | HO: 75.97% | Cont: 53.03% | Task: 77.39% | Resolved: 99.94% | Delay: 2.666s | Energy: 16253.52J | LB: 0.285
2026-05-10 02:40:14,838 | INFO |   Reward | D: 5967.94 | E: 4906.26 | Q: 3140.00 | H: 2787.72 | LB: -3.55 | Enq: 137.62 | Pen: -5265.33
2026-05-10 02:40:59,668 | INFO | Update  121 | Steps: 247,808 | Episodes:   121 | EpReward:   561.91 | FPS:     46 | Actor Loss: -0.0005 | Critic Loss: 0.0145
2026-05-10 02:40:59,668 | INFO |   Env | HO: 75.70% | Cont: 53.89% | Task: 77.17% | Resolved: 99.89% | Delay: 2.672s | Energy: 16545.71J | LB: 0.288
2026-05-10 02:40:59,672 | INFO |   Reward | D: 5951.01 | E: 4936.20 | Q: 3141.20 | H: 2712.21 | LB: -5.93 | Enq: 136.04 | Pen: -5211.51
2026-05-10 02:41:43,983 | INFO | Update  122 | Steps: 249,856 | Episodes:   122 | EpReward:   562.11 | FPS:     46 | Actor Loss: -0.0007 | Critic Loss: 0.0102
2026-05-10 02:41:43,983 | INFO |   Env | HO: 75.38% | Cont: 50.57% | Task: 77.93% | Resolved: 99.92% | Delay: 2.674s | Energy: 16380.14J | LB: 0.282
2026-05-10 02:41:43,983 | INFO |   Reward | D: 5972.53 | E: 4885.59 | Q: 3202.00 | H: 2906.10 | LB: -6.53 | Enq: 135.74 | Pen: -5518.88
2026-05-10 02:42:30,649 | INFO | Update  123 | Steps: 251,904 | Episodes:   123 | EpReward:   562.54 | FPS:     44 | Actor Loss: -0.0002 | Critic Loss: 0.0105
2026-05-10 02:42:30,649 | INFO |   Env | HO: 76.22% | Cont: 55.43% | Task: 78.53% | Resolved: 99.88% | Delay: 2.639s | Energy: 16282.72J | LB: 0.282
2026-05-10 02:42:30,649 | INFO |   Reward | D: 6015.73 | E: 4888.69 | Q: 3255.20 | H: 2638.80 | LB: -4.12 | Enq: 136.35 | Pen: -4948.53
2026-05-10 02:43:12,067 | INFO | Update  124 | Steps: 253,952 | Episodes:   124 | EpReward:   562.65 | FPS:     49 | Actor Loss: -0.0010 | Critic Loss: 0.0097
2026-05-10 02:43:12,067 | INFO |   Env | HO: 75.82% | Cont: 53.06% | Task: 76.91% | Resolved: 99.92% | Delay: 2.681s | Energy: 16304.92J | LB: 0.298
2026-05-10 02:43:12,067 | INFO |   Reward | D: 5904.01 | E: 4933.43 | Q: 3109.20 | H: 2766.35 | LB: -4.57 | Enq: 136.68 | Pen: -5271.38
2026-05-10 02:43:47,139 | INFO | Update  125 | Steps: 256,000 | Episodes:   125 | EpReward:   563.25 | FPS:     58 | Actor Loss: -0.0008 | Critic Loss: 0.0092
2026-05-10 02:43:47,139 | INFO |   Env | HO: 76.12% | Cont: 56.92% | Task: 78.68% | Resolved: 99.92% | Delay: 2.655s | Energy: 16281.11J | LB: 0.297
2026-05-10 02:43:47,139 | INFO |   Reward | D: 6036.44 | E: 4915.56 | Q: 3288.80 | H: 2527.14 | LB: -4.40 | Enq: 134.82 | Pen: -4822.66
2026-05-10 02:44:21,836 | INFO | Update  126 | Steps: 258,048 | Episodes:   126 | EpReward:   563.93 | FPS:     59 | Actor Loss: -0.0000 | Critic Loss: 0.0123
2026-05-10 02:44:21,836 | INFO |   Env | HO: 75.81% | Cont: 57.15% | Task: 78.31% | Resolved: 99.92% | Delay: 2.636s | Energy: 15846.99J | LB: 0.294
2026-05-10 02:44:21,836 | INFO |   Reward | D: 6048.81 | E: 4918.56 | Q: 3245.20 | H: 2484.27 | LB: -5.84 | Enq: 135.22 | Pen: -4783.68
2026-05-10 02:44:56,614 | INFO | Update  127 | Steps: 260,096 | Episodes:   127 | EpReward:   564.53 | FPS:     59 | Actor Loss: -0.0006 | Critic Loss: 0.0147
2026-05-10 02:44:56,615 | INFO |   Env | HO: 75.75% | Cont: 55.65% | Task: 77.80% | Resolved: 99.88% | Delay: 2.653s | Energy: 16954.83J | LB: 0.303
2026-05-10 02:44:56,615 | INFO |   Reward | D: 6163.62 | E: 5010.61 | Q: 3262.00 | H: 2577.26 | LB: -4.33 | Enq: 136.06 | Pen: -5026.64
2026-05-10 02:45:43,217 | INFO | Update  128 | Steps: 262,144 | Episodes:   128 | EpReward:   565.13 | FPS:     44 | Actor Loss: -0.0009 | Critic Loss: 0.0096
2026-05-10 02:45:43,217 | INFO |   Env | HO: 74.98% | Cont: 58.58% | Task: 78.19% | Resolved: 99.94% | Delay: 2.634s | Energy: 16283.47J | LB: 0.282
2026-05-10 02:45:43,217 | INFO |   Reward | D: 6011.36 | E: 4881.88 | Q: 3218.00 | H: 2314.89 | LB: -3.72 | Enq: 134.36 | Pen: -4636.45
2026-05-10 02:46:35,236 | INFO | Update  129 | Steps: 264,192 | Episodes:   129 | EpReward:   565.95 | FPS:     39 | Actor Loss: -0.0006 | Critic Loss: 0.0121
2026-05-10 02:46:35,236 | INFO |   Env | HO: 75.88% | Cont: 62.49% | Task: 79.80% | Resolved: 99.94% | Delay: 2.604s | Energy: 16164.04J | LB: 0.296
2026-05-10 02:46:35,236 | INFO |   Reward | D: 6063.59 | E: 4829.84 | Q: 3347.60 | H: 2118.51 | LB: -3.95 | Enq: 133.09 | Pen: -4138.80
2026-05-10 02:47:08,870 | INFO | Update  130 | Steps: 266,240 | Episodes:   130 | EpReward:   567.05 | FPS:     61 | Actor Loss: -0.0001 | Critic Loss: 0.0108
2026-05-10 02:47:08,870 | INFO |   Env | HO: 76.01% | Cont: 64.38% | Task: 80.05% | Resolved: 99.95% | Delay: 2.586s | Energy: 16210.33J | LB: 0.290
2026-05-10 02:47:08,870 | INFO |   Reward | D: 6207.91 | E: 4871.59 | Q: 3404.80 | H: 2029.36 | LB: -3.26 | Enq: 132.43 | Pen: -4022.59
2026-05-10 02:47:46,773 | INFO | Update  131 | Steps: 268,288 | Episodes:   131 | EpReward:   567.86 | FPS:     54 | Actor Loss: -0.0005 | Critic Loss: 0.0185
2026-05-10 02:47:46,777 | INFO |   Env | HO: 75.68% | Cont: 60.83% | Task: 79.15% | Resolved: 99.92% | Delay: 2.618s | Energy: 16599.13J | LB: 0.305
2026-05-10 02:47:46,777 | INFO |   Reward | D: 6162.93 | E: 4933.63 | Q: 3352.80 | H: 2253.51 | LB: -4.12 | Enq: 133.29 | Pen: -4436.59
2026-05-10 02:48:28,323 | INFO | Update  132 | Steps: 270,336 | Episodes:   132 | EpReward:   568.63 | FPS:     49 | Actor Loss: -0.0005 | Critic Loss: 0.0099
2026-05-10 02:48:28,327 | INFO |   Env | HO: 75.95% | Cont: 60.87% | Task: 79.54% | Resolved: 99.94% | Delay: 2.597s | Energy: 15674.57J | LB: 0.292
2026-05-10 02:48:28,327 | INFO |   Reward | D: 6093.10 | E: 4857.84 | Q: 3332.40 | H: 2241.49 | LB: -4.85 | Enq: 132.28 | Pen: -4372.05
2026-05-10 02:49:08,103 | INFO | Update  133 | Steps: 272,384 | Episodes:   133 | EpReward:   569.50 | FPS:     51 | Actor Loss: -0.0004 | Critic Loss: 0.0203
2026-05-10 02:49:08,104 | INFO |   Env | HO: 76.29% | Cont: 63.88% | Task: 79.48% | Resolved: 99.92% | Delay: 2.594s | Energy: 15992.59J | LB: 0.275
2026-05-10 02:49:08,104 | INFO |   Reward | D: 6190.02 | E: 4912.71 | Q: 3372.80 | H: 2065.16 | LB: -3.96 | Enq: 132.54 | Pen: -4083.46
2026-05-10 02:49:56,307 | INFO | Update  134 | Steps: 274,432 | Episodes:   134 | EpReward:   570.44 | FPS:     42 | Actor Loss: -0.0003 | Critic Loss: 0.0100
2026-05-10 02:49:56,307 | INFO |   Env | HO: 76.14% | Cont: 66.14% | Task: 80.32% | Resolved: 99.90% | Delay: 2.587s | Energy: 16321.13J | LB: 0.313
2026-05-10 02:49:56,307 | INFO |   Reward | D: 6320.03 | E: 4915.55 | Q: 3465.60 | H: 1901.48 | LB: -3.94 | Enq: 131.85 | Pen: -3821.30
2026-05-10 02:50:47,440 | INFO | Update  135 | Steps: 276,480 | Episodes:   135 | EpReward:   570.96 | FPS:     40 | Actor Loss: -0.0001 | Critic Loss: 0.0207
2026-05-10 02:50:47,441 | INFO |   Env | HO: 75.50% | Cont: 62.98% | Task: 79.61% | Resolved: 99.95% | Delay: 2.597s | Energy: 15517.88J | LB: 0.296
2026-05-10 02:50:47,441 | INFO |   Reward | D: 6015.53 | E: 4817.68 | Q: 3322.80 | H: 2044.51 | LB: -4.75 | Enq: 129.39 | Pen: -4124.92
2026-05-10 02:51:28,049 | INFO | Update  136 | Steps: 278,528 | Episodes:   136 | EpReward:   571.53 | FPS:     50 | Actor Loss: -0.0006 | Critic Loss: 0.0106
2026-05-10 02:51:28,052 | INFO |   Env | HO: 75.74% | Cont: 60.68% | Task: 79.17% | Resolved: 99.95% | Delay: 2.631s | Energy: 16346.48J | LB: 0.294
2026-05-10 02:51:28,052 | INFO |   Reward | D: 6164.59 | E: 4948.57 | Q: 3364.40 | H: 2237.02 | LB: -4.04 | Enq: 133.03 | Pen: -4462.00
2026-05-10 02:52:08,898 | INFO | Update  137 | Steps: 280,576 | Episodes:   137 | EpReward:   572.11 | FPS:     50 | Actor Loss: -0.0001 | Critic Loss: 0.0144
2026-05-10 02:52:08,899 | INFO |   Env | HO: 75.73% | Cont: 62.86% | Task: 79.57% | Resolved: 99.89% | Delay: 2.592s | Energy: 15865.71J | LB: 0.292
2026-05-10 02:52:08,899 | INFO |   Reward | D: 6134.79 | E: 4876.73 | Q: 3360.40 | H: 2093.06 | LB: -4.53 | Enq: 131.92 | Pen: -4163.74
2026-05-10 02:52:45,242 | INFO | Update  138 | Steps: 282,624 | Episodes:   138 | EpReward:   572.67 | FPS:     56 | Actor Loss: -0.0004 | Critic Loss: 0.0136
2026-05-10 02:52:45,242 | INFO |   Env | HO: 76.22% | Cont: 60.63% | Task: 79.07% | Resolved: 99.88% | Delay: 2.618s | Energy: 15699.32J | LB: 0.290
2026-05-10 02:52:45,242 | INFO |   Reward | D: 6045.26 | E: 4856.87 | Q: 3285.20 | H: 2262.30 | LB: -3.60 | Enq: 131.96 | Pen: -4388.70
2026-05-10 02:53:27,104 | INFO | Update  139 | Steps: 284,672 | Episodes:   139 | EpReward:   573.31 | FPS:     49 | Actor Loss: -0.0007 | Critic Loss: 0.0128
2026-05-10 02:53:27,104 | INFO |   Env | HO: 76.23% | Cont: 59.59% | Task: 79.51% | Resolved: 99.91% | Delay: 2.617s | Energy: 15917.80J | LB: 0.315
2026-05-10 02:53:27,104 | INFO |   Reward | D: 6026.79 | E: 4874.89 | Q: 3352.00 | H: 2344.54 | LB: -5.25 | Enq: 130.25 | Pen: -4512.45
2026-05-10 02:54:09,742 | INFO | Update  140 | Steps: 286,720 | Episodes:   140 | EpReward:   573.85 | FPS:     48 | Actor Loss: -0.0004 | Critic Loss: 0.0098
2026-05-10 02:54:09,742 | INFO |   Env | HO: 76.02% | Cont: 61.20% | Task: 78.94% | Resolved: 99.90% | Delay: 2.611s | Energy: 16087.79J | LB: 0.305
2026-05-10 02:54:09,742 | INFO |   Reward | D: 6161.27 | E: 4912.89 | Q: 3310.00 | H: 2220.23 | LB: -5.20 | Enq: 132.17 | Pen: -4363.99
2026-05-10 02:54:44,948 | INFO | Update  141 | Steps: 288,768 | Episodes:   141 | EpReward:   574.37 | FPS:     58 | Actor Loss: -0.0002 | Critic Loss: 0.0105
2026-05-10 02:54:44,948 | INFO |   Env | HO: 75.46% | Cont: 57.77% | Task: 78.76% | Resolved: 99.91% | Delay: 2.645s | Energy: 16255.56J | LB: 0.298
2026-05-10 02:54:44,948 | INFO |   Reward | D: 6065.59 | E: 4878.18 | Q: 3297.20 | H: 2412.07 | LB: -3.94 | Enq: 132.85 | Pen: -4742.19
2026-05-10 02:55:22,685 | INFO | Update  142 | Steps: 290,816 | Episodes:   142 | EpReward:   574.87 | FPS:     54 | Actor Loss: -0.0002 | Critic Loss: 0.0110
2026-05-10 02:55:22,688 | INFO |   Env | HO: 76.07% | Cont: 58.25% | Task: 78.55% | Resolved: 99.92% | Delay: 2.638s | Energy: 16069.21J | LB: 0.293
2026-05-10 02:55:22,688 | INFO |   Reward | D: 5969.61 | E: 4896.06 | Q: 3269.20 | H: 2399.23 | LB: -4.35 | Enq: 134.87 | Pen: -4623.79
2026-05-10 02:55:59,151 | INFO | Update  143 | Steps: 292,864 | Episodes:   143 | EpReward:   575.08 | FPS:     56 | Actor Loss: -0.0006 | Critic Loss: 0.0140
2026-05-10 02:55:59,151 | INFO |   Env | HO: 75.45% | Cont: 56.01% | Task: 77.48% | Resolved: 99.95% | Delay: 2.675s | Energy: 15866.39J | LB: 0.296
2026-05-10 02:55:59,151 | INFO |   Reward | D: 5831.84 | E: 4833.74 | Q: 3120.80 | H: 2476.44 | LB: -4.82 | Enq: 135.39 | Pen: -4829.14
2026-05-10 02:56:52,341 | INFO | Update  144 | Steps: 294,912 | Episodes:   144 | EpReward:   575.03 | FPS:     39 | Actor Loss: -0.0007 | Critic Loss: 0.0139
2026-05-10 02:56:52,341 | INFO |   Env | HO: 75.87% | Cont: 57.18% | Task: 78.05% | Resolved: 99.89% | Delay: 2.673s | Energy: 16076.69J | LB: 0.291
2026-05-10 02:56:52,342 | INFO |   Reward | D: 5923.38 | E: 4822.53 | Q: 3175.60 | H: 2424.76 | LB: -4.32 | Enq: 134.80 | Pen: -4691.52
2026-05-10 02:57:28,807 | INFO | Update  145 | Steps: 296,960 | Episodes:   145 | EpReward:   575.02 | FPS:     56 | Actor Loss: -0.0007 | Critic Loss: 0.0119
2026-05-10 02:57:28,807 | INFO |   Env | HO: 75.81% | Cont: 52.81% | Task: 76.55% | Resolved: 99.92% | Delay: 2.707s | Energy: 16454.20J | LB: 0.298
2026-05-10 02:57:28,807 | INFO |   Reward | D: 5828.22 | E: 4797.03 | Q: 3022.80 | H: 2722.25 | LB: -6.50 | Enq: 135.98 | Pen: -5181.58
2026-05-10 02:58:11,582 | INFO | Update  146 | Steps: 299,008 | Episodes:   146 | EpReward:   575.16 | FPS:     48 | Actor Loss: -0.0003 | Critic Loss: 0.0114
2026-05-10 02:58:11,586 | INFO |   Env | HO: 76.33% | Cont: 54.11% | Task: 77.77% | Resolved: 99.91% | Delay: 2.655s | Energy: 16300.15J | LB: 0.304
2026-05-10 02:58:11,587 | INFO |   Reward | D: 5982.98 | E: 4834.07 | Q: 3166.80 | H: 2696.96 | LB: -4.21 | Enq: 133.84 | Pen: -5052.79
2026-05-10 02:58:48,630 | INFO | Update  147 | Steps: 301,056 | Episodes:   147 | EpReward:   575.58 | FPS:     55 | Actor Loss: -0.0002 | Critic Loss: 0.0094
2026-05-10 02:58:48,630 | INFO |   Env | HO: 76.50% | Cont: 56.37% | Task: 77.81% | Resolved: 99.94% | Delay: 2.658s | Energy: 16571.83J | LB: 0.302
2026-05-10 02:58:48,630 | INFO |   Reward | D: 5992.07 | E: 4879.13 | Q: 3200.40 | H: 2555.61 | LB: -4.61 | Enq: 133.59 | Pen: -4837.54
2026-05-10 02:58:48,630 | INFO | ----------------------------------------
2026-05-10 02:58:48,630 | INFO | 开始评估...
2026-05-10 03:02:10,675 | INFO | 评估结果: 奖励 = 796.03 ± 4.82, 长度 = 2000, 时延 = 2.213s, 能耗 = 164793.72J, 负载均衡 = 0.490
2026-05-10 03:02:10,675 | INFO | 新的最佳模型 (effective latency score): score = 0.2731, delay = 2.213s, completion = 88.89%, continuity = 98.73%, load_balance = 0.490
2026-05-10 03:02:10,699 | INFO | 模型已保存: /home/pjpjq/LEO_switch/results/full_train_latency_priority_20260510_010757/best_model.pt
2026-05-10 03:02:10,699 | INFO | ----------------------------------------
2026-05-10 03:02:51,594 | INFO | Update  148 | Steps: 303,104 | Episodes:   148 | EpReward:   575.75 | FPS:     50 | Actor Loss: -0.0002 | Critic Loss: 0.0139
2026-05-10 03:02:51,594 | INFO |   Env | HO: 76.00% | Cont: 57.70% | Task: 77.68% | Resolved: 99.91% | Delay: 2.670s | Energy: 16810.16J | LB: 0.292
2026-05-10 03:02:51,595 | INFO |   Reward | D: 6068.94 | E: 4901.60 | Q: 3203.20 | H: 2401.67 | LB: -4.68 | Enq: 134.01 | Pen: -4720.31
2026-05-10 03:03:27,955 | INFO | Update  149 | Steps: 305,152 | Episodes:   149 | EpReward:   575.60 | FPS:     56 | Actor Loss: -0.0004 | Critic Loss: 0.0172
2026-05-10 03:03:27,955 | INFO |   Env | HO: 76.35% | Cont: 57.01% | Task: 78.26% | Resolved: 99.91% | Delay: 2.654s | Energy: 16603.05J | LB: 0.297
2026-05-10 03:03:27,955 | INFO |   Reward | D: 5987.20 | E: 4811.14 | Q: 3215.20 | H: 2506.32 | LB: -6.58 | Enq: 132.30 | Pen: -4751.08
2026-05-10 03:04:05,263 | INFO | Update  150 | Steps: 307,200 | Episodes:   150 | EpReward:   575.59 | FPS:     55 | Actor Loss: -0.0007 | Critic Loss: 0.0133
2026-05-10 03:04:05,263 | INFO |   Env | HO: 75.86% | Cont: 56.25% | Task: 77.50% | Resolved: 99.90% | Delay: 2.667s | Energy: 16395.94J | LB: 0.281
2026-05-10 03:04:05,263 | INFO |   Reward | D: 5921.88 | E: 4830.96 | Q: 3136.00 | H: 2502.55 | LB: -5.22 | Enq: 135.04 | Pen: -4839.50
2026-05-10 03:04:44,023 | INFO | Update  151 | Steps: 309,248 | Episodes:   151 | EpReward:   575.61 | FPS:     53 | Actor Loss: -0.0005 | Critic Loss: 0.0107
2026-05-10 03:04:44,023 | INFO |   Env | HO: 75.86% | Cont: 57.42% | Task: 77.50% | Resolved: 99.89% | Delay: 2.663s | Energy: 16726.10J | LB: 0.279
2026-05-10 03:04:44,023 | INFO |   Reward | D: 5933.02 | E: 4873.85 | Q: 3157.20 | H: 2429.68 | LB: -5.35 | Enq: 137.31 | Pen: -4710.48
2026-05-10 03:05:22,222 | INFO | Update  152 | Steps: 311,296 | Episodes:   152 | EpReward:   575.85 | FPS:     54 | Actor Loss: -0.0006 | Critic Loss: 0.0091
2026-05-10 03:05:22,222 | INFO |   Env | HO: 76.66% | Cont: 58.21% | Task: 79.01% | Resolved: 99.88% | Delay: 2.636s | Energy: 16927.38J | LB: 0.272
2026-05-10 03:05:22,223 | INFO |   Reward | D: 6096.50 | E: 4892.50 | Q: 3330.40 | H: 2428.53 | LB: -4.15 | Enq: 136.65 | Pen: -4564.23
2026-05-10 03:05:59,766 | INFO | Update  153 | Steps: 313,344 | Episodes:   153 | EpReward:   575.64 | FPS:     55 | Actor Loss: -0.0009 | Critic Loss: 0.0080
2026-05-10 03:05:59,766 | INFO |   Env | HO: 75.60% | Cont: 54.94% | Task: 77.49% | Resolved: 99.89% | Delay: 2.681s | Energy: 17184.55J | LB: 0.302
2026-05-10 03:05:59,766 | INFO |   Reward | D: 6020.55 | E: 4875.91 | Q: 3164.40 | H: 2595.75 | LB: -4.38 | Enq: 136.43 | Pen: -5045.29
2026-05-10 03:06:46,692 | INFO | Update  154 | Steps: 315,392 | Episodes:   154 | EpReward:   575.61 | FPS:     44 | Actor Loss: -0.0004 | Critic Loss: 0.0102
2026-05-10 03:06:46,692 | INFO |   Env | HO: 75.55% | Cont: 59.03% | Task: 78.77% | Resolved: 99.91% | Delay: 2.645s | Energy: 16980.00J | LB: 0.284
2026-05-10 03:06:46,692 | INFO |   Reward | D: 6066.31 | E: 4889.20 | Q: 3312.40 | H: 2308.52 | LB: -2.81 | Enq: 135.98 | Pen: -4545.46
2026-05-10 03:07:32,795 | INFO | Update  155 | Steps: 317,440 | Episodes:   155 | EpReward:   575.74 | FPS:     44 | Actor Loss: -0.0002 | Critic Loss: 0.0071
2026-05-10 03:07:32,795 | INFO |   Env | HO: 75.96% | Cont: 57.76% | Task: 78.47% | Resolved: 99.91% | Delay: 2.646s | Energy: 16702.44J | LB: 0.289
2026-05-10 03:07:32,795 | INFO |   Reward | D: 6035.68 | E: 4847.90 | Q: 3254.40 | H: 2424.34 | LB: -4.88 | Enq: 135.74 | Pen: -4630.98
2026-05-10 03:08:11,851 | INFO | Update  156 | Steps: 319,488 | Episodes:   156 | EpReward:   575.90 | FPS:     52 | Actor Loss: -0.0001 | Critic Loss: 0.0155
2026-05-10 03:08:11,851 | INFO |   Env | HO: 76.32% | Cont: 55.95% | Task: 78.31% | Resolved: 99.91% | Delay: 2.653s | Energy: 16909.81J | LB: 0.288
2026-05-10 03:08:11,851 | INFO |   Reward | D: 5988.93 | E: 4856.41 | Q: 3241.20 | H: 2570.27 | LB: -3.73 | Enq: 135.87 | Pen: -4822.26
2026-05-10 03:08:49,223 | INFO | Update  157 | Steps: 321,536 | Episodes:   157 | EpReward:   576.10 | FPS:     55 | Actor Loss: -0.0004 | Critic Loss: 0.0114
2026-05-10 03:08:49,224 | INFO |   Env | HO: 75.96% | Cont: 57.18% | Task: 77.61% | Resolved: 99.93% | Delay: 2.657s | Energy: 16836.87J | LB: 0.283
2026-05-10 03:08:49,224 | INFO |   Reward | D: 6053.12 | E: 4900.13 | Q: 3196.80 | H: 2447.38 | LB: -3.98 | Enq: 137.39 | Pen: -4730.05
2026-05-10 03:09:28,064 | INFO | Update  158 | Steps: 323,584 | Episodes:   158 | EpReward:   576.60 | FPS:     53 | Actor Loss: -0.0004 | Critic Loss: 0.0147
2026-05-10 03:09:28,065 | INFO |   Env | HO: 76.94% | Cont: 57.66% | Task: 78.63% | Resolved: 99.92% | Delay: 2.629s | Energy: 16617.74J | LB: 0.283
2026-05-10 03:09:28,065 | INFO |   Reward | D: 5934.77 | E: 4850.89 | Q: 3259.20 | H: 2480.59 | LB: -3.91 | Enq: 136.82 | Pen: -4556.99
2026-05-10 03:10:02,620 | INFO | Update  159 | Steps: 325,632 | Episodes:   159 | EpReward:   576.94 | FPS:     59 | Actor Loss: -0.0005 | Critic Loss: 0.0086
2026-05-10 03:10:02,620 | INFO |   Env | HO: 75.77% | Cont: 59.21% | Task: 78.79% | Resolved: 99.90% | Delay: 2.640s | Energy: 17002.97J | LB: 0.291
2026-05-10 03:10:02,620 | INFO |   Reward | D: 6131.69 | E: 4847.88 | Q: 3302.40 | H: 2299.76 | LB: -2.76 | Enq: 134.89 | Pen: -4469.83
2026-05-10 03:10:52,362 | INFO | Update  160 | Steps: 327,680 | Episodes:   160 | EpReward:   577.00 | FPS:     41 | Actor Loss: -0.0002 | Critic Loss: 0.0074
2026-05-10 03:10:52,363 | INFO |   Env | HO: 76.30% | Cont: 56.89% | Task: 78.12% | Resolved: 99.95% | Delay: 2.649s | Energy: 16715.63J | LB: 0.290
2026-05-10 03:10:52,363 | INFO |   Reward | D: 5973.38 | E: 4837.77 | Q: 3208.80 | H: 2499.89 | LB: -3.35 | Enq: 135.30 | Pen: -4758.09
2026-05-10 03:11:42,468 | INFO | Update  161 | Steps: 329,728 | Episodes:   161 | EpReward:   577.00 | FPS:     41 | Actor Loss: -0.0016 | Critic Loss: 0.0114
2026-05-10 03:11:42,468 | INFO |   Env | HO: 75.30% | Cont: 56.81% | Task: 77.72% | Resolved: 99.90% | Delay: 2.661s | Energy: 16719.30J | LB: 0.270
2026-05-10 03:11:42,468 | INFO |   Reward | D: 5967.36 | E: 4872.43 | Q: 3183.20 | H: 2443.74 | LB: -4.27 | Enq: 137.33 | Pen: -4830.61
2026-05-10 03:12:21,078 | INFO | Update  162 | Steps: 331,776 | Episodes:   162 | EpReward:   577.34 | FPS:     53 | Actor Loss: -0.0006 | Critic Loss: 0.0106
2026-05-10 03:12:21,079 | INFO |   Env | HO: 75.75% | Cont: 60.78% | Task: 79.23% | Resolved: 99.90% | Delay: 2.616s | Energy: 16652.01J | LB: 0.287
2026-05-10 03:12:21,079 | INFO |   Reward | D: 6159.91 | E: 4900.72 | Q: 3364.00 | H: 2175.85 | LB: -3.64 | Enq: 136.61 | Pen: -4280.54
2026-05-10 03:13:09,648 | INFO | Update  163 | Steps: 333,824 | Episodes:   163 | EpReward:   578.02 | FPS:     42 | Actor Loss: -0.0006 | Critic Loss: 0.0095
2026-05-10 03:13:09,649 | INFO |   Env | HO: 76.53% | Cont: 64.75% | Task: 78.94% | Resolved: 99.90% | Delay: 2.612s | Energy: 16713.24J | LB: 0.270
2026-05-10 03:13:09,649 | INFO |   Reward | D: 6076.29 | E: 4887.87 | Q: 3317.20 | H: 1973.25 | LB: -3.02 | Enq: 138.97 | Pen: -3866.14
2026-05-10 03:13:42,854 | INFO | Update  164 | Steps: 335,872 | Episodes:   164 | EpReward:   578.83 | FPS:     62 | Actor Loss: -0.0006 | Critic Loss: 0.0126
2026-05-10 03:13:42,855 | INFO |   Env | HO: 76.17% | Cont: 68.12% | Task: 80.47% | Resolved: 99.92% | Delay: 2.567s | Energy: 16526.05J | LB: 0.268
2026-05-10 03:13:42,855 | INFO |   Reward | D: 6284.84 | E: 4929.76 | Q: 3505.20 | H: 1725.87 | LB: -2.39 | Enq: 136.72 | Pen: -3545.04
2026-05-10 03:14:23,735 | INFO | Update  165 | Steps: 337,920 | Episodes:   165 | EpReward:   579.56 | FPS:     50 | Actor Loss: -0.0004 | Critic Loss: 0.0072
2026-05-10 03:14:23,735 | INFO |   Env | HO: 75.99% | Cont: 68.69% | Task: 80.49% | Resolved: 99.87% | Delay: 2.578s | Energy: 16517.31J | LB: 0.273
2026-05-10 03:14:23,735 | INFO |   Reward | D: 6307.54 | E: 4900.18 | Q: 3500.40 | H: 1669.59 | LB: -3.13 | Enq: 134.83 | Pen: -3444.93
2026-05-10 03:15:07,442 | INFO | Update  166 | Steps: 339,968 | Episodes:   166 | EpReward:   580.24 | FPS:     47 | Actor Loss: -0.0001 | Critic Loss: 0.0071
2026-05-10 03:15:07,442 | INFO |   Env | HO: 75.43% | Cont: 70.16% | Task: 80.88% | Resolved: 99.94% | Delay: 2.569s | Energy: 16476.25J | LB: 0.273
2026-05-10 03:15:07,442 | INFO |   Reward | D: 6293.87 | E: 4882.15 | Q: 3522.80 | H: 1572.43 | LB: -2.45 | Enq: 133.03 | Pen: -3360.62
2026-05-10 03:15:50,682 | INFO | Update  167 | Steps: 342,016 | Episodes:   167 | EpReward:   581.03 | FPS:     47 | Actor Loss: -0.0004 | Critic Loss: 0.0093
2026-05-10 03:15:50,682 | INFO |   Env | HO: 75.66% | Cont: 67.87% | Task: 79.97% | Resolved: 99.93% | Delay: 2.589s | Energy: 16453.08J | LB: 0.296
2026-05-10 03:15:50,682 | INFO |   Reward | D: 6274.25 | E: 4906.28 | Q: 3449.60 | H: 1714.40 | LB: -2.60 | Enq: 135.09 | Pen: -3551.01
2026-05-10 03:16:34,630 | INFO | Update  168 | Steps: 344,064 | Episodes:   168 | EpReward:   582.05 | FPS:     47 | Actor Loss: -0.0001 | Critic Loss: 0.0057
2026-05-10 03:16:34,630 | INFO |   Env | HO: 75.73% | Cont: 71.46% | Task: 80.46% | Resolved: 99.94% | Delay: 2.558s | Energy: 16475.67J | LB: 0.291
2026-05-10 03:16:34,630 | INFO |   Reward | D: 6346.46 | E: 4894.17 | Q: 3492.80 | H: 1517.82 | LB: -2.11 | Enq: 135.20 | Pen: -3232.60
2026-05-10 03:17:12,279 | INFO | Update  169 | Steps: 346,112 | Episodes:   169 | EpReward:   583.18 | FPS:     54 | Actor Loss: -0.0007 | Critic Loss: 0.0071
2026-05-10 03:17:12,280 | INFO |   Env | HO: 75.62% | Cont: 70.60% | Task: 80.68% | Resolved: 99.91% | Delay: 2.557s | Energy: 16599.85J | LB: 0.267
2026-05-10 03:17:12,280 | INFO |   Reward | D: 6399.11 | E: 4895.61 | Q: 3513.20 | H: 1539.38 | LB: -1.48 | Enq: 133.86 | Pen: -3284.72
2026-05-10 03:17:49,636 | INFO | Update  170 | Steps: 348,160 | Episodes:   170 | EpReward:   584.22 | FPS:     55 | Actor Loss: -0.0004 | Critic Loss: 0.0087
2026-05-10 03:17:49,636 | INFO |   Env | HO: 76.57% | Cont: 68.65% | Task: 80.47% | Resolved: 99.94% | Delay: 2.596s | Energy: 16792.97J | LB: 0.297
2026-05-10 03:17:49,636 | INFO |   Reward | D: 6257.28 | E: 4875.93 | Q: 3480.40 | H: 1730.02 | LB: -2.11 | Enq: 133.88 | Pen: -3515.22
2026-05-10 03:18:30,922 | INFO | Update  171 | Steps: 350,208 | Episodes:   171 | EpReward:   585.01 | FPS:     50 | Actor Loss: -0.0007 | Critic Loss: 0.0071
2026-05-10 03:18:30,922 | INFO |   Env | HO: 75.84% | Cont: 66.90% | Task: 79.41% | Resolved: 99.96% | Delay: 2.590s | Energy: 16030.21J | LB: 0.279
2026-05-10 03:18:30,922 | INFO |   Reward | D: 6207.35 | E: 4891.67 | Q: 3360.40 | H: 1788.64 | LB: -3.17 | Enq: 135.02 | Pen: -3685.76
2026-05-10 03:19:03,955 | INFO | Update  172 | Steps: 352,256 | Episodes:   172 | EpReward:   585.84 | FPS:     62 | Actor Loss: -0.0001 | Critic Loss: 0.0073
2026-05-10 03:19:03,955 | INFO |   Env | HO: 75.72% | Cont: 69.84% | Task: 80.35% | Resolved: 99.94% | Delay: 2.571s | Energy: 16479.16J | LB: 0.271
2026-05-10 03:19:03,955 | INFO |   Reward | D: 6367.19 | E: 4948.85 | Q: 3502.80 | H: 1611.71 | LB: -1.51 | Enq: 133.09 | Pen: -3448.36
2026-05-10 03:19:45,219 | INFO | Update  173 | Steps: 354,304 | Episodes:   173 | EpReward:   586.65 | FPS:     50 | Actor Loss: -0.0004 | Critic Loss: 0.0085
2026-05-10 03:19:45,219 | INFO |   Env | HO: 76.31% | Cont: 69.07% | Task: 79.89% | Resolved: 99.93% | Delay: 2.576s | Energy: 16580.61J | LB: 0.279
2026-05-10 03:19:45,219 | INFO |   Reward | D: 6245.15 | E: 4894.78 | Q: 3428.40 | H: 1674.96 | LB: -3.36 | Enq: 134.14 | Pen: -3462.49
2026-05-10 03:20:38,776 | INFO | Update  174 | Steps: 356,352 | Episodes:   174 | EpReward:   587.41 | FPS:     38 | Actor Loss: -0.0004 | Critic Loss: 0.0055
2026-05-10 03:20:38,776 | INFO |   Env | HO: 76.01% | Cont: 70.31% | Task: 80.11% | Resolved: 99.92% | Delay: 2.554s | Energy: 16262.07J | LB: 0.299
2026-05-10 03:20:38,776 | INFO |   Reward | D: 6288.76 | E: 4867.15 | Q: 3428.00 | H: 1585.99 | LB: -1.77 | Enq: 131.91 | Pen: -3351.78
2026-05-10 03:21:29,882 | INFO | Update  175 | Steps: 358,400 | Episodes:   175 | EpReward:   588.34 | FPS:     40 | Actor Loss: -0.0000 | Critic Loss: 0.0115
2026-05-10 03:21:29,882 | INFO |   Env | HO: 76.06% | Cont: 73.11% | Task: 80.98% | Resolved: 99.92% | Delay: 2.536s | Energy: 16062.94J | LB: 0.282
2026-05-10 03:21:29,882 | INFO |   Reward | D: 6323.50 | E: 4881.88 | Q: 3518.40 | H: 1426.88 | LB: -1.97 | Enq: 133.20 | Pen: -3062.69
2026-05-10 03:22:01,592 | INFO | Update  176 | Steps: 360,448 | Episodes:   176 | EpReward:   589.42 | FPS:     65 | Actor Loss: -0.0001 | Critic Loss: 0.0063
2026-05-10 03:22:01,594 | INFO |   Env | HO: 76.05% | Cont: 72.75% | Task: 81.98% | Resolved: 99.89% | Delay: 2.533s | Energy: 16501.31J | LB: 0.271
2026-05-10 03:22:01,594 | INFO |   Reward | D: 6466.82 | E: 4970.93 | Q: 3693.60 | H: 1446.06 | LB: -1.92 | Enq: 133.72 | Pen: -3089.58
2026-05-10 03:22:37,027 | INFO | Update  177 | Steps: 362,496 | Episodes:   177 | EpReward:   590.43 | FPS:     58 | Actor Loss: -0.0003 | Critic Loss: 0.0062
2026-05-10 03:22:37,027 | INFO |   Env | HO: 76.66% | Cont: 71.93% | Task: 81.27% | Resolved: 99.90% | Delay: 2.530s | Energy: 16326.62J | LB: 0.272
2026-05-10 03:22:37,027 | INFO |   Reward | D: 6490.37 | E: 4967.03 | Q: 3615.20 | H: 1496.47 | LB: -1.75 | Enq: 133.76 | Pen: -3172.02
2026-05-10 03:23:15,118 | INFO | Update  178 | Steps: 364,544 | Episodes:   178 | EpReward:   591.31 | FPS:     54 | Actor Loss: -0.0003 | Critic Loss: 0.0084
2026-05-10 03:23:15,118 | INFO |   Env | HO: 76.07% | Cont: 70.96% | Task: 81.43% | Resolved: 99.92% | Delay: 2.554s | Energy: 16219.29J | LB: 0.288
2026-05-10 03:23:15,118 | INFO |   Reward | D: 6397.73 | E: 4906.88 | Q: 3590.00 | H: 1546.35 | LB: -3.12 | Enq: 134.52 | Pen: -3260.50
2026-05-10 03:23:50,953 | INFO | Update  179 | Steps: 366,592 | Episodes:   179 | EpReward:   592.44 | FPS:     57 | Actor Loss: -0.0000 | Critic Loss: 0.0076
2026-05-10 03:23:50,953 | INFO |   Env | HO: 76.24% | Cont: 71.63% | Task: 81.66% | Resolved: 99.95% | Delay: 2.562s | Energy: 16204.57J | LB: 0.277
2026-05-10 03:23:50,953 | INFO |   Reward | D: 6365.26 | E: 4940.62 | Q: 3638.40 | H: 1543.01 | LB: -2.37 | Enq: 136.77 | Pen: -3196.66
2026-05-10 03:24:29,030 | INFO | Update  180 | Steps: 368,640 | Episodes:   180 | EpReward:   593.63 | FPS:     54 | Actor Loss: -0.0003 | Critic Loss: 0.0077
2026-05-10 03:24:29,031 | INFO |   Env | HO: 76.05% | Cont: 74.02% | Task: 81.93% | Resolved: 99.94% | Delay: 2.533s | Energy: 16320.61J | LB: 0.269
2026-05-10 03:24:29,031 | INFO |   Reward | D: 6447.03 | E: 4911.18 | Q: 3646.00 | H: 1365.32 | LB: -1.65 | Enq: 134.06 | Pen: -2950.40
2026-05-10 03:24:59,424 | INFO | Update  181 | Steps: 370,688 | Episodes:   181 | EpReward:   594.71 | FPS:     67 | Actor Loss: -0.0007 | Critic Loss: 0.0139
2026-05-10 03:24:59,425 | INFO |   Env | HO: 75.95% | Cont: 75.17% | Task: 81.95% | Resolved: 99.99% | Delay: 2.514s | Energy: 16119.00J | LB: 0.278
2026-05-10 03:24:59,425 | INFO |   Reward | D: 6426.25 | E: 4906.84 | Q: 3642.00 | H: 1280.90 | LB: -2.65 | Enq: 134.98 | Pen: -2811.78
2026-05-10 03:25:36,814 | INFO | Update  182 | Steps: 372,736 | Episodes:   182 | EpReward:   595.93 | FPS:     55 | Actor Loss: -0.0004 | Critic Loss: 0.0082
2026-05-10 03:25:36,814 | INFO |   Env | HO: 75.93% | Cont: 76.71% | Task: 82.17% | Resolved: 99.97% | Delay: 2.499s | Energy: 15913.17J | LB: 0.260
2026-05-10 03:25:36,814 | INFO |   Reward | D: 6546.48 | E: 4956.67 | Q: 3694.40 | H: 1194.46 | LB: -1.35 | Enq: 135.64 | Pen: -2654.19
2026-05-10 03:26:14,285 | INFO | Update  183 | Steps: 374,784 | Episodes:   183 | EpReward:   596.90 | FPS:     55 | Actor Loss: 0.0001 | Critic Loss: 0.0110
2026-05-10 03:26:14,285 | INFO |   Env | HO: 75.20% | Cont: 76.83% | Task: 81.83% | Resolved: 99.97% | Delay: 2.534s | Energy: 16151.25J | LB: 0.274
2026-05-10 03:26:14,285 | INFO |   Reward | D: 6453.50 | E: 4924.75 | Q: 3641.60 | H: 1154.96 | LB: -2.58 | Enq: 134.51 | Pen: -2667.79
2026-05-10 03:27:03,830 | INFO | Update  184 | Steps: 376,832 | Episodes:   184 | EpReward:   597.91 | FPS:     41 | Actor Loss: -0.0003 | Critic Loss: 0.0068
2026-05-10 03:27:03,831 | INFO |   Env | HO: 75.76% | Cont: 78.42% | Task: 82.11% | Resolved: 99.93% | Delay: 2.497s | Energy: 16364.01J | LB: 0.269
2026-05-10 03:27:03,831 | INFO |   Reward | D: 6579.78 | E: 4955.44 | Q: 3698.00 | H: 1077.53 | LB: -1.96 | Enq: 133.12 | Pen: -2560.84
2026-05-10 03:27:39,196 | INFO | Update  185 | Steps: 378,880 | Episodes:   185 | EpReward:   599.33 | FPS:     58 | Actor Loss: 0.0001 | Critic Loss: 0.0087
2026-05-10 03:27:39,196 | INFO |   Env | HO: 76.27% | Cont: 80.22% | Task: 83.56% | Resolved: 99.94% | Delay: 2.483s | Energy: 16162.37J | LB: 0.272
2026-05-10 03:27:39,196 | INFO |   Reward | D: 6607.06 | E: 4915.11 | Q: 3824.00 | H: 1014.74 | LB: -1.42 | Enq: 134.02 | Pen: -2314.06
2026-05-10 03:28:24,770 | INFO | Update  186 | Steps: 380,928 | Episodes:   186 | EpReward:   600.62 | FPS:     45 | Actor Loss: -0.0006 | Critic Loss: 0.0064
2026-05-10 03:28:24,770 | INFO |   Env | HO: 74.34% | Cont: 79.53% | Task: 82.71% | Resolved: 99.90% | Delay: 2.512s | Energy: 16220.68J | LB: 0.275
2026-05-10 03:28:24,770 | INFO |   Reward | D: 6499.58 | E: 4925.17 | Q: 3737.60 | H: 985.08 | LB: -2.20 | Enq: 133.44 | Pen: -2447.94
2026-05-10 03:29:01,739 | INFO | Update  187 | Steps: 382,976 | Episodes:   187 | EpReward:   602.25 | FPS:     55 | Actor Loss: -0.0002 | Critic Loss: 0.0085
2026-05-10 03:29:01,739 | INFO |   Env | HO: 75.59% | Cont: 80.73% | Task: 83.66% | Resolved: 99.97% | Delay: 2.492s | Energy: 16896.49J | LB: 0.278
2026-05-10 03:29:01,739 | INFO |   Reward | D: 6758.70 | E: 5006.14 | Q: 3906.00 | H: 970.83 | LB: -1.17 | Enq: 134.83 | Pen: -2332.59
2026-05-10 03:29:42,651 | INFO | Update  188 | Steps: 385,024 | Episodes:   188 | EpReward:   603.68 | FPS:     50 | Actor Loss: -0.0002 | Critic Loss: 0.0263
2026-05-10 03:29:42,652 | INFO |   Env | HO: 75.68% | Cont: 81.66% | Task: 83.42% | Resolved: 99.97% | Delay: 2.476s | Energy: 16425.66J | LB: 0.272
2026-05-10 03:29:42,652 | INFO |   Reward | D: 6640.37 | E: 4970.57 | Q: 3838.80 | H: 897.03 | LB: -1.62 | Enq: 133.10 | Pen: -2218.28
2026-05-10 03:30:27,555 | INFO | Update  189 | Steps: 387,072 | Episodes:   189 | EpReward:   605.16 | FPS:     46 | Actor Loss: -0.0005 | Critic Loss: 0.0097
2026-05-10 03:30:27,555 | INFO |   Env | HO: 75.50% | Cont: 82.22% | Task: 83.54% | Resolved: 99.96% | Delay: 2.476s | Energy: 16294.71J | LB: 0.251
2026-05-10 03:30:27,556 | INFO |   Reward | D: 6627.94 | E: 4919.81 | Q: 3818.00 | H: 867.80 | LB: -2.29 | Enq: 133.39 | Pen: -2131.54
2026-05-10 03:31:11,870 | INFO | Update  190 | Steps: 389,120 | Episodes:   190 | EpReward:   606.69 | FPS:     46 | Actor Loss: -0.0002 | Critic Loss: 0.0147
2026-05-10 03:31:11,870 | INFO |   Env | HO: 75.77% | Cont: 83.92% | Task: 83.92% | Resolved: 99.93% | Delay: 2.475s | Energy: 16799.41J | LB: 0.263
2026-05-10 03:31:11,870 | INFO |   Reward | D: 6700.74 | E: 4942.82 | Q: 3887.60 | H: 787.04 | LB: -0.96 | Enq: 133.43 | Pen: -1986.19
2026-05-10 03:31:50,306 | INFO | Update  191 | Steps: 391,168 | Episodes:   191 | EpReward:   608.55 | FPS:     53 | Actor Loss: -0.0002 | Critic Loss: 0.0145
2026-05-10 03:31:50,306 | INFO |   Env | HO: 74.11% | Cont: 83.55% | Task: 84.00% | Resolved: 99.97% | Delay: 2.474s | Energy: 16606.12J | LB: 0.265
2026-05-10 03:31:50,306 | INFO |   Reward | D: 6822.88 | E: 4990.97 | Q: 3936.80 | H: 763.71 | LB: -0.88 | Enq: 132.39 | Pen: -2077.21
2026-05-10 03:32:31,387 | INFO | Update  192 | Steps: 393,216 | Episodes:   192 | EpReward:   610.19 | FPS:     50 | Actor Loss: -0.0003 | Critic Loss: 0.0096
2026-05-10 03:32:31,390 | INFO |   Env | HO: 76.17% | Cont: 82.67% | Task: 83.43% | Resolved: 99.96% | Delay: 2.470s | Energy: 16714.45J | LB: 0.263
2026-05-10 03:32:31,390 | INFO |   Reward | D: 6703.44 | E: 4942.62 | Q: 3835.20 | H: 859.05 | LB: -2.54 | Enq: 133.34 | Pen: -2087.02
2026-05-10 03:33:07,592 | INFO | Update  193 | Steps: 395,264 | Episodes:   193 | EpReward:   611.60 | FPS:     57 | Actor Loss: -0.0004 | Critic Loss: 0.0114
2026-05-10 03:33:07,593 | INFO |   Env | HO: 75.71% | Cont: 83.42% | Task: 83.49% | Resolved: 99.96% | Delay: 2.457s | Energy: 16353.25J | LB: 0.295
2026-05-10 03:33:07,593 | INFO |   Reward | D: 6715.54 | E: 4958.67 | Q: 3846.40 | H: 803.70 | LB: -2.01 | Enq: 133.57 | Pen: -2045.48
2026-05-10 03:33:56,123 | INFO | Update  194 | Steps: 397,312 | Episodes:   194 | EpReward:   613.07 | FPS:     42 | Actor Loss: -0.0002 | Critic Loss: 0.0121
2026-05-10 03:33:56,124 | INFO |   Env | HO: 76.02% | Cont: 85.12% | Task: 84.09% | Resolved: 99.97% | Delay: 2.442s | Energy: 16833.26J | LB: 0.259
2026-05-10 03:33:56,124 | INFO |   Reward | D: 6829.16 | E: 4989.47 | Q: 3929.60 | H: 708.38 | LB: -1.15 | Enq: 133.46 | Pen: -1843.30
2026-05-10 03:34:35,832 | INFO | Update  195 | Steps: 399,360 | Episodes:   195 | EpReward:   614.37 | FPS:     52 | Actor Loss: -0.0004 | Critic Loss: 0.0125
2026-05-10 03:34:35,833 | INFO |   Env | HO: 75.95% | Cont: 85.02% | Task: 84.50% | Resolved: 99.96% | Delay: 2.454s | Energy: 16947.02J | LB: 0.262
2026-05-10 03:34:35,833 | INFO |   Reward | D: 6739.24 | E: 4928.98 | Q: 3935.60 | H: 729.78 | LB: -1.64 | Enq: 133.66 | Pen: -1865.84
2026-05-10 03:35:13,932 | INFO | Update  196 | Steps: 401,408 | Episodes:   196 | EpReward:   615.62 | FPS:     54 | Actor Loss: 0.0001 | Critic Loss: 0.0114
2026-05-10 03:35:13,932 | INFO |   Env | HO: 76.83% | Cont: 86.53% | Task: 85.44% | Resolved: 99.94% | Delay: 2.419s | Energy: 16754.09J | LB: 0.249
2026-05-10 03:35:13,932 | INFO |   Reward | D: 6795.99 | E: 4919.99 | Q: 4027.20 | H: 668.31 | LB: -1.15 | Enq: 133.26 | Pen: -1683.97
2026-05-10 03:35:13,932 | INFO | ----------------------------------------
2026-05-10 03:35:13,932 | INFO | 开始评估...
2026-05-10 03:38:34,858 | INFO | 评估结果: 奖励 = 796.76 ± 5.26, 长度 = 2000, 时延 = 2.230s, 能耗 = 172603.82J, 负载均衡 = 0.489
2026-05-10 03:38:34,866 | INFO | ----------------------------------------
2026-05-10 03:38:34,968 | INFO | 模型已保存: /home/pjpjq/LEO_switch/results/full_train_latency_priority_20260510_010757/checkpoint_401408.pt
2026-05-10 03:39:23,446 | INFO | Update  197 | Steps: 403,456 | Episodes:   197 | EpReward:   616.45 | FPS:     42 | Actor Loss: -0.0003 | Critic Loss: 0.0093
2026-05-10 03:39:23,446 | INFO |   Env | HO: 75.51% | Cont: 83.41% | Task: 83.70% | Resolved: 99.94% | Delay: 2.458s | Energy: 17112.67J | LB: 0.282
2026-05-10 03:39:23,446 | INFO |   Reward | D: 6717.01 | E: 4913.54 | Q: 3851.60 | H: 799.40 | LB: -1.33 | Enq: 132.83 | Pen: -2019.25
2026-05-10 03:40:00,092 | INFO | Update  198 | Steps: 405,504 | Episodes:   198 | EpReward:   617.41 | FPS:     56 | Actor Loss: -0.0001 | Critic Loss: 0.0094
2026-05-10 03:40:00,093 | INFO |   Env | HO: 75.58% | Cont: 85.57% | Task: 84.51% | Resolved: 99.98% | Delay: 2.443s | Energy: 16907.94J | LB: 0.254
2026-05-10 03:40:00,093 | INFO |   Reward | D: 6836.95 | E: 4986.48 | Q: 3974.40 | H: 702.96 | LB: -1.59 | Enq: 132.77 | Pen: -1868.45
2026-05-10 03:40:34,123 | INFO | Update  199 | Steps: 407,552 | Episodes:   199 | EpReward:   618.48 | FPS:     60 | Actor Loss: 0.0001 | Critic Loss: 0.0073
2026-05-10 03:40:34,124 | INFO |   Env | HO: 76.59% | Cont: 86.61% | Task: 84.69% | Resolved: 99.98% | Delay: 2.421s | Energy: 16705.10J | LB: 0.268
2026-05-10 03:40:34,124 | INFO |   Reward | D: 6916.38 | E: 4989.02 | Q: 3994.80 | H: 658.69 | LB: -0.85 | Enq: 134.20 | Pen: -1758.10
2026-05-10 03:41:23,654 | INFO | Update  200 | Steps: 409,600 | Episodes:   200 | EpReward:   619.55 | FPS:     41 | Actor Loss: -0.0001 | Critic Loss: 0.0086
2026-05-10 03:41:23,655 | INFO |   Env | HO: 75.33% | Cont: 86.62% | Task: 84.68% | Resolved: 99.99% | Delay: 2.433s | Energy: 16468.48J | LB: 0.261
2026-05-10 03:41:23,655 | INFO |   Reward | D: 6788.62 | E: 4896.46 | Q: 3921.60 | H: 643.42 | LB: -1.71 | Enq: 130.99 | Pen: -1750.74
2026-05-10 03:41:57,326 | INFO | Update  201 | Steps: 411,648 | Episodes:   201 | EpReward:   620.60 | FPS:     61 | Actor Loss: 0.0000 | Critic Loss: 0.0069
2026-05-10 03:41:57,326 | INFO |   Env | HO: 75.79% | Cont: 87.45% | Task: 84.67% | Resolved: 99.95% | Delay: 2.421s | Energy: 16788.25J | LB: 0.252
2026-05-10 03:41:57,326 | INFO |   Reward | D: 6827.20 | E: 4974.47 | Q: 3976.40 | H: 595.37 | LB: -0.45 | Enq: 134.00 | Pen: -1668.66
2026-05-10 03:42:30,320 | INFO | Update  202 | Steps: 413,696 | Episodes:   202 | EpReward:   621.51 | FPS:     62 | Actor Loss: -0.0002 | Critic Loss: 0.0101
2026-05-10 03:42:30,320 | INFO |   Env | HO: 74.55% | Cont: 87.28% | Task: 84.90% | Resolved: 99.98% | Delay: 2.423s | Energy: 16286.81J | LB: 0.250
2026-05-10 03:42:30,320 | INFO |   Reward | D: 6741.19 | E: 4900.13 | Q: 3941.60 | H: 586.25 | LB: -1.39 | Enq: 132.34 | Pen: -1663.55
2026-05-10 03:43:01,605 | INFO | Update  203 | Steps: 415,744 | Episodes:   203 | EpReward:   622.96 | FPS:     65 | Actor Loss: -0.0000 | Critic Loss: 0.0062
2026-05-10 03:43:01,605 | INFO |   Env | HO: 76.09% | Cont: 89.90% | Task: 85.65% | Resolved: 99.98% | Delay: 2.397s | Energy: 16822.61J | LB: 0.261
2026-05-10 03:43:01,605 | INFO |   Reward | D: 6992.32 | E: 5030.70 | Q: 4126.40 | H: 479.15 | LB: -0.71 | Enq: 135.23 | Pen: -1456.40
2026-05-10 03:43:37,962 | INFO | Update  204 | Steps: 417,792 | Episodes:   204 | EpReward:   624.36 | FPS:     56 | Actor Loss: 0.0000 | Critic Loss: 0.0103
2026-05-10 03:43:37,962 | INFO |   Env | HO: 75.51% | Cont: 89.06% | Task: 85.73% | Resolved: 99.97% | Delay: 2.408s | Energy: 16731.08J | LB: 0.252
2026-05-10 03:43:37,962 | INFO |   Reward | D: 6952.33 | E: 4986.46 | Q: 4104.80 | H: 506.12 | LB: -0.85 | Enq: 134.39 | Pen: -1492.83
2026-05-10 03:44:28,297 | INFO | Update  205 | Steps: 419,840 | Episodes:   205 | EpReward:   625.73 | FPS:     41 | Actor Loss: -0.0004 | Critic Loss: 0.0070
2026-05-10 03:44:28,302 | INFO |   Env | HO: 76.54% | Cont: 89.94% | Task: 85.75% | Resolved: 99.96% | Delay: 2.386s | Energy: 16506.57J | LB: 0.260
2026-05-10 03:44:28,302 | INFO |   Reward | D: 7002.93 | E: 5019.77 | Q: 4115.20 | H: 486.09 | LB: -0.89 | Enq: 132.96 | Pen: -1479.19
2026-05-10 03:45:01,441 | INFO | Update  206 | Steps: 421,888 | Episodes:   206 | EpReward:   627.16 | FPS:     62 | Actor Loss: 0.0002 | Critic Loss: 0.0096
2026-05-10 03:45:01,441 | INFO |   Env | HO: 75.11% | Cont: 89.20% | Task: 85.77% | Resolved: 99.97% | Delay: 2.415s | Energy: 16780.98J | LB: 0.254
2026-05-10 03:45:01,441 | INFO |   Reward | D: 6928.62 | E: 4961.56 | Q: 4086.40 | H: 505.42 | LB: -0.88 | Enq: 133.57 | Pen: -1517.98
2026-05-10 03:45:33,352 | INFO | Update  207 | Steps: 423,936 | Episodes:   207 | EpReward:   628.65 | FPS:     64 | Actor Loss: -0.0007 | Critic Loss: 0.0061
2026-05-10 03:45:33,353 | INFO |   Env | HO: 75.92% | Cont: 88.20% | Task: 85.57% | Resolved: 99.96% | Delay: 2.407s | Energy: 16942.92J | LB: 0.300
2026-05-10 03:45:33,353 | INFO |   Reward | D: 6901.56 | E: 4955.08 | Q: 4068.80 | H: 577.29 | LB: -1.33 | Enq: 132.37 | Pen: -1619.12
2026-05-10 03:46:08,862 | INFO | Update  208 | Steps: 425,984 | Episodes:   208 | EpReward:   630.30 | FPS:     58 | Actor Loss: -0.0002 | Critic Loss: 0.0175
2026-05-10 03:46:08,862 | INFO |   Env | HO: 75.68% | Cont: 89.88% | Task: 85.77% | Resolved: 99.96% | Delay: 2.389s | Energy: 17061.79J | LB: 0.283
2026-05-10 03:46:08,862 | INFO |   Reward | D: 6959.42 | E: 4953.13 | Q: 4085.20 | H: 475.69 | LB: -0.70 | Enq: 132.82 | Pen: -1429.78
2026-05-10 03:46:41,024 | INFO | Update  209 | Steps: 428,032 | Episodes:   209 | EpReward:   631.47 | FPS:     64 | Actor Loss: -0.0002 | Critic Loss: 0.0079
2026-05-10 03:46:41,024 | INFO |   Env | HO: 75.17% | Cont: 86.69% | Task: 84.64% | Resolved: 99.96% | Delay: 2.431s | Energy: 17543.31J | LB: 0.255
2026-05-10 03:46:41,024 | INFO |   Reward | D: 6935.99 | E: 4972.76 | Q: 4002.00 | H: 632.29 | LB: -0.79 | Enq: 134.54 | Pen: -1741.09
2026-05-10 03:47:21,834 | INFO | Update  210 | Steps: 430,080 | Episodes:   210 | EpReward:   632.84 | FPS:     50 | Actor Loss: 0.0000 | Critic Loss: 0.0097
2026-05-10 03:47:21,835 | INFO |   Env | HO: 75.48% | Cont: 87.79% | Task: 85.56% | Resolved: 99.97% | Delay: 2.405s | Energy: 16848.26J | LB: 0.263
2026-05-10 03:47:21,835 | INFO |   Reward | D: 6897.64 | E: 4939.67 | Q: 4052.00 | H: 579.59 | LB: -1.33 | Enq: 134.73 | Pen: -1574.00
2026-05-10 03:47:59,309 | INFO | Update  211 | Steps: 432,128 | Episodes:   211 | EpReward:   634.19 | FPS:     55 | Actor Loss: 0.0001 | Critic Loss: 0.0083
2026-05-10 03:47:59,313 | INFO |   Env | HO: 74.79% | Cont: 87.17% | Task: 85.10% | Resolved: 99.97% | Delay: 2.426s | Energy: 17156.18J | LB: 0.260
2026-05-10 03:47:59,313 | INFO |   Reward | D: 6972.98 | E: 5001.35 | Q: 4055.20 | H: 612.31 | LB: -0.71 | Enq: 133.87 | Pen: -1722.80
2026-05-10 03:48:30,969 | INFO | Update  212 | Steps: 434,176 | Episodes:   212 | EpReward:   635.40 | FPS:     65 | Actor Loss: -0.0001 | Critic Loss: 0.0141
2026-05-10 03:48:30,969 | INFO |   Env | HO: 75.43% | Cont: 85.81% | Task: 84.07% | Resolved: 99.95% | Delay: 2.434s | Energy: 16851.22J | LB: 0.278
2026-05-10 03:48:30,969 | INFO |   Reward | D: 6815.98 | E: 4984.75 | Q: 3933.60 | H: 674.43 | LB: -1.38 | Enq: 135.67 | Pen: -1808.22
2026-05-10 03:49:02,637 | INFO | Update  213 | Steps: 436,224 | Episodes:   213 | EpReward:   636.68 | FPS:     65 | Actor Loss: -0.0002 | Critic Loss: 0.0091
2026-05-10 03:49:02,637 | INFO |   Env | HO: 75.66% | Cont: 85.26% | Task: 84.39% | Resolved: 99.95% | Delay: 2.454s | Energy: 16691.21J | LB: 0.259
2026-05-10 03:49:02,637 | INFO |   Reward | D: 6757.95 | E: 4929.66 | Q: 3923.20 | H: 718.33 | LB: -1.02 | Enq: 133.31 | Pen: -1872.30
2026-05-10 03:49:53,050 | INFO | Update  214 | Steps: 438,272 | Episodes:   214 | EpReward:   638.32 | FPS:     41 | Actor Loss: -0.0000 | Critic Loss: 0.0096
2026-05-10 03:49:53,054 | INFO |   Env | HO: 75.64% | Cont: 84.80% | Task: 84.79% | Resolved: 99.99% | Delay: 2.452s | Energy: 16608.98J | LB: 0.252
2026-05-10 03:49:53,054 | INFO |   Reward | D: 6812.45 | E: 4965.64 | Q: 3985.60 | H: 745.68 | LB: -1.47 | Enq: 134.64 | Pen: -1911.18
2026-05-10 03:50:38,533 | INFO | Update  215 | Steps: 440,320 | Episodes:   215 | EpReward:   639.96 | FPS:     45 | Actor Loss: -0.0004 | Critic Loss: 0.0100
2026-05-10 03:50:38,538 | INFO |   Env | HO: 75.52% | Cont: 85.18% | Task: 84.68% | Resolved: 99.94% | Delay: 2.439s | Energy: 16534.73J | LB: 0.246
2026-05-10 03:50:38,538 | INFO |   Reward | D: 6856.73 | E: 5020.21 | Q: 4008.80 | H: 726.23 | LB: -0.88 | Enq: 136.41 | Pen: -1877.65
2026-05-10 03:51:13,640 | INFO | Update  216 | Steps: 442,368 | Episodes:   216 | EpReward:   641.80 | FPS:     58 | Actor Loss: -0.0002 | Critic Loss: 0.0090
2026-05-10 03:51:13,640 | INFO |   Env | HO: 75.85% | Cont: 85.33% | Task: 84.41% | Resolved: 99.97% | Delay: 2.443s | Energy: 16591.17J | LB: 0.256
2026-05-10 03:51:13,640 | INFO |   Reward | D: 6838.94 | E: 4995.15 | Q: 3970.00 | H: 710.72 | LB: -1.22 | Enq: 137.08 | Pen: -1842.03
2026-05-10 03:51:48,401 | INFO | Update  217 | Steps: 444,416 | Episodes:   217 | EpReward:   643.18 | FPS:     59 | Actor Loss: -0.0002 | Critic Loss: 0.0116
2026-05-10 03:51:48,401 | INFO |   Env | HO: 77.35% | Cont: 86.23% | Task: 84.69% | Resolved: 99.94% | Delay: 2.419s | Energy: 16016.04J | LB: 0.269
2026-05-10 03:51:48,401 | INFO |   Reward | D: 6665.74 | E: 4884.19 | Q: 3900.40 | H: 676.57 | LB: -1.54 | Enq: 135.56 | Pen: -1678.39
2026-05-10 03:52:31,914 | INFO | Update  218 | Steps: 446,464 | Episodes:   218 | EpReward:   644.95 | FPS:     47 | Actor Loss: -0.0000 | Critic Loss: 0.0093
2026-05-10 03:52:31,914 | INFO |   Env | HO: 75.61% | Cont: 87.72% | Task: 85.41% | Resolved: 99.94% | Delay: 2.418s | Energy: 16524.40J | LB: 0.247
2026-05-10 03:52:31,914 | INFO |   Reward | D: 6855.29 | E: 4984.22 | Q: 4050.80 | H: 585.70 | LB: -0.99 | Enq: 137.49 | Pen: -1586.48
2026-05-10 03:53:12,717 | INFO | Update  219 | Steps: 448,512 | Episodes:   219 | EpReward:   646.54 | FPS:     50 | Actor Loss: 0.0000 | Critic Loss: 0.0093
2026-05-10 03:53:12,718 | INFO |   Env | HO: 75.22% | Cont: 86.74% | Task: 84.67% | Resolved: 99.97% | Delay: 2.416s | Energy: 16042.16J | LB: 0.277
2026-05-10 03:53:12,718 | INFO |   Reward | D: 6812.32 | E: 5020.31 | Q: 3993.20 | H: 633.72 | LB: -0.52 | Enq: 137.05 | Pen: -1720.13
2026-05-10 03:54:01,730 | INFO | Update  220 | Steps: 450,560 | Episodes:   220 | EpReward:   648.22 | FPS:     42 | Actor Loss: -0.0002 | Critic Loss: 0.0060
2026-05-10 03:54:01,730 | INFO |   Env | HO: 75.81% | Cont: 88.14% | Task: 85.02% | Resolved: 99.98% | Delay: 2.411s | Energy: 16311.63J | LB: 0.244
2026-05-10 03:54:01,730 | INFO |   Reward | D: 6906.42 | E: 5037.13 | Q: 4044.80 | H: 572.81 | LB: -0.79 | Enq: 137.36 | Pen: -1603.35
2026-05-10 03:54:35,911 | INFO | Update  221 | Steps: 452,608 | Episodes:   221 | EpReward:   649.84 | FPS:     60 | Actor Loss: -0.0004 | Critic Loss: 0.0075
2026-05-10 03:54:35,911 | INFO |   Env | HO: 75.52% | Cont: 88.01% | Task: 84.71% | Resolved: 99.97% | Delay: 2.430s | Energy: 16762.38J | LB: 0.246
2026-05-10 03:54:35,911 | INFO |   Reward | D: 6892.46 | E: 4983.93 | Q: 3995.60 | H: 569.67 | LB: -0.43 | Enq: 135.06 | Pen: -1610.80
2026-05-10 03:55:18,220 | INFO | Update  222 | Steps: 454,656 | Episodes:   222 | EpReward:   651.53 | FPS:     48 | Actor Loss: 0.0001 | Critic Loss: 0.0056
2026-05-10 03:55:18,221 | INFO |   Env | HO: 76.43% | Cont: 86.72% | Task: 85.13% | Resolved: 99.95% | Delay: 2.433s | Energy: 17035.22J | LB: 0.253
2026-05-10 03:55:18,221 | INFO |   Reward | D: 6928.78 | E: 4972.99 | Q: 4048.00 | H: 648.34 | LB: -1.10 | Enq: 133.41 | Pen: -1697.94
2026-05-10 03:55:50,269 | INFO | Update  223 | Steps: 456,704 | Episodes:   223 | EpReward:   652.90 | FPS:     64 | Actor Loss: -0.0001 | Critic Loss: 0.0075
2026-05-10 03:55:50,269 | INFO |   Env | HO: 74.23% | Cont: 85.74% | Task: 84.21% | Resolved: 99.98% | Delay: 2.441s | Energy: 16692.95J | LB: 0.254
2026-05-10 03:55:50,269 | INFO |   Reward | D: 6849.97 | E: 4987.88 | Q: 3946.40 | H: 651.29 | LB: -1.03 | Enq: 137.61 | Pen: -1795.38
2026-05-10 03:56:22,521 | INFO | Update  224 | Steps: 458,752 | Episodes:   224 | EpReward:   654.45 | FPS:     64 | Actor Loss: -0.0002 | Critic Loss: 0.0075
2026-05-10 03:56:22,521 | INFO |   Env | HO: 75.60% | Cont: 85.56% | Task: 84.56% | Resolved: 99.97% | Delay: 2.432s | Energy: 16615.57J | LB: 0.270
2026-05-10 03:56:22,521 | INFO |   Reward | D: 6752.37 | E: 4993.78 | Q: 3969.20 | H: 711.87 | LB: -1.44 | Enq: 138.40 | Pen: -1816.48
2026-05-10 03:56:54,562 | INFO | Update  225 | Steps: 460,800 | Episodes:   225 | EpReward:   655.66 | FPS:     64 | Actor Loss: -0.0003 | Critic Loss: 0.0069
2026-05-10 03:56:54,562 | INFO |   Env | HO: 75.53% | Cont: 83.81% | Task: 84.08% | Resolved: 99.97% | Delay: 2.451s | Energy: 17012.77J | LB: 0.270
2026-05-10 03:56:54,562 | INFO |   Reward | D: 6757.18 | E: 4947.53 | Q: 3907.60 | H: 803.20 | LB: -0.74 | Enq: 135.70 | Pen: -1996.15
2026-05-10 03:57:24,495 | INFO | Update  226 | Steps: 462,848 | Episodes:   226 | EpReward:   656.96 | FPS:     68 | Actor Loss: -0.0001 | Critic Loss: 0.0055
2026-05-10 03:57:24,502 | INFO |   Env | HO: 76.10% | Cont: 83.33% | Task: 84.40% | Resolved: 99.92% | Delay: 2.455s | Energy: 16910.35J | LB: 0.264
2026-05-10 03:57:24,502 | INFO |   Reward | D: 6822.01 | E: 4978.89 | Q: 3958.00 | H: 838.98 | LB: -0.88 | Enq: 137.09 | Pen: -2021.47
2026-05-10 03:58:10,259 | INFO | Update  227 | Steps: 464,896 | Episodes:   227 | EpReward:   658.32 | FPS:     45 | Actor Loss: -0.0003 | Critic Loss: 0.0062
2026-05-10 03:58:10,259 | INFO |   Env | HO: 75.02% | Cont: 85.81% | Task: 84.68% | Resolved: 100.00% | Delay: 2.439s | Energy: 17079.23J | LB: 0.278
2026-05-10 03:58:10,260 | INFO |   Reward | D: 6848.47 | E: 4995.63 | Q: 4008.40 | H: 671.17 | LB: -0.46 | Enq: 137.57 | Pen: -1777.84
2026-05-10 03:58:45,891 | INFO | Update  228 | Steps: 466,944 | Episodes:   228 | EpReward:   659.78 | FPS:     57 | Actor Loss: -0.0001 | Critic Loss: 0.0059
2026-05-10 03:58:45,891 | INFO |   Env | HO: 76.46% | Cont: 86.94% | Task: 84.90% | Resolved: 99.94% | Delay: 2.434s | Energy: 17231.14J | LB: 0.262
2026-05-10 03:58:45,891 | INFO |   Reward | D: 6873.72 | E: 4969.23 | Q: 4008.40 | H: 651.33 | LB: -1.08 | Enq: 135.47 | Pen: -1714.97
2026-05-10 03:59:19,095 | INFO | Update  229 | Steps: 468,992 | Episodes:   229 | EpReward:   661.11 | FPS:     62 | Actor Loss: -0.0002 | Critic Loss: 0.0078
2026-05-10 03:59:19,096 | INFO |   Env | HO: 77.08% | Cont: 86.95% | Task: 85.80% | Resolved: 99.94% | Delay: 2.421s | Energy: 16865.72J | LB: 0.251
2026-05-10 03:59:19,096 | INFO |   Reward | D: 6901.78 | E: 4978.20 | Q: 4101.60 | H: 659.60 | LB: -1.40 | Enq: 134.18 | Pen: -1663.68
2026-05-10 04:00:00,737 | INFO | Update  230 | Steps: 471,040 | Episodes:   230 | EpReward:   662.19 | FPS:     49 | Actor Loss: -0.0001 | Critic Loss: 0.0063
2026-05-10 04:00:00,737 | INFO |   Env | HO: 74.98% | Cont: 87.05% | Task: 84.77% | Resolved: 99.94% | Delay: 2.440s | Energy: 16643.23J | LB: 0.251
2026-05-10 04:00:00,737 | INFO |   Reward | D: 6842.26 | E: 4979.87 | Q: 4002.00 | H: 601.80 | LB: -1.12 | Enq: 134.29 | Pen: -1690.20
2026-05-10 04:00:33,501 | INFO | Update  231 | Steps: 473,088 | Episodes:   231 | EpReward:   663.44 | FPS:     63 | Actor Loss: 0.0001 | Critic Loss: 0.0148
2026-05-10 04:00:33,501 | INFO |   Env | HO: 76.58% | Cont: 86.12% | Task: 84.69% | Resolved: 99.97% | Delay: 2.438s | Energy: 16682.54J | LB: 0.252
2026-05-10 04:00:33,501 | INFO |   Reward | D: 6872.22 | E: 5023.10 | Q: 4025.20 | H: 680.97 | LB: -0.60 | Enq: 135.39 | Pen: -1771.47
2026-05-10 04:01:19,691 | INFO | Update  232 | Steps: 475,136 | Episodes:   232 | EpReward:   664.60 | FPS:     44 | Actor Loss: -0.0000 | Critic Loss: 0.0083
2026-05-10 04:01:19,691 | INFO |   Env | HO: 75.62% | Cont: 84.83% | Task: 84.38% | Resolved: 99.94% | Delay: 2.457s | Energy: 16173.83J | LB: 0.268
2026-05-10 04:01:19,691 | INFO |   Reward | D: 6757.98 | E: 4948.65 | Q: 3919.60 | H: 735.57 | LB: -1.24 | Enq: 134.05 | Pen: -1877.52
2026-05-10 04:01:53,039 | INFO | Update  233 | Steps: 477,184 | Episodes:   233 | EpReward:   665.74 | FPS:     61 | Actor Loss: -0.0002 | Critic Loss: 0.0103
2026-05-10 04:01:53,040 | INFO |   Env | HO: 75.99% | Cont: 86.01% | Task: 84.50% | Resolved: 99.97% | Delay: 2.437s | Energy: 16540.93J | LB: 0.260
2026-05-10 04:01:53,040 | INFO |   Reward | D: 6898.21 | E: 5023.56 | Q: 4001.20 | H: 687.33 | LB: -1.17 | Enq: 132.31 | Pen: -1866.81
2026-05-10 04:02:27,788 | INFO | Update  234 | Steps: 479,232 | Episodes:   234 | EpReward:   666.60 | FPS:     59 | Actor Loss: -0.0001 | Critic Loss: 0.0060
2026-05-10 04:02:27,788 | INFO |   Env | HO: 76.67% | Cont: 84.65% | Task: 84.57% | Resolved: 99.97% | Delay: 2.436s | Energy: 16036.99J | LB: 0.261
2026-05-10 04:02:27,788 | INFO |   Reward | D: 6779.58 | E: 4951.32 | Q: 3933.20 | H: 764.42 | LB: -1.08 | Enq: 133.01 | Pen: -1881.58
2026-05-10 04:03:01,268 | INFO | Update  235 | Steps: 481,280 | Episodes:   235 | EpReward:   667.70 | FPS:     61 | Actor Loss: -0.0004 | Critic Loss: 0.0077
2026-05-10 04:03:01,268 | INFO |   Env | HO: 76.00% | Cont: 83.14% | Task: 83.89% | Resolved: 99.96% | Delay: 2.469s | Energy: 16463.31J | LB: 0.284
2026-05-10 04:03:01,268 | INFO |   Reward | D: 6745.43 | E: 4958.27 | Q: 3882.40 | H: 847.16 | LB: -1.33 | Enq: 129.86 | Pen: -2125.63
2026-05-10 04:03:42,878 | INFO | Update  236 | Steps: 483,328 | Episodes:   236 | EpReward:   668.80 | FPS:     49 | Actor Loss: 0.0001 | Critic Loss: 0.0058
2026-05-10 04:03:42,878 | INFO |   Env | HO: 76.14% | Cont: 84.58% | Task: 84.70% | Resolved: 99.92% | Delay: 2.443s | Energy: 16224.76J | LB: 0.272
2026-05-10 04:03:42,878 | INFO |   Reward | D: 6762.84 | E: 4949.41 | Q: 3948.40 | H: 779.58 | LB: -1.80 | Enq: 130.82 | Pen: -1976.21
2026-05-10 04:04:28,977 | INFO | Update  237 | Steps: 485,376 | Episodes:   237 | EpReward:   669.88 | FPS:     44 | Actor Loss: 0.0000 | Critic Loss: 0.0052
2026-05-10 04:04:28,977 | INFO |   Env | HO: 75.03% | Cont: 84.69% | Task: 84.61% | Resolved: 99.97% | Delay: 2.445s | Energy: 16177.21J | LB: 0.258
2026-05-10 04:04:28,977 | INFO |   Reward | D: 6815.97 | E: 4980.11 | Q: 3961.60 | H: 741.13 | LB: -1.40 | Enq: 132.67 | Pen: -1968.65
2026-05-10 04:05:06,264 | INFO | Update  238 | Steps: 487,424 | Episodes:   238 | EpReward:   671.17 | FPS:     55 | Actor Loss: 0.0001 | Critic Loss: 0.0083
2026-05-10 04:05:06,264 | INFO |   Env | HO: 76.11% | Cont: 84.97% | Task: 85.36% | Resolved: 99.97% | Delay: 2.433s | Energy: 16370.45J | LB: 0.271
2026-05-10 04:05:06,264 | INFO |   Reward | D: 6833.61 | E: 4967.98 | Q: 4038.00 | H: 756.76 | LB: -1.47 | Enq: 130.45 | Pen: -1921.44
2026-05-10 04:05:47,290 | INFO | Update  239 | Steps: 489,472 | Episodes:   239 | EpReward:   672.29 | FPS:     50 | Actor Loss: -0.0007 | Critic Loss: 0.0053
2026-05-10 04:05:47,290 | INFO |   Env | HO: 75.78% | Cont: 83.77% | Task: 84.18% | Resolved: 99.94% | Delay: 2.452s | Energy: 16532.38J | LB: 0.270
2026-05-10 04:05:47,290 | INFO |   Reward | D: 6779.89 | E: 4955.90 | Q: 3912.00 | H: 809.35 | LB: -1.85 | Enq: 131.86 | Pen: -2028.64
2026-05-10 04:06:26,291 | INFO | Update  240 | Steps: 491,520 | Episodes:   240 | EpReward:   673.19 | FPS:     53 | Actor Loss: 0.0000 | Critic Loss: 0.0067
2026-05-10 04:06:26,291 | INFO |   Env | HO: 75.13% | Cont: 83.26% | Task: 83.63% | Resolved: 99.97% | Delay: 2.459s | Energy: 16099.60J | LB: 0.264
2026-05-10 04:06:26,291 | INFO |   Reward | D: 6585.71 | E: 4907.28 | Q: 3811.60 | H: 785.96 | LB: -1.56 | Enq: 133.40 | Pen: -1986.97
2026-05-10 04:06:58,817 | INFO | Update  241 | Steps: 493,568 | Episodes:   241 | EpReward:   674.42 | FPS:     63 | Actor Loss: -0.0006 | Critic Loss: 0.0085
2026-05-10 04:06:58,818 | INFO |   Env | HO: 75.90% | Cont: 83.02% | Task: 84.44% | Resolved: 99.93% | Delay: 2.453s | Energy: 16026.93J | LB: 0.270
2026-05-10 04:06:58,818 | INFO |   Reward | D: 6760.28 | E: 4965.32 | Q: 3938.80 | H: 829.42 | LB: -0.85 | Enq: 133.78 | Pen: -2054.83
2026-05-10 04:07:34,455 | INFO | Update  242 | Steps: 495,616 | Episodes:   242 | EpReward:   675.59 | FPS:     57 | Actor Loss: -0.0001 | Critic Loss: 0.0061
2026-05-10 04:07:34,455 | INFO |   Env | HO: 76.19% | Cont: 84.15% | Task: 83.65% | Resolved: 99.96% | Delay: 2.457s | Energy: 16196.72J | LB: 0.272
2026-05-10 04:07:34,456 | INFO |   Reward | D: 6701.72 | E: 4937.33 | Q: 3839.60 | H: 769.54 | LB: -0.70 | Enq: 132.07 | Pen: -1937.93
2026-05-10 04:08:08,807 | INFO | Update  243 | Steps: 497,664 | Episodes:   243 | EpReward:   676.92 | FPS:     60 | Actor Loss: -0.0001 | Critic Loss: 0.0056
2026-05-10 04:08:08,807 | INFO |   Env | HO: 75.93% | Cont: 84.17% | Task: 83.75% | Resolved: 99.94% | Delay: 2.458s | Energy: 15621.18J | LB: 0.270
2026-05-10 04:08:08,807 | INFO |   Reward | D: 6633.99 | E: 4886.83 | Q: 3808.80 | H: 759.31 | LB: -0.45 | Enq: 131.64 | Pen: -1916.51
2026-05-10 04:08:46,328 | INFO | Update  244 | Steps: 499,712 | Episodes:   244 | EpReward:   678.23 | FPS:     55 | Actor Loss: -0.0003 | Critic Loss: 0.0114
2026-05-10 04:08:46,328 | INFO |   Env | HO: 76.06% | Cont: 84.98% | Task: 83.84% | Resolved: 99.95% | Delay: 2.444s | Energy: 16210.95J | LB: 0.265
2026-05-10 04:08:46,328 | INFO |   Reward | D: 6752.20 | E: 4971.16 | Q: 3883.60 | H: 724.00 | LB: -1.01 | Enq: 131.77 | Pen: -1921.17
2026-05-10 04:09:19,832 | INFO | Update  245 | Steps: 501,760 | Episodes:   245 | EpReward:   679.97 | FPS:     61 | Actor Loss: -0.0003 | Critic Loss: 0.0060
2026-05-10 04:09:19,832 | INFO |   Env | HO: 76.05% | Cont: 85.93% | Task: 84.68% | Resolved: 99.94% | Delay: 2.435s | Energy: 16194.29J | LB: 0.260
2026-05-10 04:09:19,832 | INFO |   Reward | D: 6859.22 | E: 5013.44 | Q: 4000.00 | H: 668.26 | LB: -0.92 | Enq: 133.42 | Pen: -1795.48
2026-05-10 04:09:19,832 | INFO | ----------------------------------------
2026-05-10 04:09:19,832 | INFO | 开始评估...
2026-05-10 04:12:11,122 | INFO | 评估结果: 奖励 = 802.45 ± 7.68, 长度 = 2000, 时延 = 2.214s, 能耗 = 167484.87J, 负载均衡 = 0.488
2026-05-10 04:12:11,126 | INFO | 新的最佳模型 (effective latency score): score = 0.2734, delay = 2.214s, completion = 89.02%, continuity = 98.75%, load_balance = 0.488
2026-05-10 04:12:11,151 | INFO | 模型已保存: /home/pjpjq/LEO_switch/results/full_train_latency_priority_20260510_010757/best_model.pt
2026-05-10 04:12:11,151 | INFO | 新的最佳奖励: 802.45
2026-05-10 04:12:11,152 | INFO | ----------------------------------------
2026-05-10 04:12:41,455 | INFO | Update  246 | Steps: 503,808 | Episodes:   246 | EpReward:   681.43 | FPS:     68 | Actor Loss: -0.0004 | Critic Loss: 0.0063
2026-05-10 04:12:41,455 | INFO |   Env | HO: 76.28% | Cont: 87.44% | Task: 84.73% | Resolved: 99.94% | Delay: 2.423s | Energy: 15978.37J | LB: 0.265
2026-05-10 04:12:41,455 | INFO |   Reward | D: 6747.05 | E: 4935.67 | Q: 3942.00 | H: 582.86 | LB: -0.37 | Enq: 132.71 | Pen: -1613.09
2026-05-10 04:13:19,429 | INFO | Update  247 | Steps: 505,856 | Episodes:   247 | EpReward:   683.04 | FPS:     54 | Actor Loss: -0.0002 | Critic Loss: 0.0059
2026-05-10 04:13:19,429 | INFO |   Env | HO: 76.72% | Cont: 88.23% | Task: 85.62% | Resolved: 99.97% | Delay: 2.407s | Energy: 16499.57J | LB: 0.249
2026-05-10 04:13:19,429 | INFO |   Reward | D: 6977.68 | E: 5029.22 | Q: 4114.40 | H: 581.43 | LB: -0.55 | Enq: 134.06 | Pen: -1597.76
2026-05-10 04:13:55,998 | INFO | Update  248 | Steps: 507,904 | Episodes:   248 | EpReward:   684.40 | FPS:     56 | Actor Loss: -0.0002 | Critic Loss: 0.0086
2026-05-10 04:13:56,006 | INFO |   Env | HO: 75.77% | Cont: 86.22% | Task: 84.25% | Resolved: 99.94% | Delay: 2.434s | Energy: 16451.69J | LB: 0.282
2026-05-10 04:13:56,006 | INFO |   Reward | D: 6855.37 | E: 4993.55 | Q: 3952.80 | H: 650.25 | LB: -1.22 | Enq: 132.38 | Pen: -1799.86
2026-05-10 04:14:34,665 | INFO | Update  249 | Steps: 509,952 | Episodes:   249 | EpReward:   685.84 | FPS:     53 | Actor Loss: -0.0003 | Critic Loss: 0.0054
2026-05-10 04:14:34,665 | INFO |   Env | HO: 75.72% | Cont: 86.03% | Task: 83.93% | Resolved: 99.96% | Delay: 2.444s | Energy: 16892.28J | LB: 0.274
2026-05-10 04:14:34,665 | INFO |   Reward | D: 6915.24 | E: 5007.51 | Q: 3942.00 | H: 641.37 | LB: -0.28 | Enq: 132.55 | Pen: -1818.30
2026-05-10 04:15:06,234 | INFO | Update  250 | Steps: 512,000 | Episodes:   250 | EpReward:   687.31 | FPS:     65 | Actor Loss: -0.0005 | Critic Loss: 0.0103
2026-05-10 04:15:06,234 | INFO |   Env | HO: 75.19% | Cont: 86.29% | Task: 84.52% | Resolved: 99.94% | Delay: 2.450s | Energy: 16434.11J | LB: 0.279
2026-05-10 04:15:06,235 | INFO |   Reward | D: 6856.20 | E: 4943.04 | Q: 3960.40 | H: 618.89 | LB: -1.68 | Enq: 130.67 | Pen: -1778.07
2026-05-10 04:15:45,272 | INFO | Update  251 | Steps: 514,048 | Episodes:   251 | EpReward:   688.84 | FPS:     52 | Actor Loss: 0.0001 | Critic Loss: 0.0065
2026-05-10 04:15:45,273 | INFO |   Env | HO: 76.29% | Cont: 87.84% | Task: 85.11% | Resolved: 99.99% | Delay: 2.425s | Energy: 16877.00J | LB: 0.276
2026-05-10 04:15:45,273 | INFO |   Reward | D: 6921.46 | E: 4939.32 | Q: 4020.80 | H: 551.78 | LB: -1.08 | Enq: 130.07 | Pen: -1607.61
2026-05-10 04:16:17,826 | INFO | Update  252 | Steps: 516,096 | Episodes:   252 | EpReward:   690.16 | FPS:     63 | Actor Loss: -0.0002 | Critic Loss: 0.0065
2026-05-10 04:16:17,826 | INFO |   Env | HO: 76.86% | Cont: 88.95% | Task: 85.27% | Resolved: 99.99% | Delay: 2.404s | Energy: 16852.36J | LB: 0.265
2026-05-10 04:16:17,827 | INFO |   Reward | D: 6885.76 | E: 4911.51 | Q: 4009.20 | H: 511.45 | LB: -0.70 | Enq: 130.19 | Pen: -1492.03
2026-05-10 04:16:59,523 | INFO | Update  253 | Steps: 518,144 | Episodes:   253 | EpReward:   691.83 | FPS:     49 | Actor Loss: -0.0003 | Critic Loss: 0.0068
2026-05-10 04:16:59,524 | INFO |   Env | HO: 74.65% | Cont: 89.82% | Task: 85.60% | Resolved: 99.99% | Delay: 2.409s | Energy: 16679.17J | LB: 0.271
2026-05-10 04:16:59,524 | INFO |   Reward | D: 6991.44 | E: 4970.43 | Q: 4080.00 | H: 453.97 | LB: -0.04 | Enq: 131.42 | Pen: -1447.87
2026-05-10 04:17:33,557 | INFO | Update  254 | Steps: 520,192 | Episodes:   254 | EpReward:   693.13 | FPS:     60 | Actor Loss: -0.0001 | Critic Loss: 0.0062
2026-05-10 04:17:33,558 | INFO |   Env | HO: 76.45% | Cont: 89.63% | Task: 85.43% | Resolved: 99.98% | Delay: 2.407s | Energy: 16626.78J | LB: 0.241
2026-05-10 04:17:33,558 | INFO |   Reward | D: 6825.46 | E: 4856.93 | Q: 3977.60 | H: 472.09 | LB: -0.53 | Enq: 128.50 | Pen: -1423.13
2026-05-10 04:18:05,598 | INFO | Update  255 | Steps: 522,240 | Episodes:   255 | EpReward:   694.78 | FPS:     64 | Actor Loss: -0.0002 | Critic Loss: 0.0058
2026-05-10 04:18:05,598 | INFO |   Env | HO: 76.07% | Cont: 90.41% | Task: 86.35% | Resolved: 99.99% | Delay: 2.391s | Energy: 16942.41J | LB: 0.250
2026-05-10 04:18:05,598 | INFO |   Reward | D: 7097.32 | E: 5017.50 | Q: 4204.40 | H: 437.47 | LB: -1.23 | Enq: 131.57 | Pen: -1392.00
2026-05-10 04:18:37,634 | INFO | Update  256 | Steps: 524,288 | Episodes:   256 | EpReward:   696.48 | FPS:     64 | Actor Loss: -0.0001 | Critic Loss: 0.0128
2026-05-10 04:18:37,634 | INFO |   Env | HO: 74.86% | Cont: 91.95% | Task: 86.80% | Resolved: 99.96% | Delay: 2.372s | Energy: 16806.49J | LB: 0.279
2026-05-10 04:18:37,634 | INFO |   Reward | D: 7056.18 | E: 4970.94 | Q: 4208.80 | H: 353.01 | LB: -0.36 | Enq: 128.92 | Pen: -1271.35
2026-05-10 04:19:08,614 | INFO | Update  257 | Steps: 526,336 | Episodes:   257 | EpReward:   697.92 | FPS:     66 | Actor Loss: -0.0001 | Critic Loss: 0.0071
2026-05-10 04:19:08,615 | INFO |   Env | HO: 75.74% | Cont: 90.37% | Task: 85.59% | Resolved: 99.97% | Delay: 2.392s | Energy: 16832.68J | LB: 0.296
2026-05-10 04:19:08,615 | INFO |   Reward | D: 6886.54 | E: 4912.38 | Q: 4044.40 | H: 432.93 | LB: -0.65 | Enq: 128.74 | Pen: -1396.84
2026-05-10 04:19:45,528 | INFO | Update  258 | Steps: 528,384 | Episodes:   258 | EpReward:   699.46 | FPS:     55 | Actor Loss: -0.0002 | Critic Loss: 0.0071
2026-05-10 04:19:45,529 | INFO |   Env | HO: 76.39% | Cont: 90.59% | Task: 85.93% | Resolved: 99.97% | Delay: 2.399s | Energy: 17285.52J | LB: 0.270
2026-05-10 04:19:45,529 | INFO |   Reward | D: 7020.80 | E: 4941.86 | Q: 4114.80 | H: 420.32 | LB: -0.71 | Enq: 128.13 | Pen: -1369.82
2026-05-10 04:20:23,788 | INFO | Update  259 | Steps: 530,432 | Episodes:   259 | EpReward:   700.97 | FPS:     54 | Actor Loss: -0.0004 | Critic Loss: 0.0077
2026-05-10 04:20:23,788 | INFO |   Env | HO: 77.13% | Cont: 91.22% | Task: 86.32% | Resolved: 99.98% | Delay: 2.376s | Energy: 16663.19J | LB: 0.273
2026-05-10 04:20:23,788 | INFO |   Reward | D: 7007.82 | E: 4943.47 | Q: 4138.80 | H: 416.66 | LB: -0.72 | Enq: 128.32 | Pen: -1310.37
2026-05-10 04:21:04,312 | INFO | Update  260 | Steps: 532,480 | Episodes:   260 | EpReward:   702.59 | FPS:     51 | Actor Loss: -0.0004 | Critic Loss: 0.0058
2026-05-10 04:21:04,313 | INFO |   Env | HO: 74.89% | Cont: 90.93% | Task: 85.99% | Resolved: 99.94% | Delay: 2.399s | Energy: 16811.56J | LB: 0.303
2026-05-10 04:21:04,313 | INFO |   Reward | D: 6963.19 | E: 4935.14 | Q: 4099.20 | H: 397.41 | LB: -0.84 | Enq: 127.97 | Pen: -1378.45
2026-05-10 04:21:41,469 | INFO | Update  261 | Steps: 534,528 | Episodes:   261 | EpReward:   704.44 | FPS:     55 | Actor Loss: -0.0001 | Critic Loss: 0.0068
2026-05-10 04:21:41,470 | INFO |   Env | HO: 76.63% | Cont: 92.55% | Task: 86.75% | Resolved: 99.99% | Delay: 2.366s | Energy: 17119.06J | LB: 0.277
2026-05-10 04:21:41,473 | INFO |   Reward | D: 7159.37 | E: 4965.64 | Q: 4220.00 | H: 333.56 | LB: -0.34 | Enq: 127.07 | Pen: -1245.14
2026-05-10 04:22:19,398 | INFO | Update  262 | Steps: 536,576 | Episodes:   262 | EpReward:   705.82 | FPS:     54 | Actor Loss: -0.0002 | Critic Loss: 0.0041
2026-05-10 04:22:19,398 | INFO |   Env | HO: 74.63% | Cont: 91.58% | Task: 86.12% | Resolved: 99.98% | Delay: 2.383s | Energy: 16750.97J | LB: 0.301
2026-05-10 04:22:19,398 | INFO |   Reward | D: 7022.89 | E: 4955.62 | Q: 4129.20 | H: 365.19 | LB: -0.77 | Enq: 128.26 | Pen: -1287.05
2026-05-10 04:22:51,645 | INFO | Update  263 | Steps: 538,624 | Episodes:   263 | EpReward:   707.14 | FPS:     64 | Actor Loss: -0.0001 | Critic Loss: 0.0073
2026-05-10 04:22:51,645 | INFO |   Env | HO: 75.16% | Cont: 90.46% | Task: 85.62% | Resolved: 99.98% | Delay: 2.401s | Energy: 16868.38J | LB: 0.273
2026-05-10 04:22:51,645 | INFO |   Reward | D: 6975.55 | E: 4976.12 | Q: 4098.80 | H: 426.71 | LB: -0.72 | Enq: 132.00 | Pen: -1383.25
2026-05-10 04:23:28,473 | INFO | Update  264 | Steps: 540,672 | Episodes:   264 | EpReward:   708.19 | FPS:     56 | Actor Loss: -0.0001 | Critic Loss: 0.0046
2026-05-10 04:23:28,473 | INFO |   Env | HO: 73.78% | Cont: 90.86% | Task: 85.73% | Resolved: 99.97% | Delay: 2.402s | Energy: 16519.66J | LB: 0.306
2026-05-10 04:23:28,473 | INFO |   Reward | D: 7001.79 | E: 4987.61 | Q: 4103.20 | H: 388.68 | LB: -0.67 | Enq: 129.12 | Pen: -1412.86
2026-05-10 04:24:02,944 | INFO | Update  265 | Steps: 542,720 | Episodes:   265 | EpReward:   709.37 | FPS:     59 | Actor Loss: -0.0000 | Critic Loss: 0.0091
2026-05-10 04:24:02,945 | INFO |   Env | HO: 75.33% | Cont: 92.47% | Task: 86.35% | Resolved: 99.97% | Delay: 2.370s | Energy: 16405.59J | LB: 0.287
2026-05-10 04:24:02,945 | INFO |   Reward | D: 7131.91 | E: 5041.04 | Q: 4203.20 | H: 331.54 | LB: -0.79 | Enq: 128.28 | Pen: -1302.39
2026-05-10 04:24:34,058 | INFO | Update  266 | Steps: 544,768 | Episodes:   266 | EpReward:   710.60 | FPS:     66 | Actor Loss: -0.0001 | Critic Loss: 0.0062
2026-05-10 04:24:34,058 | INFO |   Env | HO: 74.49% | Cont: 93.53% | Task: 86.72% | Resolved: 99.99% | Delay: 2.371s | Energy: 16366.14J | LB: 0.285
2026-05-10 04:24:34,058 | INFO |   Reward | D: 7145.00 | E: 4999.35 | Q: 4210.40 | H: 266.72 | LB: -1.01 | Enq: 127.51 | Pen: -1214.79
2026-05-10 04:25:15,207 | INFO | Update  267 | Steps: 546,816 | Episodes:   267 | EpReward:   711.93 | FPS:     50 | Actor Loss: -0.0000 | Critic Loss: 0.0058
2026-05-10 04:25:15,207 | INFO |   Env | HO: 75.38% | Cont: 93.96% | Task: 86.92% | Resolved: 99.98% | Delay: 2.355s | Energy: 16230.58J | LB: 0.307
2026-05-10 04:25:15,207 | INFO |   Reward | D: 7167.33 | E: 5061.18 | Q: 4273.60 | H: 247.79 | LB: -0.98 | Enq: 127.60 | Pen: -1187.46
2026-05-10 04:25:47,312 | INFO | Update  268 | Steps: 548,864 | Episodes:   268 | EpReward:   713.12 | FPS:     64 | Actor Loss: -0.0000 | Critic Loss: 0.0049
2026-05-10 04:25:47,312 | INFO |   Env | HO: 76.51% | Cont: 93.59% | Task: 86.74% | Resolved: 99.98% | Delay: 2.353s | Energy: 15905.14J | LB: 0.293
2026-05-10 04:25:47,312 | INFO |   Reward | D: 7202.60 | E: 5037.39 | Q: 4222.80 | H: 279.34 | LB: -0.76 | Enq: 128.38 | Pen: -1202.97
2026-05-10 04:26:17,450 | INFO | Update  269 | Steps: 550,912 | Episodes:   269 | EpReward:   714.23 | FPS:     68 | Actor Loss: -0.0001 | Critic Loss: 0.0059
2026-05-10 04:26:17,451 | INFO |   Env | HO: 73.92% | Cont: 92.96% | Task: 86.74% | Resolved: 99.99% | Delay: 2.372s | Energy: 15510.01J | LB: 0.290
2026-05-10 04:26:17,451 | INFO |   Reward | D: 7073.93 | E: 5002.00 | Q: 4196.40 | H: 281.14 | LB: -1.00 | Enq: 126.84 | Pen: -1271.92
2026-05-10 04:26:47,699 | INFO | Update  270 | Steps: 552,960 | Episodes:   270 | EpReward:   715.48 | FPS:     68 | Actor Loss: -0.0002 | Critic Loss: 0.0066
2026-05-10 04:26:47,699 | INFO |   Env | HO: 73.47% | Cont: 93.39% | Task: 86.71% | Resolved: 99.94% | Delay: 2.367s | Energy: 16090.38J | LB: 0.349
2026-05-10 04:26:47,699 | INFO |   Reward | D: 7208.11 | E: 5037.23 | Q: 4227.20 | H: 265.44 | LB: -0.99 | Enq: 123.08 | Pen: -1314.51
2026-05-10 04:27:28,377 | INFO | Update  271 | Steps: 555,008 | Episodes:   271 | EpReward:   716.88 | FPS:     50 | Actor Loss: -0.0000 | Critic Loss: 0.0063
2026-05-10 04:27:28,378 | INFO |   Env | HO: 75.85% | Cont: 93.73% | Task: 86.78% | Resolved: 99.99% | Delay: 2.366s | Energy: 15894.35J | LB: 0.277
2026-05-10 04:27:28,378 | INFO |   Reward | D: 7089.69 | E: 5029.03 | Q: 4230.40 | H: 266.03 | LB: -1.10 | Enq: 127.69 | Pen: -1176.23
2026-05-10 04:27:57,603 | INFO | Update  272 | Steps: 557,056 | Episodes:   272 | EpReward:   718.08 | FPS:     70 | Actor Loss: 0.0000 | Critic Loss: 0.0042
2026-05-10 04:27:57,606 | INFO |   Env | HO: 75.58% | Cont: 94.14% | Task: 86.87% | Resolved: 99.99% | Delay: 2.355s | Energy: 15946.51J | LB: 0.314
2026-05-10 04:27:57,606 | INFO |   Reward | D: 7099.59 | E: 5029.34 | Q: 4234.00 | H: 247.81 | LB: -0.73 | Enq: 126.30 | Pen: -1170.72
2026-05-10 04:28:28,963 | INFO | Update  273 | Steps: 559,104 | Episodes:   273 | EpReward:   719.43 | FPS:     65 | Actor Loss: -0.0002 | Critic Loss: 0.0071
2026-05-10 04:28:28,963 | INFO |   Env | HO: 75.73% | Cont: 94.10% | Task: 87.04% | Resolved: 99.97% | Delay: 2.353s | Energy: 16276.63J | LB: 0.311
2026-05-10 04:28:28,963 | INFO |   Reward | D: 7176.70 | E: 5024.13 | Q: 4257.60 | H: 250.50 | LB: -0.12 | Enq: 126.43 | Pen: -1189.22
2026-05-10 04:29:05,823 | INFO | Update  274 | Steps: 561,152 | Episodes:   274 | EpReward:   720.67 | FPS:     56 | Actor Loss: 0.0001 | Critic Loss: 0.0095
2026-05-10 04:29:05,823 | INFO |   Env | HO: 73.30% | Cont: 94.82% | Task: 86.92% | Resolved: 99.94% | Delay: 2.347s | Energy: 16262.95J | LB: 0.332
2026-05-10 04:29:05,823 | INFO |   Reward | D: 7064.32 | E: 4964.68 | Q: 4203.60 | H: 196.33 | LB: -0.44 | Enq: 126.10 | Pen: -1078.44
2026-05-10 04:29:47,805 | INFO | Update  275 | Steps: 563,200 | Episodes:   275 | EpReward:   721.90 | FPS:     49 | Actor Loss: -0.0000 | Critic Loss: 0.0081
2026-05-10 04:29:47,806 | INFO |   Env | HO: 74.67% | Cont: 95.67% | Task: 87.05% | Resolved: 99.98% | Delay: 2.340s | Energy: 16304.75J | LB: 0.340
2026-05-10 04:29:47,806 | INFO |   Reward | D: 7184.98 | E: 4999.41 | Q: 4241.20 | H: 167.53 | LB: -0.48 | Enq: 126.35 | Pen: -1027.62
2026-05-10 04:30:29,336 | INFO | Update  276 | Steps: 565,248 | Episodes:   276 | EpReward:   722.97 | FPS:     49 | Actor Loss: 0.0000 | Critic Loss: 0.0054
2026-05-10 04:30:29,336 | INFO |   Env | HO: 76.82% | Cont: 95.91% | Task: 87.91% | Resolved: 99.97% | Delay: 2.345s | Energy: 16538.60J | LB: 0.352
2026-05-10 04:30:29,336 | INFO |   Reward | D: 7184.84 | E: 4983.77 | Q: 4325.20 | H: 159.77 | LB: 0.07 | Enq: 123.74 | Pen: -964.93
2026-05-10 04:31:14,178 | INFO | Update  277 | Steps: 567,296 | Episodes:   277 | EpReward:   724.18 | FPS:     46 | Actor Loss: -0.0001 | Critic Loss: 0.0048
2026-05-10 04:31:14,178 | INFO |   Env | HO: 77.86% | Cont: 96.55% | Task: 87.79% | Resolved: 99.99% | Delay: 2.327s | Energy: 16536.66J | LB: 0.323
2026-05-10 04:31:14,179 | INFO |   Reward | D: 7278.60 | E: 5064.13 | Q: 4374.80 | H: 135.53 | LB: -0.24 | Enq: 126.58 | Pen: -952.12
2026-05-10 04:31:48,327 | INFO | Update  278 | Steps: 569,344 | Episodes:   278 | EpReward:   725.44 | FPS:     60 | Actor Loss: 0.0001 | Critic Loss: 0.0067
2026-05-10 04:31:48,327 | INFO |   Env | HO: 72.94% | Cont: 96.13% | Task: 88.00% | Resolved: 99.97% | Delay: 2.346s | Energy: 16602.58J | LB: 0.335
2026-05-10 04:31:48,327 | INFO |   Reward | D: 7280.45 | E: 5005.90 | Q: 4355.20 | H: 141.31 | LB: -0.65 | Enq: 126.68 | Pen: -961.27
2026-05-10 04:32:21,887 | INFO | Update  279 | Steps: 571,392 | Episodes:   279 | EpReward:   726.69 | FPS:     61 | Actor Loss: -0.0004 | Critic Loss: 0.0060
2026-05-10 04:32:21,887 | INFO |   Env | HO: 75.69% | Cont: 96.57% | Task: 88.31% | Resolved: 99.98% | Delay: 2.321s | Energy: 16877.59J | LB: 0.364
2026-05-10 04:32:21,887 | INFO |   Reward | D: 7271.72 | E: 4986.19 | Q: 4378.40 | H: 127.76 | LB: -0.28 | Enq: 124.92 | Pen: -940.50
2026-05-10 04:33:00,148 | INFO | Update  280 | Steps: 573,440 | Episodes:   280 | EpReward:   728.02 | FPS:     54 | Actor Loss: -0.0001 | Critic Loss: 0.0061
2026-05-10 04:33:00,148 | INFO |   Env | HO: 77.71% | Cont: 97.38% | Task: 88.37% | Resolved: 100.00% | Delay: 2.329s | Energy: 17732.66J | LB: 0.336
2026-05-10 04:33:00,148 | INFO |   Reward | D: 7412.91 | E: 5047.89 | Q: 4453.60 | H: 90.96 | LB: -0.03 | Enq: 127.77 | Pen: -844.84
2026-05-10 04:33:35,225 | INFO | Update  281 | Steps: 575,488 | Episodes:   281 | EpReward:   729.16 | FPS:     58 | Actor Loss: -0.0001 | Critic Loss: 0.0092
2026-05-10 04:33:35,225 | INFO |   Env | HO: 74.27% | Cont: 97.36% | Task: 88.18% | Resolved: 99.95% | Delay: 2.318s | Energy: 17240.64J | LB: 0.333
2026-05-10 04:33:35,225 | INFO |   Reward | D: 7274.35 | E: 4963.68 | Q: 4362.00 | H: 90.35 | LB: 0.21 | Enq: 123.06 | Pen: -868.26
2026-05-10 04:34:09,405 | INFO | Update  282 | Steps: 577,536 | Episodes:   282 | EpReward:   730.16 | FPS:     60 | Actor Loss: -0.0003 | Critic Loss: 0.0062
2026-05-10 04:34:09,406 | INFO |   Env | HO: 76.19% | Cont: 96.76% | Task: 87.37% | Resolved: 99.98% | Delay: 2.327s | Energy: 17436.98J | LB: 0.310
2026-05-10 04:34:09,406 | INFO |   Reward | D: 7284.40 | E: 5020.21 | Q: 4316.00 | H: 124.31 | LB: -1.38 | Enq: 125.30 | Pen: -938.70
2026-05-10 04:34:50,578 | INFO | Update  283 | Steps: 579,584 | Episodes:   283 | EpReward:   731.26 | FPS:     50 | Actor Loss: -0.0003 | Critic Loss: 0.0087
2026-05-10 04:34:50,578 | INFO |   Env | HO: 76.35% | Cont: 96.77% | Task: 87.75% | Resolved: 100.00% | Delay: 2.323s | Energy: 17376.22J | LB: 0.408
2026-05-10 04:34:50,578 | INFO |   Reward | D: 7272.81 | E: 4992.55 | Q: 4338.40 | H: 126.12 | LB: -0.63 | Enq: 121.87 | Pen: -949.76
2026-05-10 04:35:28,404 | INFO | Update  284 | Steps: 581,632 | Episodes:   284 | EpReward:   732.20 | FPS:     54 | Actor Loss: 0.0000 | Critic Loss: 0.0063
2026-05-10 04:35:28,404 | INFO |   Env | HO: 77.39% | Cont: 97.53% | Task: 87.61% | Resolved: 99.98% | Delay: 2.331s | Energy: 17064.59J | LB: 0.292
2026-05-10 04:35:28,404 | INFO |   Reward | D: 7141.47 | E: 4952.62 | Q: 4281.60 | H: 86.38 | LB: -0.34 | Enq: 127.11 | Pen: -803.50
2026-05-10 04:36:07,764 | INFO | Update  285 | Steps: 583,680 | Episodes:   285 | EpReward:   733.01 | FPS:     52 | Actor Loss: -0.0002 | Critic Loss: 0.0058
2026-05-10 04:36:07,764 | INFO |   Env | HO: 73.68% | Cont: 97.32% | Task: 87.95% | Resolved: 99.97% | Delay: 2.342s | Energy: 17222.14J | LB: 0.314
2026-05-10 04:36:07,764 | INFO |   Reward | D: 7235.68 | E: 4946.31 | Q: 4316.80 | H: 85.97 | LB: -0.09 | Enq: 125.13 | Pen: -847.52
2026-05-10 04:36:52,522 | INFO | Update  286 | Steps: 585,728 | Episodes:   286 | EpReward:   733.95 | FPS:     46 | Actor Loss: -0.0000 | Critic Loss: 0.0069
2026-05-10 04:36:52,522 | INFO |   Env | HO: 76.75% | Cont: 97.22% | Task: 87.79% | Resolved: 99.97% | Delay: 2.335s | Energy: 16974.04J | LB: 0.369
2026-05-10 04:36:52,522 | INFO |   Reward | D: 7205.36 | E: 4954.24 | Q: 4302.80 | H: 93.14 | LB: -0.17 | Enq: 123.13 | Pen: -849.90
2026-05-10 04:37:25,152 | INFO | Update  287 | Steps: 587,776 | Episodes:   287 | EpReward:   734.60 | FPS:     63 | Actor Loss: -0.0002 | Critic Loss: 0.0060
2026-05-10 04:37:25,152 | INFO |   Env | HO: 76.36% | Cont: 97.88% | Task: 87.86% | Resolved: 99.99% | Delay: 2.316s | Energy: 16651.87J | LB: 0.296
2026-05-10 04:37:25,153 | INFO |   Reward | D: 7175.55 | E: 4939.14 | Q: 4285.20 | H: 62.78 | LB: -0.21 | Enq: 123.64 | Pen: -818.76
2026-05-10 04:37:56,286 | INFO | Update  288 | Steps: 589,824 | Episodes:   288 | EpReward:   735.51 | FPS:     66 | Actor Loss: -0.0004 | Critic Loss: 0.0086
2026-05-10 04:37:56,287 | INFO |   Env | HO: 76.71% | Cont: 98.01% | Task: 88.70% | Resolved: 99.99% | Delay: 2.325s | Energy: 16841.98J | LB: 0.437
2026-05-10 04:37:56,287 | INFO |   Reward | D: 7342.05 | E: 5014.32 | Q: 4448.80 | H: 52.47 | LB: 0.12 | Enq: 120.70 | Pen: -859.85
2026-05-10 04:38:29,400 | INFO | Update  289 | Steps: 591,872 | Episodes:   289 | EpReward:   736.22 | FPS:     62 | Actor Loss: -0.0000 | Critic Loss: 0.0060
2026-05-10 04:38:29,400 | INFO |   Env | HO: 72.33% | Cont: 97.49% | Task: 87.53% | Resolved: 99.98% | Delay: 2.329s | Energy: 16557.49J | LB: 0.375
2026-05-10 04:38:29,400 | INFO |   Reward | D: 7147.79 | E: 4972.10 | Q: 4270.40 | H: 75.22 | LB: -0.59 | Enq: 124.14 | Pen: -868.26
2026-05-10 04:38:59,180 | INFO | Update  290 | Steps: 593,920 | Episodes:   290 | EpReward:   737.12 | FPS:     69 | Actor Loss: -0.0000 | Critic Loss: 0.0072
2026-05-10 04:38:59,180 | INFO |   Env | HO: 76.62% | Cont: 98.18% | Task: 88.49% | Resolved: 99.99% | Delay: 2.318s | Energy: 16877.73J | LB: 0.323
2026-05-10 04:38:59,180 | INFO |   Reward | D: 7386.88 | E: 5067.29 | Q: 4456.40 | H: 51.23 | LB: -0.10 | Enq: 123.62 | Pen: -805.88
2026-05-10 04:39:32,037 | INFO | Update  291 | Steps: 595,968 | Episodes:   291 | EpReward:   737.84 | FPS:     62 | Actor Loss: -0.0003 | Critic Loss: 0.0053
2026-05-10 04:39:32,037 | INFO |   Env | HO: 73.10% | Cont: 98.16% | Task: 88.03% | Resolved: 100.00% | Delay: 2.321s | Energy: 16755.39J | LB: 0.407
2026-05-10 04:39:32,037 | INFO |   Reward | D: 7272.84 | E: 5009.38 | Q: 4361.20 | H: 50.46 | LB: -0.34 | Enq: 123.45 | Pen: -829.63
2026-05-10 04:40:10,516 | INFO | Update  292 | Steps: 598,016 | Episodes:   292 | EpReward:   738.70 | FPS:     53 | Actor Loss: 0.0000 | Critic Loss: 0.0095
2026-05-10 04:40:10,516 | INFO |   Env | HO: 77.33% | Cont: 98.39% | Task: 88.44% | Resolved: 99.97% | Delay: 2.315s | Energy: 17381.25J | LB: 0.396
2026-05-10 04:40:10,516 | INFO |   Reward | D: 7383.68 | E: 5032.79 | Q: 4433.20 | H: 46.36 | LB: -0.38 | Enq: 120.68 | Pen: -828.95
2026-05-10 04:40:43,371 | INFO | Update  293 | Steps: 600,064 | Episodes:   293 | EpReward:   739.52 | FPS:     62 | Actor Loss: -0.0000 | Critic Loss: 0.0217
2026-05-10 04:40:43,371 | INFO |   Env | HO: 77.50% | Cont: 98.70% | Task: 88.52% | Resolved: 99.99% | Delay: 2.315s | Energy: 17191.70J | LB: 0.481
2026-05-10 04:40:43,371 | INFO |   Reward | D: 7355.57 | E: 4967.93 | Q: 4389.60 | H: 29.49 | LB: 0.03 | Enq: 117.55 | Pen: -820.66
2026-05-10 04:40:43,371 | INFO | ----------------------------------------
2026-05-10 04:40:43,371 | INFO | 开始评估...
2026-05-10 04:44:06,734 | INFO | 评估结果: 奖励 = 800.96 ± 6.38, 长度 = 2000, 时延 = 2.215s, 能耗 = 168321.65J, 负载均衡 = 0.488
2026-05-10 04:44:06,735 | INFO | 新的最佳模型 (effective latency score): score = 0.2736, delay = 2.215s, completion = 89.05%, continuity = 98.78%, load_balance = 0.488
2026-05-10 04:44:06,763 | INFO | 模型已保存: /home/pjpjq/LEO_switch/results/full_train_latency_priority_20260510_010757/best_model.pt
2026-05-10 04:44:06,763 | INFO | ----------------------------------------
2026-05-10 04:44:06,789 | INFO | 模型已保存: /home/pjpjq/LEO_switch/results/full_train_latency_priority_20260510_010757/checkpoint_600064.pt
2026-05-10 04:44:48,261 | INFO | Update  294 | Steps: 602,112 | Episodes:   294 | EpReward:   740.20 | FPS:     49 | Actor Loss: -0.0001 | Critic Loss: 0.0111
2026-05-10 04:44:48,261 | INFO |   Env | HO: 79.04% | Cont: 98.53% | Task: 88.15% | Resolved: 99.99% | Delay: 2.325s | Energy: 17466.05J | LB: 0.458
2026-05-10 04:44:48,261 | INFO |   Reward | D: 7405.92 | E: 5003.36 | Q: 4388.00 | H: 40.26 | LB: -0.36 | Enq: 118.59 | Pen: -860.74
2026-05-10 04:45:31,202 | INFO | Update  295 | Steps: 604,160 | Episodes:   295 | EpReward:   740.95 | FPS:     48 | Actor Loss: -0.0000 | Critic Loss: 0.0073
2026-05-10 04:45:31,202 | INFO |   Env | HO: 78.26% | Cont: 98.67% | Task: 89.08% | Resolved: 99.97% | Delay: 2.309s | Energy: 17061.39J | LB: 0.442
2026-05-10 04:45:31,202 | INFO |   Reward | D: 7349.89 | E: 4979.54 | Q: 4460.00 | H: 34.06 | LB: -0.12 | Enq: 118.30 | Pen: -815.40
2026-05-10 04:46:14,878 | INFO | Update  296 | Steps: 606,208 | Episodes:   296 | EpReward:   741.61 | FPS:     47 | Actor Loss: -0.0000 | Critic Loss: 0.0102
2026-05-10 04:46:14,878 | INFO |   Env | HO: 79.49% | Cont: 98.75% | Task: 88.87% | Resolved: 99.99% | Delay: 2.321s | Energy: 17490.81J | LB: 0.468
2026-05-10 04:46:14,878 | INFO |   Reward | D: 7436.27 | E: 4998.37 | Q: 4466.00 | H: 29.49 | LB: -0.28 | Enq: 118.26 | Pen: -823.93
2026-05-10 04:46:50,882 | INFO | Update  297 | Steps: 608,256 | Episodes:   297 | EpReward:   742.53 | FPS:     57 | Actor Loss: 0.0002 | Critic Loss: 0.0072
2026-05-10 04:46:50,886 | INFO |   Env | HO: 76.09% | Cont: 98.65% | Task: 88.96% | Resolved: 99.99% | Delay: 2.310s | Energy: 17164.24J | LB: 0.473
2026-05-10 04:46:50,886 | INFO |   Reward | D: 7430.08 | E: 5011.03 | Q: 4472.00 | H: 33.08 | LB: -0.00 | Enq: 119.25 | Pen: -806.62
2026-05-10 04:47:29,741 | INFO | Update  298 | Steps: 610,304 | Episodes:   298 | EpReward:   742.66 | FPS:     53 | Actor Loss: 0.0011 | Critic Loss: 0.0287
2026-05-10 04:47:29,741 | INFO |   Env | HO: 75.55% | Cont: 88.19% | Task: 85.11% | Resolved: 99.96% | Delay: 2.415s | Energy: 17501.38J | LB: 0.258
2026-05-10 04:47:29,741 | INFO |   Reward | D: 6958.10 | E: 4912.74 | Q: 4038.80 | H: 498.93 | LB: -1.24 | Enq: 130.94 | Pen: -1502.51
2026-05-10 04:48:07,036 | INFO | Update  299 | Steps: 612,352 | Episodes:   299 | EpReward:   742.59 | FPS:     55 | Actor Loss: -0.0001 | Critic Loss: 0.0136
2026-05-10 04:48:07,036 | INFO |   Env | HO: 77.05% | Cont: 88.10% | Task: 84.26% | Resolved: 99.97% | Delay: 2.439s | Energy: 17731.03J | LB: 0.277
2026-05-10 04:48:07,036 | INFO |   Reward | D: 6824.47 | E: 4889.97 | Q: 3932.80 | H: 515.23 | LB: -0.31 | Enq: 132.40 | Pen: -1505.74
2026-05-10 04:48:40,820 | INFO | Update  300 | Steps: 614,400 | Episodes:   300 | EpReward:   742.86 | FPS:     61 | Actor Loss: 0.0001 | Critic Loss: 0.0123
2026-05-10 04:48:40,820 | INFO |   Env | HO: 76.27% | Cont: 91.15% | Task: 85.69% | Resolved: 99.96% | Delay: 2.411s | Energy: 17930.91J | LB: 0.242
2026-05-10 04:48:40,820 | INFO |   Reward | D: 6971.90 | E: 4876.76 | Q: 4071.20 | H: 361.37 | LB: -0.33 | Enq: 132.85 | Pen: -1208.49
2026-05-10 04:49:12,290 | INFO | Update  301 | Steps: 616,448 | Episodes:   301 | EpReward:   743.13 | FPS:     65 | Actor Loss: 0.0000 | Critic Loss: 0.0105
2026-05-10 04:49:12,290 | INFO |   Env | HO: 76.65% | Cont: 92.34% | Task: 86.27% | Resolved: 99.97% | Delay: 2.398s | Energy: 17962.64J | LB: 0.254
2026-05-10 04:49:12,290 | INFO |   Reward | D: 7005.86 | E: 4905.89 | Q: 4151.60 | H: 313.29 | LB: 0.11 | Enq: 131.97 | Pen: -1159.87
2026-05-10 04:49:58,320 | INFO | Update  302 | Steps: 618,496 | Episodes:   302 | EpReward:   743.50 | FPS:     44 | Actor Loss: -0.0000 | Critic Loss: 0.0110
2026-05-10 04:49:58,320 | INFO |   Env | HO: 75.01% | Cont: 93.22% | Task: 86.46% | Resolved: 99.96% | Delay: 2.383s | Energy: 17851.48J | LB: 0.279
2026-05-10 04:49:58,320 | INFO |   Reward | D: 7081.52 | E: 4903.94 | Q: 4167.20 | H: 269.45 | LB: -0.23 | Enq: 131.36 | Pen: -1094.10
2026-05-10 04:50:39,769 | INFO | Update  303 | Steps: 620,544 | Episodes:   303 | EpReward:   743.76 | FPS:     49 | Actor Loss: 0.0003 | Critic Loss: 0.0081
2026-05-10 04:50:39,769 | INFO |   Env | HO: 76.38% | Cont: 95.59% | Task: 87.73% | Resolved: 99.98% | Delay: 2.357s | Energy: 17525.30J | LB: 0.294
2026-05-10 04:50:39,770 | INFO |   Reward | D: 7179.79 | E: 4962.99 | Q: 4322.80 | H: 166.00 | LB: 0.02 | Enq: 129.33 | Pen: -929.43
2026-05-10 04:51:24,802 | INFO | Update  304 | Steps: 622,592 | Episodes:   304 | EpReward:   744.05 | FPS:     45 | Actor Loss: 0.0000 | Critic Loss: 0.0083
2026-05-10 04:51:24,803 | INFO |   Env | HO: 75.02% | Cont: 94.36% | Task: 86.91% | Resolved: 99.97% | Delay: 2.378s | Energy: 17633.64J | LB: 0.301
2026-05-10 04:51:24,803 | INFO |   Reward | D: 7179.57 | E: 5011.45 | Q: 4285.20 | H: 224.36 | LB: -0.35 | Enq: 129.98 | Pen: -1086.16
2026-05-10 04:52:01,111 | INFO | Update  305 | Steps: 624,640 | Episodes:   305 | EpReward:   744.22 | FPS:     56 | Actor Loss: 0.0002 | Critic Loss: 0.0064
2026-05-10 04:52:01,111 | INFO |   Env | HO: 76.85% | Cont: 95.93% | Task: 86.89% | Resolved: 99.99% | Delay: 2.351s | Energy: 17341.98J | LB: 0.275
2026-05-10 04:52:01,111 | INFO |   Reward | D: 7100.74 | E: 4946.72 | Q: 4216.00 | H: 153.76 | LB: -0.20 | Enq: 128.52 | Pen: -919.81
2026-05-10 04:52:40,541 | INFO | Update  306 | Steps: 626,688 | Episodes:   306 | EpReward:   744.73 | FPS:     52 | Actor Loss: -0.0006 | Critic Loss: 0.0254
2026-05-10 04:52:40,541 | INFO |   Env | HO: 77.68% | Cont: 97.85% | Task: 88.37% | Resolved: 99.97% | Delay: 2.313s | Energy: 17109.76J | LB: 0.374
2026-05-10 04:52:40,541 | INFO |   Reward | D: 7306.81 | E: 5003.61 | Q: 4403.60 | H: 66.20 | LB: -0.14 | Enq: 125.17 | Pen: -793.55
2026-05-10 04:53:14,505 | INFO | Update  307 | Steps: 628,736 | Episodes:   307 | EpReward:   745.12 | FPS:     60 | Actor Loss: -0.0002 | Critic Loss: 0.0131
2026-05-10 04:53:14,505 | INFO |   Env | HO: 74.18% | Cont: 95.29% | Task: 87.37% | Resolved: 99.97% | Delay: 2.343s | Energy: 16656.20J | LB: 0.357
2026-05-10 04:53:14,506 | INFO |   Reward | D: 7238.41 | E: 4984.99 | Q: 4287.20 | H: 184.39 | LB: -0.28 | Enq: 125.95 | Pen: -1027.02
2026-05-10 04:53:58,198 | INFO | Update  308 | Steps: 630,784 | Episodes:   308 | EpReward:   745.54 | FPS:     47 | Actor Loss: 0.0000 | Critic Loss: 0.0127
2026-05-10 04:53:58,201 | INFO |   Env | HO: 74.95% | Cont: 96.25% | Task: 88.07% | Resolved: 99.99% | Delay: 2.344s | Energy: 17377.50J | LB: 0.379
2026-05-10 04:53:58,201 | INFO |   Reward | D: 7337.30 | E: 4991.30 | Q: 4384.80 | H: 139.76 | LB: -0.14 | Enq: 122.38 | Pen: -972.13
2026-05-10 04:54:35,176 | INFO | Update  309 | Steps: 632,832 | Episodes:   309 | EpReward:   745.86 | FPS:     55 | Actor Loss: 0.0005 | Critic Loss: 0.0079
2026-05-10 04:54:35,177 | INFO |   Env | HO: 74.89% | Cont: 93.83% | Task: 86.62% | Resolved: 99.96% | Delay: 2.370s | Energy: 17141.31J | LB: 0.309
2026-05-10 04:54:35,177 | INFO |   Reward | D: 7131.50 | E: 4983.63 | Q: 4220.80 | H: 256.29 | LB: -1.51 | Enq: 127.22 | Pen: -1152.21
2026-05-10 04:55:12,108 | INFO | Update  310 | Steps: 634,880 | Episodes:   310 | EpReward:   746.22 | FPS:     55 | Actor Loss: -0.0006 | Critic Loss: 0.0076
2026-05-10 04:55:12,108 | INFO |   Env | HO: 75.31% | Cont: 96.58% | Task: 87.74% | Resolved: 99.95% | Delay: 2.335s | Energy: 16727.01J | LB: 0.338
2026-05-10 04:55:12,108 | INFO |   Reward | D: 7140.45 | E: 4919.72 | Q: 4263.20 | H: 122.55 | LB: -0.08 | Enq: 121.73 | Pen: -914.11
2026-05-10 04:55:58,436 | INFO | Update  311 | Steps: 636,928 | Episodes:   311 | EpReward:   746.02 | FPS:     44 | Actor Loss: 0.0001 | Critic Loss: 0.0066
2026-05-10 04:55:58,436 | INFO |   Env | HO: 75.72% | Cont: 87.15% | Task: 84.17% | Resolved: 99.95% | Delay: 2.440s | Energy: 16820.93J | LB: 0.263
2026-05-10 04:55:58,436 | INFO |   Reward | D: 6812.22 | E: 4909.56 | Q: 3910.80 | H: 592.47 | LB: -0.84 | Enq: 131.35 | Pen: -1673.27
2026-05-10 04:56:31,009 | INFO | Update  312 | Steps: 638,976 | Episodes:   312 | EpReward:   746.37 | FPS:     63 | Actor Loss: -0.0002 | Critic Loss: 0.0085
2026-05-10 04:56:31,009 | INFO |   Env | HO: 76.09% | Cont: 90.63% | Task: 86.39% | Resolved: 99.97% | Delay: 2.387s | Energy: 16637.61J | LB: 0.345
2026-05-10 04:56:31,009 | INFO |   Reward | D: 7045.46 | E: 4973.70 | Q: 4186.40 | H: 418.96 | LB: -1.09 | Enq: 129.11 | Pen: -1369.92
2026-05-10 04:57:06,247 | INFO | Update  313 | Steps: 641,024 | Episodes:   313 | EpReward:   745.67 | FPS:     58 | Actor Loss: 0.0000 | Critic Loss: 0.0094
2026-05-10 04:57:06,248 | INFO |   Env | HO: 75.37% | Cont: 75.76% | Task: 80.06% | Resolved: 99.95% | Delay: 2.575s | Energy: 16568.63J | LB: 0.300
2026-05-10 04:57:06,248 | INFO |   Reward | D: 6332.62 | E: 4782.05 | Q: 3440.40 | H: 1126.89 | LB: -1.92 | Enq: 131.51 | Pen: -2626.78
2026-05-10 04:57:46,392 | INFO | Update  314 | Steps: 643,072 | Episodes:   314 | EpReward:   745.56 | FPS:     51 | Actor Loss: 0.0004 | Critic Loss: 0.0101
2026-05-10 04:57:46,392 | INFO |   Env | HO: 75.81% | Cont: 83.71% | Task: 83.15% | Resolved: 99.94% | Delay: 2.470s | Energy: 17051.03J | LB: 0.317
2026-05-10 04:57:46,392 | INFO |   Reward | D: 6798.15 | E: 4932.02 | Q: 3840.80 | H: 760.08 | LB: -1.13 | Enq: 128.36 | Pen: -1995.84
2026-05-10 04:58:29,764 | INFO | Update  315 | Steps: 645,120 | Episodes:   315 | EpReward:   744.84 | FPS:     47 | Actor Loss: -0.0006 | Critic Loss: 0.0076
2026-05-10 04:58:29,769 | INFO |   Env | HO: 75.39% | Cont: 76.88% | Task: 80.23% | Resolved: 99.95% | Delay: 2.560s | Energy: 16658.04J | LB: 0.321
2026-05-10 04:58:29,769 | INFO |   Reward | D: 6399.09 | E: 4852.48 | Q: 3494.00 | H: 1049.44 | LB: -2.49 | Enq: 131.84 | Pen: -2525.93
2026-05-10 04:59:04,193 | INFO | Update  316 | Steps: 647,168 | Episodes:   316 | EpReward:   744.89 | FPS:     59 | Actor Loss: 0.0005 | Critic Loss: 0.0042
2026-05-10 04:59:04,193 | INFO |   Env | HO: 75.55% | Cont: 88.50% | Task: 85.13% | Resolved: 99.92% | Delay: 2.430s | Energy: 16551.75J | LB: 0.298
2026-05-10 04:59:04,194 | INFO |   Reward | D: 6876.22 | E: 4911.53 | Q: 4026.00 | H: 496.16 | LB: -0.81 | Enq: 127.64 | Pen: -1524.18
2026-05-10 04:59:46,409 | INFO | Update  317 | Steps: 649,216 | Episodes:   317 | EpReward:   744.46 | FPS:     49 | Actor Loss: 0.0001 | Critic Loss: 0.0060
2026-05-10 04:59:46,410 | INFO |   Env | HO: 75.38% | Cont: 81.80% | Task: 81.97% | Resolved: 99.93% | Delay: 2.500s | Energy: 15918.31J | LB: 0.270
2026-05-10 04:59:46,410 | INFO |   Reward | D: 6423.14 | E: 4741.27 | Q: 3581.60 | H: 787.41 | LB: -1.94 | Enq: 129.83 | Pen: -1994.95
2026-05-10 05:00:27,701 | INFO | Update  318 | Steps: 651,264 | Episodes:   318 | EpReward:   744.42 | FPS:     50 | Actor Loss: 0.0002 | Critic Loss: 0.0051
2026-05-10 05:00:27,701 | INFO |   Env | HO: 73.94% | Cont: 88.91% | Task: 84.76% | Resolved: 99.94% | Delay: 2.430s | Energy: 16609.86J | LB: 0.290
2026-05-10 05:00:27,702 | INFO |   Reward | D: 6917.78 | E: 4938.07 | Q: 4003.20 | H: 454.76 | LB: -1.71 | Enq: 127.64 | Pen: -1516.74
2026-05-10 05:01:05,562 | INFO | Update  319 | Steps: 653,312 | Episodes:   319 | EpReward:   744.21 | FPS:     54 | Actor Loss: -0.0002 | Critic Loss: 0.0064
2026-05-10 05:01:05,565 | INFO |   Env | HO: 76.10% | Cont: 85.13% | Task: 83.26% | Resolved: 99.95% | Delay: 2.473s | Energy: 16753.05J | LB: 0.250
2026-05-10 05:01:05,565 | INFO |   Reward | D: 6706.21 | E: 4896.73 | Q: 3820.00 | H: 676.93 | LB: -0.35 | Enq: 132.09 | Pen: -1793.54
2026-05-10 05:01:50,115 | INFO | Update  320 | Steps: 655,360 | Episodes:   320 | EpReward:   744.49 | FPS:     46 | Actor Loss: -0.0005 | Critic Loss: 0.0227
2026-05-10 05:01:50,115 | INFO |   Env | HO: 75.26% | Cont: 93.66% | Task: 87.10% | Resolved: 99.98% | Delay: 2.366s | Energy: 16882.18J | LB: 0.325
2026-05-10 05:01:50,115 | INFO |   Reward | D: 7148.17 | E: 4987.91 | Q: 4273.60 | H: 255.88 | LB: -2.12 | Enq: 125.82 | Pen: -1124.88
2026-05-10 05:02:26,803 | INFO | Update  321 | Steps: 657,408 | Episodes:   321 | EpReward:   744.41 | FPS:     56 | Actor Loss: -0.0000 | Critic Loss: 0.0052
2026-05-10 05:02:26,803 | INFO |   Env | HO: 75.74% | Cont: 89.45% | Task: 85.13% | Resolved: 99.96% | Delay: 2.422s | Energy: 16398.11J | LB: 0.259
2026-05-10 05:02:26,804 | INFO |   Reward | D: 6795.07 | E: 4850.88 | Q: 3966.40 | H: 457.33 | LB: -0.60 | Enq: 129.85 | Pen: -1422.43
2026-05-10 05:03:19,417 | INFO | Update  322 | Steps: 659,456 | Episodes:   322 | EpReward:   744.51 | FPS:     39 | Actor Loss: -0.0004 | Critic Loss: 0.0072
2026-05-10 05:03:19,417 | INFO |   Env | HO: 77.40% | Cont: 90.69% | Task: 85.59% | Resolved: 99.96% | Delay: 2.401s | Energy: 16667.84J | LB: 0.272
2026-05-10 05:03:19,417 | INFO |   Reward | D: 6956.19 | E: 4940.89 | Q: 4068.40 | H: 421.27 | LB: -0.32 | Enq: 130.42 | Pen: -1329.00
2026-05-10 05:04:00,441 | INFO | Update  323 | Steps: 661,504 | Episodes:   323 | EpReward:   744.15 | FPS:     50 | Actor Loss: -0.0002 | Critic Loss: 0.0091
2026-05-10 05:04:00,442 | INFO |   Env | HO: 75.14% | Cont: 82.42% | Task: 82.34% | Resolved: 99.90% | Delay: 2.513s | Energy: 16202.25J | LB: 0.262
2026-05-10 05:04:00,442 | INFO |   Reward | D: 6550.50 | E: 4862.31 | Q: 3693.20 | H: 755.25 | LB: -1.29 | Enq: 136.24 | Pen: -1951.99
2026-05-10 05:04:32,929 | INFO | Update  324 | Steps: 663,552 | Episodes:   324 | EpReward:   744.34 | FPS:     63 | Actor Loss: -0.0001 | Critic Loss: 0.0042
2026-05-10 05:04:32,929 | INFO |   Env | HO: 76.94% | Cont: 89.53% | Task: 85.26% | Resolved: 99.95% | Delay: 2.419s | Energy: 16712.95J | LB: 0.269
2026-05-10 05:04:32,929 | INFO |   Reward | D: 6920.88 | E: 4943.88 | Q: 4046.80 | H: 470.05 | LB: -1.00 | Enq: 130.83 | Pen: -1414.65
2026-05-10 05:05:04,059 | INFO | Update  325 | Steps: 665,600 | Episodes:   325 | EpReward:   744.13 | FPS:     66 | Actor Loss: -0.0003 | Critic Loss: 0.0081
2026-05-10 05:05:04,059 | INFO |   Env | HO: 75.97% | Cont: 82.12% | Task: 82.61% | Resolved: 99.96% | Delay: 2.491s | Energy: 16179.55J | LB: 0.257
2026-05-10 05:05:04,059 | INFO |   Reward | D: 6579.47 | E: 4903.23 | Q: 3741.60 | H: 806.77 | LB: -1.42 | Enq: 135.99 | Pen: -2047.94
2026-05-10 05:05:36,316 | INFO | Update  326 | Steps: 667,648 | Episodes:   326 | EpReward:   744.67 | FPS:     63 | Actor Loss: -0.0009 | Critic Loss: 0.0121
2026-05-10 05:05:36,316 | INFO |   Env | HO: 77.74% | Cont: 97.22% | Task: 87.33% | Resolved: 99.99% | Delay: 2.333s | Energy: 16823.30J | LB: 0.343
2026-05-10 05:05:36,316 | INFO |   Reward | D: 7220.01 | E: 4991.87 | Q: 4276.00 | H: 97.40 | LB: -0.02 | Enq: 124.77 | Pen: -873.92
2026-05-10 05:06:24,695 | INFO | Update  327 | Steps: 669,696 | Episodes:   327 | EpReward:   744.44 | FPS:     42 | Actor Loss: -0.0005 | Critic Loss: 0.0021
2026-05-10 05:06:24,696 | INFO |   Env | HO: 75.83% | Cont: 84.88% | Task: 83.63% | Resolved: 99.95% | Delay: 2.478s | Energy: 16571.51J | LB: 0.407
2026-05-10 05:06:24,696 | INFO |   Reward | D: 6778.61 | E: 4858.38 | Q: 3849.60 | H: 683.20 | LB: -1.22 | Enq: 123.81 | Pen: -1903.14
2026-05-10 05:06:57,823 | INFO | Update  328 | Steps: 671,744 | Episodes:   328 | EpReward:   744.19 | FPS:     62 | Actor Loss: -0.0002 | Critic Loss: 0.0046
2026-05-10 05:06:57,823 | INFO |   Env | HO: 76.37% | Cont: 82.76% | Task: 83.75% | Resolved: 99.96% | Delay: 2.480s | Energy: 16337.68J | LB: 0.285
2026-05-10 05:06:57,823 | INFO |   Reward | D: 6734.03 | E: 4908.49 | Q: 3882.80 | H: 811.23 | LB: -1.47 | Enq: 131.18 | Pen: -1998.98
2026-05-10 05:07:34,578 | INFO | Update  329 | Steps: 673,792 | Episodes:   329 | EpReward:   744.03 | FPS:     56 | Actor Loss: -0.0002 | Critic Loss: 0.0026
2026-05-10 05:07:34,579 | INFO |   Env | HO: 75.10% | Cont: 87.85% | Task: 84.29% | Resolved: 99.92% | Delay: 2.440s | Energy: 16547.11J | LB: 0.347
2026-05-10 05:07:34,582 | INFO |   Reward | D: 6856.38 | E: 4915.84 | Q: 3927.60 | H: 532.95 | LB: -0.89 | Enq: 127.03 | Pen: -1655.60
2026-05-10 05:08:18,432 | INFO | Update  330 | Steps: 675,840 | Episodes:   330 | EpReward:   743.82 | FPS:     47 | Actor Loss: -0.0001 | Critic Loss: 0.0043
2026-05-10 05:08:18,432 | INFO |   Env | HO: 74.97% | Cont: 84.77% | Task: 83.60% | Resolved: 99.96% | Delay: 2.476s | Energy: 16323.10J | LB: 0.303
2026-05-10 05:08:18,432 | INFO |   Reward | D: 6737.33 | E: 4911.88 | Q: 3860.00 | H: 676.68 | LB: -1.09 | Enq: 129.76 | Pen: -1859.91
2026-05-10 05:08:58,352 | INFO | Update  331 | Steps: 677,888 | Episodes:   331 | EpReward:   743.86 | FPS:     51 | Actor Loss: -0.0002 | Critic Loss: 0.0039
2026-05-10 05:08:58,353 | INFO |   Env | HO: 75.15% | Cont: 88.88% | Task: 85.00% | Resolved: 99.94% | Delay: 2.409s | Energy: 16568.68J | LB: 0.316
2026-05-10 05:08:58,353 | INFO |   Reward | D: 6965.66 | E: 4971.25 | Q: 4025.20 | H: 512.75 | LB: -0.91 | Enq: 126.57 | Pen: -1623.87
2026-05-10 05:09:40,050 | INFO | Update  332 | Steps: 679,936 | Episodes:   332 | EpReward:   743.88 | FPS:     49 | Actor Loss: -0.0005 | Critic Loss: 0.0039
2026-05-10 05:09:40,054 | INFO |   Env | HO: 76.26% | Cont: 85.37% | Task: 84.13% | Resolved: 99.96% | Delay: 2.445s | Energy: 16574.72J | LB: 0.279
2026-05-10 05:09:40,054 | INFO |   Reward | D: 6823.73 | E: 4929.41 | Q: 3923.20 | H: 691.95 | LB: -0.68 | Enq: 130.80 | Pen: -1809.03
2026-05-10 05:10:22,460 | INFO | Update  333 | Steps: 681,984 | Episodes:   333 | EpReward:   744.08 | FPS:     48 | Actor Loss: -0.0007 | Critic Loss: 0.0031
2026-05-10 05:10:22,461 | INFO |   Env | HO: 76.13% | Cont: 91.64% | Task: 86.29% | Resolved: 99.98% | Delay: 2.386s | Energy: 16807.33J | LB: 0.349
2026-05-10 05:10:22,461 | INFO |   Reward | D: 7024.55 | E: 4938.11 | Q: 4144.80 | H: 395.49 | LB: -1.55 | Enq: 124.24 | Pen: -1390.56
2026-05-10 05:11:12,995 | INFO | Update  334 | Steps: 684,032 | Episodes:   334 | EpReward:   744.05 | FPS:     41 | Actor Loss: -0.0002 | Critic Loss: 0.0042
2026-05-10 05:11:12,996 | INFO |   Env | HO: 77.12% | Cont: 82.47% | Task: 83.90% | Resolved: 99.96% | Delay: 2.453s | Energy: 16608.22J | LB: 0.274
2026-05-10 05:11:12,996 | INFO |   Reward | D: 6826.33 | E: 4982.53 | Q: 3926.40 | H: 907.96 | LB: -1.69 | Enq: 131.38 | Pen: -2128.37
2026-05-10 05:11:46,603 | INFO | Update  335 | Steps: 686,080 | Episodes:   335 | EpReward:   744.73 | FPS:     61 | Actor Loss: 0.0001 | Critic Loss: 0.0160
2026-05-10 05:11:46,603 | INFO |   Env | HO: 73.08% | Cont: 95.22% | Task: 87.53% | Resolved: 99.94% | Delay: 2.339s | Energy: 16955.54J | LB: 0.458
2026-05-10 05:11:46,603 | INFO |   Reward | D: 7301.11 | E: 5006.98 | Q: 4322.40 | H: 181.79 | LB: -0.98 | Enq: 121.22 | Pen: -1108.93
2026-05-10 05:12:20,220 | INFO | Update  336 | Steps: 688,128 | Episodes:   336 | EpReward:   744.59 | FPS:     61 | Actor Loss: -0.0001 | Critic Loss: 0.0041
2026-05-10 05:12:20,220 | INFO |   Env | HO: 74.80% | Cont: 80.70% | Task: 82.80% | Resolved: 99.96% | Delay: 2.482s | Energy: 16037.69J | LB: 0.280
2026-05-10 05:12:20,220 | INFO |   Reward | D: 6728.49 | E: 4978.89 | Q: 3818.00 | H: 907.85 | LB: -1.22 | Enq: 132.09 | Pen: -2272.62
2026-05-10 05:13:07,078 | INFO | Update  337 | Steps: 690,176 | Episodes:   337 | EpReward:   744.38 | FPS:     44 | Actor Loss: -0.0008 | Critic Loss: 0.0050
2026-05-10 05:13:07,079 | INFO |   Env | HO: 76.07% | Cont: 81.90% | Task: 82.73% | Resolved: 99.97% | Delay: 2.491s | Energy: 16126.86J | LB: 0.310
2026-05-10 05:13:07,079 | INFO |   Reward | D: 6648.36 | E: 4908.93 | Q: 3754.00 | H: 852.47 | LB: -2.68 | Enq: 132.54 | Pen: -2104.49
2026-05-10 05:13:45,623 | INFO | Update  338 | Steps: 692,224 | Episodes:   338 | EpReward:   743.62 | FPS:     53 | Actor Loss: -0.0003 | Critic Loss: 0.0075
2026-05-10 05:13:45,623 | INFO |   Env | HO: 75.63% | Cont: 76.24% | Task: 80.70% | Resolved: 99.96% | Delay: 2.564s | Energy: 15996.84J | LB: 0.284
2026-05-10 05:13:45,623 | INFO |   Reward | D: 6344.48 | E: 4817.73 | Q: 3502.00 | H: 1107.70 | LB: -3.07 | Enq: 130.94 | Pen: -2586.59
2026-05-10 05:14:30,453 | INFO | Update  339 | Steps: 694,272 | Episodes:   339 | EpReward:   743.57 | FPS:     46 | Actor Loss: -0.0005 | Critic Loss: 0.0036
2026-05-10 05:14:30,454 | INFO |   Env | HO: 74.84% | Cont: 84.32% | Task: 83.06% | Resolved: 99.93% | Delay: 2.465s | Energy: 16163.11J | LB: 0.282
2026-05-10 05:14:30,454 | INFO |   Reward | D: 6701.89 | E: 4940.68 | Q: 3814.40 | H: 696.06 | LB: -2.01 | Enq: 131.47 | Pen: -1896.96
2026-05-10 05:15:07,919 | INFO | Update  340 | Steps: 696,320 | Episodes:   340 | EpReward:   743.25 | FPS:     55 | Actor Loss: 0.0001 | Critic Loss: 0.0061
2026-05-10 05:15:07,919 | INFO |   Env | HO: 75.43% | Cont: 79.52% | Task: 81.32% | Resolved: 99.94% | Delay: 2.539s | Energy: 16266.67J | LB: 0.310
2026-05-10 05:15:07,920 | INFO |   Reward | D: 6447.21 | E: 4836.13 | Q: 3586.80 | H: 908.62 | LB: -1.00 | Enq: 133.18 | Pen: -2259.58
2026-05-10 05:15:42,041 | INFO | Update  341 | Steps: 698,368 | Episodes:   341 | EpReward:   743.38 | FPS:     60 | Actor Loss: -0.0003 | Critic Loss: 0.0030
2026-05-10 05:15:42,041 | INFO |   Env | HO: 74.87% | Cont: 88.44% | Task: 84.62% | Resolved: 99.96% | Delay: 2.439s | Energy: 16502.77J | LB: 0.328
2026-05-10 05:15:42,041 | INFO |   Reward | D: 6873.59 | E: 4889.89 | Q: 3964.00 | H: 459.81 | LB: -1.13 | Enq: 127.90 | Pen: -1521.62
2026-05-10 05:16:14,733 | INFO | Update  342 | Steps: 700,416 | Episodes:   342 | EpReward:   743.40 | FPS:     63 | Actor Loss: -0.0001 | Critic Loss: 0.0051
2026-05-10 05:16:14,733 | INFO |   Env | HO: 75.32% | Cont: 85.64% | Task: 83.64% | Resolved: 99.97% | Delay: 2.488s | Energy: 16459.57J | LB: 0.254
2026-05-10 05:16:14,733 | INFO |   Reward | D: 6693.48 | E: 4887.67 | Q: 3859.60 | H: 606.29 | LB: -0.96 | Enq: 130.72 | Pen: -1711.09
2026-05-10 05:16:14,733 | INFO | ----------------------------------------
2026-05-10 05:16:14,733 | INFO | 开始评估...
2026-05-10 05:19:23,478 | INFO | 评估结果: 奖励 = 801.51 ± 5.13, 长度 = 2000, 时延 = 2.220s, 能耗 = 169789.40J, 负载均衡 = 0.488
2026-05-10 05:19:23,478 | INFO | ----------------------------------------
2026-05-10 05:19:56,922 | INFO | Update  343 | Steps: 702,464 | Episodes:   343 | EpReward:   743.75 | FPS:     61 | Actor Loss: -0.0002 | Critic Loss: 0.0035
2026-05-10 05:19:56,922 | INFO |   Env | HO: 74.08% | Cont: 89.90% | Task: 84.71% | Resolved: 99.94% | Delay: 2.421s | Energy: 16506.68J | LB: 0.312
2026-05-10 05:19:56,922 | INFO |   Reward | D: 6939.97 | E: 4954.93 | Q: 4001.20 | H: 399.61 | LB: -0.37 | Enq: 130.52 | Pen: -1414.68
2026-05-10 05:20:30,900 | INFO | Update  344 | Steps: 704,512 | Episodes:   344 | EpReward:   743.63 | FPS:     60 | Actor Loss: -0.0002 | Critic Loss: 0.0053
2026-05-10 05:20:30,900 | INFO |   Env | HO: 74.99% | Cont: 83.40% | Task: 82.68% | Resolved: 99.96% | Delay: 2.499s | Energy: 16617.75J | LB: 0.273
2026-05-10 05:20:30,900 | INFO |   Reward | D: 6656.21 | E: 4894.49 | Q: 3766.40 | H: 724.29 | LB: -1.23 | Enq: 132.11 | Pen: -1958.49
2026-05-10 05:21:04,270 | INFO | Update  345 | Steps: 706,560 | Episodes:   345 | EpReward:   743.72 | FPS:     61 | Actor Loss: -0.0002 | Critic Loss: 0.0036
2026-05-10 05:21:04,271 | INFO |   Env | HO: 75.54% | Cont: 89.03% | Task: 84.94% | Resolved: 99.97% | Delay: 2.428s | Energy: 16772.54J | LB: 0.312
2026-05-10 05:21:04,271 | INFO |   Reward | D: 6932.08 | E: 4965.50 | Q: 4031.60 | H: 468.62 | LB: -0.55 | Enq: 130.60 | Pen: -1495.02
2026-05-10 05:21:52,604 | INFO | Update  346 | Steps: 708,608 | Episodes:   346 | EpReward:   743.71 | FPS:     42 | Actor Loss: 0.0002 | Critic Loss: 0.0051
2026-05-10 05:21:52,604 | INFO |   Env | HO: 75.09% | Cont: 86.63% | Task: 84.21% | Resolved: 99.99% | Delay: 2.451s | Energy: 16265.63J | LB: 0.250
2026-05-10 05:21:52,604 | INFO |   Reward | D: 6812.82 | E: 4886.57 | Q: 3910.00 | H: 550.93 | LB: -0.60 | Enq: 129.47 | Pen: -1621.32
2026-05-10 05:22:40,638 | INFO | Update  347 | Steps: 710,656 | Episodes:   347 | EpReward:   743.75 | FPS:     43 | Actor Loss: -0.0001 | Critic Loss: 0.0028
2026-05-10 05:22:40,638 | INFO |   Env | HO: 75.73% | Cont: 90.51% | Task: 85.46% | Resolved: 99.98% | Delay: 2.413s | Energy: 16548.46J | LB: 0.274
2026-05-10 05:22:40,638 | INFO |   Reward | D: 7038.30 | E: 4976.06 | Q: 4094.00 | H: 383.39 | LB: -0.47 | Enq: 130.80 | Pen: -1317.31
2026-05-10 05:23:21,595 | INFO | Update  348 | Steps: 712,704 | Episodes:   348 | EpReward:   744.01 | FPS:     50 | Actor Loss: 0.0002 | Critic Loss: 0.0050
2026-05-10 05:23:21,602 | INFO |   Env | HO: 76.27% | Cont: 92.14% | Task: 86.20% | Resolved: 99.99% | Delay: 2.383s | Energy: 16265.77J | LB: 0.273
2026-05-10 05:23:21,602 | INFO |   Reward | D: 6988.23 | E: 4949.77 | Q: 4135.20 | H: 333.40 | LB: -0.55 | Enq: 130.83 | Pen: -1222.85
2026-05-10 05:23:53,064 | INFO | Update  349 | Steps: 714,752 | Episodes:   349 | EpReward:   744.33 | FPS:     65 | Actor Loss: 0.0001 | Critic Loss: 0.0039
2026-05-10 05:23:53,064 | INFO |   Env | HO: 74.64% | Cont: 93.10% | Task: 86.52% | Resolved: 99.97% | Delay: 2.377s | Energy: 16604.63J | LB: 0.334
2026-05-10 05:23:53,064 | INFO |   Reward | D: 7086.40 | E: 4974.21 | Q: 4193.60 | H: 269.57 | LB: -0.57 | Enq: 126.57 | Pen: -1182.24
2026-05-10 05:24:24,238 | INFO | Update  350 | Steps: 716,800 | Episodes:   350 | EpReward:   744.52 | FPS:     66 | Actor Loss: -0.0001 | Critic Loss: 0.0081
2026-05-10 05:24:24,238 | INFO |   Env | HO: 74.69% | Cont: 90.40% | Task: 85.69% | Resolved: 99.94% | Delay: 2.403s | Energy: 16453.30J | LB: 0.326
2026-05-10 05:24:24,238 | INFO |   Reward | D: 6931.86 | E: 4905.13 | Q: 4070.40 | H: 393.01 | LB: -0.61 | Enq: 125.78 | Pen: -1386.02
2026-05-10 05:24:54,174 | INFO | Update  351 | Steps: 718,848 | Episodes:   351 | EpReward:   744.78 | FPS:     68 | Actor Loss: -0.0004 | Critic Loss: 0.0032
2026-05-10 05:24:54,174 | INFO |   Env | HO: 75.39% | Cont: 95.56% | Task: 86.86% | Resolved: 99.98% | Delay: 2.351s | Energy: 16811.69J | LB: 0.334
2026-05-10 05:24:54,174 | INFO |   Reward | D: 7086.13 | E: 4952.79 | Q: 4206.80 | H: 153.48 | LB: -0.51 | Enq: 123.33 | Pen: -982.77
2026-05-10 05:25:24,631 | INFO | Update  352 | Steps: 720,896 | Episodes:   352 | EpReward:   745.20 | FPS:     67 | Actor Loss: -0.0000 | Critic Loss: 0.0061
2026-05-10 05:25:24,632 | INFO |   Env | HO: 74.78% | Cont: 95.75% | Task: 87.45% | Resolved: 99.94% | Delay: 2.348s | Energy: 16726.58J | LB: 0.323
2026-05-10 05:25:24,632 | INFO |   Reward | D: 7182.33 | E: 4985.34 | Q: 4291.20 | H: 155.81 | LB: -0.47 | Enq: 127.03 | Pen: -946.98
2026-05-10 05:25:58,067 | INFO | Update  353 | Steps: 722,944 | Episodes:   353 | EpReward:   745.57 | FPS:     61 | Actor Loss: 0.0001 | Critic Loss: 0.0054
2026-05-10 05:25:58,073 | INFO |   Env | HO: 75.18% | Cont: 96.30% | Task: 87.75% | Resolved: 99.98% | Delay: 2.330s | Energy: 16512.43J | LB: 0.270
2026-05-10 05:25:58,073 | INFO |   Reward | D: 7229.85 | E: 5017.90 | Q: 4336.80 | H: 131.84 | LB: -0.39 | Enq: 127.40 | Pen: -922.65
2026-05-10 05:26:33,118 | INFO | Update  354 | Steps: 724,992 | Episodes:   354 | EpReward:   746.13 | FPS:     58 | Actor Loss: 0.0000 | Critic Loss: 0.0045
2026-05-10 05:26:33,125 | INFO |   Env | HO: 75.81% | Cont: 96.64% | Task: 87.90% | Resolved: 99.96% | Delay: 2.331s | Energy: 16788.33J | LB: 0.361
2026-05-10 05:26:33,125 | INFO |   Reward | D: 7270.16 | E: 5021.67 | Q: 4362.40 | H: 124.72 | LB: -0.00 | Enq: 124.04 | Pen: -947.79
2026-05-10 05:27:06,978 | INFO | Update  355 | Steps: 727,040 | Episodes:   355 | EpReward:   746.36 | FPS:     60 | Actor Loss: -0.0002 | Critic Loss: 0.0281
2026-05-10 05:27:06,978 | INFO |   Env | HO: 76.83% | Cont: 96.93% | Task: 88.01% | Resolved: 99.98% | Delay: 2.333s | Energy: 16764.55J | LB: 0.380
2026-05-10 05:27:06,978 | INFO |   Reward | D: 7282.73 | E: 4992.26 | Q: 4353.60 | H: 103.00 | LB: -0.31 | Enq: 123.40 | Pen: -893.32
2026-05-10 05:27:38,855 | INFO | Update  356 | Steps: 729,088 | Episodes:   356 | EpReward:   746.52 | FPS:     64 | Actor Loss: -0.0004 | Critic Loss: 0.0196
2026-05-10 05:27:38,855 | INFO |   Env | HO: 75.45% | Cont: 97.91% | Task: 87.83% | Resolved: 99.96% | Delay: 2.330s | Energy: 16720.16J | LB: 0.365
2026-05-10 05:27:38,856 | INFO |   Reward | D: 7147.17 | E: 4947.23 | Q: 4288.40 | H: 63.12 | LB: -0.28 | Enq: 122.69 | Pen: -813.91
2026-05-10 05:28:15,650 | INFO | Update  357 | Steps: 731,136 | Episodes:   357 | EpReward:   746.84 | FPS:     56 | Actor Loss: -0.0001 | Critic Loss: 0.0089
2026-05-10 05:28:15,650 | INFO |   Env | HO: 75.31% | Cont: 95.53% | Task: 87.13% | Resolved: 99.99% | Delay: 2.351s | Energy: 16622.82J | LB: 0.332
2026-05-10 05:28:15,650 | INFO |   Reward | D: 7146.72 | E: 4979.89 | Q: 4252.80 | H: 156.40 | LB: -0.54 | Enq: 125.16 | Pen: -989.83
2026-05-10 05:28:47,045 | INFO | Update  358 | Steps: 733,184 | Episodes:   358 | EpReward:   747.10 | FPS:     65 | Actor Loss: 0.0001 | Critic Loss: 0.0067
2026-05-10 05:28:47,045 | INFO |   Env | HO: 76.21% | Cont: 95.91% | Task: 87.26% | Resolved: 99.97% | Delay: 2.346s | Energy: 16944.54J | LB: 0.442
2026-05-10 05:28:47,045 | INFO |   Reward | D: 7213.49 | E: 4991.42 | Q: 4288.80 | H: 136.78 | LB: -0.50 | Enq: 121.14 | Pen: -999.93
2026-05-10 05:29:18,651 | INFO | Update  359 | Steps: 735,232 | Episodes:   359 | EpReward:   747.09 | FPS:     65 | Actor Loss: -0.0005 | Critic Loss: 0.0048
2026-05-10 05:29:18,652 | INFO |   Env | HO: 73.75% | Cont: 91.13% | Task: 85.71% | Resolved: 99.99% | Delay: 2.414s | Energy: 16383.06J | LB: 0.327
2026-05-10 05:29:18,652 | INFO |   Reward | D: 7047.13 | E: 4954.38 | Q: 4109.60 | H: 321.53 | LB: -0.90 | Enq: 128.49 | Pen: -1273.92
2026-05-10 05:29:52,527 | INFO | Update  360 | Steps: 737,280 | Episodes:   360 | EpReward:   747.45 | FPS:     60 | Actor Loss: -0.0003 | Critic Loss: 0.0060
2026-05-10 05:29:52,527 | INFO |   Env | HO: 74.21% | Cont: 96.05% | Task: 87.47% | Resolved: 99.95% | Delay: 2.358s | Energy: 17362.02J | LB: 0.413
2026-05-10 05:29:52,527 | INFO |   Reward | D: 7308.14 | E: 5015.12 | Q: 4336.00 | H: 145.06 | LB: -0.25 | Enq: 122.39 | Pen: -1003.35
2026-05-10 05:30:31,906 | INFO | Update  361 | Steps: 739,328 | Episodes:   361 | EpReward:   747.38 | FPS:     52 | Actor Loss: -0.0001 | Critic Loss: 0.0058
2026-05-10 05:30:31,907 | INFO |   Env | HO: 77.22% | Cont: 94.68% | Task: 86.66% | Resolved: 99.96% | Delay: 2.370s | Energy: 16612.31J | LB: 0.310
2026-05-10 05:30:31,907 | INFO |   Reward | D: 7027.54 | E: 4909.16 | Q: 4158.40 | H: 202.08 | LB: -0.41 | Enq: 127.35 | Pen: -989.44
2026-05-10 05:31:04,854 | INFO | Update  362 | Steps: 741,376 | Episodes:   362 | EpReward:   747.59 | FPS:     62 | Actor Loss: -0.0001 | Critic Loss: 0.0050
2026-05-10 05:31:04,854 | INFO |   Env | HO: 72.16% | Cont: 95.60% | Task: 87.05% | Resolved: 99.97% | Delay: 2.346s | Energy: 16636.05J | LB: 0.379
2026-05-10 05:31:04,854 | INFO |   Reward | D: 7177.51 | E: 4974.56 | Q: 4244.00 | H: 141.95 | LB: -0.67 | Enq: 124.60 | Pen: -978.88
2026-05-10 05:31:37,105 | INFO | Update  363 | Steps: 743,424 | Episodes:   363 | EpReward:   747.66 | FPS:     64 | Actor Loss: 0.0001 | Critic Loss: 0.0051
2026-05-10 05:31:37,109 | INFO |   Env | HO: 74.46% | Cont: 92.36% | Task: 85.88% | Resolved: 99.95% | Delay: 2.391s | Energy: 16558.28J | LB: 0.317
2026-05-10 05:31:37,109 | INFO |   Reward | D: 6982.29 | E: 4978.10 | Q: 4143.60 | H: 269.24 | LB: -0.69 | Enq: 130.64 | Pen: -1155.02
2026-05-10 05:32:16,267 | INFO | Update  364 | Steps: 745,472 | Episodes:   364 | EpReward:   747.76 | FPS:     52 | Actor Loss: 0.0001 | Critic Loss: 0.0036
2026-05-10 05:32:16,268 | INFO |   Env | HO: 75.08% | Cont: 93.74% | Task: 85.96% | Resolved: 99.96% | Delay: 2.375s | Energy: 16751.07J | LB: 0.317
2026-05-10 05:32:16,268 | INFO |   Reward | D: 7073.72 | E: 4951.56 | Q: 4124.80 | H: 221.61 | LB: -0.44 | Enq: 123.92 | Pen: -1131.06
2026-05-10 05:32:47,804 | INFO | Update  365 | Steps: 747,520 | Episodes:   365 | EpReward:   747.69 | FPS:     65 | Actor Loss: -0.0005 | Critic Loss: 0.0050
2026-05-10 05:32:47,805 | INFO |   Env | HO: 75.26% | Cont: 91.14% | Task: 85.61% | Resolved: 99.97% | Delay: 2.400s | Energy: 16407.98J | LB: 0.266
2026-05-10 05:32:47,805 | INFO |   Reward | D: 7050.45 | E: 5007.68 | Q: 4134.40 | H: 332.10 | LB: -0.44 | Enq: 131.55 | Pen: -1260.61
2026-05-10 05:33:23,392 | INFO | Update  366 | Steps: 749,568 | Episodes:   366 | EpReward:   747.69 | FPS:     58 | Actor Loss: -0.0001 | Critic Loss: 0.0040
2026-05-10 05:33:23,396 | INFO |   Env | HO: 74.67% | Cont: 94.87% | Task: 86.57% | Resolved: 99.97% | Delay: 2.370s | Energy: 16801.94J | LB: 0.305
2026-05-10 05:33:23,396 | INFO |   Reward | D: 7075.23 | E: 4961.92 | Q: 4182.80 | H: 180.63 | LB: -0.55 | Enq: 126.01 | Pen: -1014.37
2026-05-10 05:34:10,489 | INFO | Update  367 | Steps: 751,616 | Episodes:   367 | EpReward:   747.29 | FPS:     43 | Actor Loss: -0.0003 | Critic Loss: 0.0064
2026-05-10 05:34:10,490 | INFO |   Env | HO: 74.84% | Cont: 89.66% | Task: 85.26% | Resolved: 99.96% | Delay: 2.420s | Energy: 16230.64J | LB: 0.282
2026-05-10 05:34:10,490 | INFO |   Reward | D: 6866.22 | E: 4873.97 | Q: 4007.60 | H: 391.02 | LB: -0.65 | Enq: 127.16 | Pen: -1377.90
2026-05-10 05:34:41,477 | INFO | Update  368 | Steps: 753,664 | Episodes:   368 | EpReward:   747.30 | FPS:     66 | Actor Loss: -0.0003 | Critic Loss: 0.0035
2026-05-10 05:34:41,481 | INFO |   Env | HO: 75.51% | Cont: 94.13% | Task: 87.05% | Resolved: 99.97% | Delay: 2.351s | Energy: 16561.17J | LB: 0.400
2026-05-10 05:34:41,481 | INFO |   Reward | D: 7229.48 | E: 4982.75 | Q: 4258.40 | H: 215.26 | LB: -0.17 | Enq: 124.38 | Pen: -1112.94
2026-05-10 05:35:16,652 | INFO | Update  369 | Steps: 755,712 | Episodes:   369 | EpReward:   746.78 | FPS:     58 | Actor Loss: -0.0000 | Critic Loss: 0.0067
2026-05-10 05:35:16,653 | INFO |   Env | HO: 75.75% | Cont: 84.63% | Task: 82.39% | Resolved: 99.95% | Delay: 2.503s | Energy: 16056.36J | LB: 0.280
2026-05-10 05:35:16,653 | INFO |   Reward | D: 6700.32 | E: 4904.67 | Q: 3756.00 | H: 607.55 | LB: -0.61 | Enq: 131.46 | Pen: -1764.19
2026-05-10 05:35:52,583 | INFO | Update  370 | Steps: 757,760 | Episodes:   370 | EpReward:   746.68 | FPS:     57 | Actor Loss: 0.0000 | Critic Loss: 0.0035
2026-05-10 05:35:52,583 | INFO |   Env | HO: 76.05% | Cont: 91.22% | Task: 85.38% | Resolved: 99.94% | Delay: 2.396s | Energy: 16402.69J | LB: 0.333
2026-05-10 05:35:52,583 | INFO |   Reward | D: 7070.20 | E: 4944.69 | Q: 4071.20 | H: 317.02 | LB: -1.17 | Enq: 126.02 | Pen: -1271.80
2026-05-10 05:36:30,081 | INFO | Update  371 | Steps: 759,808 | Episodes:   371 | EpReward:   746.34 | FPS:     55 | Actor Loss: -0.0003 | Critic Loss: 0.0058
2026-05-10 05:36:30,081 | INFO |   Env | HO: 76.33% | Cont: 87.08% | Task: 84.12% | Resolved: 99.95% | Delay: 2.440s | Energy: 16117.82J | LB: 0.287
2026-05-10 05:36:30,081 | INFO |   Reward | D: 6877.10 | E: 4952.09 | Q: 3940.80 | H: 522.82 | LB: -1.45 | Enq: 131.10 | Pen: -1574.20
2026-05-10 05:37:01,880 | INFO | Update  372 | Steps: 761,856 | Episodes:   372 | EpReward:   746.20 | FPS:     64 | Actor Loss: 0.0003 | Critic Loss: 0.0046
2026-05-10 05:37:01,880 | INFO |   Env | HO: 75.43% | Cont: 92.35% | Task: 86.11% | Resolved: 99.97% | Delay: 2.393s | Energy: 16136.09J | LB: 0.306
2026-05-10 05:37:01,880 | INFO |   Reward | D: 6974.53 | E: 4946.56 | Q: 4126.00 | H: 310.66 | LB: -1.84 | Enq: 128.80 | Pen: -1202.89
2026-05-10 05:37:34,334 | INFO | Update  373 | Steps: 763,904 | Episodes:   373 | EpReward:   745.58 | FPS:     63 | Actor Loss: -0.0002 | Critic Loss: 0.0041
2026-05-10 05:37:34,334 | INFO |   Env | HO: 77.26% | Cont: 85.20% | Task: 83.25% | Resolved: 99.97% | Delay: 2.474s | Energy: 15625.31J | LB: 0.299
2026-05-10 05:37:34,334 | INFO |   Reward | D: 6679.06 | E: 4859.79 | Q: 3789.20 | H: 618.95 | LB: -1.07 | Enq: 128.87 | Pen: -1693.74
2026-05-10 05:38:07,300 | INFO | Update  374 | Steps: 765,952 | Episodes:   374 | EpReward:   745.42 | FPS:     62 | Actor Loss: -0.0001 | Critic Loss: 0.0042
2026-05-10 05:38:07,300 | INFO |   Env | HO: 76.41% | Cont: 92.88% | Task: 85.64% | Resolved: 99.96% | Delay: 2.386s | Energy: 16266.95J | LB: 0.287
2026-05-10 05:38:07,300 | INFO |   Reward | D: 6944.90 | E: 4898.92 | Q: 4044.00 | H: 276.76 | LB: -1.11 | Enq: 126.38 | Pen: -1147.30
2026-05-10 05:38:41,111 | INFO | Update  375 | Steps: 768,000 | Episodes:   375 | EpReward:   744.92 | FPS:     61 | Actor Loss: -0.0001 | Critic Loss: 0.0038
2026-05-10 05:38:41,115 | INFO |   Env | HO: 75.17% | Cont: 87.78% | Task: 83.83% | Resolved: 99.95% | Delay: 2.447s | Energy: 15848.34J | LB: 0.300
2026-05-10 05:38:41,115 | INFO |   Reward | D: 6797.61 | E: 4894.07 | Q: 3860.40 | H: 462.60 | LB: -1.28 | Enq: 130.69 | Pen: -1500.16
2026-05-10 05:39:12,200 | INFO | Update  376 | Steps: 770,048 | Episodes:   376 | EpReward:   745.08 | FPS:     66 | Actor Loss: -0.0080 | Critic Loss: 0.0256
2026-05-10 05:39:12,200 | INFO |   Env | HO: 78.70% | Cont: 98.12% | Task: 88.22% | Resolved: 99.97% | Delay: 2.320s | Energy: 17156.68J | LB: 0.407
2026-05-10 05:39:12,200 | INFO |   Reward | D: 7397.51 | E: 5048.93 | Q: 4419.60 | H: 58.78 | LB: -0.68 | Enq: 120.74 | Pen: -865.45
2026-05-10 05:39:59,929 | INFO | Update  377 | Steps: 772,096 | Episodes:   377 | EpReward:   744.63 | FPS:     43 | Actor Loss: 0.0002 | Critic Loss: 0.0022
2026-05-10 05:39:59,929 | INFO |   Env | HO: 74.92% | Cont: 90.22% | Task: 85.34% | Resolved: 99.92% | Delay: 2.417s | Energy: 16214.46J | LB: 0.308
2026-05-10 05:39:59,929 | INFO |   Reward | D: 6913.54 | E: 4933.82 | Q: 4034.40 | H: 405.27 | LB: -0.13 | Enq: 127.59 | Pen: -1410.10
2026-05-10 05:40:33,353 | INFO | Update  378 | Steps: 774,144 | Episodes:   378 | EpReward:   744.03 | FPS:     61 | Actor Loss: -0.0000 | Critic Loss: 0.0027
2026-05-10 05:40:33,353 | INFO |   Env | HO: 76.00% | Cont: 88.60% | Task: 84.57% | Resolved: 99.98% | Delay: 2.428s | Energy: 16211.44J | LB: 0.292
2026-05-10 05:40:33,353 | INFO |   Reward | D: 6796.27 | E: 4899.14 | Q: 3936.40 | H: 487.94 | LB: -1.70 | Enq: 128.73 | Pen: -1523.31
2026-05-10 05:41:05,450 | INFO | Update  379 | Steps: 776,192 | Episodes:   379 | EpReward:   743.62 | FPS:     64 | Actor Loss: -0.0001 | Critic Loss: 0.0030
2026-05-10 05:41:05,450 | INFO |   Env | HO: 74.60% | Cont: 90.15% | Task: 85.25% | Resolved: 99.93% | Delay: 2.422s | Energy: 16754.91J | LB: 0.376
2026-05-10 05:41:05,450 | INFO |   Reward | D: 7002.95 | E: 4954.20 | Q: 4064.80 | H: 405.91 | LB: -1.13 | Enq: 125.92 | Pen: -1467.76
2026-05-10 05:41:36,599 | INFO | Update  380 | Steps: 778,240 | Episodes:   380 | EpReward:   742.79 | FPS:     66 | Actor Loss: -0.0001 | Critic Loss: 0.0041
2026-05-10 05:41:36,600 | INFO |   Env | HO: 76.36% | Cont: 86.24% | Task: 84.00% | Resolved: 99.95% | Delay: 2.442s | Energy: 15936.19J | LB: 0.271
2026-05-10 05:41:36,600 | INFO |   Reward | D: 6748.89 | E: 4926.56 | Q: 3888.40 | H: 620.47 | LB: -1.08 | Enq: 131.73 | Pen: -1703.65
2026-05-10 05:42:05,417 | INFO | Update  381 | Steps: 780,288 | Episodes:   381 | EpReward:   742.34 | FPS:     71 | Actor Loss: -0.0002 | Critic Loss: 0.0028
2026-05-10 05:42:05,417 | INFO |   Env | HO: 76.25% | Cont: 89.43% | Task: 85.38% | Resolved: 99.96% | Delay: 2.413s | Energy: 16516.16J | LB: 0.322
2026-05-10 05:42:05,417 | INFO |   Reward | D: 6961.76 | E: 4910.55 | Q: 4037.20 | H: 480.07 | LB: -0.50 | Enq: 126.63 | Pen: -1509.21
2026-05-10 05:42:38,635 | INFO | Update  382 | Steps: 782,336 | Episodes:   382 | EpReward:   741.53 | FPS:     62 | Actor Loss: 0.0000 | Critic Loss: 0.0044
2026-05-10 05:42:38,636 | INFO |   Env | HO: 75.72% | Cont: 83.14% | Task: 82.78% | Resolved: 99.97% | Delay: 2.472s | Energy: 15970.23J | LB: 0.279
2026-05-10 05:42:38,636 | INFO |   Reward | D: 6712.03 | E: 4901.59 | Q: 3765.60 | H: 736.16 | LB: -1.47 | Enq: 130.38 | Pen: -1943.34
2026-05-10 05:43:15,970 | INFO | Update  383 | Steps: 784,384 | Episodes:   383 | EpReward:   740.92 | FPS:     55 | Actor Loss: -0.0001 | Critic Loss: 0.0022
2026-05-10 05:43:15,971 | INFO |   Env | HO: 74.62% | Cont: 87.55% | Task: 84.18% | Resolved: 99.96% | Delay: 2.428s | Energy: 16211.21J | LB: 0.318
2026-05-10 05:43:15,971 | INFO |   Reward | D: 6812.15 | E: 4921.55 | Q: 3917.20 | H: 542.14 | LB: -1.52 | Enq: 126.24 | Pen: -1685.31
2026-05-10 05:43:53,040 | INFO | Update  384 | Steps: 786,432 | Episodes:   384 | EpReward:   740.04 | FPS:     55 | Actor Loss: -0.0002 | Critic Loss: 0.0044
2026-05-10 05:43:53,040 | INFO |   Env | HO: 75.22% | Cont: 80.43% | Task: 82.47% | Resolved: 99.94% | Delay: 2.494s | Energy: 16158.55J | LB: 0.262
2026-05-10 05:43:53,040 | INFO |   Reward | D: 6597.05 | E: 4894.46 | Q: 3722.00 | H: 887.17 | LB: -1.75 | Enq: 131.23 | Pen: -2215.52
2026-05-10 05:44:27,961 | INFO | Update  385 | Steps: 788,480 | Episodes:   385 | EpReward:   739.40 | FPS:     59 | Actor Loss: -0.0002 | Critic Loss: 0.0022
2026-05-10 05:44:27,961 | INFO |   Env | HO: 76.11% | Cont: 84.74% | Task: 83.89% | Resolved: 99.92% | Delay: 2.437s | Energy: 15713.77J | LB: 0.303
2026-05-10 05:44:27,963 | INFO |   Reward | D: 6754.14 | E: 4954.25 | Q: 3885.60 | H: 726.20 | LB: -1.59 | Enq: 130.07 | Pen: -1919.62
2026-05-10 05:45:15,845 | INFO | Update  386 | Steps: 790,528 | Episodes:   386 | EpReward:   738.69 | FPS:     43 | Actor Loss: -0.0002 | Critic Loss: 0.0045
2026-05-10 05:45:15,846 | INFO |   Env | HO: 75.49% | Cont: 81.50% | Task: 83.56% | Resolved: 99.96% | Delay: 2.470s | Energy: 15844.00J | LB: 0.249
2026-05-10 05:45:15,846 | INFO |   Reward | D: 6680.82 | E: 4949.04 | Q: 3852.00 | H: 876.68 | LB: -1.17 | Enq: 134.57 | Pen: -2130.30
2026-05-10 05:45:49,546 | INFO | Update  387 | Steps: 792,576 | Episodes:   387 | EpReward:   737.99 | FPS:     61 | Actor Loss: -0.0002 | Critic Loss: 0.0021
2026-05-10 05:45:49,546 | INFO |   Env | HO: 73.63% | Cont: 84.82% | Task: 83.69% | Resolved: 99.95% | Delay: 2.444s | Energy: 15717.89J | LB: 0.303
2026-05-10 05:45:49,546 | INFO |   Reward | D: 6720.51 | E: 4906.48 | Q: 3842.00 | H: 664.90 | LB: -1.75 | Enq: 128.08 | Pen: -1921.90
2026-05-10 05:46:28,272 | INFO | Update  388 | Steps: 794,624 | Episodes:   388 | EpReward:   737.00 | FPS:     53 | Actor Loss: -0.0004 | Critic Loss: 0.0043
2026-05-10 05:46:28,272 | INFO |   Env | HO: 75.75% | Cont: 80.19% | Task: 82.46% | Resolved: 99.96% | Delay: 2.500s | Energy: 15713.47J | LB: 0.275
2026-05-10 05:46:28,272 | INFO |   Reward | D: 6611.47 | E: 4946.66 | Q: 3744.40 | H: 939.28 | LB: -1.41 | Enq: 133.02 | Pen: -2291.41
2026-05-10 05:47:06,141 | INFO | Update  389 | Steps: 796,672 | Episodes:   389 | EpReward:   736.57 | FPS:     54 | Actor Loss: -0.0005 | Critic Loss: 0.0058
2026-05-10 05:47:06,142 | INFO |   Env | HO: 76.01% | Cont: 84.91% | Task: 84.49% | Resolved: 99.92% | Delay: 2.443s | Energy: 16258.75J | LB: 0.265
2026-05-10 05:47:06,142 | INFO |   Reward | D: 6866.89 | E: 4964.05 | Q: 3975.20 | H: 715.76 | LB: -1.98 | Enq: 132.84 | Pen: -1875.10
2026-05-10 05:47:44,333 | INFO | Update  390 | Steps: 798,720 | Episodes:   390 | EpReward:   735.43 | FPS:     54 | Actor Loss: -0.0005 | Critic Loss: 0.0057
2026-05-10 05:47:44,333 | INFO |   Env | HO: 75.18% | Cont: 79.90% | Task: 82.95% | Resolved: 99.95% | Delay: 2.496s | Energy: 15625.06J | LB: 0.285
2026-05-10 05:47:44,333 | INFO |   Reward | D: 6560.17 | E: 4885.40 | Q: 3748.40 | H: 943.88 | LB: -1.05 | Enq: 131.19 | Pen: -2284.39
2026-05-10 05:48:19,575 | INFO | Update  391 | Steps: 800,768 | Episodes:   391 | EpReward:   734.88 | FPS:     58 | Actor Loss: -0.0001 | Critic Loss: 0.0031
2026-05-10 05:48:19,575 | INFO |   Env | HO: 76.51% | Cont: 85.16% | Task: 84.72% | Resolved: 99.94% | Delay: 2.438s | Energy: 16175.02J | LB: 0.281
2026-05-10 05:48:19,575 | INFO |   Reward | D: 6896.97 | E: 4968.20 | Q: 4009.20 | H: 709.03 | LB: -1.76 | Enq: 130.22 | Pen: -1842.44
2026-05-10 05:48:19,575 | INFO | ----------------------------------------
2026-05-10 05:48:19,575 | INFO | 开始评估...
2026-05-10 05:51:40,824 | INFO | 评估结果: 奖励 = 799.86 ± 4.17, 长度 = 2000, 时延 = 2.214s, 能耗 = 164961.98J, 负载均衡 = 0.487
2026-05-10 05:51:40,824 | INFO | ----------------------------------------
2026-05-10 05:51:40,845 | INFO | 模型已保存: /home/pjpjq/LEO_switch/results/full_train_latency_priority_20260510_010757/checkpoint_800768.pt
2026-05-10 05:52:18,267 | INFO | Update  392 | Steps: 802,816 | Episodes:   392 | EpReward:   733.89 | FPS:     55 | Actor Loss: -0.0009 | Critic Loss: 0.0074
2026-05-10 05:52:18,267 | INFO |   Env | HO: 76.04% | Cont: 79.72% | Task: 82.25% | Resolved: 99.96% | Delay: 2.485s | Energy: 16075.31J | LB: 0.259
2026-05-10 05:52:18,267 | INFO |   Reward | D: 6613.14 | E: 4933.39 | Q: 3719.60 | H: 956.37 | LB: -1.29 | Enq: 131.99 | Pen: -2266.49
2026-05-10 05:52:51,050 | INFO | Update  393 | Steps: 804,864 | Episodes:   393 | EpReward:   733.08 | FPS:     62 | Actor Loss: -0.0005 | Critic Loss: 0.0033
2026-05-10 05:52:51,051 | INFO |   Env | HO: 74.57% | Cont: 81.70% | Task: 83.13% | Resolved: 99.91% | Delay: 2.472s | Energy: 15852.35J | LB: 0.251
2026-05-10 05:52:51,051 | INFO |   Reward | D: 6766.38 | E: 4936.71 | Q: 3815.60 | H: 802.32 | LB: -1.78 | Enq: 131.67 | Pen: -2087.21
2026-05-10 05:53:23,299 | INFO | Update  394 | Steps: 806,912 | Episodes:   394 | EpReward:   732.08 | FPS:     64 | Actor Loss: -0.0004 | Critic Loss: 0.0075
2026-05-10 05:53:23,299 | INFO |   Env | HO: 74.82% | Cont: 80.33% | Task: 83.06% | Resolved: 99.93% | Delay: 2.490s | Energy: 15893.84J | LB: 0.248
2026-05-10 05:53:23,299 | INFO |   Reward | D: 6590.58 | E: 4837.45 | Q: 3756.40 | H: 879.69 | LB: -1.65 | Enq: 131.26 | Pen: -2167.14
2026-05-10 05:53:53,936 | INFO | Update  395 | Steps: 808,960 | Episodes:   395 | EpReward:   731.23 | FPS:     67 | Actor Loss: -0.0006 | Critic Loss: 0.0045
2026-05-10 05:53:53,937 | INFO |   Env | HO: 75.20% | Cont: 83.18% | Task: 83.49% | Resolved: 99.91% | Delay: 2.475s | Energy: 16235.14J | LB: 0.302
2026-05-10 05:53:53,937 | INFO |   Reward | D: 6719.45 | E: 4903.83 | Q: 3839.60 | H: 745.14 | LB: -1.54 | Enq: 131.14 | Pen: -1971.35
2026-05-10 05:54:27,921 | INFO | Update  396 | Steps: 811,008 | Episodes:   396 | EpReward:   730.35 | FPS:     60 | Actor Loss: -0.0004 | Critic Loss: 0.0068
2026-05-10 05:54:27,922 | INFO |   Env | HO: 76.30% | Cont: 81.63% | Task: 83.65% | Resolved: 99.94% | Delay: 2.461s | Energy: 15999.37J | LB: 0.291
2026-05-10 05:54:27,922 | INFO |   Reward | D: 6741.48 | E: 4924.83 | Q: 3864.40 | H: 892.74 | LB: -1.26 | Enq: 131.46 | Pen: -2133.91
2026-05-10 05:55:02,720 | INFO | Update  397 | Steps: 813,056 | Episodes:   397 | EpReward:   729.30 | FPS:     59 | Actor Loss: -0.0005 | Critic Loss: 0.0093
2026-05-10 05:55:02,720 | INFO |   Env | HO: 74.47% | Cont: 79.71% | Task: 82.66% | Resolved: 99.93% | Delay: 2.490s | Energy: 15895.85J | LB: 0.293
2026-05-10 05:55:02,720 | INFO |   Reward | D: 6619.19 | E: 4906.17 | Q: 3733.60 | H: 947.96 | LB: -2.00 | Enq: 131.62 | Pen: -2329.37
2026-05-10 05:55:47,947 | INFO | Update  398 | Steps: 815,104 | Episodes:   398 | EpReward:   728.87 | FPS:     45 | Actor Loss: 0.0001 | Critic Loss: 0.0068
2026-05-10 05:55:47,947 | INFO |   Env | HO: 75.74% | Cont: 80.09% | Task: 82.90% | Resolved: 99.91% | Delay: 2.495s | Energy: 16182.36J | LB: 0.294
2026-05-10 05:55:47,947 | INFO |   Reward | D: 6663.24 | E: 4926.73 | Q: 3788.40 | H: 974.60 | LB: -1.09 | Enq: 130.99 | Pen: -2334.96
2026-05-10 05:56:22,084 | INFO | Update  399 | Steps: 817,152 | Episodes:   399 | EpReward:   728.60 | FPS:     60 | Actor Loss: 0.0002 | Critic Loss: 0.0044
2026-05-10 05:56:22,084 | INFO |   Env | HO: 76.59% | Cont: 80.46% | Task: 83.49% | Resolved: 99.95% | Delay: 2.467s | Energy: 16086.51J | LB: 0.285
2026-05-10 05:56:22,084 | INFO |   Reward | D: 6638.90 | E: 4898.54 | Q: 3810.00 | H: 978.78 | LB: -2.49 | Enq: 129.85 | Pen: -2264.27
2026-05-10 05:56:57,317 | INFO | Update  400 | Steps: 819,200 | Episodes:   400 | EpReward:   728.19 | FPS:     58 | Actor Loss: 0.0001 | Critic Loss: 0.0073
2026-05-10 05:56:57,318 | INFO |   Env | HO: 75.81% | Cont: 80.43% | Task: 83.26% | Resolved: 99.94% | Delay: 2.481s | Energy: 16504.00J | LB: 0.286
2026-05-10 05:56:57,318 | INFO |   Reward | D: 6745.63 | E: 4946.64 | Q: 3834.80 | H: 961.96 | LB: -3.01 | Enq: 131.56 | Pen: -2283.12
2026-05-10 05:57:39,631 | INFO | Update  401 | Steps: 821,248 | Episodes:   401 | EpReward:   727.95 | FPS:     48 | Actor Loss: -0.0003 | Critic Loss: 0.0040
2026-05-10 05:57:39,631 | INFO |   Env | HO: 75.15% | Cont: 87.13% | Task: 85.51% | Resolved: 99.97% | Delay: 2.421s | Energy: 16702.62J | LB: 0.339
2026-05-10 05:57:39,631 | INFO |   Reward | D: 6928.80 | E: 4909.90 | Q: 4041.20 | H: 614.90 | LB: -1.30 | Enq: 128.77 | Pen: -1715.39
2026-05-10 05:58:19,017 | INFO | Update  402 | Steps: 823,296 | Episodes:   402 | EpReward:   727.87 | FPS:     52 | Actor Loss: -0.0007 | Critic Loss: 0.0029
2026-05-10 05:58:19,017 | INFO |   Env | HO: 76.53% | Cont: 88.44% | Task: 85.99% | Resolved: 99.93% | Delay: 2.390s | Energy: 16446.40J | LB: 0.273
2026-05-10 05:58:19,017 | INFO |   Reward | D: 7010.83 | E: 4962.14 | Q: 4114.80 | H: 548.73 | LB: -1.51 | Enq: 128.90 | Pen: -1551.67
2026-05-10 05:58:50,829 | INFO | Update  403 | Steps: 825,344 | Episodes:   403 | EpReward:   727.55 | FPS:     64 | Actor Loss: 0.0002 | Critic Loss: 0.0045
2026-05-10 05:58:50,829 | INFO |   Env | HO: 74.37% | Cont: 89.27% | Task: 85.96% | Resolved: 99.97% | Delay: 2.393s | Energy: 16815.30J | LB: 0.303
2026-05-10 05:58:50,829 | INFO |   Reward | D: 7068.35 | E: 4973.79 | Q: 4130.80 | H: 480.94 | LB: -1.41 | Enq: 127.10 | Pen: -1546.42
2026-05-10 05:59:25,484 | INFO | Update  404 | Steps: 827,392 | Episodes:   404 | EpReward:   727.35 | FPS:     59 | Actor Loss: -0.0002 | Critic Loss: 0.0031
2026-05-10 05:59:25,491 | INFO |   Env | HO: 76.49% | Cont: 90.57% | Task: 86.34% | Resolved: 99.96% | Delay: 2.388s | Energy: 16418.05J | LB: 0.337
2026-05-10 05:59:25,491 | INFO |   Reward | D: 7028.56 | E: 4962.88 | Q: 4150.80 | H: 442.61 | LB: -1.09 | Enq: 126.84 | Pen: -1402.99
2026-05-10 06:00:14,384 | INFO | Update  405 | Steps: 829,440 | Episodes:   405 | EpReward:   727.10 | FPS:     42 | Actor Loss: 0.0003 | Critic Loss: 0.0044
2026-05-10 06:00:14,385 | INFO |   Env | HO: 75.95% | Cont: 89.58% | Task: 86.18% | Resolved: 99.98% | Delay: 2.404s | Energy: 16387.34J | LB: 0.263
2026-05-10 06:00:14,385 | INFO |   Reward | D: 6903.44 | E: 4921.31 | Q: 4100.80 | H: 497.14 | LB: -1.46 | Enq: 130.20 | Pen: -1449.97
2026-05-10 06:00:58,530 | INFO | Update  406 | Steps: 831,488 | Episodes:   406 | EpReward:   726.82 | FPS:     46 | Actor Loss: 0.0003 | Critic Loss: 0.0041
2026-05-10 06:00:58,530 | INFO |   Env | HO: 75.09% | Cont: 91.96% | Task: 86.36% | Resolved: 99.99% | Delay: 2.369s | Energy: 16698.42J | LB: 0.345
2026-05-10 06:00:58,530 | INFO |   Reward | D: 7130.72 | E: 5013.66 | Q: 4196.40 | H: 347.03 | LB: -0.59 | Enq: 125.93 | Pen: -1313.14
2026-05-10 06:01:38,053 | INFO | Update  407 | Steps: 833,536 | Episodes:   407 | EpReward:   726.55 | FPS:     52 | Actor Loss: 0.0000 | Critic Loss: 0.0064
2026-05-10 06:01:38,053 | INFO |   Env | HO: 75.43% | Cont: 89.15% | Task: 85.25% | Resolved: 99.97% | Delay: 2.407s | Energy: 17079.47J | LB: 0.302
2026-05-10 06:01:38,054 | INFO |   Reward | D: 7060.68 | E: 5011.62 | Q: 4091.60 | H: 492.61 | LB: -2.25 | Enq: 132.09 | Pen: -1548.21
2026-05-10 06:02:23,143 | INFO | Update  408 | Steps: 835,584 | Episodes:   408 | EpReward:   726.23 | FPS:     45 | Actor Loss: 0.0003 | Critic Loss: 0.0049
2026-05-10 06:02:23,143 | INFO |   Env | HO: 74.64% | Cont: 91.50% | Task: 86.51% | Resolved: 99.95% | Delay: 2.384s | Energy: 17026.73J | LB: 0.377
2026-05-10 06:02:23,143 | INFO |   Reward | D: 7110.51 | E: 4962.93 | Q: 4188.80 | H: 369.49 | LB: -0.74 | Enq: 124.72 | Pen: -1372.52
2026-05-10 06:02:56,646 | INFO | Update  409 | Steps: 837,632 | Episodes:   409 | EpReward:   726.21 | FPS:     61 | Actor Loss: 0.0002 | Critic Loss: 0.0046
2026-05-10 06:02:56,657 | INFO |   Env | HO: 75.54% | Cont: 91.05% | Task: 86.63% | Resolved: 99.99% | Delay: 2.375s | Energy: 16543.76J | LB: 0.293
2026-05-10 06:02:56,657 | INFO |   Reward | D: 7100.05 | E: 4995.85 | Q: 4211.60 | H: 418.79 | LB: -0.65 | Enq: 130.97 | Pen: -1323.71
2026-05-10 06:03:30,722 | INFO | Update  410 | Steps: 839,680 | Episodes:   410 | EpReward:   726.26 | FPS:     60 | Actor Loss: -0.0004 | Critic Loss: 0.0036
2026-05-10 06:03:30,723 | INFO |   Env | HO: 75.86% | Cont: 94.64% | Task: 87.51% | Resolved: 99.99% | Delay: 2.338s | Energy: 16775.29J | LB: 0.374
2026-05-10 06:03:30,723 | INFO |   Reward | D: 7231.88 | E: 4989.39 | Q: 4298.80 | H: 236.18 | LB: -1.19 | Enq: 123.68 | Pen: -1113.01
2026-05-10 06:04:06,246 | INFO | Update  411 | Steps: 841,728 | Episodes:   411 | EpReward:   726.49 | FPS:     58 | Actor Loss: -0.0001 | Critic Loss: 0.0043
2026-05-10 06:04:06,246 | INFO |   Env | HO: 75.61% | Cont: 89.71% | Task: 85.96% | Resolved: 99.96% | Delay: 2.380s | Energy: 16186.51J | LB: 0.277
2026-05-10 06:04:06,246 | INFO |   Reward | D: 6920.63 | E: 4914.54 | Q: 4068.80 | H: 482.78 | LB: -1.38 | Enq: 130.74 | Pen: -1413.97
2026-05-10 06:04:38,556 | INFO | Update  412 | Steps: 843,776 | Episodes:   412 | EpReward:   726.66 | FPS:     63 | Actor Loss: 0.0002 | Critic Loss: 0.0076
2026-05-10 06:04:38,556 | INFO |   Env | HO: 75.76% | Cont: 94.04% | Task: 87.34% | Resolved: 99.97% | Delay: 2.347s | Energy: 16631.07J | LB: 0.320
2026-05-10 06:04:38,557 | INFO |   Reward | D: 7205.87 | E: 5002.76 | Q: 4290.00 | H: 258.07 | LB: -1.22 | Enq: 126.66 | Pen: -1141.43
2026-05-10 06:05:24,309 | INFO | Update  413 | Steps: 845,824 | Episodes:   413 | EpReward:   727.76 | FPS:     45 | Actor Loss: -0.0004 | Critic Loss: 0.0057
2026-05-10 06:05:24,314 | INFO |   Env | HO: 75.32% | Cont: 90.25% | Task: 85.80% | Resolved: 99.97% | Delay: 2.392s | Energy: 16953.85J | LB: 0.251
2026-05-10 06:05:24,314 | INFO |   Reward | D: 7054.50 | E: 5023.50 | Q: 4145.20 | H: 447.54 | LB: -1.24 | Enq: 131.68 | Pen: -1430.16
2026-05-10 06:06:13,141 | INFO | Update  414 | Steps: 847,872 | Episodes:   414 | EpReward:   728.50 | FPS:     42 | Actor Loss: -0.0001 | Critic Loss: 0.0091
2026-05-10 06:06:13,141 | INFO |   Env | HO: 74.82% | Cont: 93.30% | Task: 87.27% | Resolved: 99.92% | Delay: 2.361s | Energy: 17401.95J | LB: 0.345
2026-05-10 06:06:13,142 | INFO |   Reward | D: 7313.37 | E: 5091.94 | Q: 4369.20 | H: 289.82 | LB: -0.66 | Enq: 128.36 | Pen: -1224.15
2026-05-10 06:07:05,334 | INFO | Update  415 | Steps: 849,920 | Episodes:   415 | EpReward:   729.50 | FPS:     39 | Actor Loss: 0.0004 | Critic Loss: 0.0072
2026-05-10 06:07:05,337 | INFO |   Env | HO: 75.02% | Cont: 90.95% | Task: 86.59% | Resolved: 99.97% | Delay: 2.403s | Energy: 17528.10J | LB: 0.305
2026-05-10 06:07:05,337 | INFO |   Reward | D: 7097.56 | E: 4944.88 | Q: 4198.40 | H: 411.73 | LB: -1.40 | Enq: 127.83 | Pen: -1384.56
2026-05-10 06:07:55,527 | INFO | Update  416 | Steps: 851,968 | Episodes:   416 | EpReward:   730.01 | FPS:     41 | Actor Loss: -0.0002 | Critic Loss: 0.0051
2026-05-10 06:07:55,527 | INFO |   Env | HO: 75.84% | Cont: 95.68% | Task: 87.65% | Resolved: 99.97% | Delay: 2.337s | Energy: 17055.34J | LB: 0.338
2026-05-10 06:07:55,527 | INFO |   Reward | D: 7294.74 | E: 5034.99 | Q: 4356.00 | H: 174.98 | LB: -0.49 | Enq: 125.38 | Pen: -1031.86
2026-05-10 06:08:31,535 | INFO | Update  417 | Steps: 854,016 | Episodes:   417 | EpReward:   730.88 | FPS:     57 | Actor Loss: 0.0000 | Critic Loss: 0.0059
2026-05-10 06:08:31,535 | INFO |   Env | HO: 75.31% | Cont: 91.11% | Task: 86.04% | Resolved: 99.99% | Delay: 2.384s | Energy: 17244.27J | LB: 0.264
2026-05-10 06:08:31,536 | INFO |   Reward | D: 7058.02 | E: 5013.43 | Q: 4172.40 | H: 406.37 | LB: -0.87 | Enq: 133.02 | Pen: -1335.94
2026-05-10 06:09:02,574 | INFO | Update  418 | Steps: 856,064 | Episodes:   418 | EpReward:   731.20 | FPS:     66 | Actor Loss: -0.0001 | Critic Loss: 0.0033
2026-05-10 06:09:02,575 | INFO |   Env | HO: 75.60% | Cont: 93.24% | Task: 87.01% | Resolved: 99.99% | Delay: 2.353s | Energy: 16899.86J | LB: 0.274
2026-05-10 06:09:02,575 | INFO |   Reward | D: 7161.51 | E: 4980.01 | Q: 4242.40 | H: 312.41 | LB: -0.80 | Enq: 127.98 | Pen: -1200.23
2026-05-10 06:09:35,647 | INFO | Update  419 | Steps: 858,112 | Episodes:   419 | EpReward:   731.84 | FPS:     62 | Actor Loss: 0.0002 | Critic Loss: 0.0045
2026-05-10 06:09:35,647 | INFO |   Env | HO: 76.96% | Cont: 92.97% | Task: 87.02% | Resolved: 99.96% | Delay: 2.346s | Energy: 17051.28J | LB: 0.344
2026-05-10 06:09:35,647 | INFO |   Reward | D: 7222.21 | E: 4963.96 | Q: 4236.80 | H: 319.08 | LB: 0.10 | Enq: 127.39 | Pen: -1169.21
2026-05-10 06:10:18,351 | INFO | Update  420 | Steps: 860,160 | Episodes:   420 | EpReward:   731.98 | FPS:     48 | Actor Loss: 0.0001 | Critic Loss: 0.0097
2026-05-10 06:10:18,352 | INFO |   Env | HO: 74.34% | Cont: 95.33% | Task: 87.64% | Resolved: 99.99% | Delay: 2.345s | Energy: 17256.73J | LB: 0.333
2026-05-10 06:10:18,352 | INFO |   Reward | D: 7304.13 | E: 5032.93 | Q: 4357.20 | H: 188.03 | LB: -0.71 | Enq: 125.87 | Pen: -1042.22
2026-05-10 06:10:54,800 | INFO | Update  421 | Steps: 862,208 | Episodes:   421 | EpReward:   732.05 | FPS:     56 | Actor Loss: 0.0002 | Critic Loss: 0.0065
2026-05-10 06:10:54,805 | INFO |   Env | HO: 75.15% | Cont: 88.44% | Task: 85.16% | Resolved: 99.96% | Delay: 2.407s | Energy: 16920.87J | LB: 0.271
2026-05-10 06:10:54,806 | INFO |   Reward | D: 6864.48 | E: 4935.57 | Q: 4015.60 | H: 539.99 | LB: -0.59 | Enq: 131.16 | Pen: -1607.20
2026-05-10 06:11:33,986 | INFO | Update  422 | Steps: 864,256 | Episodes:   422 | EpReward:   732.04 | FPS:     52 | Actor Loss: 0.0002 | Critic Loss: 0.0033
2026-05-10 06:11:33,986 | INFO |   Env | HO: 74.80% | Cont: 90.10% | Task: 86.15% | Resolved: 99.96% | Delay: 2.393s | Energy: 16719.72J | LB: 0.293
2026-05-10 06:11:33,986 | INFO |   Reward | D: 6986.08 | E: 4936.01 | Q: 4115.60 | H: 457.65 | LB: -1.39 | Enq: 129.25 | Pen: -1436.13
2026-05-10 06:12:12,241 | INFO | Update  423 | Steps: 866,304 | Episodes:   423 | EpReward:   732.52 | FPS:     54 | Actor Loss: 0.0003 | Critic Loss: 0.0054
2026-05-10 06:12:12,242 | INFO |   Env | HO: 75.40% | Cont: 86.20% | Task: 85.37% | Resolved: 99.94% | Delay: 2.409s | Energy: 16962.79J | LB: 0.279
2026-05-10 06:12:12,242 | INFO |   Reward | D: 6954.18 | E: 4975.49 | Q: 4065.20 | H: 677.07 | LB: -1.93 | Enq: 132.17 | Pen: -1776.32
2026-05-10 06:12:47,073 | INFO | Update  424 | Steps: 868,352 | Episodes:   424 | EpReward:   732.67 | FPS:     59 | Actor Loss: 0.0001 | Critic Loss: 0.0071
2026-05-10 06:12:47,074 | INFO |   Env | HO: 75.97% | Cont: 93.02% | Task: 86.66% | Resolved: 99.96% | Delay: 2.362s | Energy: 16824.24J | LB: 0.272
2026-05-10 06:12:47,074 | INFO |   Reward | D: 7045.90 | E: 4971.04 | Q: 4184.80 | H: 341.40 | LB: -0.91 | Enq: 129.32 | Pen: -1236.32
2026-05-10 06:13:21,949 | INFO | Update  425 | Steps: 870,400 | Episodes:   425 | EpReward:   733.33 | FPS:     59 | Actor Loss: 0.0000 | Critic Loss: 0.0048
2026-05-10 06:13:21,949 | INFO |   Env | HO: 77.20% | Cont: 90.76% | Task: 86.59% | Resolved: 99.97% | Delay: 2.387s | Energy: 17094.45J | LB: 0.253
2026-05-10 06:13:21,949 | INFO |   Reward | D: 7079.50 | E: 4984.22 | Q: 4209.20 | H: 467.32 | LB: -0.40 | Enq: 134.21 | Pen: -1357.42
2026-05-10 06:13:54,441 | INFO | Update  426 | Steps: 872,448 | Episodes:   426 | EpReward:   733.37 | FPS:     63 | Actor Loss: -0.0017 | Critic Loss: 0.0202
2026-05-10 06:13:54,441 | INFO |   Env | HO: 76.51% | Cont: 97.56% | Task: 88.33% | Resolved: 99.98% | Delay: 2.320s | Energy: 16833.88J | LB: 0.413
2026-05-10 06:13:54,441 | INFO |   Reward | D: 7297.82 | E: 4952.24 | Q: 4352.80 | H: 87.59 | LB: -0.44 | Enq: 120.42 | Pen: -880.24
2026-05-10 06:14:32,788 | INFO | Update  427 | Steps: 874,496 | Episodes:   427 | EpReward:   733.74 | FPS:     53 | Actor Loss: -0.0001 | Critic Loss: 0.0026
2026-05-10 06:14:32,788 | INFO |   Env | HO: 76.12% | Cont: 90.84% | Task: 86.00% | Resolved: 99.98% | Delay: 2.387s | Energy: 16877.02J | LB: 0.349
2026-05-10 06:14:32,788 | INFO |   Reward | D: 6981.80 | E: 4914.92 | Q: 4083.60 | H: 443.51 | LB: 0.20 | Enq: 125.67 | Pen: -1440.51
2026-05-10 06:15:07,209 | INFO | Update  428 | Steps: 876,544 | Episodes:   428 | EpReward:   734.10 | FPS:     59 | Actor Loss: 0.0002 | Critic Loss: 0.0039
2026-05-10 06:15:07,209 | INFO |   Env | HO: 75.46% | Cont: 88.75% | Task: 85.97% | Resolved: 99.96% | Delay: 2.400s | Energy: 17279.55J | LB: 0.315
2026-05-10 06:15:07,210 | INFO |   Reward | D: 7009.46 | E: 4942.42 | Q: 4114.40 | H: 543.37 | LB: -0.90 | Enq: 130.61 | Pen: -1562.32
2026-05-10 06:15:41,623 | INFO | Update  429 | Steps: 878,592 | Episodes:   429 | EpReward:   734.36 | FPS:     60 | Actor Loss: 0.0001 | Critic Loss: 0.0020
2026-05-10 06:15:41,624 | INFO |   Env | HO: 75.41% | Cont: 90.34% | Task: 86.00% | Resolved: 99.97% | Delay: 2.400s | Energy: 17310.97J | LB: 0.309
2026-05-10 06:15:41,624 | INFO |   Reward | D: 7034.98 | E: 4978.36 | Q: 4143.60 | H: 467.20 | LB: -1.12 | Enq: 129.03 | Pen: -1478.83
2026-05-10 06:16:22,399 | INFO | Update  430 | Steps: 880,640 | Episodes:   430 | EpReward:   734.73 | FPS:     50 | Actor Loss: 0.0001 | Critic Loss: 0.0043
2026-05-10 06:16:22,399 | INFO |   Env | HO: 75.30% | Cont: 88.23% | Task: 85.47% | Resolved: 99.96% | Delay: 2.412s | Energy: 17305.86J | LB: 0.311
2026-05-10 06:16:22,399 | INFO |   Reward | D: 6973.10 | E: 5012.97 | Q: 4111.60 | H: 567.21 | LB: -1.03 | Enq: 134.80 | Pen: -1605.46
2026-05-10 06:16:52,840 | INFO | Update  431 | Steps: 882,688 | Episodes:   431 | EpReward:   734.79 | FPS:     67 | Actor Loss: -0.0002 | Critic Loss: 0.0036
2026-05-10 06:16:52,840 | INFO |   Env | HO: 75.64% | Cont: 89.05% | Task: 85.54% | Resolved: 99.96% | Delay: 2.398s | Energy: 17231.21J | LB: 0.276
2026-05-10 06:16:52,840 | INFO |   Reward | D: 6964.99 | E: 4935.95 | Q: 4068.40 | H: 523.87 | LB: -1.11 | Enq: 130.31 | Pen: -1545.66
2026-05-10 06:17:23,527 | INFO | Update  432 | Steps: 884,736 | Episodes:   432 | EpReward:   734.99 | FPS:     67 | Actor Loss: 0.0000 | Critic Loss: 0.0041
2026-05-10 06:17:23,530 | INFO |   Env | HO: 76.32% | Cont: 89.59% | Task: 85.59% | Resolved: 99.95% | Delay: 2.397s | Energy: 17385.27J | LB: 0.288
2026-05-10 06:17:23,530 | INFO |   Reward | D: 6915.76 | E: 4910.99 | Q: 4053.20 | H: 501.68 | LB: -1.24 | Enq: 131.16 | Pen: -1445.16
2026-05-10 06:17:56,353 | INFO | Update  433 | Steps: 886,784 | Episodes:   433 | EpReward:   735.19 | FPS:     62 | Actor Loss: 0.0000 | Critic Loss: 0.0031
2026-05-10 06:17:56,353 | INFO |   Env | HO: 75.25% | Cont: 91.79% | Task: 86.66% | Resolved: 99.98% | Delay: 2.372s | Energy: 17853.03J | LB: 0.324
2026-05-10 06:17:56,354 | INFO |   Reward | D: 7235.64 | E: 5008.74 | Q: 4252.40 | H: 376.10 | LB: -0.70 | Enq: 129.74 | Pen: -1324.09
2026-05-10 06:18:28,731 | INFO | Update  434 | Steps: 888,832 | Episodes:   434 | EpReward:   735.41 | FPS:     63 | Actor Loss: 0.0000 | Critic Loss: 0.0042
2026-05-10 06:18:28,732 | INFO |   Env | HO: 75.75% | Cont: 89.25% | Task: 86.07% | Resolved: 99.99% | Delay: 2.400s | Energy: 17162.84J | LB: 0.258
2026-05-10 06:18:28,732 | INFO |   Reward | D: 6916.30 | E: 4903.49 | Q: 4099.20 | H: 514.95 | LB: -0.95 | Enq: 132.68 | Pen: -1463.54
2026-05-10 06:19:05,522 | INFO | Update  435 | Steps: 890,880 | Episodes:   435 | EpReward:   735.36 | FPS:     56 | Actor Loss: 0.0002 | Critic Loss: 0.0028
2026-05-10 06:19:05,523 | INFO |   Env | HO: 74.34% | Cont: 93.61% | Task: 87.57% | Resolved: 99.94% | Delay: 2.358s | Energy: 17157.56J | LB: 0.339
2026-05-10 06:19:05,523 | INFO |   Reward | D: 7177.71 | E: 4965.30 | Q: 4299.60 | H: 275.93 | LB: -0.86 | Enq: 127.67 | Pen: -1149.80
2026-05-10 06:19:55,560 | INFO | Update  436 | Steps: 892,928 | Episodes:   436 | EpReward:   735.75 | FPS:     41 | Actor Loss: -0.0002 | Critic Loss: 0.0049
2026-05-10 06:19:55,561 | INFO |   Env | HO: 74.38% | Cont: 90.45% | Task: 86.04% | Resolved: 99.97% | Delay: 2.373s | Energy: 17170.48J | LB: 0.311
2026-05-10 06:19:55,561 | INFO |   Reward | D: 6955.48 | E: 4900.38 | Q: 4087.20 | H: 436.08 | LB: -0.97 | Enq: 128.63 | Pen: -1403.31
2026-05-10 06:20:42,885 | INFO | Update  437 | Steps: 894,976 | Episodes:   437 | EpReward:   736.55 | FPS:     43 | Actor Loss: 0.0001 | Critic Loss: 0.0030
2026-05-10 06:20:42,885 | INFO |   Env | HO: 75.06% | Cont: 93.85% | Task: 87.23% | Resolved: 99.97% | Delay: 2.357s | Energy: 17770.09J | LB: 0.344
2026-05-10 06:20:42,885 | INFO |   Reward | D: 7244.57 | E: 4980.40 | Q: 4289.60 | H: 270.37 | LB: -0.29 | Enq: 127.21 | Pen: -1148.58
2026-05-10 06:21:28,360 | INFO | Update  438 | Steps: 897,024 | Episodes:   438 | EpReward:   737.72 | FPS:     45 | Actor Loss: -0.0003 | Critic Loss: 0.0050
2026-05-10 06:21:28,360 | INFO |   Env | HO: 75.06% | Cont: 93.06% | Task: 86.75% | Resolved: 99.97% | Delay: 2.357s | Energy: 17597.65J | LB: 0.315
2026-05-10 06:21:28,360 | INFO |   Reward | D: 7185.38 | E: 4952.56 | Q: 4208.40 | H: 305.42 | LB: -0.12 | Enq: 131.61 | Pen: -1155.48
2026-05-10 06:22:01,110 | INFO | Update  439 | Steps: 899,072 | Episodes:   439 | EpReward:   738.31 | FPS:     63 | Actor Loss: 0.0001 | Critic Loss: 0.0032
2026-05-10 06:22:01,110 | INFO |   Env | HO: 76.04% | Cont: 94.54% | Task: 87.03% | Resolved: 99.97% | Delay: 2.353s | Energy: 17565.59J | LB: 0.351
2026-05-10 06:22:01,110 | INFO |   Reward | D: 7138.97 | E: 4947.38 | Q: 4232.80 | H: 239.04 | LB: -0.66 | Enq: 126.85 | Pen: -1061.69
2026-05-10 06:22:35,007 | INFO | Update  440 | Steps: 901,120 | Episodes:   440 | EpReward:   739.24 | FPS:     60 | Actor Loss: -0.0002 | Critic Loss: 0.0048
2026-05-10 06:22:35,008 | INFO |   Env | HO: 76.60% | Cont: 90.87% | Task: 85.96% | Resolved: 99.97% | Delay: 2.393s | Energy: 18042.57J | LB: 0.248
2026-05-10 06:22:35,008 | INFO |   Reward | D: 7111.67 | E: 4975.10 | Q: 4157.20 | H: 439.49 | LB: -0.63 | Enq: 134.85 | Pen: -1328.56
2026-05-10 06:22:35,008 | INFO | ----------------------------------------
2026-05-10 06:22:35,008 | INFO | 开始评估...
2026-05-10 06:26:04,374 | INFO | 评估结果: 奖励 = 796.45 ± 5.73, 长度 = 2000, 时延 = 2.240s, 能耗 = 178205.65J, 负载均衡 = 0.488
2026-05-10 06:26:04,374 | INFO | ----------------------------------------
2026-05-10 06:26:35,888 | INFO | Update  441 | Steps: 903,168 | Episodes:   441 | EpReward:   739.68 | FPS:     65 | Actor Loss: -0.0001 | Critic Loss: 0.0031
2026-05-10 06:26:35,888 | INFO |   Env | HO: 76.02% | Cont: 94.74% | Task: 87.61% | Resolved: 99.99% | Delay: 2.366s | Energy: 17696.18J | LB: 0.270
2026-05-10 06:26:35,888 | INFO |   Reward | D: 7130.32 | E: 4918.55 | Q: 4275.60 | H: 236.61 | LB: -0.50 | Enq: 127.56 | Pen: -1028.15
2026-05-10 06:27:19,074 | INFO | Update  442 | Steps: 905,216 | Episodes:   442 | EpReward:   740.16 | FPS:     47 | Actor Loss: 0.0001 | Critic Loss: 0.0045
2026-05-10 06:27:19,074 | INFO |   Env | HO: 76.29% | Cont: 92.23% | Task: 87.15% | Resolved: 99.98% | Delay: 2.376s | Energy: 17751.75J | LB: 0.275
2026-05-10 06:27:19,075 | INFO |   Reward | D: 7119.16 | E: 4900.33 | Q: 4217.60 | H: 370.78 | LB: -0.43 | Enq: 128.79 | Pen: -1236.69
2026-05-10 06:27:59,961 | INFO | Update  443 | Steps: 907,264 | Episodes:   443 | EpReward:   740.51 | FPS:     50 | Actor Loss: 0.0001 | Critic Loss: 0.0028
2026-05-10 06:27:59,961 | INFO |   Env | HO: 75.10% | Cont: 94.97% | Task: 87.67% | Resolved: 99.94% | Delay: 2.349s | Energy: 17543.00J | LB: 0.329
2026-05-10 06:27:59,962 | INFO |   Reward | D: 7122.71 | E: 4934.37 | Q: 4288.40 | H: 209.68 | LB: -0.24 | Enq: 126.65 | Pen: -1004.01
2026-05-10 06:28:33,439 | INFO | Update  444 | Steps: 909,312 | Episodes:   444 | EpReward:   741.27 | FPS:     61 | Actor Loss: -0.0004 | Critic Loss: 0.0045
2026-05-10 06:28:33,440 | INFO |   Env | HO: 74.71% | Cont: 92.92% | Task: 86.74% | Resolved: 99.97% | Delay: 2.369s | Energy: 18352.37J | LB: 0.295
2026-05-10 06:28:33,440 | INFO |   Reward | D: 7320.72 | E: 5018.31 | Q: 4272.40 | H: 311.99 | LB: -0.14 | Enq: 128.40 | Pen: -1244.34
2026-05-10 06:29:08,532 | INFO | Update  445 | Steps: 911,360 | Episodes:   445 | EpReward:   741.67 | FPS:     58 | Actor Loss: 0.0002 | Critic Loss: 0.0127
2026-05-10 06:29:08,533 | INFO |   Env | HO: 75.28% | Cont: 96.68% | Task: 87.91% | Resolved: 99.94% | Delay: 2.350s | Energy: 18595.78J | LB: 0.363
2026-05-10 06:29:08,533 | INFO |   Reward | D: 7278.92 | E: 4904.17 | Q: 4323.20 | H: 124.99 | LB: -0.35 | Enq: 124.22 | Pen: -872.32
2026-05-10 06:29:52,831 | INFO | Update  446 | Steps: 913,408 | Episodes:   446 | EpReward:   742.28 | FPS:     46 | Actor Loss: 0.0003 | Critic Loss: 0.0066
2026-05-10 06:29:52,831 | INFO |   Env | HO: 75.89% | Cont: 95.90% | Task: 87.71% | Resolved: 99.99% | Delay: 2.337s | Energy: 18685.12J | LB: 0.350
2026-05-10 06:29:52,832 | INFO |   Reward | D: 7282.33 | E: 4946.60 | Q: 4335.60 | H: 171.83 | LB: -0.26 | Enq: 128.22 | Pen: -925.52
2026-05-10 06:30:32,640 | INFO | Update  447 | Steps: 915,456 | Episodes:   447 | EpReward:   742.65 | FPS:     51 | Actor Loss: -0.0008 | Critic Loss: 0.0219
2026-05-10 06:30:32,640 | INFO |   Env | HO: 78.00% | Cont: 97.91% | Task: 88.39% | Resolved: 99.97% | Delay: 2.324s | Energy: 18863.68J | LB: 0.436
2026-05-10 06:30:32,640 | INFO |   Reward | D: 7408.35 | E: 4923.85 | Q: 4396.80 | H: 72.61 | LB: -0.17 | Enq: 121.74 | Pen: -807.20
2026-05-10 06:31:15,129 | INFO | Update  448 | Steps: 917,504 | Episodes:   448 | EpReward:   742.13 | FPS:     48 | Actor Loss: 0.0023 | Critic Loss: 0.0073
2026-05-10 06:31:15,129 | INFO |   Env | HO: 75.63% | Cont: 79.60% | Task: 83.46% | Resolved: 99.94% | Delay: 2.471s | Energy: 17231.21J | LB: 0.268
2026-05-10 06:31:15,129 | INFO |   Reward | D: 6640.11 | E: 4925.57 | Q: 3825.60 | H: 1088.22 | LB: -2.29 | Enq: 139.59 | Pen: -2379.75
2026-05-10 06:31:57,316 | INFO | Update  449 | Steps: 919,552 | Episodes:   449 | EpReward:   741.76 | FPS:     49 | Actor Loss: 0.0009 | Critic Loss: 0.0045
2026-05-10 06:31:57,316 | INFO |   Env | HO: 76.12% | Cont: 83.00% | Task: 84.70% | Resolved: 99.94% | Delay: 2.428s | Energy: 17578.69J | LB: 0.308
2026-05-10 06:31:57,316 | INFO |   Reward | D: 6882.14 | E: 4932.45 | Q: 3975.20 | H: 899.26 | LB: -0.77 | Enq: 133.06 | Pen: -2112.54
2026-05-10 06:32:43,041 | INFO | Update  450 | Steps: 921,600 | Episodes:   450 | EpReward:   741.27 | FPS:     45 | Actor Loss: 0.0006 | Critic Loss: 0.0047
2026-05-10 06:32:43,042 | INFO |   Env | HO: 76.37% | Cont: 77.74% | Task: 82.68% | Resolved: 99.93% | Delay: 2.507s | Energy: 17372.96J | LB: 0.272
2026-05-10 06:32:43,042 | INFO |   Reward | D: 6574.77 | E: 4900.28 | Q: 3746.80 | H: 1192.49 | LB: -2.14 | Enq: 139.69 | Pen: -2522.12
2026-05-10 06:33:18,688 | INFO | Update  451 | Steps: 923,648 | Episodes:   451 | EpReward:   741.17 | FPS:     57 | Actor Loss: 0.0002 | Critic Loss: 0.0054
2026-05-10 06:33:18,688 | INFO |   Env | HO: 75.50% | Cont: 90.53% | Task: 86.27% | Resolved: 99.97% | Delay: 2.389s | Energy: 17856.68J | LB: 0.365
2026-05-10 06:33:18,688 | INFO |   Reward | D: 7069.28 | E: 4943.73 | Q: 4162.40 | H: 482.33 | LB: -0.64 | Enq: 129.27 | Pen: -1468.59
2026-05-10 06:33:52,863 | INFO | Update  452 | Steps: 925,696 | Episodes:   452 | EpReward:   740.83 | FPS:     60 | Actor Loss: 0.0007 | Critic Loss: 0.0036
2026-05-10 06:33:52,863 | INFO |   Env | HO: 76.96% | Cont: 89.05% | Task: 85.77% | Resolved: 99.99% | Delay: 2.407s | Energy: 17585.79J | LB: 0.352
2026-05-10 06:33:52,863 | INFO |   Reward | D: 6970.39 | E: 4921.77 | Q: 4081.20 | H: 591.79 | LB: -0.76 | Enq: 127.52 | Pen: -1617.30
2026-05-10 06:34:38,653 | INFO | Update  453 | Steps: 927,744 | Episodes:   453 | EpReward:   740.21 | FPS:     45 | Actor Loss: 0.0008 | Critic Loss: 0.0032
2026-05-10 06:34:38,653 | INFO |   Env | HO: 75.06% | Cont: 84.57% | Task: 84.36% | Resolved: 99.97% | Delay: 2.454s | Energy: 17388.00J | LB: 0.303
2026-05-10 06:34:38,653 | INFO |   Reward | D: 6840.99 | E: 4948.48 | Q: 3967.60 | H: 783.09 | LB: -1.00 | Enq: 134.20 | Pen: -2022.41
2026-05-10 06:35:30,022 | INFO | Update  454 | Steps: 929,792 | Episodes:   454 | EpReward:   739.70 | FPS:     40 | Actor Loss: 0.0001 | Critic Loss: 0.0032
2026-05-10 06:35:30,022 | INFO |   Env | HO: 75.77% | Cont: 87.82% | Task: 84.90% | Resolved: 99.95% | Delay: 2.412s | Energy: 17237.63J | LB: 0.307
2026-05-10 06:35:30,022 | INFO |   Reward | D: 6879.95 | E: 4921.69 | Q: 3994.40 | H: 616.13 | LB: -1.01 | Enq: 128.82 | Pen: -1711.75
2026-05-10 06:36:06,305 | INFO | Update  455 | Steps: 931,840 | Episodes:   455 | EpReward:   738.83 | FPS:     56 | Actor Loss: -0.0000 | Critic Loss: 0.0037
2026-05-10 06:36:06,305 | INFO |   Env | HO: 75.67% | Cont: 80.52% | Task: 83.20% | Resolved: 99.98% | Delay: 2.465s | Energy: 16730.31J | LB: 0.264
2026-05-10 06:36:06,305 | INFO |   Reward | D: 6665.24 | E: 4918.05 | Q: 3800.00 | H: 1030.45 | LB: -1.49 | Enq: 138.12 | Pen: -2342.25
2026-05-10 06:36:52,555 | INFO | Update  456 | Steps: 933,888 | Episodes:   456 | EpReward:   738.35 | FPS:     44 | Actor Loss: 0.0003 | Critic Loss: 0.0111
2026-05-10 06:36:52,555 | INFO |   Env | HO: 75.27% | Cont: 86.02% | Task: 84.60% | Resolved: 99.92% | Delay: 2.426s | Energy: 17361.41J | LB: 0.331
2026-05-10 06:36:52,555 | INFO |   Reward | D: 6839.08 | E: 4909.54 | Q: 3949.60 | H: 724.72 | LB: -1.67 | Enq: 130.07 | Pen: -1908.79
2026-05-10 06:37:45,083 | INFO | Update  457 | Steps: 935,936 | Episodes:   457 | EpReward:   737.15 | FPS:     39 | Actor Loss: 0.0005 | Critic Loss: 0.0043
2026-05-10 06:37:45,083 | INFO |   Env | HO: 75.91% | Cont: 70.91% | Task: 80.73% | Resolved: 99.94% | Delay: 2.551s | Energy: 16564.09J | LB: 0.257
2026-05-10 06:37:45,083 | INFO |   Reward | D: 6331.28 | E: 4859.12 | Q: 3498.40 | H: 1593.17 | LB: -2.15 | Enq: 139.97 | Pen: -3223.49
2026-05-10 06:38:20,406 | INFO | Update  458 | Steps: 937,984 | Episodes:   458 | EpReward:   736.25 | FPS:     58 | Actor Loss: 0.0007 | Critic Loss: 0.0049
2026-05-10 06:38:20,406 | INFO |   Env | HO: 74.30% | Cont: 78.87% | Task: 83.43% | Resolved: 99.91% | Delay: 2.501s | Energy: 16844.88J | LB: 0.344
2026-05-10 06:38:20,406 | INFO |   Reward | D: 6581.11 | E: 4877.80 | Q: 3804.80 | H: 1105.84 | LB: -1.21 | Enq: 129.65 | Pen: -2641.88
2026-05-10 06:38:56,095 | INFO | Update  459 | Steps: 940,032 | Episodes:   459 | EpReward:   735.20 | FPS:     57 | Actor Loss: 0.0013 | Critic Loss: 0.0051
2026-05-10 06:38:56,095 | INFO |   Env | HO: 75.79% | Cont: 71.96% | Task: 80.95% | Resolved: 99.96% | Delay: 2.562s | Energy: 16487.03J | LB: 0.280
2026-05-10 06:38:56,095 | INFO |   Reward | D: 6318.35 | E: 4843.72 | Q: 3517.60 | H: 1519.64 | LB: -2.24 | Enq: 137.42 | Pen: -3193.47
2026-05-10 06:39:29,988 | INFO | Update  460 | Steps: 942,080 | Episodes:   460 | EpReward:   734.44 | FPS:     60 | Actor Loss: 0.0008 | Critic Loss: 0.0053
2026-05-10 06:39:29,989 | INFO |   Env | HO: 75.15% | Cont: 83.29% | Task: 84.17% | Resolved: 99.94% | Delay: 2.445s | Energy: 16538.23J | LB: 0.269
2026-05-10 06:39:29,989 | INFO |   Reward | D: 6688.15 | E: 4868.87 | Q: 3862.40 | H: 850.97 | LB: -1.29 | Enq: 133.05 | Pen: -2084.02
2026-05-10 06:40:20,545 | INFO | Update  461 | Steps: 944,128 | Episodes:   461 | EpReward:   733.73 | FPS:     41 | Actor Loss: 0.0006 | Critic Loss: 0.0049
2026-05-10 06:40:20,546 | INFO |   Env | HO: 74.64% | Cont: 77.66% | Task: 82.74% | Resolved: 99.96% | Delay: 2.489s | Energy: 16391.68J | LB: 0.261
2026-05-10 06:40:20,546 | INFO |   Reward | D: 6525.66 | E: 4947.93 | Q: 3757.60 | H: 1172.46 | LB: -2.17 | Enq: 139.97 | Pen: -2635.25
2026-05-10 06:41:00,911 | INFO | Update  462 | Steps: 946,176 | Episodes:   462 | EpReward:   733.42 | FPS:     51 | Actor Loss: 0.0008 | Critic Loss: 0.0046
2026-05-10 06:41:00,912 | INFO |   Env | HO: 75.78% | Cont: 86.85% | Task: 85.50% | Resolved: 99.97% | Delay: 2.403s | Energy: 16847.74J | LB: 0.376
2026-05-10 06:41:00,912 | INFO |   Reward | D: 7036.21 | E: 4989.69 | Q: 4098.40 | H: 667.23 | LB: -1.65 | Enq: 125.77 | Pen: -1864.38
2026-05-10 06:41:35,995 | INFO | Update  463 | Steps: 948,224 | Episodes:   463 | EpReward:   732.69 | FPS:     58 | Actor Loss: 0.0008 | Critic Loss: 0.0060
2026-05-10 06:41:35,995 | INFO |   Env | HO: 75.21% | Cont: 77.90% | Task: 81.84% | Resolved: 99.95% | Delay: 2.517s | Energy: 16752.66J | LB: 0.274
2026-05-10 06:41:35,995 | INFO |   Reward | D: 6601.19 | E: 4928.30 | Q: 3669.60 | H: 1164.54 | LB: -1.83 | Enq: 136.59 | Pen: -2655.45
2026-05-10 06:42:13,806 | INFO | Update  464 | Steps: 950,272 | Episodes:   464 | EpReward:   732.32 | FPS:     54 | Actor Loss: 0.0005 | Critic Loss: 0.0043
2026-05-10 06:42:13,806 | INFO |   Env | HO: 74.36% | Cont: 85.94% | Task: 85.05% | Resolved: 99.94% | Delay: 2.422s | Energy: 16550.90J | LB: 0.254
2026-05-10 06:42:13,806 | INFO |   Reward | D: 6762.77 | E: 4906.76 | Q: 3977.60 | H: 720.85 | LB: -1.77 | Enq: 131.65 | Pen: -1879.66
2026-05-10 06:42:44,372 | INFO | Update  465 | Steps: 952,320 | Episodes:   465 | EpReward:   731.67 | FPS:     67 | Actor Loss: 0.0007 | Critic Loss: 0.0057
2026-05-10 06:42:44,376 | INFO |   Env | HO: 75.74% | Cont: 77.70% | Task: 82.75% | Resolved: 99.97% | Delay: 2.498s | Energy: 16567.39J | LB: 0.269
2026-05-10 06:42:44,377 | INFO |   Reward | D: 6577.62 | E: 4950.55 | Q: 3762.00 | H: 1238.85 | LB: -1.82 | Enq: 138.89 | Pen: -2666.69
2026-05-10 06:43:22,811 | INFO | Update  466 | Steps: 954,368 | Episodes:   466 | EpReward:   731.31 | FPS:     53 | Actor Loss: 0.0005 | Critic Loss: 0.0099
2026-05-10 06:43:22,811 | INFO |   Env | HO: 74.14% | Cont: 86.33% | Task: 85.32% | Resolved: 99.99% | Delay: 2.436s | Energy: 17072.81J | LB: 0.344
2026-05-10 06:43:22,811 | INFO |   Reward | D: 6911.21 | E: 4928.29 | Q: 4048.80 | H: 664.81 | LB: -1.20 | Enq: 127.37 | Pen: -1891.04
2026-05-10 06:44:05,282 | INFO | Update  467 | Steps: 956,416 | Episodes:   467 | EpReward:   731.06 | FPS:     48 | Actor Loss: 0.0007 | Critic Loss: 0.0071
2026-05-10 06:44:05,282 | INFO |   Env | HO: 76.71% | Cont: 77.29% | Task: 83.36% | Resolved: 99.95% | Delay: 2.469s | Energy: 16583.54J | LB: 0.245
2026-05-10 06:44:05,283 | INFO |   Reward | D: 6695.23 | E: 4963.06 | Q: 3841.60 | H: 1270.09 | LB: -2.41 | Enq: 138.90 | Pen: -2597.01
2026-05-10 06:44:50,188 | INFO | Update  468 | Steps: 958,464 | Episodes:   468 | EpReward:   730.44 | FPS:     46 | Actor Loss: 0.0001 | Critic Loss: 0.0028
2026-05-10 06:44:50,188 | INFO |   Env | HO: 74.80% | Cont: 81.60% | Task: 83.83% | Resolved: 99.97% | Delay: 2.460s | Energy: 16728.61J | LB: 0.245
2026-05-10 06:44:50,188 | INFO |   Reward | D: 6758.44 | E: 4988.06 | Q: 3917.60 | H: 946.15 | LB: -1.84 | Enq: 133.35 | Pen: -2305.74
2026-05-10 06:45:21,956 | INFO | Update  469 | Steps: 960,512 | Episodes:   469 | EpReward:   730.29 | FPS:     64 | Actor Loss: 0.0004 | Critic Loss: 0.0054
2026-05-10 06:45:21,956 | INFO |   Env | HO: 74.99% | Cont: 79.51% | Task: 82.28% | Resolved: 99.94% | Delay: 2.490s | Energy: 16803.26J | LB: 0.270
2026-05-10 06:45:21,956 | INFO |   Reward | D: 6625.52 | E: 4941.56 | Q: 3717.60 | H: 1049.66 | LB: -1.37 | Enq: 137.82 | Pen: -2454.96
2026-05-10 06:45:54,566 | INFO | Update  470 | Steps: 962,560 | Episodes:   470 | EpReward:   730.11 | FPS:     63 | Actor Loss: 0.0004 | Critic Loss: 0.0025
2026-05-10 06:45:54,566 | INFO |   Env | HO: 74.92% | Cont: 86.94% | Task: 84.87% | Resolved: 99.93% | Delay: 2.433s | Energy: 17216.59J | LB: 0.277
2026-05-10 06:45:54,566 | INFO |   Reward | D: 6900.79 | E: 4967.75 | Q: 4024.40 | H: 624.07 | LB: -0.61 | Enq: 133.01 | Pen: -1736.44
2026-05-10 06:46:25,592 | INFO | Update  471 | Steps: 964,608 | Episodes:   471 | EpReward:   729.87 | FPS:     66 | Actor Loss: 0.0007 | Critic Loss: 0.0036
2026-05-10 06:46:25,592 | INFO |   Env | HO: 74.89% | Cont: 83.24% | Task: 83.64% | Resolved: 99.97% | Delay: 2.461s | Energy: 16758.12J | LB: 0.263
2026-05-10 06:46:25,592 | INFO |   Reward | D: 6677.13 | E: 4890.48 | Q: 3832.80 | H: 827.75 | LB: -1.44 | Enq: 135.32 | Pen: -2051.15
2026-05-10 06:46:57,298 | INFO | Update  472 | Steps: 966,656 | Episodes:   472 | EpReward:   729.66 | FPS:     65 | Actor Loss: 0.0005 | Critic Loss: 0.0030
2026-05-10 06:46:57,298 | INFO |   Env | HO: 75.70% | Cont: 87.83% | Task: 85.58% | Resolved: 99.93% | Delay: 2.414s | Energy: 17377.80J | LB: 0.302
2026-05-10 06:46:57,298 | INFO |   Reward | D: 6870.85 | E: 4868.91 | Q: 4038.00 | H: 583.81 | LB: -1.65 | Enq: 127.16 | Pen: -1658.94
2026-05-10 06:47:34,232 | INFO | Update  473 | Steps: 968,704 | Episodes:   473 | EpReward:   729.66 | FPS:     55 | Actor Loss: 0.0001 | Critic Loss: 0.0060
2026-05-10 06:47:34,232 | INFO |   Env | HO: 75.13% | Cont: 82.56% | Task: 83.66% | Resolved: 99.95% | Delay: 2.463s | Energy: 17442.83J | LB: 0.260
2026-05-10 06:47:34,232 | INFO |   Reward | D: 6710.64 | E: 4866.29 | Q: 3849.60 | H: 838.73 | LB: -1.47 | Enq: 135.64 | Pen: -2041.93
2026-05-10 06:48:17,125 | INFO | Update  474 | Steps: 970,752 | Episodes:   474 | EpReward:   729.90 | FPS:     48 | Actor Loss: 0.0004 | Critic Loss: 0.0152
2026-05-10 06:48:17,129 | INFO |   Env | HO: 76.10% | Cont: 91.55% | Task: 86.51% | Resolved: 99.94% | Delay: 2.393s | Energy: 18073.16J | LB: 0.401
2026-05-10 06:48:17,129 | INFO |   Reward | D: 7222.02 | E: 4992.75 | Q: 4232.00 | H: 399.90 | LB: -1.19 | Enq: 123.95 | Pen: -1413.31
2026-05-10 06:48:50,862 | INFO | Update  475 | Steps: 972,800 | Episodes:   475 | EpReward:   729.84 | FPS:     61 | Actor Loss: 0.0007 | Critic Loss: 0.0053
2026-05-10 06:48:50,863 | INFO |   Env | HO: 75.13% | Cont: 85.55% | Task: 84.66% | Resolved: 99.96% | Delay: 2.435s | Energy: 17323.90J | LB: 0.246
2026-05-10 06:48:50,863 | INFO |   Reward | D: 6775.49 | E: 4878.24 | Q: 3938.80 | H: 705.61 | LB: -1.06 | Enq: 134.77 | Pen: -1830.80
2026-05-10 06:49:24,330 | INFO | Update  476 | Steps: 974,848 | Episodes:   476 | EpReward:   729.74 | FPS:     61 | Actor Loss: 0.0005 | Critic Loss: 0.0188
2026-05-10 06:49:24,330 | INFO |   Env | HO: 78.77% | Cont: 95.98% | Task: 87.75% | Resolved: 99.98% | Delay: 2.332s | Energy: 17878.96J | LB: 0.337
2026-05-10 06:49:24,330 | INFO |   Reward | D: 7325.63 | E: 4970.05 | Q: 4343.20 | H: 182.71 | LB: -0.53 | Enq: 122.67 | Pen: -1008.83
2026-05-10 06:49:58,628 | INFO | Update  477 | Steps: 976,896 | Episodes:   477 | EpReward:   730.29 | FPS:     60 | Actor Loss: 0.0005 | Critic Loss: 0.0021
2026-05-10 06:49:58,629 | INFO |   Env | HO: 76.02% | Cont: 94.01% | Task: 87.96% | Resolved: 99.96% | Delay: 2.338s | Energy: 17685.99J | LB: 0.431
2026-05-10 06:49:58,629 | INFO |   Reward | D: 7435.48 | E: 5039.76 | Q: 4420.80 | H: 278.78 | LB: -0.17 | Enq: 124.77 | Pen: -1142.41
2026-05-10 06:50:31,986 | INFO | Update  478 | Steps: 978,944 | Episodes:   478 | EpReward:   730.62 | FPS:     61 | Actor Loss: 0.0000 | Critic Loss: 0.0031
2026-05-10 06:50:31,986 | INFO |   Env | HO: 78.08% | Cont: 92.28% | Task: 86.76% | Resolved: 99.96% | Delay: 2.367s | Energy: 17069.58J | LB: 0.347
2026-05-10 06:50:31,986 | INFO |   Reward | D: 7026.72 | E: 4913.62 | Q: 4174.80 | H: 376.71 | LB: -0.12 | Enq: 126.01 | Pen: -1243.33
2026-05-10 06:51:21,593 | INFO | Update  479 | Steps: 980,992 | Episodes:   479 | EpReward:   730.94 | FPS:     41 | Actor Loss: 0.0003 | Critic Loss: 0.0022
2026-05-10 06:51:21,593 | INFO |   Env | HO: 75.22% | Cont: 92.78% | Task: 86.78% | Resolved: 99.97% | Delay: 2.374s | Energy: 17749.07J | LB: 0.354
2026-05-10 06:51:21,593 | INFO |   Reward | D: 7204.00 | E: 5032.04 | Q: 4278.40 | H: 343.51 | LB: -0.94 | Enq: 127.14 | Pen: -1270.01
2026-05-10 06:52:08,587 | INFO | Update  480 | Steps: 983,040 | Episodes:   480 | EpReward:   731.24 | FPS:     44 | Actor Loss: 0.0002 | Critic Loss: 0.0035
2026-05-10 06:52:08,587 | INFO |   Env | HO: 75.42% | Cont: 88.79% | Task: 86.03% | Resolved: 99.99% | Delay: 2.416s | Energy: 17962.20J | LB: 0.297
2026-05-10 06:52:08,587 | INFO |   Reward | D: 7030.62 | E: 4948.31 | Q: 4140.80 | H: 568.51 | LB: -0.62 | Enq: 130.85 | Pen: -1617.74
2026-05-10 06:52:46,452 | INFO | Update  481 | Steps: 985,088 | Episodes:   481 | EpReward:   731.47 | FPS:     54 | Actor Loss: -0.0003 | Critic Loss: 0.0060
2026-05-10 06:52:46,452 | INFO |   Env | HO: 75.91% | Cont: 92.55% | Task: 86.67% | Resolved: 99.91% | Delay: 2.353s | Energy: 17154.69J | LB: 0.407
2026-05-10 06:52:46,452 | INFO |   Reward | D: 7129.43 | E: 4960.61 | Q: 4196.40 | H: 370.74 | LB: -0.41 | Enq: 125.50 | Pen: -1317.48
2026-05-10 06:53:26,327 | INFO | Update  482 | Steps: 987,136 | Episodes:   482 | EpReward:   731.69 | FPS:     51 | Actor Loss: 0.0010 | Critic Loss: 0.0033
2026-05-10 06:53:26,327 | INFO |   Env | HO: 76.35% | Cont: 84.79% | Task: 85.29% | Resolved: 99.98% | Delay: 2.428s | Energy: 17134.71J | LB: 0.261
2026-05-10 06:53:26,327 | INFO |   Reward | D: 6840.66 | E: 4915.01 | Q: 4014.80 | H: 829.40 | LB: -1.97 | Enq: 132.53 | Pen: -1969.83
2026-05-10 06:53:58,677 | INFO | Update  483 | Steps: 989,184 | Episodes:   483 | EpReward:   732.24 | FPS:     63 | Actor Loss: -0.0001 | Critic Loss: 0.0033
2026-05-10 06:53:58,677 | INFO |   Env | HO: 76.22% | Cont: 93.12% | Task: 86.67% | Resolved: 99.94% | Delay: 2.369s | Energy: 17878.63J | LB: 0.364
2026-05-10 06:53:58,677 | INFO |   Reward | D: 7253.34 | E: 5018.45 | Q: 4263.60 | H: 332.41 | LB: -0.46 | Enq: 125.55 | Pen: -1310.80
2026-05-10 06:54:32,921 | INFO | Update  484 | Steps: 991,232 | Episodes:   484 | EpReward:   732.81 | FPS:     60 | Actor Loss: 0.0001 | Critic Loss: 0.0039
2026-05-10 06:54:32,921 | INFO |   Env | HO: 74.28% | Cont: 89.03% | Task: 86.04% | Resolved: 99.98% | Delay: 2.415s | Energy: 17954.94J | LB: 0.255
2026-05-10 06:54:32,921 | INFO |   Reward | D: 7051.61 | E: 4951.94 | Q: 4157.60 | H: 514.03 | LB: -0.98 | Enq: 129.94 | Pen: -1588.18
2026-05-10 06:55:21,222 | INFO | Update  485 | Steps: 993,280 | Episodes:   485 | EpReward:   733.50 | FPS:     42 | Actor Loss: 0.0004 | Critic Loss: 0.0040
2026-05-10 06:55:21,222 | INFO |   Env | HO: 75.69% | Cont: 94.80% | Task: 87.61% | Resolved: 99.97% | Delay: 2.351s | Energy: 17797.77J | LB: 0.396
2026-05-10 06:55:21,223 | INFO |   Reward | D: 7276.80 | E: 5012.89 | Q: 4357.20 | H: 235.09 | LB: -0.38 | Enq: 125.03 | Pen: -1113.64
2026-05-10 06:56:10,497 | INFO | Update  486 | Steps: 995,328 | Episodes:   486 | EpReward:   733.69 | FPS:     42 | Actor Loss: 0.0001 | Critic Loss: 0.0038
2026-05-10 06:56:10,497 | INFO |   Env | HO: 74.75% | Cont: 85.64% | Task: 83.90% | Resolved: 99.99% | Delay: 2.438s | Energy: 17596.53J | LB: 0.291
2026-05-10 06:56:10,497 | INFO |   Reward | D: 6877.00 | E: 4969.34 | Q: 3938.40 | H: 670.97 | LB: -0.89 | Enq: 133.07 | Pen: -1854.00
2026-05-10 06:56:51,145 | INFO | Update  487 | Steps: 997,376 | Episodes:   487 | EpReward:   734.22 | FPS:     50 | Actor Loss: -0.0003 | Critic Loss: 0.0095
2026-05-10 06:56:51,145 | INFO |   Env | HO: 74.33% | Cont: 92.11% | Task: 86.32% | Resolved: 99.97% | Delay: 2.380s | Energy: 17504.91J | LB: 0.364
2026-05-10 06:56:51,145 | INFO |   Reward | D: 7108.27 | E: 4961.00 | Q: 4184.00 | H: 351.23 | LB: -0.82 | Enq: 126.10 | Pen: -1323.43
2026-05-10 06:57:31,206 | INFO | Update  488 | Steps: 999,424 | Episodes:   488 | EpReward:   734.50 | FPS:     51 | Actor Loss: 0.0001 | Critic Loss: 0.0057
2026-05-10 06:57:31,207 | INFO |   Env | HO: 76.46% | Cont: 83.04% | Task: 83.99% | Resolved: 99.95% | Delay: 2.455s | Energy: 17713.23J | LB: 0.281
2026-05-10 06:57:31,207 | INFO |   Reward | D: 6850.30 | E: 4912.32 | Q: 3911.60 | H: 875.29 | LB: -0.94 | Enq: 133.03 | Pen: -2044.36
2026-05-10 06:58:13,754 | INFO | Update  489 | Steps: 1,001,472 | Episodes:   489 | EpReward:   734.83 | FPS:     48 | Actor Loss: -0.0005 | Critic Loss: 0.0064
2026-05-10 06:58:13,754 | INFO |   Env | HO: 76.17% | Cont: 91.39% | Task: 86.71% | Resolved: 99.97% | Delay: 2.377s | Energy: 17360.26J | LB: 0.296
2026-05-10 06:58:13,754 | INFO |   Reward | D: 7053.54 | E: 4957.19 | Q: 4214.40 | H: 403.75 | LB: -1.10 | Enq: 130.16 | Pen: -1281.00
2026-05-10 06:58:13,754 | INFO | ----------------------------------------
2026-05-10 06:58:13,754 | INFO | 开始评估...
2026-05-10 07:02:01,114 | INFO | 评估结果: 奖励 = 786.36 ± 8.80, 长度 = 2000, 时延 = 2.256s, 能耗 = 183197.56J, 负载均衡 = 0.490
2026-05-10 07:02:01,114 | INFO | ----------------------------------------
2026-05-10 07:02:01,402 | INFO | 模型已保存: /home/pjpjq/LEO_switch/results/full_train_latency_priority_20260510_010757/checkpoint_1001472.pt
2026-05-10 07:02:49,277 | INFO | Update  490 | Steps: 1,003,520 | Episodes:   490 | EpReward:   735.20 | FPS:     43 | Actor Loss: -0.0002 | Critic Loss: 0.0055
2026-05-10 07:02:49,281 | INFO |   Env | HO: 75.59% | Cont: 85.06% | Task: 84.13% | Resolved: 99.95% | Delay: 2.450s | Energy: 17170.73J | LB: 0.260
2026-05-10 07:02:49,281 | INFO |   Reward | D: 6797.00 | E: 4904.77 | Q: 3918.80 | H: 720.15 | LB: -1.10 | Enq: 134.35 | Pen: -1825.36
2026-05-10 07:03:27,352 | INFO | Update  491 | Steps: 1,005,568 | Episodes:   491 | EpReward:   735.45 | FPS:     54 | Actor Loss: 0.0001 | Critic Loss: 0.0036
2026-05-10 07:03:27,352 | INFO |   Env | HO: 75.04% | Cont: 89.89% | Task: 85.63% | Resolved: 99.92% | Delay: 2.397s | Energy: 17808.84J | LB: 0.300
2026-05-10 07:03:27,353 | INFO |   Reward | D: 7141.92 | E: 5001.25 | Q: 4144.80 | H: 470.65 | LB: -1.26 | Enq: 130.13 | Pen: -1515.80
2026-05-10 07:04:04,426 | INFO | Update  492 | Steps: 1,007,616 | Episodes:   492 | EpReward:   735.69 | FPS:     55 | Actor Loss: -0.0000 | Critic Loss: 0.0040
2026-05-10 07:04:04,430 | INFO |   Env | HO: 75.73% | Cont: 84.40% | Task: 84.02% | Resolved: 99.99% | Delay: 2.464s | Energy: 17334.08J | LB: 0.266
2026-05-10 07:04:04,430 | INFO |   Reward | D: 6751.20 | E: 4879.04 | Q: 3889.20 | H: 769.85 | LB: -1.95 | Enq: 135.48 | Pen: -1874.94
2026-05-10 07:04:38,728 | INFO | Update  493 | Steps: 1,009,664 | Episodes:   493 | EpReward:   735.93 | FPS:     60 | Actor Loss: -0.0002 | Critic Loss: 0.0022
2026-05-10 07:04:38,728 | INFO |   Env | HO: 75.44% | Cont: 87.43% | Task: 85.05% | Resolved: 99.97% | Delay: 2.417s | Energy: 17197.99J | LB: 0.346
2026-05-10 07:04:38,728 | INFO |   Reward | D: 6905.03 | E: 4906.48 | Q: 4005.20 | H: 608.89 | LB: -1.44 | Enq: 127.16 | Pen: -1716.88
2026-05-10 07:05:19,101 | INFO | Update  494 | Steps: 1,011,712 | Episodes:   494 | EpReward:   736.05 | FPS:     51 | Actor Loss: 0.0004 | Critic Loss: 0.0055
2026-05-10 07:05:19,101 | INFO |   Env | HO: 75.50% | Cont: 80.36% | Task: 82.76% | Resolved: 99.94% | Delay: 2.493s | Energy: 18162.51J | LB: 0.255
2026-05-10 07:05:19,101 | INFO |   Reward | D: 6747.87 | E: 4931.16 | Q: 3810.80 | H: 997.45 | LB: -1.24 | Enq: 137.55 | Pen: -2314.39
2026-05-10 07:05:50,781 | INFO | Update  495 | Steps: 1,013,760 | Episodes:   495 | EpReward:   736.46 | FPS:     65 | Actor Loss: 0.0002 | Critic Loss: 0.0021
2026-05-10 07:05:50,784 | INFO |   Env | HO: 74.44% | Cont: 89.21% | Task: 85.90% | Resolved: 99.94% | Delay: 2.395s | Energy: 17614.82J | LB: 0.369
2026-05-10 07:05:50,785 | INFO |   Reward | D: 7069.75 | E: 4926.27 | Q: 4118.00 | H: 514.78 | LB: -1.17 | Enq: 127.24 | Pen: -1578.73
2026-05-10 07:06:31,294 | INFO | Update  496 | Steps: 1,015,808 | Episodes:   496 | EpReward:   736.41 | FPS:     51 | Actor Loss: -0.0003 | Critic Loss: 0.0041
2026-05-10 07:06:31,294 | INFO |   Env | HO: 76.65% | Cont: 80.80% | Task: 83.57% | Resolved: 99.99% | Delay: 2.489s | Energy: 17799.91J | LB: 0.250
2026-05-10 07:06:31,295 | INFO |   Reward | D: 6665.34 | E: 4842.80 | Q: 3836.80 | H: 990.78 | LB: -1.62 | Enq: 134.34 | Pen: -2188.43
2026-05-10 07:07:11,796 | INFO | Update  497 | Steps: 1,017,856 | Episodes:   497 | EpReward:   737.01 | FPS:     51 | Actor Loss: 0.0002 | Critic Loss: 0.0039
2026-05-10 07:07:11,799 | INFO |   Env | HO: 76.83% | Cont: 90.82% | Task: 86.03% | Resolved: 99.96% | Delay: 2.391s | Energy: 17511.92J | LB: 0.314
2026-05-10 07:07:11,799 | INFO |   Reward | D: 6988.92 | E: 4914.32 | Q: 4125.60 | H: 430.21 | LB: -1.72 | Enq: 129.36 | Pen: -1347.87
2026-05-10 07:07:43,088 | INFO | Update  498 | Steps: 1,019,904 | Episodes:   498 | EpReward:   737.29 | FPS:     65 | Actor Loss: 0.0004 | Critic Loss: 0.0045
2026-05-10 07:07:43,092 | INFO |   Env | HO: 76.53% | Cont: 85.17% | Task: 83.97% | Resolved: 99.94% | Delay: 2.463s | Energy: 18496.06J | LB: 0.261
2026-05-10 07:07:43,092 | INFO |   Reward | D: 6835.04 | E: 4884.56 | Q: 3918.00 | H: 729.78 | LB: -0.79 | Enq: 133.96 | Pen: -1834.93
2026-05-10 07:08:17,900 | INFO | Update  499 | Steps: 1,021,952 | Episodes:   499 | EpReward:   737.56 | FPS:     59 | Actor Loss: -0.0007 | Critic Loss: 0.0046
2026-05-10 07:08:17,900 | INFO |   Env | HO: 74.53% | Cont: 88.90% | Task: 84.53% | Resolved: 99.94% | Delay: 2.420s | Energy: 17633.89J | LB: 0.329
2026-05-10 07:08:17,900 | INFO |   Reward | D: 6921.00 | E: 4876.64 | Q: 3944.80 | H: 481.03 | LB: -1.88 | Enq: 125.29 | Pen: -1567.13
2026-05-10 07:09:09,409 | INFO | Update  500 | Steps: 1,024,000 | Episodes:   500 | EpReward:   737.78 | FPS:     40 | Actor Loss: -0.0000 | Critic Loss: 0.0053
2026-05-10 07:09:09,409 | INFO |   Env | HO: 75.99% | Cont: 85.75% | Task: 84.11% | Resolved: 99.96% | Delay: 2.443s | Energy: 17890.87J | LB: 0.235
2026-05-10 07:09:09,409 | INFO |   Reward | D: 6828.49 | E: 4894.37 | Q: 3930.00 | H: 654.17 | LB: -0.79 | Enq: 134.61 | Pen: -1693.51
2026-05-10 07:09:51,193 | INFO | Update  501 | Steps: 1,026,048 | Episodes:   501 | EpReward:   738.30 | FPS:     49 | Actor Loss: 0.0000 | Critic Loss: 0.0138
2026-05-10 07:09:51,193 | INFO |   Env | HO: 78.10% | Cont: 96.29% | Task: 87.93% | Resolved: 99.99% | Delay: 2.318s | Energy: 17284.99J | LB: 0.425
2026-05-10 07:09:51,193 | INFO |   Reward | D: 7284.72 | E: 4968.64 | Q: 4342.00 | H: 150.37 | LB: -0.42 | Enq: 121.89 | Pen: -946.58
2026-05-10 07:10:22,910 | INFO | Update  502 | Steps: 1,028,096 | Episodes:   502 | EpReward:   738.47 | FPS:     65 | Actor Loss: 0.0002 | Critic Loss: 0.0040
2026-05-10 07:10:22,921 | INFO |   Env | HO: 74.79% | Cont: 95.12% | Task: 86.85% | Resolved: 99.95% | Delay: 2.368s | Energy: 17534.87J | LB: 0.426
2026-05-10 07:10:22,921 | INFO |   Reward | D: 7193.85 | E: 4959.01 | Q: 4234.00 | H: 199.08 | LB: -0.53 | Enq: 121.96 | Pen: -1104.64
2026-05-10 07:10:52,806 | INFO | Update  503 | Steps: 1,030,144 | Episodes:   503 | EpReward:   738.63 | FPS:     69 | Actor Loss: -0.0002 | Critic Loss: 0.0046
2026-05-10 07:10:52,807 | INFO |   Env | HO: 76.69% | Cont: 94.45% | Task: 86.90% | Resolved: 99.98% | Delay: 2.363s | Energy: 17371.08J | LB: 0.315
2026-05-10 07:10:52,807 | INFO |   Reward | D: 7095.04 | E: 4902.86 | Q: 4194.40 | H: 228.06 | LB: -0.49 | Enq: 128.87 | Pen: -1010.18
2026-05-10 07:11:24,499 | INFO | Update  504 | Steps: 1,032,192 | Episodes:   504 | EpReward:   738.86 | FPS:     65 | Actor Loss: -0.0003 | Critic Loss: 0.0027
2026-05-10 07:11:24,499 | INFO |   Env | HO: 78.39% | Cont: 95.46% | Task: 87.40% | Resolved: 99.95% | Delay: 2.358s | Energy: 17782.82J | LB: 0.412
2026-05-10 07:11:24,499 | INFO |   Reward | D: 7224.00 | E: 4981.09 | Q: 4314.40 | H: 193.43 | LB: 0.07 | Enq: 122.83 | Pen: -1067.88
2026-05-10 07:12:03,340 | INFO | Update  505 | Steps: 1,034,240 | Episodes:   505 | EpReward:   739.00 | FPS:     53 | Actor Loss: -0.0001 | Critic Loss: 0.0044
2026-05-10 07:12:03,340 | INFO |   Env | HO: 75.76% | Cont: 93.35% | Task: 85.77% | Resolved: 99.97% | Delay: 2.398s | Energy: 17815.64J | LB: 0.295
2026-05-10 07:12:03,340 | INFO |   Reward | D: 7066.60 | E: 4968.57 | Q: 4138.40 | H: 270.36 | LB: -0.31 | Enq: 128.80 | Pen: -1149.77
2026-05-10 07:12:39,989 | INFO | Update  506 | Steps: 1,036,288 | Episodes:   506 | EpReward:   739.26 | FPS:     56 | Actor Loss: 0.0003 | Critic Loss: 0.0032
2026-05-10 07:12:39,994 | INFO |   Env | HO: 77.30% | Cont: 95.39% | Task: 88.19% | Resolved: 99.97% | Delay: 2.352s | Energy: 17863.90J | LB: 0.401
2026-05-10 07:12:39,995 | INFO |   Reward | D: 7327.81 | E: 4978.24 | Q: 4402.40 | H: 182.92 | LB: -0.23 | Enq: 123.49 | Pen: -991.67
2026-05-10 07:13:13,795 | INFO | Update  507 | Steps: 1,038,336 | Episodes:   507 | EpReward:   739.33 | FPS:     61 | Actor Loss: -0.0002 | Critic Loss: 0.0035
2026-05-10 07:13:13,795 | INFO |   Env | HO: 75.84% | Cont: 92.21% | Task: 86.21% | Resolved: 99.99% | Delay: 2.395s | Energy: 17614.35J | LB: 0.334
2026-05-10 07:13:13,796 | INFO |   Reward | D: 7058.39 | E: 4900.63 | Q: 4149.20 | H: 317.04 | LB: -0.93 | Enq: 127.19 | Pen: -1188.60
2026-05-10 07:13:49,749 | INFO | Update  508 | Steps: 1,040,384 | Episodes:   508 | EpReward:   739.51 | FPS:     57 | Actor Loss: -0.0004 | Critic Loss: 0.0027
2026-05-10 07:13:49,749 | INFO |   Env | HO: 75.31% | Cont: 95.23% | Task: 87.50% | Resolved: 99.96% | Delay: 2.344s | Energy: 17163.70J | LB: 0.436
2026-05-10 07:13:49,750 | INFO |   Reward | D: 7270.89 | E: 4943.85 | Q: 4284.00 | H: 180.18 | LB: -0.54 | Enq: 121.69 | Pen: -1034.99
2026-05-10 07:14:30,289 | INFO | Update  509 | Steps: 1,042,432 | Episodes:   509 | EpReward:   739.28 | FPS:     51 | Actor Loss: 0.0001 | Critic Loss: 0.0032
2026-05-10 07:14:30,290 | INFO |   Env | HO: 77.18% | Cont: 90.32% | Task: 85.20% | Resolved: 99.99% | Delay: 2.405s | Energy: 17309.11J | LB: 0.253
2026-05-10 07:14:30,290 | INFO |   Reward | D: 6959.31 | E: 4889.31 | Q: 4017.20 | H: 432.76 | LB: -0.36 | Enq: 132.22 | Pen: -1326.67
2026-05-10 07:15:07,916 | INFO | Update  510 | Steps: 1,044,480 | Episodes:   510 | EpReward:   739.32 | FPS:     54 | Actor Loss: 0.0001 | Critic Loss: 0.0031
2026-05-10 07:15:07,920 | INFO |   Env | HO: 77.67% | Cont: 95.45% | Task: 87.18% | Resolved: 99.96% | Delay: 2.350s | Energy: 17740.23J | LB: 0.385
2026-05-10 07:15:07,921 | INFO |   Reward | D: 7259.90 | E: 4990.79 | Q: 4292.80 | H: 182.21 | LB: -0.51 | Enq: 124.99 | Pen: -1005.27
2026-05-10 07:15:44,032 | INFO | Update  511 | Steps: 1,046,528 | Episodes:   511 | EpReward:   739.42 | FPS:     57 | Actor Loss: -0.0003 | Critic Loss: 0.0036
2026-05-10 07:15:44,032 | INFO |   Env | HO: 77.45% | Cont: 92.20% | Task: 86.17% | Resolved: 99.98% | Delay: 2.376s | Energy: 17421.48J | LB: 0.284
2026-05-10 07:15:44,032 | INFO |   Reward | D: 7016.69 | E: 4910.34 | Q: 4127.20 | H: 338.70 | LB: -0.32 | Enq: 130.31 | Pen: -1158.43
2026-05-10 07:16:16,554 | INFO | Update  512 | Steps: 1,048,576 | Episodes:   512 | EpReward:   739.38 | FPS:     63 | Actor Loss: -0.0002 | Critic Loss: 0.0042
2026-05-10 07:16:16,554 | INFO |   Env | HO: 75.70% | Cont: 95.23% | Task: 87.09% | Resolved: 99.97% | Delay: 2.334s | Energy: 17205.59J | LB: 0.426
2026-05-10 07:16:16,554 | INFO |   Reward | D: 7242.24 | E: 4970.38 | Q: 4259.20 | H: 167.63 | LB: -0.53 | Enq: 122.39 | Pen: -1036.16
2026-05-10 07:16:50,484 | INFO | Update  513 | Steps: 1,050,624 | Episodes:   513 | EpReward:   739.22 | FPS:     60 | Actor Loss: -0.0002 | Critic Loss: 0.0053
2026-05-10 07:16:50,489 | INFO |   Env | HO: 75.23% | Cont: 89.91% | Task: 85.11% | Resolved: 99.97% | Delay: 2.426s | Energy: 17392.61J | LB: 0.261
2026-05-10 07:16:50,489 | INFO |   Reward | D: 6954.44 | E: 4925.90 | Q: 4038.00 | H: 419.42 | LB: -1.26 | Enq: 133.11 | Pen: -1376.30
2026-05-10 07:17:21,603 | INFO | Update  514 | Steps: 1,052,672 | Episodes:   514 | EpReward:   739.00 | FPS:     66 | Actor Loss: -0.0004 | Critic Loss: 0.0028
2026-05-10 07:17:21,604 | INFO |   Env | HO: 75.48% | Cont: 93.29% | Task: 86.31% | Resolved: 99.91% | Delay: 2.385s | Energy: 17673.96J | LB: 0.324
2026-05-10 07:17:21,604 | INFO |   Reward | D: 7140.53 | E: 4946.64 | Q: 4176.40 | H: 273.87 | LB: -0.70 | Enq: 127.97 | Pen: -1152.78
2026-05-10 07:17:54,483 | INFO | Update  515 | Steps: 1,054,720 | Episodes:   515 | EpReward:   738.71 | FPS:     62 | Actor Loss: -0.0002 | Critic Loss: 0.0046
2026-05-10 07:17:54,483 | INFO |   Env | HO: 75.41% | Cont: 88.45% | Task: 84.37% | Resolved: 99.97% | Delay: 2.436s | Energy: 17750.83J | LB: 0.274
2026-05-10 07:17:54,483 | INFO |   Reward | D: 6826.41 | E: 4892.37 | Q: 3949.20 | H: 492.69 | LB: -0.62 | Enq: 132.89 | Pen: -1483.85
2026-05-10 07:18:27,371 | INFO | Update  516 | Steps: 1,056,768 | Episodes:   516 | EpReward:   738.44 | FPS:     62 | Actor Loss: 0.0002 | Critic Loss: 0.0030
2026-05-10 07:18:27,371 | INFO |   Env | HO: 75.74% | Cont: 94.55% | Task: 87.07% | Resolved: 99.99% | Delay: 2.366s | Energy: 17386.12J | LB: 0.347
2026-05-10 07:18:27,372 | INFO |   Reward | D: 7023.40 | E: 4851.76 | Q: 4176.80 | H: 217.75 | LB: -1.00 | Enq: 125.78 | Pen: -1018.60
2026-05-10 07:19:12,560 | INFO | Update  517 | Steps: 1,058,816 | Episodes:   517 | EpReward:   738.33 | FPS:     45 | Actor Loss: -0.0002 | Critic Loss: 0.0076
2026-05-10 07:19:12,560 | INFO |   Env | HO: 76.88% | Cont: 91.16% | Task: 85.44% | Resolved: 99.94% | Delay: 2.408s | Energy: 17560.44J | LB: 0.251
2026-05-10 07:19:12,560 | INFO |   Reward | D: 6983.84 | E: 4889.99 | Q: 4060.40 | H: 365.01 | LB: -0.76 | Enq: 132.43 | Pen: -1222.79
2026-05-10 07:19:59,543 | INFO | Update  518 | Steps: 1,060,864 | Episodes:   518 | EpReward:   738.34 | FPS:     44 | Actor Loss: -0.0002 | Critic Loss: 0.0102
2026-05-10 07:19:59,543 | INFO |   Env | HO: 74.96% | Cont: 95.27% | Task: 86.65% | Resolved: 99.99% | Delay: 2.351s | Energy: 17689.22J | LB: 0.336
2026-05-10 07:19:59,543 | INFO |   Reward | D: 7175.18 | E: 4900.83 | Q: 4178.00 | H: 170.47 | LB: -1.16 | Enq: 124.21 | Pen: -984.20
2026-05-10 07:20:40,445 | INFO | Update  519 | Steps: 1,062,912 | Episodes:   519 | EpReward:   738.09 | FPS:     50 | Actor Loss: 0.0000 | Critic Loss: 0.0048
2026-05-10 07:20:40,450 | INFO |   Env | HO: 76.84% | Cont: 91.93% | Task: 86.34% | Resolved: 99.95% | Delay: 2.388s | Energy: 17922.21J | LB: 0.290
2026-05-10 07:20:40,451 | INFO |   Reward | D: 6982.85 | E: 4818.31 | Q: 4111.60 | H: 314.58 | LB: -0.73 | Enq: 130.32 | Pen: -1114.40
2026-05-10 07:21:09,044 | INFO | Update  520 | Steps: 1,064,960 | Episodes:   520 | EpReward:   737.86 | FPS:     72 | Actor Loss: -0.0012 | Critic Loss: 0.0072
2026-05-10 07:21:09,045 | INFO |   Env | HO: 78.53% | Cont: 95.29% | Task: 86.64% | Resolved: 99.98% | Delay: 2.365s | Energy: 17768.19J | LB: 0.291
2026-05-10 07:21:09,045 | INFO |   Reward | D: 7044.91 | E: 4874.47 | Q: 4163.20 | H: 177.11 | LB: -0.72 | Enq: 127.92 | Pen: -910.56
2026-05-10 07:21:39,727 | INFO | Update  521 | Steps: 1,067,008 | Episodes:   521 | EpReward:   737.71 | FPS:     67 | Actor Loss: 0.0000 | Critic Loss: 0.0088
2026-05-10 07:21:39,727 | INFO |   Env | HO: 75.83% | Cont: 87.24% | Task: 83.95% | Resolved: 99.97% | Delay: 2.458s | Energy: 17640.65J | LB: 0.239
2026-05-10 07:21:39,727 | INFO |   Reward | D: 6725.40 | E: 4809.97 | Q: 3880.00 | H: 499.82 | LB: -0.49 | Enq: 135.04 | Pen: -1450.35
2026-05-10 07:22:09,285 | INFO | Update  522 | Steps: 1,069,056 | Episodes:   522 | EpReward:   737.91 | FPS:     69 | Actor Loss: -0.0003 | Critic Loss: 0.0026
2026-05-10 07:22:09,286 | INFO |   Env | HO: 77.26% | Cont: 93.77% | Task: 86.57% | Resolved: 99.96% | Delay: 2.380s | Energy: 18050.00J | LB: 0.265
2026-05-10 07:22:09,286 | INFO |   Reward | D: 7173.89 | E: 4907.60 | Q: 4199.20 | H: 237.63 | LB: -0.30 | Enq: 128.82 | Pen: -1022.32
2026-05-10 07:22:38,136 | INFO | Update  523 | Steps: 1,071,104 | Episodes:   523 | EpReward:   737.92 | FPS:     71 | Actor Loss: -0.0000 | Critic Loss: 0.0060
2026-05-10 07:22:38,136 | INFO |   Env | HO: 77.06% | Cont: 89.62% | Task: 84.87% | Resolved: 99.98% | Delay: 2.415s | Energy: 18230.76J | LB: 0.242
2026-05-10 07:22:38,136 | INFO |   Reward | D: 6922.60 | E: 4827.17 | Q: 3978.80 | H: 431.92 | LB: -0.30 | Enq: 133.15 | Pen: -1300.86
2026-05-10 07:23:12,500 | INFO | Update  524 | Steps: 1,073,152 | Episodes:   524 | EpReward:   737.81 | FPS:     60 | Actor Loss: 0.0001 | Critic Loss: 0.0141
2026-05-10 07:23:12,504 | INFO |   Env | HO: 74.91% | Cont: 91.96% | Task: 85.70% | Resolved: 99.97% | Delay: 2.411s | Energy: 18314.26J | LB: 0.302
2026-05-10 07:23:12,504 | INFO |   Reward | D: 7023.01 | E: 4833.43 | Q: 4088.00 | H: 267.83 | LB: -0.73 | Enq: 126.63 | Pen: -1155.11
2026-05-10 07:23:44,626 | INFO | Update  525 | Steps: 1,075,200 | Episodes:   525 | EpReward:   737.45 | FPS:     64 | Actor Loss: -0.0006 | Critic Loss: 0.0060
2026-05-10 07:23:44,629 | INFO |   Env | HO: 77.66% | Cont: 90.11% | Task: 84.43% | Resolved: 99.96% | Delay: 2.432s | Energy: 18207.10J | LB: 0.230
2026-05-10 07:23:44,630 | INFO |   Reward | D: 6802.58 | E: 4773.72 | Q: 3900.80 | H: 413.25 | LB: -0.95 | Enq: 130.53 | Pen: -1274.93
2026-05-10 07:24:18,562 | INFO | Update  526 | Steps: 1,077,248 | Episodes:   526 | EpReward:   737.37 | FPS:     60 | Actor Loss: 0.0001 | Critic Loss: 0.0068
2026-05-10 07:24:18,562 | INFO |   Env | HO: 76.06% | Cont: 96.44% | Task: 87.64% | Resolved: 99.98% | Delay: 2.337s | Energy: 18148.61J | LB: 0.392
2026-05-10 07:24:18,562 | INFO |   Reward | D: 7184.66 | E: 4872.06 | Q: 4285.20 | H: 111.02 | LB: -0.51 | Enq: 123.14 | Pen: -836.65
2026-05-10 07:24:52,086 | INFO | Update  527 | Steps: 1,079,296 | Episodes:   527 | EpReward:   737.69 | FPS:     61 | Actor Loss: -0.0001 | Critic Loss: 0.0037
2026-05-10 07:24:52,086 | INFO |   Env | HO: 74.69% | Cont: 96.06% | Task: 87.31% | Resolved: 99.94% | Delay: 2.340s | Energy: 18357.35J | LB: 0.413
2026-05-10 07:24:52,086 | INFO |   Reward | D: 7249.12 | E: 4892.91 | Q: 4270.40 | H: 121.84 | LB: -0.05 | Enq: 122.28 | Pen: -911.20
2026-05-10 07:25:33,321 | INFO | Update  528 | Steps: 1,081,344 | Episodes:   528 | EpReward:   738.00 | FPS:     50 | Actor Loss: 0.0001 | Critic Loss: 0.0046
2026-05-10 07:25:33,321 | INFO |   Env | HO: 77.43% | Cont: 95.42% | Task: 86.79% | Resolved: 99.99% | Delay: 2.351s | Energy: 18912.50J | LB: 0.373
2026-05-10 07:25:33,322 | INFO |   Reward | D: 7285.59 | E: 4945.10 | Q: 4255.60 | H: 183.66 | LB: -0.64 | Enq: 125.09 | Pen: -996.80
2026-05-10 07:26:12,176 | INFO | Update  529 | Steps: 1,083,392 | Episodes:   529 | EpReward:   738.30 | FPS:     53 | Actor Loss: 0.0000 | Critic Loss: 0.0038
2026-05-10 07:26:12,176 | INFO |   Env | HO: 75.61% | Cont: 95.87% | Task: 87.79% | Resolved: 99.95% | Delay: 2.348s | Energy: 18784.81J | LB: 0.401
2026-05-10 07:26:12,176 | INFO |   Reward | D: 7296.39 | E: 4907.81 | Q: 4336.00 | H: 154.78 | LB: -0.47 | Enq: 122.25 | Pen: -949.35
2026-05-10 07:26:42,686 | INFO | Update  530 | Steps: 1,085,440 | Episodes:   530 | EpReward:   738.22 | FPS:     67 | Actor Loss: 0.0001 | Critic Loss: 0.0043
2026-05-10 07:26:42,687 | INFO |   Env | HO: 76.92% | Cont: 91.30% | Task: 85.31% | Resolved: 99.97% | Delay: 2.407s | Energy: 18225.46J | LB: 0.336
2026-05-10 07:26:42,687 | INFO |   Reward | D: 6951.06 | E: 4799.04 | Q: 4000.00 | H: 365.17 | LB: -1.19 | Enq: 126.40 | Pen: -1257.20
2026-05-10 07:27:20,053 | INFO | Update  531 | Steps: 1,087,488 | Episodes:   531 | EpReward:   738.53 | FPS:     55 | Actor Loss: -0.0004 | Critic Loss: 0.0062
2026-05-10 07:27:20,053 | INFO |   Env | HO: 76.28% | Cont: 95.50% | Task: 87.57% | Resolved: 99.97% | Delay: 2.354s | Energy: 18858.30J | LB: 0.400
2026-05-10 07:27:20,053 | INFO |   Reward | D: 7258.99 | E: 4873.67 | Q: 4295.20 | H: 174.69 | LB: -0.58 | Enq: 122.46 | Pen: -972.14
2026-05-10 07:27:57,772 | INFO | Update  532 | Steps: 1,089,536 | Episodes:   532 | EpReward:   738.70 | FPS:     54 | Actor Loss: -0.0004 | Critic Loss: 0.0037
2026-05-10 07:27:57,773 | INFO |   Env | HO: 75.67% | Cont: 92.60% | Task: 85.99% | Resolved: 99.97% | Delay: 2.396s | Energy: 18107.75J | LB: 0.314
2026-05-10 07:27:57,773 | INFO |   Reward | D: 7114.17 | E: 4898.49 | Q: 4142.80 | H: 294.11 | LB: -1.21 | Enq: 127.54 | Pen: -1188.03
2026-05-10 07:28:37,287 | INFO | Update  533 | Steps: 1,091,584 | Episodes:   533 | EpReward:   738.67 | FPS:     52 | Actor Loss: -0.0001 | Critic Loss: 0.0039
2026-05-10 07:28:37,288 | INFO |   Env | HO: 75.50% | Cont: 95.21% | Task: 86.80% | Resolved: 99.95% | Delay: 2.379s | Energy: 18772.43J | LB: 0.427
2026-05-10 07:28:37,288 | INFO |   Reward | D: 7145.01 | E: 4889.90 | Q: 4224.40 | H: 182.66 | LB: -0.80 | Enq: 122.76 | Pen: -1011.67
2026-05-10 07:29:10,028 | INFO | Update  534 | Steps: 1,093,632 | Episodes:   534 | EpReward:   738.82 | FPS:     63 | Actor Loss: -0.0001 | Critic Loss: 0.0038
2026-05-10 07:29:10,028 | INFO |   Env | HO: 74.27% | Cont: 92.93% | Task: 86.22% | Resolved: 99.97% | Delay: 2.381s | Energy: 18234.43J | LB: 0.342
2026-05-10 07:29:10,028 | INFO |   Reward | D: 7081.41 | E: 4870.69 | Q: 4154.80 | H: 264.69 | LB: -1.23 | Enq: 125.54 | Pen: -1154.92
2026-05-10 07:29:50,532 | INFO | Update  535 | Steps: 1,095,680 | Episodes:   535 | EpReward:   738.75 | FPS:     51 | Actor Loss: -0.0003 | Critic Loss: 0.0022
2026-05-10 07:29:50,537 | INFO |   Env | HO: 75.03% | Cont: 93.65% | Task: 86.61% | Resolved: 99.94% | Delay: 2.376s | Energy: 18290.48J | LB: 0.404
2026-05-10 07:29:50,538 | INFO |   Reward | D: 7210.04 | E: 4933.98 | Q: 4220.00 | H: 257.44 | LB: -0.54 | Enq: 124.04 | Pen: -1152.60
2026-05-10 07:30:28,986 | INFO | Update  536 | Steps: 1,097,728 | Episodes:   536 | EpReward:   738.80 | FPS:     53 | Actor Loss: 0.0002 | Critic Loss: 0.0038
2026-05-10 07:30:28,987 | INFO |   Env | HO: 75.47% | Cont: 92.42% | Task: 85.94% | Resolved: 99.94% | Delay: 2.393s | Energy: 17941.66J | LB: 0.364
2026-05-10 07:30:28,987 | INFO |   Reward | D: 7009.18 | E: 4815.53 | Q: 4073.20 | H: 290.40 | LB: -1.16 | Enq: 125.68 | Pen: -1154.05
2026-05-10 07:31:07,966 | INFO | Update  537 | Steps: 1,099,776 | Episodes:   537 | EpReward:   738.56 | FPS:     53 | Actor Loss: -0.0003 | Critic Loss: 0.0023
2026-05-10 07:31:07,970 | INFO |   Env | HO: 76.15% | Cont: 93.04% | Task: 85.96% | Resolved: 99.94% | Delay: 2.389s | Energy: 18520.39J | LB: 0.387
2026-05-10 07:31:07,970 | INFO |   Reward | D: 7107.18 | E: 4887.18 | Q: 4130.40 | H: 281.98 | LB: -0.60 | Enq: 124.52 | Pen: -1171.35
2026-05-10 07:31:54,302 | INFO | Update  538 | Steps: 1,101,824 | Episodes:   538 | EpReward:   738.37 | FPS:     44 | Actor Loss: -0.0000 | Critic Loss: 0.0039
2026-05-10 07:31:54,303 | INFO |   Env | HO: 75.93% | Cont: 91.68% | Task: 85.89% | Resolved: 99.98% | Delay: 2.385s | Energy: 18155.34J | LB: 0.331
2026-05-10 07:31:54,303 | INFO |   Reward | D: 7058.45 | E: 4870.59 | Q: 4111.20 | H: 338.63 | LB: -1.02 | Enq: 125.23 | Pen: -1266.10
2026-05-10 07:31:54,303 | INFO | ----------------------------------------
2026-05-10 07:31:54,303 | INFO | 开始评估...
2026-05-10 07:35:36,470 | INFO | 评估结果: 奖励 = 792.94 ± 4.97, 长度 = 2000, 时延 = 2.255s, 能耗 = 185243.95J, 负载均衡 = 0.489
2026-05-10 07:35:36,470 | INFO | ----------------------------------------
2026-05-10 07:36:09,026 | INFO | Update  539 | Steps: 1,103,872 | Episodes:   539 | EpReward:   738.34 | FPS:     63 | Actor Loss: -0.0001 | Critic Loss: 0.0021
2026-05-10 07:36:09,026 | INFO |   Env | HO: 75.08% | Cont: 93.67% | Task: 86.46% | Resolved: 99.96% | Delay: 2.379s | Energy: 18501.91J | LB: 0.389
2026-05-10 07:36:09,026 | INFO |   Reward | D: 7222.41 | E: 4903.52 | Q: 4199.20 | H: 249.34 | LB: -0.97 | Enq: 122.93 | Pen: -1143.09
2026-05-10 07:36:51,999 | INFO | Update  540 | Steps: 1,105,920 | Episodes:   540 | EpReward:   738.15 | FPS:     48 | Actor Loss: 0.0000 | Critic Loss: 0.0043
2026-05-10 07:36:52,000 | INFO |   Env | HO: 75.67% | Cont: 92.00% | Task: 85.41% | Resolved: 99.94% | Delay: 2.392s | Energy: 18110.39J | LB: 0.330
2026-05-10 07:36:52,000 | INFO |   Reward | D: 6969.62 | E: 4851.61 | Q: 4048.00 | H: 318.37 | LB: -0.70 | Enq: 125.00 | Pen: -1215.46
2026-05-10 07:37:32,989 | INFO | Update  541 | Steps: 1,107,968 | Episodes:   541 | EpReward:   737.94 | FPS:     50 | Actor Loss: -0.0001 | Critic Loss: 0.0022
2026-05-10 07:37:32,989 | INFO |   Env | HO: 75.78% | Cont: 93.30% | Task: 86.07% | Resolved: 99.98% | Delay: 2.386s | Energy: 18705.06J | LB: 0.407
2026-05-10 07:37:32,990 | INFO |   Reward | D: 7042.15 | E: 4845.40 | Q: 4116.80 | H: 266.78 | LB: -0.18 | Enq: 122.43 | Pen: -1158.63
2026-05-10 07:38:15,767 | INFO | Update  542 | Steps: 1,110,016 | Episodes:   542 | EpReward:   737.86 | FPS:     48 | Actor Loss: 0.0001 | Critic Loss: 0.0037
2026-05-10 07:38:15,767 | INFO |   Env | HO: 77.52% | Cont: 92.70% | Task: 85.67% | Resolved: 99.99% | Delay: 2.389s | Energy: 18484.64J | LB: 0.365
2026-05-10 07:38:15,767 | INFO |   Reward | D: 7068.63 | E: 4870.21 | Q: 4091.60 | H: 314.10 | LB: -0.38 | Enq: 124.22 | Pen: -1190.99
2026-05-10 07:38:57,496 | INFO | Update  543 | Steps: 1,112,064 | Episodes:   543 | EpReward:   737.67 | FPS:     49 | Actor Loss: -0.0003 | Critic Loss: 0.0020
2026-05-10 07:38:57,496 | INFO |   Env | HO: 75.00% | Cont: 92.01% | Task: 85.74% | Resolved: 99.94% | Delay: 2.412s | Energy: 18745.69J | LB: 0.327
2026-05-10 07:38:57,496 | INFO |   Reward | D: 7122.48 | E: 4846.57 | Q: 4109.20 | H: 300.92 | LB: -0.50 | Enq: 124.40 | Pen: -1215.42
2026-05-10 07:39:36,234 | INFO | Update  544 | Steps: 1,114,112 | Episodes:   544 | EpReward:   737.26 | FPS:     53 | Actor Loss: -0.0005 | Critic Loss: 0.0033
2026-05-10 07:39:36,235 | INFO |   Env | HO: 74.71% | Cont: 90.98% | Task: 85.10% | Resolved: 99.94% | Delay: 2.412s | Energy: 18368.83J | LB: 0.337
2026-05-10 07:39:36,235 | INFO |   Reward | D: 6894.64 | E: 4790.45 | Q: 3995.20 | H: 325.64 | LB: -0.12 | Enq: 124.89 | Pen: -1246.52
2026-05-10 07:40:10,650 | INFO | Update  545 | Steps: 1,116,160 | Episodes:   545 | EpReward:   736.96 | FPS:     60 | Actor Loss: -0.0001 | Critic Loss: 0.0026
2026-05-10 07:40:10,651 | INFO |   Env | HO: 76.80% | Cont: 92.83% | Task: 85.96% | Resolved: 99.97% | Delay: 2.392s | Energy: 18628.35J | LB: 0.394
2026-05-10 07:40:10,651 | INFO |   Reward | D: 7070.84 | E: 4834.47 | Q: 4110.40 | H: 283.85 | LB: -1.53 | Enq: 123.55 | Pen: -1143.21
2026-05-10 07:40:47,511 | INFO | Update  546 | Steps: 1,118,208 | Episodes:   546 | EpReward:   736.61 | FPS:     56 | Actor Loss: 0.0003 | Critic Loss: 0.0025
2026-05-10 07:40:47,511 | INFO |   Env | HO: 76.18% | Cont: 91.54% | Task: 85.60% | Resolved: 99.95% | Delay: 2.402s | Energy: 18735.42J | LB: 0.388
2026-05-10 07:40:47,511 | INFO |   Reward | D: 7039.98 | E: 4832.98 | Q: 4076.80 | H: 340.94 | LB: -0.94 | Enq: 123.53 | Pen: -1263.09
2026-05-10 07:41:34,720 | INFO | Update  547 | Steps: 1,120,256 | Episodes:   547 | EpReward:   736.21 | FPS:     43 | Actor Loss: -0.0002 | Critic Loss: 0.0027
2026-05-10 07:41:34,720 | INFO |   Env | HO: 76.00% | Cont: 92.05% | Task: 85.52% | Resolved: 99.99% | Delay: 2.397s | Energy: 18947.47J | LB: 0.422
2026-05-10 07:41:34,720 | INFO |   Reward | D: 7089.69 | E: 4862.10 | Q: 4085.20 | H: 331.58 | LB: -1.70 | Enq: 123.56 | Pen: -1249.86
2026-05-10 07:42:12,446 | INFO | Update  548 | Steps: 1,122,304 | Episodes:   548 | EpReward:   736.66 | FPS:     54 | Actor Loss: -0.0003 | Critic Loss: 0.0035
2026-05-10 07:42:12,447 | INFO |   Env | HO: 74.65% | Cont: 91.59% | Task: 85.55% | Resolved: 99.97% | Delay: 2.411s | Energy: 18663.45J | LB: 0.368
2026-05-10 07:42:12,447 | INFO |   Reward | D: 7029.22 | E: 4821.86 | Q: 4056.40 | H: 326.39 | LB: -0.89 | Enq: 124.86 | Pen: -1261.44
2026-05-10 07:42:51,702 | INFO | Update  549 | Steps: 1,124,352 | Episodes:   549 | EpReward:   737.06 | FPS:     52 | Actor Loss: 0.0001 | Critic Loss: 0.0022
2026-05-10 07:42:51,705 | INFO |   Env | HO: 76.99% | Cont: 93.50% | Task: 86.54% | Resolved: 99.94% | Delay: 2.369s | Energy: 18564.65J | LB: 0.359
2026-05-10 07:42:51,705 | INFO |   Reward | D: 7187.34 | E: 4892.21 | Q: 4192.80 | H: 273.89 | LB: -1.05 | Enq: 124.39 | Pen: -1138.25
2026-05-10 07:43:26,960 | INFO | Update  550 | Steps: 1,126,400 | Episodes:   550 | EpReward:   737.66 | FPS:     58 | Actor Loss: -0.0005 | Critic Loss: 0.0047
2026-05-10 07:43:26,960 | INFO |   Env | HO: 76.27% | Cont: 91.97% | Task: 86.08% | Resolved: 99.93% | Delay: 2.391s | Energy: 18624.79J | LB: 0.359
2026-05-10 07:43:26,960 | INFO |   Reward | D: 7091.82 | E: 4833.01 | Q: 4115.60 | H: 339.79 | LB: -1.06 | Enq: 123.12 | Pen: -1208.52
2026-05-10 07:44:03,392 | INFO | Update  551 | Steps: 1,128,448 | Episodes:   551 | EpReward:   737.73 | FPS:     56 | Actor Loss: -0.0001 | Critic Loss: 0.0030
2026-05-10 07:44:03,392 | INFO |   Env | HO: 75.49% | Cont: 94.11% | Task: 86.75% | Resolved: 99.93% | Delay: 2.372s | Energy: 18801.01J | LB: 0.428
2026-05-10 07:44:03,392 | INFO |   Reward | D: 7174.75 | E: 4846.76 | Q: 4190.80 | H: 232.43 | LB: -0.32 | Enq: 122.08 | Pen: -1080.10
2026-05-10 07:44:36,887 | INFO | Update  552 | Steps: 1,130,496 | Episodes:   552 | EpReward:   738.00 | FPS:     61 | Actor Loss: -0.0005 | Critic Loss: 0.0027
2026-05-10 07:44:36,887 | INFO |   Env | HO: 76.41% | Cont: 94.07% | Task: 87.07% | Resolved: 99.94% | Delay: 2.365s | Energy: 18860.22J | LB: 0.416
2026-05-10 07:44:36,887 | INFO |   Reward | D: 7258.67 | E: 4891.59 | Q: 4272.40 | H: 222.48 | LB: -0.15 | Enq: 123.94 | Pen: -1058.73
2026-05-10 07:45:09,439 | INFO | Update  553 | Steps: 1,132,544 | Episodes:   553 | EpReward:   738.35 | FPS:     63 | Actor Loss: -0.0000 | Critic Loss: 0.0035
2026-05-10 07:45:09,442 | INFO |   Env | HO: 73.79% | Cont: 94.26% | Task: 86.62% | Resolved: 99.99% | Delay: 2.386s | Energy: 19060.16J | LB: 0.387
2026-05-10 07:45:09,442 | INFO |   Reward | D: 7104.82 | E: 4823.99 | Q: 4172.40 | H: 203.69 | LB: -0.18 | Enq: 123.81 | Pen: -1029.07
2026-05-10 07:45:44,110 | INFO | Update  554 | Steps: 1,134,592 | Episodes:   554 | EpReward:   738.73 | FPS:     59 | Actor Loss: -0.0004 | Critic Loss: 0.0025
2026-05-10 07:45:44,110 | INFO |   Env | HO: 75.78% | Cont: 94.41% | Task: 86.01% | Resolved: 99.97% | Delay: 2.362s | Energy: 19021.73J | LB: 0.418
2026-05-10 07:45:44,110 | INFO |   Reward | D: 7237.27 | E: 4950.33 | Q: 4192.00 | H: 208.55 | LB: -0.51 | Enq: 124.02 | Pen: -1063.98
2026-05-10 07:46:15,414 | INFO | Update  555 | Steps: 1,136,640 | Episodes:   555 | EpReward:   739.53 | FPS:     65 | Actor Loss: -0.0003 | Critic Loss: 0.0046
2026-05-10 07:46:15,414 | INFO |   Env | HO: 75.64% | Cont: 94.81% | Task: 87.24% | Resolved: 99.98% | Delay: 2.358s | Energy: 18964.78J | LB: 0.414
2026-05-10 07:46:15,414 | INFO |   Reward | D: 7297.77 | E: 4930.61 | Q: 4307.60 | H: 193.86 | LB: -0.51 | Enq: 125.01 | Pen: -1000.48
2026-05-10 07:46:48,473 | INFO | Update  556 | Steps: 1,138,688 | Episodes:   556 | EpReward:   739.97 | FPS:     62 | Actor Loss: -0.0003 | Critic Loss: 0.0025
2026-05-10 07:46:48,473 | INFO |   Env | HO: 75.57% | Cont: 94.50% | Task: 87.23% | Resolved: 99.95% | Delay: 2.360s | Energy: 18408.46J | LB: 0.407
2026-05-10 07:46:48,473 | INFO |   Reward | D: 7180.47 | E: 4870.51 | Q: 4252.80 | H: 198.71 | LB: -0.20 | Enq: 122.74 | Pen: -1012.36
2026-05-10 07:47:20,170 | INFO | Update  557 | Steps: 1,140,736 | Episodes:   557 | EpReward:   741.22 | FPS:     65 | Actor Loss: -0.0007 | Critic Loss: 0.0034
2026-05-10 07:47:20,170 | INFO |   Env | HO: 76.14% | Cont: 94.93% | Task: 86.94% | Resolved: 99.97% | Delay: 2.375s | Energy: 18901.38J | LB: 0.334
2026-05-10 07:47:20,170 | INFO |   Reward | D: 7251.00 | E: 4889.94 | Q: 4249.60 | H: 185.52 | LB: -0.34 | Enq: 125.44 | Pen: -963.46
2026-05-10 07:47:59,430 | INFO | Update  558 | Steps: 1,142,784 | Episodes:   558 | EpReward:   742.17 | FPS:     52 | Actor Loss: -0.0001 | Critic Loss: 0.0024
2026-05-10 07:47:59,430 | INFO |   Env | HO: 77.01% | Cont: 94.95% | Task: 87.48% | Resolved: 99.97% | Delay: 2.341s | Energy: 18328.90J | LB: 0.375
2026-05-10 07:47:59,430 | INFO |   Reward | D: 7274.17 | E: 4900.84 | Q: 4300.00 | H: 181.74 | LB: -0.35 | Enq: 123.38 | Pen: -967.60
2026-05-10 07:48:38,763 | INFO | Update  559 | Steps: 1,144,832 | Episodes:   559 | EpReward:   743.46 | FPS:     52 | Actor Loss: -0.0011 | Critic Loss: 0.0035
2026-05-10 07:48:38,764 | INFO |   Env | HO: 76.37% | Cont: 95.23% | Task: 87.24% | Resolved: 99.99% | Delay: 2.352s | Energy: 19085.14J | LB: 0.377
2026-05-10 07:48:38,764 | INFO |   Reward | D: 7294.04 | E: 4893.79 | Q: 4275.20 | H: 176.73 | LB: -0.34 | Enq: 124.30 | Pen: -958.60
2026-05-10 07:49:17,944 | INFO | Update  560 | Steps: 1,146,880 | Episodes:   560 | EpReward:   743.72 | FPS:     52 | Actor Loss: 0.0006 | Critic Loss: 0.0072
2026-05-10 07:49:17,945 | INFO |   Env | HO: 74.99% | Cont: 88.30% | Task: 84.76% | Resolved: 99.93% | Delay: 2.434s | Energy: 18972.11J | LB: 0.332
2026-05-10 07:49:17,945 | INFO |   Reward | D: 6973.81 | E: 4791.52 | Q: 4000.40 | H: 450.01 | LB: -0.73 | Enq: 125.47 | Pen: -1437.22
2026-05-10 07:50:03,064 | INFO | Update  561 | Steps: 1,148,928 | Episodes:   561 | EpReward:   744.10 | FPS:     45 | Actor Loss: -0.0003 | Critic Loss: 0.0061
2026-05-10 07:50:03,069 | INFO |   Env | HO: 76.04% | Cont: 87.77% | Task: 83.76% | Resolved: 99.95% | Delay: 2.449s | Energy: 18910.16J | LB: 0.251
2026-05-10 07:50:03,069 | INFO |   Reward | D: 6824.81 | E: 4783.19 | Q: 3869.20 | H: 503.61 | LB: -1.23 | Enq: 130.03 | Pen: -1465.41
2026-05-10 07:50:39,737 | INFO | Update  562 | Steps: 1,150,976 | Episodes:   562 | EpReward:   743.94 | FPS:     56 | Actor Loss: 0.0000 | Critic Loss: 0.0036
2026-05-10 07:50:39,741 | INFO |   Env | HO: 76.96% | Cont: 87.06% | Task: 83.93% | Resolved: 99.95% | Delay: 2.459s | Energy: 19170.26J | LB: 0.261
2026-05-10 07:50:39,741 | INFO |   Reward | D: 6935.66 | E: 4783.59 | Q: 3903.20 | H: 551.48 | LB: -0.49 | Enq: 127.84 | Pen: -1538.71
2026-05-10 07:51:15,557 | INFO | Update  563 | Steps: 1,153,024 | Episodes:   563 | EpReward:   744.24 | FPS:     57 | Actor Loss: -0.0004 | Critic Loss: 0.0049
2026-05-10 07:51:15,557 | INFO |   Env | HO: 77.66% | Cont: 85.18% | Task: 83.28% | Resolved: 99.94% | Delay: 2.460s | Energy: 18566.04J | LB: 0.254
2026-05-10 07:51:15,557 | INFO |   Reward | D: 6740.55 | E: 4762.56 | Q: 3802.00 | H: 664.49 | LB: -0.42 | Enq: 130.72 | Pen: -1673.68
2026-05-10 07:51:54,685 | INFO | Update  564 | Steps: 1,155,072 | Episodes:   564 | EpReward:   744.29 | FPS:     52 | Actor Loss: 0.0003 | Critic Loss: 0.0049
2026-05-10 07:51:54,688 | INFO |   Env | HO: 77.04% | Cont: 86.33% | Task: 83.63% | Resolved: 99.97% | Delay: 2.457s | Energy: 18979.37J | LB: 0.290
2026-05-10 07:51:54,689 | INFO |   Reward | D: 6915.31 | E: 4833.63 | Q: 3892.00 | H: 599.09 | LB: -1.05 | Enq: 129.88 | Pen: -1637.16
2026-05-10 07:52:27,480 | INFO | Update  565 | Steps: 1,157,120 | Episodes:   565 | EpReward:   744.53 | FPS:     62 | Actor Loss: -0.0001 | Critic Loss: 0.0054
2026-05-10 07:52:27,480 | INFO |   Env | HO: 76.65% | Cont: 87.08% | Task: 83.54% | Resolved: 99.99% | Delay: 2.465s | Energy: 18895.32J | LB: 0.269
2026-05-10 07:52:27,480 | INFO |   Reward | D: 6816.22 | E: 4778.59 | Q: 3844.40 | H: 550.83 | LB: -1.37 | Enq: 127.99 | Pen: -1565.75
2026-05-10 07:53:02,654 | INFO | Update  566 | Steps: 1,159,168 | Episodes:   566 | EpReward:   744.63 | FPS:     58 | Actor Loss: 0.0000 | Critic Loss: 0.0060
2026-05-10 07:53:02,654 | INFO |   Env | HO: 77.00% | Cont: 88.26% | Task: 84.58% | Resolved: 99.94% | Delay: 2.432s | Energy: 19035.47J | LB: 0.267
2026-05-10 07:53:02,654 | INFO |   Reward | D: 6997.77 | E: 4789.38 | Q: 3958.00 | H: 501.45 | LB: -1.27 | Enq: 129.15 | Pen: -1407.89
2026-05-10 07:53:52,487 | INFO | Update  567 | Steps: 1,161,216 | Episodes:   567 | EpReward:   744.97 | FPS:     41 | Actor Loss: 0.0001 | Critic Loss: 0.0059
2026-05-10 07:53:52,487 | INFO |   Env | HO: 76.77% | Cont: 89.51% | Task: 85.14% | Resolved: 99.96% | Delay: 2.427s | Energy: 19257.06J | LB: 0.285
2026-05-10 07:53:52,488 | INFO |   Reward | D: 6948.97 | E: 4783.72 | Q: 4010.80 | H: 435.97 | LB: -1.04 | Enq: 128.39 | Pen: -1305.92
2026-05-10 07:54:34,122 | INFO | Update  568 | Steps: 1,163,264 | Episodes:   568 | EpReward:   745.24 | FPS:     49 | Actor Loss: 0.0002 | Critic Loss: 0.0057
2026-05-10 07:54:34,122 | INFO |   Env | HO: 76.68% | Cont: 88.44% | Task: 84.47% | Resolved: 99.94% | Delay: 2.453s | Energy: 19621.31J | LB: 0.269
2026-05-10 07:54:34,122 | INFO |   Reward | D: 7044.20 | E: 4810.75 | Q: 3995.20 | H: 468.13 | LB: -1.22 | Enq: 124.67 | Pen: -1460.42
2026-05-10 07:55:12,128 | INFO | Update  569 | Steps: 1,165,312 | Episodes:   569 | EpReward:   745.57 | FPS:     54 | Actor Loss: -0.0001 | Critic Loss: 0.0041
2026-05-10 07:55:12,128 | INFO |   Env | HO: 74.96% | Cont: 89.23% | Task: 84.54% | Resolved: 99.97% | Delay: 2.443s | Energy: 19440.80J | LB: 0.298
2026-05-10 07:55:12,128 | INFO |   Reward | D: 6867.38 | E: 4740.77 | Q: 3930.00 | H: 401.06 | LB: -1.10 | Enq: 125.25 | Pen: -1358.76
2026-05-10 07:55:42,920 | INFO | Update  570 | Steps: 1,167,360 | Episodes:   570 | EpReward:   745.80 | FPS:     67 | Actor Loss: 0.0000 | Critic Loss: 0.0037
2026-05-10 07:55:42,920 | INFO |   Env | HO: 78.45% | Cont: 91.24% | Task: 85.65% | Resolved: 99.95% | Delay: 2.402s | Energy: 19748.04J | LB: 0.332
2026-05-10 07:55:42,920 | INFO |   Reward | D: 7132.61 | E: 4846.08 | Q: 4129.60 | H: 329.59 | LB: -0.72 | Enq: 124.74 | Pen: -1164.52
2026-05-10 07:56:16,293 | INFO | Update  571 | Steps: 1,169,408 | Episodes:   571 | EpReward:   746.16 | FPS:     61 | Actor Loss: 0.0001 | Critic Loss: 0.0046
2026-05-10 07:56:16,293 | INFO |   Env | HO: 75.69% | Cont: 91.44% | Task: 85.37% | Resolved: 99.97% | Delay: 2.413s | Energy: 19607.57J | LB: 0.326
2026-05-10 07:56:16,294 | INFO |   Reward | D: 7004.75 | E: 4788.90 | Q: 4053.60 | H: 311.97 | LB: -1.01 | Enq: 124.64 | Pen: -1180.41
2026-05-10 07:56:48,468 | INFO | Update  572 | Steps: 1,171,456 | Episodes:   572 | EpReward:   746.18 | FPS:     64 | Actor Loss: 0.0001 | Critic Loss: 0.0043
2026-05-10 07:56:48,468 | INFO |   Env | HO: 75.51% | Cont: 89.64% | Task: 84.38% | Resolved: 99.96% | Delay: 2.438s | Energy: 19809.26J | LB: 0.337
2026-05-10 07:56:48,468 | INFO |   Reward | D: 7017.58 | E: 4784.43 | Q: 3970.80 | H: 361.34 | LB: -1.50 | Enq: 123.36 | Pen: -1328.33
2026-05-10 07:57:23,385 | INFO | Update  573 | Steps: 1,173,504 | Episodes:   573 | EpReward:   746.65 | FPS:     59 | Actor Loss: -0.0003 | Critic Loss: 0.0041
2026-05-10 07:57:23,385 | INFO |   Env | HO: 76.38% | Cont: 91.48% | Task: 85.76% | Resolved: 99.97% | Delay: 2.410s | Energy: 19773.25J | LB: 0.297
2026-05-10 07:57:23,385 | INFO |   Reward | D: 7109.88 | E: 4828.67 | Q: 4124.40 | H: 318.71 | LB: -0.73 | Enq: 127.49 | Pen: -1170.31
2026-05-10 07:58:13,129 | INFO | Update  574 | Steps: 1,175,552 | Episodes:   574 | EpReward:   746.46 | FPS:     41 | Actor Loss: -0.0001 | Critic Loss: 0.0032
2026-05-10 07:58:13,129 | INFO |   Env | HO: 77.81% | Cont: 91.98% | Task: 86.11% | Resolved: 99.95% | Delay: 2.400s | Energy: 19536.96J | LB: 0.325
2026-05-10 07:58:13,129 | INFO |   Reward | D: 7073.72 | E: 4745.32 | Q: 4089.60 | H: 305.57 | LB: -1.20 | Enq: 123.20 | Pen: -1119.90
2026-05-10 07:58:51,435 | INFO | Update  575 | Steps: 1,177,600 | Episodes:   575 | EpReward:   746.83 | FPS:     53 | Actor Loss: 0.0001 | Critic Loss: 0.0045
2026-05-10 07:58:51,435 | INFO |   Env | HO: 76.30% | Cont: 91.88% | Task: 85.35% | Resolved: 99.96% | Delay: 2.410s | Energy: 20008.48J | LB: 0.284
2026-05-10 07:58:51,435 | INFO |   Reward | D: 7146.16 | E: 4815.26 | Q: 4086.40 | H: 290.13 | LB: -0.29 | Enq: 126.09 | Pen: -1143.63
2026-05-10 07:59:23,818 | INFO | Update  576 | Steps: 1,179,648 | Episodes:   576 | EpReward:   746.45 | FPS:     63 | Actor Loss: -0.0003 | Critic Loss: 0.0028
2026-05-10 07:59:23,825 | INFO |   Env | HO: 75.25% | Cont: 91.83% | Task: 85.32% | Resolved: 99.97% | Delay: 2.402s | Energy: 19853.00J | LB: 0.352
2026-05-10 07:59:23,825 | INFO |   Reward | D: 7045.76 | E: 4771.48 | Q: 4041.20 | H: 296.37 | LB: -0.71 | Enq: 124.56 | Pen: -1159.38
2026-05-10 08:00:05,524 | INFO | Update  577 | Steps: 1,181,696 | Episodes:   577 | EpReward:   746.10 | FPS:     49 | Actor Loss: 0.0004 | Critic Loss: 0.0036
2026-05-10 08:00:05,524 | INFO |   Env | HO: 78.07% | Cont: 92.64% | Task: 86.03% | Resolved: 99.95% | Delay: 2.389s | Energy: 20038.57J | LB: 0.337
2026-05-10 08:00:05,524 | INFO |   Reward | D: 7158.34 | E: 4804.86 | Q: 4147.60 | H: 281.00 | LB: -0.28 | Enq: 125.92 | Pen: -1073.72
2026-05-10 08:00:49,122 | INFO | Update  578 | Steps: 1,183,744 | Episodes:   578 | EpReward:   746.13 | FPS:     47 | Actor Loss: 0.0002 | Critic Loss: 0.0029
2026-05-10 08:00:49,122 | INFO |   Env | HO: 76.28% | Cont: 92.33% | Task: 85.76% | Resolved: 99.97% | Delay: 2.403s | Energy: 20230.68J | LB: 0.320
2026-05-10 08:00:49,123 | INFO |   Reward | D: 7147.92 | E: 4819.17 | Q: 4122.00 | H: 288.06 | LB: -0.86 | Enq: 126.56 | Pen: -1123.07
2026-05-10 08:01:39,748 | INFO | Update  579 | Steps: 1,185,792 | Episodes:   579 | EpReward:   746.06 | FPS:     40 | Actor Loss: 0.0001 | Critic Loss: 0.0043
2026-05-10 08:01:39,753 | INFO |   Env | HO: 76.04% | Cont: 93.07% | Task: 86.11% | Resolved: 99.99% | Delay: 2.403s | Energy: 20798.28J | LB: 0.354
2026-05-10 08:01:39,753 | INFO |   Reward | D: 7242.27 | E: 4894.07 | Q: 4222.00 | H: 265.00 | LB: -0.64 | Enq: 125.87 | Pen: -1131.94
2026-05-10 08:02:22,163 | INFO | Update  580 | Steps: 1,187,840 | Episodes:   580 | EpReward:   746.24 | FPS:     48 | Actor Loss: -0.0002 | Critic Loss: 0.0032
2026-05-10 08:02:22,164 | INFO |   Env | HO: 77.64% | Cont: 93.45% | Task: 86.12% | Resolved: 99.97% | Delay: 2.382s | Energy: 20047.53J | LB: 0.341
2026-05-10 08:02:22,164 | INFO |   Reward | D: 7151.39 | E: 4843.70 | Q: 4162.40 | H: 263.20 | LB: -0.62 | Enq: 125.10 | Pen: -1058.65
2026-05-10 08:03:00,773 | INFO | Update  581 | Steps: 1,189,888 | Episodes:   581 | EpReward:   746.33 | FPS:     53 | Actor Loss: 0.0001 | Critic Loss: 0.0044
2026-05-10 08:03:00,773 | INFO |   Env | HO: 77.71% | Cont: 94.11% | Task: 86.50% | Resolved: 99.96% | Delay: 2.383s | Energy: 20367.61J | LB: 0.347
2026-05-10 08:03:00,773 | INFO |   Reward | D: 7271.07 | E: 4808.90 | Q: 4198.80 | H: 224.06 | LB: -0.47 | Enq: 126.22 | Pen: -993.19
2026-05-10 08:03:45,807 | INFO | Update  582 | Steps: 1,191,936 | Episodes:   582 | EpReward:   746.66 | FPS:     45 | Actor Loss: 0.0001 | Critic Loss: 0.0035
2026-05-10 08:03:45,807 | INFO |   Env | HO: 78.83% | Cont: 94.29% | Task: 86.16% | Resolved: 99.96% | Delay: 2.384s | Energy: 20468.70J | LB: 0.365
2026-05-10 08:03:45,807 | INFO |   Reward | D: 7119.44 | E: 4768.05 | Q: 4113.60 | H: 228.25 | LB: -0.20 | Enq: 122.79 | Pen: -973.72
2026-05-10 08:04:20,072 | INFO | Update  583 | Steps: 1,193,984 | Episodes:   583 | EpReward:   746.50 | FPS:     60 | Actor Loss: -0.0003 | Critic Loss: 0.0045
2026-05-10 08:04:20,075 | INFO |   Env | HO: 75.48% | Cont: 94.11% | Task: 86.43% | Resolved: 99.99% | Delay: 2.401s | Energy: 20685.39J | LB: 0.323
2026-05-10 08:04:20,075 | INFO |   Reward | D: 7141.40 | E: 4766.18 | Q: 4164.80 | H: 205.44 | LB: -0.89 | Enq: 123.27 | Pen: -990.00
2026-05-10 08:04:52,198 | INFO | Update  584 | Steps: 1,196,032 | Episodes:   584 | EpReward:   746.63 | FPS:     64 | Actor Loss: 0.0004 | Critic Loss: 0.0038
2026-05-10 08:04:52,198 | INFO |   Env | HO: 76.60% | Cont: 93.26% | Task: 85.92% | Resolved: 99.97% | Delay: 2.398s | Energy: 20729.04J | LB: 0.291
2026-05-10 08:04:52,198 | INFO |   Reward | D: 7141.59 | E: 4788.84 | Q: 4134.80 | H: 222.98 | LB: -0.84 | Enq: 125.14 | Pen: -1005.05
2026-05-10 08:05:33,402 | INFO | Update  585 | Steps: 1,198,080 | Episodes:   585 | EpReward:   746.47 | FPS:     50 | Actor Loss: -0.0007 | Critic Loss: 0.0033
2026-05-10 08:05:33,402 | INFO |   Env | HO: 76.29% | Cont: 94.23% | Task: 86.18% | Resolved: 99.96% | Delay: 2.384s | Energy: 21152.67J | LB: 0.329
2026-05-10 08:05:33,402 | INFO |   Reward | D: 7234.18 | E: 4829.89 | Q: 4186.40 | H: 205.80 | LB: -0.30 | Enq: 123.52 | Pen: -980.20
2026-05-10 08:06:13,649 | INFO | Update  586 | Steps: 1,200,128 | Episodes:   586 | EpReward:   746.83 | FPS:     51 | Actor Loss: 0.0000 | Critic Loss: 0.0035
2026-05-10 08:06:13,649 | INFO |   Env | HO: 77.87% | Cont: 94.47% | Task: 86.75% | Resolved: 99.97% | Delay: 2.394s | Energy: 20986.12J | LB: 0.360
2026-05-10 08:06:13,649 | INFO |   Reward | D: 7185.20 | E: 4754.96 | Q: 4183.20 | H: 219.80 | LB: -0.49 | Enq: 124.53 | Pen: -943.39
2026-05-10 08:06:13,649 | INFO | ----------------------------------------
2026-05-10 08:06:13,649 | INFO | 开始评估...
2026-05-10 08:10:07,185 | INFO | 评估结果: 奖励 = 779.19 ± 4.21, 长度 = 2000, 时延 = 2.313s, 能耗 = 206382.99J, 负载均衡 = 0.488
2026-05-10 08:10:07,185 | INFO | ----------------------------------------
2026-05-10 08:10:07,236 | INFO | 模型已保存: /home/pjpjq/LEO_switch/results/full_train_latency_priority_20260510_010757/checkpoint_1200128.pt
2026-05-10 08:10:07,241 | INFO | ============================================================
2026-05-10 08:10:07,242 | INFO | 训练完成!
2026-05-10 08:10:07,242 | INFO |   总时间: 7.03 小时
2026-05-10 08:10:07,242 | INFO |   总步数: 1,200,128
2026-05-10 08:10:07,242 | INFO |   总episode: 586
2026-05-10 08:10:07,242 | INFO |   最佳奖励: 802.45
2026-05-10 08:10:07,242 | INFO |   最佳模型指标: effective latency score = 0.2736
2026-05-10 08:10:07,242 | INFO | ============================================================
2026-05-10 08:10:07,292 | INFO | 模型已保存: /home/pjpjq/LEO_switch/results/full_train_latency_priority_20260510_010757/final_model.pt
2026-05-10 08:10:07,384 | INFO | 训练历史已保存: /home/pjpjq/LEO_switch/results/full_train_latency_priority_20260510_010757/training_history.json
2026-05-10 08:10:07,428 | INFO | 初始化环境...
2026-05-10 08:10:07,432 | INFO |   - 原始观测维度: 73
2026-05-10 08:10:07,432 | INFO |   - HAN嵌入维度: 64
2026-05-10 08:10:07,433 | INFO |   - 拼接后观测维度: 69 (HAN 64 + rvt_warning 1 + task 4)
2026-05-10 08:10:07,433 | INFO |   - 全局状态维度: 1380
2026-05-10 08:10:07,433 | INFO | 初始化图构建器...
2026-05-10 08:10:07,433 | INFO | 初始化HAN编码器...
2026-05-10 08:10:07,449 | INFO |   - HAN参数量: 571,328
2026-05-10 08:10:07,453 | INFO | 初始化MAPPO...
2026-05-10 08:10:12,016 | INFO |   - Actor参数量: 76,749
2026-05-10 08:10:12,030 | INFO |   - Critic参数量: 183,169
2026-05-10 08:10:12,031 | INFO | 初始化经验缓冲区...
2026-05-10 08:10:12,032 | INFO | 训练器初始化完成，设备: cuda
2026-05-10 08:10:12,038 | INFO | 环境: 20 用户, 66 卫星
[星座初始化] Walker 53.0:66/6/1
  - 轨道高度: 550.0 km
  - 轨道周期: 95.50 分钟
  - 总卫星数: 66
[星座初始化] Walker 53.0:66/6/1
  - 轨道高度: 550.0 km
  - 轨道周期: 95.50 分钟
  - 总卫星数: 66
[星座初始化] Walker 53.0:66/6/1
  - 轨道高度: 550.0 km
  - 轨道周期: 95.50 分钟
  - 总卫星数: 66
[星座初始化] Walker 53.0:66/6/1
  - 轨道高度: 550.0 km
  - 轨道周期: 95.50 分钟
  - 总卫星数: 66
[星座初始化] Walker 53.0:66/6/1
  - 轨道高度: 550.0 km
  - 轨道周期: 95.50 分钟
  - 总卫星数: 66
[星座初始化] Walker 53.0:66/6/1
  - 轨道高度: 550.0 km
  - 轨道周期: 95.50 分钟
  - 总卫星数: 66
[星座初始化] Walker 53.0:66/6/1
  - 轨道高度: 550.0 km
  - 轨道周期: 95.50 分钟
  - 总卫星数: 66
[星座初始化] Walker 53.0:66/6/1
  - 轨道高度: 550.0 km
  - 轨道周期: 95.50 分钟
  - 总卫星数: 66
[星座初始化] Walker 53.0:66/6/1
  - 轨道高度: 550.0 km
  - 轨道周期: 95.50 分钟
  - 总卫星数: 66
[星座初始化] Walker 53.0:66/6/1
  - 轨道高度: 550.0 km
  - 轨道周期: 95.50 分钟
  - 总卫星数: 66
[星座初始化] Walker 53.0:66/6/1
  - 轨道高度: 550.0 km
  - 轨道周期: 95.50 分钟
  - 总卫星数: 66
[星座初始化] Walker 53.0:66/6/1
  - 轨道高度: 550.0 km
  - 轨道周期: 95.50 分钟
  - 总卫星数: 66
[星座初始化] Walker 53.0:66/6/1
  - 轨道高度: 550.0 km
  - 轨道周期: 95.50 分钟
  - 总卫星数: 66
[星座初始化] Walker 53.0:66/6/1
  - 轨道高度: 550.0 km
  - 轨道周期: 95.50 分钟
  - 总卫星数: 66
[星座初始化] Walker 53.0:66/6/1
  - 轨道高度: 550.0 km
  - 轨道周期: 95.50 分钟
  - 总卫星数: 66
[星座初始化] Walker 53.0:66/6/1
  - 轨道高度: 550.0 km
  - 轨道周期: 95.50 分钟
  - 总卫星数: 66
[星座初始化] Walker 53.0:66/6/1
  - 轨道高度: 550.0 km
  - 轨道周期: 95.50 分钟
  - 总卫星数: 66
[星座初始化] Walker 53.0:66/6/1
  - 轨道高度: 550.0 km
  - 轨道周期: 95.50 分钟
  - 总卫星数: 66
[星座初始化] Walker 53.0:66/6/1
  - 轨道高度: 550.0 km
  - 轨道周期: 95.50 分钟
  - 总卫星数: 66
[星座初始化] Walker 53.0:66/6/1
  - 轨道高度: 550.0 km
  - 轨道周期: 95.50 分钟
  - 总卫星数: 66
[星座初始化] Walker 53.0:66/6/1
  - 轨道高度: 550.0 km
  - 轨道周期: 95.50 分钟
  - 总卫星数: 66
[星座初始化] Walker 53.0:66/6/1
  - 轨道高度: 550.0 km
  - 轨道周期: 95.50 分钟
  - 总卫星数: 66
[星座初始化] Walker 53.0:66/6/1
  - 轨道高度: 550.0 km
  - 轨道周期: 95.50 分钟
  - 总卫星数: 66
[星座初始化] Walker 53.0:66/6/1
  - 轨道高度: 550.0 km
  - 轨道周期: 95.50 分钟
  - 总卫星数: 66
[星座初始化] Walker 53.0:66/6/1
  - 轨道高度: 550.0 km
  - 轨道周期: 95.50 分钟
  - 总卫星数: 66
[星座初始化] Walker 53.0:66/6/1
  - 轨道高度: 550.0 km
  - 轨道周期: 95.50 分钟
  - 总卫星数: 66
[星座初始化] Walker 53.0:66/6/1
  - 轨道高度: 550.0 km
  - 轨道周期: 95.50 分钟
  - 总卫星数: 66
[星座初始化] Walker 53.0:66/6/1
  - 轨道高度: 550.0 km
  - 轨道周期: 95.50 分钟
  - 总卫星数: 66
[星座初始化] Walker 53.0:66/6/1
  - 轨道高度: 550.0 km
  - 轨道周期: 95.50 分钟
  - 总卫星数: 66
[星座初始化] Walker 53.0:66/6/1
  - 轨道高度: 550.0 km
  - 轨道周期: 95.50 分钟
  - 总卫星数: 66
[星座初始化] Walker 53.0:66/6/1
  - 轨道高度: 550.0 km
  - 轨道周期: 95.50 分钟
  - 总卫星数: 66
[星座初始化] Walker 53.0:66/6/1
  - 轨道高度: 550.0 km
  - 轨道周期: 95.50 分钟
  - 总卫星数: 66
[星座初始化] Walker 53.0:66/6/1
  - 轨道高度: 550.0 km
  - 轨道周期: 95.50 分钟
  - 总卫星数: 66
[星座初始化] Walker 53.0:66/6/1
  - 轨道高度: 550.0 km
  - 轨道周期: 95.50 分钟
  - 总卫星数: 66
[星座初始化] Walker 53.0:66/6/1
  - 轨道高度: 550.0 km
  - 轨道周期: 95.50 分钟
  - 总卫星数: 66
[星座初始化] Walker 53.0:66/6/1
  - 轨道高度: 550.0 km
  - 轨道周期: 95.50 分钟
  - 总卫星数: 66
[星座初始化] Walker 53.0:66/6/1
  - 轨道高度: 550.0 km
  - 轨道周期: 95.50 分钟
  - 总卫星数: 66
[星座初始化] Walker 53.0:66/6/1
  - 轨道高度: 550.0 km
  - 轨道周期: 95.50 分钟
  - 总卫星数: 66
[星座初始化] Walker 53.0:66/6/1
  - 轨道高度: 550.0 km
  - 轨道周期: 95.50 分钟
  - 总卫星数: 66
[星座初始化] Walker 53.0:66/6/1
  - 轨道高度: 550.0 km
  - 轨道周期: 95.50 分钟
  - 总卫星数: 66
[星座初始化] Walker 53.0:66/6/1
  - 轨道高度: 550.0 km
  - 轨道周期: 95.50 分钟
  - 总卫星数: 66
[星座初始化] Walker 53.0:66/6/1
  - 轨道高度: 550.0 km
  - 轨道周期: 95.50 分钟
  - 总卫星数: 66
[星座初始化] Walker 53.0:66/6/1
  - 轨道高度: 550.0 km
  - 轨道周期: 95.50 分钟
  - 总卫星数: 66
[星座初始化] Walker 53.0:66/6/1
  - 轨道高度: 550.0 km
  - 轨道周期: 95.50 分钟
  - 总卫星数: 66
[星座初始化] Walker 53.0:66/6/1
  - 轨道高度: 550.0 km
  - 轨道周期: 95.50 分钟
  - 总卫星数: 66
[星座初始化] Walker 53.0:66/6/1
  - 轨道高度: 550.0 km
  - 轨道周期: 95.50 分钟
  - 总卫星数: 66
[星座初始化] Walker 53.0:66/6/1
  - 轨道高度: 550.0 km
  - 轨道周期: 95.50 分钟
  - 总卫星数: 66
[星座初始化] Walker 53.0:66/6/1
  - 轨道高度: 550.0 km
  - 轨道周期: 95.50 分钟
  - 总卫星数: 66
[星座初始化] Walker 53.0:66/6/1
  - 轨道高度: 550.0 km
  - 轨道周期: 95.50 分钟
  - 总卫星数: 66
[星座初始化] Walker 53.0:66/6/1
  - 轨道高度: 550.0 km
  - 轨道周期: 95.50 分钟
  - 总卫星数: 66
[星座初始化] Walker 53.0:66/6/1
  - 轨道高度: 550.0 km
  - 轨道周期: 95.50 分钟
  - 总卫星数: 66
[星座初始化] Walker 53.0:66/6/1
  - 轨道高度: 550.0 km
  - 轨道周期: 95.50 分钟
  - 总卫星数: 66
[星座初始化] Walker 53.0:66/6/1
  - 轨道高度: 550.0 km
  - 轨道周期: 95.50 分钟
  - 总卫星数: 66
[星座初始化] Walker 53.0:66/6/1
  - 轨道高度: 550.0 km
  - 轨道周期: 95.50 分钟
  - 总卫星数: 66
[星座初始化] Walker 53.0:66/6/1
  - 轨道高度: 550.0 km
  - 轨道周期: 95.50 分钟
  - 总卫星数: 66
[星座初始化] Walker 53.0:66/6/1
  - 轨道高度: 550.0 km
  - 轨道周期: 95.50 分钟
  - 总卫星数: 66
[星座初始化] Walker 53.0:66/6/1
  - 轨道高度: 550.0 km
  - 轨道周期: 95.50 分钟
  - 总卫星数: 66
[星座初始化] Walker 53.0:66/6/1
  - 轨道高度: 550.0 km
  - 轨道周期: 95.50 分钟
  - 总卫星数: 66
[星座初始化] Walker 53.0:66/6/1
  - 轨道高度: 550.0 km
  - 轨道周期: 95.50 分钟
  - 总卫星数: 66
[星座初始化] Walker 53.0:66/6/1
  - 轨道高度: 550.0 km
  - 轨道周期: 95.50 分钟
  - 总卫星数: 66
[星座初始化] Walker 53.0:66/6/1
  - 轨道高度: 550.0 km
  - 轨道周期: 95.50 分钟
  - 总卫星数: 66
[星座初始化] Walker 53.0:66/6/1
  - 轨道高度: 550.0 km
  - 轨道周期: 95.50 分钟
  - 总卫星数: 66
[星座初始化] Walker 53.0:66/6/1
  - 轨道高度: 550.0 km
  - 轨道周期: 95.50 分钟
  - 总卫星数: 66
[星座初始化] Walker 53.0:66/6/1
  - 轨道高度: 550.0 km
  - 轨道周期: 95.50 分钟
  - 总卫星数: 66
[星座初始化] Walker 53.0:66/6/1
  - 轨道高度: 550.0 km
  - 轨道周期: 95.50 分钟
  - 总卫星数: 66
[星座初始化] Walker 53.0:66/6/1
  - 轨道高度: 550.0 km
  - 轨道周期: 95.50 分钟
  - 总卫星数: 66
[星座初始化] Walker 53.0:66/6/1
  - 轨道高度: 550.0 km
  - 轨道周期: 95.50 分钟
  - 总卫星数: 66
[星座初始化] Walker 53.0:66/6/1
  - 轨道高度: 550.0 km
  - 轨道周期: 95.50 分钟
  - 总卫星数: 66
[星座初始化] Walker 53.0:66/6/1
  - 轨道高度: 550.0 km
  - 轨道周期: 95.50 分钟
  - 总卫星数: 66
[星座初始化] Walker 53.0:66/6/1
  - 轨道高度: 550.0 km
  - 轨道周期: 95.50 分钟
  - 总卫星数: 66
[星座初始化] Walker 53.0:66/6/1
  - 轨道高度: 550.0 km
2026-05-10 22:32:42,079 | INFO | 初始化环境...
2026-05-10 22:32:42,086 | INFO |   - 原始观测维度: 73
2026-05-10 22:32:42,090 | INFO |   - HAN嵌入维度: 64
2026-05-10 22:32:42,090 | INFO |   - 拼接后观测维度: 69 (HAN 64 + rvt_warning 1 + task 4)
2026-05-10 22:32:42,090 | INFO |   - 全局状态维度: 1380
2026-05-10 22:32:42,090 | INFO |   - HAN ablation: using raw environment observations
2026-05-10 22:32:42,090 | INFO |   - No-HAN observation dim: 73
2026-05-10 22:32:42,090 | INFO | 初始化图构建器...
2026-05-10 22:32:42,090 | INFO | 初始化MAPPO...
2026-05-10 22:32:50,799 | INFO |   - Actor参数量: 77,773
2026-05-10 22:32:50,799 | INFO |   - Critic参数量: 184,833
2026-05-10 22:32:50,799 | INFO | 初始化经验缓冲区...
2026-05-10 22:32:50,806 | INFO | 训练器初始化完成，设备: cuda
2026-05-10 22:32:50,806 | INFO | 环境: 20 用户, 66 卫星
2026-05-10 22:32:50,806 | INFO | ============================================================
2026-05-10 22:32:50,806 | INFO | 开始训练
2026-05-10 22:32:50,806 | INFO |   总步数: 1,200,000
2026-05-10 22:32:50,806 | INFO |   每轮步数: 2048
2026-05-10 22:32:50,806 | INFO |   图更新间隔: 100
2026-05-10 22:32:50,807 | INFO |   评估episodes: 10
2026-05-10 22:32:50,807 | INFO |   设备: cuda
2026-05-10 22:32:50,807 | INFO | ============================================================
2026-05-10 22:33:54,177 | INFO | Update    1 | Steps:   2,048 | Episodes:     1 | EpReward:   466.50 | FPS:     32 | Actor Loss: -0.0006 | Critic Loss: 1.3288
2026-05-10 22:33:54,178 | INFO |   Env | HO: 76.26% | Cont: 40.12% | Task: 70.91% | Resolved: 99.93% | Delay: 2.846s | Energy: 15311.89J | LB: 0.305
2026-05-10 22:33:54,178 | INFO |   Reward | D: 5349.80 | E: 4685.12 | Q: 2390.80 | H: 3471.97 | LB: -6.58 | Enq: 137.07 | Pen: -6447.11
2026-05-10 22:34:51,903 | INFO | Update    2 | Steps:   4,096 | Episodes:     2 | EpReward:   483.52 | FPS:     35 | Actor Loss: -0.0011 | Critic Loss: 1.2807
2026-05-10 22:34:51,903 | INFO |   Env | HO: 76.32% | Cont: 41.06% | Task: 73.55% | Resolved: 99.87% | Delay: 2.782s | Energy: 15591.91J | LB: 0.296
2026-05-10 22:34:51,903 | INFO |   Reward | D: 5542.44 | E: 4733.92 | Q: 2696.00 | H: 3485.05 | LB: -7.25 | Enq: 137.53 | Pen: -6334.78
2026-05-10 22:35:35,080 | INFO | Update    3 | Steps:   6,144 | Episodes:     3 | EpReward:   492.56 | FPS:     47 | Actor Loss: -0.0007 | Critic Loss: 1.2710
2026-05-10 22:35:35,080 | INFO |   Env | HO: 76.28% | Cont: 45.18% | Task: 73.92% | Resolved: 99.92% | Delay: 2.756s | Energy: 15720.83J | LB: 0.305
2026-05-10 22:35:35,080 | INFO |   Reward | D: 5621.32 | E: 4721.57 | Q: 2732.40 | H: 3175.07 | LB: -6.78 | Enq: 137.48 | Pen: -5877.00
2026-05-10 22:36:50,575 | INFO | Update    4 | Steps:   8,192 | Episodes:     4 | EpReward:   497.35 | FPS:     27 | Actor Loss: -0.0012 | Critic Loss: 1.3272
2026-05-10 22:36:50,575 | INFO |   Env | HO: 76.33% | Cont: 44.48% | Task: 74.49% | Resolved: 99.89% | Delay: 2.737s | Energy: 15800.87J | LB: 0.302
2026-05-10 22:36:50,579 | INFO |   Reward | D: 5633.32 | E: 4730.37 | Q: 2777.20 | H: 3349.71 | LB: -5.54 | Enq: 136.00 | Pen: -6114.96
2026-05-10 22:37:59,516 | INFO | Update    5 | Steps:  10,240 | Episodes:     5 | EpReward:   500.72 | FPS:     30 | Actor Loss: -0.0004 | Critic Loss: 1.2968
2026-05-10 22:37:59,516 | INFO |   Env | HO: 75.79% | Cont: 44.33% | Task: 74.85% | Resolved: 99.90% | Delay: 2.744s | Energy: 16138.04J | LB: 0.305
2026-05-10 22:37:59,516 | INFO |   Reward | D: 5660.95 | E: 4810.88 | Q: 2861.60 | H: 3355.32 | LB: -6.73 | Enq: 136.06 | Pen: -6264.73
2026-05-10 22:39:15,176 | INFO | Update    6 | Steps:  12,288 | Episodes:     6 | EpReward:   507.05 | FPS:     27 | Actor Loss: -0.0007 | Critic Loss: 1.1511
2026-05-10 22:39:15,176 | INFO |   Env | HO: 76.54% | Cont: 46.34% | Task: 75.86% | Resolved: 99.90% | Delay: 2.712s | Energy: 16135.33J | LB: 0.293
2026-05-10 22:39:15,176 | INFO |   Reward | D: 5797.98 | E: 4856.19 | Q: 2981.60 | H: 3306.41 | LB: -4.80 | Enq: 136.36 | Pen: -6029.03
2026-05-10 22:40:23,915 | INFO | Update    7 | Steps:  14,336 | Episodes:     7 | EpReward:   511.06 | FPS:     30 | Actor Loss: -0.0004 | Critic Loss: 0.9397
2026-05-10 22:40:23,915 | INFO |   Env | HO: 75.69% | Cont: 45.04% | Task: 76.35% | Resolved: 99.90% | Delay: 2.707s | Energy: 16495.45J | LB: 0.294
2026-05-10 22:40:23,915 | INFO |   Reward | D: 5832.38 | E: 4852.58 | Q: 3034.40 | H: 3411.39 | LB: -5.32 | Enq: 136.45 | Pen: -6293.20
2026-05-10 22:41:25,348 | INFO | Update    8 | Steps:  16,384 | Episodes:     8 | EpReward:   516.16 | FPS:     33 | Actor Loss: -0.0009 | Critic Loss: 0.8966
2026-05-10 22:41:25,348 | INFO |   Env | HO: 76.08% | Cont: 46.39% | Task: 77.49% | Resolved: 99.91% | Delay: 2.683s | Energy: 16652.15J | LB: 0.289
2026-05-10 22:41:25,348 | INFO |   Reward | D: 5906.48 | E: 4849.54 | Q: 3153.60 | H: 3357.78 | LB: -4.48 | Enq: 135.87 | Pen: -6105.86
2026-05-10 22:42:26,679 | INFO | Update    9 | Steps:  18,432 | Episodes:     9 | EpReward:   521.44 | FPS:     33 | Actor Loss: -0.0008 | Critic Loss: 0.8897
2026-05-10 22:42:26,680 | INFO |   Env | HO: 76.59% | Cont: 49.24% | Task: 77.67% | Resolved: 99.92% | Delay: 2.651s | Energy: 16573.23J | LB: 0.295
2026-05-10 22:42:26,680 | INFO |   Reward | D: 5960.41 | E: 4887.87 | Q: 3180.00 | H: 3246.52 | LB: -4.41 | Enq: 137.18 | Pen: -5845.25
2026-05-10 22:43:19,104 | INFO | Update   10 | Steps:  20,480 | Episodes:    10 | EpReward:   527.49 | FPS:     39 | Actor Loss: -0.0009 | Critic Loss: 0.7159
2026-05-10 22:43:19,104 | INFO |   Env | HO: 76.13% | Cont: 53.23% | Task: 79.14% | Resolved: 99.93% | Delay: 2.622s | Energy: 16542.72J | LB: 0.287
2026-05-10 22:43:19,104 | INFO |   Reward | D: 6061.58 | E: 4846.29 | Q: 3312.00 | H: 2982.01 | LB: -5.56 | Enq: 135.23 | Pen: -5453.40
2026-05-10 22:44:37,702 | INFO | Update   11 | Steps:  22,528 | Episodes:    11 | EpReward:   534.03 | FPS:     26 | Actor Loss: -0.0011 | Critic Loss: 0.8344
2026-05-10 22:44:37,702 | INFO |   Env | HO: 75.77% | Cont: 54.93% | Task: 79.75% | Resolved: 99.92% | Delay: 2.595s | Energy: 16968.47J | LB: 0.289
2026-05-10 22:44:37,702 | INFO |   Reward | D: 6248.93 | E: 4914.53 | Q: 3432.00 | H: 2867.64 | LB: -4.13 | Enq: 135.99 | Pen: -5332.66
2026-05-10 22:45:51,017 | INFO | Update   12 | Steps:  24,576 | Episodes:    12 | EpReward:   538.98 | FPS:     28 | Actor Loss: -0.0002 | Critic Loss: 0.7078
2026-05-10 22:45:51,018 | INFO |   Env | HO: 75.77% | Cont: 55.78% | Task: 79.76% | Resolved: 99.90% | Delay: 2.623s | Energy: 16870.50J | LB: 0.287
2026-05-10 22:45:51,018 | INFO |   Reward | D: 6167.65 | E: 4865.27 | Q: 3410.80 | H: 2762.06 | LB: -5.09 | Enq: 135.52 | Pen: -5192.51
2026-05-10 22:46:51,199 | INFO | Update   13 | Steps:  26,624 | Episodes:    13 | EpReward:   543.34 | FPS:     34 | Actor Loss: -0.0001 | Critic Loss: 0.5377
2026-05-10 22:46:51,199 | INFO |   Env | HO: 75.73% | Cont: 57.11% | Task: 79.66% | Resolved: 99.92% | Delay: 2.594s | Energy: 16576.51J | LB: 0.285
2026-05-10 22:46:51,199 | INFO |   Reward | D: 6186.22 | E: 4917.74 | Q: 3411.20 | H: 2701.36 | LB: -5.59 | Enq: 135.68 | Pen: -5123.38
2026-05-10 22:48:10,701 | INFO | Update   14 | Steps:  28,672 | Episodes:    14 | EpReward:   547.54 | FPS:     26 | Actor Loss: -0.0010 | Critic Loss: 0.5394
2026-05-10 22:48:10,701 | INFO |   Env | HO: 76.23% | Cont: 59.65% | Task: 80.23% | Resolved: 99.84% | Delay: 2.580s | Energy: 16593.86J | LB: 0.279
2026-05-10 22:48:10,701 | INFO |   Reward | D: 6142.95 | E: 4825.90 | Q: 3410.40 | H: 2546.76 | LB: -4.46 | Enq: 136.40 | Pen: -4745.52
2026-05-10 22:49:11,042 | INFO | Update   15 | Steps:  30,720 | Episodes:    15 | EpReward:   551.26 | FPS:     34 | Actor Loss: -0.0005 | Critic Loss: 0.4237
2026-05-10 22:49:11,043 | INFO |   Env | HO: 75.98% | Cont: 60.08% | Task: 80.41% | Resolved: 99.96% | Delay: 2.571s | Energy: 16457.90J | LB: 0.290
2026-05-10 22:49:11,043 | INFO |   Reward | D: 6176.91 | E: 4833.33 | Q: 3421.20 | H: 2501.55 | LB: -4.47 | Enq: 134.65 | Pen: -4740.59
2026-05-10 22:49:57,435 | INFO | Update   16 | Steps:  32,768 | Episodes:    16 | EpReward:   554.31 | FPS:     44 | Actor Loss: -0.0013 | Critic Loss: 0.3752
2026-05-10 22:49:57,438 | INFO |   Env | HO: 75.95% | Cont: 57.60% | Task: 80.16% | Resolved: 99.87% | Delay: 2.582s | Energy: 16761.67J | LB: 0.279
2026-05-10 22:49:57,438 | INFO |   Reward | D: 6163.90 | E: 4890.02 | Q: 3438.40 | H: 2651.17 | LB: -4.55 | Enq: 136.27 | Pen: -4967.97
2026-05-10 22:50:53,283 | INFO | Update   17 | Steps:  34,816 | Episodes:    17 | EpReward:   557.51 | FPS:     37 | Actor Loss: -0.0010 | Critic Loss: 0.2794
2026-05-10 22:50:53,283 | INFO |   Env | HO: 76.29% | Cont: 59.83% | Task: 79.72% | Resolved: 99.92% | Delay: 2.588s | Energy: 17070.17J | LB: 0.290
2026-05-10 22:50:53,283 | INFO |   Reward | D: 6249.73 | E: 4892.39 | Q: 3414.40 | H: 2468.36 | LB: -4.79 | Enq: 136.19 | Pen: -4705.00
2026-05-10 22:51:59,391 | INFO | Update   18 | Steps:  36,864 | Episodes:    18 | EpReward:   559.67 | FPS:     31 | Actor Loss: -0.0004 | Critic Loss: 0.2016
2026-05-10 22:51:59,391 | INFO |   Env | HO: 75.54% | Cont: 58.62% | Task: 79.80% | Resolved: 99.90% | Delay: 2.590s | Energy: 16899.11J | LB: 0.296
2026-05-10 22:51:59,392 | INFO |   Reward | D: 6199.05 | E: 4852.07 | Q: 3398.40 | H: 2534.16 | LB: -5.33 | Enq: 135.02 | Pen: -4910.76
2026-05-10 22:52:59,131 | INFO | Update   19 | Steps:  38,912 | Episodes:    19 | EpReward:   561.60 | FPS:     34 | Actor Loss: -0.0010 | Critic Loss: 0.1708
2026-05-10 22:52:59,134 | INFO |   Env | HO: 76.13% | Cont: 58.84% | Task: 79.42% | Resolved: 99.92% | Delay: 2.588s | Energy: 16816.66J | LB: 0.294
2026-05-10 22:52:59,134 | INFO |   Reward | D: 6130.46 | E: 4872.13 | Q: 3358.80 | H: 2523.94 | LB: -5.02 | Enq: 136.27 | Pen: -4826.60
2026-05-10 22:53:49,942 | INFO | Update   20 | Steps:  40,960 | Episodes:    20 | EpReward:   563.35 | FPS:     40 | Actor Loss: -0.0003 | Critic Loss: 0.1358
2026-05-10 22:53:49,943 | INFO |   Env | HO: 75.87% | Cont: 55.86% | Task: 79.30% | Resolved: 99.92% | Delay: 2.596s | Energy: 17099.34J | LB: 0.302
2026-05-10 22:53:49,943 | INFO |   Reward | D: 6252.93 | E: 4908.83 | Q: 3385.60 | H: 2727.73 | LB: -4.78 | Enq: 135.15 | Pen: -5190.90
2026-05-10 22:54:48,319 | INFO | Update   21 | Steps:  43,008 | Episodes:    21 | EpReward:   564.87 | FPS:     35 | Actor Loss: -0.0010 | Critic Loss: 0.1034
2026-05-10 22:54:48,319 | INFO |   Env | HO: 75.88% | Cont: 56.96% | Task: 79.86% | Resolved: 99.94% | Delay: 2.594s | Energy: 16939.95J | LB: 0.294
2026-05-10 22:54:48,319 | INFO |   Reward | D: 6182.99 | E: 4854.80 | Q: 3396.80 | H: 2686.11 | LB: -6.09 | Enq: 134.69 | Pen: -5089.92
2026-05-10 22:55:39,623 | INFO | Update   22 | Steps:  45,056 | Episodes:    22 | EpReward:   566.32 | FPS:     40 | Actor Loss: -0.0006 | Critic Loss: 0.0879
2026-05-10 22:55:39,624 | INFO |   Env | HO: 76.15% | Cont: 56.86% | Task: 79.93% | Resolved: 99.89% | Delay: 2.600s | Energy: 17047.82J | LB: 0.286
2026-05-10 22:55:39,624 | INFO |   Reward | D: 6164.98 | E: 4841.69 | Q: 3404.00 | H: 2710.13 | LB: -4.39 | Enq: 135.34 | Pen: -5079.38
2026-05-10 22:56:37,726 | INFO | Update   23 | Steps:  47,104 | Episodes:    23 | EpReward:   567.87 | FPS:     35 | Actor Loss: -0.0008 | Critic Loss: 0.0739
2026-05-10 22:56:37,726 | INFO |   Env | HO: 76.39% | Cont: 55.65% | Task: 79.82% | Resolved: 99.87% | Delay: 2.580s | Energy: 17063.61J | LB: 0.297
2026-05-10 22:56:37,726 | INFO |   Reward | D: 6251.99 | E: 4883.86 | Q: 3418.80 | H: 2843.82 | LB: -5.51 | Enq: 135.36 | Pen: -5250.57
2026-05-10 22:57:41,572 | INFO | Update   24 | Steps:  49,152 | Episodes:    24 | EpReward:   569.14 | FPS:     32 | Actor Loss: -0.0006 | Critic Loss: 0.0647
2026-05-10 22:57:41,572 | INFO |   Env | HO: 75.93% | Cont: 55.85% | Task: 79.58% | Resolved: 99.91% | Delay: 2.601s | Energy: 17317.96J | LB: 0.301
2026-05-10 22:57:41,572 | INFO |   Reward | D: 6264.26 | E: 4887.68 | Q: 3400.00 | H: 2755.55 | LB: -6.34 | Enq: 133.32 | Pen: -5189.03
2026-05-10 22:58:48,312 | INFO | Update   25 | Steps:  51,200 | Episodes:    25 | EpReward:   569.37 | FPS:     31 | Actor Loss: -0.0003 | Critic Loss: 0.0550
2026-05-10 22:58:48,312 | INFO |   Env | HO: 75.56% | Cont: 51.16% | Task: 78.45% | Resolved: 99.92% | Delay: 2.638s | Energy: 17693.17J | LB: 0.304
2026-05-10 22:58:48,312 | INFO |   Reward | D: 6161.97 | E: 4883.47 | Q: 3292.80 | H: 3073.23 | LB: -5.77 | Enq: 132.30 | Pen: -5831.98
2026-05-10 22:59:53,986 | INFO | Update   26 | Steps:  53,248 | Episodes:    26 | EpReward:   569.77 | FPS:     31 | Actor Loss: -0.0004 | Critic Loss: 0.0522
2026-05-10 22:59:53,986 | INFO |   Env | HO: 76.47% | Cont: 52.52% | Task: 78.85% | Resolved: 99.87% | Delay: 2.617s | Energy: 17035.53J | LB: 0.304
2026-05-10 22:59:53,986 | INFO |   Reward | D: 6101.80 | E: 4886.18 | Q: 3313.20 | H: 3030.18 | LB: -6.67 | Enq: 134.88 | Pen: -5561.66
2026-05-10 23:00:52,289 | INFO | Update   27 | Steps:  55,296 | Episodes:    27 | EpReward:   570.25 | FPS:     35 | Actor Loss: -0.0012 | Critic Loss: 0.0327
2026-05-10 23:00:52,289 | INFO |   Env | HO: 75.69% | Cont: 52.78% | Task: 79.00% | Resolved: 99.90% | Delay: 2.626s | Energy: 17459.99J | LB: 0.304
2026-05-10 23:00:52,289 | INFO |   Reward | D: 6209.10 | E: 4896.00 | Q: 3357.20 | H: 2967.89 | LB: -5.21 | Enq: 134.24 | Pen: -5607.99
2026-05-10 23:01:45,736 | INFO | Update   28 | Steps:  57,344 | Episodes:    28 | EpReward:   571.04 | FPS:     38 | Actor Loss: -0.0008 | Critic Loss: 0.0239
2026-05-10 23:01:45,737 | INFO |   Env | HO: 75.96% | Cont: 55.37% | Task: 79.47% | Resolved: 99.90% | Delay: 2.596s | Energy: 17425.62J | LB: 0.299
2026-05-10 23:01:45,737 | INFO |   Reward | D: 6215.16 | E: 4886.18 | Q: 3379.60 | H: 2863.66 | LB: -5.77 | Enq: 133.55 | Pen: -5371.22
2026-05-10 23:02:54,605 | INFO | Update   29 | Steps:  59,392 | Episodes:    29 | EpReward:   572.08 | FPS:     30 | Actor Loss: -0.0007 | Critic Loss: 0.0175
2026-05-10 23:02:54,606 | INFO |   Env | HO: 76.37% | Cont: 56.38% | Task: 80.71% | Resolved: 99.91% | Delay: 2.565s | Energy: 17230.02J | LB: 0.306
2026-05-10 23:02:54,606 | INFO |   Reward | D: 6257.45 | E: 4794.80 | Q: 3448.80 | H: 2859.73 | LB: -3.91 | Enq: 132.76 | Pen: -5210.30
2026-05-10 23:03:42,778 | INFO | Update   30 | Steps:  61,440 | Episodes:    30 | EpReward:   572.90 | FPS:     43 | Actor Loss: -0.0005 | Critic Loss: 0.0126
2026-05-10 23:03:42,778 | INFO |   Env | HO: 75.61% | Cont: 54.17% | Task: 80.16% | Resolved: 99.87% | Delay: 2.576s | Energy: 17417.75J | LB: 0.320
2026-05-10 23:03:42,778 | INFO |   Reward | D: 6324.91 | E: 4896.54 | Q: 3466.80 | H: 2926.63 | LB: -6.56 | Enq: 131.83 | Pen: -5538.23
2026-05-10 23:04:37,601 | INFO | Update   31 | Steps:  63,488 | Episodes:    31 | EpReward:   573.26 | FPS:     37 | Actor Loss: -0.0003 | Critic Loss: 0.0078
2026-05-10 23:04:37,601 | INFO |   Env | HO: 76.03% | Cont: 54.19% | Task: 79.42% | Resolved: 99.87% | Delay: 2.592s | Energy: 17423.40J | LB: 0.298
2026-05-10 23:04:37,601 | INFO |   Reward | D: 6198.67 | E: 4842.26 | Q: 3344.80 | H: 2937.00 | LB: -5.53 | Enq: 134.16 | Pen: -5442.66
2026-05-10 23:05:43,565 | INFO | Update   32 | Steps:  65,536 | Episodes:    32 | EpReward:   573.57 | FPS:     31 | Actor Loss: 0.0001 | Critic Loss: 0.0052
2026-05-10 23:05:43,569 | INFO |   Env | HO: 75.58% | Cont: 54.27% | Task: 79.49% | Resolved: 99.92% | Delay: 2.571s | Energy: 17456.02J | LB: 0.300
2026-05-10 23:05:43,569 | INFO |   Reward | D: 6209.97 | E: 4869.36 | Q: 3372.80 | H: 2899.54 | LB: -5.70 | Enq: 133.67 | Pen: -5508.98
2026-05-10 23:06:44,414 | INFO | Update   33 | Steps:  67,584 | Episodes:    33 | EpReward:   574.01 | FPS:     34 | Actor Loss: -0.0006 | Critic Loss: 0.0030
2026-05-10 23:06:44,418 | INFO |   Env | HO: 75.73% | Cont: 54.12% | Task: 80.14% | Resolved: 99.87% | Delay: 2.591s | Energy: 17844.88J | LB: 0.315
2026-05-10 23:06:44,418 | INFO |   Reward | D: 6237.46 | E: 4816.20 | Q: 3423.60 | H: 2930.24 | LB: -6.23 | Enq: 132.19 | Pen: -5480.45
2026-05-10 23:07:40,031 | INFO | Update   34 | Steps:  69,632 | Episodes:    34 | EpReward:   574.78 | FPS:     37 | Actor Loss: -0.0006 | Critic Loss: 0.0020
2026-05-10 23:07:40,031 | INFO |   Env | HO: 76.04% | Cont: 57.92% | Task: 80.09% | Resolved: 99.91% | Delay: 2.567s | Energy: 17781.90J | LB: 0.300
2026-05-10 23:07:40,031 | INFO |   Reward | D: 6262.69 | E: 4860.72 | Q: 3439.60 | H: 2683.51 | LB: -5.52 | Enq: 132.82 | Pen: -5083.97
2026-05-10 23:08:27,906 | INFO | Update   35 | Steps:  71,680 | Episodes:    35 | EpReward:   575.81 | FPS:     43 | Actor Loss: -0.0005 | Critic Loss: 0.0015
2026-05-10 23:08:27,909 | INFO |   Env | HO: 76.57% | Cont: 58.59% | Task: 80.62% | Resolved: 99.89% | Delay: 2.548s | Energy: 17484.05J | LB: 0.288
2026-05-10 23:08:27,909 | INFO |   Reward | D: 6306.26 | E: 4840.64 | Q: 3479.20 | H: 2693.34 | LB: -4.91 | Enq: 133.04 | Pen: -4956.26
2026-05-10 23:09:30,028 | INFO | Update   36 | Steps:  73,728 | Episodes:    36 | EpReward:   577.08 | FPS:     33 | Actor Loss: -0.0001 | Critic Loss: 0.0013
2026-05-10 23:09:30,028 | INFO |   Env | HO: 76.11% | Cont: 59.36% | Task: 81.19% | Resolved: 99.90% | Delay: 2.541s | Energy: 17641.04J | LB: 0.294
2026-05-10 23:09:30,028 | INFO |   Reward | D: 6417.66 | E: 4899.56 | Q: 3570.40 | H: 2656.96 | LB: -5.41 | Enq: 134.79 | Pen: -4968.30
2026-05-10 23:10:32,194 | INFO | Update   37 | Steps:  75,776 | Episodes:    37 | EpReward:   578.04 | FPS:     33 | Actor Loss: 0.0001 | Critic Loss: 0.0012
2026-05-10 23:10:32,194 | INFO |   Env | HO: 75.45% | Cont: 58.61% | Task: 80.74% | Resolved: 99.92% | Delay: 2.569s | Energy: 18027.52J | LB: 0.282
2026-05-10 23:10:32,194 | INFO |   Reward | D: 6414.08 | E: 4878.10 | Q: 3522.00 | H: 2669.78 | LB: -6.19 | Enq: 134.56 | Pen: -5093.85
2026-05-10 23:11:47,464 | INFO | Update   38 | Steps:  77,824 | Episodes:    38 | EpReward:   579.11 | FPS:     27 | Actor Loss: -0.0005 | Critic Loss: 0.0011
2026-05-10 23:11:47,464 | INFO |   Env | HO: 76.12% | Cont: 58.39% | Task: 81.48% | Resolved: 99.94% | Delay: 2.520s | Energy: 17242.55J | LB: 0.294
2026-05-10 23:11:47,464 | INFO |   Reward | D: 6380.59 | E: 4885.50 | Q: 3575.60 | H: 2718.52 | LB: -5.83 | Enq: 135.13 | Pen: -5018.41
2026-05-10 23:12:52,687 | INFO | Update   39 | Steps:  79,872 | Episodes:    39 | EpReward:   580.31 | FPS:     31 | Actor Loss: -0.0005 | Critic Loss: 0.0011
2026-05-10 23:12:52,687 | INFO |   Env | HO: 75.39% | Cont: 59.21% | Task: 81.37% | Resolved: 99.92% | Delay: 2.533s | Energy: 17830.85J | LB: 0.286
2026-05-10 23:12:52,687 | INFO |   Reward | D: 6503.75 | E: 4928.77 | Q: 3610.40 | H: 2607.19 | LB: -4.97 | Enq: 135.93 | Pen: -4963.55
2026-05-10 23:14:02,556 | INFO | Update   40 | Steps:  81,920 | Episodes:    40 | EpReward:   581.47 | FPS:     29 | Actor Loss: -0.0006 | Critic Loss: 0.0013
2026-05-10 23:14:02,565 | INFO |   Env | HO: 75.91% | Cont: 60.56% | Task: 81.37% | Resolved: 99.93% | Delay: 2.561s | Energy: 17963.40J | LB: 0.296
2026-05-10 23:14:02,566 | INFO |   Reward | D: 6445.27 | E: 4924.26 | Q: 3612.80 | H: 2555.89 | LB: -4.72 | Enq: 134.70 | Pen: -4824.31
2026-05-10 23:15:14,764 | INFO | Update   41 | Steps:  83,968 | Episodes:    41 | EpReward:   582.84 | FPS:     28 | Actor Loss: -0.0003 | Critic Loss: 0.0011
2026-05-10 23:15:14,765 | INFO |   Env | HO: 75.74% | Cont: 62.16% | Task: 81.58% | Resolved: 99.92% | Delay: 2.513s | Energy: 17714.89J | LB: 0.272
2026-05-10 23:15:14,765 | INFO |   Reward | D: 6550.26 | E: 4955.40 | Q: 3656.00 | H: 2456.37 | LB: -4.80 | Enq: 135.54 | Pen: -4685.22
2026-05-10 23:16:28,566 | INFO | Update   42 | Steps:  86,016 | Episodes:    42 | EpReward:   584.09 | FPS:     28 | Actor Loss: -0.0008 | Critic Loss: 0.0011
2026-05-10 23:16:28,566 | INFO |   Env | HO: 75.71% | Cont: 64.17% | Task: 82.16% | Resolved: 99.92% | Delay: 2.521s | Energy: 17527.43J | LB: 0.267
2026-05-10 23:16:28,566 | INFO |   Reward | D: 6433.20 | E: 4887.70 | Q: 3658.80 | H: 2322.97 | LB: -2.05 | Enq: 135.14 | Pen: -4426.95
2026-05-10 23:17:36,203 | INFO | Update   43 | Steps:  88,064 | Episodes:    43 | EpReward:   585.41 | FPS:     30 | Actor Loss: -0.0013 | Critic Loss: 0.0012
2026-05-10 23:17:36,203 | INFO |   Env | HO: 76.37% | Cont: 62.94% | Task: 82.25% | Resolved: 99.94% | Delay: 2.512s | Energy: 17479.53J | LB: 0.283
2026-05-10 23:17:36,203 | INFO |   Reward | D: 6492.89 | E: 4918.82 | Q: 3690.00 | H: 2443.71 | LB: -3.54 | Enq: 135.40 | Pen: -4538.83
2026-05-10 23:18:47,379 | INFO | Update   44 | Steps:  90,112 | Episodes:    44 | EpReward:   586.99 | FPS:     29 | Actor Loss: -0.0001 | Critic Loss: 0.0012
2026-05-10 23:18:47,379 | INFO |   Env | HO: 75.92% | Cont: 65.95% | Task: 82.24% | Resolved: 99.92% | Delay: 2.519s | Energy: 17912.08J | LB: 0.281
2026-05-10 23:18:47,379 | INFO |   Reward | D: 6632.51 | E: 4987.12 | Q: 3748.40 | H: 2209.68 | LB: -3.69 | Enq: 136.28 | Pen: -4251.53
2026-05-10 23:20:21,455 | INFO | Update   45 | Steps:  92,160 | Episodes:    45 | EpReward:   588.51 | FPS:     22 | Actor Loss: 0.0002 | Critic Loss: 0.0013
2026-05-10 23:20:21,455 | INFO |   Env | HO: 76.41% | Cont: 66.69% | Task: 82.52% | Resolved: 99.98% | Delay: 2.495s | Energy: 17396.84J | LB: 0.279
2026-05-10 23:20:21,455 | INFO |   Reward | D: 6585.54 | E: 4917.73 | Q: 3715.20 | H: 2183.27 | LB: -4.07 | Enq: 135.35 | Pen: -4150.77
2026-05-10 23:21:33,835 | INFO | Update   46 | Steps:  94,208 | Episodes:    46 | EpReward:   589.85 | FPS:     28 | Actor Loss: -0.0005 | Critic Loss: 0.0010
2026-05-10 23:21:33,835 | INFO |   Env | HO: 76.11% | Cont: 65.44% | Task: 82.21% | Resolved: 99.90% | Delay: 2.498s | Energy: 17246.00J | LB: 0.284
2026-05-10 23:21:33,835 | INFO |   Reward | D: 6552.80 | E: 4940.56 | Q: 3695.60 | H: 2246.40 | LB: -3.92 | Enq: 136.56 | Pen: -4262.09
2026-05-10 23:22:52,613 | INFO | Update   47 | Steps:  96,256 | Episodes:    47 | EpReward:   591.31 | FPS:     26 | Actor Loss: 0.0001 | Critic Loss: 0.0011
2026-05-10 23:22:52,618 | INFO |   Env | HO: 76.36% | Cont: 68.09% | Task: 82.58% | Resolved: 99.93% | Delay: 2.506s | Energy: 17688.87J | LB: 0.280
2026-05-10 23:22:52,618 | INFO |   Reward | D: 6558.62 | E: 4907.72 | Q: 3727.60 | H: 2081.44 | LB: -3.70 | Enq: 136.55 | Pen: -3948.65
2026-05-10 23:24:07,855 | INFO | Update   48 | Steps:  98,304 | Episodes:    48 | EpReward:   592.91 | FPS:     27 | Actor Loss: -0.0004 | Critic Loss: 0.0011
2026-05-10 23:24:07,855 | INFO |   Env | HO: 76.12% | Cont: 68.88% | Task: 83.05% | Resolved: 99.88% | Delay: 2.499s | Energy: 17499.18J | LB: 0.277
2026-05-10 23:24:07,855 | INFO |   Reward | D: 6647.92 | E: 4942.83 | Q: 3795.60 | H: 2016.22 | LB: -4.87 | Enq: 136.33 | Pen: -3875.20
2026-05-10 23:25:11,236 | INFO | Update   49 | Steps: 100,352 | Episodes:    49 | EpReward:   594.76 | FPS:     32 | Actor Loss: -0.0007 | Critic Loss: 0.0012
2026-05-10 23:25:11,236 | INFO |   Env | HO: 75.96% | Cont: 70.12% | Task: 83.54% | Resolved: 99.97% | Delay: 2.497s | Energy: 18197.42J | LB: 0.271
2026-05-10 23:25:11,236 | INFO |   Reward | D: 6797.63 | E: 4993.70 | Q: 3903.20 | H: 1932.89 | LB: -3.45 | Enq: 136.58 | Pen: -3810.93
2026-05-10 23:25:11,236 | INFO | ----------------------------------------
2026-05-10 23:25:11,236 | INFO | 开始评估...
2026-05-10 23:30:21,826 | INFO | 评估结果: 奖励 = 791.75 ± 6.52, 长度 = 2000, 时延 = 2.238s, 能耗 = 177441.00J, 负载均衡 = 0.479
2026-05-10 23:30:21,827 | INFO | 新的最佳模型 (effective latency score): score = 0.2708, delay = 2.238s, completion = 88.99%, continuity = 98.54%, load_balance = 0.479
2026-05-10 23:30:21,846 | INFO | 模型已保存: /home/pjpjq/LEO_switch/results/baseline_compare/20260510_010757/learned_baselines/mappo_no_han/best_model.pt
2026-05-10 23:30:21,846 | INFO | 新的最佳奖励: 791.75
2026-05-10 23:30:21,846 | INFO | ----------------------------------------
2026-05-10 23:31:44,952 | INFO | Update   50 | Steps: 102,400 | Episodes:    50 | EpReward:   596.42 | FPS:     25 | Actor Loss: -0.0003 | Critic Loss: 0.0011
2026-05-10 23:31:44,952 | INFO |   Env | HO: 75.95% | Cont: 72.49% | Task: 83.32% | Resolved: 99.96% | Delay: 2.463s | Energy: 17574.75J | LB: 0.273
2026-05-10 23:31:44,952 | INFO |   Reward | D: 6706.71 | E: 4960.61 | Q: 3834.80 | H: 1773.86 | LB: -2.91 | Enq: 135.58 | Pen: -3523.90
2026-05-10 23:33:03,072 | INFO | Update   51 | Steps: 104,448 | Episodes:    51 | EpReward:   597.81 | FPS:     26 | Actor Loss: -0.0000 | Critic Loss: 0.0011
2026-05-10 23:33:03,075 | INFO |   Env | HO: 75.41% | Cont: 71.97% | Task: 83.71% | Resolved: 99.94% | Delay: 2.497s | Energy: 17473.89J | LB: 0.280
2026-05-10 23:33:03,075 | INFO |   Reward | D: 6578.95 | E: 4876.24 | Q: 3826.40 | H: 1778.84 | LB: -2.49 | Enq: 136.30 | Pen: -3527.61
2026-05-10 23:34:09,000 | INFO | Update   52 | Steps: 106,496 | Episodes:    52 | EpReward:   599.40 | FPS:     31 | Actor Loss: 0.0004 | Critic Loss: 0.0010
2026-05-10 23:34:09,000 | INFO |   Env | HO: 76.03% | Cont: 73.42% | Task: 83.94% | Resolved: 99.96% | Delay: 2.451s | Energy: 17227.17J | LB: 0.265
2026-05-10 23:34:09,000 | INFO |   Reward | D: 6640.13 | E: 4901.75 | Q: 3858.80 | H: 1723.78 | LB: -2.10 | Enq: 136.43 | Pen: -3363.22
2026-05-10 23:35:24,954 | INFO | Update   53 | Steps: 108,544 | Episodes:    53 | EpReward:   601.02 | FPS:     27 | Actor Loss: -0.0005 | Critic Loss: 0.0011
2026-05-10 23:35:24,954 | INFO |   Env | HO: 76.27% | Cont: 73.45% | Task: 83.93% | Resolved: 99.92% | Delay: 2.449s | Energy: 17275.24J | LB: 0.272
2026-05-10 23:35:24,954 | INFO |   Reward | D: 6728.19 | E: 4936.99 | Q: 3880.40 | H: 1736.66 | LB: -2.92 | Enq: 136.38 | Pen: -3362.10
2026-05-10 23:36:23,536 | INFO | Update   54 | Steps: 110,592 | Episodes:    54 | EpReward:   602.73 | FPS:     35 | Actor Loss: 0.0000 | Critic Loss: 0.0012
2026-05-10 23:36:23,536 | INFO |   Env | HO: 76.57% | Cont: 73.76% | Task: 83.75% | Resolved: 99.94% | Delay: 2.451s | Energy: 17557.96J | LB: 0.252
2026-05-10 23:36:23,536 | INFO |   Reward | D: 6728.05 | E: 4984.88 | Q: 3894.00 | H: 1733.19 | LB: -2.64 | Enq: 137.62 | Pen: -3324.42
2026-05-10 23:37:30,466 | INFO | Update   55 | Steps: 112,640 | Episodes:    55 | EpReward:   603.95 | FPS:     31 | Actor Loss: -0.0003 | Critic Loss: 0.0011
2026-05-10 23:37:30,471 | INFO |   Env | HO: 75.68% | Cont: 71.34% | Task: 83.58% | Resolved: 99.95% | Delay: 2.475s | Energy: 17387.89J | LB: 0.282
2026-05-10 23:37:30,471 | INFO |   Reward | D: 6617.40 | E: 4926.54 | Q: 3831.60 | H: 1855.34 | LB: -4.50 | Enq: 136.90 | Pen: -3634.02
2026-05-10 23:38:36,980 | INFO | Update   56 | Steps: 114,688 | Episodes:    56 | EpReward:   605.23 | FPS:     31 | Actor Loss: -0.0001 | Critic Loss: 0.0011
2026-05-10 23:38:36,980 | INFO |   Env | HO: 76.40% | Cont: 71.91% | Task: 83.78% | Resolved: 99.90% | Delay: 2.461s | Energy: 17270.85J | LB: 0.275
2026-05-10 23:38:36,980 | INFO |   Reward | D: 6626.98 | E: 4902.06 | Q: 3841.20 | H: 1848.65 | LB: -2.61 | Enq: 137.01 | Pen: -3511.42
2026-05-10 23:39:50,746 | INFO | Update   57 | Steps: 116,736 | Episodes:    57 | EpReward:   606.43 | FPS:     28 | Actor Loss: -0.0004 | Critic Loss: 0.0011
2026-05-10 23:39:50,747 | INFO |   Env | HO: 76.71% | Cont: 69.89% | Task: 82.84% | Resolved: 99.94% | Delay: 2.487s | Energy: 17754.59J | LB: 0.274
2026-05-10 23:39:50,747 | INFO |   Reward | D: 6662.69 | E: 4966.62 | Q: 3787.60 | H: 1984.56 | LB: -2.73 | Enq: 139.18 | Pen: -3723.60
2026-05-10 23:40:47,529 | INFO | Update   58 | Steps: 118,784 | Episodes:    58 | EpReward:   607.54 | FPS:     36 | Actor Loss: -0.0001 | Critic Loss: 0.0011
2026-05-10 23:40:47,529 | INFO |   Env | HO: 77.04% | Cont: 70.69% | Task: 82.71% | Resolved: 99.96% | Delay: 2.490s | Energy: 17803.09J | LB: 0.273
2026-05-10 23:40:47,529 | INFO |   Reward | D: 6598.80 | E: 4950.68 | Q: 3768.80 | H: 1947.67 | LB: -1.92 | Enq: 138.28 | Pen: -3653.39
2026-05-10 23:42:05,555 | INFO | Update   59 | Steps: 120,832 | Episodes:    59 | EpReward:   608.37 | FPS:     26 | Actor Loss: 0.0000 | Critic Loss: 0.0012
2026-05-10 23:42:05,561 | INFO |   Env | HO: 75.78% | Cont: 70.36% | Task: 83.46% | Resolved: 99.94% | Delay: 2.504s | Energy: 17834.37J | LB: 0.272
2026-05-10 23:42:05,561 | INFO |   Reward | D: 6507.85 | E: 4849.05 | Q: 3784.00 | H: 1919.47 | LB: -4.00 | Enq: 134.89 | Pen: -3722.14
2026-05-10 23:43:23,190 | INFO | Update   60 | Steps: 122,880 | Episodes:    60 | EpReward:   609.36 | FPS:     26 | Actor Loss: -0.0001 | Critic Loss: 0.0010
2026-05-10 23:43:23,191 | INFO |   Env | HO: 76.20% | Cont: 70.74% | Task: 83.40% | Resolved: 99.96% | Delay: 2.471s | Energy: 17283.00J | LB: 0.282
2026-05-10 23:43:23,191 | INFO |   Reward | D: 6573.08 | E: 4860.32 | Q: 3772.40 | H: 1911.74 | LB: -3.27 | Enq: 137.60 | Pen: -3612.99
2026-05-10 23:44:23,293 | INFO | Update   61 | Steps: 124,928 | Episodes:    61 | EpReward:   610.74 | FPS:     34 | Actor Loss: -0.0005 | Critic Loss: 0.0011
2026-05-10 23:44:23,293 | INFO |   Env | HO: 76.99% | Cont: 74.12% | Task: 84.00% | Resolved: 99.92% | Delay: 2.449s | Energy: 17661.09J | LB: 0.253
2026-05-10 23:44:23,293 | INFO |   Reward | D: 6734.10 | E: 4961.96 | Q: 3912.40 | H: 1719.58 | LB: -2.69 | Enq: 138.02 | Pen: -3276.86
2026-05-10 23:45:34,517 | INFO | Update   62 | Steps: 126,976 | Episodes:    62 | EpReward:   612.22 | FPS:     29 | Actor Loss: 0.0001 | Critic Loss: 0.0011
2026-05-10 23:45:34,517 | INFO |   Env | HO: 76.80% | Cont: 75.04% | Task: 84.62% | Resolved: 99.94% | Delay: 2.449s | Energy: 17785.97J | LB: 0.257
2026-05-10 23:45:34,517 | INFO |   Reward | D: 6842.47 | E: 4950.96 | Q: 3981.60 | H: 1638.95 | LB: -2.17 | Enq: 138.52 | Pen: -3159.99
2026-05-10 23:46:58,584 | INFO | Update   63 | Steps: 129,024 | Episodes:    63 | EpReward:   613.24 | FPS:     24 | Actor Loss: -0.0006 | Critic Loss: 0.0011
2026-05-10 23:46:58,584 | INFO |   Env | HO: 76.10% | Cont: 74.50% | Task: 83.48% | Resolved: 99.91% | Delay: 2.477s | Energy: 17799.93J | LB: 0.259
2026-05-10 23:46:58,584 | INFO |   Reward | D: 6618.27 | E: 4891.33 | Q: 3813.20 | H: 1645.17 | LB: -1.68 | Enq: 136.32 | Pen: -3260.12
2026-05-10 23:47:51,260 | INFO | Update   64 | Steps: 131,072 | Episodes:    64 | EpReward:   614.58 | FPS:     39 | Actor Loss: -0.0002 | Critic Loss: 0.0011
2026-05-10 23:47:51,260 | INFO |   Env | HO: 76.18% | Cont: 75.12% | Task: 84.21% | Resolved: 99.93% | Delay: 2.450s | Energy: 17856.73J | LB: 0.264
2026-05-10 23:47:51,260 | INFO |   Reward | D: 6823.74 | E: 4976.53 | Q: 3951.20 | H: 1620.98 | LB: -2.74 | Enq: 136.93 | Pen: -3202.56
2026-05-10 23:48:57,457 | INFO | Update   65 | Steps: 133,120 | Episodes:    65 | EpReward:   615.91 | FPS:     31 | Actor Loss: 0.0002 | Critic Loss: 0.0011
2026-05-10 23:48:57,458 | INFO |   Env | HO: 75.15% | Cont: 77.14% | Task: 84.64% | Resolved: 99.94% | Delay: 2.436s | Energy: 17370.11J | LB: 0.273
2026-05-10 23:48:57,458 | INFO |   Reward | D: 6820.70 | E: 4984.80 | Q: 3992.00 | H: 1448.11 | LB: -1.89 | Enq: 138.28 | Pen: -3000.21
2026-05-10 23:50:30,829 | INFO | Update   66 | Steps: 135,168 | Episodes:    66 | EpReward:   617.36 | FPS:     22 | Actor Loss: 0.0001 | Critic Loss: 0.0010
2026-05-10 23:50:30,829 | INFO |   Env | HO: 76.23% | Cont: 76.52% | Task: 85.41% | Resolved: 99.97% | Delay: 2.438s | Energy: 17557.58J | LB: 0.256
2026-05-10 23:50:30,829 | INFO |   Reward | D: 6891.21 | E: 4992.10 | Q: 4085.60 | H: 1527.00 | LB: -1.44 | Enq: 138.36 | Pen: -3019.90
2026-05-10 23:51:30,112 | INFO | Update   67 | Steps: 137,216 | Episodes:    67 | EpReward:   618.68 | FPS:     35 | Actor Loss: -0.0004 | Critic Loss: 0.0010
2026-05-10 23:51:30,112 | INFO |   Env | HO: 76.67% | Cont: 75.85% | Task: 85.35% | Resolved: 99.97% | Delay: 2.435s | Energy: 17273.89J | LB: 0.261
2026-05-10 23:51:30,112 | INFO |   Reward | D: 6867.65 | E: 4950.24 | Q: 4040.00 | H: 1606.69 | LB: -2.51 | Enq: 135.72 | Pen: -3113.33
2026-05-10 23:52:45,283 | INFO | Update   68 | Steps: 139,264 | Episodes:    68 | EpReward:   619.66 | FPS:     27 | Actor Loss: 0.0002 | Critic Loss: 0.0009
2026-05-10 23:52:45,283 | INFO |   Env | HO: 75.73% | Cont: 74.27% | Task: 84.24% | Resolved: 99.94% | Delay: 2.459s | Energy: 17246.61J | LB: 0.268
2026-05-10 23:52:45,283 | INFO |   Reward | D: 6720.20 | E: 4917.76 | Q: 3899.60 | H: 1665.24 | LB: -1.77 | Enq: 136.61 | Pen: -3313.44
2026-05-10 23:53:49,416 | INFO | Update   69 | Steps: 141,312 | Episodes:    69 | EpReward:   620.63 | FPS:     32 | Actor Loss: -0.0002 | Critic Loss: 0.0011
2026-05-10 23:53:49,420 | INFO |   Env | HO: 76.65% | Cont: 72.97% | Task: 84.19% | Resolved: 99.92% | Delay: 2.455s | Energy: 17085.35J | LB: 0.260
2026-05-10 23:53:49,420 | INFO |   Reward | D: 6696.80 | E: 4944.99 | Q: 3911.60 | H: 1787.52 | LB: -2.17 | Enq: 136.18 | Pen: -3419.73
2026-05-10 23:55:02,355 | INFO | Update   70 | Steps: 143,360 | Episodes:    70 | EpReward:   621.42 | FPS:     28 | Actor Loss: -0.0000 | Critic Loss: 0.0009
2026-05-10 23:55:02,355 | INFO |   Env | HO: 76.28% | Cont: 70.43% | Task: 82.96% | Resolved: 99.97% | Delay: 2.463s | Energy: 17049.43J | LB: 0.267
2026-05-10 23:55:02,355 | INFO |   Reward | D: 6688.03 | E: 4972.42 | Q: 3792.80 | H: 1942.93 | LB: -3.09 | Enq: 136.80 | Pen: -3730.40
2026-05-10 23:56:11,969 | INFO | Update   71 | Steps: 145,408 | Episodes:    71 | EpReward:   622.04 | FPS:     29 | Actor Loss: 0.0001 | Critic Loss: 0.0010
2026-05-10 23:56:11,971 | INFO |   Env | HO: 76.53% | Cont: 69.96% | Task: 82.70% | Resolved: 99.97% | Delay: 2.491s | Energy: 17090.06J | LB: 0.269
2026-05-10 23:56:11,971 | INFO |   Reward | D: 6599.63 | E: 4951.29 | Q: 3752.80 | H: 1988.64 | LB: -3.00 | Enq: 136.23 | Pen: -3778.74
2026-05-10 23:57:23,890 | INFO | Update   72 | Steps: 147,456 | Episodes:    72 | EpReward:   622.68 | FPS:     28 | Actor Loss: -0.0002 | Critic Loss: 0.0011
2026-05-10 23:57:23,890 | INFO |   Env | HO: 76.13% | Cont: 70.18% | Task: 82.78% | Resolved: 99.97% | Delay: 2.476s | Energy: 16804.87J | LB: 0.272
2026-05-10 23:57:23,890 | INFO |   Reward | D: 6615.93 | E: 4970.61 | Q: 3765.20 | H: 1944.10 | LB: -2.54 | Enq: 137.83 | Pen: -3764.11
2026-05-10 23:58:43,575 | INFO | Update   73 | Steps: 149,504 | Episodes:    73 | EpReward:   623.32 | FPS:     26 | Actor Loss: -0.0001 | Critic Loss: 0.0011
2026-05-10 23:58:43,575 | INFO |   Env | HO: 76.33% | Cont: 70.79% | Task: 83.21% | Resolved: 99.91% | Delay: 2.486s | Energy: 17153.66J | LB: 0.252
2026-05-10 23:58:43,575 | INFO |   Reward | D: 6580.18 | E: 4921.85 | Q: 3790.00 | H: 1909.48 | LB: -2.01 | Enq: 136.81 | Pen: -3663.28
2026-05-10 23:59:48,848 | INFO | Update   74 | Steps: 151,552 | Episodes:    74 | EpReward:   623.88 | FPS:     31 | Actor Loss: -0.0002 | Critic Loss: 0.0011
2026-05-10 23:59:48,849 | INFO |   Env | HO: 75.78% | Cont: 70.89% | Task: 83.70% | Resolved: 99.97% | Delay: 2.485s | Energy: 16977.37J | LB: 0.273
2026-05-10 23:59:48,849 | INFO |   Reward | D: 6540.55 | E: 4885.71 | Q: 3810.80 | H: 1890.47 | LB: -3.03 | Enq: 136.97 | Pen: -3651.94
2026-05-11 00:00:50,397 | INFO | Update   75 | Steps: 153,600 | Episodes:    75 | EpReward:   624.84 | FPS:     33 | Actor Loss: -0.0010 | Critic Loss: 0.0010
2026-05-11 00:00:50,398 | INFO |   Env | HO: 76.72% | Cont: 73.88% | Task: 84.36% | Resolved: 99.95% | Delay: 2.450s | Energy: 17042.75J | LB: 0.257
2026-05-11 00:00:50,398 | INFO |   Reward | D: 6756.21 | E: 4968.29 | Q: 3940.40 | H: 1736.79 | LB: -1.12 | Enq: 138.25 | Pen: -3316.11
2026-05-11 00:02:08,299 | INFO | Update   76 | Steps: 155,648 | Episodes:    76 | EpReward:   625.81 | FPS:     26 | Actor Loss: -0.0004 | Critic Loss: 0.0010
2026-05-11 00:02:08,299 | INFO |   Env | HO: 76.26% | Cont: 75.81% | Task: 84.62% | Resolved: 99.92% | Delay: 2.437s | Energy: 17012.90J | LB: 0.261
2026-05-11 00:02:08,300 | INFO |   Reward | D: 6789.00 | E: 4935.88 | Q: 3952.80 | H: 1578.91 | LB: -1.79 | Enq: 136.28 | Pen: -3119.64
2026-05-11 00:03:05,564 | INFO | Update   77 | Steps: 157,696 | Episodes:    77 | EpReward:   626.67 | FPS:     36 | Actor Loss: 0.0000 | Critic Loss: 0.0010
2026-05-11 00:03:05,564 | INFO |   Env | HO: 76.29% | Cont: 75.53% | Task: 83.96% | Resolved: 99.98% | Delay: 2.440s | Energy: 16846.87J | LB: 0.260
2026-05-11 00:03:05,564 | INFO |   Reward | D: 6703.54 | E: 4964.53 | Q: 3888.40 | H: 1579.71 | LB: -2.46 | Enq: 137.70 | Pen: -3112.39
2026-05-11 00:04:02,856 | INFO | Update   78 | Steps: 159,744 | Episodes:    78 | EpReward:   627.68 | FPS:     36 | Actor Loss: -0.0000 | Critic Loss: 0.0010
2026-05-11 00:04:02,856 | INFO |   Env | HO: 76.30% | Cont: 76.11% | Task: 84.80% | Resolved: 99.96% | Delay: 2.448s | Energy: 17097.07J | LB: 0.251
2026-05-11 00:04:02,856 | INFO |   Reward | D: 6810.36 | E: 4980.12 | Q: 4000.80 | H: 1549.66 | LB: -2.04 | Enq: 139.35 | Pen: -3054.62
2026-05-11 00:05:18,365 | INFO | Update   79 | Steps: 161,792 | Episodes:    79 | EpReward:   628.47 | FPS:     27 | Actor Loss: 0.0001 | Critic Loss: 0.0009
2026-05-11 00:05:18,366 | INFO |   Env | HO: 77.08% | Cont: 77.34% | Task: 83.35% | Resolved: 99.97% | Delay: 2.443s | Energy: 16638.15J | LB: 0.254
2026-05-11 00:05:18,368 | INFO |   Reward | D: 6622.55 | E: 4962.47 | Q: 3810.40 | H: 1483.97 | LB: -1.18 | Enq: 139.44 | Pen: -2906.29
2026-05-11 00:06:14,035 | INFO | Update   80 | Steps: 163,840 | Episodes:    80 | EpReward:   629.36 | FPS:     37 | Actor Loss: -0.0004 | Critic Loss: 0.0009
2026-05-11 00:06:14,035 | INFO |   Env | HO: 76.91% | Cont: 75.60% | Task: 84.41% | Resolved: 99.97% | Delay: 2.458s | Energy: 17149.01J | LB: 0.255
2026-05-11 00:06:14,035 | INFO |   Reward | D: 6721.12 | E: 4962.10 | Q: 3946.00 | H: 1585.20 | LB: -1.74 | Enq: 140.21 | Pen: -3053.70
2026-05-11 00:07:23,839 | INFO | Update   81 | Steps: 165,888 | Episodes:    81 | EpReward:   630.20 | FPS:     29 | Actor Loss: -0.0003 | Critic Loss: 0.0010
2026-05-11 00:07:23,840 | INFO |   Env | HO: 76.08% | Cont: 77.28% | Task: 84.50% | Resolved: 99.94% | Delay: 2.455s | Energy: 16669.42J | LB: 0.269
2026-05-11 00:07:23,840 | INFO |   Reward | D: 6700.77 | E: 4950.82 | Q: 3937.20 | H: 1450.91 | LB: -1.36 | Enq: 139.52 | Pen: -2910.50
2026-05-11 00:08:42,239 | INFO | Update   82 | Steps: 167,936 | Episodes:    82 | EpReward:   631.16 | FPS:     26 | Actor Loss: -0.0005 | Critic Loss: 0.0011
2026-05-11 00:08:42,240 | INFO |   Env | HO: 76.56% | Cont: 79.67% | Task: 84.60% | Resolved: 99.94% | Delay: 2.438s | Energy: 16426.19J | LB: 0.258
2026-05-11 00:08:42,240 | INFO |   Reward | D: 6757.26 | E: 5016.95 | Q: 3986.80 | H: 1311.65 | LB: -1.12 | Enq: 142.09 | Pen: -2663.40
2026-05-11 00:09:47,652 | INFO | Update   83 | Steps: 169,984 | Episodes:    83 | EpReward:   632.09 | FPS:     31 | Actor Loss: -0.0001 | Critic Loss: 0.0010
2026-05-11 00:09:47,652 | INFO |   Env | HO: 76.89% | Cont: 79.57% | Task: 84.78% | Resolved: 99.94% | Delay: 2.412s | Energy: 16125.90J | LB: 0.257
2026-05-11 00:09:47,652 | INFO |   Reward | D: 6759.21 | E: 4982.16 | Q: 3973.60 | H: 1330.10 | LB: -1.57 | Enq: 140.77 | Pen: -2629.27
2026-05-11 00:10:55,962 | INFO | Update   84 | Steps: 172,032 | Episodes:    84 | EpReward:   633.12 | FPS:     30 | Actor Loss: -0.0000 | Critic Loss: 0.0012
2026-05-11 00:10:55,963 | INFO |   Env | HO: 76.34% | Cont: 79.33% | Task: 85.05% | Resolved: 99.96% | Delay: 2.429s | Energy: 17042.10J | LB: 0.259
2026-05-11 00:10:55,963 | INFO |   Reward | D: 6883.84 | E: 5045.52 | Q: 4068.40 | H: 1331.37 | LB: -2.30 | Enq: 141.39 | Pen: -2714.14
2026-05-11 00:11:47,358 | INFO | Update   85 | Steps: 174,080 | Episodes:    85 | EpReward:   633.88 | FPS:     40 | Actor Loss: -0.0004 | Critic Loss: 0.0011
2026-05-11 00:11:47,358 | INFO |   Env | HO: 76.43% | Cont: 80.59% | Task: 84.24% | Resolved: 99.94% | Delay: 2.420s | Energy: 16280.48J | LB: 0.255
2026-05-11 00:11:47,358 | INFO |   Reward | D: 6627.67 | E: 4948.84 | Q: 3888.80 | H: 1254.71 | LB: -0.34 | Enq: 141.21 | Pen: -2546.92
2026-05-11 00:12:39,425 | INFO | Update   86 | Steps: 176,128 | Episodes:    86 | EpReward:   634.90 | FPS:     39 | Actor Loss: -0.0001 | Critic Loss: 0.0011
2026-05-11 00:12:39,426 | INFO |   Env | HO: 76.26% | Cont: 80.41% | Task: 85.31% | Resolved: 99.94% | Delay: 2.413s | Energy: 16791.70J | LB: 0.251
2026-05-11 00:12:39,426 | INFO |   Reward | D: 6861.69 | E: 5030.33 | Q: 4079.20 | H: 1273.41 | LB: -2.36 | Enq: 142.25 | Pen: -2591.20
2026-05-11 00:13:47,120 | INFO | Update   87 | Steps: 178,176 | Episodes:    87 | EpReward:   635.80 | FPS:     30 | Actor Loss: -0.0008 | Critic Loss: 0.0013
2026-05-11 00:13:47,121 | INFO |   Env | HO: 76.32% | Cont: 81.94% | Task: 85.08% | Resolved: 99.96% | Delay: 2.412s | Energy: 16565.40J | LB: 0.245
2026-05-11 00:13:47,121 | INFO |   Reward | D: 6755.46 | E: 4957.38 | Q: 3998.40 | H: 1171.89 | LB: -1.44 | Enq: 141.46 | Pen: -2404.56
2026-05-11 00:14:48,127 | INFO | Update   88 | Steps: 180,224 | Episodes:    88 | EpReward:   636.90 | FPS:     34 | Actor Loss: -0.0005 | Critic Loss: 0.0011
2026-05-11 00:14:48,127 | INFO |   Env | HO: 77.12% | Cont: 83.86% | Task: 86.20% | Resolved: 99.99% | Delay: 2.391s | Energy: 16741.77J | LB: 0.246
2026-05-11 00:14:48,127 | INFO |   Reward | D: 6889.78 | E: 4963.13 | Q: 4129.20 | H: 1069.19 | LB: -1.84 | Enq: 141.39 | Pen: -2153.55
2026-05-11 00:15:43,376 | INFO | Update   89 | Steps: 182,272 | Episodes:    89 | EpReward:   637.96 | FPS:     37 | Actor Loss: -0.0000 | Critic Loss: 0.0010
2026-05-11 00:15:43,376 | INFO |   Env | HO: 76.81% | Cont: 84.47% | Task: 86.04% | Resolved: 99.99% | Delay: 2.385s | Energy: 16755.44J | LB: 0.240
2026-05-11 00:15:43,376 | INFO |   Reward | D: 6902.45 | E: 4946.58 | Q: 4096.80 | H: 1035.85 | LB: -0.66 | Enq: 138.54 | Pen: -2144.88
2026-05-11 00:16:37,530 | INFO | Update   90 | Steps: 184,320 | Episodes:    90 | EpReward:   639.21 | FPS:     38 | Actor Loss: -0.0002 | Critic Loss: 0.0011
2026-05-11 00:16:37,530 | INFO |   Env | HO: 77.16% | Cont: 84.48% | Task: 86.06% | Resolved: 99.98% | Delay: 2.393s | Energy: 17353.90J | LB: 0.250
2026-05-11 00:16:37,530 | INFO |   Reward | D: 7075.73 | E: 5079.44 | Q: 4212.80 | H: 1031.96 | LB: -0.86 | Enq: 143.29 | Pen: -2162.50
2026-05-11 00:17:33,159 | INFO | Update   91 | Steps: 186,368 | Episodes:    91 | EpReward:   640.36 | FPS:     37 | Actor Loss: -0.0003 | Critic Loss: 0.0012
2026-05-11 00:17:33,160 | INFO |   Env | HO: 77.66% | Cont: 85.17% | Task: 86.07% | Resolved: 99.98% | Delay: 2.383s | Energy: 17097.89J | LB: 0.250
2026-05-11 00:17:33,160 | INFO |   Reward | D: 6946.67 | E: 5008.98 | Q: 4155.20 | H: 1008.84 | LB: -1.98 | Enq: 143.27 | Pen: -2022.80
2026-05-11 00:18:40,854 | INFO | Update   92 | Steps: 188,416 | Episodes:    92 | EpReward:   641.37 | FPS:     30 | Actor Loss: -0.0002 | Critic Loss: 0.0009
2026-05-11 00:18:40,857 | INFO |   Env | HO: 78.16% | Cont: 84.33% | Task: 85.89% | Resolved: 99.97% | Delay: 2.405s | Energy: 17243.31J | LB: 0.258
2026-05-11 00:18:40,857 | INFO |   Reward | D: 6891.53 | E: 4968.27 | Q: 4107.20 | H: 1087.29 | LB: -0.99 | Enq: 142.16 | Pen: -2124.93
2026-05-11 00:19:54,006 | INFO | Update   93 | Steps: 190,464 | Episodes:    93 | EpReward:   642.40 | FPS:     28 | Actor Loss: -0.0005 | Critic Loss: 0.0012
2026-05-11 00:19:54,008 | INFO |   Env | HO: 77.96% | Cont: 84.96% | Task: 85.93% | Resolved: 99.98% | Delay: 2.378s | Energy: 17094.15J | LB: 0.251
2026-05-11 00:19:54,008 | INFO |   Reward | D: 6930.85 | E: 4974.63 | Q: 4112.40 | H: 1027.65 | LB: -1.03 | Enq: 140.72 | Pen: -2072.48
2026-05-11 00:21:06,782 | INFO | Update   94 | Steps: 192,512 | Episodes:    94 | EpReward:   643.45 | FPS:     28 | Actor Loss: -0.0004 | Critic Loss: 0.0011
2026-05-11 00:21:06,782 | INFO |   Env | HO: 77.31% | Cont: 85.81% | Task: 86.44% | Resolved: 99.93% | Delay: 2.395s | Energy: 17389.97J | LB: 0.230
2026-05-11 00:21:06,782 | INFO |   Reward | D: 6950.35 | E: 4963.20 | Q: 4171.20 | H: 946.79 | LB: -1.00 | Enq: 141.02 | Pen: -1974.98
2026-05-11 00:22:21,811 | INFO | Update   95 | Steps: 194,560 | Episodes:    95 | EpReward:   644.51 | FPS:     27 | Actor Loss: -0.0002 | Critic Loss: 0.0011
2026-05-11 00:22:21,814 | INFO |   Env | HO: 77.53% | Cont: 86.40% | Task: 86.67% | Resolved: 99.99% | Delay: 2.393s | Energy: 17881.67J | LB: 0.267
2026-05-11 00:22:21,815 | INFO |   Reward | D: 7001.75 | E: 4935.93 | Q: 4190.00 | H: 914.89 | LB: -1.32 | Enq: 139.80 | Pen: -1918.11
2026-05-11 00:23:33,284 | INFO | Update   96 | Steps: 196,608 | Episodes:    96 | EpReward:   645.52 | FPS:     29 | Actor Loss: -0.0007 | Critic Loss: 0.0011
2026-05-11 00:23:33,284 | INFO |   Env | HO: 77.16% | Cont: 85.70% | Task: 86.33% | Resolved: 99.99% | Delay: 2.392s | Energy: 17842.50J | LB: 0.249
2026-05-11 00:23:33,284 | INFO |   Reward | D: 6960.11 | E: 4949.90 | Q: 4155.60 | H: 951.75 | LB: -1.42 | Enq: 140.12 | Pen: -1994.91
2026-05-11 00:24:25,626 | INFO | Update   97 | Steps: 198,656 | Episodes:    97 | EpReward:   646.53 | FPS:     39 | Actor Loss: 0.0002 | Critic Loss: 0.0010
2026-05-11 00:24:25,626 | INFO |   Env | HO: 77.38% | Cont: 86.45% | Task: 85.64% | Resolved: 99.98% | Delay: 2.392s | Energy: 18353.47J | LB: 0.260
2026-05-11 00:24:25,626 | INFO |   Reward | D: 6993.82 | E: 4989.86 | Q: 4128.80 | H: 904.73 | LB: -0.82 | Enq: 142.02 | Pen: -1943.12
2026-05-11 00:25:19,279 | INFO | Update   98 | Steps: 200,704 | Episodes:    98 | EpReward:   647.39 | FPS:     38 | Actor Loss: -0.0001 | Critic Loss: 0.0010
2026-05-11 00:25:19,279 | INFO |   Env | HO: 76.76% | Cont: 85.58% | Task: 85.96% | Resolved: 99.96% | Delay: 2.387s | Energy: 17872.04J | LB: 0.248
2026-05-11 00:25:19,279 | INFO |   Reward | D: 6886.62 | E: 4921.12 | Q: 4099.20 | H: 950.37 | LB: -1.95 | Enq: 140.10 | Pen: -2015.66
2026-05-11 00:25:19,279 | INFO | ----------------------------------------
2026-05-11 00:25:19,279 | INFO | 开始评估...
2026-05-11 00:31:19,777 | INFO | 评估结果: 奖励 = 794.00 ± 7.33, 长度 = 2000, 时延 = 2.253s, 能耗 = 184148.19J, 负载均衡 = 0.488
2026-05-11 00:31:19,778 | INFO | 新的最佳模型 (effective latency score): score = 0.2708, delay = 2.253s, completion = 89.15%, continuity = 98.84%, load_balance = 0.488
2026-05-11 00:31:19,836 | INFO | 模型已保存: /home/pjpjq/LEO_switch/results/baseline_compare/20260510_010757/learned_baselines/mappo_no_han/best_model.pt
2026-05-11 00:31:19,837 | INFO | 新的最佳奖励: 794.00
2026-05-11 00:31:19,837 | INFO | ----------------------------------------
2026-05-11 00:31:19,913 | INFO | 模型已保存: /home/pjpjq/LEO_switch/results/baseline_compare/20260510_010757/learned_baselines/mappo_no_han/checkpoint_200704.pt
2026-05-11 00:32:25,398 | INFO | Update   99 | Steps: 202,752 | Episodes:    99 | EpReward:   648.43 | FPS:     31 | Actor Loss: -0.0002 | Critic Loss: 0.0011
2026-05-11 00:32:25,406 | INFO |   Env | HO: 78.44% | Cont: 86.98% | Task: 86.87% | Resolved: 99.99% | Delay: 2.364s | Energy: 17826.22J | LB: 0.266
2026-05-11 00:32:25,407 | INFO |   Reward | D: 6999.27 | E: 4934.95 | Q: 4198.80 | H: 899.07 | LB: -0.70 | Enq: 140.15 | Pen: -1801.54
2026-05-11 00:33:32,761 | INFO | Update  100 | Steps: 204,800 | Episodes:   100 | EpReward:   649.36 | FPS:     30 | Actor Loss: -0.0000 | Critic Loss: 0.0010
2026-05-11 00:33:32,761 | INFO |   Env | HO: 78.18% | Cont: 85.94% | Task: 86.65% | Resolved: 99.96% | Delay: 2.381s | Energy: 17944.94J | LB: 0.253
2026-05-11 00:33:32,762 | INFO |   Reward | D: 6935.79 | E: 4936.27 | Q: 4182.40 | H: 976.18 | LB: -2.08 | Enq: 139.15 | Pen: -1966.88
2026-05-11 00:34:46,032 | INFO | Update  101 | Steps: 206,848 | Episodes:   101 | EpReward:   652.03 | FPS:     28 | Actor Loss: 0.0001 | Critic Loss: 0.0010
2026-05-11 00:34:46,032 | INFO |   Env | HO: 77.08% | Cont: 86.39% | Task: 86.63% | Resolved: 99.94% | Delay: 2.368s | Energy: 17261.80J | LB: 0.261
2026-05-11 00:34:46,032 | INFO |   Reward | D: 6833.61 | E: 4889.93 | Q: 4126.00 | H: 912.73 | LB: -0.13 | Enq: 139.07 | Pen: -1895.49
2026-05-11 00:35:54,677 | INFO | Update  102 | Steps: 208,896 | Episodes:   102 | EpReward:   654.52 | FPS:     30 | Actor Loss: -0.0001 | Critic Loss: 0.0011
2026-05-11 00:35:54,678 | INFO |   Env | HO: 76.97% | Cont: 85.98% | Task: 86.62% | Resolved: 99.94% | Delay: 2.380s | Energy: 17999.15J | LB: 0.277
2026-05-11 00:35:54,678 | INFO |   Reward | D: 7045.64 | E: 4981.67 | Q: 4217.60 | H: 939.20 | LB: -0.69 | Enq: 140.76 | Pen: -1976.71
2026-05-11 00:37:01,573 | INFO | Update  103 | Steps: 210,944 | Episodes:   103 | EpReward:   656.91 | FPS:     31 | Actor Loss: -0.0003 | Critic Loss: 0.0010
2026-05-11 00:37:01,574 | INFO |   Env | HO: 77.82% | Cont: 85.89% | Task: 86.32% | Resolved: 99.97% | Delay: 2.370s | Energy: 17550.77J | LB: 0.238
2026-05-11 00:37:01,574 | INFO |   Reward | D: 7031.07 | E: 5007.57 | Q: 4190.00 | H: 974.14 | LB: -0.81 | Enq: 140.68 | Pen: -1997.18
2026-05-11 00:37:57,915 | INFO | Update  104 | Steps: 212,992 | Episodes:   104 | EpReward:   659.22 | FPS:     36 | Actor Loss: -0.0003 | Critic Loss: 0.0010
2026-05-11 00:37:57,915 | INFO |   Env | HO: 76.53% | Cont: 85.61% | Task: 86.70% | Resolved: 99.97% | Delay: 2.397s | Energy: 18147.85J | LB: 0.247
2026-05-11 00:37:57,915 | INFO |   Reward | D: 7015.98 | E: 4948.09 | Q: 4210.00 | H: 959.66 | LB: -1.18 | Enq: 137.54 | Pen: -2067.22
2026-05-11 00:38:52,661 | INFO | Update  105 | Steps: 215,040 | Episodes:   105 | EpReward:   661.40 | FPS:     37 | Actor Loss: 0.0002 | Critic Loss: 0.0009
2026-05-11 00:38:52,678 | INFO |   Env | HO: 76.99% | Cont: 84.49% | Task: 85.91% | Resolved: 99.97% | Delay: 2.394s | Energy: 17922.84J | LB: 0.259
2026-05-11 00:38:52,685 | INFO |   Reward | D: 6943.72 | E: 4927.89 | Q: 4102.00 | H: 1048.50 | LB: -0.56 | Enq: 138.50 | Pen: -2168.67
2026-05-11 00:39:46,909 | INFO | Update  106 | Steps: 217,088 | Episodes:   106 | EpReward:   663.35 | FPS:     38 | Actor Loss: 0.0000 | Critic Loss: 0.0010
2026-05-11 00:39:46,909 | INFO |   Env | HO: 76.11% | Cont: 84.89% | Task: 85.63% | Resolved: 99.94% | Delay: 2.389s | Energy: 17834.66J | LB: 0.244
2026-05-11 00:39:46,909 | INFO |   Reward | D: 6960.16 | E: 4990.21 | Q: 4110.80 | H: 1002.96 | LB: -0.93 | Enq: 138.84 | Pen: -2195.94
2026-05-11 00:40:43,467 | INFO | Update  107 | Steps: 219,136 | Episodes:   107 | EpReward:   665.34 | FPS:     36 | Actor Loss: -0.0003 | Critic Loss: 0.0010
2026-05-11 00:40:43,474 | INFO |   Env | HO: 77.14% | Cont: 86.22% | Task: 86.11% | Resolved: 99.99% | Delay: 2.386s | Energy: 17531.43J | LB: 0.261
2026-05-11 00:40:43,474 | INFO |   Reward | D: 6895.41 | E: 4937.14 | Q: 4114.40 | H: 929.73 | LB: -1.35 | Enq: 138.94 | Pen: -1972.76
2026-05-11 00:41:32,242 | INFO | Update  108 | Steps: 221,184 | Episodes:   108 | EpReward:   667.22 | FPS:     42 | Actor Loss: -0.0000 | Critic Loss: 0.0010
2026-05-11 00:41:32,249 | INFO |   Env | HO: 77.30% | Cont: 85.87% | Task: 86.44% | Resolved: 99.96% | Delay: 2.375s | Energy: 17575.98J | LB: 0.263
2026-05-11 00:41:32,249 | INFO |   Reward | D: 6972.16 | E: 4943.36 | Q: 4154.00 | H: 962.39 | LB: -0.62 | Enq: 138.86 | Pen: -1990.26
2026-05-11 00:42:21,189 | INFO | Update  109 | Steps: 223,232 | Episodes:   109 | EpReward:   669.11 | FPS:     42 | Actor Loss: -0.0000 | Critic Loss: 0.0010
2026-05-11 00:42:21,189 | INFO |   Env | HO: 76.43% | Cont: 85.45% | Task: 87.12% | Resolved: 99.98% | Delay: 2.355s | Energy: 17365.91J | LB: 0.257
2026-05-11 00:42:21,189 | INFO |   Reward | D: 7081.45 | E: 5018.16 | Q: 4280.00 | H: 969.52 | LB: -1.25 | Enq: 138.85 | Pen: -2071.97
2026-05-11 00:43:15,326 | INFO | Update  110 | Steps: 225,280 | Episodes:   110 | EpReward:   670.69 | FPS:     38 | Actor Loss: -0.0007 | Critic Loss: 0.0011
2026-05-11 00:43:15,332 | INFO |   Env | HO: 76.65% | Cont: 84.80% | Task: 86.47% | Resolved: 99.95% | Delay: 2.394s | Energy: 17656.39J | LB: 0.253
2026-05-11 00:43:15,332 | INFO |   Reward | D: 7008.96 | E: 4978.94 | Q: 4188.80 | H: 1019.20 | LB: -1.11 | Enq: 137.73 | Pen: -2170.67
2026-05-11 00:44:26,807 | INFO | Update  111 | Steps: 227,328 | Episodes:   111 | EpReward:   672.19 | FPS:     29 | Actor Loss: -0.0001 | Critic Loss: 0.0012
2026-05-11 00:44:26,808 | INFO |   Env | HO: 77.61% | Cont: 86.05% | Task: 86.19% | Resolved: 99.97% | Delay: 2.378s | Energy: 17784.72J | LB: 0.266
2026-05-11 00:44:26,808 | INFO |   Reward | D: 7079.71 | E: 4999.81 | Q: 4172.00 | H: 958.43 | LB: -1.16 | Enq: 138.13 | Pen: -2017.14
2026-05-11 00:45:18,149 | INFO | Update  112 | Steps: 229,376 | Episodes:   112 | EpReward:   673.63 | FPS:     40 | Actor Loss: 0.0001 | Critic Loss: 0.0011
2026-05-11 00:45:18,149 | INFO |   Env | HO: 76.70% | Cont: 87.50% | Task: 86.53% | Resolved: 99.96% | Delay: 2.394s | Energy: 17799.70J | LB: 0.270
2026-05-11 00:45:18,149 | INFO |   Reward | D: 6926.63 | E: 4932.41 | Q: 4163.20 | H: 829.24 | LB: -0.20 | Enq: 136.82 | Pen: -1866.74
2026-05-11 00:46:31,070 | INFO | Update  113 | Steps: 231,424 | Episodes:   113 | EpReward:   675.10 | FPS:     28 | Actor Loss: -0.0004 | Critic Loss: 0.0011
2026-05-11 00:46:31,070 | INFO |   Env | HO: 76.42% | Cont: 87.41% | Task: 86.83% | Resolved: 99.96% | Delay: 2.369s | Energy: 17397.71J | LB: 0.232
2026-05-11 00:46:31,071 | INFO |   Reward | D: 6984.62 | E: 4927.29 | Q: 4182.00 | H: 832.87 | LB: -0.83 | Enq: 138.01 | Pen: -1860.59
2026-05-11 00:47:27,997 | INFO | Update  114 | Steps: 233,472 | Episodes:   114 | EpReward:   676.58 | FPS:     36 | Actor Loss: 0.0000 | Critic Loss: 0.0010
2026-05-11 00:47:27,997 | INFO |   Env | HO: 77.81% | Cont: 88.52% | Task: 87.22% | Resolved: 99.99% | Delay: 2.350s | Energy: 17142.08J | LB: 0.241
2026-05-11 00:47:27,997 | INFO |   Reward | D: 7001.53 | E: 4935.14 | Q: 4224.80 | H: 781.05 | LB: -1.07 | Enq: 138.80 | Pen: -1690.02
2026-05-11 00:48:27,396 | INFO | Update  115 | Steps: 235,520 | Episodes:   115 | EpReward:   678.14 | FPS:     34 | Actor Loss: 0.0003 | Critic Loss: 0.0010
2026-05-11 00:48:27,396 | INFO |   Env | HO: 76.92% | Cont: 88.44% | Task: 87.36% | Resolved: 99.99% | Delay: 2.365s | Energy: 17442.88J | LB: 0.258
2026-05-11 00:48:27,396 | INFO |   Reward | D: 7090.14 | E: 4987.48 | Q: 4286.40 | H: 770.04 | LB: -1.48 | Enq: 138.72 | Pen: -1725.83
2026-05-11 00:49:33,943 | INFO | Update  116 | Steps: 237,568 | Episodes:   116 | EpReward:   679.62 | FPS:     31 | Actor Loss: 0.0000 | Critic Loss: 0.0010
2026-05-11 00:49:33,943 | INFO |   Env | HO: 76.15% | Cont: 88.71% | Task: 86.28% | Resolved: 99.97% | Delay: 2.369s | Energy: 17294.27J | LB: 0.254
2026-05-11 00:49:33,943 | INFO |   Reward | D: 7042.88 | E: 5000.63 | Q: 4175.20 | H: 731.04 | LB: -0.07 | Enq: 138.70 | Pen: -1737.31
2026-05-11 00:50:33,582 | INFO | Update  117 | Steps: 239,616 | Episodes:   117 | EpReward:   681.17 | FPS:     34 | Actor Loss: -0.0001 | Critic Loss: 0.0009
2026-05-11 00:50:33,582 | INFO |   Env | HO: 77.41% | Cont: 88.84% | Task: 87.00% | Resolved: 99.98% | Delay: 2.360s | Energy: 17475.71J | LB: 0.256
2026-05-11 00:50:33,586 | INFO |   Reward | D: 7150.79 | E: 5026.58 | Q: 4279.60 | H: 751.56 | LB: -0.59 | Enq: 138.98 | Pen: -1717.80
2026-05-11 00:51:44,182 | INFO | Update  118 | Steps: 241,664 | Episodes:   118 | EpReward:   682.80 | FPS:     29 | Actor Loss: 0.0002 | Critic Loss: 0.0009
2026-05-11 00:51:44,182 | INFO |   Env | HO: 76.80% | Cont: 89.10% | Task: 86.68% | Resolved: 99.97% | Delay: 2.357s | Energy: 17523.74J | LB: 0.235
2026-05-11 00:51:44,182 | INFO |   Reward | D: 7141.84 | E: 5033.85 | Q: 4253.20 | H: 722.77 | LB: -0.78 | Enq: 138.56 | Pen: -1728.06
2026-05-11 00:52:55,466 | INFO | Update  119 | Steps: 243,712 | Episodes:   119 | EpReward:   684.45 | FPS:     29 | Actor Loss: 0.0002 | Critic Loss: 0.0012
2026-05-11 00:52:55,466 | INFO |   Env | HO: 77.58% | Cont: 89.36% | Task: 86.70% | Resolved: 99.99% | Delay: 2.350s | Energy: 17496.89J | LB: 0.272
2026-05-11 00:52:55,466 | INFO |   Reward | D: 7155.59 | E: 5018.52 | Q: 4234.40 | H: 712.31 | LB: -0.39 | Enq: 139.29 | Pen: -1667.29
2026-05-11 00:54:00,579 | INFO | Update  120 | Steps: 245,760 | Episodes:   120 | EpReward:   685.96 | FPS:     31 | Actor Loss: -0.0001 | Critic Loss: 0.0010
2026-05-11 00:54:00,586 | INFO |   Env | HO: 74.89% | Cont: 88.53% | Task: 86.40% | Resolved: 99.99% | Delay: 2.361s | Energy: 17412.52J | LB: 0.249
2026-05-11 00:54:00,586 | INFO |   Reward | D: 7074.43 | E: 4990.70 | Q: 4173.60 | H: 720.46 | LB: -1.38 | Enq: 137.59 | Pen: -1779.26
2026-05-11 00:55:04,745 | INFO | Update  121 | Steps: 247,808 | Episodes:   121 | EpReward:   687.60 | FPS:     32 | Actor Loss: -0.0002 | Critic Loss: 0.0011
2026-05-11 00:55:04,745 | INFO |   Env | HO: 77.82% | Cont: 89.01% | Task: 86.62% | Resolved: 99.97% | Delay: 2.356s | Energy: 17669.80J | LB: 0.259
2026-05-11 00:55:04,745 | INFO |   Reward | D: 7118.98 | E: 5027.21 | Q: 4236.80 | H: 749.32 | LB: -0.58 | Enq: 136.63 | Pen: -1705.83
2026-05-11 00:56:05,698 | INFO | Update  122 | Steps: 249,856 | Episodes:   122 | EpReward:   689.24 | FPS:     34 | Actor Loss: -0.0002 | Critic Loss: 0.0010
2026-05-11 00:56:05,698 | INFO |   Env | HO: 77.08% | Cont: 89.03% | Task: 87.35% | Resolved: 99.98% | Delay: 2.361s | Energy: 17438.34J | LB: 0.253
2026-05-11 00:56:05,698 | INFO |   Reward | D: 7095.13 | E: 4987.67 | Q: 4284.00 | H: 721.58 | LB: -1.41 | Enq: 141.27 | Pen: -1641.31
2026-05-11 00:57:11,574 | INFO | Update  123 | Steps: 251,904 | Episodes:   123 | EpReward:   690.70 | FPS:     31 | Actor Loss: -0.0002 | Critic Loss: 0.0009
2026-05-11 00:57:11,577 | INFO |   Env | HO: 76.30% | Cont: 88.35% | Task: 86.75% | Resolved: 99.96% | Delay: 2.369s | Energy: 17284.86J | LB: 0.251
2026-05-11 00:57:11,577 | INFO |   Reward | D: 6997.07 | E: 4969.42 | Q: 4196.00 | H: 759.30 | LB: -0.97 | Enq: 138.96 | Pen: -1737.15
2026-05-11 00:58:07,117 | INFO | Update  124 | Steps: 253,952 | Episodes:   124 | EpReward:   692.25 | FPS:     37 | Actor Loss: -0.0002 | Critic Loss: 0.0010
2026-05-11 00:58:07,122 | INFO |   Env | HO: 76.75% | Cont: 88.70% | Task: 86.42% | Resolved: 99.99% | Delay: 2.376s | Energy: 17295.17J | LB: 0.240
2026-05-11 00:58:07,122 | INFO |   Reward | D: 7013.39 | E: 5034.59 | Q: 4211.20 | H: 748.53 | LB: -0.76 | Enq: 140.15 | Pen: -1709.75
2026-05-11 00:59:14,199 | INFO | Update  125 | Steps: 256,000 | Episodes:   125 | EpReward:   694.03 | FPS:     31 | Actor Loss: 0.0003 | Critic Loss: 0.0011
2026-05-11 00:59:14,199 | INFO |   Env | HO: 77.31% | Cont: 88.44% | Task: 86.61% | Resolved: 99.97% | Delay: 2.371s | Energy: 17267.12J | LB: 0.259
2026-05-11 00:59:14,199 | INFO |   Reward | D: 7026.14 | E: 4982.18 | Q: 4200.40 | H: 777.73 | LB: -1.63 | Enq: 140.33 | Pen: -1709.34
2026-05-11 01:00:23,355 | INFO | Update  126 | Steps: 258,048 | Episodes:   126 | EpReward:   695.71 | FPS:     30 | Actor Loss: 0.0000 | Critic Loss: 0.0011
2026-05-11 01:00:23,358 | INFO |   Env | HO: 76.93% | Cont: 87.07% | Task: 86.56% | Resolved: 99.97% | Delay: 2.364s | Energy: 16920.01J | LB: 0.260
2026-05-11 01:00:23,358 | INFO |   Reward | D: 7054.23 | E: 5001.60 | Q: 4192.40 | H: 867.80 | LB: -1.27 | Enq: 138.90 | Pen: -1892.83
2026-05-11 01:01:22,505 | INFO | Update  127 | Steps: 260,096 | Episodes:   127 | EpReward:   697.46 | FPS:     35 | Actor Loss: -0.0009 | Critic Loss: 0.0010
2026-05-11 01:01:22,505 | INFO |   Env | HO: 77.03% | Cont: 87.50% | Task: 85.99% | Resolved: 99.98% | Delay: 2.381s | Energy: 17743.94J | LB: 0.258
2026-05-11 01:01:22,505 | INFO |   Reward | D: 7114.96 | E: 5104.24 | Q: 4226.80 | H: 841.14 | LB: -1.41 | Enq: 140.17 | Pen: -1887.09
2026-05-11 01:02:17,676 | INFO | Update  128 | Steps: 262,144 | Episodes:   128 | EpReward:   699.03 | FPS:     37 | Actor Loss: -0.0002 | Critic Loss: 0.0010
2026-05-11 01:02:17,678 | INFO |   Env | HO: 77.43% | Cont: 88.14% | Task: 86.66% | Resolved: 99.99% | Delay: 2.360s | Energy: 17233.57J | LB: 0.240
2026-05-11 01:02:17,679 | INFO |   Reward | D: 6996.63 | E: 4969.06 | Q: 4186.40 | H: 811.94 | LB: -1.28 | Enq: 138.04 | Pen: -1759.59
2026-05-11 01:03:15,756 | INFO | Update  129 | Steps: 264,192 | Episodes:   129 | EpReward:   700.38 | FPS:     35 | Actor Loss: 0.0001 | Critic Loss: 0.0009
2026-05-11 01:03:15,756 | INFO |   Env | HO: 76.13% | Cont: 88.34% | Task: 86.64% | Resolved: 99.99% | Delay: 2.369s | Energy: 17114.36J | LB: 0.249
2026-05-11 01:03:15,757 | INFO |   Reward | D: 6911.74 | E: 4879.83 | Q: 4117.20 | H: 770.84 | LB: -0.90 | Enq: 136.88 | Pen: -1718.00
2026-05-11 01:04:12,782 | INFO | Update  130 | Steps: 266,240 | Episodes:   130 | EpReward:   701.93 | FPS:     36 | Actor Loss: -0.0001 | Critic Loss: 0.0009
2026-05-11 01:04:12,782 | INFO |   Env | HO: 78.40% | Cont: 89.18% | Task: 87.00% | Resolved: 99.97% | Delay: 2.353s | Energy: 17226.30J | LB: 0.261
2026-05-11 01:04:12,782 | INFO |   Reward | D: 7043.72 | E: 4926.55 | Q: 4193.20 | H: 759.13 | LB: -1.44 | Enq: 135.06 | Pen: -1657.44
2026-05-11 01:05:17,518 | INFO | Update  131 | Steps: 268,288 | Episodes:   131 | EpReward:   703.72 | FPS:     32 | Actor Loss: -0.0003 | Critic Loss: 0.0010
2026-05-11 01:05:17,518 | INFO |   Env | HO: 78.81% | Cont: 89.41% | Task: 86.96% | Resolved: 99.96% | Delay: 2.365s | Energy: 17371.02J | LB: 0.263
2026-05-11 01:05:17,518 | INFO |   Reward | D: 7071.93 | E: 5002.76 | Q: 4253.60 | H: 752.06 | LB: -0.50 | Enq: 138.30 | Pen: -1622.09
2026-05-11 01:06:27,412 | INFO | Update  132 | Steps: 270,336 | Episodes:   132 | EpReward:   705.30 | FPS:     29 | Actor Loss: -0.0001 | Critic Loss: 0.0007
2026-05-11 01:06:27,412 | INFO |   Env | HO: 76.93% | Cont: 88.36% | Task: 86.95% | Resolved: 99.97% | Delay: 2.355s | Energy: 16585.26J | LB: 0.249
2026-05-11 01:06:27,412 | INFO |   Reward | D: 6931.10 | E: 4921.79 | Q: 4169.60 | H: 783.18 | LB: -1.60 | Enq: 136.43 | Pen: -1747.26
2026-05-11 01:07:35,222 | INFO | Update  133 | Steps: 272,384 | Episodes:   133 | EpReward:   706.85 | FPS:     30 | Actor Loss: 0.0004 | Critic Loss: 0.0011
2026-05-11 01:07:35,222 | INFO |   Env | HO: 77.28% | Cont: 87.64% | Task: 86.31% | Resolved: 99.98% | Delay: 2.367s | Energy: 16924.22J | LB: 0.251
2026-05-11 01:07:35,223 | INFO |   Reward | D: 7014.05 | E: 4984.69 | Q: 4156.40 | H: 838.09 | LB: -0.76 | Enq: 137.41 | Pen: -1850.27
2026-05-11 01:08:40,555 | INFO | Update  134 | Steps: 274,432 | Episodes:   134 | EpReward:   708.26 | FPS:     31 | Actor Loss: 0.0005 | Critic Loss: 0.0005
2026-05-11 01:08:40,559 | INFO |   Env | HO: 77.57% | Cont: 86.14% | Task: 86.17% | Resolved: 99.97% | Delay: 2.391s | Energy: 17496.58J | LB: 0.275
2026-05-11 01:08:40,560 | INFO |   Reward | D: 7016.38 | E: 4958.94 | Q: 4137.20 | H: 953.80 | LB: -1.73 | Enq: 138.53 | Pen: -2009.75
2026-05-11 01:09:45,145 | INFO | Update  135 | Steps: 276,480 | Episodes:   135 | EpReward:   709.41 | FPS:     32 | Actor Loss: 0.0001 | Critic Loss: 0.0013
2026-05-11 01:09:45,149 | INFO |   Env | HO: 77.00% | Cont: 86.24% | Task: 86.60% | Resolved: 99.99% | Delay: 2.376s | Energy: 16786.61J | LB: 0.249
2026-05-11 01:09:45,149 | INFO |   Reward | D: 6781.32 | E: 4883.74 | Q: 4109.20 | H: 933.80 | LB: -1.09 | Enq: 136.18 | Pen: -1978.11
2026-05-11 01:10:44,629 | INFO | Update  136 | Steps: 278,528 | Episodes:   136 | EpReward:   710.69 | FPS:     34 | Actor Loss: -0.0000 | Critic Loss: 0.0011
2026-05-11 01:10:44,629 | INFO |   Env | HO: 77.10% | Cont: 86.69% | Task: 86.85% | Resolved: 99.95% | Delay: 2.381s | Energy: 17634.40J | LB: 0.244
2026-05-11 01:10:44,629 | INFO |   Reward | D: 7076.93 | E: 5007.42 | Q: 4250.00 | H: 905.26 | LB: -1.27 | Enq: 137.64 | Pen: -1984.57
2026-05-11 01:11:37,270 | INFO | Update  137 | Steps: 280,576 | Episodes:   137 | EpReward:   711.94 | FPS:     39 | Actor Loss: -0.0001 | Critic Loss: 0.0011
2026-05-11 01:11:37,270 | INFO |   Env | HO: 77.39% | Cont: 86.15% | Task: 86.61% | Resolved: 99.98% | Delay: 2.372s | Energy: 17009.35J | LB: 0.245
2026-05-11 01:11:37,270 | INFO |   Reward | D: 6908.79 | E: 4948.43 | Q: 4164.00 | H: 948.02 | LB: -1.05 | Enq: 138.75 | Pen: -1982.33
2026-05-11 01:12:33,059 | INFO | Update  138 | Steps: 282,624 | Episodes:   138 | EpReward:   713.03 | FPS:     37 | Actor Loss: 0.0001 | Critic Loss: 0.0010
2026-05-11 01:12:33,059 | INFO |   Env | HO: 76.70% | Cont: 85.87% | Task: 86.26% | Resolved: 99.96% | Delay: 2.380s | Energy: 17319.33J | LB: 0.261
2026-05-11 01:12:33,059 | INFO |   Reward | D: 6899.51 | E: 4905.65 | Q: 4101.60 | H: 948.32 | LB: -0.56 | Enq: 136.76 | Pen: -2049.46
2026-05-11 01:13:42,877 | INFO | Update  139 | Steps: 284,672 | Episodes:   139 | EpReward:   714.08 | FPS:     29 | Actor Loss: -0.0003 | Critic Loss: 0.0010
2026-05-11 01:13:42,897 | INFO |   Env | HO: 76.82% | Cont: 84.68% | Task: 86.15% | Resolved: 99.94% | Delay: 2.377s | Energy: 17223.95J | LB: 0.264
2026-05-11 01:13:42,897 | INFO |   Reward | D: 6886.49 | E: 4937.04 | Q: 4108.40 | H: 1036.70 | LB: -1.06 | Enq: 136.73 | Pen: -2176.28
2026-05-11 01:14:49,530 | INFO | Update  140 | Steps: 286,720 | Episodes:   140 | EpReward:   715.19 | FPS:     31 | Actor Loss: 0.0003 | Critic Loss: 0.0010
2026-05-11 01:14:49,533 | INFO |   Env | HO: 77.14% | Cont: 84.78% | Task: 86.18% | Resolved: 99.98% | Delay: 2.382s | Energy: 17436.59J | LB: 0.256
2026-05-11 01:14:49,533 | INFO |   Reward | D: 6977.41 | E: 4966.94 | Q: 4141.60 | H: 1039.73 | LB: -2.24 | Enq: 137.48 | Pen: -2159.33
2026-05-11 01:15:44,215 | INFO | Update  141 | Steps: 288,768 | Episodes:   141 | EpReward:   716.13 | FPS:     37 | Actor Loss: 0.0001 | Critic Loss: 0.0009
2026-05-11 01:15:44,216 | INFO |   Env | HO: 77.48% | Cont: 83.45% | Task: 86.07% | Resolved: 99.96% | Delay: 2.405s | Energy: 17547.75J | LB: 0.260
2026-05-11 01:15:44,216 | INFO |   Reward | D: 6915.18 | E: 4964.89 | Q: 4138.40 | H: 1150.59 | LB: -1.67 | Enq: 139.00 | Pen: -2299.02
2026-05-11 01:16:48,219 | INFO | Update  142 | Steps: 290,816 | Episodes:   142 | EpReward:   717.07 | FPS:     32 | Actor Loss: 0.0003 | Critic Loss: 0.0009
2026-05-11 01:16:48,219 | INFO |   Env | HO: 76.49% | Cont: 84.14% | Task: 85.86% | Resolved: 99.95% | Delay: 2.384s | Energy: 17140.53J | LB: 0.253
2026-05-11 01:16:48,219 | INFO |   Reward | D: 6909.86 | E: 4978.40 | Q: 4106.80 | H: 1074.56 | LB: -2.11 | Enq: 139.37 | Pen: -2259.41
2026-05-11 01:18:00,810 | INFO | Update  143 | Steps: 292,864 | Episodes:   143 | EpReward:   718.02 | FPS:     28 | Actor Loss: 0.0002 | Critic Loss: 0.0009
2026-05-11 01:18:00,817 | INFO |   Env | HO: 77.28% | Cont: 85.16% | Task: 86.63% | Resolved: 99.97% | Delay: 2.384s | Energy: 17054.95J | LB: 0.264
2026-05-11 01:18:00,817 | INFO |   Reward | D: 6880.05 | E: 4947.80 | Q: 4160.40 | H: 1025.41 | LB: -0.75 | Enq: 139.05 | Pen: -2079.22
2026-05-11 01:19:09,567 | INFO | Update  144 | Steps: 294,912 | Episodes:   144 | EpReward:   718.82 | FPS:     30 | Actor Loss: 0.0000 | Critic Loss: 0.0009
2026-05-11 01:19:09,567 | INFO |   Env | HO: 76.73% | Cont: 85.60% | Task: 86.62% | Resolved: 99.96% | Delay: 2.385s | Energy: 17140.91J | LB: 0.240
2026-05-11 01:19:09,567 | INFO |   Reward | D: 6908.52 | E: 4923.56 | Q: 4148.40 | H: 976.14 | LB: -1.28 | Enq: 138.32 | Pen: -2055.27
2026-05-11 01:20:10,057 | INFO | Update  145 | Steps: 296,960 | Episodes:   145 | EpReward:   719.64 | FPS:     34 | Actor Loss: -0.0001 | Critic Loss: 0.0010
2026-05-11 01:20:10,058 | INFO |   Env | HO: 76.17% | Cont: 86.75% | Task: 86.43% | Resolved: 99.96% | Delay: 2.388s | Energy: 17261.81J | LB: 0.258
2026-05-11 01:20:10,058 | INFO |   Reward | D: 6933.73 | E: 4941.53 | Q: 4149.60 | H: 882.23 | LB: -1.60 | Enq: 140.53 | Pen: -1945.24
2026-05-11 01:21:15,676 | INFO | Update  146 | Steps: 299,008 | Episodes:   146 | EpReward:   720.56 | FPS:     31 | Actor Loss: -0.0000 | Critic Loss: 0.0010
2026-05-11 01:21:15,676 | INFO |   Env | HO: 77.56% | Cont: 86.77% | Task: 86.41% | Resolved: 99.96% | Delay: 2.372s | Energy: 17011.51J | LB: 0.246
2026-05-11 01:21:15,676 | INFO |   Reward | D: 6959.74 | E: 4960.05 | Q: 4153.60 | H: 916.40 | LB: -0.49 | Enq: 142.37 | Pen: -1894.51
2026-05-11 01:22:18,172 | INFO | Update  147 | Steps: 301,056 | Episodes:   147 | EpReward:   721.37 | FPS:     33 | Actor Loss: -0.0000 | Critic Loss: 0.0010
2026-05-11 01:22:18,172 | INFO |   Env | HO: 76.82% | Cont: 85.85% | Task: 86.21% | Resolved: 99.98% | Delay: 2.386s | Energy: 17091.67J | LB: 0.252
2026-05-11 01:22:18,172 | INFO |   Reward | D: 6943.95 | E: 5011.13 | Q: 4168.40 | H: 958.92 | LB: -1.82 | Enq: 140.59 | Pen: -2052.34
2026-05-11 01:22:18,172 | INFO | ----------------------------------------
2026-05-11 01:22:18,172 | INFO | 开始评估...
2026-05-11 01:27:52,889 | INFO | 评估结果: 奖励 = 793.18 ± 4.69, 长度 = 2000, 时延 = 2.229s, 能耗 = 173565.30J, 负载均衡 = 0.488
2026-05-11 01:27:52,899 | INFO | 新的最佳模型 (effective latency score): score = 0.2721, delay = 2.229s, completion = 88.93%, continuity = 98.82%, load_balance = 0.488
2026-05-11 01:27:52,959 | INFO | 模型已保存: /home/pjpjq/LEO_switch/results/baseline_compare/20260510_010757/learned_baselines/mappo_no_han/best_model.pt
2026-05-11 01:27:52,975 | INFO | ----------------------------------------
2026-05-11 01:29:00,587 | INFO | Update  148 | Steps: 303,104 | Episodes:   148 | EpReward:   722.19 | FPS:     30 | Actor Loss: -0.0001 | Critic Loss: 0.0009
2026-05-11 01:29:00,587 | INFO |   Env | HO: 77.20% | Cont: 86.57% | Task: 86.34% | Resolved: 100.00% | Delay: 2.388s | Energy: 17530.67J | LB: 0.242
2026-05-11 01:29:00,588 | INFO |   Reward | D: 7036.79 | E: 5025.17 | Q: 4208.40 | H: 917.19 | LB: -0.81 | Enq: 140.95 | Pen: -1978.82
2026-05-11 01:30:01,779 | INFO | Update  149 | Steps: 305,152 | Episodes:   149 | EpReward:   722.78 | FPS:     33 | Actor Loss: 0.0001 | Critic Loss: 0.0009
2026-05-11 01:30:01,779 | INFO |   Env | HO: 77.92% | Cont: 85.97% | Task: 86.56% | Resolved: 99.96% | Delay: 2.366s | Energy: 17079.07J | LB: 0.246
2026-05-11 01:30:01,779 | INFO |   Reward | D: 6985.01 | E: 4954.12 | Q: 4162.40 | H: 980.81 | LB: -0.71 | Enq: 140.58 | Pen: -1979.59
2026-05-11 01:31:03,639 | INFO | Update  150 | Steps: 307,200 | Episodes:   150 | EpReward:   723.40 | FPS:     33 | Actor Loss: 0.0001 | Critic Loss: 0.0010
2026-05-11 01:31:03,639 | INFO |   Env | HO: 77.65% | Cont: 85.87% | Task: 86.23% | Resolved: 99.96% | Delay: 2.379s | Energy: 17037.89J | LB: 0.247
2026-05-11 01:31:03,639 | INFO |   Reward | D: 6914.15 | E: 4962.12 | Q: 4134.00 | H: 977.70 | LB: -1.21 | Enq: 142.46 | Pen: -2022.46
2026-05-11 01:32:05,320 | INFO | Update  151 | Steps: 309,248 | Episodes:   151 | EpReward:   724.13 | FPS:     33 | Actor Loss: -0.0001 | Critic Loss: 0.0010
2026-05-11 01:32:05,324 | INFO |   Env | HO: 76.65% | Cont: 86.54% | Task: 86.25% | Resolved: 99.97% | Delay: 2.377s | Energy: 17389.95J | LB: 0.255
2026-05-11 01:32:05,324 | INFO |   Reward | D: 6971.06 | E: 4992.80 | Q: 4166.00 | H: 906.80 | LB: -0.86 | Enq: 141.83 | Pen: -1953.76
2026-05-11 01:32:57,143 | INFO | Update  152 | Steps: 311,296 | Episodes:   152 | EpReward:   724.89 | FPS:     40 | Actor Loss: 0.0001 | Critic Loss: 0.0010
2026-05-11 01:32:57,143 | INFO |   Env | HO: 78.72% | Cont: 88.07% | Task: 87.03% | Resolved: 99.94% | Delay: 2.366s | Energy: 17520.77J | LB: 0.253
2026-05-11 01:32:57,143 | INFO |   Reward | D: 7026.18 | E: 4990.77 | Q: 4254.00 | H: 842.72 | LB: -1.16 | Enq: 142.90 | Pen: -1733.68
2026-05-11 01:33:52,961 | INFO | Update  153 | Steps: 313,344 | Episodes:   153 | EpReward:   725.64 | FPS:     37 | Actor Loss: 0.0002 | Critic Loss: 0.0010
2026-05-11 01:33:52,961 | INFO |   Env | HO: 79.03% | Cont: 88.67% | Task: 86.80% | Resolved: 99.96% | Delay: 2.371s | Energy: 17852.36J | LB: 0.254
2026-05-11 01:33:52,961 | INFO |   Reward | D: 7081.68 | E: 4993.51 | Q: 4239.60 | H: 806.28 | LB: -1.13 | Enq: 140.63 | Pen: -1705.25
2026-05-11 01:34:52,013 | INFO | Update  154 | Steps: 315,392 | Episodes:   154 | EpReward:   726.23 | FPS:     35 | Actor Loss: 0.0003 | Critic Loss: 0.0011
2026-05-11 01:34:52,016 | INFO |   Env | HO: 77.97% | Cont: 87.48% | Task: 86.70% | Resolved: 99.97% | Delay: 2.381s | Energy: 17573.25J | LB: 0.249
2026-05-11 01:34:52,016 | INFO |   Reward | D: 7022.92 | E: 5000.27 | Q: 4228.80 | H: 869.26 | LB: -1.42 | Enq: 140.53 | Pen: -1856.73
2026-05-11 01:35:58,921 | INFO | Update  155 | Steps: 317,440 | Episodes:   155 | EpReward:   727.09 | FPS:     31 | Actor Loss: 0.0001 | Critic Loss: 0.0010
2026-05-11 01:35:58,921 | INFO |   Env | HO: 78.06% | Cont: 88.14% | Task: 87.19% | Resolved: 99.99% | Delay: 2.368s | Energy: 17212.81J | LB: 0.234
2026-05-11 01:35:58,921 | INFO |   Reward | D: 7007.11 | E: 4970.69 | Q: 4254.00 | H: 821.44 | LB: -1.47 | Enq: 141.51 | Pen: -1716.93
2026-05-11 01:36:56,809 | INFO | Update  156 | Steps: 319,488 | Episodes:   156 | EpReward:   727.81 | FPS:     35 | Actor Loss: 0.0002 | Critic Loss: 0.0009
2026-05-11 01:36:56,809 | INFO |   Env | HO: 77.52% | Cont: 87.51% | Task: 86.45% | Resolved: 99.99% | Delay: 2.368s | Energy: 17465.16J | LB: 0.258
2026-05-11 01:36:56,809 | INFO |   Reward | D: 6976.99 | E: 4974.99 | Q: 4176.40 | H: 864.54 | LB: -1.27 | Enq: 139.72 | Pen: -1835.22
2026-05-11 01:37:54,381 | INFO | Update  157 | Steps: 321,536 | Episodes:   157 | EpReward:   728.57 | FPS:     36 | Actor Loss: -0.0002 | Critic Loss: 0.0009
2026-05-11 01:37:54,382 | INFO |   Env | HO: 78.11% | Cont: 87.64% | Task: 85.78% | Resolved: 99.98% | Delay: 2.378s | Energy: 17630.09J | LB: 0.251
2026-05-11 01:37:54,382 | INFO |   Reward | D: 7036.25 | E: 5020.40 | Q: 4144.40 | H: 859.76 | LB: -0.54 | Enq: 143.39 | Pen: -1838.89
2026-05-11 01:39:03,428 | INFO | Update  158 | Steps: 323,584 | Episodes:   158 | EpReward:   729.25 | FPS:     30 | Actor Loss: -0.0001 | Critic Loss: 0.0010
2026-05-11 01:39:03,428 | INFO |   Env | HO: 77.60% | Cont: 88.07% | Task: 86.46% | Resolved: 99.98% | Delay: 2.368s | Energy: 17402.38J | LB: 0.247
2026-05-11 01:39:03,428 | INFO |   Reward | D: 6871.13 | E: 4935.50 | Q: 4152.00 | H: 821.15 | LB: -1.11 | Enq: 140.98 | Pen: -1757.27
2026-05-11 01:39:56,514 | INFO | Update  159 | Steps: 325,632 | Episodes:   159 | EpReward:   730.16 | FPS:     39 | Actor Loss: 0.0003 | Critic Loss: 0.0009
2026-05-11 01:39:56,520 | INFO |   Env | HO: 76.11% | Cont: 87.38% | Task: 86.51% | Resolved: 99.99% | Delay: 2.382s | Energy: 17405.22J | LB: 0.256
2026-05-11 01:39:56,520 | INFO |   Reward | D: 7016.22 | E: 4971.79 | Q: 4190.80 | H: 837.88 | LB: -1.04 | Enq: 141.69 | Pen: -1844.11
2026-05-11 01:41:05,623 | INFO | Update  160 | Steps: 327,680 | Episodes:   160 | EpReward:   730.89 | FPS:     30 | Actor Loss: 0.0000 | Critic Loss: 0.0010
2026-05-11 01:41:05,623 | INFO |   Env | HO: 77.58% | Cont: 88.15% | Task: 86.52% | Resolved: 99.98% | Delay: 2.373s | Energy: 17485.67J | LB: 0.246
2026-05-11 01:41:05,623 | INFO |   Reward | D: 6929.29 | E: 4955.37 | Q: 4168.80 | H: 812.56 | LB: -1.15 | Enq: 140.08 | Pen: -1782.92
2026-05-11 01:42:11,219 | INFO | Update  161 | Steps: 329,728 | Episodes:   161 | EpReward:   731.40 | FPS:     31 | Actor Loss: 0.0001 | Critic Loss: 0.0011
2026-05-11 01:42:11,219 | INFO |   Env | HO: 76.82% | Cont: 87.99% | Task: 85.92% | Resolved: 99.94% | Delay: 2.375s | Energy: 17615.00J | LB: 0.240
2026-05-11 01:42:11,219 | INFO |   Reward | D: 6952.56 | E: 4979.80 | Q: 4125.60 | H: 805.04 | LB: -0.73 | Enq: 142.96 | Pen: -1803.29
2026-05-11 01:43:02,237 | INFO | Update  162 | Steps: 331,776 | Episodes:   162 | EpReward:   731.96 | FPS:     40 | Actor Loss: -0.0003 | Critic Loss: 0.0009
2026-05-11 01:43:02,238 | INFO |   Env | HO: 76.63% | Cont: 88.67% | Task: 86.90% | Resolved: 99.93% | Delay: 2.357s | Energy: 17403.70J | LB: 0.250
2026-05-11 01:43:02,238 | INFO |   Reward | D: 7064.39 | E: 5003.45 | Q: 4248.80 | H: 750.44 | LB: -0.63 | Enq: 143.60 | Pen: -1703.43
2026-05-11 01:43:53,222 | INFO | Update  163 | Steps: 333,824 | Episodes:   163 | EpReward:   732.59 | FPS:     40 | Actor Loss: -0.0001 | Critic Loss: 0.0011
2026-05-11 01:43:53,227 | INFO |   Env | HO: 75.77% | Cont: 89.08% | Task: 86.11% | Resolved: 99.97% | Delay: 2.373s | Energy: 17376.66J | LB: 0.257
2026-05-11 01:43:53,227 | INFO |   Reward | D: 6887.41 | E: 4987.73 | Q: 4141.60 | H: 703.86 | LB: -0.84 | Enq: 143.10 | Pen: -1677.14
2026-05-11 01:44:47,112 | INFO | Update  164 | Steps: 335,872 | Episodes:   164 | EpReward:   733.22 | FPS:     38 | Actor Loss: -0.0000 | Critic Loss: 0.0009
2026-05-11 01:44:47,121 | INFO |   Env | HO: 77.71% | Cont: 89.67% | Task: 87.25% | Resolved: 99.97% | Delay: 2.356s | Energy: 17159.99J | LB: 0.239
2026-05-11 01:44:47,122 | INFO |   Reward | D: 7010.03 | E: 5020.80 | Q: 4288.00 | H: 696.36 | LB: -0.64 | Enq: 143.25 | Pen: -1574.33
2026-05-11 01:46:01,410 | INFO | Update  165 | Steps: 337,920 | Episodes:   165 | EpReward:   733.87 | FPS:     28 | Actor Loss: 0.0000 | Critic Loss: 0.0010
2026-05-11 01:46:01,411 | INFO |   Env | HO: 77.98% | Cont: 91.04% | Task: 87.41% | Resolved: 99.97% | Delay: 2.350s | Energy: 17328.57J | LB: 0.235
2026-05-11 01:46:01,411 | INFO |   Reward | D: 7097.03 | E: 4999.68 | Q: 4298.00 | H: 601.05 | LB: -0.00 | Enq: 141.19 | Pen: -1443.70
2026-05-11 01:47:10,133 | INFO | Update  166 | Steps: 339,968 | Episodes:   166 | EpReward:   734.36 | FPS:     30 | Actor Loss: 0.0001 | Critic Loss: 0.0011
2026-05-11 01:47:10,134 | INFO |   Env | HO: 78.55% | Cont: 91.28% | Task: 87.32% | Resolved: 99.97% | Delay: 2.348s | Energy: 17217.14J | LB: 0.247
2026-05-11 01:47:10,134 | INFO |   Reward | D: 7019.91 | E: 4965.40 | Q: 4258.40 | H: 593.22 | LB: -0.26 | Enq: 141.39 | Pen: -1393.48
2026-05-11 01:48:08,531 | INFO | Update  167 | Steps: 342,016 | Episodes:   167 | EpReward:   734.93 | FPS:     35 | Actor Loss: 0.0001 | Critic Loss: 0.0011
2026-05-11 01:48:08,531 | INFO |   Env | HO: 77.52% | Cont: 90.90% | Task: 87.01% | Resolved: 99.99% | Delay: 2.352s | Energy: 17315.48J | LB: 0.259
2026-05-11 01:48:08,532 | INFO |   Reward | D: 7099.17 | E: 5014.18 | Q: 4263.20 | H: 607.47 | LB: -0.80 | Enq: 141.86 | Pen: -1477.17
2026-05-11 01:49:02,939 | INFO | Update  168 | Steps: 344,064 | Episodes:   168 | EpReward:   735.66 | FPS:     38 | Actor Loss: 0.0003 | Critic Loss: 0.0009
2026-05-11 01:49:02,940 | INFO |   Env | HO: 76.71% | Cont: 91.12% | Task: 86.59% | Resolved: 99.99% | Delay: 2.356s | Energy: 17203.94J | LB: 0.267
2026-05-11 01:49:02,940 | INFO |   Reward | D: 7024.16 | E: 4990.64 | Q: 4196.80 | H: 583.31 | LB: -0.41 | Enq: 144.00 | Pen: -1451.03
2026-05-11 01:50:06,227 | INFO | Update  169 | Steps: 346,112 | Episodes:   169 | EpReward:   736.40 | FPS:     32 | Actor Loss: -0.0001 | Critic Loss: 0.0011
2026-05-11 01:50:06,227 | INFO |   Env | HO: 76.99% | Cont: 91.19% | Task: 86.97% | Resolved: 99.97% | Delay: 2.346s | Energy: 17452.92J | LB: 0.215
2026-05-11 01:50:06,227 | INFO |   Reward | D: 7114.15 | E: 4983.50 | Q: 4235.60 | H: 576.56 | LB: -0.54 | Enq: 142.36 | Pen: -1436.24
2026-05-11 01:51:12,624 | INFO | Update  170 | Steps: 348,160 | Episodes:   170 | EpReward:   737.27 | FPS:     31 | Actor Loss: -0.0004 | Critic Loss: 0.0009
2026-05-11 01:51:12,624 | INFO |   Env | HO: 78.06% | Cont: 91.90% | Task: 87.31% | Resolved: 99.99% | Delay: 2.365s | Energy: 17719.49J | LB: 0.252
2026-05-11 01:51:12,624 | INFO |   Reward | D: 7048.71 | E: 4952.02 | Q: 4263.60 | H: 542.50 | LB: 0.32 | Enq: 141.54 | Pen: -1346.71
2026-05-11 01:52:10,972 | INFO | Update  171 | Steps: 350,208 | Episodes:   171 | EpReward:   738.16 | FPS:     35 | Actor Loss: -0.0003 | Critic Loss: 0.0009
2026-05-11 01:52:10,972 | INFO |   Env | HO: 77.86% | Cont: 91.48% | Task: 86.93% | Resolved: 99.97% | Delay: 2.363s | Energy: 17263.54J | LB: 0.237
2026-05-11 01:52:10,972 | INFO |   Reward | D: 7001.69 | E: 4968.34 | Q: 4220.40 | H: 573.00 | LB: -0.41 | Enq: 141.29 | Pen: -1407.08
2026-05-11 01:53:08,939 | INFO | Update  172 | Steps: 352,256 | Episodes:   172 | EpReward:   739.23 | FPS:     35 | Actor Loss: 0.0004 | Critic Loss: 0.0011
2026-05-11 01:53:08,939 | INFO |   Env | HO: 79.44% | Cont: 92.38% | Task: 87.42% | Resolved: 99.99% | Delay: 2.347s | Energy: 17485.85J | LB: 0.260
2026-05-11 01:53:08,939 | INFO |   Reward | D: 7123.80 | E: 5021.06 | Q: 4321.60 | H: 528.80 | LB: -0.21 | Enq: 143.15 | Pen: -1281.95
2026-05-11 01:54:01,151 | INFO | Update  173 | Steps: 354,304 | Episodes:   173 | EpReward:   740.06 | FPS:     39 | Actor Loss: 0.0001 | Critic Loss: 0.0011
2026-05-11 01:54:01,151 | INFO |   Env | HO: 77.22% | Cont: 92.05% | Task: 86.52% | Resolved: 99.98% | Delay: 2.366s | Energy: 17645.38J | LB: 0.238
2026-05-11 01:54:01,151 | INFO |   Reward | D: 6929.98 | E: 4975.38 | Q: 4191.20 | H: 518.96 | LB: -0.50 | Enq: 142.90 | Pen: -1350.49
2026-05-11 01:55:11,134 | INFO | Update  174 | Steps: 356,352 | Episodes:   174 | EpReward:   740.94 | FPS:     29 | Actor Loss: -0.0003 | Critic Loss: 0.0009
2026-05-11 01:55:11,134 | INFO |   Env | HO: 76.43% | Cont: 92.62% | Task: 86.67% | Resolved: 99.99% | Delay: 2.345s | Energy: 17127.06J | LB: 0.265
2026-05-11 01:55:11,134 | INFO |   Reward | D: 6984.06 | E: 4958.12 | Q: 4177.60 | H: 464.58 | LB: -0.20 | Enq: 142.17 | Pen: -1286.43
2026-05-11 01:56:12,833 | INFO | Update  175 | Steps: 358,400 | Episodes:   175 | EpReward:   741.52 | FPS:     33 | Actor Loss: 0.0003 | Critic Loss: 0.0012
2026-05-11 01:56:12,833 | INFO |   Env | HO: 77.86% | Cont: 92.94% | Task: 87.18% | Resolved: 99.95% | Delay: 2.345s | Energy: 17007.95J | LB: 0.240
2026-05-11 01:56:12,833 | INFO |   Reward | D: 6955.83 | E: 4950.48 | Q: 4224.40 | H: 457.92 | LB: -0.52 | Enq: 141.50 | Pen: -1235.35
2026-05-11 01:57:08,830 | INFO | Update  176 | Steps: 360,448 | Episodes:   176 | EpReward:   742.27 | FPS:     37 | Actor Loss: -0.0001 | Critic Loss: 0.0011
2026-05-11 01:57:08,830 | INFO |   Env | HO: 77.27% | Cont: 93.58% | Task: 87.57% | Resolved: 99.97% | Delay: 2.345s | Energy: 17520.06J | LB: 0.240
2026-05-11 01:57:08,830 | INFO |   Reward | D: 7114.65 | E: 5030.48 | Q: 4343.20 | H: 404.24 | LB: -0.40 | Enq: 142.28 | Pen: -1186.97
2026-05-11 01:58:02,295 | INFO | Update  177 | Steps: 362,496 | Episodes:   177 | EpReward:   743.12 | FPS:     38 | Actor Loss: 0.0003 | Critic Loss: 0.0010
2026-05-11 01:58:02,295 | INFO |   Env | HO: 76.79% | Cont: 93.55% | Task: 87.51% | Resolved: 99.97% | Delay: 2.327s | Energy: 17241.03J | LB: 0.253
2026-05-11 01:58:02,295 | INFO |   Reward | D: 7168.03 | E: 5050.76 | Q: 4340.00 | H: 399.93 | LB: -0.51 | Enq: 142.47 | Pen: -1182.43
2026-05-11 01:58:56,235 | INFO | Update  178 | Steps: 364,544 | Episodes:   178 | EpReward:   743.81 | FPS:     38 | Actor Loss: -0.0001 | Critic Loss: 0.0013
2026-05-11 01:58:56,238 | INFO |   Env | HO: 77.18% | Cont: 93.71% | Task: 88.03% | Resolved: 99.99% | Delay: 2.333s | Energy: 16987.79J | LB: 0.232
2026-05-11 01:58:56,238 | INFO |   Reward | D: 7148.57 | E: 4990.09 | Q: 4346.80 | H: 392.41 | LB: -0.60 | Enq: 141.95 | Pen: -1156.37
2026-05-11 01:59:52,766 | INFO | Update  179 | Steps: 366,592 | Episodes:   179 | EpReward:   744.65 | FPS:     36 | Actor Loss: 0.0002 | Critic Loss: 0.0011
2026-05-11 01:59:52,770 | INFO |   Env | HO: 76.84% | Cont: 92.90% | Task: 88.07% | Resolved: 99.99% | Delay: 2.345s | Energy: 16929.05J | LB: 0.258
2026-05-11 01:59:52,770 | INFO |   Reward | D: 7090.91 | E: 5026.04 | Q: 4376.80 | H: 436.86 | LB: -0.26 | Enq: 144.64 | Pen: -1199.37
2026-05-11 02:00:54,644 | INFO | Update  180 | Steps: 368,640 | Episodes:   180 | EpReward:   745.33 | FPS:     33 | Actor Loss: -0.0001 | Critic Loss: 0.0011
2026-05-11 02:00:54,644 | INFO |   Env | HO: 76.18% | Cont: 93.87% | Task: 87.65% | Resolved: 99.98% | Delay: 2.336s | Energy: 17044.08J | LB: 0.234
2026-05-11 02:00:54,645 | INFO |   Reward | D: 7106.10 | E: 4981.04 | Q: 4300.80 | H: 361.65 | LB: -0.13 | Enq: 138.89 | Pen: -1154.50
2026-05-11 02:01:54,813 | INFO | Update  181 | Steps: 370,688 | Episodes:   181 | EpReward:   746.02 | FPS:     34 | Actor Loss: 0.0003 | Critic Loss: 0.0009
2026-05-11 02:01:54,817 | INFO |   Env | HO: 76.28% | Cont: 94.14% | Task: 87.56% | Resolved: 99.99% | Delay: 2.323s | Energy: 16921.22J | LB: 0.233
2026-05-11 02:01:54,817 | INFO |   Reward | D: 7056.08 | E: 4975.95 | Q: 4282.40 | H: 344.44 | LB: 0.31 | Enq: 139.49 | Pen: -1125.91
2026-05-11 02:02:56,621 | INFO | Update  182 | Steps: 372,736 | Episodes:   182 | EpReward:   746.69 | FPS:     33 | Actor Loss: 0.0003 | Critic Loss: 0.0011
2026-05-11 02:02:56,633 | INFO |   Env | HO: 77.58% | Cont: 94.66% | Task: 87.45% | Resolved: 99.98% | Delay: 2.320s | Energy: 16815.81J | LB: 0.239
2026-05-11 02:02:56,633 | INFO |   Reward | D: 7161.01 | E: 5022.17 | Q: 4301.20 | H: 316.16 | LB: -0.61 | Enq: 140.43 | Pen: -1064.67
2026-05-11 02:04:02,472 | INFO | Update  183 | Steps: 374,784 | Episodes:   183 | EpReward:   747.33 | FPS:     31 | Actor Loss: 0.0002 | Critic Loss: 0.0011
2026-05-11 02:04:02,479 | INFO |   Env | HO: 77.91% | Cont: 95.07% | Task: 87.80% | Resolved: 99.99% | Delay: 2.333s | Energy: 17219.02J | LB: 0.256
2026-05-11 02:04:02,479 | INFO |   Reward | D: 7147.43 | E: 4979.64 | Q: 4325.60 | H: 287.82 | LB: -0.39 | Enq: 139.60 | Pen: -1030.33
2026-05-11 02:05:19,604 | INFO | Update  184 | Steps: 376,832 | Episodes:   184 | EpReward:   747.90 | FPS:     27 | Actor Loss: 0.0004 | Critic Loss: 0.0009
2026-05-11 02:05:19,608 | INFO |   Env | HO: 77.57% | Cont: 95.01% | Task: 87.58% | Resolved: 99.99% | Delay: 2.315s | Energy: 17320.68J | LB: 0.225
2026-05-11 02:05:19,608 | INFO |   Reward | D: 7207.22 | E: 5014.41 | Q: 4330.00 | H: 292.25 | LB: -0.20 | Enq: 137.81 | Pen: -1082.06
2026-05-11 02:06:28,777 | INFO | Update  185 | Steps: 378,880 | Episodes:   185 | EpReward:   748.67 | FPS:     30 | Actor Loss: 0.0002 | Critic Loss: 0.0011
2026-05-11 02:06:28,777 | INFO |   Env | HO: 76.78% | Cont: 94.94% | Task: 87.95% | Resolved: 99.96% | Delay: 2.331s | Energy: 17299.20J | LB: 0.255
2026-05-11 02:06:28,777 | INFO |   Reward | D: 7127.39 | E: 4958.43 | Q: 4325.60 | H: 287.99 | LB: 0.14 | Enq: 140.19 | Pen: -1012.20
2026-05-11 02:07:22,895 | INFO | Update  186 | Steps: 380,928 | Episodes:   186 | EpReward:   749.16 | FPS:     38 | Actor Loss: 0.0002 | Critic Loss: 0.0010
2026-05-11 02:07:22,898 | INFO |   Env | HO: 75.71% | Cont: 95.32% | Task: 87.87% | Resolved: 99.97% | Delay: 2.332s | Energy: 17384.84J | LB: 0.261
2026-05-11 02:07:22,898 | INFO |   Reward | D: 7098.63 | E: 4973.44 | Q: 4330.00 | H: 257.02 | LB: -0.36 | Enq: 138.70 | Pen: -1015.28
2026-05-11 02:08:22,170 | INFO | Update  187 | Steps: 382,976 | Episodes:   187 | EpReward:   749.93 | FPS:     35 | Actor Loss: -0.0002 | Critic Loss: 0.0010
2026-05-11 02:08:22,174 | INFO |   Env | HO: 76.32% | Cont: 95.45% | Task: 88.39% | Resolved: 99.97% | Delay: 2.333s | Energy: 17781.72J | LB: 0.248
2026-05-11 02:08:22,174 | INFO |   Reward | D: 7277.18 | E: 5038.33 | Q: 4455.20 | H: 252.08 | LB: -0.47 | Enq: 140.66 | Pen: -995.84
2026-05-11 02:09:15,406 | INFO | Update  188 | Steps: 385,024 | Episodes:   188 | EpReward:   750.40 | FPS:     38 | Actor Loss: 0.0003 | Critic Loss: 0.0010
2026-05-11 02:09:15,406 | INFO |   Env | HO: 78.26% | Cont: 95.97% | Task: 88.12% | Resolved: 99.99% | Delay: 2.319s | Energy: 17397.23J | LB: 0.250
2026-05-11 02:09:15,406 | INFO |   Reward | D: 7202.66 | E: 4999.31 | Q: 4379.60 | H: 230.60 | LB: -0.24 | Enq: 138.15 | Pen: -971.06
2026-05-11 02:10:01,718 | INFO | Update  189 | Steps: 387,072 | Episodes:   189 | EpReward:   750.84 | FPS:     44 | Actor Loss: 0.0003 | Critic Loss: 0.0010
2026-05-11 02:10:01,725 | INFO |   Env | HO: 76.94% | Cont: 95.90% | Task: 87.99% | Resolved: 99.99% | Delay: 2.317s | Energy: 17249.45J | LB: 0.250
2026-05-11 02:10:01,725 | INFO |   Reward | D: 7171.60 | E: 4955.22 | Q: 4326.00 | H: 231.13 | LB: -0.72 | Enq: 137.90 | Pen: -953.07
2026-05-11 02:10:50,190 | INFO | Update  190 | Steps: 389,120 | Episodes:   190 | EpReward:   751.12 | FPS:     42 | Actor Loss: 0.0002 | Critic Loss: 0.0010
2026-05-11 02:10:50,190 | INFO |   Env | HO: 77.35% | Cont: 96.14% | Task: 87.97% | Resolved: 99.98% | Delay: 2.329s | Energy: 17534.56J | LB: 0.267
2026-05-11 02:10:50,190 | INFO |   Reward | D: 7195.63 | E: 4983.82 | Q: 4353.60 | H: 214.67 | LB: -0.19 | Enq: 137.05 | Pen: -949.04
2026-05-11 02:11:45,847 | INFO | Update  191 | Steps: 391,168 | Episodes:   191 | EpReward:   751.57 | FPS:     37 | Actor Loss: -0.0002 | Critic Loss: 0.0010
2026-05-11 02:11:45,847 | INFO |   Env | HO: 77.25% | Cont: 96.38% | Task: 88.20% | Resolved: 99.99% | Delay: 2.325s | Energy: 17537.82J | LB: 0.231
2026-05-11 02:11:45,847 | INFO |   Reward | D: 7341.89 | E: 5034.50 | Q: 4423.60 | H: 198.89 | LB: 0.29 | Enq: 137.13 | Pen: -952.67
2026-05-11 02:12:47,644 | INFO | Update  192 | Steps: 393,216 | Episodes:   192 | EpReward:   752.05 | FPS:     33 | Actor Loss: 0.0001 | Critic Loss: 0.0010
2026-05-11 02:12:47,662 | INFO |   Env | HO: 77.92% | Cont: 96.60% | Task: 88.08% | Resolved: 99.98% | Delay: 2.314s | Energy: 17412.70J | LB: 0.240
2026-05-11 02:12:47,662 | INFO |   Reward | D: 7218.34 | E: 5000.29 | Q: 4369.20 | H: 185.95 | LB: -0.38 | Enq: 139.80 | Pen: -864.84
2026-05-11 02:13:42,277 | INFO | Update  193 | Steps: 395,264 | Episodes:   193 | EpReward:   752.50 | FPS:     37 | Actor Loss: -0.0000 | Critic Loss: 0.0010
2026-05-11 02:13:42,277 | INFO |   Env | HO: 79.62% | Cont: 96.67% | Task: 87.95% | Resolved: 99.99% | Delay: 2.310s | Energy: 17157.89J | LB: 0.232
2026-05-11 02:13:42,277 | INFO |   Reward | D: 7207.32 | E: 5006.48 | Q: 4360.80 | H: 191.46 | LB: 0.08 | Enq: 139.11 | Pen: -873.29
2026-05-11 02:14:47,621 | INFO | Update  194 | Steps: 397,312 | Episodes:   194 | EpReward:   752.92 | FPS:     31 | Actor Loss: 0.0002 | Critic Loss: 0.0010
2026-05-11 02:14:47,621 | INFO |   Env | HO: 76.42% | Cont: 96.65% | Task: 87.92% | Resolved: 99.99% | Delay: 2.304s | Energy: 17679.50J | LB: 0.244
2026-05-11 02:14:47,621 | INFO |   Reward | D: 7303.85 | E: 5019.22 | Q: 4372.40 | H: 180.09 | LB: -0.27 | Enq: 135.73 | Pen: -903.01
2026-05-11 02:15:43,416 | INFO | Update  195 | Steps: 399,360 | Episodes:   195 | EpReward:   753.23 | FPS:     37 | Actor Loss: 0.0002 | Critic Loss: 0.0010
2026-05-11 02:15:43,416 | INFO |   Env | HO: 75.23% | Cont: 96.66% | Task: 88.17% | Resolved: 99.98% | Delay: 2.328s | Energy: 17723.18J | LB: 0.229
2026-05-11 02:15:43,416 | INFO |   Reward | D: 7143.78 | E: 4951.87 | Q: 4354.80 | H: 173.65 | LB: -0.12 | Enq: 136.12 | Pen: -880.98
2026-05-11 02:16:45,003 | INFO | Update  196 | Steps: 401,408 | Episodes:   196 | EpReward:   753.62 | FPS:     33 | Actor Loss: 0.0003 | Critic Loss: 0.0008
2026-05-11 02:16:45,007 | INFO |   Env | HO: 78.29% | Cont: 96.90% | Task: 88.56% | Resolved: 99.99% | Delay: 2.311s | Energy: 17303.49J | LB: 0.249
2026-05-11 02:16:45,007 | INFO |   Reward | D: 7163.14 | E: 4949.52 | Q: 4384.00 | H: 169.57 | LB: -0.02 | Enq: 135.99 | Pen: -839.32
2026-05-11 02:16:45,007 | INFO | ----------------------------------------
2026-05-11 02:16:45,007 | INFO | 开始评估...
2026-05-11 02:22:44,672 | INFO | 评估结果: 奖励 = 795.36 ± 5.14, 长度 = 2000, 时延 = 2.238s, 能耗 = 177281.07J, 负载均衡 = 0.488
2026-05-11 02:22:44,672 | INFO | 新的最佳奖励: 795.36
2026-05-11 02:22:44,672 | INFO | ----------------------------------------
2026-05-11 02:22:44,693 | INFO | 模型已保存: /home/pjpjq/LEO_switch/results/baseline_compare/20260510_010757/learned_baselines/mappo_no_han/checkpoint_401408.pt
2026-05-11 02:23:35,731 | INFO | Update  197 | Steps: 403,456 | Episodes:   197 | EpReward:   753.94 | FPS:     40 | Actor Loss: 0.0000 | Critic Loss: 0.0010
2026-05-11 02:23:35,732 | INFO |   Env | HO: 76.22% | Cont: 96.62% | Task: 87.90% | Resolved: 100.00% | Delay: 2.313s | Energy: 17673.01J | LB: 0.249
2026-05-11 02:23:35,732 | INFO |   Reward | D: 7222.82 | E: 4960.68 | Q: 4334.00 | H: 179.44 | LB: -0.07 | Enq: 133.94 | Pen: -923.51
2026-05-11 02:24:34,614 | INFO | Update  198 | Steps: 405,504 | Episodes:   198 | EpReward:   754.44 | FPS:     35 | Actor Loss: -0.0003 | Critic Loss: 0.0009
2026-05-11 02:24:34,614 | INFO |   Env | HO: 75.97% | Cont: 96.75% | Task: 87.85% | Resolved: 99.99% | Delay: 2.321s | Energy: 17631.24J | LB: 0.197
2026-05-11 02:24:34,614 | INFO |   Reward | D: 7199.57 | E: 5007.95 | Q: 4359.20 | H: 169.51 | LB: -0.27 | Enq: 138.72 | Pen: -870.85
2026-05-11 02:25:30,752 | INFO | Update  199 | Steps: 407,552 | Episodes:   199 | EpReward:   754.74 | FPS:     36 | Actor Loss: 0.0000 | Critic Loss: 0.0009
2026-05-11 02:25:30,756 | INFO |   Env | HO: 77.13% | Cont: 97.00% | Task: 87.72% | Resolved: 99.99% | Delay: 2.312s | Energy: 17628.44J | LB: 0.249
2026-05-11 02:25:30,756 | INFO |   Reward | D: 7272.66 | E: 5004.46 | Q: 4344.40 | H: 157.02 | LB: -0.32 | Enq: 135.97 | Pen: -909.70
2026-05-11 02:26:15,995 | INFO | Update  200 | Steps: 409,600 | Episodes:   200 | EpReward:   755.03 | FPS:     45 | Actor Loss: -0.0001 | Critic Loss: 0.0010
2026-05-11 02:26:15,995 | INFO |   Env | HO: 75.65% | Cont: 97.11% | Task: 88.01% | Resolved: 99.99% | Delay: 2.318s | Energy: 17467.24J | LB: 0.261
2026-05-11 02:26:15,995 | INFO |   Reward | D: 7155.27 | E: 4910.91 | Q: 4298.80 | H: 141.48 | LB: -0.70 | Enq: 135.30 | Pen: -854.96
2026-05-11 02:27:07,359 | INFO | Update  201 | Steps: 411,648 | Episodes:   201 | EpReward:   755.46 | FPS:     40 | Actor Loss: -0.0000 | Critic Loss: 0.0009
2026-05-11 02:27:07,360 | INFO |   Env | HO: 77.45% | Cont: 97.07% | Task: 87.91% | Resolved: 99.98% | Delay: 2.314s | Energy: 17783.53J | LB: 0.247
2026-05-11 02:27:07,360 | INFO |   Reward | D: 7188.84 | E: 4975.46 | Q: 4348.40 | H: 155.35 | LB: -0.32 | Enq: 135.84 | Pen: -885.02
2026-05-11 02:28:09,319 | INFO | Update  202 | Steps: 413,696 | Episodes:   202 | EpReward:   755.70 | FPS:     33 | Actor Loss: -0.0000 | Critic Loss: 0.0009
2026-05-11 02:28:09,319 | INFO |   Env | HO: 77.68% | Cont: 97.29% | Task: 88.31% | Resolved: 99.99% | Delay: 2.307s | Energy: 17430.37J | LB: 0.251
2026-05-11 02:28:09,319 | INFO |   Reward | D: 7126.74 | E: 4904.79 | Q: 4327.20 | H: 140.06 | LB: -0.14 | Enq: 133.63 | Pen: -825.16
2026-05-11 02:29:13,945 | INFO | Update  203 | Steps: 415,744 | Episodes:   203 | EpReward:   756.05 | FPS:     32 | Actor Loss: 0.0001 | Critic Loss: 0.0009
2026-05-11 02:29:13,945 | INFO |   Env | HO: 77.90% | Cont: 97.14% | Task: 88.05% | Resolved: 99.99% | Delay: 2.316s | Energy: 18025.02J | LB: 0.277
2026-05-11 02:29:13,945 | INFO |   Reward | D: 7237.97 | E: 5022.60 | Q: 4404.40 | H: 151.73 | LB: -0.45 | Enq: 137.38 | Pen: -872.72
2026-05-11 02:30:07,570 | INFO | Update  204 | Steps: 417,792 | Episodes:   204 | EpReward:   756.46 | FPS:     38 | Actor Loss: 0.0002 | Critic Loss: 0.0010
2026-05-11 02:30:07,571 | INFO |   Env | HO: 79.54% | Cont: 97.13% | Task: 88.26% | Resolved: 99.98% | Delay: 2.317s | Energy: 18051.94J | LB: 0.227
2026-05-11 02:30:07,571 | INFO |   Reward | D: 7241.78 | E: 4974.85 | Q: 4396.00 | H: 161.11 | LB: 0.15 | Enq: 138.05 | Pen: -825.37
2026-05-11 02:31:08,622 | INFO | Update  205 | Steps: 419,840 | Episodes:   205 | EpReward:   756.93 | FPS:     34 | Actor Loss: 0.0001 | Critic Loss: 0.0010
2026-05-11 02:31:08,622 | INFO |   Env | HO: 75.96% | Cont: 97.04% | Task: 87.84% | Resolved: 99.98% | Delay: 2.311s | Energy: 17815.51J | LB: 0.267
2026-05-11 02:31:08,622 | INFO |   Reward | D: 7223.23 | E: 4995.78 | Q: 4357.20 | H: 150.73 | LB: -0.14 | Enq: 138.15 | Pen: -866.87
2026-05-11 02:32:05,287 | INFO | Update  206 | Steps: 421,888 | Episodes:   206 | EpReward:   757.37 | FPS:     36 | Actor Loss: 0.0003 | Critic Loss: 0.0011
2026-05-11 02:32:05,287 | INFO |   Env | HO: 76.76% | Cont: 97.30% | Task: 88.21% | Resolved: 100.00% | Delay: 2.331s | Energy: 18574.61J | LB: 0.292
2026-05-11 02:32:05,287 | INFO |   Reward | D: 7241.77 | E: 4924.62 | Q: 4367.60 | H: 134.38 | LB: -0.34 | Enq: 133.82 | Pen: -849.85
2026-05-11 02:33:11,730 | INFO | Update  207 | Steps: 423,936 | Episodes:   207 | EpReward:   757.77 | FPS:     31 | Actor Loss: 0.0001 | Critic Loss: 0.0010
2026-05-11 02:33:11,734 | INFO |   Env | HO: 75.49% | Cont: 97.18% | Task: 87.80% | Resolved: 99.99% | Delay: 2.319s | Energy: 18089.72J | LB: 0.270
2026-05-11 02:33:11,734 | INFO |   Reward | D: 7169.04 | E: 4947.21 | Q: 4324.80 | H: 138.27 | LB: -0.05 | Enq: 135.38 | Pen: -838.49
2026-05-11 02:34:03,918 | INFO | Update  208 | Steps: 425,984 | Episodes:   208 | EpReward:   758.18 | FPS:     39 | Actor Loss: 0.0003 | Critic Loss: 0.0011
2026-05-11 02:34:03,918 | INFO |   Env | HO: 76.27% | Cont: 97.44% | Task: 88.06% | Resolved: 99.97% | Delay: 2.308s | Energy: 17851.91J | LB: 0.235
2026-05-11 02:34:03,918 | INFO |   Reward | D: 7178.18 | E: 4955.92 | Q: 4347.20 | H: 121.29 | LB: -0.07 | Enq: 139.82 | Pen: -755.40
2026-05-11 02:34:48,391 | INFO | Update  209 | Steps: 428,032 | Episodes:   209 | EpReward:   758.53 | FPS:     46 | Actor Loss: 0.0002 | Critic Loss: 0.0010
2026-05-11 02:34:48,392 | INFO |   Env | HO: 76.51% | Cont: 97.49% | Task: 88.14% | Resolved: 99.99% | Delay: 2.315s | Energy: 18385.54J | LB: 0.271
2026-05-11 02:34:48,392 | INFO |   Reward | D: 7318.05 | E: 4989.78 | Q: 4407.60 | H: 120.23 | LB: -0.21 | Enq: 137.06 | Pen: -834.08
2026-05-11 02:35:35,308 | INFO | Update  210 | Steps: 430,080 | Episodes:   210 | EpReward:   758.94 | FPS:     44 | Actor Loss: -0.0000 | Critic Loss: 0.0011
2026-05-11 02:35:35,308 | INFO |   Env | HO: 77.81% | Cont: 97.67% | Task: 88.71% | Resolved: 99.99% | Delay: 2.296s | Energy: 17919.95J | LB: 0.260
2026-05-11 02:35:35,308 | INFO |   Reward | D: 7264.70 | E: 4941.60 | Q: 4411.60 | H: 109.77 | LB: -0.60 | Enq: 135.51 | Pen: -773.01
2026-05-11 02:36:33,147 | INFO | Update  211 | Steps: 432,128 | Episodes:   211 | EpReward:   759.31 | FPS:     35 | Actor Loss: 0.0001 | Critic Loss: 0.0009
2026-05-11 02:36:33,148 | INFO |   Env | HO: 76.48% | Cont: 97.61% | Task: 88.07% | Resolved: 99.99% | Delay: 2.323s | Energy: 18390.83J | LB: 0.252
2026-05-11 02:36:33,148 | INFO |   Reward | D: 7300.77 | E: 4997.57 | Q: 4398.80 | H: 110.53 | LB: 0.27 | Enq: 135.18 | Pen: -847.93
2026-05-11 02:37:39,107 | INFO | Update  212 | Steps: 434,176 | Episodes:   212 | EpReward:   759.76 | FPS:     31 | Actor Loss: -0.0001 | Critic Loss: 0.0010
2026-05-11 02:37:39,107 | INFO |   Env | HO: 80.99% | Cont: 97.59% | Task: 87.96% | Resolved: 99.98% | Delay: 2.308s | Energy: 17863.95J | LB: 0.274
2026-05-11 02:37:39,107 | INFO |   Reward | D: 7212.02 | E: 5009.84 | Q: 4384.00 | H: 123.63 | LB: 0.09 | Enq: 136.29 | Pen: -827.11
2026-05-11 02:38:36,588 | INFO | Update  213 | Steps: 436,224 | Episodes:   213 | EpReward:   760.08 | FPS:     36 | Actor Loss: 0.0002 | Critic Loss: 0.0009
2026-05-11 02:38:36,588 | INFO |   Env | HO: 77.55% | Cont: 97.62% | Task: 88.04% | Resolved: 99.97% | Delay: 2.322s | Energy: 17777.77J | LB: 0.247
2026-05-11 02:38:36,588 | INFO |   Reward | D: 7161.95 | E: 4945.01 | Q: 4339.60 | H: 106.43 | LB: -0.01 | Enq: 136.31 | Pen: -799.08
2026-05-11 02:39:29,913 | INFO | Update  214 | Steps: 438,272 | Episodes:   214 | EpReward:   760.43 | FPS:     38 | Actor Loss: 0.0001 | Critic Loss: 0.0010
2026-05-11 02:39:29,913 | INFO |   Env | HO: 76.50% | Cont: 97.44% | Task: 88.60% | Resolved: 100.00% | Delay: 2.315s | Energy: 17969.66J | LB: 0.241
2026-05-11 02:39:29,913 | INFO |   Reward | D: 7256.56 | E: 4965.21 | Q: 4422.00 | H: 118.93 | LB: -0.01 | Enq: 136.79 | Pen: -822.68
2026-05-11 02:40:18,079 | INFO | Update  215 | Steps: 440,320 | Episodes:   215 | EpReward:   760.67 | FPS:     43 | Actor Loss: 0.0003 | Critic Loss: 0.0010
2026-05-11 02:40:18,080 | INFO |   Env | HO: 75.77% | Cont: 97.48% | Task: 88.19% | Resolved: 99.98% | Delay: 2.314s | Energy: 17838.51J | LB: 0.286
2026-05-11 02:40:18,080 | INFO |   Reward | D: 7248.79 | E: 5017.26 | Q: 4416.00 | H: 114.37 | LB: -0.20 | Enq: 137.24 | Pen: -835.82
2026-05-11 02:41:14,840 | INFO | Update  216 | Steps: 442,368 | Episodes:   216 | EpReward:   761.05 | FPS:     36 | Actor Loss: 0.0001 | Critic Loss: 0.0010
2026-05-11 02:41:14,840 | INFO |   Env | HO: 78.40% | Cont: 97.66% | Task: 88.11% | Resolved: 99.99% | Delay: 2.312s | Energy: 17938.51J | LB: 0.286
2026-05-11 02:41:14,840 | INFO |   Reward | D: 7302.81 | E: 4999.66 | Q: 4398.40 | H: 108.47 | LB: -0.23 | Enq: 134.28 | Pen: -854.37
2026-05-11 02:42:26,383 | INFO | Update  217 | Steps: 444,416 | Episodes:   217 | EpReward:   761.04 | FPS:     29 | Actor Loss: 0.0002 | Critic Loss: 0.0009
2026-05-11 02:42:26,384 | INFO |   Env | HO: 80.00% | Cont: 97.64% | Task: 87.94% | Resolved: 99.97% | Delay: 2.311s | Energy: 17283.09J | LB: 0.269
2026-05-11 02:42:26,384 | INFO |   Reward | D: 7011.47 | E: 4889.12 | Q: 4267.20 | H: 113.41 | LB: -0.12 | Enq: 136.03 | Pen: -783.25
2026-05-11 02:43:31,929 | INFO | Update  218 | Steps: 446,464 | Episodes:   218 | EpReward:   761.19 | FPS:     31 | Actor Loss: 0.0001 | Critic Loss: 0.0009
2026-05-11 02:43:31,929 | INFO |   Env | HO: 73.31% | Cont: 97.34% | Task: 88.14% | Resolved: 99.99% | Delay: 2.330s | Energy: 17942.58J | LB: 0.240
2026-05-11 02:43:31,929 | INFO |   Reward | D: 7125.20 | E: 4963.10 | Q: 4365.60 | H: 116.89 | LB: -0.12 | Enq: 138.00 | Pen: -837.80
2026-05-11 02:44:26,294 | INFO | Update  219 | Steps: 448,512 | Episodes:   219 | EpReward:   761.37 | FPS:     38 | Actor Loss: 0.0002 | Critic Loss: 0.0010
2026-05-11 02:44:26,294 | INFO |   Env | HO: 77.51% | Cont: 97.41% | Task: 87.79% | Resolved: 99.99% | Delay: 2.307s | Energy: 17704.53J | LB: 0.242
2026-05-11 02:44:26,294 | INFO |   Reward | D: 7184.86 | E: 5002.62 | Q: 4353.60 | H: 124.67 | LB: -0.32 | Enq: 137.77 | Pen: -838.41
2026-05-11 02:45:10,510 | INFO | Update  220 | Steps: 450,560 | Episodes:   220 | EpReward:   761.69 | FPS:     46 | Actor Loss: 0.0002 | Critic Loss: 0.0009
2026-05-11 02:45:10,510 | INFO |   Env | HO: 74.09% | Cont: 97.20% | Task: 87.80% | Resolved: 99.99% | Delay: 2.318s | Energy: 17917.29J | LB: 0.225
2026-05-11 02:45:10,510 | INFO |   Reward | D: 7168.43 | E: 5012.51 | Q: 4366.00 | H: 127.23 | LB: -0.35 | Enq: 141.08 | Pen: -843.10
2026-05-11 02:46:13,880 | INFO | Update  221 | Steps: 452,608 | Episodes:   221 | EpReward:   761.91 | FPS:     32 | Actor Loss: 0.0003 | Critic Loss: 0.0011
2026-05-11 02:46:13,881 | INFO |   Env | HO: 76.50% | Cont: 97.43% | Task: 88.09% | Resolved: 99.98% | Delay: 2.324s | Energy: 17903.83J | LB: 0.259
2026-05-11 02:46:13,881 | INFO |   Reward | D: 7192.17 | E: 4992.76 | Q: 4386.00 | H: 123.09 | LB: -0.06 | Enq: 138.01 | Pen: -807.90
2026-05-11 02:47:14,935 | INFO | Update  222 | Steps: 454,656 | Episodes:   222 | EpReward:   762.18 | FPS:     34 | Actor Loss: 0.0003 | Critic Loss: 0.0011
2026-05-11 02:47:14,939 | INFO |   Env | HO: 75.27% | Cont: 97.47% | Task: 88.61% | Resolved: 99.97% | Delay: 2.318s | Energy: 18303.90J | LB: 0.243
2026-05-11 02:47:14,939 | INFO |   Reward | D: 7287.89 | E: 4985.04 | Q: 4450.00 | H: 117.32 | LB: -0.29 | Enq: 136.20 | Pen: -833.73
2026-05-11 02:48:09,915 | INFO | Update  223 | Steps: 456,704 | Episodes:   223 | EpReward:   762.50 | FPS:     37 | Actor Loss: -0.0000 | Critic Loss: 0.0011
2026-05-11 02:48:09,918 | INFO |   Env | HO: 76.30% | Cont: 97.34% | Task: 87.77% | Resolved: 100.00% | Delay: 2.317s | Energy: 18186.59J | LB: 0.215
2026-05-11 02:48:09,918 | INFO |   Reward | D: 7245.74 | E: 4993.34 | Q: 4357.20 | H: 129.69 | LB: 0.03 | Enq: 138.76 | Pen: -867.26
2026-05-11 02:49:09,054 | INFO | Update  224 | Steps: 458,752 | Episodes:   224 | EpReward:   762.78 | FPS:     35 | Actor Loss: 0.0002 | Critic Loss: 0.0010
2026-05-11 02:49:09,057 | INFO |   Env | HO: 75.26% | Cont: 97.52% | Task: 88.34% | Resolved: 99.99% | Delay: 2.306s | Energy: 18189.05J | LB: 0.273
2026-05-11 02:49:09,057 | INFO |   Reward | D: 7163.23 | E: 4976.84 | Q: 4404.40 | H: 107.96 | LB: -0.16 | Enq: 138.20 | Pen: -787.76
2026-05-11 02:50:07,076 | INFO | Update  225 | Steps: 460,800 | Episodes:   225 | EpReward:   763.06 | FPS:     35 | Actor Loss: 0.0001 | Critic Loss: 0.0009
2026-05-11 02:50:07,081 | INFO |   Env | HO: 77.31% | Cont: 97.81% | Task: 88.18% | Resolved: 99.99% | Delay: 2.310s | Energy: 18502.92J | LB: 0.283
2026-05-11 02:50:07,081 | INFO |   Reward | D: 7211.43 | E: 4947.48 | Q: 4378.00 | H: 92.43 | LB: -0.31 | Enq: 136.89 | Pen: -768.96
2026-05-11 02:51:18,285 | INFO | Update  226 | Steps: 462,848 | Episodes:   226 | EpReward:   763.44 | FPS:     29 | Actor Loss: 0.0001 | Critic Loss: 0.0008
2026-05-11 02:51:18,286 | INFO |   Env | HO: 77.36% | Cont: 97.77% | Task: 88.42% | Resolved: 99.99% | Delay: 2.314s | Energy: 18569.23J | LB: 0.260
2026-05-11 02:51:18,286 | INFO |   Reward | D: 7303.09 | E: 4966.03 | Q: 4422.40 | H: 89.97 | LB: -0.05 | Enq: 137.41 | Pen: -773.31
2026-05-11 02:52:14,548 | INFO | Update  227 | Steps: 464,896 | Episodes:   227 | EpReward:   763.69 | FPS:     36 | Actor Loss: 0.0002 | Critic Loss: 0.0012
2026-05-11 02:52:14,557 | INFO |   Env | HO: 75.84% | Cont: 97.77% | Task: 88.17% | Resolved: 100.00% | Delay: 2.318s | Energy: 18834.57J | LB: 0.297
2026-05-11 02:52:14,557 | INFO |   Reward | D: 7268.77 | E: 4967.02 | Q: 4412.40 | H: 85.41 | LB: -0.43 | Enq: 135.45 | Pen: -814.86
2026-05-11 02:53:10,439 | INFO | Update  228 | Steps: 466,944 | Episodes:   228 | EpReward:   763.99 | FPS:     37 | Actor Loss: -0.0001 | Critic Loss: 0.0010
2026-05-11 02:53:10,439 | INFO |   Env | HO: 76.81% | Cont: 97.99% | Task: 88.15% | Resolved: 99.99% | Delay: 2.321s | Energy: 18971.14J | LB: 0.264
2026-05-11 02:53:10,439 | INFO |   Reward | D: 7259.31 | E: 4940.35 | Q: 4383.20 | H: 81.76 | LB: -0.13 | Enq: 133.33 | Pen: -826.77
2026-05-11 02:53:56,122 | INFO | Update  229 | Steps: 468,992 | Episodes:   229 | EpReward:   764.45 | FPS:     45 | Actor Loss: 0.0005 | Critic Loss: 0.0011
2026-05-11 02:53:56,125 | INFO |   Env | HO: 75.60% | Cont: 98.00% | Task: 88.72% | Resolved: 99.99% | Delay: 2.315s | Energy: 18769.52J | LB: 0.281
2026-05-11 02:53:56,125 | INFO |   Reward | D: 7251.31 | E: 4939.62 | Q: 4438.40 | H: 77.70 | LB: -0.06 | Enq: 135.51 | Pen: -756.69
2026-05-11 02:54:47,305 | INFO | Update  230 | Steps: 471,040 | Episodes:   230 | EpReward:   764.74 | FPS:     40 | Actor Loss: 0.0003 | Critic Loss: 0.0009
2026-05-11 02:54:47,310 | INFO |   Env | HO: 75.86% | Cont: 98.00% | Task: 88.14% | Resolved: 99.98% | Delay: 2.319s | Energy: 18772.68J | LB: 0.256
2026-05-11 02:54:47,311 | INFO |   Reward | D: 7253.57 | E: 4960.29 | Q: 4392.40 | H: 79.28 | LB: -0.21 | Enq: 134.52 | Pen: -796.63
2026-05-11 02:55:51,207 | INFO | Update  231 | Steps: 473,088 | Episodes:   231 | EpReward:   764.99 | FPS:     32 | Actor Loss: 0.0005 | Critic Loss: 0.0010
2026-05-11 02:55:51,207 | INFO |   Env | HO: 78.12% | Cont: 97.95% | Task: 88.15% | Resolved: 99.99% | Delay: 2.313s | Energy: 18739.73J | LB: 0.266
2026-05-11 02:55:51,207 | INFO |   Reward | D: 7281.41 | E: 5012.52 | Q: 4428.00 | H: 89.55 | LB: -0.18 | Enq: 136.93 | Pen: -800.57
2026-05-11 02:56:42,477 | INFO | Update  232 | Steps: 475,136 | Episodes:   232 | EpReward:   765.39 | FPS:     40 | Actor Loss: 0.0004 | Critic Loss: 0.0008
2026-05-11 02:56:42,478 | INFO |   Env | HO: 77.40% | Cont: 97.87% | Task: 88.24% | Resolved: 99.98% | Delay: 2.316s | Energy: 18399.12J | LB: 0.300
2026-05-11 02:56:42,478 | INFO |   Reward | D: 7237.96 | E: 4914.44 | Q: 4362.00 | H: 89.65 | LB: -0.15 | Enq: 135.50 | Pen: -771.74
2026-05-11 02:57:33,878 | INFO | Update  233 | Steps: 477,184 | Episodes:   233 | EpReward:   765.83 | FPS:     40 | Actor Loss: 0.0003 | Critic Loss: 0.0010
2026-05-11 02:57:33,878 | INFO |   Env | HO: 76.47% | Cont: 97.94% | Task: 88.08% | Resolved: 100.00% | Delay: 2.313s | Energy: 18855.86J | LB: 0.246
2026-05-11 02:57:33,878 | INFO |   Reward | D: 7316.32 | E: 4998.97 | Q: 4417.60 | H: 83.02 | LB: -0.24 | Enq: 136.29 | Pen: -824.72
2026-05-11 02:58:37,850 | INFO | Update  234 | Steps: 479,232 | Episodes:   234 | EpReward:   766.20 | FPS:     32 | Actor Loss: 0.0001 | Critic Loss: 0.0010
2026-05-11 02:58:37,850 | INFO |   Env | HO: 76.85% | Cont: 97.97% | Task: 88.34% | Resolved: 99.99% | Delay: 2.304s | Energy: 18485.42J | LB: 0.221
2026-05-11 02:58:37,851 | INFO |   Reward | D: 7243.48 | E: 4900.18 | Q: 4362.80 | H: 75.41 | LB: 0.01 | Enq: 133.18 | Pen: -791.72
2026-05-11 02:59:30,850 | INFO | Update  235 | Steps: 481,280 | Episodes:   235 | EpReward:   766.74 | FPS:     39 | Actor Loss: 0.0003 | Critic Loss: 0.0008
2026-05-11 02:59:30,851 | INFO |   Env | HO: 78.06% | Cont: 97.94% | Task: 88.46% | Resolved: 99.99% | Delay: 2.316s | Energy: 19044.31J | LB: 0.323
2026-05-11 02:59:30,851 | INFO |   Reward | D: 7266.26 | E: 4924.23 | Q: 4406.40 | H: 91.31 | LB: -0.39 | Enq: 131.24 | Pen: -852.96
2026-05-11 03:00:38,871 | INFO | Update  236 | Steps: 483,328 | Episodes:   236 | EpReward:   767.00 | FPS:     30 | Actor Loss: -0.0000 | Critic Loss: 0.0009
2026-05-11 03:00:38,871 | INFO |   Env | HO: 78.54% | Cont: 97.84% | Task: 88.25% | Resolved: 99.99% | Delay: 2.319s | Energy: 18469.29J | LB: 0.234
2026-05-11 03:00:38,871 | INFO |   Reward | D: 7161.68 | E: 4909.65 | Q: 4355.20 | H: 94.60 | LB: -0.20 | Enq: 136.53 | Pen: -784.81
2026-05-11 03:01:45,631 | INFO | Update  237 | Steps: 485,376 | Episodes:   237 | EpReward:   767.48 | FPS:     31 | Actor Loss: 0.0002 | Critic Loss: 0.0009
2026-05-11 03:01:45,631 | INFO |   Env | HO: 79.17% | Cont: 98.06% | Task: 88.55% | Resolved: 99.99% | Delay: 2.306s | Energy: 18399.09J | LB: 0.301
2026-05-11 03:01:45,632 | INFO |   Reward | D: 7267.95 | E: 4948.04 | Q: 4413.60 | H: 83.47 | LB: 0.03 | Enq: 136.11 | Pen: -751.03
2026-05-11 03:02:45,450 | INFO | Update  238 | Steps: 487,424 | Episodes:   238 | EpReward:   768.07 | FPS:     34 | Actor Loss: 0.0001 | Critic Loss: 0.0008
2026-05-11 03:02:45,450 | INFO |   Env | HO: 79.92% | Cont: 98.18% | Task: 88.91% | Resolved: 99.99% | Delay: 2.297s | Energy: 18253.26J | LB: 0.268
2026-05-11 03:02:45,450 | INFO |   Reward | D: 7278.78 | E: 4937.87 | Q: 4444.00 | H: 77.81 | LB: -0.23 | Enq: 133.97 | Pen: -755.29
2026-05-11 03:03:47,066 | INFO | Update  239 | Steps: 489,472 | Episodes:   239 | EpReward:   768.59 | FPS:     33 | Actor Loss: 0.0002 | Critic Loss: 0.0009
2026-05-11 03:03:47,070 | INFO |   Env | HO: 76.70% | Cont: 97.97% | Task: 88.28% | Resolved: 99.98% | Delay: 2.303s | Energy: 18272.97J | LB: 0.239
2026-05-11 03:03:47,070 | INFO |   Reward | D: 7277.67 | E: 4947.88 | Q: 4384.00 | H: 85.67 | LB: -0.44 | Enq: 134.31 | Pen: -798.00
2026-05-11 03:04:37,578 | INFO | Update  240 | Steps: 491,520 | Episodes:   240 | EpReward:   768.93 | FPS:     41 | Actor Loss: 0.0003 | Critic Loss: 0.0009
2026-05-11 03:04:37,585 | INFO |   Env | HO: 76.31% | Cont: 98.14% | Task: 88.25% | Resolved: 99.99% | Delay: 2.302s | Energy: 18363.18J | LB: 0.252
2026-05-11 03:04:37,585 | INFO |   Reward | D: 7152.92 | E: 4893.07 | Q: 4336.40 | H: 75.28 | LB: 0.20 | Enq: 131.06 | Pen: -788.14
2026-05-11 03:05:37,636 | INFO | Update  241 | Steps: 493,568 | Episodes:   241 | EpReward:   769.44 | FPS:     34 | Actor Loss: 0.0001 | Critic Loss: 0.0011
2026-05-11 03:05:37,637 | INFO |   Env | HO: 75.98% | Cont: 98.07% | Task: 88.54% | Resolved: 99.99% | Delay: 2.305s | Energy: 18664.20J | LB: 0.308
2026-05-11 03:05:37,637 | INFO |   Reward | D: 7305.68 | E: 4928.63 | Q: 4410.80 | H: 77.04 | LB: -0.16 | Enq: 132.89 | Pen: -811.24
2026-05-11 03:06:30,009 | INFO | Update  242 | Steps: 495,616 | Episodes:   242 | EpReward:   769.90 | FPS:     39 | Actor Loss: 0.0006 | Critic Loss: 0.0011
2026-05-11 03:06:30,009 | INFO |   Env | HO: 76.54% | Cont: 98.04% | Task: 87.99% | Resolved: 99.99% | Delay: 2.311s | Energy: 18500.27J | LB: 0.236
2026-05-11 03:06:30,009 | INFO |   Reward | D: 7199.47 | E: 4917.19 | Q: 4335.20 | H: 82.81 | LB: -0.21 | Enq: 134.78 | Pen: -788.97
2026-05-11 03:07:18,171 | INFO | Update  243 | Steps: 497,664 | Episodes:   243 | EpReward:   770.25 | FPS:     43 | Actor Loss: 0.0005 | Critic Loss: 0.0010
2026-05-11 03:07:18,175 | INFO |   Env | HO: 78.91% | Cont: 97.99% | Task: 88.17% | Resolved: 100.00% | Delay: 2.302s | Energy: 18095.65J | LB: 0.278
2026-05-11 03:07:18,175 | INFO |   Reward | D: 7153.05 | E: 4876.17 | Q: 4309.60 | H: 92.04 | LB: -0.20 | Enq: 134.28 | Pen: -751.37
2026-05-11 03:08:26,766 | INFO | Update  244 | Steps: 499,712 | Episodes:   244 | EpReward:   770.69 | FPS:     30 | Actor Loss: 0.0004 | Critic Loss: 0.0009
2026-05-11 03:08:26,767 | INFO |   Env | HO: 79.36% | Cont: 98.20% | Task: 88.27% | Resolved: 99.99% | Delay: 2.294s | Energy: 18584.18J | LB: 0.254
2026-05-11 03:08:26,767 | INFO |   Reward | D: 7285.34 | E: 4954.63 | Q: 4393.20 | H: 74.89 | LB: -0.42 | Enq: 132.25 | Pen: -823.78
2026-05-11 03:09:36,767 | INFO | Update  245 | Steps: 501,760 | Episodes:   245 | EpReward:   771.25 | FPS:     29 | Actor Loss: 0.0002 | Critic Loss: 0.0010
2026-05-11 03:09:36,767 | INFO |   Env | HO: 79.78% | Cont: 98.27% | Task: 88.81% | Resolved: 99.99% | Delay: 2.291s | Energy: 18426.96J | LB: 0.251
2026-05-11 03:09:36,767 | INFO |   Reward | D: 7347.06 | E: 4994.52 | Q: 4478.00 | H: 70.13 | LB: -0.19 | Enq: 135.79 | Pen: -763.99
2026-05-11 03:09:36,767 | INFO | ----------------------------------------
2026-05-11 03:09:36,767 | INFO | 开始评估...
2026-05-11 03:15:40,072 | INFO | 评估结果: 奖励 = 795.44 ± 7.52, 长度 = 2000, 时延 = 2.248s, 能耗 = 183275.41J, 负载均衡 = 0.488
2026-05-11 03:15:40,072 | INFO | 新的最佳奖励: 795.44
2026-05-11 03:15:40,072 | INFO | ----------------------------------------
2026-05-11 03:16:37,983 | INFO | Update  246 | Steps: 503,808 | Episodes:   246 | EpReward:   771.58 | FPS:     35 | Actor Loss: 0.0001 | Critic Loss: 0.0009
2026-05-11 03:16:37,983 | INFO |   Env | HO: 75.67% | Cont: 98.26% | Task: 88.60% | Resolved: 99.98% | Delay: 2.295s | Energy: 18153.54J | LB: 0.235
2026-05-11 03:16:37,983 | INFO |   Reward | D: 7180.29 | E: 4907.06 | Q: 4382.40 | H: 64.45 | LB: -0.21 | Enq: 130.75 | Pen: -768.66
2026-05-11 03:17:36,983 | INFO | Update  247 | Steps: 505,856 | Episodes:   247 | EpReward:   772.08 | FPS:     35 | Actor Loss: -0.0001 | Critic Loss: 0.0009
2026-05-11 03:17:36,983 | INFO |   Env | HO: 79.05% | Cont: 98.27% | Task: 88.38% | Resolved: 99.98% | Delay: 2.298s | Energy: 18777.66J | LB: 0.301
2026-05-11 03:17:36,983 | INFO |   Reward | D: 7356.18 | E: 4986.89 | Q: 4434.00 | H: 69.46 | LB: 0.15 | Enq: 132.16 | Pen: -810.71
2026-05-11 03:18:24,339 | INFO | Update  248 | Steps: 507,904 | Episodes:   248 | EpReward:   772.41 | FPS:     43 | Actor Loss: 0.0002 | Critic Loss: 0.0010
2026-05-11 03:18:24,339 | INFO |   Env | HO: 76.82% | Cont: 98.29% | Task: 87.95% | Resolved: 99.98% | Delay: 2.298s | Energy: 18519.37J | LB: 0.285
2026-05-11 03:18:24,339 | INFO |   Reward | D: 7303.03 | E: 4983.23 | Q: 4381.20 | H: 63.91 | LB: 0.08 | Enq: 133.36 | Pen: -825.64
2026-05-11 03:19:10,682 | INFO | Update  249 | Steps: 509,952 | Episodes:   249 | EpReward:   772.90 | FPS:     44 | Actor Loss: 0.0006 | Critic Loss: 0.0010
2026-05-11 03:19:10,682 | INFO |   Env | HO: 78.93% | Cont: 98.32% | Task: 88.21% | Resolved: 99.99% | Delay: 2.295s | Energy: 18852.41J | LB: 0.241
2026-05-11 03:19:10,682 | INFO |   Reward | D: 7433.79 | E: 5013.90 | Q: 4440.00 | H: 61.51 | LB: -0.00 | Enq: 132.59 | Pen: -850.66
2026-05-11 03:20:12,702 | INFO | Update  250 | Steps: 512,000 | Episodes:   250 | EpReward:   773.38 | FPS:     33 | Actor Loss: 0.0000 | Critic Loss: 0.0009
2026-05-11 03:20:12,702 | INFO |   Env | HO: 76.32% | Cont: 98.21% | Task: 88.85% | Resolved: 99.98% | Delay: 2.301s | Energy: 18754.65J | LB: 0.335
2026-05-11 03:20:12,703 | INFO |   Reward | D: 7348.10 | E: 4939.41 | Q: 4457.60 | H: 65.68 | LB: -0.36 | Enq: 133.38 | Pen: -796.20
2026-05-11 03:21:04,195 | INFO | Update  251 | Steps: 514,048 | Episodes:   251 | EpReward:   773.82 | FPS:     40 | Actor Loss: -0.0000 | Critic Loss: 0.0009
2026-05-11 03:21:04,195 | INFO |   Env | HO: 78.44% | Cont: 98.29% | Task: 88.60% | Resolved: 99.99% | Delay: 2.301s | Energy: 18831.65J | LB: 0.296
2026-05-11 03:21:04,199 | INFO |   Reward | D: 7345.68 | E: 4928.73 | Q: 4421.20 | H: 66.05 | LB: -0.27 | Enq: 132.28 | Pen: -807.05
2026-05-11 03:21:55,710 | INFO | Update  252 | Steps: 516,096 | Episodes:   252 | EpReward:   774.03 | FPS:     40 | Actor Loss: 0.0000 | Critic Loss: 0.0010
2026-05-11 03:21:55,710 | INFO |   Env | HO: 75.45% | Cont: 98.28% | Task: 88.23% | Resolved: 100.00% | Delay: 2.290s | Energy: 18574.81J | LB: 0.346
2026-05-11 03:21:55,710 | INFO |   Reward | D: 7258.72 | E: 4905.41 | Q: 4345.60 | H: 62.40 | LB: 0.07 | Enq: 129.72 | Pen: -838.22
2026-05-11 03:22:51,776 | INFO | Update  253 | Steps: 518,144 | Episodes:   253 | EpReward:   774.27 | FPS:     37 | Actor Loss: 0.0001 | Critic Loss: 0.0010
2026-05-11 03:22:51,776 | INFO |   Env | HO: 79.12% | Cont: 98.42% | Task: 88.65% | Resolved: 99.98% | Delay: 2.301s | Energy: 18832.32J | LB: 0.353
2026-05-11 03:22:51,776 | INFO |   Reward | D: 7342.74 | E: 4933.98 | Q: 4429.20 | H: 57.95 | LB: -0.18 | Enq: 128.35 | Pen: -818.80
2026-05-11 03:23:42,249 | INFO | Update  254 | Steps: 520,192 | Episodes:   254 | EpReward:   774.43 | FPS:     41 | Actor Loss: 0.0007 | Critic Loss: 0.0010
2026-05-11 03:23:42,249 | INFO |   Env | HO: 81.09% | Cont: 98.43% | Task: 88.66% | Resolved: 99.99% | Delay: 2.296s | Energy: 18334.46J | LB: 0.245
2026-05-11 03:23:42,249 | INFO |   Reward | D: 7140.76 | E: 4839.82 | Q: 4339.60 | H: 58.59 | LB: 0.10 | Enq: 133.22 | Pen: -722.62
2026-05-11 03:24:38,256 | INFO | Update  255 | Steps: 522,240 | Episodes:   255 | EpReward:   774.79 | FPS:     37 | Actor Loss: -0.0001 | Critic Loss: 0.0010
2026-05-11 03:24:38,265 | INFO |   Env | HO: 74.75% | Cont: 98.35% | Task: 88.78% | Resolved: 99.99% | Delay: 2.296s | Energy: 18891.41J | LB: 0.290
2026-05-11 03:24:38,266 | INFO |   Reward | D: 7386.38 | E: 4988.74 | Q: 4485.20 | H: 56.44 | LB: -0.38 | Enq: 133.23 | Pen: -802.66
2026-05-11 03:25:40,062 | INFO | Update  256 | Steps: 524,288 | Episodes:   256 | EpReward:   775.14 | FPS:     33 | Actor Loss: 0.0000 | Critic Loss: 0.0010
2026-05-11 03:25:40,062 | INFO |   Env | HO: 80.87% | Cont: 98.43% | Task: 88.89% | Resolved: 99.99% | Delay: 2.294s | Energy: 18876.10J | LB: 0.293
2026-05-11 03:25:40,062 | INFO |   Reward | D: 7299.33 | E: 4924.16 | Q: 4450.00 | H: 58.90 | LB: -0.56 | Enq: 130.10 | Pen: -802.22
2026-05-11 03:26:33,362 | INFO | Update  257 | Steps: 526,336 | Episodes:   257 | EpReward:   775.31 | FPS:     38 | Actor Loss: 0.0004 | Critic Loss: 0.0009
2026-05-11 03:26:33,363 | INFO |   Env | HO: 73.99% | Cont: 98.18% | Task: 88.02% | Resolved: 99.99% | Delay: 2.301s | Energy: 18594.98J | LB: 0.322
2026-05-11 03:26:33,363 | INFO |   Reward | D: 7137.60 | E: 4890.72 | Q: 4320.40 | H: 61.27 | LB: -0.17 | Enq: 131.18 | Pen: -819.43
2026-05-11 03:27:19,929 | INFO | Update  258 | Steps: 528,384 | Episodes:   258 | EpReward:   775.73 | FPS:     44 | Actor Loss: 0.0003 | Critic Loss: 0.0010
2026-05-11 03:27:19,929 | INFO |   Env | HO: 79.09% | Cont: 98.24% | Task: 88.64% | Resolved: 99.98% | Delay: 2.303s | Energy: 19332.61J | LB: 0.344
2026-05-11 03:27:19,929 | INFO |   Reward | D: 7314.84 | E: 4909.50 | Q: 4426.00 | H: 68.59 | LB: -0.34 | Enq: 129.38 | Pen: -838.25
2026-05-11 03:28:14,921 | INFO | Update  259 | Steps: 530,432 | Episodes:   259 | EpReward:   776.05 | FPS:     37 | Actor Loss: 0.0002 | Critic Loss: 0.0009
2026-05-11 03:28:14,937 | INFO |   Env | HO: 77.55% | Cont: 98.12% | Task: 88.64% | Resolved: 99.99% | Delay: 2.296s | Energy: 18850.82J | LB: 0.293
2026-05-11 03:28:14,937 | INFO |   Reward | D: 7234.39 | E: 4905.17 | Q: 4403.60 | H: 76.25 | LB: -0.48 | Enq: 132.45 | Pen: -795.09
2026-05-11 03:29:12,131 | INFO | Update  260 | Steps: 532,480 | Episodes:   260 | EpReward:   776.44 | FPS:     36 | Actor Loss: 0.0002 | Critic Loss: 0.0009
2026-05-11 03:29:12,136 | INFO |   Env | HO: 75.23% | Cont: 98.05% | Task: 88.61% | Resolved: 99.99% | Delay: 2.302s | Energy: 18957.04J | LB: 0.275
2026-05-11 03:29:12,136 | INFO |   Reward | D: 7239.30 | E: 4895.32 | Q: 4399.60 | H: 75.45 | LB: -0.22 | Enq: 133.60 | Pen: -787.53
2026-05-11 03:30:16,472 | INFO | Update  261 | Steps: 534,528 | Episodes:   261 | EpReward:   776.80 | FPS:     32 | Actor Loss: 0.0004 | Critic Loss: 0.0009
2026-05-11 03:30:16,472 | INFO |   Env | HO: 74.26% | Cont: 98.13% | Task: 88.53% | Resolved: 99.99% | Delay: 2.303s | Energy: 19469.36J | LB: 0.298
2026-05-11 03:30:16,472 | INFO |   Reward | D: 7323.51 | E: 4917.63 | Q: 4424.00 | H: 69.34 | LB: -0.32 | Enq: 131.48 | Pen: -859.81
2026-05-11 03:31:03,453 | INFO | Update  262 | Steps: 536,576 | Episodes:   262 | EpReward:   777.01 | FPS:     44 | Actor Loss: 0.0002 | Critic Loss: 0.0009
2026-05-11 03:31:03,453 | INFO |   Env | HO: 76.97% | Cont: 98.27% | Task: 88.68% | Resolved: 99.99% | Delay: 2.302s | Energy: 19038.62J | LB: 0.317
2026-05-11 03:31:03,453 | INFO |   Reward | D: 7259.70 | E: 4910.95 | Q: 4422.40 | H: 65.20 | LB: -0.21 | Enq: 132.07 | Pen: -783.05
2026-05-11 03:31:53,713 | INFO | Update  263 | Steps: 538,624 | Episodes:   263 | EpReward:   777.40 | FPS:     41 | Actor Loss: -0.0001 | Critic Loss: 0.0011
2026-05-11 03:31:53,713 | INFO |   Env | HO: 76.21% | Cont: 98.35% | Task: 88.22% | Resolved: 99.99% | Delay: 2.310s | Energy: 19397.52J | LB: 0.313
2026-05-11 03:31:53,713 | INFO |   Reward | D: 7251.80 | E: 4927.43 | Q: 4397.60 | H: 58.19 | LB: -0.16 | Enq: 134.27 | Pen: -785.05
2026-05-11 03:32:44,587 | INFO | Update  264 | Steps: 540,672 | Episodes:   264 | EpReward:   777.60 | FPS:     40 | Actor Loss: 0.0002 | Critic Loss: 0.0010
2026-05-11 03:32:44,598 | INFO |   Env | HO: 76.18% | Cont: 98.40% | Task: 88.59% | Resolved: 99.98% | Delay: 2.308s | Energy: 19478.73J | LB: 0.344
2026-05-11 03:32:44,598 | INFO |   Reward | D: 7291.68 | E: 4916.05 | Q: 4432.80 | H: 54.34 | LB: -0.13 | Enq: 131.12 | Pen: -818.35
2026-05-11 03:33:51,148 | INFO | Update  265 | Steps: 542,720 | Episodes:   265 | EpReward:   777.80 | FPS:     31 | Actor Loss: 0.0001 | Critic Loss: 0.0010
2026-05-11 03:33:51,152 | INFO |   Env | HO: 77.71% | Cont: 98.49% | Task: 88.37% | Resolved: 99.97% | Delay: 2.297s | Energy: 19233.77J | LB: 0.285
2026-05-11 03:33:51,152 | INFO |   Reward | D: 7345.63 | E: 4966.07 | Q: 4436.00 | H: 50.93 | LB: -0.16 | Enq: 134.25 | Pen: -788.77
2026-05-11 03:34:45,566 | INFO | Update  266 | Steps: 544,768 | Episodes:   266 | EpReward:   778.02 | FPS:     38 | Actor Loss: 0.0001 | Critic Loss: 0.0009
2026-05-11 03:34:45,602 | INFO |   Env | HO: 81.09% | Cont: 98.59% | Task: 88.52% | Resolved: 99.99% | Delay: 2.307s | Energy: 19533.89J | LB: 0.379
2026-05-11 03:34:45,602 | INFO |   Reward | D: 7306.13 | E: 4912.24 | Q: 4416.40 | H: 47.43 | LB: -0.11 | Enq: 130.67 | Pen: -804.85
2026-05-11 03:35:35,527 | INFO | Update  267 | Steps: 546,816 | Episodes:   267 | EpReward:   778.22 | FPS:     41 | Actor Loss: -0.0001 | Critic Loss: 0.0008
2026-05-11 03:35:35,527 | INFO |   Env | HO: 77.85% | Cont: 98.58% | Task: 88.45% | Resolved: 99.99% | Delay: 2.300s | Energy: 19574.65J | LB: 0.392
2026-05-11 03:35:35,527 | INFO |   Reward | D: 7346.33 | E: 4957.81 | Q: 4451.20 | H: 44.60 | LB: -0.07 | Enq: 129.41 | Pen: -852.95
2026-05-11 03:36:23,519 | INFO | Update  268 | Steps: 548,864 | Episodes:   268 | EpReward:   778.49 | FPS:     43 | Actor Loss: 0.0003 | Critic Loss: 0.0010
2026-05-11 03:36:23,520 | INFO |   Env | HO: 75.61% | Cont: 98.59% | Task: 88.45% | Resolved: 99.99% | Delay: 2.294s | Energy: 19665.59J | LB: 0.364
2026-05-11 03:36:23,520 | INFO |   Reward | D: 7421.63 | E: 4916.64 | Q: 4419.60 | H: 41.00 | LB: -0.29 | Enq: 127.99 | Pen: -834.44
2026-05-11 03:37:20,314 | INFO | Update  269 | Steps: 550,912 | Episodes:   269 | EpReward:   778.67 | FPS:     36 | Actor Loss: 0.0002 | Critic Loss: 0.0009
2026-05-11 03:37:20,314 | INFO |   Env | HO: 77.29% | Cont: 98.61% | Task: 88.64% | Resolved: 99.99% | Delay: 2.304s | Energy: 19675.48J | LB: 0.373
2026-05-11 03:37:20,314 | INFO |   Reward | D: 7277.91 | E: 4881.78 | Q: 4413.60 | H: 39.54 | LB: -0.23 | Enq: 130.55 | Pen: -793.93
2026-05-11 03:38:09,124 | INFO | Update  270 | Steps: 552,960 | Episodes:   270 | EpReward:   778.83 | FPS:     42 | Actor Loss: 0.0005 | Critic Loss: 0.0009
2026-05-11 03:38:09,124 | INFO |   Env | HO: 76.68% | Cont: 98.53% | Task: 88.36% | Resolved: 99.96% | Delay: 2.318s | Energy: 20260.12J | LB: 0.405
2026-05-11 03:38:09,124 | INFO |   Reward | D: 7358.19 | E: 4901.31 | Q: 4418.00 | H: 45.08 | LB: -0.26 | Enq: 128.35 | Pen: -854.87
2026-05-11 03:39:13,039 | INFO | Update  271 | Steps: 555,008 | Episodes:   271 | EpReward:   779.04 | FPS:     32 | Actor Loss: 0.0003 | Critic Loss: 0.0012
2026-05-11 03:39:13,040 | INFO |   Env | HO: 77.52% | Cont: 98.48% | Task: 88.31% | Resolved: 99.99% | Delay: 2.316s | Energy: 19987.15J | LB: 0.322
2026-05-11 03:39:13,040 | INFO |   Reward | D: 7242.49 | E: 4909.31 | Q: 4406.00 | H: 50.62 | LB: -0.13 | Enq: 132.30 | Pen: -801.90
2026-05-11 03:40:14,285 | INFO | Update  272 | Steps: 557,056 | Episodes:   272 | EpReward:   779.05 | FPS:     33 | Actor Loss: 0.0003 | Critic Loss: 0.0009
2026-05-11 03:40:14,285 | INFO |   Env | HO: 77.99% | Cont: 98.54% | Task: 88.36% | Resolved: 99.99% | Delay: 2.315s | Energy: 19935.86J | LB: 0.323
2026-05-11 03:40:14,285 | INFO |   Reward | D: 7218.24 | E: 4899.37 | Q: 4405.20 | H: 46.49 | LB: -0.38 | Enq: 130.47 | Pen: -814.19
2026-05-11 03:41:12,116 | INFO | Update  273 | Steps: 559,104 | Episodes:   273 | EpReward:   779.33 | FPS:     35 | Actor Loss: -0.0001 | Critic Loss: 0.0010
2026-05-11 03:41:12,117 | INFO |   Env | HO: 83.39% | Cont: 98.60% | Task: 88.42% | Resolved: 99.98% | Delay: 2.311s | Energy: 19988.15J | LB: 0.327
2026-05-11 03:41:12,117 | INFO |   Reward | D: 7250.59 | E: 4904.47 | Q: 4417.60 | H: 49.11 | LB: -0.10 | Enq: 132.84 | Pen: -782.32
2026-05-11 03:42:05,905 | INFO | Update  274 | Steps: 561,152 | Episodes:   274 | EpReward:   779.51 | FPS:     38 | Actor Loss: -0.0001 | Critic Loss: 0.0008
2026-05-11 03:42:05,905 | INFO |   Env | HO: 76.80% | Cont: 98.54% | Task: 88.43% | Resolved: 99.99% | Delay: 2.310s | Energy: 19676.03J | LB: 0.329
2026-05-11 03:42:05,905 | INFO |   Reward | D: 7130.47 | E: 4862.16 | Q: 4376.80 | H: 45.77 | LB: -0.22 | Enq: 131.30 | Pen: -769.10
2026-05-11 03:43:11,305 | INFO | Update  275 | Steps: 563,200 | Episodes:   275 | EpReward:   779.69 | FPS:     31 | Actor Loss: 0.0002 | Critic Loss: 0.0008
2026-05-11 03:43:11,306 | INFO |   Env | HO: 79.86% | Cont: 98.64% | Task: 87.90% | Resolved: 99.99% | Delay: 2.320s | Energy: 20174.75J | LB: 0.375
2026-05-11 03:43:11,306 | INFO |   Reward | D: 7221.36 | E: 4866.61 | Q: 4339.20 | H: 41.80 | LB: -0.32 | Enq: 130.16 | Pen: -799.48
2026-05-11 03:44:06,363 | INFO | Update  276 | Steps: 565,248 | Episodes:   276 | EpReward:   779.72 | FPS:     37 | Actor Loss: 0.0004 | Critic Loss: 0.0011
2026-05-11 03:44:06,363 | INFO |   Env | HO: 78.80% | Cont: 98.68% | Task: 88.74% | Resolved: 99.99% | Delay: 2.323s | Energy: 20270.81J | LB: 0.353
2026-05-11 03:44:06,364 | INFO |   Reward | D: 7201.64 | E: 4850.87 | Q: 4420.80 | H: 37.13 | LB: -0.24 | Enq: 130.99 | Pen: -746.99
2026-05-11 03:44:58,738 | INFO | Update  277 | Steps: 567,296 | Episodes:   277 | EpReward:   779.73 | FPS:     39 | Actor Loss: 0.0003 | Critic Loss: 0.0009
2026-05-11 03:44:58,741 | INFO |   Env | HO: 74.81% | Cont: 98.65% | Task: 88.23% | Resolved: 99.99% | Delay: 2.322s | Energy: 20407.11J | LB: 0.333
2026-05-11 03:44:58,741 | INFO |   Reward | D: 7250.40 | E: 4923.32 | Q: 4426.00 | H: 36.23 | LB: -0.24 | Enq: 131.80 | Pen: -817.82
2026-05-11 03:45:58,077 | INFO | Update  278 | Steps: 569,344 | Episodes:   278 | EpReward:   779.80 | FPS:     35 | Actor Loss: 0.0002 | Critic Loss: 0.0009
2026-05-11 03:45:58,077 | INFO |   Env | HO: 79.45% | Cont: 98.74% | Task: 88.91% | Resolved: 99.99% | Delay: 2.319s | Energy: 20302.20J | LB: 0.382
2026-05-11 03:45:58,077 | INFO |   Reward | D: 7339.81 | E: 4875.51 | Q: 4460.40 | H: 32.72 | LB: -0.11 | Enq: 130.37 | Pen: -771.74
2026-05-11 03:46:44,037 | INFO | Update  279 | Steps: 571,392 | Episodes:   279 | EpReward:   779.84 | FPS:     45 | Actor Loss: 0.0002 | Critic Loss: 0.0010
2026-05-11 03:46:44,037 | INFO |   Env | HO: 76.44% | Cont: 98.73% | Task: 88.97% | Resolved: 99.99% | Delay: 2.302s | Energy: 20144.59J | LB: 0.472
2026-05-11 03:46:44,037 | INFO |   Reward | D: 7307.15 | E: 4870.62 | Q: 4454.40 | H: 32.51 | LB: -0.03 | Enq: 126.33 | Pen: -838.48
2026-05-11 03:47:32,596 | INFO | Update  280 | Steps: 573,440 | Episodes:   280 | EpReward:   780.08 | FPS:     42 | Actor Loss: 0.0001 | Critic Loss: 0.0011
2026-05-11 03:47:32,596 | INFO |   Env | HO: 80.19% | Cont: 98.79% | Task: 88.93% | Resolved: 100.00% | Delay: 2.311s | Energy: 20626.86J | LB: 0.404
2026-05-11 03:47:32,596 | INFO |   Reward | D: 7422.31 | E: 4942.93 | Q: 4519.20 | H: 31.39 | LB: -0.11 | Enq: 130.18 | Pen: -798.15
2026-05-11 03:48:41,870 | INFO | Update  281 | Steps: 575,488 | Episodes:   281 | EpReward:   780.16 | FPS:     30 | Actor Loss: 0.0001 | Critic Loss: 0.0011
2026-05-11 03:48:41,875 | INFO |   Env | HO: 75.00% | Cont: 98.74% | Task: 88.63% | Resolved: 100.00% | Delay: 2.307s | Energy: 20042.45J | LB: 0.381
2026-05-11 03:48:41,875 | INFO |   Reward | D: 7236.63 | E: 4865.90 | Q: 4416.00 | H: 31.25 | LB: -0.15 | Enq: 127.82 | Pen: -808.74
2026-05-11 03:49:53,430 | INFO | Update  282 | Steps: 577,536 | Episodes:   282 | EpReward:   780.19 | FPS:     29 | Actor Loss: -0.0004 | Critic Loss: 0.0009
2026-05-11 03:49:53,430 | INFO |   Env | HO: 78.15% | Cont: 98.71% | Task: 88.05% | Resolved: 99.99% | Delay: 2.300s | Energy: 20021.94J | LB: 0.400
2026-05-11 03:49:53,430 | INFO |   Reward | D: 7307.35 | E: 4932.32 | Q: 4394.40 | H: 34.99 | LB: -0.19 | Enq: 129.44 | Pen: -824.59
2026-05-11 03:50:48,783 | INFO | Update  283 | Steps: 579,584 | Episodes:   283 | EpReward:   780.24 | FPS:     37 | Actor Loss: 0.0002 | Critic Loss: 0.0010
2026-05-11 03:50:48,784 | INFO |   Env | HO: 80.79% | Cont: 98.80% | Task: 88.48% | Resolved: 100.00% | Delay: 2.299s | Energy: 19873.09J | LB: 0.389
2026-05-11 03:50:48,784 | INFO |   Reward | D: 7269.76 | E: 4906.68 | Q: 4421.60 | H: 31.03 | LB: -0.30 | Enq: 128.93 | Pen: -800.55
2026-05-11 03:51:45,163 | INFO | Update  284 | Steps: 581,632 | Episodes:   284 | EpReward:   780.16 | FPS:     36 | Actor Loss: 0.0005 | Critic Loss: 0.0008
2026-05-11 03:51:45,164 | INFO |   Env | HO: 75.77% | Cont: 98.71% | Task: 88.19% | Resolved: 99.99% | Delay: 2.308s | Energy: 19648.93J | LB: 0.408
2026-05-11 03:51:45,164 | INFO |   Reward | D: 7162.71 | E: 4855.64 | Q: 4348.40 | H: 32.57 | LB: -0.29 | Enq: 128.73 | Pen: -804.81
2026-05-11 03:52:42,535 | INFO | Update  285 | Steps: 583,680 | Episodes:   285 | EpReward:   780.13 | FPS:     36 | Actor Loss: 0.0001 | Critic Loss: 0.0008
2026-05-11 03:52:42,536 | INFO |   Env | HO: 76.65% | Cont: 98.73% | Task: 88.41% | Resolved: 99.98% | Delay: 2.317s | Energy: 19943.06J | LB: 0.363
2026-05-11 03:52:42,536 | INFO |   Reward | D: 7248.63 | E: 4846.68 | Q: 4370.00 | H: 32.89 | LB: -0.16 | Enq: 128.98 | Pen: -791.95
2026-05-11 03:53:28,181 | INFO | Update  286 | Steps: 585,728 | Episodes:   286 | EpReward:   780.15 | FPS:     45 | Actor Loss: 0.0002 | Critic Loss: 0.0006
2026-05-11 03:53:28,181 | INFO |   Env | HO: 74.31% | Cont: 98.72% | Task: 88.41% | Resolved: 99.99% | Delay: 2.303s | Energy: 19802.67J | LB: 0.486
2026-05-11 03:53:28,181 | INFO |   Reward | D: 7243.39 | E: 4859.49 | Q: 4374.00 | H: 30.70 | LB: -0.31 | Enq: 126.75 | Pen: -787.64
2026-05-11 03:54:12,233 | INFO | Update  287 | Steps: 587,776 | Episodes:   287 | EpReward:   779.95 | FPS:     46 | Actor Loss: 0.0003 | Critic Loss: 0.0009
2026-05-11 03:54:12,233 | INFO |   Env | HO: 76.44% | Cont: 98.72% | Task: 88.41% | Resolved: 99.99% | Delay: 2.291s | Energy: 19337.96J | LB: 0.439
2026-05-11 03:54:12,233 | INFO |   Reward | D: 7208.68 | E: 4841.68 | Q: 4347.20 | H: 32.47 | LB: -0.26 | Enq: 127.43 | Pen: -805.40
2026-05-11 03:55:01,711 | INFO | Update  288 | Steps: 589,824 | Episodes:   288 | EpReward:   780.01 | FPS:     41 | Actor Loss: 0.0002 | Critic Loss: 0.0006
2026-05-11 03:55:01,711 | INFO |   Env | HO: 81.19% | Cont: 98.76% | Task: 89.02% | Resolved: 99.99% | Delay: 2.303s | Energy: 20114.86J | LB: 0.456
2026-05-11 03:55:01,711 | INFO |   Reward | D: 7363.43 | E: 4893.81 | Q: 4484.80 | H: 31.20 | LB: -0.03 | Enq: 125.85 | Pen: -832.66
2026-05-11 03:55:57,291 | INFO | Update  289 | Steps: 591,872 | Episodes:   289 | EpReward:   779.94 | FPS:     37 | Actor Loss: 0.0003 | Critic Loss: 0.0011
2026-05-11 03:55:57,291 | INFO |   Env | HO: 76.56% | Cont: 98.77% | Task: 88.20% | Resolved: 99.99% | Delay: 2.304s | Energy: 19906.45J | LB: 0.436
2026-05-11 03:55:57,291 | INFO |   Reward | D: 7199.24 | E: 4855.34 | Q: 4346.80 | H: 30.38 | LB: -0.30 | Enq: 127.99 | Pen: -809.00
2026-05-11 03:56:57,081 | INFO | Update  290 | Steps: 593,920 | Episodes:   290 | EpReward:   780.07 | FPS:     34 | Actor Loss: 0.0004 | Critic Loss: 0.0009
2026-05-11 03:56:57,083 | INFO |   Env | HO: 76.02% | Cont: 98.73% | Task: 88.78% | Resolved: 99.99% | Delay: 2.304s | Energy: 20240.90J | LB: 0.354
2026-05-11 03:56:57,083 | INFO |   Reward | D: 7377.81 | E: 4939.56 | Q: 4489.20 | H: 31.82 | LB: -0.18 | Enq: 129.08 | Pen: -802.24
2026-05-11 03:57:44,914 | INFO | Update  291 | Steps: 595,968 | Episodes:   291 | EpReward:   779.93 | FPS:     43 | Actor Loss: 0.0002 | Critic Loss: 0.0006
2026-05-11 03:57:44,917 | INFO |   Env | HO: 77.52% | Cont: 98.75% | Task: 88.31% | Resolved: 100.00% | Delay: 2.305s | Energy: 19933.98J | LB: 0.452
2026-05-11 03:57:44,917 | INFO |   Reward | D: 7271.18 | E: 4889.04 | Q: 4392.40 | H: 31.90 | LB: -0.28 | Enq: 127.18 | Pen: -845.74
2026-05-11 03:58:32,020 | INFO | Update  292 | Steps: 598,016 | Episodes:   292 | EpReward:   779.92 | FPS:     43 | Actor Loss: 0.0002 | Critic Loss: 0.0009
2026-05-11 03:58:32,020 | INFO |   Env | HO: 74.03% | Cont: 98.68% | Task: 88.65% | Resolved: 99.98% | Delay: 2.304s | Energy: 20490.64J | LB: 0.439
2026-05-11 03:58:32,020 | INFO |   Reward | D: 7338.90 | E: 4909.17 | Q: 4458.00 | H: 32.16 | LB: -0.48 | Enq: 128.06 | Pen: -835.03
2026-05-11 03:59:25,819 | INFO | Update  293 | Steps: 600,064 | Episodes:   293 | EpReward:   779.86 | FPS:     38 | Actor Loss: 0.0006 | Critic Loss: 0.0008
2026-05-11 03:59:25,819 | INFO |   Env | HO: 80.42% | Cont: 98.82% | Task: 88.52% | Resolved: 99.99% | Delay: 2.304s | Energy: 20136.13J | LB: 0.468
2026-05-11 03:59:25,819 | INFO |   Reward | D: 7307.68 | E: 4850.95 | Q: 4390.40 | H: 28.86 | LB: -0.28 | Enq: 125.77 | Pen: -831.70
2026-05-11 03:59:25,819 | INFO | ----------------------------------------
2026-05-11 03:59:25,819 | INFO | 开始评估...
2026-05-11 04:05:05,821 | INFO | 评估结果: 奖励 = 786.44 ± 6.30, 长度 = 2000, 时延 = 2.279s, 能耗 = 195793.72J, 负载均衡 = 0.488
2026-05-11 04:05:05,821 | INFO | ----------------------------------------
2026-05-11 04:05:05,840 | INFO | 模型已保存: /home/pjpjq/LEO_switch/results/baseline_compare/20260510_010757/learned_baselines/mappo_no_han/checkpoint_600064.pt
2026-05-11 04:05:55,806 | INFO | Update  294 | Steps: 602,112 | Episodes:   294 | EpReward:   779.80 | FPS:     41 | Actor Loss: 0.0006 | Critic Loss: 0.0010
2026-05-11 04:05:55,806 | INFO |   Env | HO: 71.97% | Cont: 98.62% | Task: 88.29% | Resolved: 99.99% | Delay: 2.313s | Energy: 20403.31J | LB: 0.436
2026-05-11 04:05:55,806 | INFO |   Reward | D: 7330.99 | E: 4887.07 | Q: 4404.80 | H: 35.74 | LB: -0.08 | Enq: 128.66 | Pen: -862.15
2026-05-11 04:06:36,711 | INFO | Update  295 | Steps: 604,160 | Episodes:   295 | EpReward:   779.84 | FPS:     50 | Actor Loss: 0.0002 | Critic Loss: 0.0009
2026-05-11 04:06:36,711 | INFO |   Env | HO: 81.03% | Cont: 98.73% | Task: 89.05% | Resolved: 99.98% | Delay: 2.297s | Energy: 19859.90J | LB: 0.410
2026-05-11 04:06:36,711 | INFO |   Reward | D: 7287.46 | E: 4870.00 | Q: 4457.20 | H: 35.72 | LB: -0.24 | Enq: 126.42 | Pen: -826.66
2026-05-11 04:07:23,078 | INFO | Update  296 | Steps: 606,208 | Episodes:   296 | EpReward:   779.90 | FPS:     44 | Actor Loss: 0.0007 | Critic Loss: 0.0008
2026-05-11 04:07:23,078 | INFO |   Env | HO: 73.08% | Cont: 98.64% | Task: 89.11% | Resolved: 99.99% | Delay: 2.306s | Energy: 20278.22J | LB: 0.403
2026-05-11 04:07:23,079 | INFO |   Reward | D: 7379.56 | E: 4887.67 | Q: 4493.20 | H: 36.03 | LB: -0.40 | Enq: 127.50 | Pen: -828.44
2026-05-11 04:08:03,850 | INFO | Update  297 | Steps: 608,256 | Episodes:   297 | EpReward:   780.01 | FPS:     50 | Actor Loss: 0.0004 | Critic Loss: 0.0009
2026-05-11 04:08:03,854 | INFO |   Env | HO: 77.61% | Cont: 98.61% | Task: 89.13% | Resolved: 99.99% | Delay: 2.296s | Energy: 20047.18J | LB: 0.391
2026-05-11 04:08:03,854 | INFO |   Reward | D: 7369.27 | E: 4898.51 | Q: 4492.00 | H: 37.99 | LB: -0.34 | Enq: 128.58 | Pen: -802.80
2026-05-11 04:08:47,467 | INFO | Update  298 | Steps: 610,304 | Episodes:   298 | EpReward:   780.07 | FPS:     47 | Actor Loss: 0.0002 | Critic Loss: 0.0007
2026-05-11 04:08:47,470 | INFO |   Env | HO: 77.94% | Cont: 98.53% | Task: 88.71% | Resolved: 99.98% | Delay: 2.278s | Energy: 19572.47J | LB: 0.391
2026-05-11 04:08:47,471 | INFO |   Reward | D: 7393.35 | E: 4923.50 | Q: 4453.60 | H: 40.01 | LB: 0.07 | Enq: 130.31 | Pen: -804.56
2026-05-11 04:09:34,078 | INFO | Update  299 | Steps: 612,352 | Episodes:   299 | EpReward:   780.04 | FPS:     44 | Actor Loss: 0.0004 | Critic Loss: 0.0010
2026-05-11 04:09:34,081 | INFO |   Env | HO: 79.62% | Cont: 98.67% | Task: 88.41% | Resolved: 99.99% | Delay: 2.295s | Energy: 19969.07J | LB: 0.456
2026-05-11 04:09:34,081 | INFO |   Reward | D: 7332.55 | E: 4898.84 | Q: 4410.00 | H: 39.15 | LB: -0.06 | Enq: 127.70 | Pen: -839.51
2026-05-11 04:10:27,730 | INFO | Update  300 | Steps: 614,400 | Episodes:   300 | EpReward:   780.15 | FPS:     38 | Actor Loss: -0.0000 | Critic Loss: 0.0010
2026-05-11 04:10:27,730 | INFO |   Env | HO: 77.60% | Cont: 98.69% | Task: 88.92% | Resolved: 99.99% | Delay: 2.305s | Energy: 20061.99J | LB: 0.407
2026-05-11 04:10:27,730 | INFO |   Reward | D: 7326.29 | E: 4861.12 | Q: 4440.80 | H: 36.52 | LB: -0.32 | Enq: 129.19 | Pen: -785.78
2026-05-11 04:11:34,183 | INFO | Update  301 | Steps: 616,448 | Episodes:   301 | EpReward:   780.22 | FPS:     31 | Actor Loss: 0.0002 | Critic Loss: 0.0007
2026-05-11 04:11:34,186 | INFO |   Env | HO: 80.17% | Cont: 98.73% | Task: 88.90% | Resolved: 99.97% | Delay: 2.305s | Energy: 20210.96J | LB: 0.420
2026-05-11 04:11:34,186 | INFO |   Reward | D: 7285.70 | E: 4873.16 | Q: 4453.60 | H: 35.69 | LB: -0.19 | Enq: 131.38 | Pen: -774.04
2026-05-11 04:12:45,242 | INFO | Update  302 | Steps: 618,496 | Episodes:   302 | EpReward:   780.25 | FPS:     29 | Actor Loss: 0.0005 | Critic Loss: 0.0010
2026-05-11 04:12:45,242 | INFO |   Env | HO: 81.13% | Cont: 98.68% | Task: 88.55% | Resolved: 100.00% | Delay: 2.312s | Energy: 20171.78J | LB: 0.398
2026-05-11 04:12:45,242 | INFO |   Reward | D: 7300.40 | E: 4863.13 | Q: 4407.20 | H: 40.36 | LB: -0.18 | Enq: 129.83 | Pen: -790.12
2026-05-11 04:13:40,437 | INFO | Update  303 | Steps: 620,544 | Episodes:   303 | EpReward:   780.22 | FPS:     37 | Actor Loss: -0.0000 | Critic Loss: 0.0008
2026-05-11 04:13:40,437 | INFO |   Env | HO: 75.31% | Cont: 98.69% | Task: 88.84% | Resolved: 99.99% | Delay: 2.311s | Energy: 20141.83J | LB: 0.405
2026-05-11 04:13:40,437 | INFO |   Reward | D: 7290.71 | E: 4885.53 | Q: 4451.20 | H: 34.63 | LB: -0.04 | Enq: 130.17 | Pen: -788.28
2026-05-11 04:14:25,803 | INFO | Update  304 | Steps: 622,592 | Episodes:   304 | EpReward:   780.27 | FPS:     45 | Actor Loss: 0.0004 | Critic Loss: 0.0010
2026-05-11 04:14:25,803 | INFO |   Env | HO: 80.09% | Cont: 98.76% | Task: 88.74% | Resolved: 99.99% | Delay: 2.304s | Energy: 20258.42J | LB: 0.406
2026-05-11 04:14:25,803 | INFO |   Reward | D: 7399.35 | E: 4949.26 | Q: 4498.40 | H: 33.54 | LB: -0.10 | Enq: 130.48 | Pen: -818.17
2026-05-11 04:15:24,275 | INFO | Update  305 | Steps: 624,640 | Episodes:   305 | EpReward:   780.20 | FPS:     35 | Actor Loss: 0.0004 | Critic Loss: 0.0008
2026-05-11 04:15:24,276 | INFO |   Env | HO: 80.49% | Cont: 98.79% | Task: 88.32% | Resolved: 99.99% | Delay: 2.298s | Energy: 19834.01J | LB: 0.466
2026-05-11 04:15:24,276 | INFO |   Reward | D: 7247.65 | E: 4875.44 | Q: 4378.40 | H: 31.31 | LB: -0.28 | Enq: 127.94 | Pen: -805.08
2026-05-11 04:16:23,469 | INFO | Update  306 | Steps: 626,688 | Episodes:   306 | EpReward:   780.27 | FPS:     35 | Actor Loss: 0.0001 | Critic Loss: 0.0009
2026-05-11 04:16:23,469 | INFO |   Env | HO: 81.95% | Cont: 98.80% | Task: 88.75% | Resolved: 99.99% | Delay: 2.288s | Energy: 19774.07J | LB: 0.371
2026-05-11 04:16:23,469 | INFO |   Reward | D: 7314.11 | E: 4905.84 | Q: 4447.60 | H: 31.82 | LB: 0.00 | Enq: 130.61 | Pen: -778.99
2026-05-11 04:17:17,328 | INFO | Update  307 | Steps: 628,736 | Episodes:   307 | EpReward:   780.36 | FPS:     38 | Actor Loss: 0.0000 | Critic Loss: 0.0008
2026-05-11 04:17:17,328 | INFO |   Env | HO: 77.48% | Cont: 98.74% | Task: 88.68% | Resolved: 99.98% | Delay: 2.289s | Energy: 19443.67J | LB: 0.397
2026-05-11 04:17:17,328 | INFO |   Reward | D: 7354.94 | E: 4909.56 | Q: 4437.60 | H: 32.53 | LB: -0.35 | Enq: 129.64 | Pen: -792.12
2026-05-11 04:17:54,674 | INFO | Update  308 | Steps: 630,784 | Episodes:   308 | EpReward:   780.42 | FPS:     55 | Actor Loss: 0.0003 | Critic Loss: 0.0011
2026-05-11 04:17:54,675 | INFO |   Env | HO: 72.86% | Cont: 98.59% | Task: 89.06% | Resolved: 99.99% | Delay: 2.300s | Energy: 19964.66J | LB: 0.474
2026-05-11 04:17:54,675 | INFO |   Reward | D: 7421.09 | E: 4907.81 | Q: 4499.20 | H: 38.76 | LB: -0.20 | Enq: 127.78 | Pen: -842.15
2026-05-11 04:18:35,825 | INFO | Update  309 | Steps: 632,832 | Episodes:   309 | EpReward:   780.40 | FPS:     50 | Actor Loss: 0.0004 | Critic Loss: 0.0010
2026-05-11 04:18:35,828 | INFO |   Env | HO: 77.85% | Cont: 98.57% | Task: 88.56% | Resolved: 99.99% | Delay: 2.290s | Energy: 19795.78J | LB: 0.379
2026-05-11 04:18:35,828 | INFO |   Reward | D: 7358.96 | E: 4928.97 | Q: 4446.00 | H: 44.85 | LB: -0.19 | Enq: 130.49 | Pen: -824.35
2026-05-11 04:19:22,361 | INFO | Update  310 | Steps: 634,880 | Episodes:   310 | EpReward:   780.31 | FPS:     44 | Actor Loss: 0.0004 | Critic Loss: 0.0009
2026-05-11 04:19:22,362 | INFO |   Env | HO: 71.38% | Cont: 98.52% | Task: 88.87% | Resolved: 99.99% | Delay: 2.290s | Energy: 19189.76J | LB: 0.381
2026-05-11 04:19:22,362 | INFO |   Reward | D: 7221.65 | E: 4840.81 | Q: 4393.60 | H: 41.65 | LB: -0.20 | Enq: 129.79 | Pen: -786.45
2026-05-11 04:20:25,075 | INFO | Update  311 | Steps: 636,928 | Episodes:   311 | EpReward:   780.24 | FPS:     33 | Actor Loss: 0.0004 | Critic Loss: 0.0008
2026-05-11 04:20:25,076 | INFO |   Env | HO: 81.13% | Cont: 98.60% | Task: 88.41% | Resolved: 100.00% | Delay: 2.293s | Energy: 19718.63J | LB: 0.345
2026-05-11 04:20:25,076 | INFO |   Reward | D: 7299.81 | E: 4894.85 | Q: 4398.40 | H: 45.35 | LB: -0.26 | Enq: 131.04 | Pen: -807.05
2026-05-11 04:21:21,358 | INFO | Update  312 | Steps: 638,976 | Episodes:   312 | EpReward:   780.32 | FPS:     36 | Actor Loss: 0.0003 | Critic Loss: 0.0009
2026-05-11 04:21:21,358 | INFO |   Env | HO: 78.29% | Cont: 98.67% | Task: 89.20% | Resolved: 99.99% | Delay: 2.285s | Energy: 19631.49J | LB: 0.391
2026-05-11 04:21:21,358 | INFO |   Reward | D: 7364.99 | E: 4923.54 | Q: 4511.20 | H: 37.77 | LB: -0.08 | Enq: 131.68 | Pen: -769.81
2026-05-11 04:22:01,179 | INFO | Update  313 | Steps: 641,024 | Episodes:   313 | EpReward:   780.34 | FPS:     51 | Actor Loss: 0.0004 | Critic Loss: 0.0009
2026-05-11 04:22:01,179 | INFO |   Env | HO: 77.29% | Cont: 98.68% | Task: 88.58% | Resolved: 99.99% | Delay: 2.297s | Energy: 19639.29J | LB: 0.447
2026-05-11 04:22:01,179 | INFO |   Reward | D: 7309.35 | E: 4890.43 | Q: 4417.20 | H: 36.59 | LB: -0.26 | Enq: 128.83 | Pen: -806.02
2026-05-11 04:22:54,991 | INFO | Update  314 | Steps: 643,072 | Episodes:   314 | EpReward:   780.37 | FPS:     38 | Actor Loss: 0.0003 | Critic Loss: 0.0009
2026-05-11 04:22:54,991 | INFO |   Env | HO: 75.77% | Cont: 98.73% | Task: 88.55% | Resolved: 99.99% | Delay: 2.293s | Energy: 20028.35J | LB: 0.459
2026-05-11 04:22:54,991 | INFO |   Reward | D: 7377.05 | E: 4952.07 | Q: 4469.60 | H: 32.65 | LB: -0.07 | Enq: 128.85 | Pen: -830.63
2026-05-11 04:23:57,184 | INFO | Update  315 | Steps: 645,120 | Episodes:   315 | EpReward:   780.35 | FPS:     33 | Actor Loss: 0.0005 | Critic Loss: 0.0010
2026-05-11 04:23:57,189 | INFO |   Env | HO: 80.20% | Cont: 98.80% | Task: 88.27% | Resolved: 99.99% | Delay: 2.297s | Energy: 19974.37J | LB: 0.462
2026-05-11 04:23:57,189 | INFO |   Reward | D: 7322.43 | E: 4938.23 | Q: 4424.40 | H: 30.74 | LB: 0.04 | Enq: 129.50 | Pen: -813.86
2026-05-11 04:24:38,187 | INFO | Update  316 | Steps: 647,168 | Episodes:   316 | EpReward:   780.31 | FPS:     50 | Actor Loss: 0.0005 | Critic Loss: 0.0009
2026-05-11 04:24:38,188 | INFO |   Env | HO: 79.45% | Cont: 98.76% | Task: 88.90% | Resolved: 99.99% | Delay: 2.295s | Energy: 19963.07J | LB: 0.468
2026-05-11 04:24:38,188 | INFO |   Reward | D: 7328.27 | E: 4893.88 | Q: 4461.60 | H: 32.86 | LB: -0.47 | Enq: 128.40 | Pen: -796.21
2026-05-11 04:25:18,420 | INFO | Update  317 | Steps: 649,216 | Episodes:   317 | EpReward:   780.33 | FPS:     51 | Actor Loss: 0.0003 | Critic Loss: 0.0009
2026-05-11 04:25:18,421 | INFO |   Env | HO: 79.57% | Cont: 98.83% | Task: 88.53% | Resolved: 99.99% | Delay: 2.280s | Energy: 19111.33J | LB: 0.431
2026-05-11 04:25:18,421 | INFO |   Reward | D: 7165.33 | E: 4794.75 | Q: 4319.20 | H: 28.16 | LB: -0.33 | Enq: 127.58 | Pen: -752.97
2026-05-11 04:25:58,601 | INFO | Update  318 | Steps: 651,264 | Episodes:   318 | EpReward:   780.44 | FPS:     51 | Actor Loss: 0.0003 | Critic Loss: 0.0010
2026-05-11 04:25:58,601 | INFO |   Env | HO: 78.97% | Cont: 98.81% | Task: 88.71% | Resolved: 100.00% | Delay: 2.292s | Energy: 20021.33J | LB: 0.480
2026-05-11 04:25:58,601 | INFO |   Reward | D: 7403.49 | E: 4913.95 | Q: 4460.40 | H: 29.20 | LB: -0.04 | Enq: 128.61 | Pen: -817.80
2026-05-11 04:26:42,116 | INFO | Update  319 | Steps: 653,312 | Episodes:   319 | EpReward:   780.48 | FPS:     47 | Actor Loss: 0.0007 | Critic Loss: 0.0009
2026-05-11 04:26:42,116 | INFO |   Env | HO: 74.06% | Cont: 98.75% | Task: 88.76% | Resolved: 99.99% | Delay: 2.295s | Energy: 20023.33J | LB: 0.424
2026-05-11 04:26:42,116 | INFO |   Reward | D: 7320.76 | E: 4900.27 | Q: 4453.20 | H: 29.70 | LB: 0.05 | Enq: 130.20 | Pen: -799.90
2026-05-11 04:27:31,198 | INFO | Update  320 | Steps: 655,360 | Episodes:   320 | EpReward:   780.57 | FPS:     42 | Actor Loss: 0.0003 | Critic Loss: 0.0009
2026-05-11 04:27:31,201 | INFO |   Env | HO: 81.95% | Cont: 98.80% | Task: 89.03% | Resolved: 100.00% | Delay: 2.290s | Energy: 19697.58J | LB: 0.367
2026-05-11 04:27:31,201 | INFO |   Reward | D: 7345.21 | E: 4928.50 | Q: 4496.40 | H: 31.66 | LB: -0.29 | Enq: 131.15 | Pen: -759.55
2026-05-11 04:28:31,504 | INFO | Update  321 | Steps: 657,408 | Episodes:   321 | EpReward:   780.47 | FPS:     34 | Actor Loss: 0.0006 | Critic Loss: 0.0009
2026-05-11 04:28:31,504 | INFO |   Env | HO: 75.49% | Cont: 98.77% | Task: 88.96% | Resolved: 100.00% | Delay: 2.292s | Energy: 19415.78J | LB: 0.462
2026-05-11 04:28:31,504 | INFO |   Reward | D: 7223.14 | E: 4824.17 | Q: 4400.40 | H: 29.25 | LB: 0.24 | Enq: 127.69 | Pen: -778.77
2026-05-11 04:29:25,083 | INFO | Update  322 | Steps: 659,456 | Episodes:   322 | EpReward:   780.38 | FPS:     38 | Actor Loss: 0.0003 | Critic Loss: 0.0007
2026-05-11 04:29:25,084 | INFO |   Env | HO: 78.50% | Cont: 98.79% | Task: 88.49% | Resolved: 99.99% | Delay: 2.293s | Energy: 19920.86J | LB: 0.447
2026-05-11 04:29:25,084 | INFO |   Reward | D: 7321.91 | E: 4874.37 | Q: 4401.60 | H: 29.80 | LB: -0.20 | Enq: 126.87 | Pen: -841.33
2026-05-11 04:30:09,127 | INFO | Update  323 | Steps: 661,504 | Episodes:   323 | EpReward:   780.36 | FPS:     47 | Actor Loss: 0.0004 | Critic Loss: 0.0009
2026-05-11 04:30:09,127 | INFO |   Env | HO: 81.44% | Cont: 98.82% | Task: 88.73% | Resolved: 99.99% | Delay: 2.298s | Energy: 19795.64J | LB: 0.437
2026-05-11 04:30:09,127 | INFO |   Reward | D: 7320.44 | E: 4868.17 | Q: 4426.80 | H: 29.87 | LB: -0.22 | Enq: 127.45 | Pen: -804.88
2026-05-11 04:31:06,060 | INFO | Update  324 | Steps: 663,552 | Episodes:   324 | EpReward:   780.42 | FPS:     36 | Actor Loss: 0.0003 | Critic Loss: 0.0010
2026-05-11 04:31:06,063 | INFO |   Env | HO: 73.78% | Cont: 98.72% | Task: 89.09% | Resolved: 100.00% | Delay: 2.287s | Energy: 19780.86J | LB: 0.434
2026-05-11 04:31:06,063 | INFO |   Reward | D: 7382.34 | E: 4906.37 | Q: 4488.00 | H: 31.30 | LB: -0.35 | Enq: 128.60 | Pen: -804.95
2026-05-11 04:31:49,447 | INFO | Update  325 | Steps: 665,600 | Episodes:   325 | EpReward:   780.46 | FPS:     47 | Actor Loss: 0.0005 | Critic Loss: 0.0010
2026-05-11 04:31:49,448 | INFO |   Env | HO: 76.32% | Cont: 98.73% | Task: 89.32% | Resolved: 99.99% | Delay: 2.281s | Energy: 19681.42J | LB: 0.463
2026-05-11 04:31:49,448 | INFO |   Reward | D: 7337.25 | E: 4908.34 | Q: 4513.60 | H: 32.82 | LB: -0.23 | Enq: 127.11 | Pen: -831.92
2026-05-11 04:32:33,496 | INFO | Update  326 | Steps: 667,648 | Episodes:   326 | EpReward:   780.29 | FPS:     46 | Actor Loss: 0.0001 | Critic Loss: 0.0008
2026-05-11 04:32:33,496 | INFO |   Env | HO: 73.71% | Cont: 98.73% | Task: 87.74% | Resolved: 99.99% | Delay: 2.303s | Energy: 19886.62J | LB: 0.467
2026-05-11 04:32:33,496 | INFO |   Reward | D: 7260.45 | E: 4881.34 | Q: 4322.40 | H: 29.73 | LB: -0.24 | Enq: 127.90 | Pen: -845.26
2026-05-11 04:33:27,851 | INFO | Update  327 | Steps: 669,696 | Episodes:   327 | EpReward:   780.27 | FPS:     38 | Actor Loss: 0.0003 | Critic Loss: 0.0007
2026-05-11 04:33:27,851 | INFO |   Env | HO: 74.56% | Cont: 98.71% | Task: 88.95% | Resolved: 99.99% | Delay: 2.298s | Energy: 19959.45J | LB: 0.468
2026-05-11 04:33:27,851 | INFO |   Reward | D: 7351.58 | E: 4877.22 | Q: 4460.40 | H: 32.13 | LB: 0.00 | Enq: 127.74 | Pen: -829.02
2026-05-11 04:34:24,531 | INFO | Update  328 | Steps: 671,744 | Episodes:   328 | EpReward:   780.37 | FPS:     36 | Actor Loss: 0.0005 | Critic Loss: 0.0008
2026-05-11 04:34:24,532 | INFO |   Env | HO: 78.95% | Cont: 98.78% | Task: 89.28% | Resolved: 99.99% | Delay: 2.292s | Energy: 19902.36J | LB: 0.418
2026-05-11 04:34:24,532 | INFO |   Reward | D: 7374.51 | E: 4907.51 | Q: 4520.00 | H: 31.07 | LB: -0.09 | Enq: 129.58 | Pen: -777.96
2026-05-11 04:35:22,702 | INFO | Update  329 | Steps: 673,792 | Episodes:   329 | EpReward:   780.37 | FPS:     35 | Actor Loss: -0.0001 | Critic Loss: 0.0012
2026-05-11 04:35:22,702 | INFO |   Env | HO: 80.73% | Cont: 98.77% | Task: 88.87% | Resolved: 100.00% | Delay: 2.289s | Energy: 19892.02J | LB: 0.472
2026-05-11 04:35:22,702 | INFO |   Reward | D: 7357.50 | E: 4885.92 | Q: 4456.00 | H: 33.18 | LB: 0.06 | Enq: 128.57 | Pen: -795.67
2026-05-11 04:36:10,520 | INFO | Update  330 | Steps: 675,840 | Episodes:   330 | EpReward:   780.45 | FPS:     43 | Actor Loss: 0.0003 | Critic Loss: 0.0011
2026-05-11 04:36:10,520 | INFO |   Env | HO: 78.50% | Cont: 98.76% | Task: 89.15% | Resolved: 99.99% | Delay: 2.293s | Energy: 19980.29J | LB: 0.430
2026-05-11 04:36:10,520 | INFO |   Reward | D: 7373.35 | E: 4902.39 | Q: 4498.80 | H: 31.72 | LB: -0.05 | Enq: 129.60 | Pen: -777.75
2026-05-11 04:36:52,816 | INFO | Update  331 | Steps: 677,888 | Episodes:   331 | EpReward:   780.40 | FPS:     48 | Actor Loss: 0.0002 | Critic Loss: 0.0010
2026-05-11 04:36:52,816 | INFO |   Env | HO: 80.10% | Cont: 98.80% | Task: 88.59% | Resolved: 99.99% | Delay: 2.280s | Energy: 19772.64J | LB: 0.463
2026-05-11 04:36:52,816 | INFO |   Reward | D: 7366.93 | E: 4921.49 | Q: 4440.40 | H: 30.42 | LB: -0.20 | Enq: 128.41 | Pen: -815.14
2026-05-11 04:37:49,487 | INFO | Update  332 | Steps: 679,936 | Episodes:   332 | EpReward:   780.45 | FPS:     36 | Actor Loss: 0.0002 | Critic Loss: 0.0008
2026-05-11 04:37:49,490 | INFO |   Env | HO: 80.10% | Cont: 98.81% | Task: 88.71% | Resolved: 99.99% | Delay: 2.286s | Energy: 19934.15J | LB: 0.476
2026-05-11 04:37:49,490 | INFO |   Reward | D: 7380.56 | E: 4911.83 | Q: 4451.60 | H: 29.72 | LB: -0.18 | Enq: 128.78 | Pen: -799.27
2026-05-11 04:38:37,490 | INFO | Update  333 | Steps: 681,984 | Episodes:   333 | EpReward:   780.37 | FPS:     43 | Actor Loss: 0.0004 | Critic Loss: 0.0010
2026-05-11 04:38:37,491 | INFO |   Env | HO: 74.07% | Cont: 98.74% | Task: 88.72% | Resolved: 99.99% | Delay: 2.289s | Energy: 19663.67J | LB: 0.422
2026-05-11 04:38:37,491 | INFO |   Reward | D: 7302.19 | E: 4877.85 | Q: 4423.20 | H: 30.29 | LB: -0.55 | Enq: 128.24 | Pen: -818.83
2026-05-11 04:39:30,547 | INFO | Update  334 | Steps: 684,032 | Episodes:   334 | EpReward:   780.55 | FPS:     39 | Actor Loss: 0.0004 | Critic Loss: 0.0009
2026-05-11 04:39:30,548 | INFO |   Env | HO: 83.87% | Cont: 98.85% | Task: 89.14% | Resolved: 99.99% | Delay: 2.271s | Energy: 19689.62J | LB: 0.483
2026-05-11 04:39:30,548 | INFO |   Reward | D: 7483.09 | E: 4958.82 | Q: 4534.00 | H: 29.69 | LB: -0.20 | Enq: 128.13 | Pen: -813.77
2026-05-11 04:40:29,518 | INFO | Update  335 | Steps: 686,080 | Episodes:   335 | EpReward:   780.66 | FPS:     35 | Actor Loss: -0.0000 | Critic Loss: 0.0009
2026-05-11 04:40:29,519 | INFO |   Env | HO: 77.50% | Cont: 98.79% | Task: 89.05% | Resolved: 99.97% | Delay: 2.273s | Energy: 19628.09J | LB: 0.472
2026-05-11 04:40:29,519 | INFO |   Reward | D: 7447.73 | E: 4937.68 | Q: 4498.80 | H: 29.48 | LB: -0.15 | Enq: 127.91 | Pen: -823.71
2026-05-11 04:41:28,668 | INFO | Update  336 | Steps: 688,128 | Episodes:   336 | EpReward:   780.92 | FPS:     35 | Actor Loss: 0.0004 | Critic Loss: 0.0009
2026-05-11 04:41:28,668 | INFO |   Env | HO: 78.33% | Cont: 98.79% | Task: 89.25% | Resolved: 99.99% | Delay: 2.258s | Energy: 19432.84J | LB: 0.453
2026-05-11 04:41:28,668 | INFO |   Reward | D: 7524.53 | E: 4999.98 | Q: 4570.00 | H: 29.96 | LB: -0.18 | Enq: 128.93 | Pen: -822.93
2026-05-11 04:42:49,175 | INFO | Update  337 | Steps: 690,176 | Episodes:   337 | EpReward:   780.91 | FPS:     25 | Actor Loss: 0.0003 | Critic Loss: 0.0008
2026-05-11 04:42:49,175 | INFO |   Env | HO: 73.30% | Cont: 98.72% | Task: 88.87% | Resolved: 99.99% | Delay: 2.280s | Energy: 19342.59J | LB: 0.438
2026-05-11 04:42:49,176 | INFO |   Reward | D: 7373.19 | E: 4915.50 | Q: 4459.20 | H: 30.66 | LB: -0.11 | Enq: 128.75 | Pen: -810.81
2026-05-11 04:43:47,969 | INFO | Update  338 | Steps: 692,224 | Episodes:   338 | EpReward:   780.83 | FPS:     35 | Actor Loss: 0.0001 | Critic Loss: 0.0008
2026-05-11 04:43:47,973 | INFO |   Env | HO: 77.83% | Cont: 98.77% | Task: 88.80% | Resolved: 99.99% | Delay: 2.280s | Energy: 19067.29J | LB: 0.433
2026-05-11 04:43:47,973 | INFO |   Reward | D: 7303.44 | E: 4892.51 | Q: 4426.80 | H: 31.17 | LB: -0.20 | Enq: 128.40 | Pen: -786.61
2026-05-11 04:44:41,514 | INFO | Update  339 | Steps: 694,272 | Episodes:   339 | EpReward:   780.92 | FPS:     38 | Actor Loss: 0.0001 | Critic Loss: 0.0009
2026-05-11 04:44:41,516 | INFO |   Env | HO: 79.43% | Cont: 98.78% | Task: 88.77% | Resolved: 99.99% | Delay: 2.265s | Energy: 19260.08J | LB: 0.413
2026-05-11 04:44:41,516 | INFO |   Reward | D: 7430.30 | E: 4956.80 | Q: 4475.20 | H: 31.48 | LB: -0.11 | Enq: 128.45 | Pen: -835.33
2026-05-11 04:45:58,945 | INFO | Update  340 | Steps: 696,320 | Episodes:   340 | EpReward:   781.03 | FPS:     26 | Actor Loss: 0.0003 | Critic Loss: 0.0008
2026-05-11 04:45:58,946 | INFO |   Env | HO: 71.94% | Cont: 98.65% | Task: 88.92% | Resolved: 99.99% | Delay: 2.283s | Energy: 19650.64J | LB: 0.456
2026-05-11 04:45:58,946 | INFO |   Reward | D: 7364.54 | E: 4902.37 | Q: 4459.60 | H: 34.24 | LB: 0.07 | Enq: 128.68 | Pen: -821.39
2026-05-11 04:46:59,530 | INFO | Update  341 | Steps: 698,368 | Episodes:   341 | EpReward:   781.03 | FPS:     34 | Actor Loss: 0.0000 | Critic Loss: 0.0007
2026-05-11 04:46:59,530 | INFO |   Env | HO: 74.04% | Cont: 98.70% | Task: 89.00% | Resolved: 99.97% | Delay: 2.284s | Energy: 19585.11J | LB: 0.494
2026-05-11 04:46:59,530 | INFO |   Reward | D: 7394.01 | E: 4894.20 | Q: 4466.40 | H: 32.84 | LB: -0.24 | Enq: 127.21 | Pen: -825.75
2026-05-11 04:47:59,254 | INFO | Update  342 | Steps: 700,416 | Episodes:   342 | EpReward:   781.16 | FPS:     34 | Actor Loss: 0.0006 | Critic Loss: 0.0007
2026-05-11 04:47:59,254 | INFO |   Env | HO: 76.35% | Cont: 98.77% | Task: 89.23% | Resolved: 99.99% | Delay: 2.291s | Energy: 19750.71J | LB: 0.482
2026-05-11 04:47:59,254 | INFO |   Reward | D: 7387.84 | E: 4898.77 | Q: 4501.60 | H: 29.49 | LB: -0.07 | Enq: 126.97 | Pen: -814.63
2026-05-11 04:47:59,254 | INFO | ----------------------------------------
2026-05-11 04:47:59,259 | INFO | 开始评估...
2026-05-11 04:53:12,175 | INFO | 评估结果: 奖励 = 790.21 ± 5.15, 长度 = 2000, 时延 = 2.271s, 能耗 = 191523.30J, 负载均衡 = 0.489
2026-05-11 04:53:12,175 | INFO | ----------------------------------------
2026-05-11 04:54:16,927 | INFO | Update  343 | Steps: 702,464 | Episodes:   343 | EpReward:   781.32 | FPS:     32 | Actor Loss: 0.0005 | Critic Loss: 0.0010
2026-05-11 04:54:16,927 | INFO |   Env | HO: 74.24% | Cont: 98.69% | Task: 88.59% | Resolved: 99.99% | Delay: 2.275s | Energy: 19647.35J | LB: 0.476
2026-05-11 04:54:16,927 | INFO |   Reward | D: 7448.99 | E: 4936.11 | Q: 4451.20 | H: 32.23 | LB: -0.09 | Enq: 127.57 | Pen: -845.97
2026-05-11 04:55:05,075 | INFO | Update  344 | Steps: 704,512 | Episodes:   344 | EpReward:   781.40 | FPS:     43 | Actor Loss: 0.0005 | Critic Loss: 0.0008
2026-05-11 04:55:05,079 | INFO |   Env | HO: 78.08% | Cont: 98.75% | Task: 88.91% | Resolved: 100.00% | Delay: 2.285s | Energy: 19723.16J | LB: 0.482
2026-05-11 04:55:05,079 | INFO |   Reward | D: 7402.49 | E: 4933.07 | Q: 4486.40 | H: 32.42 | LB: -0.07 | Enq: 127.69 | Pen: -839.46
2026-05-11 04:55:56,111 | INFO | Update  345 | Steps: 706,560 | Episodes:   345 | EpReward:   781.37 | FPS:     40 | Actor Loss: 0.0004 | Critic Loss: 0.0005
2026-05-11 04:55:56,115 | INFO |   Env | HO: 87.08% | Cont: 98.87% | Task: 88.82% | Resolved: 99.99% | Delay: 2.283s | Energy: 19922.45J | LB: 0.458
2026-05-11 04:55:56,115 | INFO |   Reward | D: 7406.93 | E: 4931.90 | Q: 4480.00 | H: 29.50 | LB: -0.17 | Enq: 128.24 | Pen: -818.96
2026-05-11 04:56:55,277 | INFO | Update  346 | Steps: 708,608 | Episodes:   346 | EpReward:   781.45 | FPS:     35 | Actor Loss: 0.0005 | Critic Loss: 0.0008
2026-05-11 04:56:55,277 | INFO |   Env | HO: 73.11% | Cont: 98.73% | Task: 89.14% | Resolved: 99.99% | Delay: 2.282s | Energy: 19838.50J | LB: 0.458
2026-05-11 04:56:55,277 | INFO |   Reward | D: 7390.23 | E: 4882.86 | Q: 4473.60 | H: 29.44 | LB: 0.25 | Enq: 127.64 | Pen: -810.82
2026-05-11 04:58:00,014 | INFO | Update  347 | Steps: 710,656 | Episodes:   347 | EpReward:   781.48 | FPS:     32 | Actor Loss: 0.0003 | Critic Loss: 0.0008
2026-05-11 04:58:00,014 | INFO |   Env | HO: 76.29% | Cont: 98.74% | Task: 88.80% | Resolved: 99.99% | Delay: 2.283s | Energy: 19993.95J | LB: 0.474
2026-05-11 04:58:00,015 | INFO |   Reward | D: 7489.56 | E: 4926.24 | Q: 4480.80 | H: 28.26 | LB: -0.29 | Enq: 128.31 | Pen: -813.89
2026-05-11 04:59:04,919 | INFO | Update  348 | Steps: 712,704 | Episodes:   348 | EpReward:   781.51 | FPS:     32 | Actor Loss: 0.0004 | Critic Loss: 0.0008
2026-05-11 04:59:04,919 | INFO |   Env | HO: 81.87% | Cont: 98.87% | Task: 89.34% | Resolved: 100.00% | Delay: 2.268s | Energy: 19507.03J | LB: 0.481
2026-05-11 04:59:04,919 | INFO |   Reward | D: 7400.81 | E: 4889.72 | Q: 4494.40 | H: 26.87 | LB: -0.06 | Enq: 126.91 | Pen: -803.54
2026-05-11 05:00:10,115 | INFO | Update  349 | Steps: 714,752 | Episodes:   349 | EpReward:   781.44 | FPS:     31 | Actor Loss: 0.0003 | Critic Loss: 0.0008
2026-05-11 05:00:10,115 | INFO |   Env | HO: 75.40% | Cont: 98.78% | Task: 88.88% | Resolved: 99.99% | Delay: 2.282s | Energy: 19702.93J | LB: 0.477
2026-05-11 05:00:10,115 | INFO |   Reward | D: 7359.30 | E: 4910.68 | Q: 4465.20 | H: 27.02 | LB: -0.22 | Enq: 127.64 | Pen: -807.83
2026-05-11 05:01:10,917 | INFO | Update  350 | Steps: 716,800 | Episodes:   350 | EpReward:   781.39 | FPS:     34 | Actor Loss: 0.0008 | Critic Loss: 0.0008
2026-05-11 05:01:10,918 | INFO |   Env | HO: 79.12% | Cont: 98.81% | Task: 88.99% | Resolved: 99.99% | Delay: 2.275s | Energy: 19390.33J | LB: 0.479
2026-05-11 05:01:10,918 | INFO |   Reward | D: 7343.13 | E: 4887.99 | Q: 4449.60 | H: 27.50 | LB: -0.18 | Enq: 127.19 | Pen: -794.65
2026-05-11 05:02:16,114 | INFO | Update  351 | Steps: 718,848 | Episodes:   351 | EpReward:   781.27 | FPS:     31 | Actor Loss: 0.0005 | Critic Loss: 0.0008
2026-05-11 05:02:16,115 | INFO |   Env | HO: 76.19% | Cont: 98.81% | Task: 88.35% | Resolved: 100.00% | Delay: 2.281s | Energy: 19433.37J | LB: 0.452
2026-05-11 05:02:16,115 | INFO |   Reward | D: 7257.19 | E: 4884.67 | Q: 4377.60 | H: 27.49 | LB: -0.33 | Enq: 127.08 | Pen: -817.77
2026-05-11 05:03:13,333 | INFO | Update  352 | Steps: 720,896 | Episodes:   352 | EpReward:   781.37 | FPS:     36 | Actor Loss: 0.0007 | Critic Loss: 0.0008
2026-05-11 05:03:13,333 | INFO |   Env | HO: 78.57% | Cont: 98.82% | Task: 89.01% | Resolved: 99.99% | Delay: 2.282s | Energy: 19700.19J | LB: 0.485
2026-05-11 05:03:13,333 | INFO |   Reward | D: 7386.83 | E: 4899.99 | Q: 4471.20 | H: 27.42 | LB: -0.22 | Enq: 127.21 | Pen: -802.56
2026-05-11 05:04:21,166 | INFO | Update  353 | Steps: 722,944 | Episodes:   353 | EpReward:   781.42 | FPS:     30 | Actor Loss: 0.0003 | Critic Loss: 0.0007
2026-05-11 05:04:21,167 | INFO |   Env | HO: 80.35% | Cont: 98.86% | Task: 88.99% | Resolved: 99.99% | Delay: 2.267s | Energy: 19531.15J | LB: 0.485
2026-05-11 05:04:21,167 | INFO |   Reward | D: 7410.96 | E: 4923.95 | Q: 4479.60 | H: 26.68 | LB: 0.00 | Enq: 127.76 | Pen: -805.88
2026-05-11 05:05:33,414 | INFO | Update  354 | Steps: 724,992 | Episodes:   354 | EpReward:   781.61 | FPS:     28 | Actor Loss: 0.0005 | Critic Loss: 0.0009
2026-05-11 05:05:33,414 | INFO |   Env | HO: 76.11% | Cont: 98.82% | Task: 89.19% | Resolved: 99.99% | Delay: 2.273s | Energy: 19642.58J | LB: 0.483
2026-05-11 05:05:33,414 | INFO |   Reward | D: 7410.24 | E: 4931.10 | Q: 4512.00 | H: 26.30 | LB: -0.21 | Enq: 127.53 | Pen: -824.47
2026-05-11 05:06:36,691 | INFO | Update  355 | Steps: 727,040 | Episodes:   355 | EpReward:   781.53 | FPS:     32 | Actor Loss: 0.0003 | Critic Loss: 0.0008
2026-05-11 05:06:36,692 | INFO |   Env | HO: 79.31% | Cont: 98.85% | Task: 89.04% | Resolved: 99.99% | Delay: 2.285s | Energy: 19745.61J | LB: 0.481
2026-05-11 05:06:36,692 | INFO |   Reward | D: 7369.96 | E: 4895.49 | Q: 4471.60 | H: 26.47 | LB: -0.12 | Enq: 127.40 | Pen: -808.85
2026-05-11 05:07:42,675 | INFO | Update  356 | Steps: 729,088 | Episodes:   356 | EpReward:   781.42 | FPS:     31 | Actor Loss: 0.0004 | Critic Loss: 0.0007
2026-05-11 05:07:42,675 | INFO |   Env | HO: 76.37% | Cont: 98.82% | Task: 88.67% | Resolved: 99.99% | Delay: 2.286s | Energy: 19450.47J | LB: 0.482
2026-05-11 05:07:42,675 | INFO |   Reward | D: 7226.93 | E: 4850.38 | Q: 4384.80 | H: 26.71 | LB: -0.36 | Enq: 127.09 | Pen: -785.80
2026-05-11 05:09:05,433 | INFO | Update  357 | Steps: 731,136 | Episodes:   357 | EpReward:   781.54 | FPS:     25 | Actor Loss: 0.0002 | Critic Loss: 0.0008
2026-05-11 05:09:05,434 | INFO |   Env | HO: 74.47% | Cont: 98.80% | Task: 88.63% | Resolved: 99.99% | Delay: 2.286s | Energy: 19607.98J | LB: 0.482
2026-05-11 05:09:05,434 | INFO |   Reward | D: 7321.50 | E: 4894.88 | Q: 4424.40 | H: 26.83 | LB: -0.25 | Enq: 127.64 | Pen: -824.88
2026-05-11 05:10:04,699 | INFO | Update  358 | Steps: 733,184 | Episodes:   358 | EpReward:   781.58 | FPS:     35 | Actor Loss: 0.0004 | Critic Loss: 0.0009
2026-05-11 05:10:04,699 | INFO |   Env | HO: 81.11% | Cont: 98.85% | Task: 88.95% | Resolved: 100.00% | Delay: 2.281s | Energy: 19786.07J | LB: 0.477
2026-05-11 05:10:04,699 | INFO |   Reward | D: 7370.00 | E: 4917.36 | Q: 4485.20 | H: 27.88 | LB: -0.29 | Enq: 128.28 | Pen: -820.54
2026-05-11 05:11:06,673 | INFO | Update  359 | Steps: 735,232 | Episodes:   359 | EpReward:   781.74 | FPS:     33 | Actor Loss: 0.0005 | Critic Loss: 0.0008
2026-05-11 05:11:06,673 | INFO |   Env | HO: 79.26% | Cont: 98.82% | Task: 89.30% | Resolved: 100.00% | Delay: 2.289s | Energy: 20172.17J | LB: 0.480
2026-05-11 05:11:06,673 | INFO |   Reward | D: 7458.08 | E: 4902.31 | Q: 4523.20 | H: 28.51 | LB: -0.13 | Enq: 128.35 | Pen: -779.10
2026-05-11 05:11:53,041 | INFO | Update  360 | Steps: 737,280 | Episodes:   360 | EpReward:   781.84 | FPS:     44 | Actor Loss: 0.0005 | Critic Loss: 0.0009
2026-05-11 05:11:53,042 | INFO |   Env | HO: 80.46% | Cont: 98.85% | Task: 88.97% | Resolved: 99.99% | Delay: 2.299s | Energy: 20571.07J | LB: 0.482
2026-05-11 05:11:53,042 | INFO |   Reward | D: 7445.42 | E: 4923.56 | Q: 4512.00 | H: 26.86 | LB: -0.15 | Enq: 127.83 | Pen: -806.88
2026-05-11 05:12:46,336 | INFO | Update  361 | Steps: 739,328 | Episodes:   361 | EpReward:   781.75 | FPS:     38 | Actor Loss: -0.0002 | Critic Loss: 0.0006
2026-05-11 05:12:46,340 | INFO |   Env | HO: 76.50% | Cont: 98.82% | Task: 88.72% | Resolved: 99.99% | Delay: 2.295s | Energy: 20049.34J | LB: 0.483
2026-05-11 05:12:46,340 | INFO |   Reward | D: 7270.07 | E: 4824.83 | Q: 4392.80 | H: 26.86 | LB: -0.20 | Enq: 126.14 | Pen: -802.60
2026-05-11 05:13:33,515 | INFO | Update  362 | Steps: 741,376 | Episodes:   362 | EpReward:   781.77 | FPS:     43 | Actor Loss: 0.0003 | Critic Loss: 0.0007
2026-05-11 05:13:33,515 | INFO |   Env | HO: 82.53% | Cont: 98.88% | Task: 88.70% | Resolved: 99.99% | Delay: 2.287s | Energy: 20268.51J | LB: 0.483
2026-05-11 05:13:33,516 | INFO |   Reward | D: 7314.77 | E: 4876.46 | Q: 4433.60 | H: 26.34 | LB: -0.12 | Enq: 128.47 | Pen: -778.28
2026-05-11 05:14:33,264 | INFO | Update  363 | Steps: 743,424 | Episodes:   363 | EpReward:   781.82 | FPS:     34 | Actor Loss: 0.0004 | Critic Loss: 0.0008
2026-05-11 05:14:33,264 | INFO |   Env | HO: 77.84% | Cont: 98.84% | Task: 89.06% | Resolved: 99.99% | Delay: 2.295s | Energy: 20465.12J | LB: 0.481
2026-05-11 05:14:33,264 | INFO |   Reward | D: 7324.27 | E: 4912.60 | Q: 4513.20 | H: 26.33 | LB: -0.39 | Enq: 128.30 | Pen: -807.21
2026-05-11 05:15:42,326 | INFO | Update  364 | Steps: 745,472 | Episodes:   364 | EpReward:   781.75 | FPS:     30 | Actor Loss: 0.0002 | Critic Loss: 0.0008
2026-05-11 05:15:42,326 | INFO |   Env | HO: 76.50% | Cont: 98.82% | Task: 88.38% | Resolved: 99.99% | Delay: 2.303s | Energy: 20691.91J | LB: 0.483
2026-05-11 05:15:42,326 | INFO |   Reward | D: 7265.31 | E: 4870.32 | Q: 4404.40 | H: 26.85 | LB: -0.17 | Enq: 127.26 | Pen: -826.07
2026-05-11 05:16:28,135 | INFO | Update  365 | Steps: 747,520 | Episodes:   365 | EpReward:   781.83 | FPS:     45 | Actor Loss: 0.0004 | Critic Loss: 0.0006
2026-05-11 05:16:28,135 | INFO |   Env | HO: 80.70% | Cont: 98.86% | Task: 89.17% | Resolved: 99.99% | Delay: 2.279s | Energy: 20657.17J | LB: 0.482
2026-05-11 05:16:28,135 | INFO |   Reward | D: 7516.06 | E: 4940.11 | Q: 4548.00 | H: 26.52 | LB: -0.22 | Enq: 127.61 | Pen: -840.31
2026-05-11 05:17:25,180 | INFO | Update  366 | Steps: 749,568 | Episodes:   366 | EpReward:   781.77 | FPS:     36 | Actor Loss: 0.0003 | Critic Loss: 0.0007
2026-05-11 05:17:25,180 | INFO |   Env | HO: 82.14% | Cont: 98.87% | Task: 88.70% | Resolved: 99.99% | Delay: 2.304s | Energy: 20520.71J | LB: 0.482
2026-05-11 05:17:25,180 | INFO |   Reward | D: 7276.51 | E: 4857.97 | Q: 4428.40 | H: 26.53 | LB: -0.08 | Enq: 127.40 | Pen: -809.67
2026-05-11 05:18:27,929 | INFO | Update  367 | Steps: 751,616 | Episodes:   367 | EpReward:   781.71 | FPS:     33 | Actor Loss: 0.0008 | Critic Loss: 0.0007
2026-05-11 05:18:27,934 | INFO |   Env | HO: 76.09% | Cont: 98.81% | Task: 89.38% | Resolved: 99.99% | Delay: 2.290s | Energy: 20235.88J | LB: 0.483
2026-05-11 05:18:27,934 | INFO |   Reward | D: 7295.39 | E: 4833.76 | Q: 4476.80 | H: 26.83 | LB: -0.36 | Enq: 127.48 | Pen: -791.67
2026-05-11 05:19:28,222 | INFO | Update  368 | Steps: 753,664 | Episodes:   368 | EpReward:   781.73 | FPS:     34 | Actor Loss: 0.0015 | Critic Loss: 0.0009
2026-05-11 05:19:28,222 | INFO |   Env | HO: 77.00% | Cont: 97.90% | Task: 88.99% | Resolved: 99.99% | Delay: 2.285s | Energy: 19861.48J | LB: 0.369
2026-05-11 05:19:28,222 | INFO |   Reward | D: 7344.35 | E: 4907.94 | Q: 4482.40 | H: 89.29 | LB: 0.12 | Enq: 135.31 | Pen: -836.87
2026-05-11 05:20:39,122 | INFO | Update  369 | Steps: 755,712 | Episodes:   369 | EpReward:   781.80 | FPS:     29 | Actor Loss: 0.0020 | Critic Loss: 0.0008
2026-05-11 05:20:39,123 | INFO |   Env | HO: 75.16% | Cont: 96.86% | Task: 88.25% | Resolved: 99.98% | Delay: 2.313s | Energy: 19983.25J | LB: 0.257
2026-05-11 05:20:39,123 | INFO |   Reward | D: 7244.14 | E: 4950.67 | Q: 4436.00 | H: 155.38 | LB: -0.17 | Enq: 144.97 | Pen: -861.77
2026-05-11 05:21:33,155 | INFO | Update  370 | Steps: 757,760 | Episodes:   370 | EpReward:   781.83 | FPS:     38 | Actor Loss: 0.0018 | Critic Loss: 0.0009
2026-05-11 05:21:33,155 | INFO |   Env | HO: 77.90% | Cont: 96.79% | Task: 88.26% | Resolved: 99.99% | Delay: 2.308s | Energy: 19829.52J | LB: 0.225
2026-05-11 05:21:33,155 | INFO |   Reward | D: 7221.03 | E: 4918.82 | Q: 4404.00 | H: 169.41 | LB: -0.28 | Enq: 143.80 | Pen: -852.70
2026-05-11 05:22:35,216 | INFO | Update  371 | Steps: 759,808 | Episodes:   371 | EpReward:   781.87 | FPS:     33 | Actor Loss: 0.0012 | Critic Loss: 0.0006
2026-05-11 05:22:35,216 | INFO |   Env | HO: 73.93% | Cont: 96.84% | Task: 88.40% | Resolved: 99.99% | Delay: 2.311s | Energy: 20016.39J | LB: 0.247
2026-05-11 05:22:35,216 | INFO |   Reward | D: 7229.47 | E: 4932.94 | Q: 4436.40 | H: 150.91 | LB: -0.53 | Enq: 143.72 | Pen: -875.91
2026-05-11 05:23:33,445 | INFO | Update  372 | Steps: 761,856 | Episodes:   372 | EpReward:   781.89 | FPS:     35 | Actor Loss: 0.0012 | Critic Loss: 0.0010
2026-05-11 05:23:33,445 | INFO |   Env | HO: 76.62% | Cont: 96.94% | Task: 88.69% | Resolved: 99.99% | Delay: 2.304s | Energy: 19701.29J | LB: 0.240
2026-05-11 05:23:33,445 | INFO |   Reward | D: 7176.86 | E: 4885.15 | Q: 4420.80 | H: 155.46 | LB: -0.48 | Enq: 141.86 | Pen: -830.35
2026-05-11 05:24:33,662 | INFO | Update  373 | Steps: 763,904 | Episodes:   373 | EpReward:   781.86 | FPS:     34 | Actor Loss: 0.0010 | Critic Loss: 0.0009
2026-05-11 05:24:33,662 | INFO |   Env | HO: 73.22% | Cont: 96.78% | Task: 88.74% | Resolved: 100.00% | Delay: 2.306s | Energy: 19556.12J | LB: 0.259
2026-05-11 05:24:33,663 | INFO |   Reward | D: 7170.21 | E: 4875.76 | Q: 4416.40 | H: 151.43 | LB: -0.50 | Enq: 142.55 | Pen: -838.92
2026-05-11 05:25:52,516 | INFO | Update  374 | Steps: 765,952 | Episodes:   374 | EpReward:   781.75 | FPS:     26 | Actor Loss: 0.0009 | Critic Loss: 0.0010
2026-05-11 05:25:52,517 | INFO |   Env | HO: 75.39% | Cont: 96.82% | Task: 87.67% | Resolved: 99.98% | Delay: 2.314s | Energy: 19552.06J | LB: 0.254
2026-05-11 05:25:52,517 | INFO |   Reward | D: 7051.01 | E: 4843.52 | Q: 4275.60 | H: 156.69 | LB: -0.40 | Enq: 141.34 | Pen: -859.24
2026-05-11 05:26:48,575 | INFO | Update  375 | Steps: 768,000 | Episodes:   375 | EpReward:   781.81 | FPS:     37 | Actor Loss: 0.0006 | Critic Loss: 0.0010
2026-05-11 05:26:48,576 | INFO |   Env | HO: 78.35% | Cont: 97.44% | Task: 88.51% | Resolved: 99.99% | Delay: 2.301s | Energy: 19811.60J | LB: 0.300
2026-05-11 05:26:48,576 | INFO |   Reward | D: 7209.95 | E: 4873.54 | Q: 4396.00 | H: 123.22 | LB: 0.13 | Enq: 140.42 | Pen: -800.99
2026-05-11 05:27:43,162 | INFO | Update  376 | Steps: 770,048 | Episodes:   376 | EpReward:   781.89 | FPS:     38 | Actor Loss: 0.0011 | Critic Loss: 0.0009
2026-05-11 05:27:43,162 | INFO |   Env | HO: 75.80% | Cont: 97.37% | Task: 88.44% | Resolved: 99.97% | Delay: 2.303s | Energy: 20129.94J | LB: 0.266
2026-05-11 05:27:43,162 | INFO |   Reward | D: 7292.18 | E: 4932.80 | Q: 4445.60 | H: 121.73 | LB: -0.24 | Enq: 138.75 | Pen: -849.28
2026-05-11 05:28:33,108 | INFO | Update  377 | Steps: 772,096 | Episodes:   377 | EpReward:   781.90 | FPS:     41 | Actor Loss: 0.0007 | Critic Loss: 0.0008
2026-05-11 05:28:33,111 | INFO |   Env | HO: 75.42% | Cont: 97.45% | Task: 88.60% | Resolved: 99.99% | Delay: 2.297s | Energy: 19597.74J | LB: 0.260
2026-05-11 05:28:33,111 | INFO |   Reward | D: 7250.01 | E: 4889.29 | Q: 4409.60 | H: 114.67 | LB: -0.07 | Enq: 137.18 | Pen: -844.16
2026-05-11 05:29:27,675 | INFO | Update  378 | Steps: 774,144 | Episodes:   378 | EpReward:   781.83 | FPS:     38 | Actor Loss: 0.0007 | Critic Loss: 0.0008
2026-05-11 05:29:27,681 | INFO |   Env | HO: 77.72% | Cont: 97.66% | Task: 88.56% | Resolved: 99.99% | Delay: 2.293s | Energy: 19399.55J | LB: 0.335
2026-05-11 05:29:27,682 | INFO |   Reward | D: 7177.40 | E: 4875.22 | Q: 4391.20 | H: 106.79 | LB: 0.07 | Enq: 137.07 | Pen: -800.38
2026-05-11 05:30:18,326 | INFO | Update  379 | Steps: 776,192 | Episodes:   379 | EpReward:   781.89 | FPS:     40 | Actor Loss: 0.0015 | Critic Loss: 0.0008
2026-05-11 05:30:18,329 | INFO |   Env | HO: 74.39% | Cont: 96.97% | Task: 88.63% | Resolved: 99.97% | Delay: 2.300s | Energy: 19722.05J | LB: 0.274
2026-05-11 05:30:18,330 | INFO |   Reward | D: 7301.59 | E: 4931.12 | Q: 4456.80 | H: 143.88 | LB: -0.59 | Enq: 141.13 | Pen: -878.34
2026-05-11 05:31:06,142 | INFO | Update  380 | Steps: 778,240 | Episodes:   380 | EpReward:   781.76 | FPS:     43 | Actor Loss: 0.0011 | Critic Loss: 0.0010
2026-05-11 05:31:06,142 | INFO |   Env | HO: 76.73% | Cont: 97.25% | Task: 88.48% | Resolved: 99.99% | Delay: 2.280s | Energy: 19056.18J | LB: 0.311
2026-05-11 05:31:06,142 | INFO |   Reward | D: 7229.14 | E: 4912.15 | Q: 4402.00 | H: 132.09 | LB: -0.09 | Enq: 140.46 | Pen: -828.36
2026-05-11 05:32:05,772 | INFO | Update  381 | Steps: 780,288 | Episodes:   381 | EpReward:   781.81 | FPS:     34 | Actor Loss: 0.0011 | Critic Loss: 0.0006
2026-05-11 05:32:05,775 | INFO |   Env | HO: 74.94% | Cont: 97.43% | Task: 88.74% | Resolved: 99.98% | Delay: 2.292s | Energy: 19570.12J | LB: 0.359
2026-05-11 05:32:05,775 | INFO |   Reward | D: 7295.83 | E: 4877.60 | Q: 4422.40 | H: 112.91 | LB: 0.05 | Enq: 134.47 | Pen: -873.29
2026-05-11 05:33:18,385 | INFO | Update  382 | Steps: 782,336 | Episodes:   382 | EpReward:   781.88 | FPS:     28 | Actor Loss: 0.0009 | Critic Loss: 0.0007
2026-05-11 05:33:18,385 | INFO |   Env | HO: 74.52% | Cont: 97.30% | Task: 88.65% | Resolved: 99.99% | Delay: 2.272s | Energy: 19221.71J | LB: 0.314
2026-05-11 05:33:18,385 | INFO |   Reward | D: 7343.76 | E: 4933.13 | Q: 4441.20 | H: 119.54 | LB: -0.23 | Enq: 138.05 | Pen: -858.03
2026-05-11 05:34:28,893 | INFO | Update  383 | Steps: 784,384 | Episodes:   383 | EpReward:   781.86 | FPS:     29 | Actor Loss: 0.0007 | Critic Loss: 0.0008
2026-05-11 05:34:28,902 | INFO |   Env | HO: 75.04% | Cont: 97.80% | Task: 88.29% | Resolved: 100.00% | Delay: 2.279s | Energy: 19129.43J | LB: 0.326
2026-05-11 05:34:28,902 | INFO |   Reward | D: 7216.22 | E: 4922.02 | Q: 4390.80 | H: 90.12 | LB: 0.05 | Enq: 137.55 | Pen: -811.12
2026-05-11 05:35:32,650 | INFO | Update  384 | Steps: 786,432 | Episodes:   384 | EpReward:   781.99 | FPS:     32 | Actor Loss: 0.0009 | Critic Loss: 0.0008
2026-05-11 05:35:32,650 | INFO |   Env | HO: 72.58% | Cont: 97.82% | Task: 88.52% | Resolved: 100.00% | Delay: 2.289s | Energy: 19575.30J | LB: 0.350
2026-05-11 05:35:32,650 | INFO |   Reward | D: 7285.34 | E: 4908.99 | Q: 4418.00 | H: 78.84 | LB: -0.26 | Enq: 135.10 | Pen: -831.32
2026-05-11 05:36:50,520 | INFO | Update  385 | Steps: 788,480 | Episodes:   385 | EpReward:   782.07 | FPS:     26 | Actor Loss: 0.0002 | Critic Loss: 0.0007
2026-05-11 05:36:50,520 | INFO |   Env | HO: 73.57% | Cont: 98.16% | Task: 88.21% | Resolved: 99.96% | Delay: 2.276s | Energy: 19074.81J | LB: 0.300
2026-05-11 05:36:50,520 | INFO |   Reward | D: 7253.01 | E: 4926.61 | Q: 4382.80 | H: 63.37 | LB: 0.08 | Enq: 138.56 | Pen: -761.61
2026-05-11 05:37:40,629 | INFO | Update  386 | Steps: 790,528 | Episodes:   386 | EpReward:   782.24 | FPS:     41 | Actor Loss: 0.0007 | Critic Loss: 0.0008
2026-05-11 05:37:40,630 | INFO |   Env | HO: 74.89% | Cont: 98.26% | Task: 89.12% | Resolved: 99.99% | Delay: 2.276s | Energy: 19349.84J | LB: 0.323
2026-05-11 05:37:40,630 | INFO |   Reward | D: 7361.60 | E: 4927.21 | Q: 4491.20 | H: 60.08 | LB: -0.32 | Enq: 136.32 | Pen: -783.37
2026-05-11 05:38:40,579 | INFO | Update  387 | Steps: 792,576 | Episodes:   387 | EpReward:   782.34 | FPS:     34 | Actor Loss: 0.0010 | Critic Loss: 0.0008
2026-05-11 05:38:40,579 | INFO |   Env | HO: 77.63% | Cont: 98.42% | Task: 88.59% | Resolved: 99.99% | Delay: 2.267s | Energy: 18848.79J | LB: 0.390
2026-05-11 05:38:40,579 | INFO |   Reward | D: 7284.55 | E: 4901.25 | Q: 4403.20 | H: 53.22 | LB: -0.33 | Enq: 132.38 | Pen: -781.36
2026-05-11 05:39:41,116 | INFO | Update  388 | Steps: 794,624 | Episodes:   388 | EpReward:   782.42 | FPS:     34 | Actor Loss: 0.0005 | Critic Loss: 0.0008
2026-05-11 05:39:41,117 | INFO |   Env | HO: 75.73% | Cont: 98.40% | Task: 89.04% | Resolved: 100.00% | Delay: 2.276s | Energy: 19398.10J | LB: 0.282
2026-05-11 05:39:41,117 | INFO |   Reward | D: 7391.76 | E: 4948.88 | Q: 4505.20 | H: 52.80 | LB: -0.20 | Enq: 136.55 | Pen: -772.86
2026-05-11 05:40:34,806 | INFO | Update  389 | Steps: 796,672 | Episodes:   389 | EpReward:   782.68 | FPS:     38 | Actor Loss: 0.0006 | Critic Loss: 0.0008
2026-05-11 05:40:34,806 | INFO |   Env | HO: 74.56% | Cont: 98.34% | Task: 89.02% | Resolved: 99.98% | Delay: 2.282s | Energy: 19677.20J | LB: 0.305
2026-05-11 05:40:34,806 | INFO |   Reward | D: 7403.73 | E: 4936.11 | Q: 4500.00 | H: 55.21 | LB: -0.16 | Enq: 135.73 | Pen: -782.54
2026-05-11 05:41:35,626 | INFO | Update  390 | Steps: 798,720 | Episodes:   390 | EpReward:   782.59 | FPS:     34 | Actor Loss: 0.0009 | Critic Loss: 0.0008
2026-05-11 05:41:35,630 | INFO |   Env | HO: 74.18% | Cont: 98.36% | Task: 88.99% | Resolved: 99.99% | Delay: 2.278s | Energy: 19229.45J | LB: 0.355
2026-05-11 05:41:35,630 | INFO |   Reward | D: 7308.59 | E: 4878.02 | Q: 4438.00 | H: 54.16 | LB: -0.31 | Enq: 133.72 | Pen: -774.49
2026-05-11 05:42:23,809 | INFO | Update  391 | Steps: 800,768 | Episodes:   391 | EpReward:   782.73 | FPS:     43 | Actor Loss: 0.0035 | Critic Loss: 0.0007
2026-05-11 05:42:23,810 | INFO |   Env | HO: 74.50% | Cont: 97.10% | Task: 89.22% | Resolved: 99.99% | Delay: 2.284s | Energy: 19606.03J | LB: 0.417
2026-05-11 05:42:23,810 | INFO |   Reward | D: 7429.62 | E: 4940.96 | Q: 4530.40 | H: 134.39 | LB: -0.46 | Enq: 130.91 | Pen: -963.63
2026-05-11 05:42:23,810 | INFO | ----------------------------------------
2026-05-11 05:42:23,810 | INFO | 开始评估...
2026-05-11 05:48:15,448 | INFO | 评估结果: 奖励 = 787.35 ± 4.38, 长度 = 2000, 时延 = 2.272s, 能耗 = 191288.01J, 负载均衡 = 0.489
2026-05-11 05:48:15,449 | INFO | ----------------------------------------
2026-05-11 05:48:15,482 | INFO | 模型已保存: /home/pjpjq/LEO_switch/results/baseline_compare/20260510_010757/learned_baselines/mappo_no_han/checkpoint_800768.pt
2026-05-11 05:49:18,845 | INFO | Update  392 | Steps: 802,816 | Episodes:   392 | EpReward:   782.83 | FPS:     32 | Actor Loss: 0.0006 | Critic Loss: 0.0009
2026-05-11 05:49:18,845 | INFO |   Env | HO: 80.16% | Cont: 98.65% | Task: 88.64% | Resolved: 100.00% | Delay: 2.269s | Energy: 19533.48J | LB: 0.367
2026-05-11 05:49:18,845 | INFO |   Reward | D: 7387.85 | E: 4942.66 | Q: 4458.00 | H: 37.86 | LB: -0.04 | Enq: 131.46 | Pen: -794.25
2026-05-11 05:50:02,827 | INFO | Update  393 | Steps: 804,864 | Episodes:   393 | EpReward:   782.99 | FPS:     47 | Actor Loss: 0.0008 | Critic Loss: 0.0008
2026-05-11 05:50:02,831 | INFO |   Env | HO: 79.76% | Cont: 98.67% | Task: 88.80% | Resolved: 99.98% | Delay: 2.278s | Energy: 19753.42J | LB: 0.404
2026-05-11 05:50:02,831 | INFO |   Reward | D: 7462.44 | E: 4920.66 | Q: 4472.40 | H: 37.81 | LB: -0.38 | Enq: 130.31 | Pen: -798.36
2026-05-11 05:51:04,312 | INFO | Update  394 | Steps: 806,912 | Episodes:   394 | EpReward:   783.05 | FPS:     33 | Actor Loss: 0.0005 | Critic Loss: 0.0007
2026-05-11 05:51:04,312 | INFO |   Env | HO: 77.05% | Cont: 98.69% | Task: 89.35% | Resolved: 99.99% | Delay: 2.281s | Energy: 19708.67J | LB: 0.449
2026-05-11 05:51:04,312 | INFO |   Reward | D: 7343.83 | E: 4855.25 | Q: 4474.40 | H: 35.39 | LB: -0.05 | Enq: 128.17 | Pen: -788.57
2026-05-11 05:52:01,502 | INFO | Update  395 | Steps: 808,960 | Episodes:   395 | EpReward:   783.12 | FPS:     36 | Actor Loss: 0.0006 | Critic Loss: 0.0007
2026-05-11 05:52:01,502 | INFO |   Env | HO: 75.64% | Cont: 98.66% | Task: 88.85% | Resolved: 99.98% | Delay: 2.290s | Energy: 19951.73J | LB: 0.440
2026-05-11 05:52:01,502 | INFO |   Reward | D: 7336.58 | E: 4894.33 | Q: 4458.00 | H: 33.33 | LB: -0.27 | Enq: 130.78 | Pen: -771.33
2026-05-11 05:52:50,066 | INFO | Update  396 | Steps: 811,008 | Episodes:   396 | EpReward:   783.14 | FPS:     42 | Actor Loss: 0.0005 | Critic Loss: 0.0008
2026-05-11 05:52:50,066 | INFO |   Env | HO: 77.43% | Cont: 98.69% | Task: 89.14% | Resolved: 99.99% | Delay: 2.280s | Energy: 19837.86J | LB: 0.409
2026-05-11 05:52:50,066 | INFO |   Reward | D: 7389.15 | E: 4912.89 | Q: 4496.00 | H: 33.12 | LB: -0.12 | Enq: 130.16 | Pen: -804.20
2026-05-11 05:53:53,981 | INFO | Update  397 | Steps: 813,056 | Episodes:   397 | EpReward:   783.17 | FPS:     32 | Actor Loss: 0.0008 | Critic Loss: 0.0007
2026-05-11 05:53:53,981 | INFO |   Env | HO: 82.16% | Cont: 98.77% | Task: 89.21% | Resolved: 99.99% | Delay: 2.275s | Energy: 19682.21J | LB: 0.463
2026-05-11 05:53:53,981 | INFO |   Reward | D: 7397.95 | E: 4887.91 | Q: 4485.20 | H: 33.32 | LB: -0.31 | Enq: 128.58 | Pen: -770.91
2026-05-11 05:55:03,649 | INFO | Update  398 | Steps: 815,104 | Episodes:   398 | EpReward:   783.17 | FPS:     29 | Actor Loss: 0.0003 | Critic Loss: 0.0012
2026-05-11 05:55:03,649 | INFO |   Env | HO: 81.45% | Cont: 98.70% | Task: 88.94% | Resolved: 100.00% | Delay: 2.288s | Energy: 20089.72J | LB: 0.471
2026-05-11 05:55:03,649 | INFO |   Reward | D: 7419.06 | E: 4908.41 | Q: 4488.00 | H: 34.31 | LB: -0.29 | Enq: 128.43 | Pen: -825.44
2026-05-11 05:55:55,260 | INFO | Update  399 | Steps: 817,152 | Episodes:   399 | EpReward:   783.21 | FPS:     40 | Actor Loss: 0.0006 | Critic Loss: 0.0006
2026-05-11 05:55:55,260 | INFO |   Env | HO: 78.04% | Cont: 98.75% | Task: 89.06% | Resolved: 99.99% | Delay: 2.276s | Energy: 19577.07J | LB: 0.474
2026-05-11 05:55:55,260 | INFO |   Reward | D: 7306.04 | E: 4865.72 | Q: 4444.80 | H: 31.96 | LB: -0.09 | Enq: 128.24 | Pen: -784.56
2026-05-11 05:56:44,285 | INFO | Update  400 | Steps: 819,200 | Episodes:   400 | EpReward:   783.35 | FPS:     42 | Actor Loss: 0.0007 | Critic Loss: 0.0011
2026-05-11 05:56:44,285 | INFO |   Env | HO: 73.02% | Cont: 98.55% | Task: 88.93% | Resolved: 99.99% | Delay: 2.274s | Energy: 19963.73J | LB: 0.466
2026-05-11 05:56:44,285 | INFO |   Reward | D: 7510.62 | E: 4927.05 | Q: 4490.40 | H: 38.81 | LB: -0.30 | Enq: 128.61 | Pen: -816.83
2026-05-11 05:57:43,035 | INFO | Update  401 | Steps: 821,248 | Episodes:   401 | EpReward:   783.37 | FPS:     35 | Actor Loss: 0.0002 | Critic Loss: 0.0009
2026-05-11 05:57:43,035 | INFO |   Env | HO: 79.62% | Cont: 98.59% | Task: 89.32% | Resolved: 99.99% | Delay: 2.291s | Energy: 19889.90J | LB: 0.467
2026-05-11 05:57:43,035 | INFO |   Reward | D: 7358.34 | E: 4850.80 | Q: 4476.40 | H: 39.37 | LB: -0.06 | Enq: 128.00 | Pen: -794.34
2026-05-11 05:58:39,549 | INFO | Update  402 | Steps: 823,296 | Episodes:   402 | EpReward:   783.48 | FPS:     36 | Actor Loss: 0.0012 | Critic Loss: 0.0005
2026-05-11 05:58:39,549 | INFO |   Env | HO: 75.38% | Cont: 98.57% | Task: 89.26% | Resolved: 99.97% | Delay: 2.274s | Energy: 19718.72J | LB: 0.470
2026-05-11 05:58:39,549 | INFO |   Reward | D: 7388.79 | E: 4887.65 | Q: 4491.60 | H: 38.03 | LB: -0.18 | Enq: 128.37 | Pen: -808.69
2026-05-11 05:59:29,427 | INFO | Update  403 | Steps: 825,344 | Episodes:   403 | EpReward:   783.53 | FPS:     41 | Actor Loss: 0.0007 | Critic Loss: 0.0010
2026-05-11 05:59:29,427 | INFO |   Env | HO: 75.81% | Cont: 98.60% | Task: 88.87% | Resolved: 99.98% | Delay: 2.286s | Energy: 20107.06J | LB: 0.476
2026-05-11 05:59:29,427 | INFO |   Reward | D: 7409.40 | E: 4897.32 | Q: 4466.00 | H: 39.78 | LB: -0.36 | Enq: 127.75 | Pen: -824.74
2026-05-11 06:00:13,362 | INFO | Update  404 | Steps: 827,392 | Episodes:   404 | EpReward:   783.47 | FPS:     47 | Actor Loss: 0.0007 | Critic Loss: 0.0009
2026-05-11 06:00:13,362 | INFO |   Env | HO: 78.47% | Cont: 98.53% | Task: 88.92% | Resolved: 99.99% | Delay: 2.290s | Energy: 19725.52J | LB: 0.401
2026-05-11 06:00:13,362 | INFO |   Reward | D: 7354.01 | E: 4876.18 | Q: 4446.40 | H: 40.31 | LB: -0.26 | Enq: 130.04 | Pen: -803.83
2026-05-11 06:01:09,951 | INFO | Update  405 | Steps: 829,440 | Episodes:   405 | EpReward:   783.49 | FPS:     36 | Actor Loss: 0.0004 | Critic Loss: 0.0009
2026-05-11 06:01:09,955 | INFO |   Env | HO: 75.00% | Cont: 98.59% | Task: 88.99% | Resolved: 100.00% | Delay: 2.294s | Energy: 19814.58J | LB: 0.427
2026-05-11 06:01:09,955 | INFO |   Reward | D: 7266.54 | E: 4836.22 | Q: 4421.20 | H: 34.65 | LB: -0.07 | Enq: 126.92 | Pen: -812.44
2026-05-11 06:02:28,730 | INFO | Update  406 | Steps: 831,488 | Episodes:   406 | EpReward:   783.51 | FPS:     26 | Actor Loss: 0.0004 | Critic Loss: 0.0008
2026-05-11 06:02:28,734 | INFO |   Env | HO: 79.25% | Cont: 98.68% | Task: 88.53% | Resolved: 99.99% | Delay: 2.284s | Energy: 20001.06J | LB: 0.442
2026-05-11 06:02:28,734 | INFO |   Reward | D: 7378.39 | E: 4926.36 | Q: 4447.20 | H: 36.12 | LB: -0.25 | Enq: 128.43 | Pen: -830.64
2026-05-11 06:03:21,245 | INFO | Update  407 | Steps: 833,536 | Episodes:   407 | EpReward:   783.59 | FPS:     39 | Actor Loss: 0.0006 | Critic Loss: 0.0008
2026-05-11 06:03:21,245 | INFO |   Env | HO: 82.59% | Cont: 98.68% | Task: 88.66% | Resolved: 100.00% | Delay: 2.289s | Energy: 20498.35J | LB: 0.443
2026-05-11 06:03:21,246 | INFO |   Reward | D: 7506.73 | E: 4936.07 | Q: 4489.60 | H: 38.60 | LB: -0.26 | Enq: 128.26 | Pen: -881.89
2026-05-11 06:04:18,250 | INFO | Update  408 | Steps: 835,584 | Episodes:   408 | EpReward:   783.55 | FPS:     36 | Actor Loss: -0.0056 | Critic Loss: 0.0007
2026-05-11 06:04:18,250 | INFO |   Env | HO: 78.23% | Cont: 98.60% | Task: 88.94% | Resolved: 99.99% | Delay: 2.290s | Energy: 20050.73J | LB: 0.394
2026-05-11 06:04:18,251 | INFO |   Reward | D: 7363.07 | E: 4888.37 | Q: 4469.60 | H: 36.62 | LB: -0.18 | Enq: 130.53 | Pen: -794.06
2026-05-11 06:05:24,978 | INFO | Update  409 | Steps: 837,632 | Episodes:   409 | EpReward:   783.48 | FPS:     31 | Actor Loss: 0.0032 | Critic Loss: 0.0008
2026-05-11 06:05:24,979 | INFO |   Env | HO: 76.43% | Cont: 94.96% | Task: 88.63% | Resolved: 99.99% | Delay: 2.302s | Energy: 19519.53J | LB: 0.414
2026-05-11 06:05:24,979 | INFO |   Reward | D: 7273.30 | E: 4916.02 | Q: 4441.60 | H: 289.41 | LB: -0.46 | Enq: 134.85 | Pen: -1111.60
2026-05-11 06:06:23,355 | INFO | Update  410 | Steps: 839,680 | Episodes:   410 | EpReward:   783.48 | FPS:     35 | Actor Loss: 0.0019 | Critic Loss: 0.0008
2026-05-11 06:06:23,355 | INFO |   Env | HO: 75.74% | Cont: 95.52% | Task: 88.33% | Resolved: 99.99% | Delay: 2.296s | Energy: 19553.48J | LB: 0.427
2026-05-11 06:06:23,355 | INFO |   Reward | D: 7258.17 | E: 4895.86 | Q: 4392.40 | H: 244.14 | LB: -0.34 | Enq: 134.54 | Pen: -1077.51
2026-05-11 06:07:29,389 | INFO | Update  411 | Steps: 841,728 | Episodes:   411 | EpReward:   783.30 | FPS:     31 | Actor Loss: 0.0017 | Critic Loss: 0.0008
2026-05-11 06:07:29,390 | INFO |   Env | HO: 73.72% | Cont: 96.02% | Task: 88.06% | Resolved: 99.98% | Delay: 2.299s | Energy: 19417.24J | LB: 0.420
2026-05-11 06:07:29,390 | INFO |   Reward | D: 7148.12 | E: 4837.71 | Q: 4306.80 | H: 199.49 | LB: -0.37 | Enq: 131.96 | Pen: -1023.19
2026-05-11 06:08:35,276 | INFO | Update  412 | Steps: 843,776 | Episodes:   412 | EpReward:   783.23 | FPS:     31 | Actor Loss: 0.0010 | Critic Loss: 0.0009
2026-05-11 06:08:35,276 | INFO |   Env | HO: 76.79% | Cont: 97.13% | Task: 88.72% | Resolved: 99.99% | Delay: 2.284s | Energy: 19536.57J | LB: 0.398
2026-05-11 06:08:35,276 | INFO |   Reward | D: 7359.70 | E: 4910.94 | Q: 4449.60 | H: 137.24 | LB: -0.54 | Enq: 131.54 | Pen: -936.51
2026-05-11 06:09:41,609 | INFO | Update  413 | Steps: 845,824 | Episodes:   413 | EpReward:   783.27 | FPS:     31 | Actor Loss: 0.0013 | Critic Loss: 0.0008
2026-05-11 06:09:41,609 | INFO |   Env | HO: 76.11% | Cont: 97.12% | Task: 88.37% | Resolved: 99.99% | Delay: 2.298s | Energy: 20171.63J | LB: 0.394
2026-05-11 06:09:41,609 | INFO |   Reward | D: 7354.91 | E: 4941.93 | Q: 4444.00 | H: 137.73 | LB: -0.13 | Enq: 131.25 | Pen: -976.29
2026-05-11 06:10:40,413 | INFO | Update  414 | Steps: 847,872 | Episodes:   414 | EpReward:   783.38 | FPS:     35 | Actor Loss: 0.0009 | Critic Loss: 0.0008
2026-05-11 06:10:40,413 | INFO |   Env | HO: 75.00% | Cont: 97.17% | Task: 89.05% | Resolved: 99.99% | Delay: 2.287s | Energy: 20372.24J | LB: 0.428
2026-05-11 06:10:40,413 | INFO |   Reward | D: 7529.02 | E: 5002.71 | Q: 4581.20 | H: 131.07 | LB: -0.29 | Enq: 131.08 | Pen: -1011.79
2026-05-11 06:11:30,998 | INFO | Update  415 | Steps: 849,920 | Episodes:   415 | EpReward:   783.36 | FPS:     40 | Actor Loss: 0.0012 | Critic Loss: 0.0006
2026-05-11 06:11:30,998 | INFO |   Env | HO: 73.77% | Cont: 96.34% | Task: 88.90% | Resolved: 99.98% | Delay: 2.317s | Energy: 20290.75J | LB: 0.432
2026-05-11 06:11:30,998 | INFO |   Reward | D: 7340.38 | E: 4879.57 | Q: 4464.00 | H: 180.55 | LB: -0.44 | Enq: 131.22 | Pen: -1046.03
2026-05-11 06:12:22,999 | INFO | Update  416 | Steps: 851,968 | Episodes:   416 | EpReward:   783.35 | FPS:     39 | Actor Loss: 0.0011 | Critic Loss: 0.0007
2026-05-11 06:12:23,002 | INFO |   Env | HO: 74.01% | Cont: 96.87% | Task: 88.31% | Resolved: 99.99% | Delay: 2.294s | Energy: 19906.80J | LB: 0.401
2026-05-11 06:12:23,002 | INFO |   Reward | D: 7362.27 | E: 4940.93 | Q: 4434.00 | H: 144.72 | LB: -0.89 | Enq: 132.32 | Pen: -1013.04
2026-05-11 06:13:27,853 | INFO | Update  417 | Steps: 854,016 | Episodes:   417 | EpReward:   783.56 | FPS:     32 | Actor Loss: 0.0010 | Critic Loss: 0.0008
2026-05-11 06:13:27,857 | INFO |   Env | HO: 74.81% | Cont: 97.78% | Task: 88.72% | Resolved: 99.99% | Delay: 2.287s | Energy: 19842.95J | LB: 0.440
2026-05-11 06:13:27,857 | INFO |   Reward | D: 7366.26 | E: 4947.48 | Q: 4483.20 | H: 89.79 | LB: -0.38 | Enq: 133.25 | Pen: -872.43
2026-05-11 06:14:28,374 | INFO | Update  418 | Steps: 856,064 | Episodes:   418 | EpReward:   783.48 | FPS:     34 | Actor Loss: 0.0007 | Critic Loss: 0.0008
2026-05-11 06:14:28,375 | INFO |   Env | HO: 73.64% | Cont: 97.80% | Task: 88.70% | Resolved: 99.99% | Delay: 2.289s | Energy: 19800.75J | LB: 0.407
2026-05-11 06:14:28,375 | INFO |   Reward | D: 7323.46 | E: 4893.97 | Q: 4437.20 | H: 84.02 | LB: -0.53 | Enq: 130.06 | Pen: -884.08
2026-05-11 06:15:31,094 | INFO | Update  419 | Steps: 858,112 | Episodes:   419 | EpReward:   783.50 | FPS:     33 | Actor Loss: 0.0010 | Critic Loss: 0.0007
2026-05-11 06:15:31,094 | INFO |   Env | HO: 76.17% | Cont: 97.74% | Task: 88.94% | Resolved: 99.98% | Delay: 2.285s | Energy: 19684.40J | LB: 0.381
2026-05-11 06:15:31,094 | INFO |   Reward | D: 7353.50 | E: 4885.42 | Q: 4457.20 | H: 94.83 | LB: -0.19 | Enq: 131.50 | Pen: -858.93
2026-05-11 06:16:17,479 | INFO | Update  420 | Steps: 860,160 | Episodes:   420 | EpReward:   783.52 | FPS:     44 | Actor Loss: 0.0009 | Critic Loss: 0.0007
2026-05-11 06:16:17,479 | INFO |   Env | HO: 75.24% | Cont: 97.85% | Task: 88.77% | Resolved: 99.99% | Delay: 2.280s | Energy: 19862.12J | LB: 0.449
2026-05-11 06:16:17,479 | INFO |   Reward | D: 7456.02 | E: 4947.52 | Q: 4488.80 | H: 84.66 | LB: -0.37 | Enq: 130.12 | Pen: -908.20
2026-05-11 06:17:16,308 | INFO | Update  421 | Steps: 862,208 | Episodes:   421 | EpReward:   783.54 | FPS:     35 | Actor Loss: 0.0009 | Critic Loss: 0.0007
2026-05-11 06:17:16,308 | INFO |   Env | HO: 74.76% | Cont: 98.09% | Task: 88.43% | Resolved: 99.99% | Delay: 2.287s | Energy: 19573.14J | LB: 0.386
2026-05-11 06:17:16,312 | INFO |   Reward | D: 7234.87 | E: 4875.07 | Q: 4390.80 | H: 71.06 | LB: -0.09 | Enq: 130.67 | Pen: -863.40
2026-05-11 06:18:29,545 | INFO | Update  422 | Steps: 864,256 | Episodes:   422 | EpReward:   783.52 | FPS:     28 | Actor Loss: 0.0009 | Critic Loss: 0.0009
2026-05-11 06:18:29,550 | INFO |   Env | HO: 75.48% | Cont: 97.70% | Task: 88.84% | Resolved: 99.99% | Delay: 2.295s | Energy: 19704.59J | LB: 0.467
2026-05-11 06:18:29,550 | INFO |   Reward | D: 7279.90 | E: 4852.62 | Q: 4423.60 | H: 93.29 | LB: 0.01 | Enq: 128.53 | Pen: -872.58
2026-05-11 06:19:31,499 | INFO | Update  423 | Steps: 866,304 | Episodes:   423 | EpReward:   783.59 | FPS:     33 | Actor Loss: 0.0008 | Critic Loss: 0.0008
2026-05-11 06:19:31,499 | INFO |   Env | HO: 75.82% | Cont: 98.25% | Task: 88.69% | Resolved: 99.97% | Delay: 2.274s | Energy: 19793.88J | LB: 0.438
2026-05-11 06:19:31,499 | INFO |   Reward | D: 7391.53 | E: 4910.24 | Q: 4448.00 | H: 63.37 | LB: -0.22 | Enq: 128.97 | Pen: -846.26
2026-05-11 06:20:22,838 | INFO | Update  424 | Steps: 868,352 | Episodes:   424 | EpReward:   783.51 | FPS:     40 | Actor Loss: 0.0006 | Critic Loss: 0.0008
2026-05-11 06:20:22,839 | INFO |   Env | HO: 76.35% | Cont: 98.06% | Task: 88.92% | Resolved: 99.99% | Delay: 2.278s | Energy: 19587.11J | LB: 0.449
2026-05-11 06:20:22,839 | INFO |   Reward | D: 7310.74 | E: 4883.32 | Q: 4444.40 | H: 74.46 | LB: -0.28 | Enq: 130.24 | Pen: -857.66
2026-05-11 06:21:09,576 | INFO | Update  425 | Steps: 870,400 | Episodes:   425 | EpReward:   783.54 | FPS:     44 | Actor Loss: 0.0006 | Critic Loss: 0.0008
2026-05-11 06:21:09,577 | INFO |   Env | HO: 77.29% | Cont: 98.14% | Task: 89.18% | Resolved: 99.99% | Delay: 2.284s | Energy: 19940.16J | LB: 0.416
2026-05-11 06:21:09,577 | INFO |   Reward | D: 7420.68 | E: 4908.79 | Q: 4508.00 | H: 67.81 | LB: -0.31 | Enq: 129.71 | Pen: -855.53
2026-05-11 06:22:18,601 | INFO | Update  426 | Steps: 872,448 | Episodes:   426 | EpReward:   783.56 | FPS:     30 | Actor Loss: 0.0010 | Critic Loss: 0.0007
2026-05-11 06:22:18,601 | INFO |   Env | HO: 75.38% | Cont: 97.94% | Task: 88.51% | Resolved: 99.98% | Delay: 2.291s | Energy: 19785.18J | LB: 0.370
2026-05-11 06:22:18,601 | INFO |   Reward | D: 7300.32 | E: 4839.39 | Q: 4373.60 | H: 80.68 | LB: -0.35 | Enq: 128.85 | Pen: -871.66
2026-05-11 06:23:26,151 | INFO | Update  427 | Steps: 874,496 | Episodes:   427 | EpReward:   783.48 | FPS:     30 | Actor Loss: 0.0008 | Critic Loss: 0.0006
2026-05-11 06:23:26,151 | INFO |   Env | HO: 75.00% | Cont: 97.94% | Task: 88.63% | Resolved: 99.99% | Delay: 2.293s | Energy: 19699.74J | LB: 0.376
2026-05-11 06:23:26,151 | INFO |   Reward | D: 7255.88 | E: 4834.01 | Q: 4383.20 | H: 78.09 | LB: -0.60 | Enq: 130.12 | Pen: -854.15
2026-05-11 06:24:50,990 | INFO | Update  428 | Steps: 876,544 | Episodes:   428 | EpReward:   783.47 | FPS:     24 | Actor Loss: 0.0006 | Critic Loss: 0.0007
2026-05-11 06:24:50,993 | INFO |   Env | HO: 75.63% | Cont: 98.12% | Task: 89.32% | Resolved: 100.00% | Delay: 2.278s | Energy: 19945.55J | LB: 0.417
2026-05-11 06:24:50,993 | INFO |   Reward | D: 7400.73 | E: 4882.98 | Q: 4500.00 | H: 70.81 | LB: 0.16 | Enq: 129.87 | Pen: -842.58
2026-05-11 06:25:56,575 | INFO | Update  429 | Steps: 878,592 | Episodes:   429 | EpReward:   783.52 | FPS:     31 | Actor Loss: 0.0008 | Critic Loss: 0.0008
2026-05-11 06:25:56,579 | INFO |   Env | HO: 76.17% | Cont: 98.26% | Task: 89.21% | Resolved: 99.99% | Delay: 2.290s | Energy: 20158.77J | LB: 0.375
2026-05-11 06:25:56,579 | INFO |   Reward | D: 7402.26 | E: 4903.65 | Q: 4514.40 | H: 62.56 | LB: -0.25 | Enq: 130.77 | Pen: -831.92
2026-05-11 06:26:53,867 | INFO | Update  430 | Steps: 880,640 | Episodes:   430 | EpReward:   783.54 | FPS:     36 | Actor Loss: 0.0008 | Critic Loss: 0.0007
2026-05-11 06:26:53,869 | INFO |   Env | HO: 76.29% | Cont: 98.52% | Task: 88.98% | Resolved: 100.00% | Delay: 2.292s | Energy: 20409.42J | LB: 0.469
2026-05-11 06:26:53,869 | INFO |   Reward | D: 7398.48 | E: 4941.62 | Q: 4520.40 | H: 46.39 | LB: -0.08 | Enq: 129.93 | Pen: -847.79
2026-05-11 06:27:40,325 | INFO | Update  431 | Steps: 882,688 | Episodes:   431 | EpReward:   783.53 | FPS:     44 | Actor Loss: 0.0009 | Critic Loss: 0.0007
2026-05-11 06:27:40,325 | INFO |   Env | HO: 76.92% | Cont: 98.54% | Task: 88.86% | Resolved: 99.99% | Delay: 2.283s | Energy: 19906.86J | LB: 0.433
2026-05-11 06:27:40,325 | INFO |   Reward | D: 7338.73 | E: 4876.53 | Q: 4450.00 | H: 42.74 | LB: -0.48 | Enq: 128.45 | Pen: -824.45
2026-05-11 06:28:34,247 | INFO | Update  432 | Steps: 884,736 | Episodes:   432 | EpReward:   783.46 | FPS:     38 | Actor Loss: 0.0009 | Critic Loss: 0.0007
2026-05-11 06:28:34,247 | INFO |   Env | HO: 78.75% | Cont: 98.49% | Task: 88.62% | Resolved: 99.97% | Delay: 2.283s | Energy: 19900.69J | LB: 0.383
2026-05-11 06:28:34,247 | INFO |   Reward | D: 7274.21 | E: 4854.77 | Q: 4400.00 | H: 46.54 | LB: 0.01 | Enq: 129.94 | Pen: -790.13
2026-05-11 06:29:20,734 | INFO | Update  433 | Steps: 886,784 | Episodes:   433 | EpReward:   783.58 | FPS:     44 | Actor Loss: 0.0002 | Critic Loss: 0.0006
2026-05-11 06:29:20,734 | INFO |   Env | HO: 77.88% | Cont: 98.54% | Task: 88.61% | Resolved: 99.99% | Delay: 2.288s | Energy: 20568.86J | LB: 0.407
2026-05-11 06:29:20,734 | INFO |   Reward | D: 7478.13 | E: 4934.45 | Q: 4478.40 | H: 45.04 | LB: -0.30 | Enq: 129.54 | Pen: -846.75
2026-05-11 06:30:04,572 | INFO | Update  434 | Steps: 888,832 | Episodes:   434 | EpReward:   783.34 | FPS:     47 | Actor Loss: 0.0011 | Critic Loss: 0.0006
2026-05-11 06:30:04,572 | INFO |   Env | HO: 74.25% | Cont: 98.43% | Task: 88.78% | Resolved: 100.00% | Delay: 2.297s | Energy: 19986.99J | LB: 0.466
2026-05-11 06:30:04,572 | INFO |   Reward | D: 7234.45 | E: 4836.92 | Q: 4407.20 | H: 49.96 | LB: 0.05 | Enq: 128.01 | Pen: -824.98
2026-05-11 06:31:05,369 | INFO | Update  435 | Steps: 890,880 | Episodes:   435 | EpReward:   783.27 | FPS:     34 | Actor Loss: 0.0006 | Critic Loss: 0.0007
2026-05-11 06:31:05,373 | INFO |   Env | HO: 74.70% | Cont: 98.31% | Task: 89.32% | Resolved: 99.98% | Delay: 2.296s | Energy: 20374.80J | LB: 0.481
2026-05-11 06:31:05,373 | INFO |   Reward | D: 7359.45 | E: 4864.21 | Q: 4500.80 | H: 56.91 | LB: -0.43 | Enq: 127.65 | Pen: -848.90
2026-05-11 06:31:54,573 | INFO | Update  436 | Steps: 892,928 | Episodes:   436 | EpReward:   782.97 | FPS:     42 | Actor Loss: 0.0005 | Critic Loss: 0.0009
2026-05-11 06:31:54,574 | INFO |   Env | HO: 74.24% | Cont: 98.36% | Task: 88.83% | Resolved: 99.99% | Delay: 2.283s | Energy: 19779.80J | LB: 0.456
2026-05-11 06:31:54,574 | INFO |   Reward | D: 7225.84 | E: 4836.01 | Q: 4404.00 | H: 53.74 | LB: -0.27 | Enq: 128.24 | Pen: -816.35
2026-05-11 06:33:02,475 | INFO | Update  437 | Steps: 894,976 | Episodes:   437 | EpReward:   783.06 | FPS:     30 | Actor Loss: 0.0007 | Critic Loss: 0.0007
2026-05-11 06:33:02,475 | INFO |   Env | HO: 77.34% | Cont: 98.63% | Task: 89.14% | Resolved: 100.00% | Delay: 2.285s | Energy: 20444.94J | LB: 0.457
2026-05-11 06:33:02,476 | INFO |   Reward | D: 7443.23 | E: 4899.80 | Q: 4510.80 | H: 40.14 | LB: 0.00 | Enq: 127.76 | Pen: -829.33
2026-05-11 06:34:07,967 | INFO | Update  438 | Steps: 897,024 | Episodes:   438 | EpReward:   783.13 | FPS:     31 | Actor Loss: 0.0009 | Critic Loss: 0.0007
2026-05-11 06:34:07,968 | INFO |   Env | HO: 80.35% | Cont: 98.70% | Task: 88.82% | Resolved: 100.00% | Delay: 2.276s | Energy: 20003.37J | LB: 0.456
2026-05-11 06:34:07,968 | INFO |   Reward | D: 7423.42 | E: 4879.07 | Q: 4447.20 | H: 34.61 | LB: -0.07 | Enq: 128.75 | Pen: -794.70
2026-05-11 06:35:01,824 | INFO | Update  439 | Steps: 899,072 | Episodes:   439 | EpReward:   783.05 | FPS:     38 | Actor Loss: 0.0008 | Critic Loss: 0.0007
2026-05-11 06:35:01,825 | INFO |   Env | HO: 78.57% | Cont: 98.75% | Task: 88.88% | Resolved: 99.99% | Delay: 2.278s | Energy: 19942.83J | LB: 0.455
2026-05-11 06:35:01,825 | INFO |   Reward | D: 7347.96 | E: 4875.89 | Q: 4446.00 | H: 33.32 | LB: -0.22 | Enq: 128.32 | Pen: -788.73
2026-05-11 06:36:09,787 | INFO | Update  440 | Steps: 901,120 | Episodes:   440 | EpReward:   783.12 | FPS:     30 | Actor Loss: 0.0006 | Critic Loss: 0.0005
2026-05-11 06:36:09,788 | INFO |   Env | HO: 78.12% | Cont: 98.81% | Task: 88.80% | Resolved: 99.99% | Delay: 2.288s | Energy: 20241.51J | LB: 0.484
2026-05-11 06:36:09,788 | INFO |   Reward | D: 7460.69 | E: 4928.74 | Q: 4486.80 | H: 28.71 | LB: -0.50 | Enq: 127.97 | Pen: -829.65
2026-05-11 06:36:09,788 | INFO | ----------------------------------------
2026-05-11 06:36:09,788 | INFO | 开始评估...
2026-05-11 06:41:46,182 | INFO | 评估结果: 奖励 = 788.43 ± 5.11, 长度 = 2000, 时延 = 2.278s, 能耗 = 195263.32J, 负载均衡 = 0.489
2026-05-11 06:41:46,182 | INFO | ----------------------------------------
2026-05-11 06:43:04,514 | INFO | Update  441 | Steps: 903,168 | Episodes:   441 | EpReward:   783.12 | FPS:     26 | Actor Loss: 0.0010 | Critic Loss: 0.0006
2026-05-11 06:43:04,514 | INFO |   Env | HO: 73.87% | Cont: 98.71% | Task: 89.39% | Resolved: 100.00% | Delay: 2.290s | Energy: 19921.74J | LB: 0.446
2026-05-11 06:43:04,514 | INFO |   Reward | D: 7315.08 | E: 4846.73 | Q: 4478.80 | H: 31.02 | LB: -0.07 | Enq: 128.50 | Pen: -772.07
2026-05-11 06:44:07,695 | INFO | Update  442 | Steps: 905,216 | Episodes:   442 | EpReward:   783.02 | FPS:     32 | Actor Loss: 0.0008 | Critic Loss: 0.0007
2026-05-11 06:44:07,695 | INFO |   Env | HO: 80.00% | Cont: 98.74% | Task: 89.31% | Resolved: 99.99% | Delay: 2.290s | Energy: 20005.89J | LB: 0.481
2026-05-11 06:44:07,695 | INFO |   Reward | D: 7339.45 | E: 4835.36 | Q: 4462.80 | H: 31.07 | LB: -0.01 | Enq: 127.14 | Pen: -794.86
2026-05-11 06:45:09,290 | INFO | Update  443 | Steps: 907,264 | Episodes:   443 | EpReward:   782.96 | FPS:     33 | Actor Loss: 0.0003 | Critic Loss: 0.0007
2026-05-11 06:45:09,291 | INFO |   Env | HO: 77.94% | Cont: 98.78% | Task: 89.29% | Resolved: 99.99% | Delay: 2.282s | Energy: 19741.34J | LB: 0.485
2026-05-11 06:45:09,291 | INFO |   Reward | D: 7276.64 | E: 4866.75 | Q: 4475.20 | H: 30.28 | LB: -0.55 | Enq: 127.34 | Pen: -773.94
2026-05-11 06:46:09,138 | INFO | Update  444 | Steps: 909,312 | Episodes:   444 | EpReward:   783.08 | FPS:     34 | Actor Loss: 0.0004 | Critic Loss: 0.0008
2026-05-11 06:46:09,146 | INFO |   Env | HO: 75.93% | Cont: 98.73% | Task: 89.22% | Resolved: 99.99% | Delay: 2.283s | Energy: 20491.32J | LB: 0.469
2026-05-11 06:46:09,146 | INFO |   Reward | D: 7565.09 | E: 4958.35 | Q: 4561.20 | H: 31.15 | LB: -0.20 | Enq: 128.61 | Pen: -836.20
2026-05-11 06:47:05,939 | INFO | Update  445 | Steps: 911,360 | Episodes:   445 | EpReward:   783.01 | FPS:     36 | Actor Loss: 0.0008 | Critic Loss: 0.0006
2026-05-11 06:47:05,940 | INFO |   Env | HO: 77.21% | Cont: 98.73% | Task: 88.93% | Resolved: 99.99% | Delay: 2.294s | Energy: 20147.09J | LB: 0.443
2026-05-11 06:47:05,940 | INFO |   Reward | D: 7385.41 | E: 4852.12 | Q: 4442.00 | H: 31.77 | LB: -0.27 | Enq: 127.64 | Pen: -779.87
2026-05-11 06:47:49,889 | INFO | Update  446 | Steps: 913,408 | Episodes:   446 | EpReward:   783.01 | FPS:     47 | Actor Loss: 0.0006 | Critic Loss: 0.0007
2026-05-11 06:47:49,889 | INFO |   Env | HO: 78.40% | Cont: 98.74% | Task: 88.84% | Resolved: 100.00% | Delay: 2.283s | Energy: 20052.72J | LB: 0.468
2026-05-11 06:47:49,889 | INFO |   Reward | D: 7373.41 | E: 4899.89 | Q: 4466.40 | H: 31.86 | LB: -0.32 | Enq: 127.95 | Pen: -799.02
2026-05-11 06:48:30,791 | INFO | Update  447 | Steps: 915,456 | Episodes:   447 | EpReward:   782.98 | FPS:     50 | Actor Loss: 0.0010 | Critic Loss: 0.0007
2026-05-11 06:48:30,791 | INFO |   Env | HO: 77.95% | Cont: 98.57% | Task: 89.31% | Resolved: 99.99% | Delay: 2.283s | Energy: 19989.88J | LB: 0.391
2026-05-11 06:48:30,791 | INFO |   Reward | D: 7413.45 | E: 4881.60 | Q: 4504.00 | H: 37.07 | LB: -0.30 | Enq: 129.64 | Pen: -785.54
2026-05-11 06:49:24,617 | INFO | Update  448 | Steps: 917,504 | Episodes:   448 | EpReward:   782.94 | FPS:     38 | Actor Loss: 0.0005 | Critic Loss: 0.0006
2026-05-11 06:49:24,621 | INFO |   Env | HO: 75.93% | Cont: 98.56% | Task: 88.92% | Resolved: 99.98% | Delay: 2.273s | Energy: 19764.00J | LB: 0.465
2026-05-11 06:49:24,621 | INFO |   Reward | D: 7371.19 | E: 4883.44 | Q: 4451.60 | H: 34.72 | LB: -0.18 | Enq: 127.83 | Pen: -804.17
2026-05-11 06:50:07,607 | INFO | Update  449 | Steps: 919,552 | Episodes:   449 | EpReward:   782.97 | FPS:     48 | Actor Loss: 0.0008 | Critic Loss: 0.0011
2026-05-11 06:50:07,613 | INFO |   Env | HO: 76.33% | Cont: 98.56% | Task: 89.08% | Resolved: 99.99% | Delay: 2.273s | Energy: 19950.06J | LB: 0.459
2026-05-11 06:50:07,613 | INFO |   Reward | D: 7393.94 | E: 4893.60 | Q: 4478.80 | H: 41.01 | LB: -0.02 | Enq: 128.05 | Pen: -828.00
2026-05-11 06:50:58,611 | INFO | Update  450 | Steps: 921,600 | Episodes:   450 | EpReward:   783.01 | FPS:     40 | Actor Loss: 0.0007 | Critic Loss: 0.0009
2026-05-11 06:50:58,612 | INFO |   Env | HO: 80.87% | Cont: 98.62% | Task: 88.86% | Resolved: 99.99% | Delay: 2.290s | Energy: 20031.88J | LB: 0.420
2026-05-11 06:50:58,612 | INFO |   Reward | D: 7374.40 | E: 4887.52 | Q: 4458.00 | H: 42.41 | LB: -0.59 | Enq: 128.96 | Pen: -807.42
2026-05-11 06:51:55,676 | INFO | Update  451 | Steps: 923,648 | Episodes:   451 | EpReward:   783.13 | FPS:     36 | Actor Loss: 0.0007 | Critic Loss: 0.0009
2026-05-11 06:51:55,676 | INFO |   Env | HO: 75.00% | Cont: 98.44% | Task: 88.81% | Resolved: 100.00% | Delay: 2.288s | Energy: 20044.16J | LB: 0.439
2026-05-11 06:51:55,676 | INFO |   Reward | D: 7378.45 | E: 4895.83 | Q: 4455.20 | H: 49.11 | LB: -0.17 | Enq: 129.20 | Pen: -821.52
2026-05-11 06:52:50,624 | INFO | Update  452 | Steps: 925,696 | Episodes:   452 | EpReward:   783.08 | FPS:     37 | Actor Loss: 0.0010 | Critic Loss: 0.0009
2026-05-11 06:52:50,624 | INFO |   Env | HO: 78.57% | Cont: 98.58% | Task: 88.98% | Resolved: 100.00% | Delay: 2.290s | Energy: 19823.66J | LB: 0.465
2026-05-11 06:52:50,625 | INFO |   Reward | D: 7344.53 | E: 4866.25 | Q: 4448.00 | H: 41.44 | LB: -0.17 | Enq: 127.99 | Pen: -808.42
2026-05-11 06:53:50,881 | INFO | Update  453 | Steps: 927,744 | Episodes:   453 | EpReward:   783.09 | FPS:     34 | Actor Loss: 0.0007 | Critic Loss: 0.0008
2026-05-11 06:53:50,881 | INFO |   Env | HO: 78.32% | Cont: 98.55% | Task: 88.99% | Resolved: 99.99% | Delay: 2.284s | Energy: 19958.18J | LB: 0.478
2026-05-11 06:53:50,881 | INFO |   Reward | D: 7409.69 | E: 4923.67 | Q: 4502.00 | H: 42.52 | LB: -0.13 | Enq: 129.19 | Pen: -831.44
2026-05-11 06:54:41,197 | INFO | Update  454 | Steps: 929,792 | Episodes:   454 | EpReward:   782.98 | FPS:     41 | Actor Loss: 0.0005 | Critic Loss: 0.0009
2026-05-11 06:54:41,201 | INFO |   Env | HO: 73.67% | Cont: 98.43% | Task: 88.41% | Resolved: 99.98% | Delay: 2.285s | Energy: 19618.79J | LB: 0.355
2026-05-11 06:54:41,201 | INFO |   Reward | D: 7245.12 | E: 4892.85 | Q: 4396.80 | H: 44.32 | LB: -0.21 | Enq: 131.49 | Pen: -799.34
2026-05-11 06:55:31,985 | INFO | Update  455 | Steps: 931,840 | Episodes:   455 | EpReward:   782.95 | FPS:     40 | Actor Loss: 0.0022 | Critic Loss: 0.0007
2026-05-11 06:55:31,985 | INFO |   Env | HO: 76.97% | Cont: 98.39% | Task: 88.66% | Resolved: 100.00% | Delay: 2.275s | Energy: 19558.54J | LB: 0.415
2026-05-11 06:55:31,985 | INFO |   Reward | D: 7339.12 | E: 4894.86 | Q: 4425.20 | H: 51.86 | LB: 0.01 | Enq: 129.55 | Pen: -842.78
2026-05-11 06:56:35,494 | INFO | Update  456 | Steps: 933,888 | Episodes:   456 | EpReward:   783.01 | FPS:     32 | Actor Loss: 0.0022 | Critic Loss: 0.0005
2026-05-11 06:56:35,494 | INFO |   Env | HO: 79.77% | Cont: 98.47% | Task: 88.37% | Resolved: 99.98% | Delay: 2.285s | Energy: 19708.41J | LB: 0.413
2026-05-11 06:56:35,494 | INFO |   Reward | D: 7261.12 | E: 4878.46 | Q: 4381.60 | H: 52.23 | LB: -0.52 | Enq: 132.21 | Pen: -788.86
2026-05-11 06:57:13,032 | INFO | Update  457 | Steps: 935,936 | Episodes:   457 | EpReward:   783.04 | FPS:     55 | Actor Loss: 0.0019 | Critic Loss: 0.0010
2026-05-11 06:57:13,033 | INFO |   Env | HO: 72.17% | Cont: 98.26% | Task: 88.90% | Resolved: 99.99% | Delay: 2.272s | Energy: 19526.09J | LB: 0.415
2026-05-11 06:57:13,033 | INFO |   Reward | D: 7322.12 | E: 4872.96 | Q: 4430.80 | H: 54.98 | LB: -0.24 | Enq: 131.69 | Pen: -802.37
2026-05-11 06:58:11,564 | INFO | Update  458 | Steps: 937,984 | Episodes:   458 | EpReward:   782.98 | FPS:     35 | Actor Loss: 0.0017 | Critic Loss: 0.0006
2026-05-11 06:58:11,564 | INFO |   Env | HO: 78.37% | Cont: 98.39% | Task: 89.18% | Resolved: 99.99% | Delay: 2.294s | Energy: 19932.56J | LB: 0.466
2026-05-11 06:58:11,564 | INFO |   Reward | D: 7303.56 | E: 4855.10 | Q: 4463.20 | H: 52.66 | LB: 0.12 | Enq: 128.88 | Pen: -826.63
2026-05-11 06:58:54,178 | INFO | Update  459 | Steps: 940,032 | Episodes:   459 | EpReward:   782.81 | FPS:     48 | Actor Loss: 0.0017 | Critic Loss: 0.0008
2026-05-11 06:58:54,178 | INFO |   Env | HO: 75.19% | Cont: 98.34% | Task: 88.97% | Resolved: 99.99% | Delay: 2.295s | Energy: 19789.91J | LB: 0.414
2026-05-11 06:58:54,178 | INFO |   Reward | D: 7283.52 | E: 4844.00 | Q: 4430.40 | H: 56.20 | LB: -0.51 | Enq: 128.44 | Pen: -853.12
2026-05-11 06:59:38,310 | INFO | Update  460 | Steps: 942,080 | Episodes:   460 | EpReward:   782.68 | FPS:     46 | Actor Loss: 0.0019 | Critic Loss: 0.0008
2026-05-11 06:59:38,310 | INFO |   Env | HO: 77.93% | Cont: 98.44% | Task: 88.98% | Resolved: 99.99% | Delay: 2.279s | Energy: 19367.01J | LB: 0.349
2026-05-11 06:59:38,310 | INFO |   Reward | D: 7229.22 | E: 4834.92 | Q: 4408.40 | H: 52.66 | LB: -0.06 | Enq: 130.89 | Pen: -762.53
2026-05-11 07:00:27,978 | INFO | Update  461 | Steps: 944,128 | Episodes:   461 | EpReward:   782.81 | FPS:     41 | Actor Loss: 0.0009 | Critic Loss: 0.0006
2026-05-11 07:00:27,979 | INFO |   Env | HO: 77.99% | Cont: 98.51% | Task: 88.79% | Resolved: 99.98% | Delay: 2.278s | Energy: 19654.82J | LB: 0.450
2026-05-11 07:00:27,979 | INFO |   Reward | D: 7296.73 | E: 4914.21 | Q: 4453.20 | H: 46.78 | LB: -0.39 | Enq: 131.79 | Pen: -808.32
2026-05-11 07:01:20,640 | INFO | Update  462 | Steps: 946,176 | Episodes:   462 | EpReward:   782.91 | FPS:     39 | Actor Loss: 0.0018 | Critic Loss: 0.0006
2026-05-11 07:01:20,641 | INFO |   Env | HO: 77.35% | Cont: 98.43% | Task: 89.07% | Resolved: 99.98% | Delay: 2.276s | Energy: 19671.32J | LB: 0.382
2026-05-11 07:01:20,641 | INFO |   Reward | D: 7378.03 | E: 4939.55 | Q: 4511.20 | H: 52.98 | LB: -0.05 | Enq: 132.46 | Pen: -802.31
2026-05-11 07:02:07,682 | INFO | Update  463 | Steps: 948,224 | Episodes:   463 | EpReward:   782.95 | FPS:     44 | Actor Loss: 0.0010 | Critic Loss: 0.0008
2026-05-11 07:02:07,682 | INFO |   Env | HO: 76.56% | Cont: 98.46% | Task: 88.81% | Resolved: 99.98% | Delay: 2.290s | Energy: 20080.84J | LB: 0.462
2026-05-11 07:02:07,682 | INFO |   Reward | D: 7420.36 | E: 4909.57 | Q: 4475.20 | H: 46.76 | LB: -0.19 | Enq: 128.59 | Pen: -856.51
2026-05-11 07:03:04,156 | INFO | Update  464 | Steps: 950,272 | Episodes:   464 | EpReward:   782.95 | FPS:     36 | Actor Loss: 0.0008 | Critic Loss: 0.0007
2026-05-11 07:03:04,156 | INFO |   Env | HO: 79.87% | Cont: 98.51% | Task: 88.96% | Resolved: 99.97% | Delay: 2.280s | Energy: 19558.08J | LB: 0.481
2026-05-11 07:03:04,156 | INFO |   Reward | D: 7253.70 | E: 4846.48 | Q: 4422.80 | H: 47.95 | LB: -0.35 | Enq: 127.45 | Pen: -788.42
2026-05-11 07:04:09,335 | INFO | Update  465 | Steps: 952,320 | Episodes:   465 | EpReward:   782.89 | FPS:     31 | Actor Loss: 0.0009 | Critic Loss: 0.0009
2026-05-11 07:04:09,335 | INFO |   Env | HO: 79.77% | Cont: 98.48% | Task: 89.12% | Resolved: 99.99% | Delay: 2.274s | Energy: 19702.02J | LB: 0.474
2026-05-11 07:04:09,335 | INFO |   Reward | D: 7407.66 | E: 4908.32 | Q: 4495.20 | H: 51.96 | LB: -0.54 | Enq: 128.52 | Pen: -830.06
2026-05-11 07:04:58,677 | INFO | Update  466 | Steps: 954,368 | Episodes:   466 | EpReward:   782.99 | FPS:     42 | Actor Loss: 0.0014 | Critic Loss: 0.0007
2026-05-11 07:04:58,677 | INFO |   Env | HO: 80.99% | Cont: 98.38% | Task: 89.09% | Resolved: 99.99% | Delay: 2.286s | Energy: 19877.47J | LB: 0.402
2026-05-11 07:04:58,677 | INFO |   Reward | D: 7379.59 | E: 4883.70 | Q: 4480.80 | H: 52.26 | LB: -0.26 | Enq: 129.06 | Pen: -810.13
2026-05-11 07:05:45,772 | INFO | Update  467 | Steps: 956,416 | Episodes:   467 | EpReward:   783.14 | FPS:     43 | Actor Loss: 0.0011 | Critic Loss: 0.0007
2026-05-11 07:05:45,772 | INFO |   Env | HO: 73.77% | Cont: 98.42% | Task: 89.12% | Resolved: 99.99% | Delay: 2.266s | Energy: 19669.64J | LB: 0.461
2026-05-11 07:05:45,772 | INFO |   Reward | D: 7451.19 | E: 4926.01 | Q: 4507.20 | H: 45.52 | LB: -0.45 | Enq: 129.30 | Pen: -811.08
2026-05-11 07:06:45,928 | INFO | Update  468 | Steps: 958,464 | Episodes:   468 | EpReward:   783.24 | FPS:     34 | Actor Loss: 0.0008 | Critic Loss: 0.0007
2026-05-11 07:06:45,928 | INFO |   Env | HO: 79.68% | Cont: 98.56% | Task: 89.40% | Resolved: 99.99% | Delay: 2.269s | Energy: 19687.84J | LB: 0.416
2026-05-11 07:06:45,928 | INFO |   Reward | D: 7434.64 | E: 4963.29 | Q: 4563.60 | H: 48.00 | LB: -0.58 | Enq: 130.08 | Pen: -801.56
2026-05-11 07:07:53,356 | INFO | Update  469 | Steps: 960,512 | Episodes:   469 | EpReward:   783.22 | FPS:     30 | Actor Loss: 0.0012 | Critic Loss: 0.0007
2026-05-11 07:07:53,356 | INFO |   Env | HO: 77.33% | Cont: 98.52% | Task: 88.36% | Resolved: 99.99% | Delay: 2.276s | Energy: 19729.67J | LB: 0.469
2026-05-11 07:07:53,356 | INFO |   Reward | D: 7389.52 | E: 4925.21 | Q: 4420.80 | H: 47.42 | LB: -0.44 | Enq: 127.50 | Pen: -850.72
2026-05-11 07:08:50,597 | INFO | Update  470 | Steps: 962,560 | Episodes:   470 | EpReward:   783.30 | FPS:     36 | Actor Loss: 0.0011 | Critic Loss: 0.0007
2026-05-11 07:08:50,597 | INFO |   Env | HO: 75.87% | Cont: 98.52% | Task: 88.87% | Resolved: 99.99% | Delay: 2.275s | Energy: 19770.28J | LB: 0.480
2026-05-11 07:08:50,597 | INFO |   Reward | D: 7464.09 | E: 4937.59 | Q: 4489.20 | H: 45.91 | LB: -0.53 | Enq: 127.60 | Pen: -855.60
2026-05-11 07:09:43,020 | INFO | Update  471 | Steps: 964,608 | Episodes:   471 | EpReward:   783.28 | FPS:     39 | Actor Loss: 0.0010 | Critic Loss: 0.0006
2026-05-11 07:09:43,020 | INFO |   Env | HO: 79.05% | Cont: 98.56% | Task: 88.79% | Resolved: 99.98% | Delay: 2.275s | Energy: 19478.60J | LB: 0.471
2026-05-11 07:09:43,020 | INFO |   Reward | D: 7336.51 | E: 4870.06 | Q: 4418.80 | H: 47.83 | LB: -0.14 | Enq: 127.06 | Pen: -827.09
2026-05-11 07:10:34,047 | INFO | Update  472 | Steps: 966,656 | Episodes:   472 | EpReward:   783.30 | FPS:     40 | Actor Loss: 0.0008 | Critic Loss: 0.0007
2026-05-11 07:10:34,051 | INFO |   Env | HO: 77.63% | Cont: 98.42% | Task: 89.05% | Resolved: 99.99% | Delay: 2.277s | Energy: 19357.97J | LB: 0.401
2026-05-11 07:10:34,051 | INFO |   Reward | D: 7269.32 | E: 4860.48 | Q: 4434.00 | H: 54.93 | LB: -0.08 | Enq: 128.98 | Pen: -803.44
2026-05-11 07:11:34,869 | INFO | Update  473 | Steps: 968,704 | Episodes:   473 | EpReward:   783.40 | FPS:     34 | Actor Loss: 0.0009 | Critic Loss: 0.0006
2026-05-11 07:11:34,869 | INFO |   Env | HO: 82.05% | Cont: 98.52% | Task: 89.10% | Resolved: 99.98% | Delay: 2.276s | Energy: 19714.83J | LB: 0.464
2026-05-11 07:11:34,869 | INFO |   Reward | D: 7356.76 | E: 4888.21 | Q: 4472.80 | H: 55.27 | LB: -0.74 | Enq: 128.17 | Pen: -808.22
2026-05-11 07:12:29,426 | INFO | Update  474 | Steps: 970,752 | Episodes:   474 | EpReward:   783.79 | FPS:     38 | Actor Loss: 0.0007 | Critic Loss: 0.0006
2026-05-11 07:12:29,426 | INFO |   Env | HO: 80.58% | Cont: 98.52% | Task: 89.42% | Resolved: 99.99% | Delay: 2.277s | Energy: 20183.89J | LB: 0.471
2026-05-11 07:12:29,426 | INFO |   Reward | D: 7546.58 | E: 4949.04 | Q: 4571.20 | H: 53.33 | LB: -0.57 | Enq: 127.51 | Pen: -850.06
2026-05-11 07:13:26,911 | INFO | Update  475 | Steps: 972,800 | Episodes:   475 | EpReward:   783.80 | FPS:     36 | Actor Loss: 0.0010 | Critic Loss: 0.0006
2026-05-11 07:13:26,911 | INFO |   Env | HO: 80.06% | Cont: 98.49% | Task: 88.95% | Resolved: 99.99% | Delay: 2.273s | Energy: 19478.07J | LB: 0.474
2026-05-11 07:13:26,912 | INFO |   Reward | D: 7350.34 | E: 4857.68 | Q: 4427.60 | H: 54.74 | LB: -0.79 | Enq: 126.19 | Pen: -840.78
2026-05-11 07:14:12,731 | INFO | Update  476 | Steps: 974,848 | Episodes:   476 | EpReward:   783.89 | FPS:     45 | Actor Loss: 0.0008 | Critic Loss: 0.0007
2026-05-11 07:14:12,731 | INFO |   Env | HO: 81.72% | Cont: 98.50% | Task: 89.21% | Resolved: 99.99% | Delay: 2.264s | Energy: 19822.12J | LB: 0.466
2026-05-11 07:14:12,731 | INFO |   Reward | D: 7469.87 | E: 4918.32 | Q: 4511.20 | H: 56.51 | LB: -0.06 | Enq: 128.54 | Pen: -841.50
2026-05-11 07:15:06,918 | INFO | Update  477 | Steps: 976,896 | Episodes:   477 | EpReward:   784.21 | FPS:     38 | Actor Loss: 0.0010 | Critic Loss: 0.0006
2026-05-11 07:15:06,922 | INFO |   Env | HO: 81.27% | Cont: 98.50% | Task: 89.90% | Resolved: 99.99% | Delay: 2.262s | Energy: 19991.40J | LB: 0.441
2026-05-11 07:15:06,922 | INFO |   Reward | D: 7625.80 | E: 4977.54 | Q: 4648.00 | H: 56.73 | LB: -0.62 | Enq: 129.80 | Pen: -806.11
2026-05-11 07:15:55,590 | INFO | Update  478 | Steps: 978,944 | Episodes:   478 | EpReward:   784.26 | FPS:     42 | Actor Loss: 0.0005 | Critic Loss: 0.0007
2026-05-11 07:15:55,597 | INFO |   Env | HO: 80.18% | Cont: 98.55% | Task: 89.09% | Resolved: 100.00% | Delay: 2.270s | Energy: 19476.19J | LB: 0.469
2026-05-11 07:15:55,598 | INFO |   Reward | D: 7298.88 | E: 4860.95 | Q: 4441.20 | H: 50.70 | LB: -0.38 | Enq: 127.25 | Pen: -801.39
2026-05-11 07:16:46,341 | INFO | Update  479 | Steps: 980,992 | Episodes:   479 | EpReward:   784.38 | FPS:     40 | Actor Loss: 0.0005 | Critic Loss: 0.0007
2026-05-11 07:16:46,341 | INFO |   Env | HO: 80.06% | Cont: 98.52% | Task: 89.12% | Resolved: 99.99% | Delay: 2.279s | Energy: 20182.13J | LB: 0.470
2026-05-11 07:16:46,341 | INFO |   Reward | D: 7492.26 | E: 4967.91 | Q: 4552.00 | H: 53.34 | LB: -0.28 | Enq: 127.78 | Pen: -865.55
2026-05-11 07:17:32,723 | INFO | Update  480 | Steps: 983,040 | Episodes:   480 | EpReward:   784.51 | FPS:     44 | Actor Loss: 0.0007 | Critic Loss: 0.0006
2026-05-11 07:17:32,723 | INFO |   Env | HO: 77.91% | Cont: 98.50% | Task: 89.40% | Resolved: 100.00% | Delay: 2.286s | Energy: 20063.21J | LB: 0.475
2026-05-11 07:17:32,723 | INFO |   Reward | D: 7434.90 | E: 4906.27 | Q: 4528.00 | H: 51.75 | LB: -0.43 | Enq: 127.86 | Pen: -813.73
2026-05-11 07:18:29,742 | INFO | Update  481 | Steps: 985,088 | Episodes:   481 | EpReward:   784.56 | FPS:     36 | Actor Loss: 0.0006 | Critic Loss: 0.0007
2026-05-11 07:18:29,742 | INFO |   Env | HO: 79.43% | Cont: 98.50% | Task: 88.86% | Resolved: 99.98% | Delay: 2.262s | Energy: 19515.42J | LB: 0.473
2026-05-11 07:18:29,742 | INFO |   Reward | D: 7383.78 | E: 4902.18 | Q: 4450.00 | H: 53.57 | LB: -0.27 | Enq: 127.42 | Pen: -834.60
2026-05-11 07:19:18,256 | INFO | Update  482 | Steps: 987,136 | Episodes:   482 | EpReward:   784.50 | FPS:     42 | Actor Loss: 0.0007 | Critic Loss: 0.0010
2026-05-11 07:19:18,260 | INFO |   Env | HO: 79.37% | Cont: 98.47% | Task: 89.08% | Resolved: 100.00% | Delay: 2.278s | Energy: 19504.87J | LB: 0.473
2026-05-11 07:19:18,261 | INFO |   Reward | D: 7330.84 | E: 4863.81 | Q: 4446.40 | H: 53.50 | LB: 0.09 | Enq: 127.47 | Pen: -812.15
2026-05-11 07:20:01,710 | INFO | Update  483 | Steps: 989,184 | Episodes:   483 | EpReward:   784.69 | FPS:     47 | Actor Loss: 0.0008 | Critic Loss: 0.0008
2026-05-11 07:20:01,710 | INFO |   Env | HO: 80.61% | Cont: 98.49% | Task: 88.79% | Resolved: 99.98% | Delay: 2.283s | Energy: 20154.90J | LB: 0.464
2026-05-11 07:20:01,710 | INFO |   Reward | D: 7494.61 | E: 4961.80 | Q: 4511.20 | H: 56.09 | LB: -0.20 | Enq: 128.45 | Pen: -888.71
2026-05-11 07:21:04,743 | INFO | Update  484 | Steps: 991,232 | Episodes:   484 | EpReward:   784.84 | FPS:     32 | Actor Loss: 0.0009 | Critic Loss: 0.0007
2026-05-11 07:21:04,743 | INFO |   Env | HO: 80.60% | Cont: 98.48% | Task: 89.64% | Resolved: 100.00% | Delay: 2.280s | Energy: 20124.71J | LB: 0.472
2026-05-11 07:21:04,743 | INFO |   Reward | D: 7485.02 | E: 4925.41 | Q: 4574.00 | H: 56.93 | LB: -0.38 | Enq: 127.90 | Pen: -836.92
2026-05-11 07:22:09,758 | INFO | Update  485 | Steps: 993,280 | Episodes:   485 | EpReward:   785.00 | FPS:     32 | Actor Loss: 0.0006 | Critic Loss: 0.0006
2026-05-11 07:22:09,759 | INFO |   Env | HO: 76.98% | Cont: 98.43% | Task: 89.31% | Resolved: 99.98% | Delay: 2.278s | Energy: 20055.14J | LB: 0.478
2026-05-11 07:22:09,759 | INFO |   Reward | D: 7445.07 | E: 4945.79 | Q: 4554.80 | H: 56.06 | LB: -0.17 | Enq: 128.00 | Pen: -857.43
2026-05-11 07:22:57,527 | INFO | Update  486 | Steps: 995,328 | Episodes:   486 | EpReward:   785.00 | FPS:     43 | Actor Loss: 0.0006 | Critic Loss: 0.0007
2026-05-11 07:22:57,527 | INFO |   Env | HO: 75.74% | Cont: 98.43% | Task: 88.59% | Resolved: 99.98% | Delay: 2.266s | Energy: 19779.25J | LB: 0.464
2026-05-11 07:22:57,527 | INFO |   Reward | D: 7461.44 | E: 4971.63 | Q: 4482.80 | H: 54.16 | LB: -0.75 | Enq: 128.10 | Pen: -881.04
2026-05-11 07:23:44,461 | INFO | Update  487 | Steps: 997,376 | Episodes:   487 | EpReward:   785.11 | FPS:     44 | Actor Loss: 0.0013 | Critic Loss: 0.0007
2026-05-11 07:23:44,461 | INFO |   Env | HO: 80.00% | Cont: 98.37% | Task: 88.98% | Resolved: 99.99% | Delay: 2.262s | Energy: 19511.07J | LB: 0.432
2026-05-11 07:23:44,461 | INFO |   Reward | D: 7449.52 | E: 4933.56 | Q: 4491.20 | H: 64.17 | LB: -0.09 | Enq: 128.38 | Pen: -849.60
2026-05-11 07:24:44,354 | INFO | Update  488 | Steps: 999,424 | Episodes:   488 | EpReward:   784.99 | FPS:     34 | Actor Loss: 0.0027 | Critic Loss: 0.0006
2026-05-11 07:24:44,354 | INFO |   Env | HO: 74.76% | Cont: 96.12% | Task: 88.39% | Resolved: 99.98% | Delay: 2.291s | Energy: 19464.69J | LB: 0.312
2026-05-11 07:24:44,354 | INFO |   Reward | D: 7325.09 | E: 4929.41 | Q: 4419.60 | H: 201.74 | LB: -0.32 | Enq: 140.36 | Pen: -973.04
2026-05-11 07:25:45,102 | INFO | Update  489 | Steps: 1,001,472 | Episodes:   489 | EpReward:   784.87 | FPS:     34 | Actor Loss: 0.0014 | Critic Loss: 0.0006
2026-05-11 07:25:45,102 | INFO |   Env | HO: 74.82% | Cont: 96.52% | Task: 88.95% | Resolved: 99.98% | Delay: 2.286s | Energy: 19512.17J | LB: 0.360
2026-05-11 07:25:45,102 | INFO |   Reward | D: 7300.33 | E: 4921.11 | Q: 4472.80 | H: 173.99 | LB: -0.44 | Enq: 134.74 | Pen: -953.27
2026-05-11 07:25:45,102 | INFO | ----------------------------------------
2026-05-11 07:25:45,102 | INFO | 开始评估...
2026-05-11 07:31:44,170 | INFO | 评估结果: 奖励 = 784.00 ± 8.06, 长度 = 2000, 时延 = 2.272s, 能耗 = 191707.04J, 负载均衡 = 0.477
2026-05-11 07:31:44,202 | INFO | ----------------------------------------
2026-05-11 07:31:44,220 | INFO | 模型已保存: /home/pjpjq/LEO_switch/results/baseline_compare/20260510_010757/learned_baselines/mappo_no_han/checkpoint_1001472.pt
2026-05-11 07:32:56,271 | INFO | Update  490 | Steps: 1,003,520 | Episodes:   490 | EpReward:   784.87 | FPS:     28 | Actor Loss: 0.0012 | Critic Loss: 0.0007
2026-05-11 07:32:56,271 | INFO |   Env | HO: 73.20% | Cont: 96.75% | Task: 88.67% | Resolved: 99.98% | Delay: 2.289s | Energy: 19436.47J | LB: 0.412
2026-05-11 07:32:56,271 | INFO |   Reward | D: 7304.80 | E: 4920.14 | Q: 4441.20 | H: 151.18 | LB: -0.36 | Enq: 133.25 | Pen: -969.72
2026-05-11 07:33:49,341 | INFO | Update  491 | Steps: 1,005,568 | Episodes:   491 | EpReward:   784.86 | FPS:     39 | Actor Loss: 0.0011 | Critic Loss: 0.0006
2026-05-11 07:33:49,341 | INFO |   Env | HO: 75.44% | Cont: 97.14% | Task: 88.39% | Resolved: 99.99% | Delay: 2.285s | Energy: 20019.49J | LB: 0.440
2026-05-11 07:33:49,341 | INFO |   Reward | D: 7460.73 | E: 4972.82 | Q: 4469.20 | H: 133.01 | LB: -0.02 | Enq: 131.26 | Pen: -989.45
2026-05-11 07:34:57,158 | INFO | Update  492 | Steps: 1,007,616 | Episodes:   492 | EpReward:   784.73 | FPS:     30 | Actor Loss: 0.0013 | Critic Loss: 0.0009
2026-05-11 07:34:57,158 | INFO |   Env | HO: 74.09% | Cont: 96.87% | Task: 88.73% | Resolved: 99.99% | Delay: 2.299s | Energy: 19767.48J | LB: 0.418
2026-05-11 07:34:57,158 | INFO |   Reward | D: 7312.89 | E: 4880.10 | Q: 4427.20 | H: 147.88 | LB: -0.30 | Enq: 130.36 | Pen: -981.75
2026-05-11 07:35:54,565 | INFO | Update  493 | Steps: 1,009,664 | Episodes:   493 | EpReward:   784.60 | FPS:     36 | Actor Loss: 0.0010 | Critic Loss: 0.0008
2026-05-11 07:35:54,566 | INFO |   Env | HO: 76.47% | Cont: 97.26% | Task: 88.72% | Resolved: 99.98% | Delay: 2.291s | Energy: 19449.53J | LB: 0.363
2026-05-11 07:35:54,566 | INFO |   Reward | D: 7263.27 | E: 4886.02 | Q: 4426.00 | H: 128.21 | LB: -0.34 | Enq: 133.02 | Pen: -881.80
2026-05-11 07:37:02,197 | INFO | Update  494 | Steps: 1,011,712 | Episodes:   494 | EpReward:   784.71 | FPS:     30 | Actor Loss: 0.0014 | Critic Loss: 0.0006
2026-05-11 07:37:02,197 | INFO |   Env | HO: 76.66% | Cont: 96.93% | Task: 89.00% | Resolved: 99.97% | Delay: 2.280s | Energy: 20020.82J | LB: 0.322
2026-05-11 07:37:02,197 | INFO |   Reward | D: 7448.97 | E: 4977.97 | Q: 4537.60 | H: 153.71 | LB: -0.27 | Enq: 134.65 | Pen: -952.74
2026-05-11 07:38:01,932 | INFO | Update  495 | Steps: 1,013,760 | Episodes:   495 | EpReward:   784.68 | FPS:     34 | Actor Loss: 0.0019 | Critic Loss: 0.0007
2026-05-11 07:38:01,935 | INFO |   Env | HO: 76.20% | Cont: 96.66% | Task: 88.74% | Resolved: 99.99% | Delay: 2.285s | Energy: 19504.88J | LB: 0.307
2026-05-11 07:38:01,935 | INFO |   Reward | D: 7354.64 | E: 4911.00 | Q: 4445.20 | H: 170.21 | LB: 0.13 | Enq: 134.66 | Pen: -945.07
2026-05-11 07:38:59,484 | INFO | Update  496 | Steps: 1,015,808 | Episodes:   496 | EpReward:   784.58 | FPS:     36 | Actor Loss: 0.0018 | Critic Loss: 0.0007
2026-05-11 07:38:59,485 | INFO |   Env | HO: 75.52% | Cont: 96.68% | Task: 88.93% | Resolved: 99.99% | Delay: 2.297s | Energy: 19471.03J | LB: 0.387
2026-05-11 07:38:59,485 | INFO |   Reward | D: 7223.69 | E: 4888.36 | Q: 4450.40 | H: 166.57 | LB: -0.42 | Enq: 137.30 | Pen: -905.22
2026-05-11 07:40:04,625 | INFO | Update  497 | Steps: 1,017,856 | Episodes:   497 | EpReward:   784.48 | FPS:     31 | Actor Loss: 0.0013 | Critic Loss: 0.0006
2026-05-11 07:40:04,626 | INFO |   Env | HO: 76.43% | Cont: 96.82% | Task: 88.62% | Resolved: 99.99% | Delay: 2.292s | Energy: 19484.45J | LB: 0.293
2026-05-11 07:40:04,626 | INFO |   Reward | D: 7234.32 | E: 4900.22 | Q: 4423.60 | H: 160.89 | LB: -0.11 | Enq: 137.10 | Pen: -907.66
2026-05-11 07:41:12,607 | INFO | Update  498 | Steps: 1,019,904 | Episodes:   498 | EpReward:   784.47 | FPS:     30 | Actor Loss: 0.0009 | Critic Loss: 0.0007
2026-05-11 07:41:12,611 | INFO |   Env | HO: 75.66% | Cont: 96.98% | Task: 88.67% | Resolved: 99.99% | Delay: 2.288s | Energy: 19861.08J | LB: 0.342
2026-05-11 07:41:12,611 | INFO |   Reward | D: 7372.67 | E: 4927.96 | Q: 4462.00 | H: 147.41 | LB: -0.68 | Enq: 133.63 | Pen: -952.11
2026-05-11 07:41:58,910 | INFO | Update  499 | Steps: 1,021,952 | Episodes:   499 | EpReward:   784.37 | FPS:     44 | Actor Loss: 0.0011 | Critic Loss: 0.0006
2026-05-11 07:41:58,911 | INFO |   Env | HO: 75.93% | Cont: 97.18% | Task: 87.92% | Resolved: 99.99% | Delay: 2.295s | Energy: 19676.07J | LB: 0.360
2026-05-11 07:41:58,911 | INFO |   Reward | D: 7218.05 | E: 4886.56 | Q: 4334.40 | H: 135.32 | LB: -0.02 | Enq: 134.86 | Pen: -898.49
2026-05-11 07:43:02,349 | INFO | Update  500 | Steps: 1,024,000 | Episodes:   500 | EpReward:   784.25 | FPS:     32 | Actor Loss: -0.0001 | Critic Loss: 0.0008
2026-05-11 07:43:02,349 | INFO |   Env | HO: 74.97% | Cont: 97.14% | Task: 88.61% | Resolved: 100.00% | Delay: 2.284s | Energy: 19884.04J | LB: 0.421
2026-05-11 07:43:02,349 | INFO |   Reward | D: 7378.64 | E: 4919.04 | Q: 4450.80 | H: 135.32 | LB: -0.02 | Enq: 129.59 | Pen: -994.79
2026-05-11 07:44:00,634 | INFO | Update  501 | Steps: 1,026,048 | Episodes:   501 | EpReward:   783.97 | FPS:     35 | Actor Loss: 0.0012 | Critic Loss: 0.0007
2026-05-11 07:44:00,653 | INFO |   Env | HO: 76.68% | Cont: 89.87% | Task: 87.64% | Resolved: 99.99% | Delay: 2.306s | Energy: 19472.69J | LB: 0.439
2026-05-11 07:44:00,653 | INFO |   Reward | D: 7212.90 | E: 4890.29 | Q: 4309.60 | H: 653.65 | LB: -0.99 | Enq: 129.66 | Pen: -1743.72
2026-05-11 07:44:47,641 | INFO | Update  502 | Steps: 1,028,096 | Episodes:   502 | EpReward:   783.65 | FPS:     44 | Actor Loss: 0.0009 | Critic Loss: 0.0007
2026-05-11 07:44:47,641 | INFO |   Env | HO: 77.68% | Cont: 90.69% | Task: 87.67% | Resolved: 99.99% | Delay: 2.320s | Energy: 19927.97J | LB: 0.470
2026-05-11 07:44:47,641 | INFO |   Reward | D: 7268.25 | E: 4888.08 | Q: 4330.00 | H: 613.28 | LB: -0.31 | Enq: 129.77 | Pen: -1659.77
2026-05-11 07:45:43,721 | INFO | Update  503 | Steps: 1,030,144 | Episodes:   503 | EpReward:   783.26 | FPS:     37 | Actor Loss: 0.0010 | Critic Loss: 0.0007
2026-05-11 07:45:43,721 | INFO |   Env | HO: 76.65% | Cont: 90.08% | Task: 87.58% | Resolved: 99.96% | Delay: 2.323s | Energy: 19570.20J | LB: 0.466
2026-05-11 07:45:43,721 | INFO |   Reward | D: 7149.88 | E: 4842.79 | Q: 4271.20 | H: 640.87 | LB: -1.20 | Enq: 129.70 | Pen: -1695.18
2026-05-11 07:46:50,459 | INFO | Update  504 | Steps: 1,032,192 | Episodes:   504 | EpReward:   783.01 | FPS:     31 | Actor Loss: 0.0011 | Critic Loss: 0.0006
2026-05-11 07:46:50,460 | INFO |   Env | HO: 76.52% | Cont: 90.92% | Task: 87.55% | Resolved: 99.97% | Delay: 2.326s | Energy: 19908.93J | LB: 0.475
2026-05-11 07:46:50,460 | INFO |   Reward | D: 7252.50 | E: 4914.44 | Q: 4332.00 | H: 577.29 | LB: -1.28 | Enq: 129.68 | Pen: -1676.09
2026-05-11 07:47:43,215 | INFO | Update  505 | Steps: 1,034,240 | Episodes:   505 | EpReward:   782.86 | FPS:     39 | Actor Loss: 0.0009 | Critic Loss: 0.0006
2026-05-11 07:47:43,215 | INFO |   Env | HO: 76.24% | Cont: 91.58% | Task: 87.51% | Resolved: 99.99% | Delay: 2.325s | Energy: 20064.01J | LB: 0.474
2026-05-11 07:47:43,216 | INFO |   Reward | D: 7261.73 | E: 4925.44 | Q: 4341.20 | H: 527.37 | LB: -0.78 | Enq: 129.96 | Pen: -1597.00
2026-05-11 07:48:41,567 | INFO | Update  506 | Steps: 1,036,288 | Episodes:   506 | EpReward:   782.74 | FPS:     35 | Actor Loss: 0.0010 | Critic Loss: 0.0007
2026-05-11 07:48:41,568 | INFO |   Env | HO: 77.60% | Cont: 92.12% | Task: 88.53% | Resolved: 99.99% | Delay: 2.312s | Energy: 20093.49J | LB: 0.444
2026-05-11 07:48:41,568 | INFO |   Reward | D: 7358.42 | E: 4917.46 | Q: 4442.80 | H: 506.01 | LB: -1.20 | Enq: 130.74 | Pen: -1494.03
2026-05-11 07:49:42,437 | INFO | Update  507 | Steps: 1,038,336 | Episodes:   507 | EpReward:   782.51 | FPS:     34 | Actor Loss: 0.0010 | Critic Loss: 0.0007
2026-05-11 07:49:42,437 | INFO |   Env | HO: 77.18% | Cont: 93.19% | Task: 88.23% | Resolved: 99.99% | Delay: 2.309s | Energy: 19929.92J | LB: 0.470
2026-05-11 07:49:42,440 | INFO |   Reward | D: 7288.11 | E: 4879.20 | Q: 4380.80 | H: 424.06 | LB: -0.43 | Enq: 129.59 | Pen: -1391.25
2026-05-11 07:50:45,158 | INFO | Update  508 | Steps: 1,040,384 | Episodes:   508 | EpReward:   782.29 | FPS:     33 | Actor Loss: 0.0007 | Critic Loss: 0.0006
2026-05-11 07:50:45,159 | INFO |   Env | HO: 75.57% | Cont: 92.75% | Task: 88.06% | Resolved: 99.99% | Delay: 2.307s | Energy: 19842.83J | LB: 0.465
2026-05-11 07:50:45,159 | INFO |   Reward | D: 7306.48 | E: 4864.29 | Q: 4348.80 | H: 439.37 | LB: -0.79 | Enq: 129.03 | Pen: -1441.00
2026-05-11 07:51:44,670 | INFO | Update  509 | Steps: 1,042,432 | Episodes:   509 | EpReward:   782.06 | FPS:     34 | Actor Loss: 0.0009 | Critic Loss: 0.0007
2026-05-11 07:51:44,670 | INFO |   Env | HO: 76.68% | Cont: 92.60% | Task: 87.59% | Resolved: 99.99% | Delay: 2.311s | Energy: 19760.94J | LB: 0.432
2026-05-11 07:51:44,670 | INFO |   Reward | D: 7237.99 | E: 4859.16 | Q: 4289.60 | H: 465.23 | LB: -1.25 | Enq: 129.71 | Pen: -1470.71
2026-05-11 07:52:34,231 | INFO | Update  510 | Steps: 1,044,480 | Episodes:   510 | EpReward:   782.05 | FPS:     41 | Actor Loss: 0.0011 | Critic Loss: 0.0007
2026-05-11 07:52:34,231 | INFO |   Env | HO: 76.29% | Cont: 92.91% | Task: 88.06% | Resolved: 99.98% | Delay: 2.302s | Energy: 20043.97J | LB: 0.445
2026-05-11 07:52:34,231 | INFO |   Reward | D: 7363.57 | E: 4925.44 | Q: 4395.60 | H: 437.52 | LB: -0.57 | Enq: 129.87 | Pen: -1451.45
2026-05-11 07:53:19,408 | INFO | Update  511 | Steps: 1,046,528 | Episodes:   511 | EpReward:   782.07 | FPS:     45 | Actor Loss: 0.0008 | Critic Loss: 0.0007
2026-05-11 07:53:19,408 | INFO |   Env | HO: 77.73% | Cont: 93.28% | Task: 88.11% | Resolved: 99.99% | Delay: 2.301s | Energy: 19848.70J | LB: 0.430
2026-05-11 07:53:19,408 | INFO |   Reward | D: 7235.80 | E: 4866.45 | Q: 4348.40 | H: 425.35 | LB: -1.14 | Enq: 130.53 | Pen: -1342.41
2026-05-11 07:54:23,316 | INFO | Update  512 | Steps: 1,048,576 | Episodes:   512 | EpReward:   781.85 | FPS:     32 | Actor Loss: 0.0010 | Critic Loss: 0.0011
2026-05-11 07:54:23,316 | INFO |   Env | HO: 76.51% | Cont: 92.63% | Task: 87.70% | Resolved: 99.98% | Delay: 2.296s | Energy: 19700.99J | LB: 0.453
2026-05-11 07:54:23,316 | INFO |   Reward | D: 7256.03 | E: 4902.36 | Q: 4330.00 | H: 459.41 | LB: -0.68 | Enq: 129.91 | Pen: -1475.91
2026-05-11 07:55:21,653 | INFO | Update  513 | Steps: 1,050,624 | Episodes:   513 | EpReward:   781.72 | FPS:     35 | Actor Loss: 0.0010 | Critic Loss: 0.0007
2026-05-11 07:55:21,654 | INFO |   Env | HO: 77.16% | Cont: 93.28% | Task: 88.36% | Resolved: 99.98% | Delay: 2.310s | Energy: 20103.17J | LB: 0.466
2026-05-11 07:55:21,654 | INFO |   Reward | D: 7314.13 | E: 4893.47 | Q: 4412.40 | H: 420.74 | LB: -0.54 | Enq: 130.15 | Pen: -1377.90
2026-05-11 07:56:11,180 | INFO | Update  514 | Steps: 1,052,672 | Episodes:   514 | EpReward:   781.39 | FPS:     41 | Actor Loss: 0.0012 | Critic Loss: 0.0007
2026-05-11 07:56:11,180 | INFO |   Env | HO: 77.43% | Cont: 92.71% | Task: 88.05% | Resolved: 99.98% | Delay: 2.314s | Energy: 20192.33J | LB: 0.448
2026-05-11 07:56:11,181 | INFO |   Reward | D: 7330.72 | E: 4891.11 | Q: 4380.40 | H: 464.99 | LB: -0.96 | Enq: 129.84 | Pen: -1455.50
2026-05-11 07:57:22,296 | INFO | Update  515 | Steps: 1,054,720 | Episodes:   515 | EpReward:   781.16 | FPS:     29 | Actor Loss: 0.0013 | Critic Loss: 0.0007
2026-05-11 07:57:22,297 | INFO |   Env | HO: 75.88% | Cont: 93.12% | Task: 87.39% | Resolved: 99.99% | Delay: 2.316s | Energy: 19910.29J | LB: 0.429
2026-05-11 07:57:22,297 | INFO |   Reward | D: 7194.19 | E: 4893.99 | Q: 4296.40 | H: 418.41 | LB: -0.58 | Enq: 131.18 | Pen: -1422.22
2026-05-11 07:58:17,492 | INFO | Update  516 | Steps: 1,056,768 | Episodes:   516 | EpReward:   780.95 | FPS:     37 | Actor Loss: 0.0005 | Critic Loss: 0.0007
2026-05-11 07:58:17,492 | INFO |   Env | HO: 77.17% | Cont: 93.97% | Task: 88.68% | Resolved: 99.99% | Delay: 2.304s | Energy: 19564.78J | LB: 0.444
2026-05-11 07:58:17,492 | INFO |   Reward | D: 7151.71 | E: 4803.41 | Q: 4359.20 | H: 371.97 | LB: -0.08 | Enq: 129.19 | Pen: -1263.93
2026-05-11 07:59:07,472 | INFO | Update  517 | Steps: 1,058,816 | Episodes:   517 | EpReward:   780.78 | FPS:     41 | Actor Loss: 0.0009 | Critic Loss: 0.0007
2026-05-11 07:59:07,472 | INFO |   Env | HO: 77.74% | Cont: 94.09% | Task: 88.27% | Resolved: 99.98% | Delay: 2.303s | Energy: 19871.05J | LB: 0.438
2026-05-11 07:59:07,472 | INFO |   Reward | D: 7311.85 | E: 4884.76 | Q: 4386.40 | H: 368.29 | LB: -0.46 | Enq: 129.85 | Pen: -1292.28
2026-05-11 08:00:08,937 | INFO | Update  518 | Steps: 1,060,864 | Episodes:   518 | EpReward:   780.66 | FPS:     33 | Actor Loss: 0.0012 | Critic Loss: 0.0007
2026-05-11 08:00:08,937 | INFO |   Env | HO: 77.09% | Cont: 94.57% | Task: 88.12% | Resolved: 99.97% | Delay: 2.300s | Energy: 19809.74J | LB: 0.472
2026-05-11 08:00:08,937 | INFO |   Reward | D: 7277.12 | E: 4852.41 | Q: 4344.00 | H: 326.46 | LB: -0.43 | Enq: 128.45 | Pen: -1252.75
2026-05-11 08:01:03,708 | INFO | Update  519 | Steps: 1,062,912 | Episodes:   519 | EpReward:   780.48 | FPS:     37 | Actor Loss: 0.0008 | Critic Loss: 0.0007
2026-05-11 08:01:03,708 | INFO |   Env | HO: 78.02% | Cont: 93.87% | Task: 88.87% | Resolved: 99.98% | Delay: 2.285s | Energy: 19528.24J | LB: 0.483
2026-05-11 08:01:03,708 | INFO |   Reward | D: 7278.01 | E: 4830.47 | Q: 4398.80 | H: 384.33 | LB: -0.86 | Enq: 128.68 | Pen: -1272.57
2026-05-11 08:01:56,807 | INFO | Update  520 | Steps: 1,064,960 | Episodes:   520 | EpReward:   780.20 | FPS:     39 | Actor Loss: 0.0008 | Critic Loss: 0.0006
2026-05-11 08:01:56,810 | INFO |   Env | HO: 77.01% | Cont: 94.28% | Task: 88.37% | Resolved: 99.98% | Delay: 2.306s | Energy: 19834.69J | LB: 0.460
2026-05-11 08:01:56,810 | INFO |   Reward | D: 7189.70 | E: 4841.81 | Q: 4360.00 | H: 347.24 | LB: -0.71 | Enq: 128.73 | Pen: -1263.72
2026-05-11 08:02:47,286 | INFO | Update  521 | Steps: 1,067,008 | Episodes:   521 | EpReward:   780.16 | FPS:     41 | Actor Loss: 0.0012 | Critic Loss: 0.0007
2026-05-11 08:02:47,287 | INFO |   Env | HO: 76.94% | Cont: 94.16% | Task: 88.70% | Resolved: 99.99% | Delay: 2.295s | Energy: 19615.64J | LB: 0.444
2026-05-11 08:02:47,287 | INFO |   Reward | D: 7254.40 | E: 4880.97 | Q: 4424.00 | H: 352.64 | LB: -0.98 | Enq: 130.12 | Pen: -1256.96
2026-05-11 08:03:39,255 | INFO | Update  522 | Steps: 1,069,056 | Episodes:   522 | EpReward:   780.17 | FPS:     39 | Actor Loss: 0.0012 | Critic Loss: 0.0006
2026-05-11 08:03:39,256 | INFO |   Env | HO: 76.40% | Cont: 94.87% | Task: 88.60% | Resolved: 99.99% | Delay: 2.302s | Energy: 20008.78J | LB: 0.452
2026-05-11 08:03:39,256 | INFO |   Reward | D: 7366.25 | E: 4889.65 | Q: 4434.00 | H: 299.75 | LB: -0.01 | Enq: 130.27 | Pen: -1194.87
2026-05-11 08:04:39,697 | INFO | Update  523 | Steps: 1,071,104 | Episodes:   523 | EpReward:   780.00 | FPS:     34 | Actor Loss: 0.0008 | Critic Loss: 0.0007
2026-05-11 08:04:39,713 | INFO |   Env | HO: 77.00% | Cont: 95.08% | Task: 88.49% | Resolved: 99.99% | Delay: 2.290s | Energy: 19706.43J | LB: 0.448
2026-05-11 08:04:39,713 | INFO |   Reward | D: 7283.28 | E: 4868.94 | Q: 4391.20 | H: 290.57 | LB: -0.18 | Enq: 128.69 | Pen: -1182.37
2026-05-11 08:05:32,763 | INFO | Update  524 | Steps: 1,073,152 | Episodes:   524 | EpReward:   779.94 | FPS:     39 | Actor Loss: 0.0014 | Critic Loss: 0.0007
2026-05-11 08:05:32,767 | INFO |   Env | HO: 74.87% | Cont: 94.70% | Task: 88.69% | Resolved: 100.00% | Delay: 2.311s | Energy: 20128.37J | LB: 0.458
2026-05-11 08:05:32,767 | INFO |   Reward | D: 7299.47 | E: 4872.87 | Q: 4432.40 | H: 300.29 | LB: -0.30 | Enq: 130.75 | Pen: -1219.42
2026-05-11 08:06:31,486 | INFO | Update  525 | Steps: 1,075,200 | Episodes:   525 | EpReward:   779.64 | FPS:     35 | Actor Loss: 0.0010 | Critic Loss: 0.0006
2026-05-11 08:06:31,487 | INFO |   Env | HO: 76.17% | Cont: 94.16% | Task: 88.25% | Resolved: 99.99% | Delay: 2.303s | Energy: 19562.00J | LB: 0.472
2026-05-11 08:06:31,487 | INFO |   Reward | D: 7183.67 | E: 4826.32 | Q: 4335.20 | H: 347.67 | LB: -1.02 | Enq: 129.32 | Pen: -1257.01
2026-05-11 08:07:35,585 | INFO | Update  526 | Steps: 1,077,248 | Episodes:   526 | EpReward:   779.63 | FPS:     32 | Actor Loss: 0.0008 | Critic Loss: 0.0007
2026-05-11 08:07:35,585 | INFO |   Env | HO: 77.80% | Cont: 94.94% | Task: 88.72% | Resolved: 99.99% | Delay: 2.282s | Energy: 19402.19J | LB: 0.415
2026-05-11 08:07:35,585 | INFO |   Reward | D: 7251.10 | E: 4865.11 | Q: 4408.40 | H: 306.87 | LB: -0.53 | Enq: 130.46 | Pen: -1155.01
2026-05-11 08:08:38,326 | INFO | Update  527 | Steps: 1,079,296 | Episodes:   527 | EpReward:   779.60 | FPS:     33 | Actor Loss: 0.0008 | Critic Loss: 0.0007
2026-05-11 08:08:38,326 | INFO |   Env | HO: 75.64% | Cont: 94.60% | Task: 88.29% | Resolved: 99.99% | Delay: 2.289s | Energy: 19666.15J | LB: 0.414
2026-05-11 08:08:38,326 | INFO |   Reward | D: 7295.21 | E: 4894.55 | Q: 4385.20 | H: 313.54 | LB: -0.67 | Enq: 130.32 | Pen: -1242.68
2026-05-11 08:09:32,011 | INFO | Update  528 | Steps: 1,081,344 | Episodes:   528 | EpReward:   779.42 | FPS:     38 | Actor Loss: 0.0009 | Critic Loss: 0.0006
2026-05-11 08:09:32,012 | INFO |   Env | HO: 76.37% | Cont: 94.18% | Task: 87.72% | Resolved: 99.99% | Delay: 2.302s | Energy: 19817.33J | LB: 0.445
2026-05-11 08:09:32,012 | INFO |   Reward | D: 7326.33 | E: 4938.11 | Q: 4363.60 | H: 348.96 | LB: -0.27 | Enq: 130.23 | Pen: -1313.50
2026-05-11 08:10:27,064 | INFO | Update  529 | Steps: 1,083,392 | Episodes:   529 | EpReward:   779.29 | FPS:     37 | Actor Loss: 0.0006 | Critic Loss: 0.0006
2026-05-11 08:10:27,064 | INFO |   Env | HO: 76.95% | Cont: 94.24% | Task: 88.47% | Resolved: 99.97% | Delay: 2.293s | Energy: 19669.70J | LB: 0.461
2026-05-11 08:10:27,064 | INFO |   Reward | D: 7351.68 | E: 4896.81 | Q: 4415.60 | H: 350.62 | LB: -0.73 | Enq: 129.47 | Pen: -1282.85
2026-05-11 08:11:28,370 | INFO | Update  530 | Steps: 1,085,440 | Episodes:   530 | EpReward:   779.04 | FPS:     33 | Actor Loss: 0.0008 | Critic Loss: 0.0006
2026-05-11 08:11:28,370 | INFO |   Env | HO: 76.10% | Cont: 94.39% | Task: 88.54% | Resolved: 99.99% | Delay: 2.292s | Energy: 19507.03J | LB: 0.437
2026-05-11 08:11:28,371 | INFO |   Reward | D: 7275.81 | E: 4839.32 | Q: 4366.80 | H: 331.42 | LB: -0.35 | Enq: 128.24 | Pen: -1268.08
2026-05-11 08:12:20,422 | INFO | Update  531 | Steps: 1,087,488 | Episodes:   531 | EpReward:   779.00 | FPS:     39 | Actor Loss: 0.0010 | Critic Loss: 0.0005
2026-05-11 08:12:20,422 | INFO |   Env | HO: 78.66% | Cont: 94.45% | Task: 88.87% | Resolved: 99.98% | Delay: 2.287s | Energy: 19651.54J | LB: 0.465
2026-05-11 08:12:20,422 | INFO |   Reward | D: 7361.98 | E: 4884.34 | Q: 4444.40 | H: 349.27 | LB: -1.09 | Enq: 128.90 | Pen: -1224.61
2026-05-11 08:13:07,871 | INFO | Update  532 | Steps: 1,089,536 | Episodes:   532 | EpReward:   778.94 | FPS:     43 | Actor Loss: 0.0008 | Critic Loss: 0.0007
2026-05-11 08:13:07,871 | INFO |   Env | HO: 76.34% | Cont: 93.50% | Task: 88.22% | Resolved: 99.98% | Delay: 2.299s | Energy: 19719.37J | LB: 0.455
2026-05-11 08:13:07,871 | INFO |   Reward | D: 7370.11 | E: 4914.83 | Q: 4399.20 | H: 396.15 | LB: -0.64 | Enq: 130.38 | Pen: -1378.69
2026-05-11 08:13:54,625 | INFO | Update  533 | Steps: 1,091,584 | Episodes:   533 | EpReward:   778.71 | FPS:     44 | Actor Loss: 0.0012 | Critic Loss: 0.0007
2026-05-11 08:13:54,626 | INFO |   Env | HO: 76.23% | Cont: 92.62% | Task: 88.45% | Resolved: 99.95% | Delay: 2.309s | Energy: 19930.98J | LB: 0.425
2026-05-11 08:13:54,626 | INFO |   Reward | D: 7293.62 | E: 4891.56 | Q: 4413.20 | H: 454.74 | LB: -0.63 | Enq: 129.91 | Pen: -1450.30
2026-05-11 08:14:36,941 | INFO | Update  534 | Steps: 1,093,632 | Episodes:   534 | EpReward:   778.72 | FPS:     48 | Actor Loss: 0.0011 | Critic Loss: 0.0005
2026-05-11 08:14:36,941 | INFO |   Env | HO: 77.90% | Cont: 93.46% | Task: 88.54% | Resolved: 99.99% | Delay: 2.296s | Energy: 19523.90J | LB: 0.428
2026-05-11 08:14:36,941 | INFO |   Reward | D: 7311.22 | E: 4900.24 | Q: 4421.20 | H: 415.62 | LB: -0.82 | Enq: 129.75 | Pen: -1351.35
2026-05-11 08:15:40,519 | INFO | Update  535 | Steps: 1,095,680 | Episodes:   535 | EpReward:   778.65 | FPS:     32 | Actor Loss: 0.0010 | Critic Loss: 0.0006
2026-05-11 08:15:40,519 | INFO |   Env | HO: 77.36% | Cont: 94.30% | Task: 88.13% | Resolved: 99.97% | Delay: 2.295s | Energy: 19961.52J | LB: 0.430
2026-05-11 08:15:40,519 | INFO |   Reward | D: 7401.76 | E: 4926.34 | Q: 4397.20 | H: 350.65 | LB: -0.39 | Enq: 130.45 | Pen: -1285.90
2026-05-11 08:16:45,886 | INFO | Update  536 | Steps: 1,097,728 | Episodes:   536 | EpReward:   778.56 | FPS:     31 | Actor Loss: 0.0011 | Critic Loss: 0.0006
2026-05-11 08:16:45,886 | INFO |   Env | HO: 75.86% | Cont: 94.89% | Task: 88.28% | Resolved: 99.99% | Delay: 2.306s | Energy: 19625.60J | LB: 0.474
2026-05-11 08:16:45,886 | INFO |   Reward | D: 7209.26 | E: 4833.38 | Q: 4339.60 | H: 295.20 | LB: -0.82 | Enq: 129.08 | Pen: -1194.09
2026-05-11 08:17:47,450 | INFO | Update  537 | Steps: 1,099,776 | Episodes:   537 | EpReward:   778.36 | FPS:     33 | Actor Loss: 0.0012 | Critic Loss: 0.0006
2026-05-11 08:17:47,450 | INFO |   Env | HO: 76.67% | Cont: 95.24% | Task: 88.14% | Resolved: 99.99% | Delay: 2.300s | Energy: 19935.85J | LB: 0.474
2026-05-11 08:17:47,451 | INFO |   Reward | D: 7325.79 | E: 4900.17 | Q: 4383.60 | H: 277.49 | LB: -0.04 | Enq: 129.66 | Pen: -1182.55
2026-05-11 08:18:50,833 | INFO | Update  538 | Steps: 1,101,824 | Episodes:   538 | EpReward:   778.24 | FPS:     32 | Actor Loss: 0.0007 | Critic Loss: 0.0007
2026-05-11 08:18:50,834 | INFO |   Env | HO: 76.54% | Cont: 94.99% | Task: 88.58% | Resolved: 99.98% | Delay: 2.283s | Energy: 19457.95J | LB: 0.459
2026-05-11 08:18:50,834 | INFO |   Reward | D: 7320.34 | E: 4900.08 | Q: 4419.20 | H: 295.36 | LB: -0.19 | Enq: 129.56 | Pen: -1197.07
2026-05-11 08:18:50,834 | INFO | ----------------------------------------
2026-05-11 08:18:50,834 | INFO | 开始评估...
2026-05-11 08:24:06,162 | INFO | 评估结果: 奖励 = 788.20 ± 4.69, 长度 = 2000, 时延 = 2.277s, 能耗 = 194779.35J, 负载均衡 = 0.478
2026-05-11 08:24:06,167 | INFO | ----------------------------------------
2026-05-11 08:25:03,950 | INFO | Update  539 | Steps: 1,103,872 | Episodes:   539 | EpReward:   778.29 | FPS:     35 | Actor Loss: 0.0007 | Critic Loss: 0.0006
2026-05-11 08:25:03,951 | INFO |   Env | HO: 77.08% | Cont: 95.61% | Task: 88.96% | Resolved: 99.97% | Delay: 2.288s | Energy: 19965.94J | LB: 0.449
2026-05-11 08:25:03,951 | INFO |   Reward | D: 7414.75 | E: 4914.96 | Q: 4488.40 | H: 253.96 | LB: -0.49 | Enq: 130.42 | Pen: -1118.49
2026-05-11 08:26:00,105 | INFO | Update  540 | Steps: 1,105,920 | Episodes:   540 | EpReward:   778.06 | FPS:     36 | Actor Loss: 0.0009 | Critic Loss: 0.0007
2026-05-11 08:26:00,105 | INFO |   Env | HO: 77.86% | Cont: 95.03% | Task: 88.18% | Resolved: 99.99% | Delay: 2.286s | Energy: 19460.05J | LB: 0.443
2026-05-11 08:26:00,105 | INFO |   Reward | D: 7250.57 | E: 4886.00 | Q: 4365.60 | H: 303.44 | LB: -0.64 | Enq: 129.81 | Pen: -1164.03
2026-05-11 08:27:00,635 | INFO | Update  541 | Steps: 1,107,968 | Episodes:   541 | EpReward:   777.88 | FPS:     34 | Actor Loss: 0.0009 | Critic Loss: 0.0005
2026-05-11 08:27:00,636 | INFO |   Env | HO: 76.30% | Cont: 94.65% | Task: 88.27% | Resolved: 99.99% | Delay: 2.303s | Energy: 19797.49J | LB: 0.435
2026-05-11 08:27:00,636 | INFO |   Reward | D: 7212.86 | E: 4875.30 | Q: 4368.40 | H: 316.73 | LB: -0.40 | Enq: 130.13 | Pen: -1233.62
2026-05-11 08:27:53,267 | INFO | Update  542 | Steps: 1,110,016 | Episodes:   542 | EpReward:   777.84 | FPS:     39 | Actor Loss: 0.0010 | Critic Loss: 0.0007
2026-05-11 08:27:53,271 | INFO |   Env | HO: 76.75% | Cont: 94.74% | Task: 88.47% | Resolved: 99.99% | Delay: 2.287s | Energy: 19759.72J | LB: 0.453
2026-05-11 08:27:53,271 | INFO |   Reward | D: 7352.46 | E: 4897.21 | Q: 4412.80 | H: 313.98 | LB: -0.96 | Enq: 129.51 | Pen: -1234.46
2026-05-11 08:28:53,825 | INFO | Update  543 | Steps: 1,112,064 | Episodes:   543 | EpReward:   777.81 | FPS:     34 | Actor Loss: 0.0012 | Critic Loss: 0.0009
2026-05-11 08:28:53,826 | INFO |   Env | HO: 74.26% | Cont: 95.03% | Task: 88.58% | Resolved: 99.98% | Delay: 2.299s | Energy: 20094.11J | LB: 0.453
2026-05-11 08:28:53,826 | INFO |   Reward | D: 7429.23 | E: 4895.84 | Q: 4437.60 | H: 273.34 | LB: -0.57 | Enq: 128.80 | Pen: -1236.49
2026-05-11 08:30:02,147 | INFO | Update  544 | Steps: 1,114,112 | Episodes:   544 | EpReward:   777.49 | FPS:     30 | Actor Loss: 0.0010 | Critic Loss: 0.0009
2026-05-11 08:30:02,148 | INFO |   Env | HO: 76.69% | Cont: 94.94% | Task: 88.52% | Resolved: 99.99% | Delay: 2.288s | Energy: 19670.77J | LB: 0.461
2026-05-11 08:30:02,148 | INFO |   Reward | D: 7246.87 | E: 4860.37 | Q: 4385.60 | H: 298.46 | LB: -0.56 | Enq: 128.30 | Pen: -1206.31
2026-05-11 08:31:08,271 | INFO | Update  545 | Steps: 1,116,160 | Episodes:   545 | EpReward:   777.40 | FPS:     31 | Actor Loss: 0.0012 | Critic Loss: 0.0007
2026-05-11 08:31:08,271 | INFO |   Env | HO: 76.22% | Cont: 95.26% | Task: 88.64% | Resolved: 99.99% | Delay: 2.291s | Energy: 19736.87J | LB: 0.468
2026-05-11 08:31:08,271 | INFO |   Reward | D: 7299.80 | E: 4875.33 | Q: 4417.20 | H: 274.38 | LB: -0.22 | Enq: 129.19 | Pen: -1158.95
2026-05-11 08:32:09,679 | INFO | Update  546 | Steps: 1,118,208 | Episodes:   546 | EpReward:   777.24 | FPS:     33 | Actor Loss: 0.0012 | Critic Loss: 0.0006
2026-05-11 08:32:09,679 | INFO |   Env | HO: 76.67% | Cont: 95.05% | Task: 88.21% | Resolved: 99.99% | Delay: 2.303s | Energy: 19921.24J | LB: 0.466
2026-05-11 08:32:09,679 | INFO |   Reward | D: 7272.24 | E: 4882.75 | Q: 4377.20 | H: 291.25 | LB: -0.79 | Enq: 128.82 | Pen: -1219.95
2026-05-11 08:32:57,834 | INFO | Update  547 | Steps: 1,120,256 | Episodes:   547 | EpReward:   777.08 | FPS:     43 | Actor Loss: 0.0011 | Critic Loss: 0.0007
2026-05-11 08:32:57,834 | INFO |   Env | HO: 77.80% | Cont: 94.88% | Task: 88.03% | Resolved: 100.00% | Delay: 2.296s | Energy: 19937.57J | LB: 0.475
2026-05-11 08:32:57,834 | INFO |   Reward | D: 7337.16 | E: 4900.90 | Q: 4374.80 | H: 314.70 | LB: -0.64 | Enq: 128.81 | Pen: -1229.87
2026-05-11 08:33:48,685 | INFO | Update  548 | Steps: 1,122,304 | Episodes:   548 | EpReward:   776.90 | FPS:     40 | Actor Loss: 0.0014 | Critic Loss: 0.0006
2026-05-11 08:33:48,690 | INFO |   Env | HO: 76.15% | Cont: 95.09% | Task: 88.03% | Resolved: 99.99% | Delay: 2.307s | Energy: 19836.02J | LB: 0.468
2026-05-11 08:33:48,691 | INFO |   Reward | D: 7274.99 | E: 4858.96 | Q: 4340.40 | H: 285.61 | LB: -0.20 | Enq: 129.91 | Pen: -1201.74
2026-05-11 08:34:56,810 | INFO | Update  549 | Steps: 1,124,352 | Episodes:   549 | EpReward:   776.81 | FPS:     30 | Actor Loss: 0.0011 | Critic Loss: 0.0006
2026-05-11 08:34:56,810 | INFO |   Env | HO: 76.86% | Cont: 95.54% | Task: 88.63% | Resolved: 99.98% | Delay: 2.287s | Energy: 19901.70J | LB: 0.450
2026-05-11 08:34:56,811 | INFO |   Reward | D: 7357.62 | E: 4895.53 | Q: 4435.20 | H: 257.43 | LB: -0.02 | Enq: 129.50 | Pen: -1151.02
2026-05-11 08:35:51,494 | INFO | Update  550 | Steps: 1,126,400 | Episodes:   550 | EpReward:   776.62 | FPS:     37 | Actor Loss: 0.0007 | Critic Loss: 0.0005
2026-05-11 08:35:51,494 | INFO |   Env | HO: 75.76% | Cont: 95.33% | Task: 88.44% | Resolved: 99.95% | Delay: 2.307s | Energy: 20077.54J | LB: 0.449
2026-05-11 08:35:51,494 | INFO |   Reward | D: 7285.38 | E: 4854.50 | Q: 4386.40 | H: 264.54 | LB: -0.50 | Enq: 129.39 | Pen: -1160.97
2026-05-11 08:36:55,659 | INFO | Update  551 | Steps: 1,128,448 | Episodes:   551 | EpReward:   776.54 | FPS:     32 | Actor Loss: 0.0011 | Critic Loss: 0.0007
2026-05-11 08:36:55,659 | INFO |   Env | HO: 76.74% | Cont: 96.43% | Task: 88.69% | Resolved: 99.97% | Delay: 2.294s | Energy: 20011.27J | LB: 0.449
2026-05-11 08:36:55,659 | INFO |   Reward | D: 7338.58 | E: 4858.75 | Q: 4413.20 | H: 195.00 | LB: -0.22 | Enq: 129.75 | Pen: -1033.48
2026-05-11 08:37:39,731 | INFO | Update  552 | Steps: 1,130,496 | Episodes:   552 | EpReward:   776.57 | FPS:     46 | Actor Loss: 0.0012 | Critic Loss: 0.0007
2026-05-11 08:37:39,731 | INFO |   Env | HO: 75.80% | Cont: 96.41% | Task: 89.22% | Resolved: 99.98% | Delay: 2.278s | Energy: 19788.64J | LB: 0.450
2026-05-11 08:37:39,731 | INFO |   Reward | D: 7458.44 | E: 4923.25 | Q: 4522.40 | H: 190.45 | LB: -0.21 | Enq: 129.69 | Pen: -1043.50
2026-05-11 08:38:36,447 | INFO | Update  553 | Steps: 1,132,544 | Episodes:   553 | EpReward:   776.43 | FPS:     36 | Actor Loss: 0.0013 | Critic Loss: 0.0007
2026-05-11 08:38:36,448 | INFO |   Env | HO: 77.73% | Cont: 96.62% | Task: 88.71% | Resolved: 99.99% | Delay: 2.291s | Energy: 19998.92J | LB: 0.439
2026-05-11 08:38:36,448 | INFO |   Reward | D: 7328.85 | E: 4852.84 | Q: 4410.00 | H: 184.53 | LB: -0.16 | Enq: 129.76 | Pen: -992.11
2026-05-11 08:39:37,132 | INFO | Update  554 | Steps: 1,134,592 | Episodes:   554 | EpReward:   776.48 | FPS:     34 | Actor Loss: 0.0009 | Critic Loss: 0.0007
2026-05-11 08:39:37,132 | INFO |   Env | HO: 76.87% | Cont: 96.79% | Task: 88.06% | Resolved: 99.97% | Delay: 2.287s | Energy: 20130.60J | LB: 0.492
2026-05-11 08:39:37,132 | INFO |   Reward | D: 7363.10 | E: 4967.98 | Q: 4430.40 | H: 166.17 | LB: 0.27 | Enq: 130.41 | Pen: -1030.98
2026-05-11 08:40:26,076 | INFO | Update  555 | Steps: 1,136,640 | Episodes:   555 | EpReward:   776.57 | FPS:     42 | Actor Loss: 0.0006 | Critic Loss: 0.0008
2026-05-11 08:40:26,079 | INFO |   Env | HO: 76.70% | Cont: 97.06% | Task: 89.12% | Resolved: 99.99% | Delay: 2.285s | Energy: 20105.40J | LB: 0.461
2026-05-11 08:40:26,079 | INFO |   Reward | D: 7452.64 | E: 4939.78 | Q: 4525.60 | H: 147.37 | LB: -0.18 | Enq: 129.63 | Pen: -989.57
2026-05-11 08:41:21,363 | INFO | Update  556 | Steps: 1,138,688 | Episodes:   556 | EpReward:   776.62 | FPS:     37 | Actor Loss: 0.0010 | Critic Loss: 0.0006
2026-05-11 08:41:21,363 | INFO |   Env | HO: 76.17% | Cont: 96.68% | Task: 89.18% | Resolved: 99.97% | Delay: 2.281s | Energy: 19687.76J | LB: 0.452
2026-05-11 08:41:21,363 | INFO |   Reward | D: 7333.03 | E: 4880.09 | Q: 4476.80 | H: 172.69 | LB: 0.16 | Enq: 129.38 | Pen: -977.33
2026-05-11 08:42:21,562 | INFO | Update  557 | Steps: 1,140,736 | Episodes:   557 | EpReward:   776.71 | FPS:     34 | Actor Loss: 0.0010 | Critic Loss: 0.0008
2026-05-11 08:42:21,562 | INFO |   Env | HO: 78.50% | Cont: 96.84% | Task: 89.31% | Resolved: 99.99% | Delay: 2.293s | Energy: 20142.33J | LB: 0.435
2026-05-11 08:42:21,562 | INFO |   Reward | D: 7428.46 | E: 4899.91 | Q: 4523.20 | H: 171.39 | LB: -0.39 | Enq: 131.41 | Pen: -947.16
2026-05-11 08:43:19,486 | INFO | Update  558 | Steps: 1,142,784 | Episodes:   558 | EpReward:   776.73 | FPS:     35 | Actor Loss: 0.0010 | Critic Loss: 0.0006
2026-05-11 08:43:19,486 | INFO |   Env | HO: 75.73% | Cont: 96.59% | Task: 88.79% | Resolved: 99.98% | Delay: 2.280s | Energy: 19752.38J | LB: 0.416
2026-05-11 08:43:19,486 | INFO |   Reward | D: 7382.67 | E: 4896.30 | Q: 4450.00 | H: 178.94 | LB: -0.33 | Enq: 130.21 | Pen: -1024.81
2026-05-11 08:44:19,752 | INFO | Update  559 | Steps: 1,144,832 | Episodes:   559 | EpReward:   776.77 | FPS:     34 | Actor Loss: 0.0010 | Critic Loss: 0.0006
2026-05-11 08:44:19,754 | INFO |   Env | HO: 74.70% | Cont: 96.58% | Task: 88.63% | Resolved: 99.99% | Delay: 2.290s | Energy: 19942.02J | LB: 0.403
2026-05-11 08:44:19,754 | INFO |   Reward | D: 7373.52 | E: 4896.32 | Q: 4435.60 | H: 173.24 | LB: -0.62 | Enq: 129.88 | Pen: -1013.09
2026-05-11 08:45:25,837 | INFO | Update  560 | Steps: 1,146,880 | Episodes:   560 | EpReward:   776.86 | FPS:     31 | Actor Loss: 0.0010 | Critic Loss: 0.0006
2026-05-11 08:45:25,837 | INFO |   Env | HO: 76.15% | Cont: 97.14% | Task: 89.14% | Resolved: 99.99% | Delay: 2.292s | Energy: 19952.17J | LB: 0.483
2026-05-11 08:45:25,837 | INFO |   Reward | D: 7349.84 | E: 4916.31 | Q: 4507.60 | H: 141.43 | LB: 0.41 | Enq: 131.01 | Pen: -939.55
2026-05-11 08:46:12,335 | INFO | Update  561 | Steps: 1,148,928 | Episodes:   561 | EpReward:   776.86 | FPS:     44 | Actor Loss: 0.0008 | Critic Loss: 0.0006
2026-05-11 08:46:12,336 | INFO |   Env | HO: 77.08% | Cont: 97.29% | Task: 88.88% | Resolved: 99.99% | Delay: 2.285s | Energy: 19786.59J | LB: 0.436
2026-05-11 08:46:12,336 | INFO |   Reward | D: 7307.65 | E: 4896.54 | Q: 4458.00 | H: 134.54 | LB: -0.00 | Enq: 130.70 | Pen: -910.29
2026-05-11 08:47:16,945 | INFO | Update  562 | Steps: 1,150,976 | Episodes:   562 | EpReward:   776.78 | FPS:     32 | Actor Loss: 0.0011 | Critic Loss: 0.0007
2026-05-11 08:47:16,946 | INFO |   Env | HO: 74.48% | Cont: 97.17% | Task: 88.79% | Resolved: 99.98% | Delay: 2.293s | Energy: 20068.41J | LB: 0.452
2026-05-11 08:47:16,946 | INFO |   Reward | D: 7417.64 | E: 4904.06 | Q: 4464.00 | H: 133.15 | LB: -0.34 | Enq: 130.00 | Pen: -972.61
2026-05-11 08:48:17,597 | INFO | Update  563 | Steps: 1,153,024 | Episodes:   563 | EpReward:   776.67 | FPS:     34 | Actor Loss: 0.0005 | Critic Loss: 0.0006
2026-05-11 08:48:17,606 | INFO |   Env | HO: 78.26% | Cont: 97.09% | Task: 88.64% | Resolved: 99.99% | Delay: 2.275s | Energy: 19410.45J | LB: 0.452
2026-05-11 08:48:17,606 | INFO |   Reward | D: 7313.55 | E: 4890.78 | Q: 4416.00 | H: 150.25 | LB: 0.00 | Enq: 130.26 | Pen: -931.48
2026-05-11 08:49:19,615 | INFO | Update  564 | Steps: 1,155,072 | Episodes:   564 | EpReward:   776.86 | FPS:     33 | Actor Loss: 0.0007 | Critic Loss: 0.0006
2026-05-11 08:49:19,616 | INFO |   Env | HO: 76.01% | Cont: 96.73% | Task: 89.09% | Resolved: 99.99% | Delay: 2.272s | Energy: 19993.13J | LB: 0.448
2026-05-11 08:49:19,616 | INFO |   Reward | D: 7508.46 | E: 4941.47 | Q: 4525.60 | H: 168.43 | LB: -0.15 | Enq: 129.64 | Pen: -1043.62
2026-05-11 08:50:15,354 | INFO | Update  565 | Steps: 1,157,120 | Episodes:   565 | EpReward:   776.74 | FPS:     37 | Actor Loss: 0.0012 | Critic Loss: 0.0006
2026-05-11 08:50:15,354 | INFO |   Env | HO: 78.07% | Cont: 97.04% | Task: 88.78% | Resolved: 99.98% | Delay: 2.297s | Energy: 19771.36J | LB: 0.445
2026-05-11 08:50:15,354 | INFO |   Reward | D: 7296.33 | E: 4890.35 | Q: 4444.80 | H: 155.14 | LB: -0.23 | Enq: 129.69 | Pen: -960.28
2026-05-11 08:51:07,032 | INFO | Update  566 | Steps: 1,159,168 | Episodes:   566 | EpReward:   776.71 | FPS:     40 | Actor Loss: 0.0014 | Critic Loss: 0.0006
2026-05-11 08:51:07,032 | INFO |   Env | HO: 78.17% | Cont: 96.76% | Task: 88.57% | Resolved: 99.98% | Delay: 2.294s | Energy: 19907.05J | LB: 0.433
2026-05-11 08:51:07,032 | INFO |   Reward | D: 7390.70 | E: 4882.92 | Q: 4416.40 | H: 163.17 | LB: -0.13 | Enq: 130.21 | Pen: -962.33
2026-05-11 08:52:09,436 | INFO | Update  567 | Steps: 1,161,216 | Episodes:   567 | EpReward:   776.54 | FPS:     33 | Actor Loss: 0.0014 | Critic Loss: 0.0007
2026-05-11 08:52:09,436 | INFO |   Env | HO: 77.20% | Cont: 96.46% | Task: 88.57% | Resolved: 99.99% | Delay: 2.298s | Energy: 19931.73J | LB: 0.468
2026-05-11 08:52:09,437 | INFO |   Reward | D: 7327.65 | E: 4864.73 | Q: 4404.40 | H: 177.68 | LB: 0.04 | Enq: 130.01 | Pen: -1008.73
2026-05-11 08:53:19,401 | INFO | Update  568 | Steps: 1,163,264 | Episodes:   568 | EpReward:   776.46 | FPS:     29 | Actor Loss: 0.0016 | Critic Loss: 0.0006
2026-05-11 08:53:19,405 | INFO |   Env | HO: 75.80% | Cont: 96.32% | Task: 88.78% | Resolved: 99.99% | Delay: 2.302s | Energy: 20244.76J | LB: 0.444
2026-05-11 08:53:19,405 | INFO |   Reward | D: 7437.70 | E: 4937.81 | Q: 4497.60 | H: 180.80 | LB: -0.10 | Enq: 131.28 | Pen: -1033.69
2026-05-11 08:54:20,782 | INFO | Update  569 | Steps: 1,165,312 | Episodes:   569 | EpReward:   776.30 | FPS:     33 | Actor Loss: 0.0014 | Critic Loss: 0.0006
2026-05-11 08:54:20,782 | INFO |   Env | HO: 78.01% | Cont: 96.07% | Task: 88.49% | Resolved: 99.97% | Delay: 2.296s | Energy: 19690.64J | LB: 0.464
2026-05-11 08:54:20,782 | INFO |   Reward | D: 7240.32 | E: 4858.77 | Q: 4379.60 | H: 204.48 | LB: -0.41 | Enq: 128.73 | Pen: -1043.94
2026-05-11 08:55:28,332 | INFO | Update  570 | Steps: 1,167,360 | Episodes:   570 | EpReward:   776.27 | FPS:     30 | Actor Loss: 0.0014 | Critic Loss: 0.0006
2026-05-11 08:55:28,335 | INFO |   Env | HO: 75.57% | Cont: 96.21% | Task: 88.95% | Resolved: 99.98% | Delay: 2.284s | Energy: 20005.41J | LB: 0.401
2026-05-11 08:55:28,335 | INFO |   Reward | D: 7419.85 | E: 4951.38 | Q: 4512.80 | H: 192.74 | LB: -0.20 | Enq: 130.90 | Pen: -1063.28
2026-05-11 08:56:37,068 | INFO | Update  571 | Steps: 1,169,408 | Episodes:   571 | EpReward:   776.25 | FPS:     30 | Actor Loss: 0.0012 | Critic Loss: 0.0006
2026-05-11 08:56:37,071 | INFO |   Env | HO: 77.29% | Cont: 96.97% | Task: 88.80% | Resolved: 99.99% | Delay: 2.289s | Energy: 19901.46J | LB: 0.451
2026-05-11 08:56:37,072 | INFO |   Reward | D: 7282.80 | E: 4889.94 | Q: 4446.40 | H: 149.88 | LB: -0.25 | Enq: 130.46 | Pen: -949.26
2026-05-11 08:57:39,659 | INFO | Update  572 | Steps: 1,171,456 | Episodes:   572 | EpReward:   776.27 | FPS:     33 | Actor Loss: 0.0017 | Critic Loss: 0.0007
2026-05-11 08:57:39,659 | INFO |   Env | HO: 78.45% | Cont: 96.80% | Task: 88.51% | Resolved: 99.99% | Delay: 2.294s | Energy: 20165.71J | LB: 0.463
2026-05-11 08:57:39,660 | INFO |   Reward | D: 7403.40 | E: 4921.77 | Q: 4449.60 | H: 165.07 | LB: -0.79 | Enq: 129.13 | Pen: -1024.82
2026-05-11 08:58:43,768 | INFO | Update  573 | Steps: 1,173,504 | Episodes:   573 | EpReward:   776.28 | FPS:     32 | Actor Loss: 0.0011 | Critic Loss: 0.0007
2026-05-11 08:58:43,769 | INFO |   Env | HO: 76.45% | Cont: 97.03% | Task: 89.02% | Resolved: 99.99% | Delay: 2.287s | Energy: 20024.54J | LB: 0.421
2026-05-11 08:58:43,769 | INFO |   Reward | D: 7409.78 | E: 4920.62 | Q: 4500.80 | H: 140.29 | LB: 0.02 | Enq: 130.42 | Pen: -974.05
2026-05-11 08:59:47,567 | INFO | Update  574 | Steps: 1,175,552 | Episodes:   574 | EpReward:   776.07 | FPS:     32 | Actor Loss: 0.0017 | Critic Loss: 0.0006
2026-05-11 08:59:47,567 | INFO |   Env | HO: 76.76% | Cont: 97.20% | Task: 89.00% | Resolved: 99.99% | Delay: 2.283s | Energy: 19528.43J | LB: 0.433
2026-05-11 08:59:47,567 | INFO |   Reward | D: 7327.34 | E: 4837.66 | Q: 4418.40 | H: 130.46 | LB: 0.17 | Enq: 130.01 | Pen: -890.97
2026-05-11 09:00:54,992 | INFO | Update  575 | Steps: 1,177,600 | Episodes:   575 | EpReward:   776.20 | FPS:     30 | Actor Loss: 0.0016 | Critic Loss: 0.0006
2026-05-11 09:00:54,993 | INFO |   Env | HO: 79.24% | Cont: 97.47% | Task: 88.88% | Resolved: 99.99% | Delay: 2.281s | Energy: 20068.12J | LB: 0.476
2026-05-11 09:00:54,993 | INFO |   Reward | D: 7456.38 | E: 4928.08 | Q: 4495.20 | H: 120.68 | LB: -0.09 | Enq: 129.44 | Pen: -929.02
2026-05-11 09:02:02,041 | INFO | Update  576 | Steps: 1,179,648 | Episodes:   576 | EpReward:   776.04 | FPS:     31 | Actor Loss: 0.0010 | Critic Loss: 0.0007
2026-05-11 09:02:02,041 | INFO |   Env | HO: 78.14% | Cont: 97.24% | Task: 88.48% | Resolved: 99.96% | Delay: 2.288s | Energy: 19728.56J | LB: 0.439
2026-05-11 09:02:02,042 | INFO |   Reward | D: 7286.89 | E: 4880.86 | Q: 4402.00 | H: 136.55 | LB: -0.43 | Enq: 130.98 | Pen: -923.26
2026-05-11 09:02:49,426 | INFO | Update  577 | Steps: 1,181,696 | Episodes:   577 | EpReward:   775.78 | FPS:     43 | Actor Loss: 0.0012 | Critic Loss: 0.0006
2026-05-11 09:02:49,427 | INFO |   Env | HO: 77.66% | Cont: 97.34% | Task: 88.87% | Resolved: 99.99% | Delay: 2.282s | Energy: 19877.64J | LB: 0.461
2026-05-11 09:02:49,427 | INFO |   Reward | D: 7413.70 | E: 4912.49 | Q: 4476.80 | H: 132.29 | LB: -0.23 | Enq: 129.97 | Pen: -940.21
2026-05-11 09:03:40,700 | INFO | Update  578 | Steps: 1,183,744 | Episodes:   578 | EpReward:   775.90 | FPS:     40 | Actor Loss: 0.0015 | Critic Loss: 0.0006
2026-05-11 09:03:40,701 | INFO |   Env | HO: 77.06% | Cont: 97.53% | Task: 89.03% | Resolved: 99.97% | Delay: 2.284s | Energy: 20093.04J | LB: 0.406
2026-05-11 09:03:40,701 | INFO |   Reward | D: 7434.88 | E: 4916.68 | Q: 4498.00 | H: 114.66 | LB: -0.10 | Enq: 130.43 | Pen: -912.27
2026-05-11 09:04:40,439 | INFO | Update  579 | Steps: 1,185,792 | Episodes:   579 | EpReward:   775.90 | FPS:     34 | Actor Loss: 0.0011 | Critic Loss: 0.0007
2026-05-11 09:04:40,439 | INFO |   Env | HO: 76.15% | Cont: 97.34% | Task: 88.96% | Resolved: 99.99% | Delay: 2.295s | Energy: 20624.28J | LB: 0.441
2026-05-11 09:04:40,439 | INFO |   Reward | D: 7491.11 | E: 4975.03 | Q: 4556.00 | H: 126.82 | LB: -0.20 | Enq: 130.22 | Pen: -984.11
2026-05-11 09:05:43,428 | INFO | Update  580 | Steps: 1,187,840 | Episodes:   580 | EpReward:   775.83 | FPS:     33 | Actor Loss: 0.0009 | Critic Loss: 0.0006
2026-05-11 09:05:43,428 | INFO |   Env | HO: 78.37% | Cont: 97.86% | Task: 88.67% | Resolved: 99.99% | Delay: 2.279s | Energy: 19785.98J | LB: 0.451
2026-05-11 09:05:43,428 | INFO |   Reward | D: 7355.60 | E: 4923.36 | Q: 4456.40 | H: 96.06 | LB: -0.24 | Enq: 130.59 | Pen: -875.99
2026-05-11 09:06:34,659 | INFO | Update  581 | Steps: 1,189,888 | Episodes:   581 | EpReward:   775.89 | FPS:     40 | Actor Loss: 0.0010 | Critic Loss: 0.0006
2026-05-11 09:06:34,660 | INFO |   Env | HO: 78.34% | Cont: 97.89% | Task: 88.68% | Resolved: 99.98% | Delay: 2.281s | Energy: 19798.88J | LB: 0.399
2026-05-11 09:06:34,660 | INFO |   Reward | D: 7464.99 | E: 4907.24 | Q: 4450.40 | H: 89.87 | LB: -0.15 | Enq: 130.09 | Pen: -893.16
2026-05-11 09:07:23,445 | INFO | Update  582 | Steps: 1,191,936 | Episodes:   582 | EpReward:   775.84 | FPS:     42 | Actor Loss: 0.0016 | Critic Loss: 0.0006
2026-05-11 09:07:23,445 | INFO |   Env | HO: 76.32% | Cont: 97.93% | Task: 88.62% | Resolved: 99.99% | Delay: 2.284s | Energy: 19791.61J | LB: 0.471
2026-05-11 09:07:23,445 | INFO |   Reward | D: 7303.08 | E: 4854.74 | Q: 4394.80 | H: 81.24 | LB: -0.12 | Enq: 127.87 | Pen: -869.79
2026-05-11 09:08:12,405 | INFO | Update  583 | Steps: 1,193,984 | Episodes:   583 | EpReward:   775.72 | FPS:     42 | Actor Loss: 0.0014 | Critic Loss: 0.0006
2026-05-11 09:08:12,418 | INFO |   Env | HO: 76.54% | Cont: 98.02% | Task: 88.95% | Resolved: 99.99% | Delay: 2.290s | Energy: 19807.96J | LB: 0.481
2026-05-11 09:08:12,418 | INFO |   Reward | D: 7332.23 | E: 4872.88 | Q: 4453.60 | H: 76.57 | LB: -0.15 | Enq: 129.91 | Pen: -847.74
2026-05-11 09:09:02,071 | INFO | Update  584 | Steps: 1,196,032 | Episodes:   584 | EpReward:   775.63 | FPS:     41 | Actor Loss: 0.0012 | Critic Loss: 0.0006
2026-05-11 09:09:02,071 | INFO |   Env | HO: 77.42% | Cont: 97.98% | Task: 88.90% | Resolved: 99.99% | Delay: 2.281s | Energy: 19811.19J | LB: 0.491
2026-05-11 09:09:02,072 | INFO |   Reward | D: 7380.49 | E: 4916.75 | Q: 4477.60 | H: 80.56 | LB: 0.02 | Enq: 129.98 | Pen: -862.76
2026-05-11 09:10:01,173 | INFO | Update  585 | Steps: 1,198,080 | Episodes:   585 | EpReward:   775.55 | FPS:     35 | Actor Loss: 0.0013 | Critic Loss: 0.0007
2026-05-11 09:10:01,173 | INFO |   Env | HO: 77.42% | Cont: 97.96% | Task: 88.51% | Resolved: 99.99% | Delay: 2.277s | Energy: 19847.05J | LB: 0.426
2026-05-11 09:10:01,173 | INFO |   Reward | D: 7405.01 | E: 4951.32 | Q: 4456.80 | H: 86.32 | LB: -0.09 | Enq: 132.35 | Pen: -865.59
2026-05-11 09:11:02,587 | INFO | Update  586 | Steps: 1,200,128 | Episodes:   586 | EpReward:   775.44 | FPS:     33 | Actor Loss: 0.0012 | Critic Loss: 0.0006
2026-05-11 09:11:02,587 | INFO |   Env | HO: 75.54% | Cont: 97.86% | Task: 89.02% | Resolved: 99.99% | Delay: 2.296s | Energy: 19905.48J | LB: 0.444
2026-05-11 09:11:02,587 | INFO |   Reward | D: 7339.32 | E: 4851.38 | Q: 4442.80 | H: 85.19 | LB: -0.00 | Enq: 129.50 | Pen: -846.87
2026-05-11 09:11:02,587 | INFO | ----------------------------------------
2026-05-11 09:11:02,587 | INFO | 开始评估...
2026-05-11 09:17:00,597 | INFO | 评估结果: 奖励 = 788.39 ± 3.97, 长度 = 2000, 时延 = 2.279s, 能耗 = 194751.26J, 负载均衡 = 0.489
2026-05-11 09:17:00,597 | INFO | ----------------------------------------
2026-05-11 09:17:00,625 | INFO | 模型已保存: /home/pjpjq/LEO_switch/results/baseline_compare/20260510_010757/learned_baselines/mappo_no_han/checkpoint_1200128.pt
2026-05-11 09:17:00,625 | INFO | ============================================================
2026-05-11 09:17:00,625 | INFO | 训练完成!
2026-05-11 09:17:00,625 | INFO |   总时间: 10.74 小时
2026-05-11 09:17:00,626 | INFO |   总步数: 1,200,128
2026-05-11 09:17:00,626 | INFO |   总episode: 586
2026-05-11 09:17:00,626 | INFO |   最佳奖励: 795.44
2026-05-11 09:17:00,626 | INFO |   最佳模型指标: effective latency score = 0.2721
2026-05-11 09:17:00,626 | INFO | ============================================================
2026-05-11 09:17:00,647 | INFO | 模型已保存: /home/pjpjq/LEO_switch/results/baseline_compare/20260510_010757/learned_baselines/mappo_no_han/final_model.pt
2026-05-11 09:17:00,760 | INFO | 训练历史已保存: /home/pjpjq/LEO_switch/results/baseline_compare/20260510_010757/learned_baselines/mappo_no_han/training_history.json
2026-05-11 09:17:00,771 | INFO | 初始化环境...
2026-05-11 09:17:00,774 | INFO |   - 原始观测维度: 73
2026-05-11 09:17:00,774 | INFO |   - HAN嵌入维度: 64
2026-05-11 09:17:00,774 | INFO |   - 拼接后观测维度: 69 (HAN 64 + rvt_warning 1 + task 4)
2026-05-11 09:17:00,774 | INFO |   - 全局状态维度: 1380
2026-05-11 09:17:00,774 | INFO |   - HAN ablation: using raw environment observations
2026-05-11 09:17:00,774 | INFO |   - No-HAN observation dim: 73
2026-05-11 09:17:00,774 | INFO | 初始化图构建器...
2026-05-11 09:17:00,774 | INFO | 初始化MAPPO...
2026-05-11 09:17:07,795 | INFO |   - Actor参数量: 77,773
2026-05-11 09:17:07,796 | INFO |   - Critic参数量: 184,833
2026-05-11 09:17:07,796 | INFO | 初始化经验缓冲区...
2026-05-11 09:17:07,805 | INFO | 训练器初始化完成，设备: cuda
2026-05-11 09:17:07,814 | INFO | 环境: 20 用户, 66 卫星
  - 轨道周期: 95.50 分钟
  - 总卫星数: 66
[星座初始化] Walker 53.0:66/6/1
  - 轨道高度: 550.0 km
  - 轨道周期: 95.50 分钟
  - 总卫星数: 66
[星座初始化] Walker 53.0:66/6/1
  - 轨道高度: 550.0 km
  - 轨道周期: 95.50 分钟
  - 总卫星数: 66
[星座初始化] Walker 53.0:66/6/1
  - 轨道高度: 550.0 km
  - 轨道周期: 95.50 分钟
  - 总卫星数: 66
[星座初始化] Walker 53.0:66/6/1
  - 轨道高度: 550.0 km
  - 轨道周期: 95.50 分钟
  - 总卫星数: 66
[星座初始化] Walker 53.0:66/6/1
  - 轨道高度: 550.0 km
  - 轨道周期: 95.50 分钟
  - 总卫星数: 66
[星座初始化] Walker 53.0:66/6/1
  - 轨道高度: 550.0 km
  - 轨道周期: 95.50 分钟
  - 总卫星数: 66
[
  {
    "method": "han_mappo_latency_priority",
    "display_name": "HAN+MAPPO",
    "episodes": 10,
    "is_system": true,
    "mean_reward": 795.1132892656457,
    "std_reward": 6.1405533047233,
    "episode_metrics": [
      {
        "episode": 1,
        "reward": 796.0579743322018,
        "avg_delay": 2.2182927811238407,
        "total_energy": 16585.965101641257,
        "handover_success_rate": 0.8181818181818182,
        "handover_failure_rate": 0.18181818181818182,
        "forced_termination_rate": 0.0,
        "service_continuity_rate": 0.9881599999999999,
        "service_availability_rate": 0.9908,
        "task_completion_rate": 0.8866304036644718,
        "task_success_rate": 0.8865035065120939,
        "task_failure_rate": 0.11335337054529841,
        "task_settlement_rate": 0.9998568770573923,
        "task_resolution_rate": 0.9998568770573923,
        "pending_task_rate": 0.0001431229426077,
        "avg_load_balance_score": 0.4880640876667178,
        "resolved_tasks": 13972.0,
        "pending_tasks": 2.0,
        "total_tasks": 13974.0,
        "completed_tasks": 12388.0,
        "deadline_violations": 1584.0,
        "effective_latency_score": 0.272196274413879,
        "deadline_violation_rate": 0.11335337054529841
      },
      {
        "episode": 2,
        "reward": 806.6120138964167,
        "avg_delay": 2.217634452590982,
        "total_energy": 16944.327607724474,
        "handover_success_rate": 0.7715736040609137,
        "handover_failure_rate": 0.22842639593908629,
        "forced_termination_rate": 0.0,
        "service_continuity_rate": 0.9872949999999999,
        "service_availability_rate": 0.99025,
        "task_completion_rate": 0.8941670821166584,
        "task_success_rate": 0.8939124243503026,
        "task_failure_rate": 0.10580277678889284,
        "task_settlement_rate": 0.9997152011391954,
        "task_resolution_rate": 0.9997152011391954,
        "pending_task_rate": 0.00028479886080455676,
        "avg_load_balance_score": 0.4896713266738407,
        "resolved_tasks": 14041.0,
        "pending_tasks": 4.0,
        "total_tasks": 14045.0,
        "completed_tasks": 12555.0,
        "deadline_violations": 1486.0,
        "effective_latency_score": 0.274286989402497,
        "deadline_violation_rate": 0.10580277678889284
      },
      {
        "episode": 3,
        "reward": 795.794212689542,
        "avg_delay": 2.208207106937799,
        "total_energy": 16349.77214960197,
        "handover_success_rate": 0.7783505154639175,
        "handover_failure_rate": 0.22164948453608246,
        "forced_termination_rate": 0.0,
        "service_continuity_rate": 0.98754,
        "service_availability_rate": 0.99045,
        "task_completion_rate": 0.8930008623167577,
        "task_success_rate": 0.8929366961270389,
        "task_failure_rate": 0.10699144930660344,
        "task_settlement_rate": 0.9999281454336423,
        "task_resolution_rate": 0.9999281454336423,
        "pending_task_rate": 7.185456635769203e-05,
        "avg_load_balance_score": 0.4870304595902878,
        "resolved_tasks": 13916.0,
        "pending_tasks": 1.0,
        "total_tasks": 13917.0,
        "completed_tasks": 12427.0,
        "deadline_violations": 1489.0,
        "effective_latency_score": 0.27486090376969935,
        "deadline_violation_rate": 0.10699144930660344
      },
      {
        "episode": 4,
        "reward": 787.7408261845055,
        "avg_delay": 2.2185229101581627,
        "total_energy": 16427.28326917805,
        "handover_success_rate": 0.8011363636363636,
        "handover_failure_rate": 0.19886363636363635,
        "forced_termination_rate": 0.0,
        "service_continuity_rate": 0.98781,
        "service_availability_rate": 0.99045,
        "task_completion_rate": 0.8894363135777423,
        "task_success_rate": 0.8892430278884462,
        "task_failure_rate": 0.1105396595436436,
        "task_settlement_rate": 0.9997826874320899,
        "task_resolution_rate": 0.9997826874320899,
        "pending_task_rate": 0.00021731256791017748,
        "avg_load_balance_score": 0.4884026989694155,
        "resolved_tasks": 13802.0,
        "pending_tasks": 3.0,
        "total_tasks": 13805.0,
        "completed_tasks": 12276.0,
        "deadline_violations": 1526.0,
        "effective_latency_score": 0.2729212063726836,
        "deadline_violation_rate": 0.1105396595436436
      },
      {
        "episode": 5,
        "reward": 796.9440967627326,
        "avg_delay": 2.2171238216427605,
        "total_energy": 16691.80173187766,
        "handover_success_rate": 0.8728323699421965,
        "handover_failure_rate": 0.12716763005780346,
        "forced_termination_rate": 0.0,
        "service_continuity_rate": 0.9882799999999999,
        "service_availability_rate": 0.990875,
        "task_completion_rate": 0.889979227849008,
        "task_success_rate": 0.8899154848875519,
        "task_failure_rate": 0.11001289213579717,
        "task_settlement_rate": 0.9999283770233491,
        "task_resolution_rate": 0.9999283770233491,
        "pending_task_rate": 7.162297665090961e-05,
        "avg_load_balance_score": 0.48774412421513685,
        "resolved_tasks": 13961.0,
        "pending_tasks": 1.0,
        "total_tasks": 13962.0,
        "completed_tasks": 12425.0,
        "deadline_violations": 1536.0,
        "effective_latency_score": 0.27337638342921405,
        "deadline_violation_rate": 0.11001289213579717
      },
      {
        "episode": 6,
        "reward": 790.2041612366795,
        "avg_delay": 2.223901718601618,
        "total_energy": 16654.258930385862,
        "handover_success_rate": 0.7755102040816326,
        "handover_failure_rate": 0.22448979591836735,
        "forced_termination_rate": 0.0,
        "service_continuity_rate": 0.98756,
        "service_availability_rate": 0.9905,
        "task_completion_rate": 0.8852411807055436,
        "task_success_rate": 0.885050025192543,
        "task_failure_rate": 0.11473403872453754,
        "task_settlement_rate": 0.9997840639170805,
        "task_resolution_rate": 0.9997840639170805,
        "pending_task_rate": 0.00021593608291945585,
        "avg_load_balance_score": 0.48892012635627013,
        "resolved_tasks": 13890.0,
        "pending_tasks": 3.0,
        "total_tasks": 13893.0,
        "completed_tasks": 12296.0,
        "deadline_violations": 1594.0,
        "effective_latency_score": 0.2711124839308894,
        "deadline_violation_rate": 0.11473403872453754
      },
      {
        "episode": 7,
        "reward": 804.6280230505508,
        "avg_delay": 2.214406157008502,
        "total_energy": 16998.53668080191,
        "handover_success_rate": 0.8131868131868132,
        "handover_failure_rate": 0.18681318681318682,
        "forced_termination_rate": 0.0,
        "service_continuity_rate": 0.987945,
        "service_availability_rate": 0.990675,
        "task_completion_rate": 0.8913847028717657,
        "task_success_rate": 0.8912579957356077,
        "task_failure_rate": 0.1085998578535892,
        "task_settlement_rate": 0.9998578535891969,
        "task_resolution_rate": 0.9998578535891969,
        "pending_task_rate": 0.00014214641080312722,
        "avg_load_balance_score": 0.4875094754660531,
        "resolved_tasks": 14068.0,
        "pending_tasks": 2.0,
        "total_tasks": 14070.0,
        "completed_tasks": 12540.0,
        "deadline_violations": 1528.0,
        "effective_latency_score": 0.27392738738917427,
        "deadline_violation_rate": 0.1085998578535892
      },
      {
        "episode": 8,
        "reward": 792.0172320754325,
        "avg_delay": 2.2298512462653273,
        "total_energy": 16808.45992168085,
        "handover_success_rate": 0.7817258883248731,
        "handover_failure_rate": 0.2182741116751269,
        "forced_termination_rate": 0.0,
        "service_continuity_rate": 0.987595,
        "service_availability_rate": 0.99055,
        "task_completion_rate": 0.8868262614678899,
        "task_success_rate": 0.8867627033612843,
        "task_failure_rate": 0.11316562746362789,
        "task_settlement_rate": 0.9999283308249122,
        "task_resolution_rate": 0.9999283308249122,
        "pending_task_rate": 7.166917508779473e-05,
        "avg_load_balance_score": 0.48882126527153463,
        "resolved_tasks": 13952.0,
        "pending_tasks": 1.0,
        "total_tasks": 13953.0,
        "completed_tasks": 12373.0,
        "deadline_violations": 1579.0,
        "effective_latency_score": 0.2711463610092665,
        "deadline_violation_rate": 0.11316562746362789
      },
      {
        "episode": 9,
        "reward": 787.3865653209671,
        "avg_delay": 2.221371306661983,
        "total_energy": 16428.088126724193,
        "handover_success_rate": 0.8010752688172043,
        "handover_failure_rate": 0.1989247311827957,
        "forced_termination_rate": 0.0,
        "service_continuity_rate": 0.9875849999999999,
        "service_availability_rate": 0.990375,
        "task_completion_rate": 0.891622388820147,
        "task_success_rate": 0.891492613346918,
        "task_failure_rate": 0.10836183683865803,
        "task_settlement_rate": 0.9998544501855761,
        "task_resolution_rate": 0.9998544501855761,
        "pending_task_rate": 0.0001455498144239866,
        "avg_load_balance_score": 0.48211218493245817,
        "resolved_tasks": 13739.0,
        "pending_tasks": 2.0,
        "total_tasks": 13741.0,
        "completed_tasks": 12250.0,
        "deadline_violations": 1489.0,
        "effective_latency_score": 0.27330743610072095,
        "deadline_violation_rate": 0.10836183683865803
      },
      {
        "episode": 10,
        "reward": 793.7477871074282,
        "avg_delay": 2.215035592542978,
        "total_energy": 16469.386593847183,
        "handover_success_rate": 0.7586206896551724,
        "handover_failure_rate": 0.2413793103448276,
        "forced_termination_rate": 0.0,
        "service_continuity_rate": 0.9872799999999999,
        "service_availability_rate": 0.990325,
        "task_completion_rate": 0.8905015088374767,
        "task_success_rate": 0.8905015088374767,
        "task_failure_rate": 0.10949849116252335,
        "task_settlement_rate": 1.0,
        "task_resolution_rate": 1.0,
        "pending_task_rate": 0.0,
        "avg_load_balance_score": 0.48770640608960913,
        "resolved_tasks": 13918.0,
        "pending_tasks": 0.0,
        "total_tasks": 13918.0,
        "completed_tasks": 12394.0,
        "deadline_violations": 1524.0,
        "effective_latency_score": 0.27345710625544534,
        "deadline_violation_rate": 0.10949849116252335
      }
    ],
    "avg_delay": 2.218434709353395,
    "total_energy": 16635.78801134634,
    "handover_success_rate": 0.7972193535350905,
    "handover_failure_rate": 0.20278064646490948,
    "forced_termination_rate": 0.0,
    "service_continuity_rate": 0.9877049999999998,
    "service_availability_rate": 0.9905250000000001,
    "task_completion_rate": 0.8898789932227462,
    "task_success_rate": 0.8897575986239264,
    "task_failure_rate": 0.11010600003631714,
    "task_settlement_rate": 0.9998635986602435,
    "task_resolution_rate": 0.9998635986602435,
    "pending_task_rate": 0.00013640133975654004,
    "avg_load_balance_score": 0.48759821552313243,
    "resolved_tasks": 13925.9,
    "pending_tasks": 1.9,
    "total_tasks": 13927.8,
    "completed_tasks": 12392.4,
    "deadline_violations": 1533.5,
    "deadline_violation_rate": 0.11010600003631714,
    "effective_latency_score": 0.2730592532073469,
    "source": "checkpoint_eval",
    "training_history": "/home/pjpjq/LEO_switch/results/full_train_latency_priority_20260510_010757/training_history.json",
    "selection_metric": "effective_latency_score",
    "selection_score": 0.2730592532073469,
    "energy_per_resolved_task": 1.1945933843662773,
    "primary_metric_wins": [],
    "primary_metric_win_count": 0,
    "primary_metric_wins_text": ""
  },
  {
    "method": "maddpg",
    "display_name": "MADDPG",
    "episodes": 10,
    "is_system": false,
    "mean_reward": 952.2213476662628,
    "std_reward": 7.562960768060822,
    "episode_metrics": [
      {
        "episode": 1,
        "reward": 960.1520146299879,
        "avg_delay": 2.1025295599182927,
        "total_energy": 28842.54301117838,
        "handover_success_rate": 0.8717948717948718,
        "handover_failure_rate": 0.1282051282051282,
        "forced_termination_rate": 0.0,
        "service_continuity_rate": 0.988885,
        "service_availability_rate": 0.991225,
        "task_completion_rate": 0.9390208989407386,
        "task_success_rate": 0.9388865035065121,
        "task_failure_rate": 0.060970373550880204,
        "task_settlement_rate": 0.9998568770573923,
        "task_resolution_rate": 0.9998568770573923,
        "pending_task_rate": 0.0001431229426077,
        "avg_load_balance_score": 0.487760477229168,
        "resolved_tasks": 13972.0,
        "pending_tasks": 2.0,
        "total_tasks": 13974.0,
        "completed_tasks": 13120.0,
        "deadline_violations": 852.0,
        "effective_latency_score": 0.29925606254158904,
        "deadline_violation_rate": 0.060970373550880204
      },
      {
        "episode": 2,
        "reward": 954.9537959192273,
        "avg_delay": 2.1364830356779376,
        "total_energy": 29447.3583039539,
        "handover_success_rate": 0.8,
        "handover_failure_rate": 0.2,
        "forced_termination_rate": 0.0,
        "service_continuity_rate": 0.988325,
        "service_availability_rate": 0.990875,
        "task_completion_rate": 0.934477601310448,
        "task_success_rate": 0.9342114631541474,
        "task_failure_rate": 0.06550373798504806,
        "task_settlement_rate": 0.9997152011391954,
        "task_resolution_rate": 0.9997152011391954,
        "pending_task_rate": 0.00028479886080455676,
        "avg_load_balance_score": 0.4889611797988723,
        "resolved_tasks": 14041.0,
        "pending_tasks": 4.0,
        "total_tasks": 14045.0,
        "completed_tasks": 13121.0,
        "deadline_violations": 920.0,
        "effective_latency_score": 0.29437574946814726,
        "deadline_violation_rate": 0.06550373798504806
      },
      {
        "episode": 3,
        "reward": 958.1436687697832,
        "avg_delay": 2.079423103277199,
        "total_energy": 28403.2519052055,
        "handover_success_rate": 0.8,
        "handover_failure_rate": 0.2,
        "forced_termination_rate": 0.0,
        "service_continuity_rate": 0.988325,
        "service_availability_rate": 0.990875,
        "task_completion_rate": 0.9396378269617707,
        "task_success_rate": 0.939570309693181,
        "task_failure_rate": 0.06035783574046131,
        "task_settlement_rate": 0.9999281454336423,
        "task_resolution_rate": 0.9999281454336423,
        "pending_task_rate": 7.185456635769203e-05,
        "avg_load_balance_score": 0.4901775285215292,
        "resolved_tasks": 13916.0,
        "pending_tasks": 1.0,
        "total_tasks": 13917.0,
        "completed_tasks": 13076.0,
        "deadline_violations": 840.0,
        "effective_latency_score": 0.3015502563903197,
        "deadline_violation_rate": 0.06035783574046131
      },
      {
        "episode": 4,
        "reward": 944.8428825647657,
        "avg_delay": 2.1063739280692952,
        "total_energy": 28534.172955212445,
        "handover_success_rate": 0.8607594936708861,
        "handover_failure_rate": 0.13924050632911392,
        "forced_termination_rate": 0.0,
        "service_continuity_rate": 0.9888049999999999,
        "service_availability_rate": 0.991175,
        "task_completion_rate": 0.9348645123895087,
        "task_success_rate": 0.9346613545816733,
        "task_failure_rate": 0.06512133285041652,
        "task_settlement_rate": 0.9997826874320899,
        "task_resolution_rate": 0.9997826874320899,
        "pending_task_rate": 0.00021731256791017748,
        "avg_load_balance_score": 0.4898945415566536,
        "resolved_tasks": 13802.0,
        "pending_tasks": 3.0,
        "total_tasks": 13805.0,
        "completed_tasks": 12903.0,
        "deadline_violations": 899.0,
        "effective_latency_score": 0.2975166036406789,
        "deadline_violation_rate": 0.06512133285041652
      },
      {
        "episode": 5,
        "reward": 954.1436443633145,
        "avg_delay": 2.113738862524628,
        "total_energy": 28920.908259706343,
        "handover_success_rate": 0.8888888888888888,
        "handover_failure_rate": 0.1111111111111111,
        "forced_termination_rate": 0.0,
        "service_continuity_rate": 0.989005,
        "service_availability_rate": 0.9913,
        "task_completion_rate": 0.9356779600315164,
        "task_success_rate": 0.9356109439908322,
        "task_failure_rate": 0.06431743303251683,
        "task_settlement_rate": 0.9999283770233491,
        "task_resolution_rate": 0.9999283770233491,
        "pending_task_rate": 7.162297665090961e-05,
        "avg_load_balance_score": 0.4886329558169718,
        "resolved_tasks": 13961.0,
        "pending_tasks": 1.0,
        "total_tasks": 13962.0,
        "completed_tasks": 13063.0,
        "deadline_violations": 898.0,
        "effective_latency_score": 0.2971745359889936,
        "deadline_violation_rate": 0.06431743303251683
      },
      {
        "episode": 6,
        "reward": 949.1817390776048,
        "avg_delay": 2.1208465706711905,
        "total_energy": 28857.67971319355,
        "handover_success_rate": 0.7861271676300579,
        "handover_failure_rate": 0.2138728323699422,
        "forced_termination_rate": 0.0,
        "service_continuity_rate": 0.988205,
        "service_availability_rate": 0.9908,
        "task_completion_rate": 0.935425815276078,
        "task_success_rate": 0.9352911538184697,
        "task_failure_rate": 0.0645648887929173,
        "task_settlement_rate": 0.999856042611387,
        "task_resolution_rate": 0.999856042611387,
        "pending_task_rate": 0.00014395738861297056,
        "avg_load_balance_score": 0.4889872848170052,
        "resolved_tasks": 13891.0,
        "pending_tasks": 2.0,
        "total_tasks": 13893.0,
        "completed_tasks": 12994.0,
        "deadline_violations": 897.0,
        "effective_latency_score": 0.2961566272898842,
        "deadline_violation_rate": 0.0645648887929173
      },
      {
        "episode": 7,
        "reward": 962.4556541734702,
        "avg_delay": 2.123495507468472,
        "total_energy": 29361.334799066462,
        "handover_success_rate": 0.8343558282208589,
        "handover_failure_rate": 0.1656441717791411,
        "forced_termination_rate": 0.0,
        "service_continuity_rate": 0.988605,
        "service_availability_rate": 0.99105,
        "task_completion_rate": 0.9390816036394655,
        "task_success_rate": 0.9389481165600568,
        "task_failure_rate": 0.060909737029140015,
        "task_settlement_rate": 0.9998578535891969,
        "task_resolution_rate": 0.9998578535891969,
        "pending_task_rate": 0.00014214641080312722,
        "avg_load_balance_score": 0.48813501878238635,
        "resolved_tasks": 14068.0,
        "pending_tasks": 2.0,
        "total_tasks": 14070.0,
        "completed_tasks": 13211.0,
        "deadline_violations": 857.0,
        "effective_latency_score": 0.2971826918118993,
        "deadline_violation_rate": 0.060909737029140015
      },
      {
        "episode": 8,
        "reward": 952.2175503821485,
        "avg_delay": 2.124511110335261,
        "total_energy": 29094.17901139756,
        "handover_success_rate": 0.8143712574850299,
        "handover_failure_rate": 0.18562874251497005,
        "forced_termination_rate": 0.0,
        "service_continuity_rate": 0.988445,
        "service_availability_rate": 0.99095,
        "task_completion_rate": 0.9342746559633027,
        "task_success_rate": 0.9342076972694044,
        "task_failure_rate": 0.06572063355550778,
        "task_settlement_rate": 0.9999283308249122,
        "task_resolution_rate": 0.9999283308249122,
        "pending_task_rate": 7.166917508779473e-05,
        "avg_load_balance_score": 0.4888069257368009,
        "resolved_tasks": 13952.0,
        "pending_tasks": 1.0,
        "total_tasks": 13953.0,
        "completed_tasks": 13035.0,
        "deadline_violations": 917.0,
        "effective_latency_score": 0.2955383721546037,
        "deadline_violation_rate": 0.06572063355550778
      },
      {
        "episode": 9,
        "reward": 935.1046123236606,
        "avg_delay": 2.124355430008338,
        "total_energy": 28616.643608314556,
        "handover_success_rate": 0.8395061728395061,
        "handover_failure_rate": 0.16049382716049382,
        "forced_termination_rate": 0.0,
        "service_continuity_rate": 0.988645,
        "service_availability_rate": 0.991075,
        "task_completion_rate": 0.9320232896652111,
        "task_success_rate": 0.9319554617567862,
        "task_failure_rate": 0.06797176333600174,
        "task_settlement_rate": 0.999927225092788,
        "task_resolution_rate": 0.999927225092788,
        "pending_task_rate": 7.27749072119933e-05,
        "avg_load_balance_score": 0.48886693629298,
        "resolved_tasks": 13740.0,
        "pending_tasks": 1.0,
        "total_tasks": 13741.0,
        "completed_tasks": 12806.0,
        "deadline_violations": 934.0,
        "effective_latency_score": 0.2949002212229353,
        "deadline_violation_rate": 0.06797176333600174
      },
      {
        "episode": 10,
        "reward": 951.0179144586657,
        "avg_delay": 2.103588162724968,
        "total_energy": 28694.74004880611,
        "handover_success_rate": 0.8343558282208589,
        "handover_failure_rate": 0.1656441717791411,
        "forced_termination_rate": 0.0,
        "service_continuity_rate": 0.988605,
        "service_availability_rate": 0.99105,
        "task_completion_rate": 0.9333237534128467,
        "task_success_rate": 0.9333237534128467,
        "task_failure_rate": 0.06667624658715332,
        "task_settlement_rate": 1.0,
        "task_resolution_rate": 1.0,
        "pending_task_rate": 0.0,
        "avg_load_balance_score": 0.4877446393948317,
        "resolved_tasks": 13918.0,
        "pending_tasks": 0.0,
        "total_tasks": 13918.0,
        "completed_tasks": 12990.0,
        "deadline_violations": 928.0,
        "effective_latency_score": 0.2972973477359127,
        "deadline_violation_rate": 0.06667624658715332
      }
    ],
    "avg_delay": 2.113534527067558,
    "total_energy": 28877.28116160348,
    "handover_success_rate": 0.833015950875096,
    "handover_failure_rate": 0.16698404912490414,
    "forced_termination_rate": 0.0,
    "service_continuity_rate": 0.9885849999999999,
    "service_availability_rate": 0.9910375,
    "task_completion_rate": 0.9357807917590886,
    "task_success_rate": 0.9356666757743909,
    "task_failure_rate": 0.0642113982460043,
    "task_settlement_rate": 0.9998780740203953,
    "task_resolution_rate": 0.9998780740203953,
    "pending_task_rate": 0.00012192597960469219,
    "avg_load_balance_score": 0.4887967487947199,
    "resolved_tasks": 13926.1,
    "pending_tasks": 1.7,
    "total_tasks": 13927.8,
    "completed_tasks": 13031.9,
    "deadline_violations": 894.2,
    "deadline_violation_rate": 0.0642113982460043,
    "effective_latency_score": 0.2970948468244964,
    "trained_timesteps": 1200000,
    "best_training_eval_reward": 946.0450031017562,
    "checkpoint": "/home/pjpjq/LEO_switch/results/baseline_compare/20260510_010757/learned_baselines/maddpg/maddpg_model.pt",
    "training_history": "/home/pjpjq/LEO_switch/results/baseline_compare/20260510_010757/learned_baselines/maddpg/training_history.json",
    "source": "maddpg_train_eval",
    "selection_metric": "effective_latency_score",
    "selection_score": 0.2970948468244964,
    "energy_per_resolved_task": 2.07360863139023,
    "primary_metric_wins": [
      "Average Delay",
      "Service Continuity",
      "Service Availability",
      "Task Success",
      "Deadline Violation"
    ],
    "primary_metric_win_count": 5,
    "primary_metric_wins_text": "Average Delay | Service Continuity | Service Availability | Task Success | Deadline Violation"
  },
  {
    "method": "min_distance",
    "display_name": "Min-Distance",
    "episodes": 10,
    "is_system": false,
    "mean_reward": 951.7419836437705,
    "std_reward": 7.5625531374492825,
    "episode_metrics": [
      {
        "episode": 1,
        "reward": 959.6045859128175,
        "avg_delay": 2.1028153323573133,
        "total_energy": 28840.535823696373,
        "handover_success_rate": 0.8100558659217877,
        "handover_failure_rate": 0.18994413407821228,
        "forced_termination_rate": 0.0,
        "service_continuity_rate": 0.98819,
        "service_availability_rate": 0.990875,
        "task_completion_rate": 0.9391640423704551,
        "task_success_rate": 0.9390296264491198,
        "task_failure_rate": 0.06082725060827251,
        "task_settlement_rate": 0.9998568770573923,
        "task_resolution_rate": 0.9998568770573923,
        "pending_task_rate": 0.0001431229426077,
        "avg_load_balance_score": 0.5927720160343606,
        "resolved_tasks": 13972.0,
        "pending_tasks": 2.0,
        "total_tasks": 13974.0,
        "completed_tasks": 13122.0,
        "deadline_violations": 850.0,
        "effective_latency_score": 0.29906378149026636,
        "deadline_violation_rate": 0.06082725060827251
      },
      {
        "episode": 2,
        "reward": 954.7002497740459,
        "avg_delay": 2.136485825784695,
        "total_energy": 29447.397479842875,
        "handover_success_rate": 0.7696335078534031,
        "handover_failure_rate": 0.23036649214659685,
        "forced_termination_rate": 0.0,
        "service_continuity_rate": 0.98776,
        "service_availability_rate": 0.990625,
        "task_completion_rate": 0.9346200413075991,
        "task_success_rate": 0.9343538625845497,
        "task_failure_rate": 0.06536133855464578,
        "task_settlement_rate": 0.9997152011391954,
        "task_resolution_rate": 0.9997152011391954,
        "pending_task_rate": 0.00028479886080455676,
        "avg_load_balance_score": 0.5924859275313604,
        "resolved_tasks": 14041.0,
        "pending_tasks": 4.0,
        "total_tasks": 14045.0,
        "completed_tasks": 13123.0,
        "deadline_violations": 918.0,
        "effective_latency_score": 0.29425204594240967,
        "deadline_violation_rate": 0.06536133855464578
      },
      {
        "episode": 3,
        "reward": 957.3471916960696,
        "avg_delay": 2.079862226586609,
        "total_energy": 28401.36274517924,
        "handover_success_rate": 0.7525773195876289,
        "handover_failure_rate": 0.24742268041237114,
        "forced_termination_rate": 0.0,
        "service_continuity_rate": 0.9876149999999999,
        "service_availability_rate": 0.990525,
        "task_completion_rate": 0.9392785283127335,
        "task_success_rate": 0.9392110368613925,
        "task_failure_rate": 0.06071710857224977,
        "task_settlement_rate": 0.9999281454336423,
        "task_resolution_rate": 0.9999281454336423,
        "pending_task_rate": 7.185456635769203e-05,
        "avg_load_balance_score": 0.5923469199745899,
        "resolved_tasks": 13916.0,
        "pending_tasks": 1.0,
        "total_tasks": 13917.0,
        "completed_tasks": 13071.0,
        "deadline_violations": 845.0,
        "effective_latency_score": 0.3011754552403773,
        "deadline_violation_rate": 0.06071710857224977
      },
      {
        "episode": 4,
        "reward": 944.1165580884791,
        "avg_delay": 2.106642552861591,
        "total_energy": 28533.880514595716,
        "handover_success_rate": 0.7837837837837838,
        "handover_failure_rate": 0.21621621621621623,
        "forced_termination_rate": 0.0,
        "service_continuity_rate": 0.98795,
        "service_availability_rate": 0.990725,
        "task_completion_rate": 0.9348645123895087,
        "task_success_rate": 0.9346613545816733,
        "task_failure_rate": 0.06512133285041652,
        "task_settlement_rate": 0.9997826874320899,
        "task_resolution_rate": 0.9997826874320899,
        "pending_task_rate": 0.00021731256791017748,
        "avg_load_balance_score": 0.5911909216600386,
        "resolved_tasks": 13802.0,
        "pending_tasks": 3.0,
        "total_tasks": 13805.0,
        "completed_tasks": 12903.0,
        "deadline_violations": 899.0,
        "effective_latency_score": 0.29723364357074267,
        "deadline_violation_rate": 0.06512133285041652
      },
      {
        "episode": 5,
        "reward": 954.1111885502254,
        "avg_delay": 2.1134681874886647,
        "total_energy": 28923.129365529265,
        "handover_success_rate": 0.874251497005988,
        "handover_failure_rate": 0.12574850299401197,
        "forced_termination_rate": 0.0,
        "service_continuity_rate": 0.988695,
        "service_availability_rate": 0.9912,
        "task_completion_rate": 0.9357495881383855,
        "task_success_rate": 0.9356825669674832,
        "task_failure_rate": 0.06424581005586592,
        "task_settlement_rate": 0.9999283770233491,
        "task_resolution_rate": 0.9999283770233491,
        "pending_task_rate": 7.162297665090961e-05,
        "avg_load_balance_score": 0.5917590096994504,
        "resolved_tasks": 13961.0,
        "pending_tasks": 1.0,
        "total_tasks": 13962.0,
        "completed_tasks": 13064.0,
        "deadline_violations": 897.0,
        "effective_latency_score": 0.2971299592092858,
        "deadline_violation_rate": 0.06424581005586592
      },
      {
        "episode": 6,
        "reward": 948.548588317625,
        "avg_delay": 2.1217063388231785,
        "total_energy": 28859.622752592808,
        "handover_success_rate": 0.7724867724867724,
        "handover_failure_rate": 0.2275132275132275,
        "forced_termination_rate": 0.0,
        "service_continuity_rate": 0.987815,
        "service_availability_rate": 0.99065,
        "task_completion_rate": 0.9352098481030884,
        "task_success_rate": 0.9350752177355502,
        "task_failure_rate": 0.06478082487583675,
        "task_settlement_rate": 0.999856042611387,
        "task_resolution_rate": 0.999856042611387,
        "pending_task_rate": 0.00014395738861297056,
        "avg_load_balance_score": 0.5919775679385968,
        "resolved_tasks": 13891.0,
        "pending_tasks": 2.0,
        "total_tasks": 13893.0,
        "completed_tasks": 12991.0,
        "deadline_violations": 900.0,
        "effective_latency_score": 0.29588988391382515,
        "deadline_violation_rate": 0.06478082487583675
      },
      {
        "episode": 7,
        "reward": 962.083716537933,
        "avg_delay": 2.1243539164609,
        "total_energy": 29362.410896771944,
        "handover_success_rate": 0.8021978021978022,
        "handover_failure_rate": 0.1978021978021978,
        "forced_termination_rate": 0.0,
        "service_continuity_rate": 0.988095,
        "service_availability_rate": 0.990825,
        "task_completion_rate": 0.9392948535683822,
        "task_success_rate": 0.9391613361762615,
        "task_failure_rate": 0.06069651741293532,
        "task_settlement_rate": 0.9998578535891969,
        "task_resolution_rate": 0.9998578535891969,
        "pending_task_rate": 0.00014214641080312722,
        "avg_load_balance_score": 0.5926218071531146,
        "resolved_tasks": 14068.0,
        "pending_tasks": 2.0,
        "total_tasks": 14070.0,
        "completed_tasks": 13214.0,
        "deadline_violations": 854.0,
        "effective_latency_score": 0.2970152054733446,
        "deadline_violation_rate": 0.06069651741293532
      },
      {
        "episode": 8,
        "reward": 951.8954695920072,
        "avg_delay": 2.1249260422744793,
        "total_energy": 29102.968141813526,
        "handover_success_rate": 0.7891891891891892,
        "handover_failure_rate": 0.21081081081081082,
        "forced_termination_rate": 0.0,
        "service_continuity_rate": 0.9879749999999999,
        "service_availability_rate": 0.99075,
        "task_completion_rate": 0.9343463302752294,
        "task_success_rate": 0.9342793664444923,
        "task_failure_rate": 0.06564896438041998,
        "task_settlement_rate": 0.9999283308249122,
        "task_resolution_rate": 0.9999283308249122,
        "pending_task_rate": 7.166917508779473e-05,
        "avg_load_balance_score": 0.5915335598397126,
        "resolved_tasks": 13952.0,
        "pending_tasks": 1.0,
        "total_tasks": 13953.0,
        "completed_tasks": 13036.0,
        "deadline_violations": 916.0,
        "effective_latency_score": 0.2953812808930219,
        "deadline_violation_rate": 0.06564896438041998
      },
      {
        "episode": 9,
        "reward": 934.8120747358362,
        "avg_delay": 2.124621110945913,
        "total_energy": 28617.294064396843,
        "handover_success_rate": 0.8066298342541437,
        "handover_failure_rate": 0.19337016574585636,
        "forced_termination_rate": 0.0,
        "service_continuity_rate": 0.988135,
        "service_availability_rate": 0.99085,
        "task_completion_rate": 0.9320232896652111,
        "task_success_rate": 0.9319554617567862,
        "task_failure_rate": 0.06797176333600174,
        "task_settlement_rate": 0.999927225092788,
        "task_resolution_rate": 0.999927225092788,
        "pending_task_rate": 7.27749072119933e-05,
        "avg_load_balance_score": 0.5921826755932398,
        "resolved_tasks": 13740.0,
        "pending_tasks": 1.0,
        "total_tasks": 13741.0,
        "completed_tasks": 12806.0,
        "deadline_violations": 934.0,
        "effective_latency_score": 0.2947230328109316,
        "deadline_violation_rate": 0.06797176333600174
      },
      {
        "episode": 10,
        "reward": 950.2002132326676,
        "avg_delay": 2.103777886912335,
        "total_energy": 28694.380630045896,
        "handover_success_rate": 0.7604166666666666,
        "handover_failure_rate": 0.23958333333333334,
        "forced_termination_rate": 0.0,
        "service_continuity_rate": 0.987695,
        "service_availability_rate": 0.990575,
        "task_completion_rate": 0.9331800546055468,
        "task_success_rate": 0.9331800546055468,
        "task_failure_rate": 0.06681994539445323,
        "task_settlement_rate": 1.0,
        "task_resolution_rate": 1.0,
        "pending_task_rate": 0.0,
        "avg_load_balance_score": 0.5935430064002042,
        "resolved_tasks": 13918.0,
        "pending_tasks": 0.0,
        "total_tasks": 13918.0,
        "completed_tasks": 12988.0,
        "deadline_violations": 930.0,
        "effective_latency_score": 0.29695980434686897,
        "deadline_violation_rate": 0.06681994539445323
      }
    ],
    "avg_delay": 2.1138659420495682,
    "total_energy": 28878.298241446446,
    "handover_success_rate": 0.7921222238947168,
    "handover_failure_rate": 0.2078777761052834,
    "forced_termination_rate": 0.0,
    "service_continuity_rate": 0.9879925,
    "service_availability_rate": 0.9907599999999999,
    "task_completion_rate": 0.9357731088736141,
    "task_success_rate": 0.9356589884162856,
    "task_failure_rate": 0.06421908560410974,
    "task_settlement_rate": 0.9998780740203953,
    "task_resolution_rate": 0.9998780740203953,
    "pending_task_rate": 0.00012192597960469219,
    "avg_load_balance_score": 0.5922413411824669,
    "resolved_tasks": 13926.1,
    "pending_tasks": 1.7,
    "total_tasks": 13927.8,
    "completed_tasks": 13031.8,
    "deadline_violations": 894.3,
    "deadline_violation_rate": 0.06421908560410974,
    "effective_latency_score": 0.2968824092891074,
    "selected_offload": 0.0,
    "method_variant": "min_distance(best_offload=0.00)",
    "source": "heuristic_eval",
    "selection_metric": "effective_latency_score",
    "selection_score": 0.2968824092891074,
    "energy_per_resolved_task": 2.0736816654660273,
    "primary_metric_wins": [],
    "primary_metric_win_count": 0,
    "primary_metric_wins_text": ""
  },
  {
    "method": "dqn",
    "display_name": "DQN",
    "episodes": 10,
    "is_system": false,
    "mean_reward": 907.1165618315566,
    "std_reward": 6.702017615428627,
    "episode_metrics": [
      {
        "episode": 1,
        "reward": 916.5659912054196,
        "avg_delay": 2.170866818195772,
        "total_energy": 23590.490238747047,
        "handover_success_rate": 0.8375796178343949,
        "handover_failure_rate": 0.1624203821656051,
        "forced_termination_rate": 0.0,
        "service_continuity_rate": 0.9758149999999999,
        "service_availability_rate": 0.980525,
        "task_completion_rate": 0.9185455586572185,
        "task_success_rate": 0.9183483612423071,
        "task_failure_rate": 0.08143695434378131,
        "task_settlement_rate": 0.9997853155860884,
        "task_resolution_rate": 0.9997853155860884,
        "pending_task_rate": 0.00021468441391155003,
        "avg_load_balance_score": 0.48897104100319844,
        "resolved_tasks": 13971.0,
        "pending_tasks": 3.0,
        "total_tasks": 13974.0,
        "completed_tasks": 12833.0,
        "deadline_violations": 1138.0,
        "effective_latency_score": 0.28261612912382283,
        "deadline_violation_rate": 0.08143695434378131
      },
      {
        "episode": 2,
        "reward": 907.2561664354561,
        "avg_delay": 2.2124814130878026,
        "total_energy": 24222.533623699957,
        "handover_success_rate": 0.7950310559006211,
        "handover_failure_rate": 0.20496894409937888,
        "forced_termination_rate": 0.0,
        "service_continuity_rate": 0.9722449999999999,
        "service_availability_rate": 0.977075,
        "task_completion_rate": 0.9107613417847732,
        "task_success_rate": 0.910501957992168,
        "task_failure_rate": 0.08921324314702742,
        "task_settlement_rate": 0.9997152011391954,
        "task_resolution_rate": 0.9997152011391954,
        "pending_task_rate": 0.00028479886080455676,
        "avg_load_balance_score": 0.4901901371719079,
        "resolved_tasks": 14041.0,
        "pending_tasks": 4.0,
        "total_tasks": 14045.0,
        "completed_tasks": 12788.0,
        "deadline_violations": 1253.0,
        "effective_latency_score": 0.2755598748498971,
        "deadline_violation_rate": 0.08921324314702742
      },
      {
        "episode": 3,
        "reward": 913.2841300440269,
        "avg_delay": 2.150942671336259,
        "total_energy": 23036.501135491046,
        "handover_success_rate": 0.8193146417445483,
        "handover_failure_rate": 0.1806853582554517,
        "forced_termination_rate": 0.0,
        "service_continuity_rate": 0.9754099999999999,
        "service_availability_rate": 0.980225,
        "task_completion_rate": 0.9182896155228171,
        "task_success_rate": 0.9181576489185888,
        "task_failure_rate": 0.08169864194869585,
        "task_settlement_rate": 0.9998562908672847,
        "task_resolution_rate": 0.9998562908672847,
        "pending_task_rate": 0.00014370913271538407,
        "avg_load_balance_score": 0.48830323391348723,
        "resolved_tasks": 13915.0,
        "pending_tasks": 2.0,
        "total_tasks": 13917.0,
        "completed_tasks": 12778.0,
        "deadline_violations": 1137.0,
        "effective_latency_score": 0.2842261017563613,
        "deadline_violation_rate": 0.08169864194869585
      },
      {
        "episode": 4,
        "reward": 902.5063079374423,
        "avg_delay": 2.177476139541663,
        "total_energy": 23455.72799625023,
        "handover_success_rate": 0.8275862068965517,
        "handover_failure_rate": 0.1724137931034483,
        "forced_termination_rate": 0.0,
        "service_continuity_rate": 0.9758149999999999,
        "service_availability_rate": 0.9806,
        "task_completion_rate": 0.9165942028985508,
        "task_success_rate": 0.916262223831945,
        "task_failure_rate": 0.08337558855487143,
        "task_settlement_rate": 0.9996378123868164,
        "task_resolution_rate": 0.9996378123868164,
        "pending_task_rate": 0.0003621876131836291,
        "avg_load_balance_score": 0.4916072916849213,
        "resolved_tasks": 13800.0,
        "pending_tasks": 5.0,
        "total_tasks": 13805.0,
        "completed_tasks": 12649.0,
        "deadline_violations": 1151.0,
        "effective_latency_score": 0.2813876116399539,
        "deadline_violation_rate": 0.08337558855487143
      },
      {
        "episode": 5,
        "reward": 906.6091103847049,
        "avg_delay": 2.1940159144345723,
        "total_energy": 23836.745411016578,
        "handover_success_rate": 0.8607594936708861,
        "handover_failure_rate": 0.13924050632911392,
        "forced_termination_rate": 0.0,
        "service_continuity_rate": 0.9741349999999999,
        "service_availability_rate": 0.978875,
        "task_completion_rate": 0.9137474031091052,
        "task_success_rate": 0.9135510671823521,
        "task_failure_rate": 0.08623406388769517,
        "task_settlement_rate": 0.9997851310700473,
        "task_resolution_rate": 0.9997851310700473,
        "pending_task_rate": 0.00021486892995272884,
        "avg_load_balance_score": 0.48681141529608857,
        "resolved_tasks": 13959.0,
        "pending_tasks": 3.0,
        "total_tasks": 13962.0,
        "completed_tasks": 12755.0,
        "deadline_violations": 1204.0,
        "effective_latency_score": 0.27862167649443936,
        "deadline_violation_rate": 0.08623406388769517
      },
      {
        "episode": 6,
        "reward": 909.5601359604652,
        "avg_delay": 2.1824564565748794,
        "total_energy": 23752.313831822015,
        "handover_success_rate": 0.808641975308642,
        "handover_failure_rate": 0.19135802469135801,
        "forced_termination_rate": 0.0,
        "service_continuity_rate": 0.97559,
        "service_availability_rate": 0.98045,
        "task_completion_rate": 0.9165526675786594,
        "task_success_rate": 0.9162887785215577,
        "task_failure_rate": 0.08342330670121643,
        "task_settlement_rate": 0.9997120852227741,
        "task_resolution_rate": 0.9997120852227741,
        "pending_task_rate": 0.0002879147772259411,
        "avg_load_balance_score": 0.489285148855271,
        "resolved_tasks": 13889.0,
        "pending_tasks": 4.0,
        "total_tasks": 13893.0,
        "completed_tasks": 12730.0,
        "deadline_violations": 1159.0,
        "effective_latency_score": 0.280890620699939,
        "deadline_violation_rate": 0.08342330670121643
      },
      {
        "episode": 7,
        "reward": 915.4309798491312,
        "avg_delay": 2.197751548633756,
        "total_energy": 24163.385581606304,
        "handover_success_rate": 0.8161993769470405,
        "handover_failure_rate": 0.1838006230529595,
        "forced_termination_rate": 0.0,
        "service_continuity_rate": 0.97381,
        "service_availability_rate": 0.978625,
        "task_completion_rate": 0.9164652353192094,
        "task_success_rate": 0.9162046908315565,
        "task_failure_rate": 0.08351101634683725,
        "task_settlement_rate": 0.9997157071783938,
        "task_resolution_rate": 0.9997157071783938,
        "pending_task_rate": 0.00028429282160625445,
        "avg_load_balance_score": 0.49055135247729426,
        "resolved_tasks": 14066.0,
        "pending_tasks": 4.0,
        "total_tasks": 14070.0,
        "completed_tasks": 12891.0,
        "deadline_violations": 1175.0,
        "effective_latency_score": 0.27901144801567707,
        "deadline_violation_rate": 0.08351101634683725
      },
      {
        "episode": 8,
        "reward": 906.7250207837496,
        "avg_delay": 2.1932048518932947,
        "total_energy": 23798.06059345783,
        "handover_success_rate": 0.7944785276073619,
        "handover_failure_rate": 0.20552147239263804,
        "forced_termination_rate": 0.0,
        "service_continuity_rate": 0.975385,
        "service_availability_rate": 0.980275,
        "task_completion_rate": 0.9124731182795699,
        "task_success_rate": 0.9122769296925393,
        "task_failure_rate": 0.08750806278219737,
        "task_settlement_rate": 0.9997849924747366,
        "task_resolution_rate": 0.9997849924747366,
        "pending_task_rate": 0.00021500752526338422,
        "avg_load_balance_score": 0.4905532490170627,
        "resolved_tasks": 13950.0,
        "pending_tasks": 3.0,
        "total_tasks": 13953.0,
        "completed_tasks": 12729.0,
        "deadline_violations": 1221.0,
        "effective_latency_score": 0.2786608671662797,
        "deadline_violation_rate": 0.08750806278219737
      },
      {
        "episode": 9,
        "reward": 895.1235651492602,
        "avg_delay": 2.1919831257705096,
        "total_energy": 23560.863516539175,
        "handover_success_rate": 0.8136645962732919,
        "handover_failure_rate": 0.18633540372670807,
        "forced_termination_rate": 0.0,
        "service_continuity_rate": 0.97547,
        "service_availability_rate": 0.9803,
        "task_completion_rate": 0.9150407687827606,
        "task_success_rate": 0.9147078087475439,
        "task_failure_rate": 0.08492831671639618,
        "task_settlement_rate": 0.99963612546394,
        "task_resolution_rate": 0.99963612546394,
        "pending_task_rate": 0.0003638745360599665,
        "avg_load_balance_score": 0.48818236309184254,
        "resolved_tasks": 13736.0,
        "pending_tasks": 5.0,
        "total_tasks": 13741.0,
        "completed_tasks": 12569.0,
        "deadline_violations": 1167.0,
        "effective_latency_score": 0.279534693963516,
        "deadline_violation_rate": 0.08492831671639618
      },
      {
        "episode": 10,
        "reward": 898.1042105659106,
        "avg_delay": 2.1907086122677786,
        "total_energy": 23715.313319382763,
        "handover_success_rate": 0.8317757009345794,
        "handover_failure_rate": 0.16822429906542055,
        "forced_termination_rate": 0.0,
        "service_continuity_rate": 0.9742099999999999,
        "service_availability_rate": 0.979025,
        "task_completion_rate": 0.9080327633280644,
        "task_success_rate": 0.9080327633280644,
        "task_failure_rate": 0.09196723667193563,
        "task_settlement_rate": 1.0,
        "task_resolution_rate": 1.0,
        "pending_task_rate": 0.0,
        "avg_load_balance_score": 0.488064994443979,
        "resolved_tasks": 13918.0,
        "pending_tasks": 0.0,
        "total_tasks": 13918.0,
        "completed_tasks": 12638.0,
        "deadline_violations": 1280.0,
        "effective_latency_score": 0.277247065106675,
        "deadline_violation_rate": 0.09196723667193563
      }
    ],
    "avg_delay": 2.186188755173629,
    "total_energy": 23713.193524801292,
    "handover_success_rate": 0.8205031193117918,
    "handover_failure_rate": 0.17949688068820818,
    "forced_termination_rate": 0.0,
    "service_continuity_rate": 0.9747884999999998,
    "service_availability_rate": 0.9795975,
    "task_completion_rate": 0.9146502675260729,
    "task_success_rate": 0.9144332230288622,
    "task_failure_rate": 0.08532964311006541,
    "task_settlement_rate": 0.9997628661389276,
    "task_resolution_rate": 0.9997628661389276,
    "pending_task_rate": 0.0002371338610723395,
    "avg_load_balance_score": 0.48925202269550533,
    "resolved_tasks": 13924.5,
    "pending_tasks": 3.3,
    "total_tasks": 13927.8,
    "completed_tasks": 12736.0,
    "deadline_violations": 1188.5,
    "deadline_violation_rate": 0.08532964311006541,
    "effective_latency_score": 0.27977560888165615,
    "trained_timesteps": 1200000,
    "offload_grid": [
      0.0,
      0.5,
      1.0
    ],
    "checkpoint": "/home/pjpjq/LEO_switch/results/baseline_compare/20260510_010757/learned_baselines/dqn/dqn_model.pt",
    "training_history": "/home/pjpjq/LEO_switch/results/baseline_compare/20260510_010757/learned_baselines/dqn/training_history.json",
    "source": "dqn_train_eval",
    "selection_metric": "effective_latency_score",
    "selection_score": 0.27977560888165615,
    "energy_per_resolved_task": 1.7029834841323777,
    "primary_metric_wins": [],
    "primary_metric_win_count": 0,
    "primary_metric_wins_text": ""
  },
  {
    "method": "mappo_no_han",
    "display_name": "MAPPO (no HAN)",
    "episodes": 10,
    "is_system": false,
    "mean_reward": 792.1472615571981,
    "std_reward": 6.0644466273956645,
    "episode_metrics": [
      {
        "episode": 1,
        "reward": 793.6024395477367,
        "avg_delay": 2.2319167016686015,
        "total_energy": 17291.934386701127,
        "handover_success_rate": 0.8363636363636363,
        "handover_failure_rate": 0.16363636363636364,
        "forced_termination_rate": 0.0,
        "service_continuity_rate": 0.988575,
        "service_availability_rate": 0.99105,
        "task_completion_rate": 0.8872029773833381,
        "task_success_rate": 0.8870759982825247,
        "task_failure_rate": 0.11278087877486762,
        "task_settlement_rate": 0.9998568770573923,
        "task_resolution_rate": 0.9998568770573923,
        "pending_task_rate": 0.0001431229426077,
        "avg_load_balance_score": 0.48807828234287093,
        "resolved_tasks": 13972.0,
        "pending_tasks": 2.0,
        "total_tasks": 13974.0,
        "completed_tasks": 12396.0,
        "deadline_violations": 1576.0,
        "effective_latency_score": 0.2713377960977126,
        "deadline_violation_rate": 0.11278087877486762
      },
      {
        "episode": 2,
        "reward": 803.420066775989,
        "avg_delay": 2.232314913793027,
        "total_energy": 17649.3271887774,
        "handover_success_rate": 0.7621621621621621,
        "handover_failure_rate": 0.23783783783783785,
        "forced_termination_rate": 0.0,
        "service_continuity_rate": 0.98785,
        "service_availability_rate": 0.990625,
        "task_completion_rate": 0.8940958621180828,
        "task_success_rate": 0.8938412246351014,
        "task_failure_rate": 0.10587397650409398,
        "task_settlement_rate": 0.9997152011391954,
        "task_resolution_rate": 0.9997152011391954,
        "pending_task_rate": 0.00028479886080455676,
        "avg_load_balance_score": 0.48848985955135205,
        "resolved_tasks": 14041.0,
        "pending_tasks": 4.0,
        "total_tasks": 14045.0,
        "completed_tasks": 12554.0,
        "deadline_violations": 1487.0,
        "effective_latency_score": 0.2731729665286952,
        "deadline_violation_rate": 0.10587397650409398
      },
      {
        "episode": 3,
        "reward": 792.5967810310588,
        "avg_delay": 2.222212749060021,
        "total_energy": 17049.841720002332,
        "handover_success_rate": 0.7569060773480663,
        "handover_failure_rate": 0.2430939226519337,
        "forced_termination_rate": 0.0,
        "service_continuity_rate": 0.98791,
        "service_availability_rate": 0.990625,
        "task_completion_rate": 0.8928571428571429,
        "task_success_rate": 0.8927929869943235,
        "task_failure_rate": 0.10713515843931883,
        "task_settlement_rate": 0.9999281454336423,
        "task_resolution_rate": 0.9999281454336423,
        "pending_task_rate": 7.185456635769203e-05,
        "avg_load_balance_score": 0.4883090781810197,
        "resolved_tasks": 13916.0,
        "pending_tasks": 1.0,
        "total_tasks": 13917.0,
        "completed_tasks": 12425.0,
        "deadline_violations": 1491.0,
        "effective_latency_score": 0.27372466949578594,
        "deadline_violation_rate": 0.10713515843931883
      },
      {
        "episode": 4,
        "reward": 785.0077779617698,
        "avg_delay": 2.2336398416412337,
        "total_energy": 17124.607801836853,
        "handover_success_rate": 0.8095238095238095,
        "handover_failure_rate": 0.19047619047619047,
        "forced_termination_rate": 0.0,
        "service_continuity_rate": 0.988405,
        "service_availability_rate": 0.9909250000000001,
        "task_completion_rate": 0.8898710331835966,
        "task_success_rate": 0.8896776530242666,
        "task_failure_rate": 0.11010503440782325,
        "task_settlement_rate": 0.9997826874320899,
        "task_resolution_rate": 0.9997826874320899,
        "pending_task_rate": 0.00021731256791017748,
        "avg_load_balance_score": 0.4894597881478674,
        "resolved_tasks": 13802.0,
        "pending_tasks": 3.0,
        "total_tasks": 13805.0,
        "completed_tasks": 12282.0,
        "deadline_violations": 1520.0,
        "effective_latency_score": 0.2719418004792798,
        "deadline_violation_rate": 0.11010503440782325
      },
      {
        "episode": 5,
        "reward": 793.3588055889667,
        "avg_delay": 2.2332127780282076,
        "total_energy": 17402.83842864761,
        "handover_success_rate": 0.8433734939759037,
        "handover_failure_rate": 0.1566265060240964,
        "forced_termination_rate": 0.0,
        "service_continuity_rate": 0.9885849999999999,
        "service_availability_rate": 0.991075,
        "task_completion_rate": 0.8900508559558771,
        "task_success_rate": 0.8899871078642029,
        "task_failure_rate": 0.10994126915914626,
        "task_settlement_rate": 0.9999283770233491,
        "task_resolution_rate": 0.9999283770233491,
        "pending_task_rate": 7.162297665090961e-05,
        "avg_load_balance_score": 0.487918692096516,
        "resolved_tasks": 13961.0,
        "pending_tasks": 1.0,
        "total_tasks": 13962.0,
        "completed_tasks": 12426.0,
        "deadline_violations": 1535.0,
        "effective_latency_score": 0.2721218693081192,
        "deadline_violation_rate": 0.10994126915914626
      },
      {
        "episode": 6,
        "reward": 787.2738697447121,
        "avg_delay": 2.239074841776909,
        "total_energy": 17358.651318193137,
        "handover_success_rate": 0.7611111111111111,
        "handover_failure_rate": 0.2388888888888889,
        "forced_termination_rate": 0.0,
        "service_continuity_rate": 0.98795,
        "service_availability_rate": 0.99065,
        "task_completion_rate": 0.8853934202001296,
        "task_success_rate": 0.8852659612754624,
        "task_failure_rate": 0.11459008133592456,
        "task_settlement_rate": 0.999856042611387,
        "task_resolution_rate": 0.999856042611387,
        "pending_task_rate": 0.00014395738861297056,
        "avg_load_balance_score": 0.48892476186094447,
        "resolved_tasks": 13891.0,
        "pending_tasks": 2.0,
        "total_tasks": 13893.0,
        "completed_tasks": 12299.0,
        "deadline_violations": 1592.0,
        "effective_latency_score": 0.2700149114067093,
        "deadline_violation_rate": 0.11459008133592456
      },
      {
        "episode": 7,
        "reward": 801.8788714619801,
        "avg_delay": 2.2287731290458903,
        "total_energy": 17715.285928124318,
        "handover_success_rate": 0.8303030303030303,
        "handover_failure_rate": 0.1696969696969697,
        "forced_termination_rate": 0.0,
        "service_continuity_rate": 0.9885499999999999,
        "service_availability_rate": 0.991025,
        "task_completion_rate": 0.8917401194199602,
        "task_success_rate": 0.8916133617626155,
        "task_failure_rate": 0.10824449182658138,
        "task_settlement_rate": 0.9998578535891969,
        "task_resolution_rate": 0.9998578535891969,
        "pending_task_rate": 0.00014214641080312722,
        "avg_load_balance_score": 0.48782045411588626,
        "resolved_tasks": 14068.0,
        "pending_tasks": 2.0,
        "total_tasks": 14070.0,
        "completed_tasks": 12545.0,
        "deadline_violations": 1523.0,
        "effective_latency_score": 0.2729843050418629,
        "deadline_violation_rate": 0.10824449182658138
      },
      {
        "episode": 8,
        "reward": 788.4750344974262,
        "avg_delay": 2.2460319510830993,
        "total_energy": 17537.08566394236,
        "handover_success_rate": 0.7784090909090909,
        "handover_failure_rate": 0.2215909090909091,
        "forced_termination_rate": 0.0,
        "service_continuity_rate": 0.9881099999999999,
        "service_availability_rate": 0.99075,
        "task_completion_rate": 0.8869696100917431,
        "task_success_rate": 0.8869060417114599,
        "task_failure_rate": 0.1130222891134523,
        "task_settlement_rate": 0.9999283308249122,
        "task_resolution_rate": 0.9999283308249122,
        "pending_task_rate": 7.166917508779473e-05,
        "avg_load_balance_score": 0.48334810645364706,
        "resolved_tasks": 13952.0,
        "pending_tasks": 1.0,
        "total_tasks": 13953.0,
        "completed_tasks": 12375.0,
        "deadline_violations": 1577.0,
        "effective_latency_score": 0.2699790827946399,
        "deadline_violation_rate": 0.1130222891134523
      },
      {
        "episode": 9,
        "reward": 784.8946370244461,
        "avg_delay": 2.2343654036349734,
        "total_energy": 17123.76661436417,
        "handover_success_rate": 0.8363636363636363,
        "handover_failure_rate": 0.16363636363636364,
        "forced_termination_rate": 0.0,
        "service_continuity_rate": 0.988575,
        "service_availability_rate": 0.99105,
        "task_completion_rate": 0.8918486171761281,
        "task_success_rate": 0.891783712975766,
        "task_failure_rate": 0.10814351211702206,
        "task_settlement_rate": 0.999927225092788,
        "task_resolution_rate": 0.999927225092788,
        "pending_task_rate": 7.27749072119933e-05,
        "avg_load_balance_score": 0.48790273794832506,
        "resolved_tasks": 13740.0,
        "pending_tasks": 1.0,
        "total_tasks": 13741.0,
        "completed_tasks": 12254.0,
        "deadline_violations": 1486.0,
        "effective_latency_score": 0.2725712694874328,
        "deadline_violation_rate": 0.10814351211702206
      },
      {
        "episode": 10,
        "reward": 790.9643319378964,
        "avg_delay": 2.2298938424135137,
        "total_energy": 17175.1478697229,
        "handover_success_rate": 0.7976878612716763,
        "handover_failure_rate": 0.2023121387283237,
        "forced_termination_rate": 0.0,
        "service_continuity_rate": 0.988255,
        "service_availability_rate": 0.99085,
        "task_completion_rate": 0.8906452076447765,
        "task_success_rate": 0.8906452076447765,
        "task_failure_rate": 0.10935479235522345,
        "task_settlement_rate": 1.0,
        "task_resolution_rate": 1.0,
        "pending_task_rate": 0.0,
        "avg_load_balance_score": 0.4841265460251856,
        "resolved_tasks": 13918.0,
        "pending_tasks": 0.0,
        "total_tasks": 13918.0,
        "completed_tasks": 12396.0,
        "deadline_violations": 1522.0,
        "effective_latency_score": 0.27251192225663906,
        "deadline_violation_rate": 0.10935479235522345
      }
    ],
    "avg_delay": 2.233143615214548,
    "total_energy": 17342.84869203122,
    "handover_success_rate": 0.8012203909332122,
    "handover_failure_rate": 0.1987796090667877,
    "forced_termination_rate": 0.0,
    "service_continuity_rate": 0.9882765000000001,
    "service_availability_rate": 0.9908624999999999,
    "task_completion_rate": 0.8900674846030776,
    "task_success_rate": 0.88995892561705,
    "task_failure_rate": 0.10991914840334535,
    "task_settlement_rate": 0.9998780740203953,
    "task_resolution_rate": 0.9998780740203953,
    "pending_task_rate": 0.00012192597960469219,
    "avg_load_balance_score": 0.48743783067236146,
    "resolved_tasks": 13926.1,
    "pending_tasks": 1.7,
    "total_tasks": 13927.8,
    "completed_tasks": 12395.2,
    "deadline_violations": 1530.9,
    "deadline_violation_rate": 0.10991914840334535,
    "effective_latency_score": 0.27203605928968766,
    "trained_timesteps": 1200000,
    "checkpoint": "/home/pjpjq/LEO_switch/results/baseline_compare/20260510_010757/learned_baselines/mappo_no_han/best_model.pt",
    "training_history": "/home/pjpjq/LEO_switch/results/baseline_compare/20260510_010757/learned_baselines/mappo_no_han/training_history.json",
    "source": "mappo_no_han_train_eval",
    "selection_metric": "effective_latency_score",
    "selection_score": 0.27203605928968766,
    "energy_per_resolved_task": 1.245348567943015,
    "primary_metric_wins": [],
    "primary_metric_win_count": 0,
    "primary_metric_wins_text": ""
  },
  {
    "method": "joint_greedy",
    "display_name": "Joint Greedy",
    "episodes": 10,
    "is_system": false,
    "mean_reward": 891.5285592330993,
    "std_reward": 8.413573330867305,
    "episode_metrics": [
      {
        "episode": 1,
        "reward": 893.803874845032,
        "avg_delay": 2.2253696439055273,
        "total_energy": 27375.365411033577,
        "handover_success_rate": 0.863013698630137,
        "handover_failure_rate": 0.136986301369863,
        "forced_termination_rate": 0.006802721088435374,
        "service_continuity_rate": 0.9419100000000001,
        "service_availability_rate": 0.9441,
        "task_completion_rate": 0.8952755905511811,
        "task_success_rate": 0.8950193215972521,
        "task_failure_rate": 0.10469443251753256,
        "task_settlement_rate": 0.9997137541147846,
        "task_resolution_rate": 0.9997137541147846,
        "pending_task_rate": 0.0002862458852154,
        "avg_load_balance_score": 0.40161641782906693,
        "resolved_tasks": 13970.0,
        "pending_tasks": 4.0,
        "total_tasks": 13974.0,
        "completed_tasks": 12507.0,
        "deadline_violations": 1463.0,
        "effective_latency_score": 0.26137396400397217,
        "deadline_violation_rate": 0.10469443251753256
      },
      {
        "episode": 2,
        "reward": 896.5455359800559,
        "avg_delay": 2.2380215249920328,
        "total_energy": 28191.942686691615,
        "handover_success_rate": 0.8037974683544303,
        "handover_failure_rate": 0.1962025316455696,
        "forced_termination_rate": 0.0,
        "service_continuity_rate": 0.9458300000000001,
        "service_availability_rate": 0.9482,
        "task_completion_rate": 0.8955914820881704,
        "task_success_rate": 0.8953364186543253,
        "task_failure_rate": 0.10437878248487006,
        "task_settlement_rate": 0.9997152011391954,
        "task_resolution_rate": 0.9997152011391954,
        "pending_task_rate": 0.00028479886080455676,
        "avg_load_balance_score": 0.3982460412629373,
        "resolved_tasks": 14041.0,
        "pending_tasks": 4.0,
        "total_tasks": 14045.0,
        "completed_tasks": 12575.0,
        "deadline_violations": 1466.0,
        "effective_latency_score": 0.26152884973731116,
        "deadline_violation_rate": 0.10437878248487006
      },
      {
        "episode": 3,
        "reward": 903.906686829513,
        "avg_delay": 2.176775736929896,
        "total_energy": 27264.445064176307,
        "handover_success_rate": 0.7926829268292683,
        "handover_failure_rate": 0.2073170731707317,
        "forced_termination_rate": 0.006060606060606061,
        "service_continuity_rate": 0.9522400000000001,
        "service_availability_rate": 0.9547,
        "task_completion_rate": 0.9037659910881127,
        "task_success_rate": 0.9035711719479773,
        "task_failure_rate": 0.09621326435294963,
        "task_settlement_rate": 0.999784436300927,
        "task_resolution_rate": 0.999784436300927,
        "pending_task_rate": 0.0002155636990730761,
        "avg_load_balance_score": 0.39761934923802333,
        "resolved_tasks": 13914.0,
        "pending_tasks": 3.0,
        "total_tasks": 13917.0,
        "completed_tasks": 12575.0,
        "deadline_violations": 1339.0,
        "effective_latency_score": 0.27084587771602253,
        "deadline_violation_rate": 0.09621326435294963
      },
      {
        "episode": 4,
        "reward": 882.480359960385,
        "avg_delay": 2.218899580795066,
        "total_energy": 27262.814531494972,
        "handover_success_rate": 0.8639455782312925,
        "handover_failure_rate": 0.1360544217687075,
        "forced_termination_rate": 0.0,
        "service_continuity_rate": 0.9465700000000001,
        "service_availability_rate": 0.948775,
        "task_completion_rate": 0.8931884057971015,
        "task_success_rate": 0.8928649040202825,
        "task_failure_rate": 0.10677290836653386,
        "task_settlement_rate": 0.9996378123868164,
        "task_resolution_rate": 0.9996378123868164,
        "pending_task_rate": 0.0003621876131836291,
        "avg_load_balance_score": 0.3940486905403024,
        "resolved_tasks": 13800.0,
        "pending_tasks": 5.0,
        "total_tasks": 13805.0,
        "completed_tasks": 12326.0,
        "deadline_violations": 1474.0,
        "effective_latency_score": 0.26256150929372113,
        "deadline_violation_rate": 0.10677290836653386
      },
      {
        "episode": 5,
        "reward": 887.4531227053434,
        "avg_delay": 2.2336397005929207,
        "total_energy": 27536.511182839942,
        "handover_success_rate": 0.8811188811188811,
        "handover_failure_rate": 0.11888111888111888,
        "forced_termination_rate": 0.006944444444444444,
        "service_continuity_rate": 0.9420050000000001,
        "service_availability_rate": 0.94415,
        "task_completion_rate": 0.8911096783437209,
        "task_success_rate": 0.8909182065606647,
        "task_failure_rate": 0.10886692450938261,
        "task_settlement_rate": 0.9997851310700473,
        "task_resolution_rate": 0.9997851310700473,
        "pending_task_rate": 0.00021486892995272884,
        "avg_load_balance_score": 0.3926642486118848,
        "resolved_tasks": 13959.0,
        "pending_tasks": 3.0,
        "total_tasks": 13962.0,
        "completed_tasks": 12439.0,
        "deadline_violations": 1520.0,
        "effective_latency_score": 0.25953707984760765,
        "deadline_violation_rate": 0.10886692450938261
      },
      {
        "episode": 6,
        "reward": 898.2851186872091,
        "avg_delay": 2.212636872628311,
        "total_energy": 27727.204160416604,
        "handover_success_rate": 0.7710843373493976,
        "handover_failure_rate": 0.2289156626506024,
        "forced_termination_rate": 0.0,
        "service_continuity_rate": 0.9514850000000001,
        "service_availability_rate": 0.953975,
        "task_completion_rate": 0.9012167902656779,
        "task_success_rate": 0.9009573166342763,
        "task_failure_rate": 0.0987547685884978,
        "task_settlement_rate": 0.9997120852227741,
        "task_resolution_rate": 0.9997120852227741,
        "pending_task_rate": 0.0002879147772259411,
        "avg_load_balance_score": 0.39005645457264254,
        "resolved_tasks": 13889.0,
        "pending_tasks": 4.0,
        "total_tasks": 13893.0,
        "completed_tasks": 12517.0,
        "deadline_violations": 1372.0,
        "effective_latency_score": 0.2668360622146618,
        "deadline_violation_rate": 0.0987547685884978
      },
      {
        "episode": 7,
        "reward": 900.6046341869943,
        "avg_delay": 2.2325685682122978,
        "total_energy": 27998.864173563194,
        "handover_success_rate": 0.8456375838926175,
        "handover_failure_rate": 0.15436241610738255,
        "forced_termination_rate": 0.0,
        "service_continuity_rate": 0.94664,
        "service_availability_rate": 0.948875,
        "task_completion_rate": 0.8976254798805631,
        "task_success_rate": 0.8973702914001421,
        "task_failure_rate": 0.1023454157782516,
        "task_settlement_rate": 0.9997157071783938,
        "task_resolution_rate": 0.9997157071783938,
        "pending_task_rate": 0.00028429282160625445,
        "avg_load_balance_score": 0.3990261219441004,
        "resolved_tasks": 14066.0,
        "pending_tasks": 4.0,
        "total_tasks": 14070.0,
        "completed_tasks": 12626.0,
        "deadline_violations": 1440.0,
        "effective_latency_score": 0.2627899748220409,
        "deadline_violation_rate": 0.1023454157782516
      },
      {
        "episode": 8,
        "reward": 886.9606250177052,
        "avg_delay": 2.2400364090753335,
        "total_energy": 27718.80259427597,
        "handover_success_rate": 0.8235294117647058,
        "handover_failure_rate": 0.17647058823529413,
        "forced_termination_rate": 0.0,
        "service_continuity_rate": 0.9460550000000001,
        "service_availability_rate": 0.94835,
        "task_completion_rate": 0.8907605189592144,
        "task_success_rate": 0.8906328388160252,
        "task_failure_rate": 0.10922382283379918,
        "task_settlement_rate": 0.9998566616498245,
        "task_resolution_rate": 0.9998566616498245,
        "pending_task_rate": 0.00014333835017558947,
        "avg_load_balance_score": 0.3966595901382931,
        "resolved_tasks": 13951.0,
        "pending_tasks": 2.0,
        "total_tasks": 13953.0,
        "completed_tasks": 12427.0,
        "deadline_violations": 1524.0,
        "effective_latency_score": 0.26005499443339863,
        "deadline_violation_rate": 0.10922382283379918
      },
      {
        "episode": 9,
        "reward": 874.9312253252053,
        "avg_delay": 2.234735582040468,
        "total_energy": 27349.226787707248,
        "handover_success_rate": 0.84,
        "handover_failure_rate": 0.16,
        "forced_termination_rate": 0.0,
        "service_continuity_rate": 0.9462500000000001,
        "service_availability_rate": 0.9485,
        "task_completion_rate": 0.8913961275294803,
        "task_success_rate": 0.89120151371807,
        "task_failure_rate": 0.10858016156029401,
        "task_settlement_rate": 0.999781675278364,
        "task_resolution_rate": 0.999781675278364,
        "pending_task_rate": 0.00021832472163597991,
        "avg_load_balance_score": 0.3946568800869685,
        "resolved_tasks": 13738.0,
        "pending_tasks": 3.0,
        "total_tasks": 13741.0,
        "completed_tasks": 12246.0,
        "deadline_violations": 1492.0,
        "effective_latency_score": 0.26070119518819257,
        "deadline_violation_rate": 0.10858016156029401
      },
      {
        "episode": 10,
        "reward": 890.3144087935491,
        "avg_delay": 2.211373358180038,
        "total_energy": 27433.12682192541,
        "handover_success_rate": 0.8355263157894737,
        "handover_failure_rate": 0.16447368421052633,
        "forced_termination_rate": 0.0,
        "service_continuity_rate": 0.9466200000000001,
        "service_availability_rate": 0.9489,
        "task_completion_rate": 0.892872539157925,
        "task_success_rate": 0.892872539157925,
        "task_failure_rate": 0.10712746084207501,
        "task_settlement_rate": 1.0,
        "task_resolution_rate": 1.0,
        "pending_task_rate": 0.0,
        "avg_load_balance_score": 0.39973463600180414,
        "resolved_tasks": 13918.0,
        "pending_tasks": 0.0,
        "total_tasks": 13918.0,
        "completed_tasks": 12427.0,
        "deadline_violations": 1491.0,
        "effective_latency_score": 0.26319300459560274,
        "deadline_violation_rate": 0.10712746084207501
      }
    ],
    "avg_delay": 2.222405697735189,
    "total_energy": 27585.830341412482,
    "handover_success_rate": 0.8320336201960205,
    "handover_failure_rate": 0.1679663798039796,
    "forced_termination_rate": 0.001980777159348588,
    "service_continuity_rate": 0.9465605,
    "service_availability_rate": 0.9488524999999999,
    "task_completion_rate": 0.8952802603661146,
    "task_success_rate": 0.8950744522506939,
    "task_failure_rate": 0.10469579418341864,
    "task_settlement_rate": 0.9997702464341126,
    "task_resolution_rate": 0.9997702464341126,
    "pending_task_rate": 0.00022975356588731554,
    "avg_load_balance_score": 0.3964328430226024,
    "resolved_tasks": 13924.6,
    "pending_tasks": 3.2,
    "total_tasks": 13927.8,
    "completed_tasks": 12466.5,
    "deadline_violations": 1458.1,
    "deadline_violation_rate": 0.10469579418341864,
    "effective_latency_score": 0.26294225118525316,
    "source": "heuristic_eval",
    "selection_metric": "effective_latency_score",
    "selection_score": 0.26294225118525316,
    "energy_per_resolved_task": 1.981086016216802,
    "primary_metric_wins": [],
    "primary_metric_win_count": 0,
    "primary_metric_wins_text": ""
  },
  {
    "method": "full_local",
    "display_name": "Full-Local",
    "episodes": 10,
    "is_system": false,
    "mean_reward": 847.5035734598747,
    "std_reward": 7.321900062264683,
    "episode_metrics": [
      {
        "episode": 1,
        "reward": 855.2074332959382,
        "avg_delay": 2.292864374129117,
        "total_energy": 26672.608170957847,
        "handover_success_rate": 0.8785714285714286,
        "handover_failure_rate": 0.12142857142857143,
        "forced_termination_rate": 0.0,
        "service_continuity_rate": 0.9154750000000001,
        "service_availability_rate": 0.917575,
        "task_completion_rate": 0.8698733089972085,
        "task_success_rate": 0.8696865607556892,
        "task_failure_rate": 0.13009875483039932,
        "task_settlement_rate": 0.9997853155860884,
        "task_resolution_rate": 0.9997853155860884,
        "pending_task_rate": 0.00021468441391155003,
        "avg_load_balance_score": 0.5255769753767009,
        "resolved_tasks": 13971.0,
        "pending_tasks": 3.0,
        "total_tasks": 13974.0,
        "completed_tasks": 12153.0,
        "deadline_violations": 1818.0,
        "effective_latency_score": 0.24178836834674802,
        "deadline_violation_rate": 0.13009875483039932
      },
      {
        "episode": 2,
        "reward": 855.5861979223968,
        "avg_delay": 2.312237640619602,
        "total_energy": 27424.128711939808,
        "handover_success_rate": 0.7935483870967742,
        "handover_failure_rate": 0.2064516129032258,
        "forced_termination_rate": 0.0,
        "service_continuity_rate": 0.9148750000000002,
        "service_availability_rate": 0.9172,
        "task_completion_rate": 0.8687415426251691,
        "task_success_rate": 0.868494126023496,
        "task_failure_rate": 0.13122107511569953,
        "task_settlement_rate": 0.9997152011391954,
        "task_resolution_rate": 0.9997152011391954,
        "pending_task_rate": 0.00028479886080455676,
        "avg_load_balance_score": 0.5272374042881747,
        "resolved_tasks": 14041.0,
        "pending_tasks": 4.0,
        "total_tasks": 14045.0,
        "completed_tasks": 12198.0,
        "deadline_violations": 1843.0,
        "effective_latency_score": 0.23988724534786443,
        "deadline_violation_rate": 0.13122107511569953
      },
      {
        "episode": 3,
        "reward": 853.5915686284015,
        "avg_delay": 2.2671399391297316,
        "total_energy": 26296.25225299021,
        "handover_success_rate": 0.7987012987012987,
        "handover_failure_rate": 0.2012987012987013,
        "forced_termination_rate": 0.0,
        "service_continuity_rate": 0.9149150000000001,
        "service_availability_rate": 0.917225,
        "task_completion_rate": 0.870499461013295,
        "task_success_rate": 0.8703743622907236,
        "task_failure_rate": 0.12948192857656105,
        "task_settlement_rate": 0.9998562908672847,
        "task_resolution_rate": 0.9998562908672847,
        "pending_task_rate": 0.00014370913271538407,
        "avg_load_balance_score": 0.5263263292091429,
        "resolved_tasks": 13915.0,
        "pending_tasks": 2.0,
        "total_tasks": 13917.0,
        "completed_tasks": 12113.0,
        "deadline_violations": 1802.0,
        "effective_latency_score": 0.24373567539544483,
        "deadline_violation_rate": 0.12948192857656105
      },
      {
        "episode": 4,
        "reward": 838.755857485123,
        "avg_delay": 2.2949627727864605,
        "total_energy": 26426.48626445326,
        "handover_success_rate": 0.8601398601398601,
        "handover_failure_rate": 0.13986013986013987,
        "forced_termination_rate": 0.0,
        "service_continuity_rate": 0.9153550000000001,
        "service_availability_rate": 0.9175,
        "task_completion_rate": 0.8639855072463768,
        "task_success_rate": 0.863672582397682,
        "task_failure_rate": 0.13596522998913438,
        "task_settlement_rate": 0.9996378123868164,
        "task_resolution_rate": 0.9996378123868164,
        "pending_task_rate": 0.0003621876131836291,
        "avg_load_balance_score": 0.5269144003914865,
        "resolved_tasks": 13800.0,
        "pending_tasks": 5.0,
        "total_tasks": 13805.0,
        "completed_tasks": 11923.0,
        "deadline_violations": 1877.0,
        "effective_latency_score": 0.23993200262838457,
        "deadline_violation_rate": 0.13596522998913438
      },
      {
        "episode": 5,
        "reward": 846.3075854448836,
        "avg_delay": 2.3042148873306787,
        "total_energy": 26822.535612248925,
        "handover_success_rate": 0.8913043478260869,
        "handover_failure_rate": 0.10869565217391304,
        "forced_termination_rate": 0.0,
        "service_continuity_rate": 0.9155550000000001,
        "service_availability_rate": 0.917625,
        "task_completion_rate": 0.8639587362991619,
        "task_success_rate": 0.86377309840997,
        "task_failure_rate": 0.13601203266007736,
        "task_settlement_rate": 0.9997851310700473,
        "task_resolution_rate": 0.9997851310700473,
        "pending_task_rate": 0.00021486892995272884,
        "avg_load_balance_score": 0.5250447318032808,
        "resolved_tasks": 13959.0,
        "pending_tasks": 3.0,
        "total_tasks": 13962.0,
        "completed_tasks": 12060.0,
        "deadline_violations": 1899.0,
        "effective_latency_score": 0.23934029900628415,
        "deadline_violation_rate": 0.13601203266007736
      },
      {
        "episode": 6,
        "reward": 844.3652069409566,
        "avg_delay": 2.3076024257236534,
        "total_energy": 26711.290090875842,
        "handover_success_rate": 0.7834394904458599,
        "handover_failure_rate": 0.21656050955414013,
        "forced_termination_rate": 0.0,
        "service_continuity_rate": 0.9147950000000002,
        "service_availability_rate": 0.91715,
        "task_completion_rate": 0.8655050759593923,
        "task_success_rate": 0.8652558842582595,
        "task_failure_rate": 0.1344562009645145,
        "task_settlement_rate": 0.9997120852227741,
        "task_resolution_rate": 0.9997120852227741,
        "pending_task_rate": 0.0002879147772259411,
        "avg_load_balance_score": 0.527241343361657,
        "resolved_tasks": 13889.0,
        "pending_tasks": 4.0,
        "total_tasks": 13893.0,
        "completed_tasks": 12021.0,
        "deadline_violations": 1868.0,
        "effective_latency_score": 0.23930680135078797,
        "deadline_violation_rate": 0.1344562009645145
      },
      {
        "episode": 7,
        "reward": 855.5591332052944,
        "avg_delay": 2.313748096762153,
        "total_energy": 27026.180729056414,
        "handover_success_rate": 0.8424657534246576,
        "handover_failure_rate": 0.15753424657534246,
        "forced_termination_rate": 0.0,
        "service_continuity_rate": 0.9152350000000001,
        "service_availability_rate": 0.917425,
        "task_completion_rate": 0.8679795250959761,
        "task_success_rate": 0.8677327647476901,
        "task_failure_rate": 0.13198294243070363,
        "task_settlement_rate": 0.9997157071783938,
        "task_resolution_rate": 0.9997157071783938,
        "pending_task_rate": 0.00028429282160625445,
        "avg_load_balance_score": 0.525693981573119,
        "resolved_tasks": 14066.0,
        "pending_tasks": 4.0,
        "total_tasks": 14070.0,
        "completed_tasks": 12209.0,
        "deadline_violations": 1857.0,
        "effective_latency_score": 0.23966196999700765,
        "deadline_violation_rate": 0.13198294243070363
      },
      {
        "episode": 8,
        "reward": 845.5744815026957,
        "avg_delay": 2.310657281594446,
        "total_energy": 26893.979735524135,
        "handover_success_rate": 0.831081081081081,
        "handover_failure_rate": 0.16891891891891891,
        "forced_termination_rate": 0.0,
        "service_continuity_rate": 0.9151550000000002,
        "service_availability_rate": 0.917375,
        "task_completion_rate": 0.8632356103505125,
        "task_success_rate": 0.8631118755823121,
        "task_failure_rate": 0.13674478606751236,
        "task_settlement_rate": 0.9998566616498245,
        "task_resolution_rate": 0.9998566616498245,
        "pending_task_rate": 0.00014333835017558947,
        "avg_load_balance_score": 0.5250422332182747,
        "resolved_tasks": 13951.0,
        "pending_tasks": 2.0,
        "total_tasks": 13953.0,
        "completed_tasks": 12043.0,
        "deadline_violations": 1908.0,
        "effective_latency_score": 0.23858741069027725,
        "deadline_violation_rate": 0.13674478606751236
      },
      {
        "episode": 9,
        "reward": 832.7414609642202,
        "avg_delay": 2.311355259429454,
        "total_energy": 26507.398554041825,
        "handover_success_rate": 0.8482758620689655,
        "handover_failure_rate": 0.15172413793103448,
        "forced_termination_rate": 0.0,
        "service_continuity_rate": 0.9152750000000002,
        "service_availability_rate": 0.91745,
        "task_completion_rate": 0.8629349250254768,
        "task_success_rate": 0.8627465249981806,
        "task_failure_rate": 0.1370351502801834,
        "task_settlement_rate": 0.999781675278364,
        "task_resolution_rate": 0.999781675278364,
        "pending_task_rate": 0.00021832472163597991,
        "avg_load_balance_score": 0.5252818828660125,
        "resolved_tasks": 13738.0,
        "pending_tasks": 3.0,
        "total_tasks": 13741.0,
        "completed_tasks": 11855.0,
        "deadline_violations": 1883.0,
        "effective_latency_score": 0.23846741403511215,
        "deadline_violation_rate": 0.1370351502801834
      },
      {
        "episode": 10,
        "reward": 847.346809208837,
        "avg_delay": 2.2901617785391934,
        "total_energy": 26596.47163370852,
        "handover_success_rate": 0.8601398601398601,
        "handover_failure_rate": 0.13986013986013987,
        "forced_termination_rate": 0.0,
        "service_continuity_rate": 0.9153550000000001,
        "service_availability_rate": 0.9175,
        "task_completion_rate": 0.8645638741198448,
        "task_success_rate": 0.8645638741198448,
        "task_failure_rate": 0.1354361258801552,
        "task_settlement_rate": 1.0,
        "task_resolution_rate": 1.0,
        "pending_task_rate": 0.0,
        "avg_load_balance_score": 0.5253188256016396,
        "resolved_tasks": 13918.0,
        "pending_tasks": 0.0,
        "total_tasks": 13918.0,
        "completed_tasks": 12033.0,
        "deadline_violations": 1885.0,
        "effective_latency_score": 0.24053007671444612,
        "deadline_violation_rate": 0.1354361258801552
      }
    ],
    "avg_delay": 2.300494445604449,
    "total_energy": 26737.73317557968,
    "handover_success_rate": 0.8387667369495873,
    "handover_failure_rate": 0.16123326305041275,
    "forced_termination_rate": 0.0,
    "service_continuity_rate": 0.9151990000000001,
    "service_availability_rate": 0.9174025,
    "task_completion_rate": 0.8661277566732414,
    "task_success_rate": 0.8659411653583847,
    "task_failure_rate": 0.13384342267949406,
    "task_settlement_rate": 0.9997845880378788,
    "task_resolution_rate": 0.9997845880378788,
    "pending_task_rate": 0.00021541196212116137,
    "avg_load_balance_score": 0.5259678107689489,
    "resolved_tasks": 13924.8,
    "pending_tasks": 3.0,
    "total_tasks": 13927.8,
    "completed_tasks": 12060.8,
    "deadline_violations": 1864.0,
    "deadline_violation_rate": 0.13384342267949406,
    "effective_latency_score": 0.2401237263512357,
    "source": "heuristic_eval",
    "selection_metric": "effective_latency_score",
    "selection_score": 0.2401237263512357,
    "energy_per_resolved_task": 1.9201520435180168,
    "primary_metric_wins": [],
    "primary_metric_win_count": 0,
    "primary_metric_wins_text": ""
  },
  {
    "method": "random",
    "display_name": "Random",
    "episodes": 10,
    "is_system": false,
    "mean_reward": 710.3736024159697,
    "std_reward": 10.53023808006777,
    "episode_metrics": [
      {
        "episode": 1,
        "reward": 720.6482465488305,
        "avg_delay": 2.553146422983332,
        "total_energy": 28042.68979696223,
        "handover_success_rate": 0.8053391237705965,
        "handover_failure_rate": 0.1946608762294035,
        "forced_termination_rate": 0.0006807641577670936,
        "service_continuity_rate": 0.45137000000000016,
        "service_availability_rate": 0.803675,
        "task_completion_rate": 0.8269960615825277,
        "task_success_rate": 0.8264634320881638,
        "task_failure_rate": 0.1728925146701016,
        "task_settlement_rate": 0.9993559467582653,
        "task_resolution_rate": 0.9993559467582653,
        "pending_task_rate": 0.0006440532417346501,
        "avg_load_balance_score": 0.2859668711002825,
        "resolved_tasks": 13965.0,
        "pending_tasks": 9.0,
        "total_tasks": 13974.0,
        "completed_tasks": 11549.0,
        "deadline_violations": 2416.0,
        "effective_latency_score": 0.10498886196432569,
        "deadline_violation_rate": 0.1728925146701016
      },
      {
        "episode": 2,
        "reward": 721.5398938347765,
        "avg_delay": 2.584409130897929,
        "total_energy": 28610.506879105174,
        "handover_success_rate": 0.8085877537097049,
        "handover_failure_rate": 0.19141224629029507,
        "forced_termination_rate": 0.001192504258943782,
        "service_continuity_rate": 0.45324499999999945,
        "service_availability_rate": 0.805025,
        "task_completion_rate": 0.8254794325229914,
        "task_success_rate": 0.8244215023139907,
        "task_failure_rate": 0.17429690281238874,
        "task_settlement_rate": 0.9987184051263795,
        "task_resolution_rate": 0.9987184051263795,
        "pending_task_rate": 0.0012815948736205054,
        "avg_load_balance_score": 0.28253352959225253,
        "resolved_tasks": 14027.0,
        "pending_tasks": 18.0,
        "total_tasks": 14045.0,
        "completed_tasks": 11579.0,
        "deadline_violations": 2448.0,
        "effective_latency_score": 0.10424728600183471,
        "deadline_violation_rate": 0.17429690281238874
      },
      {
        "episode": 3,
        "reward": 719.4821595249808,
        "avg_delay": 2.5233675897134833,
        "total_energy": 27624.856232196827,
        "handover_success_rate": 0.8038388707178517,
        "handover_failure_rate": 0.19616112928214838,
        "forced_termination_rate": 0.0013323591352559418,
        "service_continuity_rate": 0.4520350000000011,
        "service_availability_rate": 0.800575,
        "task_completion_rate": 0.8272191051647245,
        "task_success_rate": 0.8263275131134583,
        "task_failure_rate": 0.17259466839117626,
        "task_settlement_rate": 0.9989221815046346,
        "task_resolution_rate": 0.9989221815046346,
        "pending_task_rate": 0.0010778184953653806,
        "avg_load_balance_score": 0.2894178124959052,
        "resolved_tasks": 13902.0,
        "pending_tasks": 15.0,
        "total_tasks": 13917.0,
        "completed_tasks": 11500.0,
        "deadline_violations": 2402.0,
        "effective_latency_score": 0.10601475658706903,
        "deadline_violation_rate": 0.17259466839117626
      },
      {
        "episode": 4,
        "reward": 692.241974090302,
        "avg_delay": 2.5800494815714283,
        "total_energy": 27699.202548796427,
        "handover_success_rate": 0.7993267736923874,
        "handover_failure_rate": 0.20067322630761264,
        "forced_termination_rate": 0.0007761966364812419,
        "service_continuity_rate": 0.4482950000000012,
        "service_availability_rate": 0.795875,
        "task_completion_rate": 0.8136146150500217,
        "task_success_rate": 0.8129663165519739,
        "task_failure_rate": 0.1862368706990221,
        "task_settlement_rate": 0.999203187250996,
        "task_resolution_rate": 0.999203187250996,
        "pending_task_rate": 0.0007968127490039841,
        "avg_load_balance_score": 0.2975689345823471,
        "resolved_tasks": 13794.0,
        "pending_tasks": 11.0,
        "total_tasks": 13805.0,
        "completed_tasks": 11223.0,
        "deadline_violations": 2571.0,
        "effective_latency_score": 0.10179991554717195,
        "deadline_violation_rate": 0.1862368706990221
      },
      {
        "episode": 5,
        "reward": 710.6350585828898,
        "avg_delay": 2.569316214844585,
        "total_energy": 28181.961197082135,
        "handover_success_rate": 0.8040699414304647,
        "handover_failure_rate": 0.1959300585695353,
        "forced_termination_rate": 0.0008542992610311392,
        "service_continuity_rate": 0.4500599999999989,
        "service_availability_rate": 0.800925,
        "task_completion_rate": 0.8225089605734767,
        "task_success_rate": 0.8218020340925369,
        "task_failure_rate": 0.1773384901876522,
        "task_settlement_rate": 0.9991405242801891,
        "task_resolution_rate": 0.9991405242801891,
        "pending_task_rate": 0.0008594757198109154,
        "avg_load_balance_score": 0.29784682248178485,
        "resolved_tasks": 13950.0,
        "pending_tasks": 12.0,
        "total_tasks": 13962.0,
        "completed_tasks": 11474.0,
        "deadline_violations": 2476.0,
        "effective_latency_score": 0.10362215091099479,
        "deadline_violation_rate": 0.1773384901876522
      },
      {
        "episode": 6,
        "reward": 709.0142897420261,
        "avg_delay": 2.569311043034244,
        "total_energy": 28101.037277315245,
        "handover_success_rate": 0.8037066813354208,
        "handover_failure_rate": 0.1962933186645792,
        "forced_termination_rate": 0.0009722691917483936,
        "service_continuity_rate": 0.44788000000000106,
        "service_availability_rate": 0.8023750000000001,
        "task_completion_rate": 0.8236311239193084,
        "task_success_rate": 0.8228604333117397,
        "task_failure_rate": 0.17620384366227596,
        "task_settlement_rate": 0.9990642769740157,
        "task_resolution_rate": 0.9990642769740157,
        "pending_task_rate": 0.0009357230259843086,
        "avg_load_balance_score": 0.29486644904956605,
        "resolved_tasks": 13880.0,
        "pending_tasks": 13.0,
        "total_tasks": 13893.0,
        "completed_tasks": 11432.0,
        "deadline_violations": 2448.0,
        "effective_latency_score": 0.1032531842779293,
        "deadline_violation_rate": 0.17620384366227596
      },
      {
        "episode": 7,
        "reward": 723.7906890755944,
        "avg_delay": 2.5661213932590288,
        "total_energy": 28543.402303648818,
        "handover_success_rate": 0.8062035375544732,
        "handover_failure_rate": 0.19379646244552678,
        "forced_termination_rate": 0.001109593717992489,
        "service_continuity_rate": 0.4529599999999996,
        "service_availability_rate": 0.8040499999999999,
        "task_completion_rate": 0.8265509391007398,
        "task_success_rate": 0.825728500355366,
        "task_failure_rate": 0.1732764747690121,
        "task_settlement_rate": 0.9990049751243781,
        "task_resolution_rate": 0.9990049751243781,
        "pending_task_rate": 0.0009950248756218905,
        "avg_load_balance_score": 0.3049519766226279,
        "resolved_tasks": 14056.0,
        "pending_tasks": 14.0,
        "total_tasks": 14070.0,
        "completed_tasks": 11618.0,
        "deadline_violations": 2438.0,
        "effective_latency_score": 0.10488201053053688,
        "deadline_violation_rate": 0.1732764747690121
      },
      {
        "episode": 8,
        "reward": 694.7965943723128,
        "avg_delay": 2.6034130634314723,
        "total_energy": 28180.37127810791,
        "handover_success_rate": 0.8015713736709509,
        "handover_failure_rate": 0.19842862632904906,
        "forced_termination_rate": 0.0008959044368600683,
        "service_continuity_rate": 0.44484,
        "service_availability_rate": 0.796125,
        "task_completion_rate": 0.8098722915769838,
        "task_success_rate": 0.8090016483910271,
        "task_failure_rate": 0.18992331398265605,
        "task_settlement_rate": 0.9989249623736831,
        "task_resolution_rate": 0.9989249623736831,
        "pending_task_rate": 0.0010750376263169211,
        "avg_load_balance_score": 0.294105503818398,
        "resolved_tasks": 13938.0,
        "pending_tasks": 15.0,
        "total_tasks": 13953.0,
        "completed_tasks": 11288.0,
        "deadline_violations": 2650.0,
        "effective_latency_score": 0.0998709520488778,
        "deadline_violation_rate": 0.18992331398265605
      },
      {
        "episode": 9,
        "reward": 705.3740775811597,
        "avg_delay": 2.5682640687882143,
        "total_energy": 27859.856080049405,
        "handover_success_rate": 0.8084203378321025,
        "handover_failure_rate": 0.19157966216789746,
        "forced_termination_rate": 0.0007209805335255948,
        "service_continuity_rate": 0.45321999999999996,
        "service_availability_rate": 0.80665,
        "task_completion_rate": 0.8233022442436607,
        "task_success_rate": 0.8222836765883124,
        "task_failure_rate": 0.17647914998908376,
        "task_settlement_rate": 0.9987628265773961,
        "task_resolution_rate": 0.9987628265773961,
        "pending_task_rate": 0.0012371734226038862,
        "avg_load_balance_score": 0.29774707056887834,
        "resolved_tasks": 13724.0,
        "pending_tasks": 17.0,
        "total_tasks": 13741.0,
        "completed_tasks": 11299.0,
        "deadline_violations": 2425.0,
        "effective_latency_score": 0.1044416558637477,
        "deadline_violation_rate": 0.17647914998908376
      },
      {
        "episode": 10,
        "reward": 706.213040806824,
        "avg_delay": 2.560697533156328,
        "total_energy": 27876.620593604977,
        "handover_success_rate": 0.8014111168473584,
        "handover_failure_rate": 0.19858888315264153,
        "forced_termination_rate": 0.0008596973865199449,
        "service_continuity_rate": 0.4518649999999983,
        "service_availability_rate": 0.8005,
        "task_completion_rate": 0.8192996332782052,
        "task_success_rate": 0.818652105187527,
        "task_failure_rate": 0.1805575513723236,
        "task_settlement_rate": 0.9992096565598505,
        "task_resolution_rate": 0.9992096565598505,
        "pending_task_rate": 0.0007903434401494467,
        "avg_load_balance_score": 0.29478308227429667,
        "resolved_tasks": 13907.0,
        "pending_tasks": 11.0,
        "total_tasks": 13918.0,
        "completed_tasks": 11394.0,
        "deadline_violations": 2513.0,
        "effective_latency_score": 0.10388982216713312,
        "deadline_violation_rate": 0.1805575513723236
      }
    ],
    "avg_delay": 2.5678095941680046,
    "total_energy": 28072.050418686915,
    "handover_success_rate": 0.8042475510561312,
    "handover_failure_rate": 0.19575244894386887,
    "forced_termination_rate": 0.0009394568716125689,
    "service_continuity_rate": 0.4505769999999999,
    "service_availability_rate": 0.8015774999999999,
    "task_completion_rate": 0.8218474407012641,
    "task_success_rate": 0.8210507161994096,
    "task_failure_rate": 0.17797997805356927,
    "task_settlement_rate": 0.9990306942529787,
    "task_resolution_rate": 0.9990306942529787,
    "pending_task_rate": 0.0009693057470211888,
    "avg_load_balance_score": 0.29397880525863396,
    "resolved_tasks": 13914.3,
    "pending_tasks": 13.5,
    "total_tasks": 13927.8,
    "completed_tasks": 11435.6,
    "deadline_violations": 2478.7,
    "deadline_violation_rate": 0.17797997805356927,
    "effective_latency_score": 0.10370105958996209,
    "selected_offload": 0.0,
    "method_variant": "random(best_offload=0.00)",
    "source": "heuristic_eval",
    "selection_metric": "effective_latency_score",
    "selection_score": 0.10370105958996209,
    "energy_per_resolved_task": 2.0174964186978084,
    "primary_metric_wins": [],
    "primary_metric_win_count": 0,
    "primary_metric_wins_text": ""
  }
]
Summary JSON saved to: /home/pjpjq/LEO_switch/results/baseline_compare/20260510_010757/comparison_summary.json
Summary CSV saved to: /home/pjpjq/LEO_switch/results/baseline_compare/20260510_010757/comparison_summary.csv
Episode metrics CSV saved to: /home/pjpjq/LEO_switch/results/baseline_compare/20260510_010757/episode_metrics.csv
Metric comparison figure: /home/pjpjq/LEO_switch/results/baseline_compare/20260510_010757/method_comparison.pdf
Reward curve comparison figure: /home/pjpjq/LEO_switch/results/baseline_compare/20260510_010757/reward_curve_vs_baselines.pdf
Step metric curve figure: /home/pjpjq/LEO_switch/results/baseline_compare/20260510_010757/training_qos_metrics_vs_steps.pdf
Step metric curve figure: /home/pjpjq/LEO_switch/results/baseline_compare/20260510_010757/reward_components_vs_steps.pdf
Step metric curve figure: /home/pjpjq/LEO_switch/results/baseline_compare/20260510_010757/reward_components_per_task_vs_steps.pdf
Episode metric comparison figure: /home/pjpjq/LEO_switch/results/baseline_compare/20260510_010757/additional_metrics_episode_comparison.pdf
Delay-energy trade-off figure: /home/pjpjq/LEO_switch/results/baseline_compare/20260510_010757/delay_energy_tradeoff.pdf
Success-continuity trade-off figure: /home/pjpjq/LEO_switch/results/baseline_compare/20260510_010757/success_continuity_tradeoff.pdf
Performance radar figure: /home/pjpjq/LEO_switch/results/baseline_compare/20260510_010757/performance_radar.pdf
Reward distribution figure: /home/pjpjq/LEO_switch/results/baseline_compare/20260510_010757/reward_distribution.pdf
Paper dashboard figure: /home/pjpjq/LEO_switch/results/baseline_compare/20260510_010757/paper_baseline_dashboard.pdf
