num_users,method,display_name,seed_count,active_load_balance_score,active_load_balance_score_ci_low,active_load_balance_score_ci_high,active_mec_load_fairness,active_mec_load_fairness_ci_low,active_mec_load_fairness_ci_high,avg_delay,avg_delay_ci_low,avg_delay_ci_high,avg_load_balance_score,avg_load_balance_score_ci_low,avg_load_balance_score_ci_high,avg_success_delay,avg_success_delay_ci_low,avg_success_delay_ci_high,avg_success_delay_sample_count,blocked_time_ratio,blocked_time_ratio_ci_low,blocked_time_ratio_ci_high,blocked_user_seconds,blocked_user_seconds_ci_low,blocked_user_seconds_ci_high,checkpoint,completed_tasks,completed_tasks_ci_low,completed_tasks_ci_high,deadline_violation_rate,deadline_violation_rate_ci_low,deadline_violation_rate_ci_high,deadline_violations,deadline_violations_ci_low,deadline_violations_ci_high,energy_per_resolved_task,energy_per_resolved_task_ci_low,energy_per_resolved_task_ci_high,energy_per_successful_task,energy_per_successful_task_ci_low,energy_per_successful_task_ci_high,energy_per_successful_task_sample_count,episodes,episodes_ci_low,episodes_ci_high,failed_handovers,failed_handovers_ci_low,failed_handovers_ci_high,failed_tasks,failed_tasks_ci_low,failed_tasks_ci_high,forced_termination_rate,forced_termination_rate_ci_low,forced_termination_rate_ci_high,handover_aborted,handover_aborted_ci_low,handover_aborted_ci_high,handover_action_rate,handover_action_rate_ci_low,handover_action_rate_ci_high,handover_attempts,handover_attempts_ci_low,handover_attempts_ci_high,handover_committed,handover_committed_ci_low,handover_committed_ci_high,handover_failure_rate,handover_failure_rate_ci_low,handover_failure_rate_ci_high,handover_frequency,handover_frequency_ci_low,handover_frequency_ci_high,handover_interruption_seconds,handover_interruption_seconds_ci_low,handover_interruption_seconds_ci_high,handover_radio_failures,handover_radio_failures_ci_low,handover_radio_failures_ci_high,handover_success_rate,handover_success_rate_ci_low,handover_success_rate_ci_high,handovers_per_user_minute,handovers_per_user_minute_ci_low,handovers_per_user_minute_ci_high,is_system,jain_mec_load_fairness,jain_mec_load_fairness_ci_low,jain_mec_load_fairness_ci_high,load_balance_coefficient,load_balance_coefficient_ci_low,load_balance_coefficient_ci_high,load_balance_variance,load_balance_variance_ci_low,load_balance_variance_ci_high,load_variance_sample_count,load_variance_sample_count_ci_low,load_variance_sample_count_ci_high,local_compute_rate,local_compute_rate_ci_low,local_compute_rate_ci_high,mean_offload_ratio,mean_offload_ratio_ci_low,mean_offload_ratio_ci_high,mean_reward,mean_reward_ci_low,mean_reward_ci_high,mec_load_fairness,mec_load_fairness_ci_low,mec_load_fairness_ci_high,migration_rejections,migration_rejections_ci_low,migration_rejections_ci_high,p95_success_delay,p95_success_delay_ci_low,p95_success_delay_ci_high,p95_success_delay_sample_count,penalty_delay,penalty_delay_ci_low,penalty_delay_ci_high,penalty_energy,penalty_energy_ci_low,penalty_energy_ci_high,penalty_failed_handover,penalty_failed_handover_ci_low,penalty_failed_handover_ci_high,penalty_service_interruption,penalty_service_interruption_ci_low,penalty_service_interruption_ci_high,penalty_task_failure,penalty_task_failure_ci_low,penalty_task_failure_ci_high,pending_task_rate,pending_task_rate_ci_low,pending_task_rate_ci_high,pending_tasks,pending_tasks_ci_low,pending_tasks_ci_high,primary_metric_win_count,primary_metric_win_count_ci_low,primary_metric_win_count_ci_high,primary_metric_wins_text,reachable_jain_mec_load_fairness,reachable_jain_mec_load_fairness_ci_low,reachable_jain_mec_load_fairness_ci_high,reconnection_attempts,reconnection_attempts_ci_low,reconnection_attempts_ci_high,reconnections,reconnections_ci_low,reconnections_ci_high,resolved_tasks,resolved_tasks_ci_low,resolved_tasks_ci_high,reward_load_balance,reward_load_balance_ci_low,reward_load_balance_ci_high,reward_task_success,reward_task_success_ci_low,reward_task_success_ci_high,selection_metric,selection_score,selection_score_ci_low,selection_score_ci_high,service_availability_rate,service_availability_rate_ci_low,service_availability_rate_ci_high,service_continuity_rate,service_continuity_rate_ci_low,service_continuity_rate_ci_high,service_interruption_seconds,service_interruption_seconds_ci_low,service_interruption_seconds_ci_high,source,source_is_system,source_method,std_reward,std_reward_ci_low,std_reward_ci_high,successful_task_throughput,successful_task_throughput_ci_low,successful_task_throughput_ci_high,task_completion_rate,task_completion_rate_ci_low,task_completion_rate_ci_high,task_failure_rate,task_failure_rate_ci_low,task_failure_rate_ci_high,task_resolution_rate,task_resolution_rate_ci_low,task_resolution_rate_ci_high,task_settlement_rate,task_settlement_rate_ci_low,task_settlement_rate_ci_high,task_success_rate,task_success_rate_ci_low,task_success_rate_ci_high,total_energy,total_energy_ci_low,total_energy_ci_high,total_handovers,total_handovers_ci_low,total_handovers_ci_high,total_tasks,total_tasks_ci_low,total_tasks_ci_high,total_user_seconds,total_user_seconds_ci_low,total_user_seconds_ci_high,training_history,trained_timesteps,trained_timesteps_ci_low,trained_timesteps_ci_high,training_log,best_training_eval_reward,best_training_eval_reward_ci_low,best_training_eval_reward_ci_high,method_variant,selected_offload,selected_offload_ci_low,selected_offload_ci_high
20,han_mappo,HAN+MAPPO,5,0.49209246528169925,0.46112486692032606,0.5219640260609489,0.521041738975722,0.4281556302861576,0.5985702695626666,1.9341231331326596,1.8434057528096275,2.024840513455691,0.49209246528169925,0.46112486692032606,0.5219640260609489,1.6643429198034716,1.599390483300617,1.7269518926591285,5,0.018921874999999998,0.01712890625,0.020531249999999997,193.76000000000002,175.40000000000003,210.24,,3341.2,3305.56,3373.6400000000003,0.062359830491892886,0.05426642385308006,0.0704532371307057,222.84,194.16000000000003,251.51999999999998,1.0721607643179996,1.0584021486931758,1.0859737208761344,1.144652707665071,1.1266333433965305,1.1650894969033767,5,5.0,5.0,5.0,0.0,0.0,0.0,2.64,1.8,3.5200000000000005,0.3807718352303665,0.3090670734682894,0.4445678674538831,0.0,0.0,0.0,0.005578124999999999,0.0048515625,0.006515625,36.68,28.0,47.72,36.68,28.0,47.72,0.0,0.0,0.0,0.00358203125,0.0027343750000000003,0.00466015625,34.27200126647949,29.808001160621643,40.0320014667511,0.0,0.0,0.0,1.0,1.0,1.0,0.21492187499999998,0.1640625,0.279609375,False,0.6781321802992615,0.6364716601721181,0.7152478536533114,0.49209246528169925,0.46112486692032606,0.5219640260609489,0.08528432106300497,0.07866723560038359,0.09230979970204743,2498.0,2466.4,2528.4,0.68524609375,0.61453125,0.7498085937500001,0.24431553483009338,0.19220196902751924,0.30586461126804354,97.66794079234475,95.41429023693549,99.921591347754,0.49209246528169925,0.46112486692032606,0.5219640260609489,0.0,0.0,0.0,3.7326408983048593,3.6350518406892554,3.8299379199451513,5,-41.34758925606282,-42.34636423400103,-40.27899406309928,-30.33836670582118,-30.922928321321933,-29.753805090320434,0.0,0.0,0.0,-3.4204801369458435,-3.6234001461043954,-3.213240129239857,-11.27400000000004,-12.742000000000058,-9.806000000000022,0.0010770454113062191,0.0008633475445407867,0.0012907432780716517,3.84,3.0800000000000005,4.6,0.0,0.0,0.0,,0.6781321802992615,0.6364716601721181,0.7152478536533114,20.44,19.08,21.96,20.44,19.08,21.96,3566.6800000000003,3557.705,3573.8830000000003,16.98837465425033,15.723593446057379,18.071328783518133,167.06000000000373,165.27800000000332,168.6820000000041,reward,97.66794079234475,95.41429023693549,99.921591347754,0.9810781249999998,0.97946875,0.9828710937499998,0.9777312499154359,0.9764101561745628,0.9790804686313495,228.03200086593628,214.21600121498108,241.56000077247617,checkpoint_eval,True,han_mappo_latency_priority_multiuser_u20,7.8515271369462125,6.728434755155322,9.084147199312653,19.57734375,19.368515624999997,19.767421875000004,0.9368278848317187,0.9285215350819385,0.9451342345814989,0.06309782919033366,0.054813926493318954,0.07138173188734838,0.9989229545886937,0.9987092567219283,0.9991366524554591,0.9989229545886937,0.9987092567219283,0.9991366524554591,0.9358251253983602,0.9273498897421868,0.9443003610545334,3823.915761655599,3781.887598977975,3867.5287133153456,36.68,28.0,47.72,3570.5199999999995,3561.4,3577.7200000000003,10240.0,10240.0,10240.0,D:\program\LEO_switch\results\multiseed_0907\seed42\u20\learned_baselines\han_mappo\training_history.json,,,,,,,,,,,
20,han_pdqn,HAN+PDQN,5,0.5417989018354914,0.5346082069462701,0.5465271627908193,0.369241687822626,0.3388993699173228,0.40432362380237075,1.6665241784440123,1.6540013592232934,1.6795432524039984,0.5417989018354914,0.5346082069462701,0.5465271627908193,1.5548567730907545,1.5410291605167212,1.5701139228084515,5,0.01755078125,0.01605078125,0.01898046875,179.72,164.36,194.36,/home/pjpjq/LEO_switch/results/baseline_compare/multiuser_scaling_multiuser_single_seed_150k_20260804/u20/learned_baselines/han_pdqn/best_model.pt,3436.8,3428.7569999999996,3443.6,0.03654162134301751,0.03584458769654606,0.03753003372360469,130.48000000000002,128.04000000000002,134.11999999999998,0.9134517922502186,0.9063565299065646,0.9212090027732984,0.9482606376695715,0.9404582563962716,0.9564958691783841,5,5.0,5.0,5.0,0.0,0.0,0.0,0.48,0.27999999999999997,0.68,0.06681814547484646,0.05297134051707789,0.08264037324475802,0.0,0.0,0.0,0.011402343749999998,0.010339843749999997,0.012753906249999999,109.35999999999999,97.32000000000001,123.35999999999999,109.35999999999999,97.32000000000001,123.35999999999999,0.0,0.0,0.0,0.0106796875,0.009503906250000001,0.012046875,70.05600270748138,63.52800249099731,78.36000299453735,0.0,0.0,0.0,1.0,1.0,1.0,0.64078125,0.570234375,0.7228125000000001,True,0.6216536538609391,0.6090641248607142,0.6326010777562355,0.5417989018354914,0.5346082069462701,0.5465271627908193,0.07430355344146472,0.07330518745971451,0.07582556298059277,2324.2,2291.0,2357.6,0.49417578124999995,0.45579687500000005,0.5447773437500001,0.4924779236316681,0.4425535619258881,0.5259211421012878,108.92416734460974,108.22633753563278,109.48386918946403,0.5417989018354914,0.5346082069462701,0.5465271627908193,0.0,0.0,0.0,3.567887375408676,3.5423057348742377,3.591695811836238,5,-39.88979195326643,-40.3086865209822,-39.47991140911648,-27.20195131323309,-27.3820818346157,-26.952759150987326,0.0,0.0,0.0,-3.7466401509940623,-4.033200161494315,-3.450840140841901,-6.547999999999988,-6.735999999999988,-6.419999999999985,0.0007739093874106674,0.0006638994069409408,0.0008535978533883845,2.7600000000000002,2.3600000000000003,3.04,5.6,4.8,6.0,Successful-Task Delay | P95 Successful-Task Delay | Task Success | Deadline Violation | Successful Task Throughput | Energy per Successful Task,0.6216536538609391,0.6090641248607142,0.6326010777562355,7.4,6.040000000000001,8.76,7.4,6.040000000000001,8.76,3567.7599999999998,3559.04,3574.84,14.470547935330298,14.016740269182637,14.924355601477961,171.84000000000484,171.43785000000472,172.1800000000049,reward,108.92416734460974,108.22633753563278,109.48386918946403,0.98244921875,0.98101953125,0.98394921875,0.9756078123478218,0.9737421873454004,0.9775335935871116,249.77600155830382,230.0560016679764,268.8800015830994,han_pdqn_train_eval,False,,4.647882746487552,4.211003042456796,5.035057877058948,20.1375,20.090373046874998,20.17734375,0.9632936341644818,0.9622836794375985,0.9640427882356335,0.03667647063286165,0.03592553391185253,0.03768721644499553,0.9992260906125893,0.9991464021466117,0.9993361005930591,0.9992260906125893,0.9991464021466117,0.9993361005930591,0.9625496199797275,0.9615733890234444,0.9632464939297144,3258.9474028903533,3235.4995555062824,3282.5860656666023,109.35999999999999,97.32000000000001,123.35999999999999,3570.5199999999995,3561.4,3577.7200000000003,10240.0,10240.0,10240.0,D:\program\LEO_switch\results\multiseed_0907\seed42\u20\learned_baselines\han_pdqn\training_history.json,150000.0,150000.0,150000.0,,,,,,,,
20,pdqn,PDQN,5,0.448415519295888,0.43815522758567627,0.4597413502016045,0.24290871141480824,0.1862739311281672,0.29995540547889976,1.7650253249788537,1.7175185548753151,1.8125320950823927,0.448415519295888,0.43815522758567627,0.4597413502016045,1.608164399334682,1.5816867933616217,1.636515923615858,5,0.0189453125,0.017832031249999998,0.020441894531250004,193.99999999999997,182.6,209.325,/home/pjpjq/LEO_switch/results/baseline_compare/multiuser_scaling_multiuser_single_seed_150k_20260804/u20/learned_baselines/pdqn/best_model.pt,3384.72,3362.5199999999995,3407.6399999999994,0.0512565101400114,0.045517737077678824,0.05671760866270518,182.95999999999998,162.4,202.4,0.9866931480951606,0.9399804727737004,1.0315447136215468,1.0402366949293196,0.9945381029635826,1.0835977132345533,5,5.0,5.0,5.0,33.52,23.04,43.839999999999996,1.2,0.72,1.7200000000000002,0.10392275763127819,0.08338219179784365,0.11592470292889803,33.52,23.04,43.839999999999996,0.01656640625,0.013972656250000002,0.01888671875,156.0,129.92000000000002,179.07999999999998,122.47999999999999,103.97500000000005,140.56,0.19578984336129546,0.14145750052523734,0.246765615549739,0.0119609375,0.010153808593750004,0.013726562500000001,81.55200313091278,69.50400273323059,92.640003490448,33.67999999999999,22.919999999999998,44.04,0.8042101566387047,0.7532343844502609,0.8585424994747626,0.71765625,0.6092285156250002,0.82359375,False,0.5777610270652875,0.5584972131987509,0.5983001328590676,0.448415519295888,0.43815522758567627,0.4597413502016045,0.0952306852076025,0.09254259547550005,0.09768097601259121,2023.0,1880.2,2166.6,0.4903984375,0.42604296875000003,0.5410859374999999,0.479969722032547,0.4334354639053345,0.5472383797168732,98.1333012114458,96.3901027680589,99.88965741955835,0.448415519295888,0.43815522758567627,0.4597413502016045,0.04,0.0,0.12000000000000002,3.71788387027524,3.6023033268838214,3.83346441366666,5,-40.511299009718975,-40.82453492474151,-40.271637130443175,-28.639249676821503,-29.730499412781977,-27.500461642530134,-0.3372000000000003,-0.44040000000000035,-0.23040000000000016,-4.133280161730944,-4.315080167017877,-3.918960156738758,-9.208000000000002,-10.182000000000015,-8.167999999999992,0.00046160530464150606,0.0003389663658867979,0.0005842442433962141,1.64,1.2,2.08,0.4,0.0,1.2,,0.5777610270652875,0.5584972131987509,0.5983001328590676,13.639999999999997,10.48,16.880000000000003,13.439999999999998,10.48,16.4,3568.88,3560.0780000000004,3575.8,11.726328293840163,10.511020884565067,13.017087268322308,169.23600000000425,168.126000000004,170.38200000000447,reward,98.1333012114458,96.3901027680589,99.88965741955835,0.9810546875,0.97955810546875,0.98216796875,0.9730906248493121,0.9719070311118848,0.97448593737185,275.55200154304504,261.26400131225586,287.672001414299,pdqn_train_eval,False,,3.5958469250837544,2.6125608752867455,4.8444704678819495,19.83234375,19.702265625,19.966640625000004,0.9483810716612233,0.942902248510644,0.9541898086311814,0.051593077860999606,0.04578695560032378,0.05706569305130778,0.9995383946953587,0.9994157557566037,0.9996610336341132,0.9995383946953587,0.9994157557566037,0.9996610336341132,0.9479453168343589,0.942417065071686,0.9537280463052464,3521.607397318472,3346.722919240069,3686.008542389844,156.0,129.92000000000002,179.07999999999998,3570.5199999999995,3561.4,3577.7200000000003,10240.0,10240.0,10240.0,D:\program\LEO_switch\results\multiseed_0907\seed42\u20\learned_baselines\pdqn\training_history.json,150000.0,150000.0,150000.0,/home/pjpjq/LEO_switch/results/baseline_compare/multiuser_scaling_multiuser_single_seed_150k_20260804/u20/learned_baselines/pdqn/pdqn_training.log,,,,,,,
20,mappo_no_han,MAPPO,5,0.4702104943161112,0.4604807460311431,0.4804521695358873,0.5318743342192499,0.5123092013143106,0.5514394671241891,2.2313977039764823,2.1624139094068644,2.288666235335292,0.4702104943161112,0.4604807460311431,0.4804521695358873,1.802121032005561,1.7758353980220387,1.8300019701745527,5,0.019007812499999995,0.01748046875,0.020492187499999998,194.64,179.0,209.84,/home/pjpjq/LEO_switch/results/baseline_compare/multiuser_scaling_multiuser_single_seed_150k_20260804/u20/learned_baselines/mappo_no_han/best_model.pt,3194.6799999999994,3167.6,3225.68,0.10275364856121723,0.09425880626689283,0.11039475822518532,367.6,336.28000000000003,395.36,1.0713412617438223,1.040655579239279,1.1123274517201862,1.195984636597544,1.1557381971363498,1.2447978600787852,5,5.0,5.0,5.0,0.0,0.0,0.0,3.2800000000000002,3.0,3.6,0.33545665636363137,0.32232451430979314,0.35060764315405896,0.0,0.0,0.0,0.007285156249999999,0.00678125,0.007664062500000001,52.160000000000004,48.00000000000001,55.56,52.160000000000004,48.00000000000001,55.56,0.0,0.0,0.0,0.00509375,0.0046875,0.005425781249999999,44.7600017786026,41.664001655578616,47.08800187110901,0.0,0.0,0.0,1.0,1.0,1.0,0.30562500000000004,0.28125,0.325546875,False,0.6837932145313701,0.6753791649489236,0.6922072641138167,0.4702104943161112,0.4604807460311431,0.4804521695358873,0.09010777384297133,0.08773610030722354,0.09237196154127138,2519.4,2499.385,2533.015,0.76226171875,0.7546250000000001,0.76986142578125,0.19613391458988189,0.19112977087497712,0.2010166883468628,84.82491021604092,82.63254290749319,87.37280341548474,0.4702104943161112,0.4604807460311431,0.4804521695358873,0.0,0.0,0.0,3.9887740940349823,3.9205608127132217,4.063444865871735,5,-42.195847905068874,-42.34849480808823,-42.04734901068137,-27.831516772968758,-28.59291908945791,-27.151524260420143,0.0,0.0,0.0,-3.5910001467168335,-3.79380015604198,-3.381240136623383,-18.544000000000132,-19.93000000000015,-16.988000000000106,0.0013903745863269458,0.001121095241336301,0.0016129668637584805,4.96,4.0,5.76,0.0,0.0,0.0,,0.6837932145313701,0.6753791649489236,0.6922072641138167,22.44,21.2,23.4,22.44,21.2,23.4,3565.56,3557.18,3572.1270000000004,17.25327307610145,16.967930456164908,17.528483985020102,159.73400000000206,158.38000000000176,161.28400000000244,reward,84.82491021604092,82.63254290749319,87.37280341548474,0.9809921875000001,0.9795078125,0.98251953125,0.9766210936601274,0.9753007811610587,0.977986718647182,239.40000092029567,225.41600105285642,252.92000091075897,mappo_no_han_train_eval,False,,10.127190246377175,9.285727030619222,10.997843644512406,18.718828125,18.56015625,18.900468749999998,0.896176254345321,0.8885181447181865,0.9046734828748629,0.10367009855816607,0.09521196423665156,0.111297074705478,0.9986096254136729,0.9983870331362414,0.9988789047586637,0.9986096254136729,0.9983870331362414,0.9988789047586637,0.894939526855507,0.887112040440994,0.9036779800494397,3820.207594145176,3701.9687080277145,3970.697682057361,52.160000000000004,48.00000000000001,55.56,3570.5199999999995,3561.4,3577.7200000000003,10240.0,10240.0,10240.0,D:\program\LEO_switch\results\multiseed_0907\seed42\u20\learned_baselines\mappo_no_han\training_history.json,150000.0,150000.0,150000.0,,,,,,,,
20,maddpg,MADDPG,5,0.5205021046733052,0.48382121797001487,0.5571829913765955,0.6997570092133937,0.6304266630923964,0.7690873553343908,2.9319341179381677,2.852984598054906,3.035290228095716,0.5205021046733052,0.48382121797001487,0.5571829913765955,2.2453130651722715,2.231975931156255,2.255203050048947,5,0.01888671875,0.016921875,0.020937500000000005,193.4,173.28,214.4,/home/pjpjq/LEO_switch/results/baseline_compare/multiuser_scaling_multiuser_single_seed_150k_20260804/u20/learned_baselines/maddpg/maddpg_model.pt,2782.32,2735.16,2821.92,0.2177752784536735,0.20673826295727107,0.23180149476493064,777.84,738.8399999999999,828.28,1.0816951716729857,1.0352230314893667,1.134089507205385,1.3873305401411344,1.3078011492034376,1.4808459554317221,5,5.0,5.0,5.0,0.16,0.0,0.39999999999999997,3.9200000000000004,3.28,4.5600000000000005,0.2917569417950042,0.2080583345266707,0.37786605760896547,0.16,0.0,0.39999999999999997,0.0106015625,0.0052734375,0.0159296875,91.16,37.68,144.64,91.00000000000001,37.68,144.32,0.00031952482485531525,0.0,0.0008093207432226621,0.00888671875,0.0036796875,0.014093749999999997,65.04000115871429,32.400001044273374,97.68000127315521,0.0,0.0,0.0,0.9996804751751448,0.9991906792567773,1.0,0.533203125,0.22078125,0.8456250000000001,False,0.7578032428538672,0.7248291487217685,0.7907773369859663,0.5205021046733052,0.48382121797001487,0.5571829913765955,0.07908442104116413,0.07112151002149117,0.08704733206083712,2559.6,2559.2,2560.0,0.0,0.0,0.0,0.9999448418617248,0.9998345255851746,1.0,49.59095422606373,45.22640909282443,53.18994620752928,0.5205021046733052,0.48382121797001487,0.5571829913765955,0.16,0.0,0.39999999999999997,4.449768583608672,4.431492626752361,4.468044540464985,5,-46.02596422243627,-46.77408425880948,-45.2703852135195,-19.92954083574267,-20.016095442742174,-19.858261325458596,-0.0016000000000000003,-0.004000000000000001,0.0,-3.8766001728177066,-4.392720213271677,-3.2844001403078438,-39.087999999999894,-41.61799999999975,-37.14599999999998,0.0018037672586056024,0.0016104851590285952,0.0019424200399742735,6.4399999999999995,5.76,6.92,0.0,0.0,0.0,,0.7578032428538672,0.7248291487217685,0.7907773369859663,17.4,15.2,19.400999999999993,17.4,15.2,19.400999999999993,3564.0800000000004,3554.7599999999998,3571.5250000000005,19.396658484244238,18.5556262072773,20.237690761211176,139.1159999999974,136.75799999999685,141.09599999999784,reward,49.59095422606373,45.22640909282443,53.18994620752928,0.9811132812500001,0.9790625000000001,0.9830781249999999,0.9747617186023854,0.9714015622460284,0.9786171873952263,258.44000151157377,218.96000107288359,292.8480026006699,maddpg_train_eval,False,,6.101158835211862,5.208526725619139,7.130777608106023,16.302656250000002,16.026328125,16.5346875,0.7807321496159327,0.7666299879628811,0.79172992649077,0.218869627600187,0.20787733923051546,0.23293853296850536,0.9981962327413945,0.9980575799600256,0.9983895148409714,0.9981962327413945,0.9980575799600256,0.9983895148409714,0.7793266051412073,0.7652151335760929,0.7902626344597957,3855.2226562028895,3690.2783117872996,4046.723646411124,91.16,37.68,144.64,3570.5199999999995,3561.4,3577.7200000000003,10240.0,10240.0,10240.0,D:\program\LEO_switch\results\multiseed_0907\seed42\u20\learned_baselines\maddpg\training_history.json,150000.0,150000.0,150000.0,/home/pjpjq/LEO_switch/results/baseline_compare/multiuser_scaling_multiuser_single_seed_150k_20260804/u20/learned_baselines/maddpg/maddpg_training.log,49.59095422606373,45.22640909282443,53.18994620752928,,,,
20,min_distance,Min-Distance,5,0.3153653563204724,0.309654741738863,0.32086982780215517,0.2823578003834246,0.2723230868636094,0.29191962363593255,3.4882301385435945,3.4366077331676217,3.5304955313402524,0.3153653563204724,0.309654741738863,0.32086982780215517,2.2700429669386386,2.266932954635134,2.2732678690164643,5,0.01708984375,0.01549609375,0.018632812500000002,175.0,158.68,190.8,,2545.88,2537.68,2554.6800000000003,0.28529122416964586,0.28108208118953204,0.28870174234095125,1018.76,1001.9599999999998,1031.84,1.3529713910260373,1.3484675904796573,1.3574725143900828,1.8946094883648583,1.8857530054991194,1.9029896408163416,5,5.0,5.0,5.0,0.08,0.0,0.16,0.4,0.24,0.64,0.08456113388930728,0.0816190834797646,0.08850318429884993,0.08,0.0,0.16,0.00368359375,0.00366015625,0.0037070312500000003,34.519999999999996,34.160000000000004,34.839999999999996,34.440000000000005,34.120000000000005,34.760000000000005,0.0026666666666666666,0.0,0.005333333333333333,0.0033632812500000004,0.00333203125,0.00339453125,22.58400089740753,22.46400089263916,22.704000902175903,0.0,0.0,0.0,0.9973333333333333,0.9946666666666667,1.0,0.20179687500000001,0.199921875,0.203671875,False,0.5632498881716167,0.5562341189960127,0.5706730161858014,0.3153653563204724,0.309654741738863,0.32086982780215517,0.13013145245111163,0.12854590976518449,0.1317846763727614,2560.0,2560.0,2560.0,0.0,0.0,0.0,1.0,1.0,1.0,25.029671525511077,24.562807879633038,25.612271982382374,0.3153653563204724,0.309654741738863,0.32086982780215517,0.08,0.0,0.16,4.595593753712863,4.585278790197977,4.60739171198978,5,-42.517513020061166,-42.58821543596328,-42.41925321833961,-20.243451999800627,-20.43071583512659,-20.06530077513314,-0.0008000000000000001,-0.0016000000000000003,0.0,-2.963760115653277,-3.199680127315223,-2.7186001036688685,-50.957999999999245,-51.60399999999921,-50.12999999999929,0.0015391619532085943,0.001469856244366204,0.0016060760950044489,5.48,5.24,5.720000000000001,0.0,0.0,0.0,,0.5632498881716167,0.5562341189960127,0.5706730161858014,3.2,3.04,3.3600000000000003,3.2,3.04,3.3600000000000003,3565.04,3555.9200000000005,3572.008,14.419197137193464,14.239593446298006,14.609229214356594,127.29399999999502,126.88399999999501,127.73399999999506,reward,25.029671525511077,24.562807879633038,25.612271982382374,0.98291015625,0.9813671874999998,0.98450390625,0.9807046874910593,0.9791687500043771,0.9823007812290452,197.58400009155272,181.24000021457672,213.31199995517733,heuristic_eval,False,,3.0654091017187803,2.3304645310966476,3.69740148803663,14.917265624999999,14.869218749999998,14.968828124999998,0.7141557048883088,0.7107701863396813,0.71831146246793,0.2854027640985855,0.2812610925863237,0.2887683178011028,0.9984608380467914,0.9983939239049955,0.9985301437556338,0.9984608380467914,0.9983939239049955,0.9985301437556338,0.7130580739482062,0.7096492732210601,0.7172186918592971,4823.364061549524,4811.985979990046,4834.742143109002,34.519999999999996,34.160000000000004,34.839999999999996,3570.5199999999995,3561.4,3577.7200000000003,10240.0,10240.0,10240.0,,,,,,,,,min_distance(best_offload=1.00),1.0,1.0,1.0
20,full_local,Full-Local,5,1.0,1.0,1.0,0.0,0.0,0.0,5.285581355370007,5.231548256824253,5.337662484529245,1.0,1.0,1.0,2.2264177393846447,2.2216724965419856,2.2294270492815684,5,0.7220429687500001,0.7046640625,0.73969921875,7393.719999999999,7215.759999999999,7574.5199999999995,,1823.8799999999999,1812.6799999999998,1834.8,0.4891405649175856,0.4865374610784647,0.49274753278374883,1746.64,1736.0400000000002,1760.9599999999998,2.096521870665461,2.0925453175920494,2.1006515691154366,4.104457960756404,4.079965302391957,4.131002101526326,5,5.0,5.0,5.0,0.0,0.0,0.0,0.0,0.0,0.0,1.0,1.0,1.0,0.0,0.0,0.0,0.0,0.0,0.0,0.0,0.0,0.0,0.0,0.0,0.0,0.0,0.0,0.0,0.0,0.0,0.0,0.0,0.0,0.0,0.0,0.0,0.0,0.0,0.0,0.0,0.0,0.0,0.0,False,0.0,0.0,0.0,1.0,1.0,1.0,0.0,0.0,0.0,0.0,0.0,0.0,1.0,1.0,1.0,0.0,0.0,0.0,-157.4065444115596,-160.2460550502548,-154.48054422485174,1.0,1.0,1.0,0.0,0.0,0.0,5.346414327034683,5.330498702760584,5.361900958686916,5,-29.34902090276133,-29.516569350022035,-29.165054798060897,-21.01371836281924,-21.147541563762367,-20.857758882894046,0.0,0.0,0.0,-110.9058129197359,-113.61781343907118,-108.23641259610653,-87.33199999999718,-88.04799999999713,-86.80199999999721,0.0,0.0,0.0,0.0,0.0,0.0,0.0,0.0,0.0,,0.0,0.0,0.0,0.0,0.0,0.0,0.0,0.0,0.0,3570.5199999999995,3561.4,3577.7200000000003,0.0,0.0,0.0,91.19399999999698,90.633999999997,91.73999999999694,reward,-157.4065444115596,-160.2460550502548,-154.48054422485174,0.27795703125,0.26030078125,0.2953359375,0.27795703125,0.26030078125,0.2953359375,7393.719999999999,7215.759999999999,7574.5199999999995,heuristic_eval,False,,14.1992945216051,7.624879711603998,20.885853599039756,10.686796875,10.621171874999998,10.75078125,0.5108594350824145,0.5072524672162514,0.5134625389215353,0.4891405649175856,0.4865374610784647,0.49274753278374883,1.0,1.0,1.0,1.0,1.0,1.0,0.5108594350824145,0.5072524672162514,0.5134625389215353,7485.635903810839,7480.197794491071,7490.613949326335,0.0,0.0,0.0,3570.5199999999995,3561.4,3577.7200000000003,10240.0,10240.0,10240.0,,,,,,,,,,,,
25,han_mappo,HAN+MAPPO,5,0.5602566229903446,0.5416512356183538,0.5749547919230896,0.7622261271949589,0.7304054615240281,0.7964582599841081,2.5735188565956872,2.451153001743773,2.6518453254969616,0.5602566229903446,0.5416512356183538,0.5749547919230896,1.9407519625042073,1.8827734030074392,1.9835181145050231,5,0.019403125,0.017240625,0.021565624999999998,248.35999999999999,220.68,276.04,,3837.4,3775.4,3927.3199999999997,0.13832598793272868,0.11783748130345814,0.1529422466798041,618.12,526.4,684.0,1.268265495284946,1.245327894840803,1.3022935551959594,1.475812317791168,1.4196504175784257,1.532732487673414,5,5.0,5.0,5.0,0.0,0.0,0.0,6.039999999999999,5.08,6.92,0.3868137950236205,0.3494068940673679,0.42305147318762265,0.0,0.0,0.0,0.0055156250000000006,0.0051,0.005931250000000001,44.0,38.36,50.36,44.0,38.36,50.36,0.0,0.0,0.0,0.0034374999999999996,0.0029968749999999995,0.003934375,42.36000161647796,39.16800149917602,45.55200171470642,0.0,0.0,0.0,1.0,1.0,1.0,0.20625,0.17981250000000001,0.2360625,False,0.7875609464834008,0.7670471429416816,0.8014253003817498,0.5602566229903446,0.5416512356183538,0.5749547919230896,0.07050939994904742,0.06747168687246474,0.07434838250679784,2555.2,2549.4,2558.8,0.6621375,0.5915313281250002,0.7136124999999999,0.24722126126289368,0.2040643036365509,0.3002645701915016,72.6855518817644,68.73776475197795,78.40681830334418,0.5602566229903446,0.5416512356183538,0.5749547919230896,0.0,0.0,0.0,4.108855537294813,4.00124665288686,4.200428334582601,5,-43.54573882639823,-43.85764720192092,-43.233830450875544,-28.936181925993974,-29.974489661086682,-27.991653369473394,0.0,0.0,0.0,-3.488640073612332,-3.838656084015966,-3.1386240632086997,-24.966399999999645,-27.623999999999587,-21.278399999999728,0.0012985655231180775,0.0011828454906606428,0.00140398709244153,5.799999999999999,5.279999999999999,6.279999999999999,0.0,0.0,0.0,,0.7875609464834008,0.7670471429416816,0.8014253003817498,26.6,25.04,28.123999999999974,26.6,25.04,28.123999999999974,4461.5599999999995,4453.68,4469.039999999999,20.12651192635188,19.56402435182854,20.50549882138311,153.49600000000376,151.01600000000423,157.09280000000302,reward,72.6855518817644,68.73776475197795,78.40681830334418,0.980596875,0.978434375,0.982759375,0.9772874999307095,0.9750087499383836,0.9795662499230355,290.7200008869171,261.5520009851456,319.88800078868866,checkpoint_eval,True,han_mappo_latency_priority_multiuser_u25,9.322894833277674,8.361798390058997,10.176768356402466,17.9878125,17.697187500000002,18.4093125,0.8601380800726345,0.8454396283358532,0.8807732468962814,0.13967455789052,0.11907953191562766,0.15434302150345766,0.998701434476882,0.9985960129075584,0.9988171545093394,0.998701434476882,0.9985960129075584,0.9988171545093394,0.859026876586362,0.8442784118984852,0.8797376157379346,5658.362920852603,5554.031386965011,5805.6143942589815,44.0,38.36,50.36,4467.36,4459.4,4475.120000000001,12800.0,12800.0,12800.0,D:\program\LEO_switch\results\multiseed_0907\seed42\u25\learned_baselines\han_mappo\training_history.json,150000.0,150000.0,150000.0,,,,,,,,
25,han_pdqn,HAN+PDQN,5,0.5421731405389997,0.532956708868903,0.5514871040464936,0.451613996712925,0.39402872264592864,0.5053612895457803,1.8385034365641677,1.8055357073851188,1.8685917539170944,0.5421731405389997,0.532956708868903,0.5514871040464936,1.6736507428555119,1.648806880368431,1.6977696363817305,5,0.018084375,0.015834374999999998,0.020556249999999998,231.47999999999996,202.67999999999998,263.12,/home/pjpjq/LEO_switch/results/baseline_compare/multiuser_scaling_multiuser_single_seed_150k_20260804/u25/learned_baselines/han_pdqn/best_model.pt,4219.5599999999995,4201.16,4239.608,0.0545360805809321,0.05132339702692503,0.05764017016573192,243.6,229.48000000000002,257.20799999999997,1.0572223633096562,1.0451949155265283,1.068406750871601,1.118779766145801,1.1055531507436058,1.1320063815479962,5,5.0,5.0,5.0,0.0,0.0,0.0,1.9600000000000002,1.3199999999999998,2.6,0.10946507732983138,0.09369461656375247,0.12523553809591031,0.0,0.0,0.0,0.009962500000000001,0.00896875,0.011518749999999998,114.2,102.24000000000001,130.4,114.2,102.24000000000001,130.4,0.0,0.0,0.0,0.008921875000000001,0.007987500000000002,0.010187499999999999,76.51200294017792,68.88000269412994,88.46400334358216,0.0,0.0,0.0,1.0,1.0,1.0,0.5353125000000001,0.47924999999999995,0.6112499999999998,True,0.6523615267684886,0.6312014611572184,0.6735215923797586,0.5421731405389997,0.532956708868903,0.5514871040464936,0.07423241690438619,0.07227391070615088,0.076170716520659,2379.2,2316.8,2441.6,0.498309375,0.482028125,0.5155249999999999,0.4871470332145691,0.4742268443107605,0.49940072298049926,99.92472623686481,99.35981387275154,100.60598099157212,0.5421731405389997,0.532956708868903,0.5514871040464936,0.0,0.0,0.0,3.8542394148665906,3.788547826511278,3.9246687244886447,5,-41.72449260352002,-42.018012694566394,-41.38487101180914,-29.167616365178702,-29.45710522011732,-28.941330109928906,0.0,0.0,0.0,-3.6959041027724746,-4.180896114706993,-3.2950080945156515,-9.82239999999996,-10.34767999999995,-9.263999999999971,0.0005009778053259408,0.00043630131700731227,0.0005648953295303299,2.2399999999999998,1.9600000000000002,2.5200000000000005,5.6,5.2,6.0,Successful-Task Delay | P95 Successful-Task Delay | Task Success | Deadline Violation | Successful Task Throughput | Energy per Successful Task,0.6523615267684886,0.6312014611572184,0.6735215923797586,13.319999999999999,10.52,17.4,13.319999999999999,10.52,17.4,4465.12,4456.76,4473.12,15.552739574086903,14.646831494797715,16.45864765337609,168.7824000000007,168.04640000000086,169.58432000000056,reward,99.92472623686481,99.35981387275154,100.60598099157212,0.9819156249999998,0.97944375,0.9841656249999999,0.9759381248846651,0.9727806248750539,0.9785481248795985,307.99200147628784,274.5840015411377,348.4080015993119,han_pdqn_train_eval,False,,3.919828771727927,3.118238146165809,4.724823381248872,19.7791875,19.6929375,19.8731625,0.9449997470659548,0.9419959639665056,0.948180025667184,0.054974035978752576,0.05179662415157098,0.05797189113481701,0.9994990221946741,0.9994351046704697,0.9995636986829928,0.9994990221946741,0.9994351046704697,0.9995636986829928,0.9445249862159215,0.9414650040292091,0.9477114384068998,4720.68234533168,4664.099377260509,4774.975143627395,114.2,102.24000000000001,130.4,4467.36,4459.4,4475.120000000001,12800.0,12800.0,12800.0,D:\program\LEO_switch\results\multiseed_0907\seed42\u25\learned_baselines\han_pdqn\training_history.json,150000.0,150000.0,150000.0,,,,,,,,
25,pdqn,PDQN,5,0.435741048324796,0.4230581127702145,0.4512456337036078,0.2650575360884795,0.22379969658166812,0.304302050783101,1.9358759184275223,1.9175379126326786,1.9619721479209917,0.435741048324796,0.4230581127702145,0.4512456337036078,1.717169156611994,1.7044573281423567,1.728796402835546,5,0.0204125,0.018146875,0.02264375,261.28000000000003,232.27999999999997,289.84,/home/pjpjq/LEO_switch/results/baseline_compare/multiuser_scaling_multiuser_single_seed_150k_20260804/u25/learned_baselines/pdqn/best_model.pt,4148.360000000001,4126.040000000001,4165.64,0.07061824017061104,0.06613954317294941,0.07647485443967891,315.56000000000006,295.36,341.91999999999996,1.1266559452936349,1.1141176784157647,1.14226654494245,1.2128717966968923,1.204196601504391,1.2263928991324264,5,5.0,5.0,5.0,55.0,36.279999999999994,73.88,2.0,1.28,2.6,0.10843557817549059,0.06566803512193908,0.14537284837223616,55.0,36.279999999999994,73.88,0.016609375000000003,0.014009375000000001,0.019315625,198.12000000000003,162.28,235.3179999999998,143.11999999999998,121.96,165.76,0.26619273146045636,0.2018530722786352,0.3302605034824365,0.01118125,0.009528125,0.01295,94.56000362873078,83.90400315284731,105.48000406742096,54.879999999999995,36.16,73.88,0.7338072685395436,0.6697394965175636,0.7981469277213649,0.670875,0.5716875,0.777,False,0.5776876399209897,0.5589208270975343,0.5976050373682054,0.435741048324796,0.4230581127702145,0.4512456337036078,0.09830224229748666,0.09459628018117487,0.10135936525736935,2112.2,2019.0,2195.205,0.480584375,0.4415,0.51188125,0.4995006203651428,0.4666930139064789,0.5390032052993774,88.3955528576349,87.01136701383105,89.77973870143876,0.435741048324796,0.4230581127702145,0.4512456337036078,0.12,0.0,0.36,3.9263476292513815,3.882763754402626,3.9618396210076434,5,-42.11485675100077,-42.35510765959582,-41.87460584240572,-30.256738431049854,-30.625504460726667,-29.757766212810157,-0.4400000000000003,-0.5910400000000005,-0.29024000000000016,-4.270080117303879,-4.707484926999079,-3.8653441006317735,-12.702399999999903,-13.742399999999884,-11.892799999999921,0.0003221599551094668,0.00013305709233979646,0.0005291746252217221,1.44,0.5980000000000035,2.3600000000000003,0.4,0.0,0.8,,0.5776876399209897,0.5589208270975343,0.5976050373682054,14.48,9.92,18.080000000000002,14.48,9.92,18.080000000000002,4465.92,4458.0,4473.719999999999,12.245228957034032,11.415317878264622,13.05085945351301,165.93440000000126,165.04160000000144,166.62560000000113,reward,88.3955528576349,87.01136701383105,89.77973870143876,0.9795875,0.97735625,0.981853125,0.9721999998368324,0.96935231234733,0.9748349998429416,355.8400020885468,322.11200201034546,392.29040195417366,pdqn_train_eval,False,,2.649449055980464,2.2236579217784382,3.1228908184776283,19.4454375,19.340812500000002,19.5264375,0.9289117175210322,0.9231422740777047,0.9334110012010864,0.07106540384311444,0.06657776431988881,0.07684152786408324,0.9996778400448905,0.9994708253747783,0.9998669429076603,0.9996778400448905,0.9994708253747783,0.9998669429076603,0.928612436201776,0.9227433692946384,0.9331473528073169,5031.456290771352,4981.375370669431,5091.648391338556,198.12000000000003,162.28,235.3179999999998,4467.36,4459.4,4475.120000000001,12800.0,12800.0,12800.0,D:\program\LEO_switch\results\multiseed_0907\seed42\u25\learned_baselines\pdqn\training_history.json,150000.0,150000.0,150000.0,/home/pjpjq/LEO_switch/results/baseline_compare/multiuser_scaling_multiuser_single_seed_150k_20260804/u25/learned_baselines/pdqn/pdqn_training.log,,,,,,,
25,mappo_no_han,MAPPO,5,0.5382839093630903,0.525102623952133,0.5486455197248905,0.7298850582306573,0.7131077022899792,0.7452739699655413,2.6661708972442844,2.62812320426095,2.7065348859265868,0.5382839093630903,0.525102623952133,0.5486455197248905,1.9675163215486229,1.9476147737163196,1.987417869380927,5,0.019256249999999996,0.016900000000000002,0.0216125,246.48000000000002,216.32,276.64,/home/pjpjq/LEO_switch/results/baseline_compare/multiuser_scaling_multiuser_single_seed_150k_20260804/u25/learned_baselines/mappo_no_han/best_model.pt,3763.0,3737.12,3791.3210000000004,0.15496940094802641,0.1473039802288025,0.16158878641786134,692.44,656.751,723.0,1.2422664385412048,1.2127607373145448,1.27047215080856,1.473002080108479,1.4376704234688615,1.5059217888567447,5,5.0,5.0,5.0,0.0,0.0,0.0,6.359999999999999,5.64,7.039999999999999,0.4099111333517619,0.395850208078803,0.4230651416507315,0.0,0.0,0.0,0.005875,0.005562500000000001,0.006112500000000002,48.28,44.08,51.64,48.28,44.08,51.64,0.0,0.0,0.0,0.003771875,0.0034437499999999998,0.004034375,45.12000176429749,42.72000167369843,46.94400183200837,0.0,0.0,0.0,1.0,1.0,1.0,0.2263125,0.20662499999999998,0.2420625,False,0.7729848607170933,0.7683748850127938,0.7778367860606714,0.5382839093630903,0.525102623952133,0.5486455197248905,0.07506297315082619,0.07286323927385278,0.07787687594397577,2557.2,2555.6,2558.8,0.7572625,0.7500503125,0.76360625,0.19399005472660064,0.18346504867076874,0.20409040451049804,68.05617842129111,66.6137031388507,69.67683814087441,0.5382839093630903,0.525102623952133,0.5486455197248905,0.0,0.0,0.0,4.204600351533055,4.149406409808766,4.259023662499152,5,-43.11493284567388,-43.346563967769605,-42.89058769067434,-27.664929305854194,-28.334076857993164,-26.99578175371522,0.0,0.0,0.0,-3.499200074169785,-3.878976085372269,-3.1194240629673002,-27.951999999999583,-29.190399999999556,-26.492679999999613,0.0012450494264127465,0.0011461911660851534,0.0013521513867758585,5.56,5.119999999999999,6.040000000000001,0.0,0.0,0.0,,0.7729848607170933,0.7683748850127938,0.7778367860606714,26.919999999999998,26.440000000000005,27.32,26.919999999999998,26.440000000000005,27.32,4461.8,4453.56,4469.6,19.76724005239808,19.641677532608973,19.89756823115043,150.52000000000433,149.48480000000453,151.65284000000412,reward,68.05617842129111,66.6137031388507,69.67683814087441,0.9807437499999999,0.9783874999999999,0.9831,0.9772187499329448,0.9747462499368936,0.9796912499289959,291.60000085830694,259.95200090885163,323.2480008077622,mappo_no_han_train_eval,False,,9.87001616264125,8.815330905001057,10.844698722960882,17.6390625,17.51775,17.7718171875,0.8434060374152773,0.8366571739087298,0.8512760308230715,0.15639116722560042,0.1485255605818702,0.16312494205315675,0.9987549505735872,0.9986478486132242,0.9988538088339147,0.9987549505735872,0.9986478486132242,0.9988538088339147,0.8423637833479868,0.835604455258306,0.8502028285319702,5542.660015285146,5408.127774945706,5663.212542167901,48.28,44.08,51.64,4467.36,4459.4,4475.120000000001,12800.0,12800.0,12800.0,D:\program\LEO_switch\results\multiseed_0907\seed42\u25\learned_baselines\mappo_no_han\training_history.json,150000.0,150000.0,150000.0,,,,,,,,
25,maddpg,MADDPG,5,0.5978318052810077,0.5758289434450992,0.6190282750941056,0.8331151338694948,0.8206625645873682,0.8462813158453585,3.2162545023141833,3.187996647838209,3.2518961654778025,0.5978318052810077,0.5758289434450992,0.6190282750941056,2.297185211078699,2.2904265581120087,2.3057574666852423,5,0.0188375,0.016834375,0.020840625,241.12000000000003,215.48000000000002,266.76000000000005,/home/pjpjq/LEO_switch/results/baseline_compare/multiuser_scaling_multiuser_single_seed_150k_20260804/u25/learned_baselines/maddpg/maddpg_model.pt,3326.6799999999994,3314.0,3339.0799999999995,0.2520308956130054,0.2490152704807221,0.25478187380231115,1125.9599999999998,1111.1200000000001,1137.44,1.218121060634253,1.2131110632367033,1.2227933136063496,1.6331931147736536,1.6189136426687487,1.6456885941639618,5,5.0,5.0,5.0,0.56,0.04,1.3199999999999998,7.44,5.92,8.84,0.31493711451841183,0.2853091698563117,0.3424517560421698,0.56,0.04,1.3199999999999998,0.00843125,0.005503124999999999,0.011359375,84.12,49.879999999999995,118.35999999999999,83.56,49.839999999999996,117.28,0.001556066414295137,0.00025974025974025974,0.0030468732005067374,0.006528125,0.00389375,0.0091625,64.41600224494934,42.2400015258789,86.59200296401977,0.0,0.0,0.0,0.9984439335857049,0.9969531267994933,0.9997402597402598,0.3916875,0.23362499999999997,0.54975,False,0.8269103680789186,0.8146309268607717,0.8391898092970658,0.5978318052810077,0.5758289434450992,0.6190282750941056,0.0630032500830248,0.05883433665805739,0.06733628924129453,2559.8,2559.4,2560.0,0.004909375,0.0,0.014678125,0.9940367579460144,0.9821622490882873,1.0,39.96635818293471,38.52750900338215,41.0601743971921,0.5978318052810077,0.5758289434450992,0.6190282750941056,0.56,0.04,1.3199999999999998,4.600920276916131,4.583365693627167,4.619359935923741,5,-44.80110352967803,-44.937183309348356,-44.5757579777797,-20.460131759483666,-20.49937773640297,-20.420885782564355,-0.004480000000000001,-0.010560000000000003,-0.00032,-3.6664320795983074,-4.10249529514322,-3.3433920674584803,-45.33599999999921,-45.822399999999206,-44.684799999999235,0.0016294344188357256,0.001549438255933669,0.001684239803650153,7.279999999999999,6.92,7.5200000000000005,0.0,0.0,0.0,,0.8269103680789186,0.8146309268607717,0.8391898092970658,23.799999999999997,19.36,27.639999999999997,23.799999999999997,19.36,27.639999999999997,4460.08,4451.92,4467.879999999999,21.16730465204004,20.85135018607516,21.48325911800493,133.06720000000777,132.56000000000782,133.5632000000077,reward,39.96635818293471,38.52750900338215,41.0601743971921,0.9811624999999999,0.9791593749999998,0.983165625,0.9761299998328091,0.9732910466604866,0.9782331248693168,305.5360021400451,278.61600167274474,341.8746027457714,maddpg_train_eval,False,,6.516080024351931,6.143907936134878,6.8714197333325515,15.593812500000002,15.534375,15.651937499999999,0.7458957778217565,0.7430539507460965,0.7491996824537812,0.25369430636344226,0.25038439410794977,0.2565508149978115,0.9983705655811643,0.9983157601963498,0.9984505617440664,0.9983705655811643,0.9983157601963498,0.9984505617440664,0.744676259217722,0.7419009481478328,0.7479314506105421,5432.935755810551,5404.001659888116,5457.108382618074,84.12,49.879999999999995,118.35999999999999,4467.36,4459.4,4475.120000000001,12800.0,12800.0,12800.0,D:\program\LEO_switch\results\multiseed_0907\seed42\u25\learned_baselines\maddpg\training_history.json,150000.0,150000.0,150000.0,/home/pjpjq/LEO_switch/results/baseline_compare/multiuser_scaling_multiuser_single_seed_150k_20260804/u25/learned_baselines/maddpg/maddpg_training.log,39.96635818293471,38.52750900338215,41.0601743971921,,,,
25,min_distance,Min-Distance,5,0.33487711028994266,0.32612341191333044,0.34208821613876567,0.33933693889664035,0.32835326200583215,0.3522847472873791,3.726097112476323,3.704536964454328,3.7415061710900708,0.33487711028994266,0.32612341191333044,0.34208821613876567,2.276532675820915,2.270361213809429,2.2827041378324004,5,0.017396875,0.015056249999999998,0.019737499999999998,222.67999999999998,192.71999999999997,252.64000000000001,,3045.0799999999995,3036.2,3055.3599999999997,0.31705776285139886,0.3156557778280219,0.3184740779756015,1416.28,1410.56,1422.32,1.4777868619076449,1.4710803402466253,1.485942447042829,2.1655920238799156,2.1536495358726717,2.177472800997381,5,5.0,5.0,5.0,0.16,0.08,0.2,0.96,0.8800000000000001,1.0,0.08511895431118373,0.07876807990036482,0.09182572934312058,0.16,0.08,0.2,0.003653125,0.003621875,0.0036843749999999993,42.8,42.2,43.36,42.64,42.08,43.160000000000004,0.003251063829787234,0.0016,0.004153191489361702,0.0033312499999999996,0.0032874999999999996,0.0033718750000000007,27.96000111103058,27.74400110244751,28.176001119613648,0.0,0.0,0.0,0.9967489361702129,0.9958468085106384,0.9984,0.19987499999999997,0.19724999999999998,0.20231250000000003,False,0.5848182035190662,0.5761653961519926,0.5922490917630938,0.33487711028994266,0.32612341191333044,0.34208821613876567,0.12458295394750937,0.12255605934650204,0.12705135125326603,2560.0,2560.0,2560.0,0.0,0.0,0.0,1.0,1.0,1.0,15.909856518816378,15.228500520770904,16.494497904937887,0.33487711028994266,0.32612341191333044,0.34208821613876567,0.16,0.08,0.2,4.760014917223815,4.729675290669157,4.7907697728945875,5,-40.50462294243293,-40.65196371923381,-40.3059618491411,-20.66150519872108,-20.73274507262106,-20.563012320370643,-0.00128,-0.0016,-0.00064,-3.007680075261742,-3.365760086849332,-2.649600063674152,-56.689599999998975,-56.92799999999896,-56.462399999998965,0.0011292867954410958,0.0010760699320557254,0.0011842395684434196,5.040000000000001,4.8,5.279999999999999,0.0,0.0,0.0,,0.5848182035190662,0.5761653961519926,0.5922490917630938,3.960000000000001,3.72,4.24,3.960000000000001,3.72,4.24,4462.320000000001,4454.48,4470.160000000001,14.971346010088174,14.749834141491096,15.161576749135282,121.80320000000783,121.44800000000778,122.21440000000788,reward,15.909856518816378,15.228500520770904,16.494497904937887,0.9826031250000001,0.9802624999999999,0.98494375,0.9804187500230969,0.978087500038743,0.9827500000074506,250.63999970436095,220.79999990463256,280.47999950408934,heuristic_eval,False,,4.055837775543142,3.8185848540266365,4.341327265481115,14.273812500000002,14.2321875,14.322,0.6823673744989122,0.6809754320177482,0.6837625884068756,0.3172725654357933,0.31587940889262495,0.31867123179312806,0.9988707132045589,0.9988157604315566,0.9989239300679442,0.9988707132045589,0.9988157604315566,0.9989239300679442,0.6815981477687656,0.6802245816171781,0.6829929828667062,6594.298461050227,6570.8991462268605,6620.525857712136,42.8,42.2,43.36,4467.36,4459.4,4475.120000000001,12800.0,12800.0,12800.0,,,,,,,,,min_distance(best_offload=1.00),1.0,1.0,1.0
25,full_local,Full-Local,5,1.0,1.0,1.0,0.0,0.0,0.0,5.317104930853232,5.267803788443322,5.357271901924777,1.0,1.0,1.0,2.222235286706673,2.2179176660773714,2.2261336885529475,5,0.7238749999999999,0.7062937499999999,0.741378125,9265.6,9040.56,9489.64,,2255.28,2245.2,2264.88,0.49514864902876976,0.49244820870107037,0.4973527534127732,2212.08,2197.68,2222.0800000000004,2.1007294410539465,2.0971236997178297,2.104543629320654,4.161308145429929,4.142329801962713,4.181811610576501,5,5.0,5.0,5.0,0.0,0.0,0.0,0.0,0.0,0.0,1.0,1.0,1.0,0.0,0.0,0.0,0.0,0.0,0.0,0.0,0.0,0.0,0.0,0.0,0.0,0.0,0.0,0.0,0.0,0.0,0.0,0.0,0.0,0.0,0.0,0.0,0.0,0.0,0.0,0.0,0.0,0.0,0.0,False,0.0,0.0,0.0,1.0,1.0,1.0,0.0,0.0,0.0,0.0,0.0,0.0,1.0,1.0,1.0,0.0,0.0,0.0,-159.22178961568687,-162.29809268411367,-156.14548654726008,1.0,1.0,1.0,0.0,0.0,0.0,5.36363190275732,5.338363543719388,5.386676331646669,5,-29.00420881254942,-29.173163249378717,-28.872264272088284,-20.75838129791786,-20.85142290073029,-20.670997785723106,0.0,0.0,0.0,-111.1872046714276,-113.87568483382464,-108.4867244937271,-88.48320000000263,-88.88320000000269,-87.90720000000253,0.0,0.0,0.0,0.0,0.0,0.0,0.0,0.0,0.0,,0.0,0.0,0.0,0.0,0.0,0.0,0.0,0.0,0.0,4467.36,4459.4,4475.120000000001,0.0,0.0,0.0,90.21120000000289,89.80800000000286,90.59520000000296,reward,-159.22178961568687,-162.29809268411367,-156.14548654726008,0.27612499999999995,0.258621875,0.29370624999999995,0.27612499999999995,0.258621875,0.29370624999999995,9265.6,9040.56,9489.64,heuristic_eval,False,,14.975423180613666,8.341715306915308,21.477843477339984,10.571625,10.524375000000001,10.616624999999999,0.5048513509712302,0.5026472465872268,0.5075517912989296,0.49514864902876976,0.49244820870107037,0.4973527534127732,1.0,1.0,1.0,1.0,1.0,1.0,0.5048513509712302,0.5026472465872268,0.5075517912989296,9384.677367372748,9381.175130689899,9388.75058069562,0.0,0.0,0.0,4467.36,4459.4,4475.120000000001,12800.0,12800.0,12800.0,,,,,,,,,,,,
30,han_mappo,HAN+MAPPO,5,0.6169051027999479,0.5958166448468871,0.6360121441113986,0.861241849077589,0.85389785640245,0.869249104861115,2.907373090497127,2.864372400330205,2.949439461035482,0.6169051027999479,0.5958166448468871,0.6360121441113986,2.0537745284040367,2.0408475179746874,2.0709527190522112,5,0.019765625000000002,0.017229166666666663,0.022302083333333333,303.6,264.64,342.56000000000006,,4354.32,4321.4800000000005,4387.16,0.1837960973260665,0.17704845175175596,0.19054374290037698,984.1600000000001,947.04,1021.2800000000001,1.4001041767831854,1.3801434220969355,1.4172059301609967,1.719018701424768,1.685989712630615,1.753631845953214,5,5.0,5.0,5.0,0.04,0.0,0.12000000000000002,6.68,6.040000000000001,7.6,0.3985330497048213,0.37311460350765585,0.4318548060083818,0.04,0.0,0.12000000000000002,0.005255208333333333,0.004721354166666667,0.0057273437499999955,49.24,42.160000000000004,55.519999999999996,49.2,42.160000000000004,55.44,0.0005555555555555554,0.0,0.0016666666666666663,0.0032031250000000002,0.0027447916666666666,0.003609375,48.408001871109015,43.51200163841248,52.68780208873745,0.0,0.0,0.0,0.9994444444444444,0.9983333333333333,1.0,0.1921875,0.16468750000000001,0.2165625,False,0.8411110628662785,0.8299411891939202,0.8514502445729718,0.6169051027999479,0.5958166448468871,0.6360121441113986,0.05930013571715472,0.055630310262482205,0.06338140208665423,2559.8,2559.4,2560.0,0.673390625,0.6467447916666667,0.6977708333333335,0.23151829838752747,0.21647492945194244,0.2465616673231125,58.48299300861629,56.94264226253587,60.023343754696725,0.6169051027999479,0.5958166448468871,0.6360121441113986,0.04,0.0,0.12000000000000002,4.326647146778183,4.29899526277312,4.347473351635846,5,-43.418406343183776,-43.57357077512462,-43.21604768556283,-28.224860221618947,-28.597236539908344,-27.85248390332955,-0.0002666666666666667,-0.0008,0.0,-3.5200801350176336,-3.871520144976676,-3.1686401250585914,-33.02800000000045,-34.25600000000039,-31.801333333333844,0.001376026560280052,0.0012993793117434351,0.001484188431276259,7.360000000000001,6.959999999999999,7.92,0.0,0.0,0.0,,0.8411110628662785,0.8299411891939202,0.8514502445729718,31.48,30.080000000000002,32.760000000000005,31.48,30.080000000000002,32.760000000000005,5345.160000000001,5333.313,5355.68,21.530603816519093,21.24649444336442,21.79344747535276,145.14399999999435,144.04933333332772,146.23866666666095,reward,58.48299300861629,56.94264226253587,60.023343754696725,0.980234375,0.9776979166666667,0.9827708333333334,0.9770828124430653,0.9747947916208457,0.9793708332652848,352.0080008745194,316.86400104522704,387.15200070381167,checkpoint_eval,True,han_mappo_latency_priority_multiuser_u30,9.219694635550116,8.37223512998637,10.067154141113862,17.0090625,16.880781250000002,17.13734375,0.8147077562516134,0.8079644975383833,0.8213945136649924,0.18504518133944275,0.1783599646746214,0.19178451986053474,0.9986239734397199,0.9985158115687238,0.9987006206882565,0.9986239734397199,0.9985158115687238,0.9987006206882565,0.8135787921002773,0.8068628092365442,0.8202173818320141,7484.013924154194,7361.296519007741,7588.405607204759,49.24,42.160000000000004,55.519999999999996,5352.5199999999995,5341.387,5362.679999999999,15360.0,15360.0,15360.0,D:\program\LEO_switch\results\multiseed_0907\seed42\u30\learned_baselines\han_mappo\training_history.json,150000.0,150000.0,150000.0,,,,,,,,
30,han_pdqn,HAN+PDQN,5,0.5568014440788392,0.5496616973050221,0.5648484293065985,0.5843589338926222,0.5426057670308827,0.6153751636682347,1.9913823867972518,1.9812320336088292,1.9988144990178889,0.5568014440788392,0.5496616973050221,0.5648484293065985,1.7797146941718693,1.7740830836113093,1.787294710893383,5,0.01849479166666667,0.016046875000000002,0.020903645833333335,284.08,246.47999999999996,321.08000000000004,/home/pjpjq/LEO_switch/results/baseline_compare/multiuser_scaling_multiuser_single_seed_150k_20260804/u30/learned_baselines/han_pdqn/best_model.pt,4977.8,4959.4,4998.5599999999995,0.06893332623234852,0.06614009329092145,0.07165519184504873,369.08,354.74799999999993,382.88,1.1555231422462129,1.1366581982699546,1.1751151556252302,1.2415978358872002,1.2183000922488147,1.265607268187305,5,5.0,5.0,5.0,0.0,0.0,0.0,1.44,1.04,2.04,0.08662947265494902,0.05740433889726404,0.12011962007424944,0.0,0.0,0.0,0.010911458333333334,0.009098958333333334,0.013864583333333336,155.16,130.68,197.92,155.16,130.68,197.92,0.0,0.0,0.0,0.010101562499999998,0.0085078125,0.012885416666666667,100.56000348567963,83.8560031080246,127.77600409507752,0.0,0.0,0.0,1.0,1.0,1.0,0.60609375,0.51046875,0.773125,True,0.7049176069994021,0.6934248174367287,0.7135157251404346,0.5568014440788392,0.5496616973050221,0.5648484293065985,0.07118100226095948,0.06952849520347312,0.07265494167626795,2483.0,2439.0,2511.6,0.5555130208333334,0.4966953125,0.5990885416666667,0.43324134945869447,0.3899540066719055,0.4915627002716064,93.52881086171256,92.54477904167027,94.06385602392722,0.5568014440788392,0.5496616973050221,0.5648484293065985,0.0,0.0,0.0,4.055860115141743,4.029443562049446,4.078495371109281,5,-43.46284807007747,-43.8348734310667,-43.09082270908823,-30.25225212539845,-30.489644297946462,-29.970393794276298,0.0,0.0,0.0,-3.8464001398161054,-4.341680156439542,-3.3511201231926675,-12.350666666666635,-12.817333333333304,-11.864866666666636,0.0007839850871784864,0.0006344696363290554,0.0008965181198035729,4.2,3.4,4.8,6.0,6.0,6.0,Successful-Task Delay | P95 Successful-Task Delay | Task Success | Deadline Violation | Successful Task Throughput | Energy per Successful Task,0.7049176069994021,0.6934248174367287,0.7135157251404346,12.44,7.76,17.119999999999997,12.44,7.76,17.119999999999997,5348.32,5336.708,5358.32,17.51430764776401,16.935019767156586,17.914471249961274,165.92666666665983,165.3133333333265,166.61866666665978,reward,93.52881086171256,92.54477904167027,94.06385602392722,0.9815052083333334,0.9790963541666666,0.983953125,0.9749583332321297,0.9717338540737206,0.9781828123905386,384.64000155448906,335.1120016813278,434.16800142765044,han_pdqn_train_eval,False,,4.675684457378718,4.471711001827924,4.843820139726734,19.44453125,19.37265625,19.525624999999998,0.9307433606460332,0.9279907461441027,0.933576790560615,0.06920293444941412,0.06636475336344687,0.07196267480797536,0.9992160149128214,0.9991034818801964,0.9993655303636709,0.9992160149128214,0.9991034818801964,0.9993655303636709,0.9300130804634075,0.9273862678224271,0.9327547333297184,6180.2121064139155,6069.761619405196,6284.182703028067,155.16,130.68,197.92,5352.5199999999995,5341.387,5362.679999999999,15360.0,15360.0,15360.0,D:\program\LEO_switch\results\multiseed_0907\seed42\u30\learned_baselines\han_pdqn\training_history.json,150000.0,150000.0,150000.0,,,,,,,,
30,pdqn,PDQN,5,0.4338363690452522,0.41329635067969644,0.4508911304007507,0.4263485272016679,0.4025193553101779,0.45014833142557287,2.120823293482452,2.091822414143035,2.1498241728218686,0.4338363690452522,0.41329635067969644,0.4508911304007507,1.8206837586257194,1.8084407697334535,1.8335312265600272,5,0.019408854166666666,0.016903645833333335,0.022,298.12,259.64,337.91999999999996,/home/pjpjq/LEO_switch/results/baseline_compare/multiuser_scaling_multiuser_single_seed_150k_20260804/u30/learned_baselines/pdqn/best_model.pt,4837.24,4812.24,4862.24,0.0947236895929611,0.09037880187274332,0.09941796215042976,507.08000000000004,484.0,532.72,1.1918512799076553,1.1844974003961168,1.2005210682484542,1.3175200381333836,1.3040640774892307,1.333681622282984,5,5.0,5.0,5.0,49.239999999999995,37.28,68.68,2.6,1.6800000000000002,3.6,0.1399530085177315,0.0927926681372766,0.17200354274099444,49.239999999999995,37.28,68.68,0.015697916666666666,0.0135625,0.018072916666666668,217.95999999999998,184.56,258.52,168.71999999999997,144.95999999999998,206.87999999999997,0.21727314322808944,0.15877920859694455,0.29988274439088247,0.010984375000000001,0.0094375,0.013468750000000002,114.33600420951844,100.70400379180907,134.13600477695462,50.4,38.2,69.16,0.7827268567719106,0.7001172556091175,0.8412207914030555,0.6590624999999999,0.5662499999999999,0.8081249999999999,False,0.6320279948998547,0.6192991522090141,0.6448473333810126,0.4338363690452522,0.41329635067969644,0.4508911304007507,0.0987955216319518,0.09461775490242834,0.103881258840772,2406.0,2388.6,2432.2,0.5026979166666666,0.42598437499999997,0.6035781250000001,0.4836877465248108,0.38547654151916505,0.5591493606567383,82.04570561579021,80.95280481397523,83.18700294676935,0.4338363690452522,0.41329635067969644,0.4508911304007507,0.16,0.04,0.28,4.183204908436097,4.1490599640341355,4.217194287241719,5,-42.978177130954705,-43.15221706414663,-42.804137197762785,-29.998709858359984,-30.222203345476373,-29.74525072244174,-0.3370666666666667,-0.4626666666666669,-0.2551999999999999,-4.124560153000057,-4.384560162760318,-3.81328014396131,-16.989333333333374,-17.828000000000063,-16.224000000000018,0.0010457889315142678,0.0009568042289380187,0.0011346374661440077,5.6000000000000005,5.12,6.08,0.0,0.0,0.0,,0.6320279948998547,0.6192991522090141,0.6448473333810126,23.16,18.12,27.28,21.839999999999996,15.720000000000002,26.48,5346.92,5335.634999999999,5356.679999999999,15.232216834337569,14.854952343200987,15.701220195326783,161.24133333332674,160.40799999999348,162.07466666666005,reward,82.04570561579021,80.95280481397523,83.18700294676935,0.9805911458333332,0.978,0.9830963541666667,0.9731473957352961,0.9714546874255563,0.9751739582192773,412.4560015058517,381.3280017518997,438.4560011434555,pdqn_train_eval,False,,3.973530439110358,3.0508627702531212,4.859742665096287,18.89546875,18.7978125,18.993125,0.9046908264901461,0.90007467501744,0.9090219038982962,0.0952097624051568,0.09088639188652897,0.09981401468010972,0.9989542110684857,0.998865362533856,0.9990431957710619,0.9989542110684857,0.998865362533856,0.9990431957710619,0.903744448663329,0.899066890703104,0.9080977845918758,6372.7890703725225,6326.223093309448,6429.413763691997,217.95999999999998,184.56,258.52,5352.5199999999995,5341.387,5362.679999999999,15360.0,15360.0,15360.0,D:\program\LEO_switch\results\multiseed_0907\seed42\u30\learned_baselines\pdqn\training_history.json,150000.0,150000.0,150000.0,/home/pjpjq/LEO_switch/results/baseline_compare/multiuser_scaling_multiuser_single_seed_150k_20260804/u30/learned_baselines/pdqn/pdqn_training.log,,,,,,,
30,mappo_no_han,MAPPO,5,0.5635867953316639,0.5476788561867328,0.5811333060153239,0.7801328922451841,0.7526616248334208,0.8033389048320162,2.9086519910249704,2.8445776850726734,2.9507114811221546,0.5635867953316639,0.5476788561867328,0.5811333060153239,2.027278863407402,2.0068664237711875,2.04131283004048,5,0.019651041666666667,0.017145833333333336,0.022156249999999995,301.84000000000003,263.36,340.32000000000005,/home/pjpjq/LEO_switch/results/baseline_compare/multiuser_scaling_multiuser_single_seed_150k_20260804/u30/learned_baselines/mappo_no_han/best_model.pt,4330.0,4295.84,4375.0,0.18825133898124702,0.18106994352325462,0.1942756989119942,1007.96,970.9200000000001,1040.0,1.3743560243066684,1.3614336748123994,1.3869729002399824,1.69674318836398,1.6728977388114572,1.7205886379165025,5,5.0,5.0,5.0,0.0,0.0,0.0,7.040000000000001,6.4799999999999995,7.5200000000000005,0.4342179156731974,0.39794205353179873,0.47338396880325834,0.0,0.0,0.0,0.0050416666666666665,0.004596354166666668,0.0054921875,45.279999999999994,38.477000000000004,52.2,45.279999999999994,38.477000000000004,52.2,0.0,0.0,0.0,0.002947916666666667,0.0025050130208333337,0.0033984374999999995,46.46400156021118,42.360001506805425,50.61600150585174,0.0,0.0,0.0,1.0,1.0,1.0,0.17687499999999998,0.15030078125000002,0.20390625,False,0.8003431410687101,0.7887552760570843,0.8125938394912884,0.5635867953316639,0.5476788561867328,0.5811333060153239,0.06982035353161566,0.06623079745517563,0.07307067784115132,2558.4,2556.6,2559.6,0.7576692708333334,0.7486197916666668,0.7686119791666667,0.18805133700370788,0.17906068861484528,0.1960056722164154,57.23561638639578,55.54678256648,59.199228763986866,0.5635867953316639,0.5476788561867328,0.5811333060153239,0.0,0.0,0.0,4.340823005176686,4.315562975850392,4.36608303450298,5,-42.625406396900644,-42.7949014660295,-42.46734163066393,-27.63232380604209,-28.163880495556384,-27.193408513898778,0.0,0.0,0.0,-3.4830401377379894,-3.8296801493689414,-3.136400126107037,-33.83333333333377,-34.89333333333374,-32.60400000000046,0.001406032897597565,0.0012697744982170548,0.0015357986311342073,7.5200000000000005,6.8,8.2,0.0,0.0,0.0,,0.8003431410687101,0.7887552760570843,0.8125938394912884,32.160000000000004,30.28,33.760000000000005,32.160000000000004,30.28,33.760000000000005,5345.0,5333.264999999999,5355.92,20.476384241652816,20.17126083778187,20.793956340807185,144.33333333332772,143.19466666666113,145.83333333332763,reward,57.23561638639578,55.54678256648,59.199228763986866,0.9803489583333335,0.9778437499999999,0.9828541666666668,0.9773239582966393,0.9750671874660378,0.9795807291272409,348.3040005636215,313.64000060558317,382.9680005216598,mappo_no_han_train_eval,False,,9.007792732652979,8.404333782737487,9.611251682568469,16.9140625,16.780625,17.08984375,0.8101718070071383,0.8041807934048331,0.8173543447888807,0.18956663386667083,0.1824128642459167,0.1955462778562515,0.9985939671024024,0.9984642013688659,0.9987302255017829,0.9985939671024024,0.9984642013688659,0.9987302255017829,0.8090273332357316,0.8030253645448928,0.8162948566081518,7346.064307925492,7259.540394882863,7425.287814103477,45.279999999999994,38.477000000000004,52.2,5352.5199999999995,5341.387,5362.679999999999,15360.0,15360.0,15360.0,D:\program\LEO_switch\results\multiseed_0907\seed42\u30\learned_baselines\mappo_no_han\training_history.json,150000.0,150000.0,150000.0,,,,,,,,
30,maddpg,MADDPG,5,0.6317117381252574,0.6227341485306591,0.638739367208315,0.8760243796102009,0.8607380397041708,0.8882151106565243,3.4450785816732137,3.4132689381249057,3.4833898862206483,0.6317117381252574,0.6227341485306591,0.638739367208315,2.3171336168166876,2.309796589486905,2.323504721052319,5,0.019528645833333334,0.01696875,0.022046875,299.96,260.64,338.64,/home/pjpjq/LEO_switch/results/baseline_compare/multiuser_scaling_multiuser_single_seed_150k_20260804/u30/learned_baselines/maddpg/maddpg_model.pt,3828.9200000000005,3811.2,3843.96,0.28174151396123037,0.2782247407182675,0.2855733934672634,1508.32,1487.8799999999999,1528.76,1.3473477163319965,1.3382655090769398,1.3575490378856971,1.8808945480032464,1.8599695388218116,1.904787310485465,5,5.0,5.0,5.0,0.44000000000000006,0.04,0.8800000000000001,7.5600000000000005,7.2,8.04,0.4336197585926113,0.37153584934108963,0.5022208312127647,0.44000000000000006,0.04,0.8800000000000001,0.011083333333333332,0.0055390625,0.016440104166666667,138.51999999999998,54.160000000000004,220.95999999999998,138.07999999999998,54.0,220.24,0.0009629255071166923,0.0002680067001675042,0.0016578443140658802,0.008989583333333334,0.003515625,0.014338541666666668,101.88000353336334,50.95200122833253,151.0800058364868,0.0,0.0,0.0,0.9990370744928831,0.9983421556859341,0.9997319932998325,0.5393749999999999,0.2109375,0.8603125,False,0.8513523660693763,0.8481061362303652,0.8552205198055706,0.6317117381252574,0.6227341485306591,0.638739367208315,0.05643639331069115,0.055112665146972065,0.05813274112934284,2560.0,2560.0,2560.0,0.003888020833333333,0.0,0.011664062499999999,0.9961008667945862,0.9883029341697693,1.0,30.93110433509421,30.229273117920968,31.662702348663153,0.6317117381252574,0.6227341485306591,0.638739367208315,0.44000000000000006,0.04,0.8800000000000001,4.714614083063779,4.698114729842446,4.731599579019308,5,-43.18331620189909,-43.410663891215336,-42.93497675570037,-20.760201812821357,-20.827069197125788,-20.68940622621792,-0.002933333333333334,-0.005866666666666668,-0.0002666666666666667,-4.0184001788496975,-4.669840234778821,-3.6070401502773164,-50.529333333333035,-51.214666666666325,-49.84399999999973,0.0014439339739530245,0.0012701686859203274,0.0016724143698044816,7.720000000000001,6.8,8.92,0.0,0.0,0.0,,0.8513523660693763,0.8481061362303652,0.8552205198055706,31.72,30.160000000000004,33.480000000000004,31.72,30.160000000000004,33.480000000000004,5344.8,5332.233,5355.4400000000005,21.79462057137609,21.711517087497405,21.893645307022652,127.630666666662,127.03999999999535,128.1319999999953,reward,30.93110433509421,30.229273117920968,31.662702348663153,0.9804713541666666,0.977953125,0.98303125,0.9738385414679845,0.9695973953070741,0.9765166666066897,401.84000305175783,360.7040009212494,466.98400808334355,maddpg_train_eval,False,,4.670573815527078,3.4716258958849324,5.520610914598898,14.956718750000002,14.8875,15.01546875,0.7164391183846617,0.7127143636610905,0.7199392134035533,0.2831538044826611,0.2796164646221798,0.2869189773367645,0.998556066026047,0.9983275856301954,0.9987298313140796,0.998556066026047,0.9983275856301954,0.9987298313140796,0.7154022615433858,0.71180893948654,0.7187801873094298,7201.338788169121,7146.0549026845865,7256.85475014732,138.51999999999998,54.160000000000004,220.95999999999998,5352.5199999999995,5341.387,5362.679999999999,15360.0,15360.0,15360.0,D:\program\LEO_switch\results\multiseed_0907\seed42\u30\learned_baselines\maddpg\training_history.json,150000.0,150000.0,150000.0,/home/pjpjq/LEO_switch/results/baseline_compare/multiuser_scaling_multiuser_single_seed_150k_20260804/u30/learned_baselines/maddpg/maddpg_training.log,30.93110433509421,30.229273117920968,31.662702348663153,,,,
30,min_distance,Min-Distance,5,0.3419485666684549,0.3344111612666231,0.34882993408500446,0.3649146522619831,0.3576881347885941,0.37476682014738444,3.92092819005774,3.8949865237226895,3.94686985639279,0.3419485666684549,0.3344111612666231,0.34882993408500446,2.28897581279603,2.28364373791867,2.293401968811838,5,0.017989583333333337,0.01540625,0.02057291666666667,276.32,236.64000000000001,316.0,,3540.5199999999995,3529.2,3550.72,0.33728818471093824,0.33495058392228805,0.3396787893759763,1805.4800000000002,1791.08,1819.3600000000001,1.5736756386901312,1.5691103297870117,1.576866850994775,2.376440102641,2.3645637379694593,2.388850376913248,5,5.0,5.0,5.0,0.16,0.08,0.2,0.52,0.43999999999999995,0.6,0.08591726635307284,0.07706270737821312,0.0946741685986969,0.16,0.08,0.2,0.0036171874999999997,0.003588541666666667,0.0036458333333333334,50.92,50.239999999999995,51.6,50.76,50.04,51.48,0.0032653061224489793,0.0016326530612244896,0.004081632653061224,0.0033046874999999995,0.0032578125,0.0033515625,33.24000132083893,32.95200130939484,33.52800133228302,0.0,0.0,0.0,0.996734693877551,0.9959183673469388,0.9983673469387755,0.19828125,0.19546875,0.20109375,False,0.5947403888047325,0.5879776896112746,0.6015030879981901,0.3419485666684549,0.3344111612666231,0.34882993408500446,0.12260606661795384,0.12069748974846466,0.12471055882651638,2560.0,2560.0,2560.0,0.0,0.0,0.0,1.0,1.0,1.0,9.645807254037646,9.44239550902632,9.871821048682396,0.3419485666684549,0.3344111612666231,0.34882993408500446,0.16,0.08,0.2,4.8827760093742345,4.866388415253105,4.8961150310156665,5,-39.37304922881749,-39.5246648479672,-39.19981111894682,-20.927163800564347,-21.023773741864765,-20.81839354780402,-0.0010666666666666667,-0.0013333333333333335,-0.0005333333333333334,-3.095600120052695,-3.4912001353129747,-2.7000001047924163,-60.199999999999136,-60.66266666666578,-59.71866666666584,0.0011214560612433097,0.001015368702672977,0.0012279713158631946,5.999999999999999,5.4399999999999995,6.56,0.0,0.0,0.0,,0.5947403888047325,0.5879776896112746,0.6015030879981901,4.64,4.279999999999999,5.0,4.64,4.279999999999999,5.0,5346.5199999999995,5334.821,5357.16,15.225353953401228,15.052228854048712,15.398479052753743,118.0173333333292,117.6399999999959,118.35733333332917,reward,9.645807254037646,9.44239550902632,9.871821048682396,0.9820104166666667,0.9794270833333332,0.9845937499999999,0.9798463542123013,0.9772708333954215,0.9824218750291814,309.55999929904937,269.99999955177304,349.1199990463257,heuristic_eval,False,,3.5498682383561992,3.3819508561480447,3.715702512807993,13.830156249999998,13.7859375,13.87,0.6622343887252476,0.6598744715873455,0.664554443803421,0.3373856675636383,0.3350632106962673,0.3397835499889085,0.9988785439387569,0.9987720286841368,0.9989846312973271,0.9988785439387569,0.9987720286841368,0.9989846312973271,0.6614928763751184,0.6592151278139688,0.6638002842779378,8413.66402639089,8393.504714466302,8433.823338315478,50.92,50.239999999999995,51.6,5352.5199999999995,5341.387,5362.679999999999,15360.0,15360.0,15360.0,,,,,,,,,min_distance(best_offload=1.00),1.0,1.0,1.0
30,full_local,Full-Local,5,1.0,1.0,1.0,0.0,0.0,0.0,5.380442562751949,5.344620220720943,5.4093382809862876,1.0,1.0,1.0,2.2377242591376643,2.231945008865308,2.2428704895615734,5,0.7150442708333333,0.6958255208333333,0.7328098958333332,10983.079999999998,10687.880000000001,11255.960000000001,,2703.04,2695.28,2710.802,0.4949612144694492,0.4934713667291678,0.49637042238707096,2649.4800000000005,2637.68,2658.76,2.104583278281722,2.1020618634484878,2.1071046931149553,4.167499959706971,4.15394783775406,4.180057633122197,5,5.0,5.0,5.0,0.0,0.0,0.0,0.0,0.0,0.0,1.0,1.0,1.0,0.0,0.0,0.0,0.0,0.0,0.0,0.0,0.0,0.0,0.0,0.0,0.0,0.0,0.0,0.0,0.0,0.0,0.0,0.0,0.0,0.0,0.0,0.0,0.0,0.0,0.0,0.0,0.0,0.0,0.0,False,0.0,0.0,0.0,1.0,1.0,1.0,0.0,0.0,0.0,0.0,0.0,0.0,1.0,1.0,1.0,0.0,0.0,0.0,-158.01210245975875,-160.70815219319775,-155.29089854060672,1.0,1.0,1.0,0.0,0.0,0.0,5.407863596297571,5.387788988487122,5.422334001728982,5,-29.176699406225232,-29.266418073132996,-29.06864097757221,-20.789928931400535,-20.847971897466476,-20.744137576585807,0.0,0.0,0.0,-109.83081482246519,-112.55961518574506,-106.87881432186812,-88.31599999999756,-88.62533333333087,-87.92266666666424,0.0,0.0,0.0,0.0,0.0,0.0,0.0,0.0,0.0,,0.0,0.0,0.0,0.0,0.0,0.0,0.0,0.0,0.0,5352.5199999999995,5341.387,5362.679999999999,0.0,0.0,0.0,90.10133333333079,89.84266666666413,90.36006666666411,reward,-158.01210245975875,-160.70815219319775,-155.29089854060672,0.28495572916666667,0.26719010416666666,0.3041744791666667,0.28495572916666667,0.26719010416666666,0.3041744791666667,10983.079999999998,10687.880000000001,11255.960000000001,heuristic_eval,False,,13.69687281249612,7.636941410009527,19.68656368581282,10.55875,10.5284375,10.5890703125,0.5050387855305509,0.5036295776129291,0.5065286332708323,0.4949612144694492,0.4934713667291678,0.49637042238707096,1.0,1.0,1.0,1.0,1.0,1.0,0.5050387855305509,0.5036295776129291,0.5065286332708323,11264.795099434967,11250.24616323891,11274.118569182347,0.0,0.0,0.0,5352.5199999999995,5341.387,5362.679999999999,15360.0,15360.0,15360.0,,,,,,,,,,,,
35,han_mappo,HAN+MAPPO,5,0.6202415915623021,0.6060555275669731,0.6302865357539622,0.8788974713229821,0.870986132117778,0.8868088105281862,3.048458971218494,2.982688613539275,3.1190663812678174,0.6202415915623021,0.6060555275669731,0.6302865357539622,2.0655529139664854,2.0442256749278744,2.0889658319788347,5,0.019785714285714285,0.01834821428571428,0.021223214285714286,354.56000000000006,328.8,380.32,,4963.16,4921.92,5005.8,0.20293238876130015,0.19594975731926528,0.21033537390569096,1267.52,1223.3200000000002,1316.6,1.4994413507796964,1.4893768515490386,1.5093246488030614,1.8848700555645383,1.8671897629322962,1.9014192421317153,5,5.0,5.0,5.0,0.0,0.0,0.0,7.8,7.5200000000000005,8.239999999999998,0.459122707582861,0.4224823492631257,0.4983831168686545,0.0,0.0,0.0,0.004618303571428571,0.004191964285714287,0.0050267857142857145,45.64,38.24,53.4,45.64,38.24,53.4,0.0,0.0,0.0,0.0025468749999999997,0.0021339285714285718,0.002979910714285714,49.65600186824799,45.072001762390144,54.048001942634585,0.0,0.0,0.0,1.0,1.0,1.0,0.1528125,0.12803571428571428,0.17879464285714286,False,0.8463654590670433,0.8409575193717436,0.8527020911039876,0.6202415915623021,0.6060555275669731,0.6302865357539622,0.05861977975256903,0.05669712614530011,0.06135253454199694,2559.6,2559.2,2560.0,0.6751250000000001,0.5920245535714286,0.7451986607142859,0.21631055176258088,0.1716436743736267,0.2614411383867264,52.146993902808845,50.41897042550338,53.726477833004196,0.6202415915623021,0.6060555275669731,0.6302865357539622,0.0,0.0,0.0,4.391392657372225,4.294936487404181,4.487848827340269,5,-42.81454948535036,-42.96568160102561,-42.693301690246386,-28.604339281792306,-29.106765961221612,-28.08873627411423,0.0,0.0,0.0,-3.464708727449179,-3.6626744512468576,-3.2667430036515,-36.437714285714875,-37.83657142857216,-35.17485714285761,0.0012174741901978927,0.0011318044509141157,0.001283353485528965,7.6,7.08,8.0,0.0,0.0,0.0,,0.8463654590670433,0.8409575193717436,0.8527020911039876,37.12,36.160000000000004,38.0,37.12,36.160000000000004,38.0,6238.4800000000005,6219.959,6254.2,21.663732201925217,21.523665592548245,21.827550179084813,141.8045714285721,140.62628571428596,143.02285714285827,reward,52.146993902808845,50.41897042550338,53.726477833004196,0.9802142857142856,0.9787767857142857,0.9816517857142856,0.9774433035190617,0.9761544642368598,0.9787321428012635,404.21600093841556,381.120001001358,427.312000875473,checkpoint_eval,True,han_mappo_latency_priority_multiuser_u35,8.967481567499098,8.209324809473618,9.693399222281496,16.617723214285714,16.479642857142856,16.76049107142857,0.7955713046734204,0.7881735435432573,0.8025714433111233,0.2041804566755486,0.1971984320640022,0.21156198833619627,0.998782525809802,0.9987166465144709,0.9988681955490858,0.998782525809802,0.9987166465144709,0.9988681955490858,0.7946020691342535,0.7871914677544447,0.8016217709940676,9354.205959395986,9291.496379598359,9416.32504352284,45.64,38.24,53.4,6246.08,6227.755,6261.0,17920.0,17920.0,17920.0,D:\program\LEO_switch\results\multiseed_0907\seed42\u35\learned_baselines\han_mappo\training_history.json,150000.0,150000.0,150000.0,,,,,,,,
35,han_pdqn,HAN+PDQN,5,0.5516843515453893,0.5392233046601371,0.5629434225976937,0.6250307116963031,0.5900529097168359,0.6575027489666334,2.102395716758714,2.093937163957197,2.1098070599151266,0.5516843515453893,0.5392233046601371,0.5629434225976937,1.839183435039189,1.827226929669336,1.8517714684729216,5,0.018374999999999996,0.017142857142857144,0.019399553571428568,329.28000000000003,307.2,347.64,/home/pjpjq/LEO_switch/results/baseline_compare/multiuser_scaling_multiuser_single_seed_150k_20260804/u35/learned_baselines/han_pdqn/best_model.pt,5708.8,5687.6,5728.4800000000005,0.08508420299342478,0.08325926656932339,0.08667264001770765,531.3199999999999,520.2,541.48,1.2390402153838864,1.227071385811154,1.2481674789480752,1.3547264102615943,1.3403415143283122,1.3658339608174022,5,5.0,5.0,5.0,0.0,0.0,0.0,1.6400000000000001,1.24,2.12,0.09456104099762026,0.05622705220849443,0.13419413912541922,0.0,0.0,0.0,0.009979910714285715,0.008497767857142857,0.011203125,163.99999999999997,135.35999999999999,189.4,163.99999999999997,135.35999999999999,189.4,0.0,0.0,0.0,0.009151785714285713,0.007553571428571428,0.010569196428571428,107.30400409698487,91.36800353527069,120.45600453853608,0.0,0.0,0.0,1.0,1.0,1.0,0.5491071428571429,0.45321428571428574,0.6341517857142858,True,0.7188432748229759,0.7037771504906853,0.7360516195188732,0.5516843515453893,0.5392233046601371,0.5629434225976937,0.07225548505630236,0.06991942829489255,0.07485941498945933,2501.0,2484.0,2515.8,0.5972834821428572,0.5565290178571429,0.6402656250000001,0.3921370208263397,0.3490324079990387,0.43336443305015565,86.98526018014176,86.22936928517652,87.71969054930332,0.5516843515453893,0.5392233046601371,0.5629434225976937,0.0,0.0,0.0,4.179366093816145,4.160900856538618,4.195144015715809,5,-44.118193811921024,-44.55117006249145,-43.685217561350605,-31.02463052170605,-31.312218100126508,-30.698900051643268,0.0,0.0,0.0,-3.7421487182006237,-3.901303012892604,-3.5893029995635155,-15.227428571428524,-15.508571428571381,-14.908571428571381,0.0006920976801346654,0.0006156498978482502,0.0007950646197433583,4.32,3.84,4.959999999999999,5.4,4.6,6.0,Successful-Task Delay | P95 Successful-Task Delay | Task Success | Deadline Violation | Successful Task Throughput | Energy per Successful Task,0.7188432748229759,0.7037771504906853,0.7360516195188732,14.84,10.4,19.8,14.84,10.4,19.8,6241.759999999999,6223.866999999999,6256.68,17.98908962721284,17.525187106147865,18.535046893745164,163.10857142857998,162.50285714286548,163.6708571428659,reward,86.98526018014176,86.22936928517652,87.71969054930332,0.981625,0.9806004464285716,0.9828571428571429,0.9756370534995303,0.9746008928050953,0.9766321427968464,436.58400128841396,418.752001080513,455.1520009326935,han_pdqn_train_eval,False,,5.415184545823996,5.002240391828043,6.000734904272763,19.114285714285717,19.043303571428574,19.18017857142857,0.9145945147159289,0.9130625019796133,0.9164363148147989,0.08534702067836822,0.08351001808976102,0.08688378265482992,0.9993079023198653,0.9992049353802566,0.9993843501021519,0.9993079023198653,0.9992049353802566,0.9993843501021519,0.9139608816414972,0.9124884997326432,0.9158353025263324,7733.97875172832,7636.059989971427,7804.445831116606,163.99999999999997,135.35999999999999,189.4,6246.08,6227.755,6261.0,17920.0,17920.0,17920.0,D:\program\LEO_switch\results\multiseed_0907\seed42\u35\learned_baselines\han_pdqn\training_history.json,150000.0,150000.0,150000.0,,,,,,,,
35,pdqn,PDQN,5,0.45232846798787874,0.4313510471098141,0.46919343752485076,0.47628806548746255,0.41009244735044703,0.5183974571101079,2.1915988647236015,2.1527665850105455,2.2261405518816226,0.45232846798787874,0.4313510471098141,0.46919343752485076,1.8611738816397385,1.8451217855679758,1.8765228177042683,5,0.020310267857142857,0.017812500000000002,0.022801506696428574,363.96000000000004,319.2,408.603,/home/pjpjq/LEO_switch/results/baseline_compare/multiuser_scaling_multiuser_single_seed_150k_20260804/u35/learned_baselines/pdqn/best_model.pt,5593.08,5544.96,5642.88,0.10335786702599645,0.09674481576781395,0.10882517205177941,645.4799999999999,604.88,678.36,1.2731158903740574,1.2604689347366915,1.2888063084933867,1.4209108437476212,1.413588103637364,1.427754821902276,5,5.0,5.0,5.0,54.92,30.879999999999995,89.47999999999999,3.9200000000000004,2.2800000000000002,5.16,0.1166694450538895,0.0684290169876013,0.17625272297006978,54.92,30.879999999999995,89.47999999999999,0.017390625,0.014955357142857142,0.019825892857142858,283.56,234.27999999999997,332.84,228.64000000000001,181.0,281.72,0.18851069480460797,0.1126116514233138,0.2741976364157421,0.012758928571428574,0.01010044642857143,0.015720982142857144,153.192005648613,129.04800489902496,183.74400657176972,56.0,31.32,90.64,0.8114893051953921,0.725802363584258,0.8873883485766862,0.7655357142857143,0.6060267857142858,0.9432589285714286,False,0.651044651300051,0.6193136725811833,0.6714384036606582,0.45232846798787874,0.4313510471098141,0.46919343752485076,0.09435854585052232,0.09033533375274679,0.099421243964312,2426.4,2383.6,2469.2,0.5023638392857143,0.41500892857142857,0.6107075892857143,0.48048712611198424,0.376053923368454,0.5681343078613281,77.76463401064817,76.72795228589239,79.15909169402279,0.45232846798787874,0.4313510471098141,0.46919343752485076,0.32,0.04,0.6,4.229124234256691,4.1487519057038496,4.30514642687435,5,-43.563471869638725,-43.874172666166054,-43.21487630731407,-30.990679218672017,-31.70795631423686,-30.37905857181277,-0.3218285714285715,-0.5202285714285713,-0.18171428571428588,-4.4327316021174195,-4.993783054128289,-3.994971575886011,-18.554285714285655,-19.50742857142851,-17.412571428571376,0.0005764594275285993,0.00046926977941150205,0.0006980787167018187,3.6,2.92,4.36,0.6,0.0,1.4,,0.651044651300051,0.6193136725811833,0.6714384036606582,28.080000000000002,18.0,39.279999999999994,26.68,17.598000000000006,36.64,6242.4800000000005,6224.746,6257.4,15.825344955729985,14.787284414403612,16.561422819843404,159.80228571429302,158.4274285714354,161.2251428571507,reward,77.76463401064817,76.72795228589239,79.15909169402279,0.979689732142857,0.9771984933035714,0.9821875,0.9711410713195802,0.9674883927665652,0.9739910713168127,517.152001953125,466.08000200271607,582.6080016231538,pdqn_train_eval,False,,4.341874053552734,3.2240904169453493,5.394338488039329,18.72683035714286,18.565714285714286,18.89357142857143,0.8959564582505865,0.8904319097458673,0.9025026104074708,0.10398422805263392,0.09744616229766025,0.10950384857032416,0.9994235405724714,0.9993019212832982,0.9995307302205884,0.9994235405724714,0.9993019212832982,0.9995307302205884,0.8954393125198374,0.8899056348331239,0.9020095158503475,7947.632323471979,7847.520770412915,8060.330535555926,283.56,234.27999999999997,332.84,6246.08,6227.755,6261.0,17920.0,17920.0,17920.0,D:\program\LEO_switch\results\multiseed_0907\seed42\u35\learned_baselines\pdqn\training_history.json,150000.0,150000.0,150000.0,/home/pjpjq/LEO_switch/results/baseline_compare/multiuser_scaling_multiuser_single_seed_150k_20260804/u35/learned_baselines/pdqn/pdqn_training.log,,,,,,,
35,mappo_no_han,MAPPO,5,0.6093106570650011,0.5939911453081258,0.6220084860333742,0.8546791521668489,0.838990972155614,0.8705925325229622,3.1290111093912243,3.0510894989969093,3.2001998370825553,0.6093106570650011,0.5939911453081258,0.6220084860333742,2.0611147485455774,2.0431003651951776,2.078684199832076,5,0.019870535714285716,0.01831026785714286,0.021430803571428573,356.08000000000004,328.12,384.03999999999996,/home/pjpjq/LEO_switch/results/baseline_compare/multiuser_scaling_multiuser_single_seed_150k_20260804/u35/learned_baselines/mappo_no_han/best_model.pt,4894.0,4863.24,4929.4400000000005,0.21374107216824068,0.2056463098738961,0.2200995636158735,1335.1200000000001,1280.48,1377.6799999999998,1.4973817360485702,1.4796195493179343,1.5178494546504397,1.9087811163154231,1.8826880916998818,1.9394851906554387,5,5.0,5.0,5.0,0.0,0.0,0.0,9.08,8.6,9.56,0.4912594406286005,0.4442472888232304,0.5276188890935384,0.0,0.0,0.0,0.004575892857142857,0.004151562500000001,0.0050267857142857145,42.64,35.400000000000006,51.239999999999995,42.64,35.400000000000006,51.239999999999995,0.0,0.0,0.0,0.002379464285714286,0.001975446428571429,0.002859375,49.20000181674957,44.6376014430523,54.0480021238327,0.0,0.0,0.0,1.0,1.0,1.0,0.14276785714285714,0.11852678571428572,0.17156249999999998,False,0.8353646690046151,0.8301494137082128,0.8414658706403888,0.6093106570650011,0.5939911453081258,0.6220084860333742,0.060722185591848485,0.05826102321358127,0.06370816886064563,2559.6,2559.2,2560.0,0.7503549107142857,0.7446584821428572,0.7559955357142858,0.17843602001667022,0.16910629272460936,0.18776574730873108,49.253214089223185,47.90847288128098,51.01973393773777,0.6093106570650011,0.5939911453081258,0.6220084860333742,0.0,0.0,0.0,4.39098904842143,4.309348929151427,4.4566081938087,5,-42.174425821230514,-42.512124212729006,-41.865226946229654,-27.903488720428307,-28.33288633469715,-27.440934667257658,0.0,0.0,0.0,-3.4738287257775666,-3.688594450876117,-3.243017283268273,-38.40571428571505,-39.61600000000088,-36.856000000000584,0.0012619397317518728,0.001213957003693139,0.0013106185360543157,7.88,7.6,8.16,0.0,0.0,0.0,,0.8353646690046151,0.8301494137082128,0.8414658706403888,39.36,38.31999999999999,40.4,39.36,38.31999999999999,40.4,6238.2,6219.6359999999995,6253.56,21.382098209238087,21.24857035125954,21.539916290949257,139.82857142857137,138.94971428571392,140.84114285714318,reward,49.253214089223185,47.90847288128098,51.01973393773777,0.9801294642857142,0.9785691964285714,0.9816897321428572,0.9773839285339097,0.9759857142578279,0.9788866070990583,405.2800006723404,378.35200078487395,430.3360004997253,mappo_no_han_train_eval,False,,8.599650356113909,8.026159257428912,9.380129275321195,16.386160714285715,16.283169642857143,16.504821428571425,0.7845385325394101,0.7782101886145785,0.7925626406043659,0.21519458869551045,0.20716932860970924,0.22151844123298808,0.9987380602682482,0.9986893814639458,0.9987860429963069,0.9987380602682482,0.9986893814639458,0.9987860429963069,0.7835434715727376,0.7772278868276992,0.7915131202189316,9340.767787109915,9243.218611210785,9464.870408678755,42.64,35.400000000000006,51.239999999999995,6246.08,6227.755,6261.0,17920.0,17920.0,17920.0,D:\program\LEO_switch\results\multiseed_0907\seed42\u35\learned_baselines\mappo_no_han\training_history.json,150000.0,150000.0,150000.0,,,,,,,,
35,maddpg,MADDPG,5,0.6688754561309505,0.6561374305598593,0.6803855878490088,0.9155179074199309,0.9034104660375265,0.9253868266286892,3.574323072854424,3.507849005014055,3.6416912862377573,0.6688754561309505,0.6561374305598593,0.6803855878490088,2.3169531031233954,2.313188888572052,2.3209834885619047,5,0.019388392857142858,0.01786607142857143,0.020910714285714286,347.43999999999994,320.16,374.71999999999997,/home/pjpjq/LEO_switch/results/baseline_compare/multiuser_scaling_multiuser_single_seed_150k_20260804/u35/learned_baselines/maddpg/maddpg_model.pt,4382.24,4359.679999999999,4402.36,0.2959203500778355,0.2920709777873636,0.299968288303186,1848.48,1821.8,1875.2400000000002,1.4347803392635439,1.4224090110478926,1.447416034526603,2.042740925778169,2.015299149492506,2.0732284203344093,5,5.0,5.0,5.0,0.16,0.0,0.4800000000000001,7.88,7.12,8.679999999999998,0.4179725354408994,0.36567460618983233,0.47245335534994126,0.16,0.0,0.4800000000000001,0.006520089285714285,0.004252232142857143,0.010591517857142857,82.52,41.720000000000006,156.4,82.36,41.720000000000006,155.92000000000002,0.0001972872996300863,0.0,0.0005918618988902588,0.004595982142857143,0.002328125,0.008700892857142855,70.00800227165222,45.72000166416168,113.59200333595277,0.0,0.0,0.0,0.9998027127003699,0.9994081381011096,1.0,0.2757589285714286,0.13968750000000002,0.5220535714285715,False,0.8737189592238781,0.8686761058391845,0.8789328095580753,0.6688754561309505,0.6561374305598593,0.6803855878490088,0.04962346097921359,0.04755529604019159,0.05192654340369689,2560.0,2560.0,2560.0,0.006334821428571428,0.0,0.012750000000000001,0.9936452984809876,0.9871905446052551,1.0,27.214196349493157,26.527669432997083,27.794907156979026,0.6688754561309505,0.6561374305598593,0.6803855878490088,0.16,0.0,0.4800000000000001,4.756381076483674,4.752689189842866,4.7595182002378404,5,-42.43098340740694,-42.696622805793766,-42.10848276357685,-21.310987150022786,-21.429544662757685,-21.209413477114342,-0.0009142857142857144,-0.0027428571428571432,0.0,-3.5781258735060697,-4.0900116037204866,-3.1898744304105637,-53.038857142859584,-53.788571428573945,-52.296000000002344,0.0011979684866492266,0.0011269629277520224,0.001275985514695014,7.480000000000001,7.040000000000001,7.959999999999999,0.0,0.0,0.0,,0.8737189592238781,0.8686761058391845,0.8789328095580753,34.32,31.72,37.56,34.32,31.72,37.56,6238.6,6220.398,6254.08,22.36720535613134,22.23810830948317,22.5006799246868,125.20685714285348,124.56228571428213,125.78171428571059,reward,27.214196349493157,26.527669432997083,27.794907156979026,0.9806116071428571,0.9790892857142858,0.9821339285714286,0.9767049106199828,0.9733723212642861,0.9792325892286108,417.4480016899109,372.15200102329254,477.16800294399263,maddpg_train_eval,False,,5.676983589671505,4.835378432849566,6.410874671933061,14.672678571428571,14.59714285714286,14.740044642857143,0.7024635926742845,0.6984990760310363,0.7062798025216702,0.29718073294021297,0.29337368645288453,0.30114405307882575,0.9988020315133506,0.9987240144853049,0.9988730370722478,0.9988020315133506,0.9987240144853049,0.9988730370722478,0.7016212985731378,0.6976720518376517,0.7054445037536163,8951.168767339545,8851.61809536593,9038.066917759992,82.52,41.720000000000006,156.4,6246.08,6227.755,6261.0,17920.0,17920.0,17920.0,D:\program\LEO_switch\results\multiseed_0907\seed42\u35\learned_baselines\maddpg\training_history.json,150000.0,150000.0,150000.0,/home/pjpjq/LEO_switch/results/baseline_compare/multiuser_scaling_multiuser_single_seed_150k_20260804/u35/learned_baselines/maddpg/maddpg_training.log,27.214196349493157,26.527669432997083,27.794907156979026,,,,
35,min_distance,Min-Distance,5,0.35083421584309055,0.3438727676286052,0.35893877621740533,0.3977326943264169,0.38609625635676215,0.40936913229607164,4.051791775246452,4.000835585623409,4.098382774500133,0.35083421584309055,0.3438727676286052,0.35893877621740533,2.2936519553761032,2.2881160381260033,2.299187872626203,5,0.01796205357142857,0.016566964285714286,0.019348214285714288,321.88,296.88,346.72,,4032.44,4021.6,4047.4799999999996,0.3533695237459439,0.35076995156806184,0.35594286739763276,2207.2400000000002,2185.6,2226.04,1.644589250899416,1.6420182829803864,1.6471124088528732,2.545230917016437,2.532172508639519,2.5581820439730167,5,5.0,5.0,5.0,0.0,0.0,0.0,0.96,0.8400000000000001,1.08,0.08340066441764234,0.07907063479813904,0.08766792347437509,0.0,0.0,0.0,0.0036049107142857146,0.0035736607142857145,0.003636160714285714,59.32000000000001,58.720000000000006,59.919999999999995,59.32000000000001,58.720000000000006,59.919999999999995,0.0,0.0,0.0,0.0033102678571428575,0.0032767857142857147,0.0033437500000000004,38.76000154018402,38.42400152683258,39.09600155353546,0.0,0.0,0.0,1.0,1.0,1.0,0.19861607142857143,0.19660714285714287,0.200625,False,0.604038914161074,0.5952479869708844,0.6128298413512638,0.35083421584309055,0.3438727676286052,0.35893877621740533,0.1201563527637139,0.11794665402088919,0.12205909735003614,2560.0,2560.0,2560.0,0.0,0.0,0.0,1.0,1.0,1.0,4.817008889379504,4.248510022643022,5.3277273066292405,0.35083421584309055,0.3438727676286052,0.35893877621740533,0.0,0.0,0.0,4.93689249392358,4.922421718535415,4.954522455621386,5,-38.52989776918362,-38.720228974218955,-38.353063161654525,-21.146431517491628,-21.24458491674722,-21.041305185920855,0.0,0.0,0.0,-3.091200124360621,-3.304525847882032,-2.8778744008392096,-63.091428571432026,-63.62857142857486,-62.47200000000347,0.0008718559481822151,0.000806030690363626,0.000937681206000804,5.4399999999999995,5.04,5.84,0.0,0.0,0.0,,0.604038914161074,0.5952479869708844,0.6128298413512638,5.279999999999999,5.119999999999999,5.44,5.279999999999999,5.119999999999999,5.44,6240.64,6222.15,6255.840000000001,15.463396202523565,15.238348466454715,15.68844393859242,115.21257142856864,114.9028571428544,115.64228571428285,reward,4.817008889379504,4.248510022643022,5.3277273066292405,0.9820379464285715,0.9806517857142858,0.9834330357142858,0.9798750000646603,0.9784861607849598,0.981263839344361,360.6399988412857,335.7519989490509,385.5279987335205,heuristic_eval,False,,4.363289436389944,3.226315772361687,5.186095881848235,13.501473214285713,13.46517857142857,13.551830357142856,0.6461675854360504,0.6436056372162289,0.6487527969036986,0.35352269431243155,0.35091692211178016,0.3560959663928854,0.9991281440518177,0.9990623187939992,0.9991939693096363,0.9991281440518177,0.9990623187939992,0.9991939693096363,0.6456054497393862,0.6430718495130362,0.6481449130067818,10263.305340272369,10222.479430422154,10295.39622594466,59.32000000000001,58.720000000000006,59.919999999999995,6246.08,6227.755,6261.0,17920.0,17920.0,17920.0,,,,,,,,,min_distance(best_offload=1.00),1.0,1.0,1.0
35,full_local,Full-Local,5,1.0,1.0,1.0,0.0,0.0,0.0,5.260219582380325,5.165674398968902,5.360903602285843,1.0,1.0,1.0,2.2326445316727614,2.2267385447333004,2.239001563916723,5,0.7112142857142857,0.692796875,0.7288571428571429,12744.960000000001,12414.92,13061.119999999999,,3218.04,3191.5199999999995,3242.16,0.4847632441702622,0.47991311288301164,0.48959384006801343,3028.04,2992.3599999999997,3060.84,2.097458788228617,2.0939389410986466,2.1017648558563833,4.071521628162491,4.027822104532848,4.117865063576613,5,5.0,5.0,5.0,0.0,0.0,0.0,0.0,0.0,0.0,1.0,1.0,1.0,0.0,0.0,0.0,0.0,0.0,0.0,0.0,0.0,0.0,0.0,0.0,0.0,0.0,0.0,0.0,0.0,0.0,0.0,0.0,0.0,0.0,0.0,0.0,0.0,0.0,0.0,0.0,0.0,0.0,0.0,False,0.0,0.0,0.0,1.0,1.0,1.0,0.0,0.0,0.0,0.0,0.0,0.0,1.0,1.0,1.0,0.0,0.0,0.0,-154.66932617103635,-157.27590640536837,-151.7852483732728,1.0,1.0,1.0,0.0,0.0,0.0,5.400460836188637,5.3952414834529225,5.406440453230205,5,-29.67110635182932,-29.946129449278942,-29.33819082376811,-21.184277899342298,-21.347222510558716,-21.000226273854906,0.0,0.0,0.0,-109.24252709440887,-111.95247038453817,-106.4136125060916,-86.51542857142945,-87.45257142857217,-85.49600000000099,0.0,0.0,0.0,0.0,0.0,0.0,0.0,0.0,0.0,,0.0,0.0,0.0,0.0,0.0,0.0,0.0,0.0,0.0,6246.08,6227.755,6261.0,0.0,0.0,0.0,91.94400000000019,91.18628571428599,92.63314285714294,reward,-154.66932617103635,-157.27590640536837,-151.7852483732728,0.2887857142857143,0.2711428571428572,0.307203125,0.2887857142857143,0.2711428571428572,0.307203125,12744.960000000001,12414.92,13061.119999999999,heuristic_eval,False,,13.557314973555458,9.139507278965146,17.77077578456659,10.774687500000002,10.685892857142857,10.85544642857143,0.5152367558297378,0.5104061599319866,0.5200868871169884,0.4847632441702622,0.47991311288301164,0.48959384006801343,1.0,1.0,1.0,1.0,1.0,1.0,0.5152367558297378,0.5104061599319866,0.5200868871169884,13100.910788135254,13050.098910632563,13140.219763962688,0.0,0.0,0.0,6246.08,6227.755,6261.0,17920.0,17920.0,17920.0,,,,,,,,,,,,
40,han_mappo,HAN+MAPPO,5,0.6363637447990307,0.6172826595285063,0.6539135632435066,0.8957723985304078,0.8808813605980642,0.9089360802114268,3.3604189827845268,3.240020002827646,3.4586648699565075,0.6363637447990307,0.6172826595285063,0.6539135632435066,2.0940388005929544,2.0677444081513716,2.118289496113193,5,0.020310546875000002,0.019234374999999998,0.02138671875,415.96000000000004,393.92,438.0,,5393.32,5324.76,5478.320000000001,0.24237190651807805,0.2288606994120388,0.2536852948948394,1731.2,1629.52,1815.1200000000001,1.5652904966486525,1.5434543536217666,1.5835547891972612,2.070816574197523,2.00364453780919,2.1190344715248832,5,5.0,5.0,5.0,0.0,0.0,0.0,7.040000000000001,6.08,8.28,0.43566655087886763,0.4156411265302923,0.4549511289441991,0.0,0.0,0.0,0.0049335937500000005,0.004609375000000001,0.00544140625,58.279999999999994,52.160000000000004,67.52000000000001,58.279999999999994,52.160000000000004,67.52000000000001,0.0,0.0,0.0,0.002845703125,0.0025468749999999997,0.003296875,60.6240023946762,56.64000222682953,66.86400274276734,0.0,0.0,0.0,1.0,1.0,1.0,0.1707421875,0.1528125,0.1978125,False,0.8563506200715725,0.8463236625649924,0.8671433874066633,0.6363637447990307,0.6172826595285063,0.6539135632435066,0.05561123871712137,0.05233089316778979,0.05922522813084088,2560.0,2560.0,2560.0,0.56527734375,0.415673828125,0.6802430664062498,0.28950297832489014,0.2215725600719452,0.372252357006073,41.241099900551085,38.40770412422553,44.97828784350473,0.6363637447990307,0.6172826595285063,0.6539135632435066,0.0,0.0,0.0,4.531942903312421,4.466763272324478,4.598165568192624,5,-41.2357921429295,-41.51929372786721,-41.039295359271414,-27.248304723667758,-27.736129411993964,-26.80167744442685,0.0,0.0,0.0,-3.574380113072693,-3.7633801199495793,-3.388020105082542,-43.455999999998596,-45.54399999999848,-40.907999999998744,0.0011990728143709203,0.00115342044941828,0.0012405862017698362,8.559999999999999,8.24,8.84,0.0,0.0,0.0,,0.8563506200715725,0.8463236625649924,0.8671433874066633,42.76,42.0,43.92,42.76,42.0,43.92,7131.56,7110.941,7149.039999999999,21.922575873832308,21.665885761663855,22.19887071761064,134.83300000001353,133.11900000001313,136.958000000014,reward,41.241099900551085,38.40770412422553,44.97828784350473,0.9796894531249999,0.97861328125,0.9807656249999999,0.9767292968372349,0.9754988280751278,0.977942578092916,476.58400077342986,451.7360006570816,501.7840010213852,checkpoint_eval,True,han_mappo_latency_priority_multiuser_u40,7.045184575455719,6.681225965343065,7.496656681194969,15.800742187500001,15.599882812499999,16.049765625,0.7563563038867931,0.7450938735784486,0.7699824539008643,0.2433575377832951,0.22974948803351172,0.25461241595459916,0.9988009271856292,0.9987594137982303,0.9988465795505818,0.9988009271856292,0.9987594137982303,0.9988465795505818,0.755443389402334,0.7442134614645205,0.7690604998862607,11163.342271583691,10975.846318308202,11316.211164615463,58.279999999999994,52.160000000000004,67.52000000000001,7140.12,7119.584,7157.4,20480.0,20480.0,20480.0,D:\program\LEO_switch\results\multiseed_0907\seed42\u40\learned_baselines\han_mappo\training_history.json,150000.0,150000.0,150000.0,,,,,,,,
40,han_pdqn,HAN+PDQN,5,0.5313076431217715,0.5013599424952785,0.5612553437482644,0.6470367455320721,0.5719310537638246,0.7195981692534928,2.268940042370456,2.237836594301909,2.300043490439004,0.5313076431217715,0.5013599424952785,0.5612553437482644,1.906729963252508,1.88462911496093,1.9302262832142003,5,0.018982421875,0.017888671875,0.020076171875,388.76000000000005,366.36,411.15999999999997,/home/pjpjq/LEO_switch/results/baseline_compare/multiuser_scaling_multiuser_single_seed_150k_20260804/u40/learned_baselines/han_pdqn/best_model.pt,6348.88,6323.32,6388.839999999999,0.10987179038987838,0.10448121824938283,0.11473794852587868,784.68,746.36,820.5200000000001,1.3269790861463169,1.3152107659209349,1.3394276731060888,1.491296255547623,1.4735246514947267,1.5075710140830783,5,5.0,5.0,5.0,0.12000000000000002,0.0,0.27999999999999997,1.12,0.8400000000000001,1.4,0.07361664793081081,0.06359142890367656,0.08364186695794505,0.12000000000000002,0.0,0.27999999999999997,0.012634765624999999,0.009875,0.015671875,240.8,189.96,298.88,240.68,189.76000000000002,298.8,0.0005977735983327404,0.0,0.0013744726274589538,0.011751953124999999,0.009265625,0.014589843749999998,155.18400578975678,121.22400475978853,192.52800680160524,0.0,0.0,0.0,0.9994022264016673,0.9986255273725411,1.0,0.7051171875,0.5559375,0.875390625,True,0.7233943134349072,0.6853428405062113,0.7614457863636034,0.5313076431217715,0.5013599424952785,0.5612553437482644,0.07668215754433805,0.070275238385892,0.0830890767027841,2518.6,2489.2,2540.6,0.594341796875,0.5548225585937502,0.630185546875,0.38989207744598386,0.35240912437438965,0.43104579150676714,77.64115268034861,76.0577631660027,78.97844772814308,0.5313076431217715,0.5013599424952785,0.5612553437482644,0.12000000000000002,0.0,0.27999999999999997,4.349034063765415,4.291510847323184,4.409263572772411,5,-44.29158500547521,-44.628204549354386,-43.93558709566885,-31.30270051786229,-31.679718135563228,-31.01018016814664,-0.0006000000000000002,-0.0014000000000000002,0.0,-4.079580144938081,-4.521120166089386,-3.673440126553178,-19.644999999999918,-20.538999999999877,-18.688999999999965,0.0007621764965263956,0.0006822297485083395,0.0008295550885066164,5.44,4.88,5.92,5.2,3.6,6.0,Successful-Task Delay | P95 Successful-Task Delay | Task Success | Deadline Violation | Successful Task Throughput | Energy per Successful Task,0.7233943134349072,0.6853428405062113,0.7614457863636034,17.96,12.28,23.64,17.96,12.28,23.64,7134.68,7113.8240000000005,7152.360000000001,18.238619696751975,17.126249162754945,19.350990230749005,158.72200000001894,158.0830000000188,159.7210000000192,reward,77.64115268034861,76.0577631660027,78.97844772814308,0.9810175781250001,0.979923828125,0.982111328125,0.9734402342732065,0.9705656248836313,0.9760843749113846,543.9440020847321,489.7920018148422,602.8160023832321,han_pdqn_train_eval,False,,4.862265767476738,4.515959312205429,5.208572222748048,18.600234375,18.5253515625,18.7173046875,0.8898908331313227,0.8850345147128775,0.895273700116458,0.11002852884011713,0.10464900033379172,0.11488346522347825,0.9992378235034737,0.9991704449114934,0.9993177702514917,0.9992378235034737,0.9991704449114934,0.9993177702514917,0.8892092946633564,0.8843669264360331,0.8945884189289591,9467.676390318342,9358.879577500735,9553.62094981365,240.8,189.96,298.88,7140.12,7119.584,7157.4,20480.0,20480.0,20480.0,D:\program\LEO_switch\results\multiseed_0907\seed42\u40\learned_baselines\han_pdqn\training_history.json,150000.0,150000.0,150000.0,,,,,,,,
40,pdqn,PDQN,5,0.48053075711016946,0.46128898721258266,0.5004405048792973,0.6208093852275859,0.5497647762275294,0.6768662078387327,2.380898915859075,2.315840655698832,2.426205519265623,0.48053075711016946,0.46128898721258266,0.5004405048792973,1.9398761306611636,1.9242067506087026,1.957635268184608,5,0.02033203125,0.019001953125,0.0216484375,416.4,389.15999999999997,443.36,/home/pjpjq/LEO_switch/results/baseline_compare/multiuser_scaling_multiuser_single_seed_150k_20260804/u40/learned_baselines/pdqn/best_model.pt,6197.28,6139.0,6280.12,0.13084856532804306,0.11873134664621982,0.13950272656885696,934.4,848.3510000000001,996.0400000000002,1.3347249396212049,1.3244567762749084,1.3429555491385958,1.5367245156881586,1.5197595439627631,1.5534325806823852,5,5.0,5.0,5.0,49.559999999999995,35.56,62.720000000000006,2.5599999999999996,1.64,3.4799999999999995,0.12636604430888432,0.0662118185248047,0.1838004792036636,49.559999999999995,35.56,62.720000000000006,0.01654296875,0.014453125,0.018466796875,306.15999999999997,258.96000000000004,342.48,256.6,218.48000000000002,297.64,0.15355993758699563,0.11573539716023333,0.19511994391385906,0.012529296874999998,0.01066796875,0.014533203125,172.584006562233,151.53600574970247,200.20020767295355,50.64,37.32,63.96,0.8464400624130043,0.8048800560861411,0.8842646028397667,0.7517578125,0.640078125,0.8719921875000001,False,0.7112987610178051,0.6769900640213514,0.7393339137258035,0.48053075711016946,0.46128898721258266,0.5004405048792973,0.08779411939700535,0.08329423910342588,0.09221037459855765,2502.2,2457.6,2533.4,0.42038085937499997,0.389267578125,0.4635652832031249,0.5647952079772949,0.5188697317242623,0.5974679112434387,70.37874695137958,68.96445252154943,72.08953986434568,0.48053075711016946,0.46128898721258266,0.5004405048792973,0.52,0.16,0.9609999999999947,4.461542314204074,4.379140146157688,4.525264636058205,5,-43.76812794463409,-44.30374888765512,-43.33320830792902,-30.50561241997583,-31.264281611318815,-29.944560186746696,-0.2558000000000002,-0.32180000000000025,-0.18980000000000016,-4.417380159404129,-4.568520162627101,-4.214220152366906,-23.423999999999733,-24.97699999999965,-21.283999999999857,0.0008243952729580353,0.0007394333032408546,0.0009275232114147738,5.88,5.279999999999999,6.6,0.8,0.0,2.4,,0.7112987610178051,0.6769900640213514,0.7393339137258035,32.64,17.44,45.36,31.040000000000003,16.759999999999998,43.36,7134.24,7113.14,7152.08,17.817668511140475,16.66463446454451,18.73133575394278,154.93200000001806,153.47500000001776,157.00300000001855,reward,70.37874695137958,68.96445252154943,72.08953986434568,0.97966796875,0.9783515625,0.980998046875,0.9712410154945683,0.9702570310903248,0.9725636717353483,588.9840026712418,561.8960028600693,609.1360032701492,pdqn_train_eval,False,,3.3399281554882805,3.070914684755014,3.6525147097658026,18.156093750000004,17.9853515625,18.3987890625,0.8686888445690293,0.8599624881509236,0.8807554736682504,0.13120737717479447,0.11915089289862182,0.13992815346386508,0.9991756047270419,0.9990724767885852,0.9992605666967592,0.9991756047270419,0.9990724767885852,0.9992605666967592,0.8679682275522476,0.8592585570777695,0.8800185134697313,9522.399421118895,9424.506485648868,9585.490306574611,306.15999999999997,258.96000000000004,342.48,7140.12,7119.584,7157.4,20480.0,20480.0,20480.0,D:\program\LEO_switch\results\multiseed_0907\seed42\u40\learned_baselines\pdqn\training_history.json,150000.0,150000.0,150000.0,/home/pjpjq/LEO_switch/results/baseline_compare/multiuser_scaling_multiuser_single_seed_150k_20260804/u40/learned_baselines/pdqn/pdqn_training.log,,,,,,,
40,mappo_no_han,MAPPO,5,0.6241817320884586,0.6051964023395071,0.6371273662016039,0.8833926053299874,0.8710098635646455,0.8936539356038683,3.429639607317705,3.375235037184081,3.4840441774513295,0.6241817320884586,0.6051964023395071,0.6371273662016039,2.1117426897000966,2.0830662205805863,2.1404191588196064,5,0.02037109375,0.019087890625,0.021693359375000006,417.2,390.91999999999996,444.28000000000003,/home/pjpjq/LEO_switch/results/baseline_compare/multiuser_scaling_multiuser_single_seed_150k_20260804/u40/learned_baselines/mappo_no_han/best_model.pt,5312.5599999999995,5274.92,5350.2,0.2536633197362546,0.2467518313738164,0.2605748080986928,1811.6799999999998,1758.92,1864.44,1.5402652475558376,1.5266950094114076,1.556251647534335,2.0678156279973385,2.0432266625982134,2.083215033641223,5,5.0,5.0,5.0,0.0,0.0,0.0,7.640000000000001,7.44,7.840000000000001,0.47777267168398596,0.43456144897139515,0.5177621660995013,0.0,0.0,0.0,0.004650390625,0.004267578124999999,0.0050546875,51.2,43.12,60.04,51.2,43.12,60.04,0.0,0.0,0.0,0.0025,0.00210546875,0.0029316406250000002,57.144002180099484,52.44000196933747,62.11200238227843,0.0,0.0,0.0,1.0,1.0,1.0,0.15,0.12632812499999999,0.1758984375,False,0.8496765842882408,0.840921472958137,0.8584316956183444,0.6241817320884586,0.6051964023395071,0.6371273662016039,0.057890193788253996,0.05541432551508759,0.06154632006649351,2560.0,2560.0,2560.0,0.749650390625,0.74412890625,0.755171875,0.1925773799419403,0.18102087080478668,0.2036508560180664,38.48505873980564,36.85138016177713,40.21286924297442,0.6241817320884586,0.6051964023395071,0.6371273662016039,0.0,0.0,0.0,4.612565313061937,4.537363826800041,4.690122734699713,5,-40.80407002049303,-40.92540003870429,-40.688856100191295,-26.2360125566666,-26.711079080033027,-25.783048651688937,0.0,0.0,0.0,-3.557580113783479,-3.748800120986998,-3.3903601062670345,-45.48299999999848,-46.80399999999841,-44.161999999998564,0.001154605240820284,0.0010955730024925522,0.00122586004476079,8.24,7.840000000000001,8.72,0.0,0.0,0.0,,0.8496765842882408,0.840921472958137,0.8584316956183444,44.04,43.12,45.0,44.04,43.12,45.0,7131.88,7110.980999999999,7149.56,21.751720557779016,21.52758970772836,21.97585140782967,132.81400000001304,131.87300000001284,133.75500000001324,reward,38.48505873980564,36.85138016177713,40.21286924297442,0.9796289062500001,0.9783066406249998,0.9809121093750001,0.9768386718381663,0.97559374996298,0.9779273437052034,474.34400075435644,452.0480009174347,499.840000758171,mappo_no_han_train_eval,False,,6.665199456772195,6.041803728536021,7.288595185008367,15.564140625000002,15.453867187499998,15.6744140625,0.7449777215847266,0.7380642865355871,0.7518911566338663,0.25473250674541204,0.24781230007243865,0.2616527134183855,0.9988453947591797,0.9987741399552392,0.9989044269975075,0.9988453947591797,0.9987741399552392,0.9989044269975075,0.7441128880137676,0.7372512866580061,0.7509744893695294,10985.0039721418,10877.374732615248,11103.71381220809,51.2,43.12,60.04,7140.12,7119.584,7157.4,20480.0,20480.0,20480.0,D:\program\LEO_switch\results\multiseed_0907\seed42\u40\learned_baselines\mappo_no_han\training_history.json,150000.0,150000.0,150000.0,,,,,,,,
40,maddpg,MADDPG,5,0.6752938399272348,0.6477200336786083,0.6991317172107007,0.9216851528186284,0.9076564815266884,0.9348533176750788,3.8385314605992513,3.7783840983662693,3.8986788228322338,0.6752938399272348,0.6477200336786083,0.6991317172107007,2.310779793456386,2.302307079418135,2.3182817897448076,5,0.020130859374999997,0.01901171875,0.021249999999999998,412.28000000000003,389.36,435.2,/home/pjpjq/LEO_switch/results/baseline_compare/multiuser_scaling_multiuser_single_seed_150k_20260804/u40/learned_baselines/maddpg/maddpg_model.pt,4810.2,4783.68,4836.719999999999,0.32377818068072595,0.3185468252847428,0.329009536076709,2312.32,2270.474,2354.08,1.5194045896236563,1.5045702842052626,1.5319137464415027,2.2532230508030486,2.2149730868911575,2.287880206822358,5,5.0,5.0,5.0,0.6,0.0,1.3199999999999998,9.88,8.68,11.040000000000001,0.3977808323921238,0.3237960678402717,0.4760404268979036,0.6,0.0,1.3199999999999998,0.009097656249999999,0.004541015625,0.013914062500000001,144.24,48.760000000000005,243.12000000000003,143.64000000000001,48.760000000000005,241.8,0.0007680048949692252,0.0,0.001842476223369214,0.0070136718749999995,0.0023808593749999997,0.011806640625,111.43200361251829,55.800002136230475,170.18400518417357,0.0,0.0,0.0,0.9992319951050309,0.9981575237766307,1.0,0.42082031249999996,0.1428515625,0.7083984375000001,False,0.8770573761387255,0.862738858403824,0.8884629308129701,0.6752938399272348,0.6477200336786083,0.6991317172107007,0.04853405883820326,0.04429005852143758,0.05352019769107621,2560.0,2560.0,2560.0,0.00126953125,0.0,0.00380859375,0.9981975674629211,0.9945947527885437,1.0,19.00476138660881,17.659832830692576,20.714517222517607,0.6752938399272348,0.6477200336786083,0.6991317172107007,0.6,0.0,1.3199999999999998,4.846211844063379,4.835862585649657,4.858030328285358,5,-40.6303929473872,-40.8115490896237,-40.4612828695801,-21.086675543708033,-21.14336722847644,-21.029983858939623,-0.0030000000000000005,-0.006600000000000002,0.0,-3.9278401360288258,-4.4361001627333465,-3.494520116019994,-58.05499999999777,-59.08399999999771,-57.024449999997834,0.0010814379049978115,0.0009913436865500041,0.0011620203824025102,7.720000000000001,7.08,8.28,0.0,0.0,0.0,,0.8770573761387255,0.862738858403824,0.8884629308129701,42.08,39.71900000000001,44.72,42.08,39.71900000000001,44.72,7132.4,7111.309999999999,7149.8,22.45266882915142,22.08611477513793,22.744651028812097,120.25500000001023,119.59200000001007,120.91800000001038,reward,19.00476138660881,17.659832830692576,20.714517222517607,0.9798691406250001,0.97875,0.9809882812499999,0.9744281248853077,0.971119140418945,0.9772492186650634,523.7120023488999,465.936001739502,591.4800042200088,maddpg_train_eval,False,,4.124451628360014,3.8362402390531782,4.5143885220510285,14.0923828125,14.014687499999999,14.170078125,0.6744893138660689,0.6693340919976318,0.679644535734506,0.32516114334911006,0.3200167927097972,0.33030549398842296,0.9989185620950021,0.9988379796175975,0.9990086563134499,0.9989185620950021,0.9988379796175975,0.9990086563134499,0.6737574187458921,0.6685931329525159,0.6789217045392684,10837.297168290055,10700.705411482111,10949.73711470677,144.24,48.760000000000005,243.12000000000003,7140.12,7119.584,7157.4,20480.0,20480.0,20480.0,D:\program\LEO_switch\results\multiseed_0907\seed42\u40\learned_baselines\maddpg\training_history.json,150000.0,150000.0,150000.0,/home/pjpjq/LEO_switch/results/baseline_compare/multiuser_scaling_multiuser_single_seed_150k_20260804/u40/learned_baselines/maddpg/maddpg_training.log,19.00476138660881,17.659832830692576,20.714517222517607,,,,
40,min_distance,Min-Distance,5,0.3623259405357267,0.35134860162152853,0.37481033311944256,0.41746297487989165,0.4019463798140809,0.43227686786788505,4.304915852508411,4.261782058161473,4.3480496468553484,0.3623259405357267,0.35134860162152853,0.37481033311944256,2.2816780702583297,2.277142312248981,2.286213828267678,5,0.018447265624999997,0.017390625,0.019473437499999996,377.8,356.16,398.8159999999999,,4457.92,4448.835999999999,4466.4800000000005,0.37472634531983606,0.37346284268880936,0.3761011375848634,2675.8,2661.5029999999997,2691.72,1.6989525800776857,1.696816782056145,1.7013114229347976,2.7189175027567254,2.7143933229792894,2.723354252551533,5,5.0,5.0,5.0,0.0,0.0,0.0,0.52,0.4,0.68,0.08483001308281168,0.08315358016697702,0.08623513094917974,0.0,0.0,0.0,0.00361328125,0.0035761718750000004,0.0036503906249999996,67.8,67.11999999999999,68.48,67.8,67.11999999999999,68.48,0.0,0.0,0.0,0.0033105468750000006,0.0032773437500000003,0.0033437500000000004,44.40000175476074,43.94400172710418,44.856001782417295,0.0,0.0,0.0,1.0,1.0,1.0,0.1986328125,0.196640625,0.200625,False,0.6129595907120795,0.6013903671383708,0.6245288142857882,0.3623259405357267,0.35134860162152853,0.37481033311944256,0.11705218014861378,0.11368893209509243,0.12000222774583244,2560.0,2560.0,2560.0,0.0,0.0,0.0,1.0,1.0,1.0,-1.0328050139232072,-1.1784753685214673,-0.8390680525627916,0.3623259405357267,0.35134860162152853,0.37481033311944256,0.0,0.0,0.0,4.964945755441322,4.939557725180295,4.989309152711717,5,-37.157394934868215,-37.25841227425027,-37.076301659260494,-20.940674100693276,-20.994317801016393,-20.887030400370158,0.0,0.0,0.0,-3.1665001057647166,-3.3241111111813226,-3.0045600983127954,-66.90799999999811,-67.30499999999819,-66.55169999999802,0.0008237580661898157,0.0007904421226059804,0.0008630335660754246,5.88,5.640000000000001,6.159999999999999,0.0,0.0,0.0,,0.6129595907120795,0.6013903671383708,0.6245288142857882,6.2,6.08,6.319999999999999,6.2,6.08,6.319999999999999,7134.24,7113.860000000001,7151.6,15.69176552222929,15.39559339874235,15.987937645716233,111.44800000000821,111.22090000000814,111.66200000000826,reward,-1.0328050139232072,-1.1784753685214673,-0.8390680525627916,0.981552734375,0.9805265625,0.982609375,0.979384765710216,0.9783586524333923,0.9804390625806991,422.199998254776,400.60799834728243,443.21479816412915,heuristic_eval,False,,3.857184552572903,3.791929536761949,3.904669738439368,13.0603125,13.033699218749998,13.085390624999999,0.624890401255205,0.6235144186020989,0.6261429478434368,0.3747992589673104,0.37354145648254944,0.3761740512323377,0.9991762419338102,0.9991369664339246,0.999209557877394,0.9991762419338102,0.9991369664339246,0.999209557877394,0.6243769829664998,0.6230032947072974,0.6256166020304661,12120.697650289363,12092.24415615424,12141.587828296144,67.8,67.11999999999999,68.48,7140.12,7119.584,7157.4,20480.0,20480.0,20480.0,,,,,,,,,min_distance(best_offload=1.00),1.0,1.0,1.0
40,full_local,Full-Local,5,1.0,1.0,1.0,0.0,0.0,0.0,5.308493858334453,5.242739248695342,5.381192839877338,1.0,1.0,1.0,2.2235813618646794,2.214864544899731,2.232419038673376,5,0.713185546875,0.6955859375,0.7310937500000001,14606.039999999999,14245.6,14972.8,,3669.4,3648.1200000000003,3686.2799999999997,0.48603646006040957,0.4825758839155328,0.4894970362052864,3470.7200000000003,3439.2,3502.2400000000002,2.1007241810782307,2.0982576208328134,2.1037362735363976,4.087905713279248,4.057128435286452,4.119649730123296,5,5.0,5.0,5.0,0.0,0.0,0.0,0.0,0.0,0.0,1.0,1.0,1.0,0.0,0.0,0.0,0.0,0.0,0.0,0.0,0.0,0.0,0.0,0.0,0.0,0.0,0.0,0.0,0.0,0.0,0.0,0.0,0.0,0.0,0.0,0.0,0.0,0.0,0.0,0.0,0.0,0.0,0.0,False,0.0,0.0,0.0,1.0,1.0,1.0,0.0,0.0,0.0,0.0,0.0,0.0,1.0,1.0,1.0,0.0,0.0,0.0,-155.25607324840993,-158.28728512044532,-152.19693693537832,1.0,1.0,1.0,0.0,0.0,0.0,5.382604727425593,5.3658547182734155,5.393895610722824,5,-29.575068774339826,-29.69970291947751,-29.453099610257176,-21.102707064644534,-21.17735724489805,-21.02812492849635,0.0,0.0,0.0,-109.54530386298896,-112.29600397318602,-106.84200375914574,-86.7680000000026,-87.5560000000028,-85.98000000000242,0.0,0.0,0.0,0.0,0.0,0.0,0.0,0.0,0.0,,0.0,0.0,0.0,0.0,0.0,0.0,0.0,0.0,0.0,7140.12,7119.584,7157.4,0.0,0.0,0.0,91.73500000000374,91.20300000000361,92.15700000000382,reward,-155.25607324840993,-158.28728512044532,-152.19693693537832,0.28681445312500004,0.26890625,0.3044140625,0.28681445312500004,0.26890625,0.3044140625,14606.039999999999,14245.6,14972.8,heuristic_eval,False,,14.496396681608577,9.294494344993714,19.570435977037576,10.7501953125,10.6878515625,10.7996484375,0.5139635399395904,0.5105029637947137,0.5174241160844673,0.48603646006040957,0.4825758839155328,0.4894970362052864,1.0,1.0,1.0,1.0,1.0,1.0,0.5139635399395904,0.5105029637947137,0.5174241160844673,14999.44947348162,14942.325913481385,15043.859601220505,0.0,0.0,0.0,7140.12,7119.584,7157.4,20480.0,20480.0,20480.0,,,,,,,,,,,,
