method,display_name,episodes,is_system,mean_reward,std_reward,avg_delay,avg_success_delay,p95_success_delay,total_energy,handover_success_rate,handover_failure_rate,forced_termination_rate,total_user_seconds,blocked_user_seconds,blocked_time_ratio,handover_interruption_seconds,service_interruption_seconds,total_handovers,handover_attempts,handover_committed,handover_aborted,handover_radio_failures,migration_rejections,reconnection_attempts,reconnections,failed_handovers,service_continuity_rate,successful_task_throughput,service_availability_rate,task_completion_rate,task_success_rate,task_failure_rate,task_settlement_rate,task_resolution_rate,pending_task_rate,handover_frequency,handovers_per_user_minute,load_balance_variance,load_balance_coefficient,load_variance_sample_count,mec_load_fairness,jain_mec_load_fairness,active_mec_load_fairness,reachable_jain_mec_load_fairness,active_load_balance_score,avg_load_balance_score,resolved_tasks,pending_tasks,total_tasks,completed_tasks,deadline_violations,failed_tasks,deadline_violation_rate,energy_per_successful_task,reward_task_success,reward_load_balance,penalty_delay,penalty_energy,penalty_task_failure,penalty_service_interruption,penalty_failed_handover,handover_action_rate,local_compute_rate,mean_offload_ratio,source,training_history,selection_metric,selection_score,energy_per_resolved_task,primary_metric_win_count,primary_metric_wins_text,source_method,num_users,seed,source_is_system,checkpoint,trained_timesteps,training_log,best_training_eval_reward,selected_offload,method_variant
han_pdqn,HAN+PDQN,5,True,107.63400921341963,4.853743265486484,1.658337722367694,1.5421469396802263,3.51846312414611,3303.5711677490085,1.0,0.0,0.04920899779197635,10240.0,193.8,0.018925781250000002,85.44000322818756,279.24000174999236,135.4,135.4,135.4,0.0,0.0,0.0,7.0,7.0,0.0,0.9727304685791023,20.11171875,0.9810742187500001,0.963586259601785,0.9627770814654582,0.03637995111511352,0.9991570325805718,0.9991570325805718,0.0008429674194282571,0.013222656250000001,0.793359375,0.07726069753392274,0.5278339371875589,2287,0.5278339371875589,0.5964811784203182,0.3140679727179384,0.5964811784203182,0.5278339371875589,0.5278339371875589,3562.0,3.0,3565.0,3432.4,129.0,0.6,0.03621081280074297,0.9624668359599722,171.62000000000478,13.657391737719289,-39.53960281501958,-27.43518245926049,-6.479999999999985,-4.188600167073309,0.0,0.01390625,0.43509765625,0.540608823299408,checkpoint_eval,/home/pjpjq/LEO_switch/results/multiseed_0907/seed43/u20/learned_baselines/han_pdqn/training_history.json,reward,107.63400921341963,0.9274483907212264,6,Successful-Task Delay | P95 Successful-Task Delay | Task Success | Deadline Violation | Successful Task Throughput | Energy per Successful Task,han_pdqn_multiuser_u20,20,43,True,,,,,,
han_mappo,HAN+MAPPO,5,False,99.39433806792367,6.450042243001259,1.8033926673749925,1.5616157051588626,3.5847789371710532,3891.8384921363804,1.0,0.0,0.4853846898359094,10240.0,209.8,0.020488281249999997,29.040001130104066,238.8400007724762,25.0,25.0,25.0,0.0,0.0,0.0,23.4,23.4,0.0,0.9766757811745629,19.737890625,0.9795117187500001,0.9457749424352455,0.9450331666241404,0.05418090772515853,0.9992140743492989,0.9992140743492989,0.0007859256507011705,0.0024414062500000004,0.146484375,0.09627315776013927,0.4439467478052287,2442,0.4439467478052287,0.6093794122223779,0.3662274746888598,0.6093794122223779,0.4439467478052287,0.4439467478052287,3562.2,2.8,3565.0,3368.6,191.8,1.8,0.05367827162338913,1.1553281755436622,168.43000000000404,14.92658851961409,-39.52790838933689,-31.171744083204942,-9.680000000000021,-3.5826001444831492,0.0,0.0047265625,0.69419921875,0.23174253106117249,han_mappo_checkpoint_eval,/home/pjpjq/LEO_switch/results/multiseed_0907/seed43/u20/learned_baselines/han_mappo/training_history.json,reward,99.39433806792367,1.092537895720729,0,,,20,43,False,/home/pjpjq/LEO_switch/results/multiseed_0907/seed43/u20/learned_baselines/han_mappo/best_model.pt,,,,,
pdqn,PDQN,5,False,97.66964704596612,3.2041131188596768,1.7240086665615926,1.585813426850002,3.617092309053396,3592.63262031414,0.7723225445068126,0.22767745549318746,0.06328874421394222,10240.0,199.6,0.0194921875,92.52000362873078,292.12000195980073,195.6,195.6,145.6,50.0,50.0,0.0,8.6,8.6,50.0,0.9714726560586133,19.92421875,0.9805078125,0.9540643325070347,0.9537940451398825,0.04592287527700429,0.9997169204168868,0.9997169204168868,0.000283079583113203,0.014218749999999999,0.853125,0.09339057199996789,0.456067931882669,1865,0.456067931882669,0.549458629536624,0.17350927348180806,0.549458629536624,0.456067931882669,0.456067931882669,3564.0,1.0,3565.0,3400.4,163.0,0.6,0.045753794769116556,1.0565323551094399,170.0200000000044,10.250372509512573,-40.31151127735269,-29.22741596698061,-8.179999999999989,-4.381800171732903,-0.5000000000000003,0.01994140625,0.55216796875,0.4273967742919922,pdqn_train_eval,/home/pjpjq/LEO_switch/results/multiseed_0907/seed43/u20/learned_baselines/pdqn/training_history.json,reward,97.66964704596612,1.0080338440836532,0,,,20,43,False,/home/pjpjq/LEO_switch/results/multiseed_0907/seed43/u20/learned_baselines/pdqn/best_model.pt,150000,/home/pjpjq/LEO_switch/results/multiseed_0907/seed43/u20/learned_baselines/pdqn/pdqn_training.log,,,
mappo_no_han,MAPPO,5,False,89.64559000019453,8.759411018089182,2.1146494974782315,1.7567503942768403,3.939557358567709,3726.987023505524,1.0,0.0,0.3185826673326673,10240.0,208.6,0.020371093749999996,46.560001850128174,255.16000113487243,55.8,55.8,55.8,0.0,0.0,0.0,21.8,21.8,0.0,0.9750820311391726,19.039453125,0.97962890625,0.912532227161073,0.9117200962659535,0.08738194593793432,0.9991020422038878,0.9991020422038878,0.0008979577961123374,0.00544921875,0.326953125,0.08764586063067219,0.4808414919290716,2480,0.4808414919290716,0.6734366122475032,0.5042820057700302,0.6734366122475032,0.4808414919290716,0.4808414919290716,3561.8,3.2,3565.0,3249.4,309.4,3.0,0.08654207125123749,1.1469769875994102,162.4700000000027,16.748615709836535,-41.94039454809594,-28.18523320939487,-15.620000000000093,-3.8274001616984608,0.0,0.007578125,0.775703125,0.1890859454870224,mappo_no_han_checkpoint_eval,/home/pjpjq/LEO_switch/results/multiseed_0907/seed43/u20/learned_baselines/mappo_no_han/training_history.json,reward,89.64559000019453,1.0463774000520871,0,,,20,43,False,/home/pjpjq/LEO_switch/results/multiseed_0907/seed43/u20/learned_baselines/mappo_no_han/best_model.pt,,,,,
maddpg,MADDPG,5,False,53.36472317694133,5.610019583881835,2.817653148794651,2.252885575387208,4.420126718004128,3657.7054759244884,0.9987755102040816,0.0012244897959183673,0.22925806299787027,10240.0,204.8,0.02,106.32000079154969,311.12000224590304,159.4,159.4,158.8,0.6,0.0,0.6,18.4,18.4,0.6,0.9696171872806735,16.550390625,0.9800000000000001,0.7940963073729067,0.7924905538168335,0.20548678031152626,0.9979773341283596,0.9979773341283596,0.002022665871640256,0.015507812499999999,0.93046875,0.07082143680130684,0.558499347752947,2559,0.558499347752947,0.7904247872767372,0.7693602897096209,0.7904247872767372,0.558499347752947,0.558499347752947,3557.8,7.2,3565.0,2824.6,729.6,3.6,0.20448022369058197,1.2949463555634386,141.22999999999786,20.227195564826854,-46.910211872112924,-19.849461534809954,-36.66000000000001,-4.666800233907997,-0.006000000000000001,0.01736328125,0.0,1.0,maddpg_train_eval,/home/pjpjq/LEO_switch/results/multiseed_0907/seed43/u20/learned_baselines/maddpg/training_history.json,reward,53.36472317694133,1.0280806891687246,0,,,20,43,False,/home/pjpjq/LEO_switch/results/multiseed_0907/seed43/u20/learned_baselines/maddpg/maddpg_model.pt,150000,/home/pjpjq/LEO_switch/results/multiseed_0907/seed43/u20/learned_baselines/maddpg/maddpg_training.log,53.36472317694133,,
min_distance,Min-Distance,5,False,24.76163846833806,1.7886704645063072,3.468947162646065,2.275642935049443,4.590804791947306,4840.065552243003,1.0,0.0,0.0863371266002845,10240.0,189.6,0.018515625,22.440000891685486,212.03999996185303,34.2,34.2,34.2,0.0,0.0,0.0,3.2,3.2,0.0,0.9792929687537253,14.91328125,0.981484375,0.7150915675891667,0.7140036220839298,0.28447787564032195,0.9984814977242517,0.9984814977242517,0.0015185022757483544,0.0033398437499999995,0.200390625,0.13014622150776978,0.3152833612730793,2560,0.3152833612730793,0.5589537333222798,0.27967932475118723,0.5589537333222798,0.3152833612730793,0.3152833612730793,3559.6,5.4,3565.0,2545.2,1014.0,0.4,0.28436614767498536,1.9016444885443202,127.25999999999496,14.309215573050437,-42.57621399102102,-20.330762564189133,-50.71999999999925,-3.1806001257151366,0.0,0.00365234375,0.0,1.0,heuristic_eval,,reward,24.76163846833806,1.3597217530742227,0,,,20,43,False,,,,,1.0,min_distance(best_offload=1.00)
full_local,Full-Local,5,False,-157.8711084552342,10.296189392203628,5.281066135823208,2.229730250876382,5.335894044477059,7487.256242590656,0.0,0.0,1.0,10240.0,7449.0,0.72744140625,0.0,7449.0,0.0,0.0,0.0,0.0,0.0,0.0,0.0,0.0,0.0,0.27255859375,10.69453125,0.27255859375,0.5120171194039589,0.5120171194039589,0.4879828805960411,1.0,1.0,0.0,0.0,0.0,0.0,1.0,0.0,1.0,0.0,0.0,0.0,1.0,1.0,3565.0,0.0,3565.0,1825.2,1739.8,0.0,0.4879828805960411,4.102156608914451,91.25999999999696,0.0,-29.359211502818575,-21.04689141017721,-86.98999999999721,-111.73501254171133,0.0,0.0,1.0,0.0,heuristic_eval,,reward,-157.8711084552342,2.1002121297589498,0,,,20,43,False,,,,,,
han_pdqn,HAN+PDQN,5,True,109.83208970593986,3.966780186393456,1.6857037946008078,1.5792695534653376,3.6045498520277435,3223.8098442361224,1.0,0.0,0.052915755929248146,10240.0,179.0,0.017480468750000002,68.64000263214112,247.64000191688538,108.8,108.8,108.8,0.0,0.0,0.0,5.6,5.6,0.0,0.9758164060628042,20.197265625,0.98251953125,0.9644298538772501,0.9635678160370025,0.03553606437376849,0.9991038804107711,0.9991038804107711,0.0008961195892288941,0.010624999999999999,0.6375,0.07349341050085147,0.5456265375726532,2387,0.5456265375726532,0.6360705993003323,0.4287240371128804,0.6360705993003323,0.5456265375726532,0.5456265375726532,3574.2,3.2,3577.4,3447.0,127.0,0.2,0.035480708713652234,0.93525089766061,172.35000000000497,15.193072801434573,-40.51488041002898,-27.121505351608658,-6.359999999999985,-3.7146001528948545,0.0,0.011171875,0.47869140625,0.5140195488929749,checkpoint_eval,/home/pjpjq/LEO_switch/results/multiseed_0907/seed44/u20/learned_baselines/han_pdqn/training_history.json,reward,109.83208970593986,0.9019668301259366,6,Successful-Task Delay | P95 Successful-Task Delay | Task Success | Deadline Violation | Successful Task Throughput | Energy per Successful Task,han_pdqn_multiuser_u20,20,44,True,,,,,,
han_mappo,HAN+MAPPO,5,False,101.1332344736904,6.778335013423131,1.8188847982580778,1.5911334406850186,3.605434224395906,3784.908855442848,1.0,0.0,0.349828124594082,10240.0,200.8,0.019609375,37.4400012254715,238.24000079631804,42.6,42.6,42.6,0.0,0.0,0.0,19.8,19.8,0.0,0.9767343749222347,19.865625,0.9803906249999998,0.9485198939171786,0.947778467879583,0.051436442344981737,0.9992149102245647,0.9992149102245647,0.0007850897754352775,0.00416015625,0.249609375,0.09195392288755133,0.4621853019783042,2473,0.4621853019783042,0.6423443718433509,0.4603331905487444,0.6423443718433509,0.4621853019783042,0.4621853019783042,3574.6,2.8,3577.4,3390.4,181.8,2.4,0.05076590555637619,1.116360563780925,169.5200000000043,15.94593608825339,-40.40965240643283,-31.139451281310507,-9.210000000000013,-3.573600141890347,0.0,0.00609375,0.7952734375,0.1582554429769516,han_mappo_checkpoint_eval,/home/pjpjq/LEO_switch/results/multiseed_0907/seed44/u20/learned_baselines/han_mappo/training_history.json,reward,101.1332344736904,1.058834234723563,0,,,20,44,False,/home/pjpjq/LEO_switch/results/multiseed_0907/seed44/u20/learned_baselines/han_mappo/best_model.pt,,,,,
pdqn,PDQN,5,False,98.41645005525788,2.9417343910262295,1.8334069111608993,1.654153006165569,3.884212040249628,3324.5579927479207,0.7143935983904635,0.28560640160953643,0.11352236317369577,10240.0,186.4,0.018203125,63.00000252723694,249.40000128746033,133.8,133.8,93.6,40.2,40.2,0.0,11.4,11.4,40.2,0.9756445311242714,19.7203125,0.981796875,0.9414631579795374,0.9408338047219995,0.05849506817001758,0.999328872892017,0.999328872892017,0.0006711271079830215,0.009140625000000001,0.5484375,0.09794061073647327,0.4370268504779254,2213,0.4370268504779254,0.5919042746862155,0.3128225966547548,0.5919042746862155,0.4370268504779254,0.4370268504779254,3575.0,2.4,3577.4,3365.6,208.0,1.4,0.0581026161326223,0.9878054411540055,168.280000000004,13.110845728572329,-41.11440584267335,-27.246991680158356,-10.470000000000013,-3.7410001484677196,-0.4020000000000003,0.0141796875,0.547109375,0.4350792169570923,pdqn_train_eval,/home/pjpjq/LEO_switch/results/multiseed_0907/seed44/u20/learned_baselines/pdqn/training_history.json,reward,98.41645005525788,0.92994629167774,0,,,20,44,False,/home/pjpjq/LEO_switch/results/multiseed_0907/seed44/u20/learned_baselines/pdqn/best_model.pt,150000,/home/pjpjq/LEO_switch/results/multiseed_0907/seed44/u20/learned_baselines/pdqn/pdqn_training.log,,,
mappo_no_han,MAPPO,5,False,84.07998290453106,9.75381767534926,2.254380841765829,1.8081957408838647,3.9835259472336717,3849.07581263243,1.0,0.0,0.3616551788682936,10240.0,196.4,0.019179687499999997,43.32000172138214,239.72000081539153,49.2,49.2,49.2,0.0,0.0,0.0,23.0,23.0,0.0,0.976589843670372,18.701953125,0.9808203125,0.8937074542067244,0.892456543459342,0.1061428527686226,0.9985993962279647,0.9985993962279647,0.0014006037720353539,0.0048046875,0.28828125,0.09363803131157651,0.45501939378371703,2530,0.45501939378371703,0.6794224306243535,0.5491805015391557,0.6794224306243535,0.45501939378371703,0.45501939378371703,3572.4,5.0,3577.4,3191.8,377.6,3.0,0.10530426243826807,1.205926377790723,159.59000000000202,17.210049691206457,-42.2216305427752,-27.87263783610802,-19.030000000000136,-3.595800142735243,0.0,0.00705078125,0.75853515625,0.1986982226371765,mappo_no_han_checkpoint_eval,/home/pjpjq/LEO_switch/results/multiseed_0907/seed44/u20/learned_baselines/mappo_no_han/training_history.json,reward,84.07998290453106,1.077448161637115,0,,,20,44,False,/home/pjpjq/LEO_switch/results/multiseed_0907/seed44/u20/learned_baselines/mappo_no_han/best_model.pt,,,,,
maddpg,MADDPG,5,False,52.94540028470219,6.314182361166431,2.8748562845712713,2.240641723113953,4.43252541778377,3742.296782532222,1.0,0.0,0.17151384511647602,10240.0,192.6,0.018808593749999998,60.00000178813934,252.60000143051147,86.4,86.4,86.4,0.0,0.0,0.0,13.6,13.6,0.0,0.9753320311103015,16.52578125,0.98119140625,0.7897130389744146,0.7885736500325734,0.20997701409971642,0.9985506641322898,0.9985506641322898,0.0014493358677101595,0.008437499999999999,0.50625,0.07689139128508694,0.5295600108475859,2560,0.5295600108475859,0.7734253103884197,0.7441955499338876,0.7734253103884197,0.5295600108475859,0.5295600108475859,3572.2,5.2,3577.4,2820.4,749.0,2.8,0.20919587382304386,1.3268673885024187,141.01999999999782,19.799687945943532,-46.548347878897104,-19.946940598478783,-37.58999999999996,-3.789000160805881,0.0,0.009765625,0.0,1.0,maddpg_train_eval,/home/pjpjq/LEO_switch/results/multiseed_0907/seed44/u20/learned_baselines/maddpg/training_history.json,reward,52.94540028470219,1.0476168138772248,0,,,20,44,False,/home/pjpjq/LEO_switch/results/multiseed_0907/seed44/u20/learned_baselines/maddpg/maddpg_model.pt,150000,/home/pjpjq/LEO_switch/results/multiseed_0907/seed44/u20/learned_baselines/maddpg/maddpg_training.log,52.94540028470219,,
min_distance,Min-Distance,5,False,25.340322523304348,2.5550045065582223,3.4902891213485616,2.2706309451699838,4.586653186404208,4805.242284420552,1.0,0.0,0.0805263157894737,10240.0,176.4,0.017226562499999997,22.8000009059906,199.20000021457673,35.0,35.0,35.0,0.0,0.0,0.0,3.0,3.0,0.0,0.9805468749790454,14.96953125,0.9827734375,0.7151897643376011,0.7141863325687104,0.2844122290485728,0.9985985616172831,0.9985985616172831,0.0014014383827168056,0.00341796875,0.205078125,0.13101465374780727,0.3122854858253007,2560,0.3122854858253007,0.560949910340008,0.2979083156210309,0.560949910340008,0.3122854858253007,0.3122854858253007,3572.4,5.0,3577.4,2554.8,1017.2,0.4,0.28430050108323623,1.880868281047656,127.73999999999498,14.360317704704272,-42.62330568853322,-20.268688974030702,-50.87999999999925,-2.9880001178011297,0.0,0.0037109375,0.0,1.0,heuristic_eval,,reward,25.340322523304348,1.3451019719013975,0,,,20,44,False,,,,,1.0,min_distance(best_offload=1.00)
full_local,Full-Local,5,False,-161.9091216923436,10.555639699156597,5.2434322110841105,2.229229859681415,5.3572092138797425,7491.639949062216,0.0,0.0,1.0,10240.0,7752.2,0.75705078125,0.0,7752.2,0.0,0.0,0.0,0.0,0.0,0.0,0.0,0.0,0.0,0.24294921875000003,10.7859375,0.24294921875000003,0.5146199284257768,0.5146199284257768,0.48538007157422325,1.0,1.0,0.0,0.0,0.0,0.0,1.0,0.0,1.0,0.0,0.0,0.0,1.0,1.0,3577.4,0.0,3577.4,1840.8,1736.6,0.0,0.48538007157422325,4.069773983627888,92.03999999999692,0.0,-29.621474581491007,-21.214641666152474,-86.8299999999972,-116.28301396816968,0.0,0.0,1.0,0.0,heuristic_eval,,reward,-161.9091216923436,2.094157753972778,0,,,20,44,False,,,,,,
han_pdqn,HAN+PDQN,5,True,108.92507776578422,4.896557432449917,1.682744838377174,1.5713679408565187,3.5866286944049692,3261.287757643589,1.0,0.0,0.09446366589223733,10240.0,154.6,0.015097656249999999,60.720002388954164,215.3200014591217,92.0,92.0,92.0,0.0,0.0,0.0,9.2,9.2,0.0,0.9789726561075076,20.1515625,0.98490234375,0.9614831699223092,0.9607318713605218,0.038484872274775705,0.9992167436352976,0.9992167436352976,0.0007832563647023705,0.008984375000000001,0.5390625,0.07406794512394244,0.5428863222148396,2337,0.5428863222148396,0.6349541883387517,0.38637447528863933,0.6349541883387517,0.5428863222148396,0.5428863222148396,3577.0,2.8,3579.8,3439.2,137.2,0.6,0.03831679170866557,0.9482692944997643,171.96000000000487,14.857762597898533,-40.459188559804474,-27.31369896144928,-6.889999999999989,-3.229800128750503,0.0,0.0098828125,0.5833984375,0.40250328183174133,checkpoint_eval,/home/pjpjq/LEO_switch/results/multiseed_0907/seed45/u20/learned_baselines/han_pdqn/training_history.json,reward,108.92507776578422,0.9117382604538968,4,Task Success | Deadline Violation | Successful Task Throughput | Energy per Successful Task,han_pdqn_multiuser_u20,20,45,True,,,,,,
pdqn,PDQN,5,False,100.95975698692492,2.0075321908666353,1.6887483558801661,1.5702587221828452,3.5638381741626275,3622.047550070037,0.8893974745137536,0.11060252548624641,0.11841041693786862,10240.0,176.4,0.017226562499999997,93.72000341415405,270.12000200748446,159.4,159.4,139.0,20.4,20.4,0.0,17.2,17.2,20.4,0.9736210935539565,20.082421875,0.9827734375,0.9579194129685679,0.9573818011954579,0.04205525491652177,0.9994370561119796,0.9994370561119796,0.0005629438880204015,0.01357421875,0.814453125,0.09545911972958508,0.447349256234384,1969,0.447349256234384,0.585527815049998,0.2423079341137233,0.585527815049998,0.447349256234384,0.447349256234384,3577.8,2.0,3579.8,3427.4,149.2,1.2,0.04171955484232861,1.056791605902444,171.37000000000472,11.510279949216429,-40.351120832881314,-29.79360358314792,-7.5199999999999845,-4.051800167560577,-0.20400000000000013,0.01724609375,0.47720703125,0.49216458201408386,pdqn_train_eval,/home/pjpjq/LEO_switch/results/multiseed_0907/seed45/u20/learned_baselines/pdqn/training_history.json,reward,100.95975698692492,1.0123672508441044,2,Successful-Task Delay | P95 Successful-Task Delay,,20,45,False,/home/pjpjq/LEO_switch/results/multiseed_0907/seed45/u20/learned_baselines/pdqn/best_model.pt,150000,/home/pjpjq/LEO_switch/results/multiseed_0907/seed45/u20/learned_baselines/pdqn/pdqn_training.log,,,
han_mappo,HAN+MAPPO,5,False,98.55281165554189,9.002903845439278,1.9724738327819975,1.7031714430513123,3.7962930601889155,3781.561199192339,1.0,0.0,0.25955003319325315,10240.0,162.2,0.01583984375,44.16000163555145,206.3600013256073,55.4,55.4,55.4,0.0,0.0,0.0,18.2,18.2,0.0,0.9798476561205461,19.630078125,0.98416015625,0.9370815002026468,0.9358785362652204,0.06283493232631424,0.9987134685915346,0.9987134685915346,0.001286531408465313,0.005410156250000001,0.324609375,0.08305287133275058,0.5012631417924448,2533,0.5012631417924448,0.7016349665946,0.5644447114686797,0.7016349665946,0.5012631417924448,0.5012631417924448,3575.2,4.6,3579.8,3350.2,223.6,1.4,0.06244376490586967,1.1287568500962148,167.51000000000383,17.782053409177674,-42.40159274105289,-29.992250877578766,-11.250000000000037,-3.095400124415755,0.0,0.0071875,0.56794921875,0.3488716781139374,han_mappo_checkpoint_eval,/home/pjpjq/LEO_switch/results/multiseed_0907/seed45/u20/learned_baselines/han_mappo/training_history.json,reward,98.55281165554189,1.057720183260332,0,,,20,45,False,/home/pjpjq/LEO_switch/results/multiseed_0907/seed45/u20/learned_baselines/han_mappo/best_model.pt,,,,,
mappo_no_han,MAPPO,5,False,82.6592917806236,11.433247842057296,2.2746380414165914,1.7917438677047133,3.878584056366255,4113.311581158108,1.0,0.0,0.32274224021592446,10240.0,168.0,0.01640625,47.88000190258026,215.8800012111664,55.8,55.8,55.8,0.0,0.0,0.0,24.0,24.0,0.0,0.9789179686317221,18.68203125,0.98359375,0.8920632786843715,0.8907730679899954,0.10777113060083225,0.9985441985908278,0.9985441985908278,0.0014558014091722471,0.00544921875,0.326953125,0.09283570128726432,0.458424540159097,2527,0.458424540159097,0.6753000848126287,0.5019007467461686,0.6753000848126287,0.458424540159097,0.458424540159097,3574.6,5.2,3579.8,3188.4,383.2,3.0,0.10693656544742498,1.2900864324294656,159.420000000002,17.091514862517222,-42.14680392692975,-29.15722108634453,-19.310000000000144,-3.2382001325488092,0.0,0.00779296875,0.74935546875,0.18969279527664185,mappo_no_han_checkpoint_eval,/home/pjpjq/LEO_switch/results/multiseed_0907/seed45/u20/learned_baselines/mappo_no_han/training_history.json,reward,82.6592917806236,1.150705416314583,0,,,20,45,False,/home/pjpjq/LEO_switch/results/multiseed_0907/seed45/u20/learned_baselines/mappo_no_han/best_model.pt,,,,,
maddpg,MADDPG,5,False,42.24369889772352,7.909895365160615,3.107168911562539,2.2593235245368257,4.474832751251135,4156.026169621653,1.0,0.0,0.40594861822384126,10240.0,160.4,0.0156640625,24.240000677108764,184.64000041484832,24.0,24.0,24.0,0.0,0.0,0.0,16.4,16.4,0.0,0.9819687499594876,15.844921875,0.9843359375,0.7566492690410318,0.7552534230119174,0.2429041606264173,0.998157583638335,0.998157583638335,0.0018424163616650995,0.00234375,0.140625,0.09031714724154398,0.4692177695210852,2560,0.4692177695210852,0.712493808028362,0.5974770430642555,0.712493808028362,0.4692177695210852,0.4692177695210852,3573.2,6.6,3579.8,2704.2,865.4,3.6,0.24190358953495572,1.5368782522082882,135.20999999999648,18.23984148552608,-45.02016121767527,-19.96638189357639,-43.44999999999966,-2.76960011087358,0.0,0.0039453125,0.0,0.9997242093086243,maddpg_train_eval,/home/pjpjq/LEO_switch/results/multiseed_0907/seed45/u20/learned_baselines/maddpg/training_history.json,reward,42.24369889772352,1.1631104247234,0,,,20,45,False,/home/pjpjq/LEO_switch/results/multiseed_0907/seed45/u20/learned_baselines/maddpg/maddpg_model.pt,150000,/home/pjpjq/LEO_switch/results/multiseed_0907/seed45/u20/learned_baselines/maddpg/maddpg_training.log,42.24369889772352,,
min_distance,Min-Distance,5,False,24.614484309302497,3.7723301472476822,3.5366356035144384,2.2687795947640073,4.581141393117081,4837.492074111979,0.9933333333333334,0.006666666666666666,0.08216030271757827,10240.0,147.0,0.01435546875,22.560000896453857,169.56000032424927,34.8,34.8,34.6,0.2,0.0,0.2,3.0,3.0,0.2,0.9834414062183351,14.883984375,0.98564453125,0.7107281165111032,0.709577498299977,0.2887960379020909,0.9983735362020678,0.9983735362020678,0.0016264637979322484,0.00337890625,0.202734375,0.1295058796567991,0.31750264436526804,2560,0.31750264436526804,0.5676776348403056,0.2773148734146511,0.5676776348403056,0.31750264436526804,0.31750264436526804,3574.0,5.8,3579.8,2540.2,1033.6,0.2,0.28874104752540686,1.9043744878796862,127.00999999999503,14.532547451911901,-42.52430801578699,-20.168354439146828,-51.6899999999992,-2.5434000957757235,-0.0020000000000000005,0.00369140625,0.0,1.0,heuristic_eval,,reward,24.614484309302497,1.3535232440156628,0,,,20,45,False,,,,,1.0,min_distance(best_offload=1.00)
full_local,Full-Local,5,False,-153.67201785261278,22.16604242278855,5.317631292140069,2.217609530977666,5.319796751815373,7482.039319881367,0.0,0.0,1.0,10240.0,7151.4,0.6983789062500001,0.0,7151.4,0.0,0.0,0.0,0.0,0.0,0.0,0.0,0.0,0.0,0.30162109375,10.72734375,0.30162109375,0.5114357899263873,0.5114357899263873,0.48856421007361267,1.0,1.0,0.0,0.0,0.0,0.0,1.0,0.0,1.0,0.0,0.0,0.0,1.0,1.0,3579.8,0.0,3579.8,1830.8,1749.0,0.0,0.48856421007361267,4.0867595149013365,91.53999999999695,0.0,-29.408180079931753,-21.082832808572487,-87.44999999999717,-107.2710127979517,0.0,0.0,1.0,0.0,heuristic_eval,,reward,-153.67201785261278,2.090071881077537,0,,,20,45,False,,,,,,
han_pdqn,HAN+PDQN,5,True,109.26812162315473,5.26421562745421,1.6479744970339916,1.5401064186619637,3.571594397771565,3265.139177380648,1.0,0.0,0.07689511261783,10240.0,168.6,0.016464843750000003,71.280002784729,239.88000180721284,109.6,109.6,109.6,0.0,0.0,0.0,9.2,9.2,0.0,0.9765742185735145,20.1703125,0.98353515625,0.9637847444745556,0.9630322791915222,0.03618518027057521,0.9992174594620975,0.9992174594620975,0.0007825405379025,0.010703124999999999,0.6421875,0.07367286115059785,0.5447696115843368,2272,0.5447696115843368,0.6209229007038641,0.3493189501570655,0.6209229007038641,0.5447696115843368,0.5447696115843368,3571.8,2.8,3574.6,3442.4,129.2,0.2,0.03612979395099615,0.9485066167152707,172.12000000000486,14.12440533087551,-39.54491368121727,-27.36317264655412,-6.469999999999989,-3.5982001489028335,0.0,0.0116015625,0.4748046875,0.5171842575073242,checkpoint_eval,/home/pjpjq/LEO_switch/results/multiseed_0907/seed46/u20/learned_baselines/han_pdqn/training_history.json,reward,109.26812162315473,0.9141438987011165,6,Successful-Task Delay | P95 Successful-Task Delay | Task Success | Deadline Violation | Successful Task Throughput | Energy per Successful Task,han_pdqn_multiuser_u20,20,46,True,,,,,,
han_mappo,HAN+MAPPO,5,False,94.76096199864988,9.87983237923362,2.061440570561256,1.744822149780687,3.8612101022312104,3780.7033705311756,1.0,0.0,0.4168571431676053,10240.0,180.6,0.017636718750000002,30.48000113964081,211.08000066280366,29.6,29.6,29.6,0.0,0.0,0.0,21.2,21.2,0.0,0.9793867186852732,19.376953125,0.9823632812499999,0.926248579638753,0.9251697444090266,0.07365554872054252,0.9988252931295689,0.9988252931295689,0.0011747068704310367,0.002890625,0.1734375,0.080775602342268,0.5115987892076397,2508,0.5115987892076397,0.7118756923501061,0.581762536815464,0.7118756923501061,0.5115987892076397,0.5115987892076397,3570.4,4.2,3574.6,3307.0,259.4,4.0,0.07253869126952198,1.14324262791992,165.35000000000338,17.892265583191243,-42.529842944407946,-29.615262971965727,-13.170000000000067,-3.1662001254037024,0.0,0.0049609375,0.71021484375,0.2282070368528366,han_mappo_checkpoint_eval,/home/pjpjq/LEO_switch/results/multiseed_0907/seed46/u20/learned_baselines/han_mappo/training_history.json,reward,94.76096199864988,1.0589019074980885,0,,,20,46,False,/home/pjpjq/LEO_switch/results/multiseed_0907/seed46/u20/learned_baselines/han_mappo/best_model.pt,,,,,
pdqn,PDQN,5,False,94.72128287802916,4.09847341280759,1.7620787294930575,1.5962896687424133,3.6496556679870578,3796.6574957475023,0.7927396364567529,0.20726036354324706,0.1107149484357934,10240.0,187.4,0.018300781250000002,90.72000336647034,278.1200017690659,172.4,172.4,133.6,38.8,39.8,0.0,18.6,17.6,38.8,0.9728398435772396,19.79296875,0.98169921875,0.945331983107808,0.9450161503144783,0.05464605296640512,0.9996622032808833,0.9996622032808833,0.0003377967191166794,0.013046875,0.7828125,0.09875357701574704,0.4336770515114281,1851,0.4336770515114281,0.5540204959352544,0.1710215872817483,0.5540204959352544,0.4336770515114281,0.4336770515114281,3573.4,1.2,3574.6,3378.0,193.2,2.2,0.05403035886369786,1.1239364996292192,168.90000000000416,10.272039727291883,-40.192021132314586,-29.91893696531672,-9.770000000000016,-4.171800150163472,-0.3980000000000003,0.01865234375,0.506875,0.4422253370285034,pdqn_train_eval,/home/pjpjq/LEO_switch/results/multiseed_0907/seed46/u20/learned_baselines/pdqn/training_history.json,reward,94.72128287802916,1.062477611167936,0,,,20,46,False,/home/pjpjq/LEO_switch/results/multiseed_0907/seed46/u20/learned_baselines/pdqn/best_model.pt,150000,/home/pjpjq/LEO_switch/results/multiseed_0907/seed46/u20/learned_baselines/pdqn/pdqn_training.log,,,
mappo_no_han,MAPPO,5,False,81.88207403584383,11.111476975605894,2.319837126038724,1.8521754130028323,4.131380341185765,3747.185699249766,1.0,0.0,0.3289727564517819,10240.0,182.4,0.0178125,46.560001850128174,228.96000070571898,54.6,54.6,54.6,0.0,0.0,0.0,23.0,23.0,0.0,0.9776406249310821,18.4640625,0.9821875,0.8832004437689085,0.8816778660916919,0.11658599086244666,0.9982638569541384,0.9982638569541384,0.0017361430458616004,0.00533203125,0.319921875,0.08911159352529283,0.4744408906878237,2539,0.4744408906878237,0.6972553465495765,0.5498832529577738,0.6972553465495765,0.4744408906878237,0.4744408906878237,3568.4,6.2,3574.6,3151.2,413.6,3.6,0.11558204739182587,1.189129759853315,157.5600000000016,17.713894828149318,-42.46262980298396,-26.634792754135265,-20.860000000000163,-3.4344001395627854,0.0,0.007578125,0.76365234375,0.204743430018425,mappo_no_han_checkpoint_eval,/home/pjpjq/LEO_switch/results/multiseed_0907/seed46/u20/learned_baselines/mappo_no_han/training_history.json,reward,81.88207403584383,1.05010248269526,0,,,20,46,False,/home/pjpjq/LEO_switch/results/multiseed_0907/seed46/u20/learned_baselines/mappo_no_han/best_model.pt,,,,,
maddpg,MADDPG,5,False,53.13744219953078,5.965552971501291,2.8799041235426848,2.251597050396667,4.469199168818324,3696.8419122776495,0.9996268656716417,0.00037313432835820896,0.2340630216848527,10240.0,180.4,0.017617187500000003,107.88000149726868,288.2800026893616,159.0,159.0,158.8,0.2,0.0,0.2,21.0,21.0,0.2,0.971847655987367,16.52109375,0.9823828124999998,0.790371989366811,0.7888792073163688,0.20921806071490412,0.998097268031273,0.998097268031273,0.0019027319687269992,0.015507812499999999,0.93046875,0.06853664260987757,0.569678125264749,2559,0.569678125264749,0.7998058999939687,0.7812603236594121,0.7998058999939687,0.569678125264749,0.569678125264749,3567.8,6.8,3574.6,2819.6,743.0,5.2,0.20776749679107387,1.3111228231939458,140.9799999999978,20.467187365229318,-46.75082483546223,-19.822721479597142,-37.40999999999997,-4.324200208112598,-0.0020000000000000005,0.017578125,0.0,1.0,maddpg_train_eval,/home/pjpjq/LEO_switch/results/multiseed_0907/seed46/u20/learned_baselines/maddpg/training_history.json,reward,53.13744219953078,1.0361684826160797,0,,,20,46,False,/home/pjpjq/LEO_switch/results/multiseed_0907/seed46/u20/learned_baselines/maddpg/maddpg_model.pt,150000,/home/pjpjq/LEO_switch/results/multiseed_0907/seed46/u20/learned_baselines/maddpg/maddpg_training.log,53.13744219953078,,
min_distance,Min-Distance,5,False,24.411716155611067,3.731306755406094,3.544458664161912,2.270076615295868,4.605977211642776,4815.424934137036,0.9933333333333334,0.006666666666666666,0.08244479773891539,10240.0,162.8,0.0158984375,22.68000090122223,185.48000013828278,34.6,34.6,34.4,0.2,0.0,0.2,3.4,3.4,0.2,0.9818867187364958,14.832421875,0.9841015625,0.7093110169499005,0.708160845078871,0.2902111073516168,0.9983719524304877,0.9983719524304877,0.0016280475695121832,0.0033593750000000004,0.2015625,0.12718955785678177,0.3255934306374652,2560,0.3255934306374652,0.5755779042554738,0.2920510810932068,0.5755779042554738,0.3255934306374652,0.3255934306374652,3568.8,5.8,3574.6,2531.4,1037.2,0.2,0.29015572103203774,1.9022773698890083,126.569999999995,14.73479434894021,-42.32815734785623,-19.91072027911261,-51.869999999999195,-2.782200105302036,-0.0020000000000000005,0.0037109375,0.0,1.0,heuristic_eval,,reward,24.411716155611067,1.3493120752457508,0,,,20,46,False,,,,,1.0,min_distance(best_offload=1.00)
full_local,Full-Local,5,False,-159.9866855757078,23.989012060068866,5.375749639807349,2.229215025292247,5.375795910742814,7491.391184992937,0.0,0.0,1.0,10240.0,7440.4,0.7266015625,0.0,7440.4,0.0,0.0,0.0,0.0,0.0,0.0,0.0,0.0,0.0,0.27339843750000004,10.550390625,0.27339843750000004,0.5038136607693582,0.5038136607693582,0.49618633923064187,1.0,1.0,0.0,0.0,0.0,0.0,1.0,0.0,1.0,0.0,0.0,0.0,1.0,1.0,3574.6,0.0,3574.6,1800.6,1774.0,0.0,0.49618633923064187,4.160497159276318,90.02999999999705,0.0,-29.00297127681366,-20.70770959910842,-88.6999999999971,-111.6060132458806,0.0,0.0,1.0,0.0,heuristic_eval,,reward,-159.9866855757078,2.0957285248679396,0,,,20,46,False,,,,,,
han_pdqn,HAN+PDQN,5,True,100.18341434044996,4.157187831438048,1.863771909753752,1.6860047377265015,3.862714577332697,4631.248534642373,1.0,0.0,0.09188283573357134,12800.0,253.4,0.019796875,69.6000027179718,323.00000112056733,106.0,106.0,106.0,0.0,0.0,0.0,10.0,10.0,0.0,0.9747656249124557,19.7296875,0.9802031249999998,0.9435629496085859,0.9431378160482,0.05641487537319746,0.9995526914213974,0.9995526914213974,0.0004473085786026338,0.00828125,0.496875,0.0740565961930671,0.5429403563262418,2464,0.5429403563262418,0.6678546511399228,0.5118972370893059,0.6678546511399228,0.5429403563262418,0.5429403563262418,4460.8,2.0,4462.8,4209.0,249.6,2.2,0.055922513920984664,1.1003203931200696,168.3600000000008,16.465360943449223,-41.86909714315494,-28.824849102893477,-10.071999999999955,-3.876000102329999,0.0,0.0090625,0.49709375,0.48888441920280457,checkpoint_eval,/home/pjpjq/LEO_switch/results/multiseed_0907/seed43/u25/learned_baselines/han_pdqn/training_history.json,reward,100.18341434044996,1.0382103063671029,5,Successful-Task Delay | Task Success | Deadline Violation | Successful Task Throughput | Energy per Successful Task,han_pdqn_multiuser_u25,25,43,True,,,,,,
pdqn,PDQN,5,False,89.71534303971566,2.5093988406352516,1.9075226371852576,1.6950600483348104,3.839919981252412,5051.79167649453,0.7982351347824019,0.201764865217598,0.14566076161783986,12800.0,263.2,0.020562500000000004,75.36000294685364,338.5600019931793,136.4,136.4,108.8,27.6,27.6,0.0,16.8,16.8,27.6,0.9735499998442828,19.573124999999997,0.9794375000000001,0.9357828422097183,0.9356575788274268,0.06420878419476762,0.9998663630221947,0.9998663630221947,0.0001336369778054679,0.008499999999999999,0.51,0.10009385651193602,0.4281884434694532,2023,0.4281884434694532,0.5509042539947706,0.2202381256811572,0.5509042539947706,0.4281884434694532,0.4281884434694532,4462.2,0.6,4462.8,4175.6,284.6,2.0,0.06376105103628552,1.2098361137308482,167.02400000000105,11.164338716396184,-42.00485839340745,-30.72061654704053,-11.463999999999931,-4.06272009704262,-0.22080000000000016,0.01196875,0.406734375,0.5743475556373596,pdqn_train_eval,/home/pjpjq/LEO_switch/results/multiseed_0907/seed43/u25/learned_baselines/pdqn/training_history.json,reward,89.71534303971566,1.1321302667954216,1,P95 Successful-Task Delay,,25,43,False,/home/pjpjq/LEO_switch/results/multiseed_0907/seed43/u25/learned_baselines/pdqn/best_model.pt,150000,/home/pjpjq/LEO_switch/results/multiseed_0907/seed43/u25/learned_baselines/pdqn/pdqn_training.log,,,
han_mappo,HAN+MAPPO,5,False,83.35716227259545,8.623537364513275,2.3290904516044306,1.8259546705266836,3.9101050156231003,5508.8316588148045,1.0,0.0,0.3967995036131559,12800.0,281.2,0.021968750000000002,42.120001673698425,323.32000064849854,42.6,42.6,42.6,0.0,0.0,0.0,27.6,27.6,0.0,0.9747406249493361,18.78,0.9780312500000001,0.8987706368880428,0.8978052689071221,0.10111883983352285,0.998924108740645,0.998924108740645,0.0010758912593549885,0.003328125,0.1996875,0.07753564095956868,0.526551426694112,2544,0.526551426694112,0.7485263891795293,0.7029511984773928,0.7485263891795293,0.526551426694112,0.526551426694112,4458.0,4.8,4462.8,4006.4,447.0,4.6,0.10009012987001564,1.3750079020604045,160.2560000000024,19.0495263814745,-43.1626155711657,-30.84190896903119,-18.06399999999979,-3.879840093664825,0.0,0.005484375,0.69528125,0.22336110472679138,han_mappo_checkpoint_eval,/home/pjpjq/LEO_switch/results/multiseed_0907/seed43/u25/learned_baselines/han_mappo/training_history.json,reward,83.35716227259545,1.2357181827758645,0,,,25,43,False,/home/pjpjq/LEO_switch/results/multiseed_0907/seed43/u25/learned_baselines/han_mappo/best_model.pt,,,,,
mappo_no_han,MAPPO,5,False,68.5771108149027,9.246013006264215,2.704101502874201,1.995650419753107,4.294737828674651,5311.526548567525,1.0,0.0,0.40964342188041136,12800.0,279.8,0.021859374999999997,45.600001788139345,325.4000005722046,48.6,48.6,48.6,0.0,0.0,0.0,27.4,27.4,0.0,0.9745781249552966,17.6475,0.978140625,0.8445771469905521,0.8436710924601029,0.1552525917006627,0.9989236841607655,0.9989236841607655,0.0010763158392344614,0.0037968749999999995,0.22781249999999997,0.07354704406354481,0.545370323030365,2558,0.545370323030365,0.7809432239661047,0.755601816829147,0.7809432239661047,0.545370323030365,0.545370323030365,4458.0,4.8,4462.8,3764.8,686.2,7.0,0.15368500021288237,1.4108389684890366,150.5920000000043,19.9771678203678,-43.52638561526709,-26.832871829298654,-27.72799999999959,-3.904800090007484,0.0,0.0059375,0.75803125,0.20367832481861115,mappo_no_han_checkpoint_eval,/home/pjpjq/LEO_switch/results/multiseed_0907/seed43/u25/learned_baselines/mappo_no_han/training_history.json,reward,68.5771108149027,1.1914595218859412,0,,,25,43,False,/home/pjpjq/LEO_switch/results/multiseed_0907/seed43/u25/learned_baselines/mappo_no_han/best_model.pt,,,,,
maddpg,MADDPG,5,False,37.25390280824577,7.016712461109202,3.280052852350491,2.2987219713337064,4.628748111173401,5465.302207931258,0.9987012987012986,0.0012987012987012987,0.2850874720246326,12800.0,278.6,0.021765625,97.32000341415406,375.9200033426285,137.0,137.0,136.4,0.6,0.0,0.6,25.8,25.8,0.6,0.9706312497388572,15.48375,0.9782343749999999,0.74128680857822,0.7401899572671073,0.2583312432744175,0.9985212005415249,0.9985212005415249,0.001478799458475162,0.010656249999999999,0.6393749999999999,0.06936617813548582,0.565600975404112,2559,0.565600975404112,0.807141851674389,0.8129352638346294,0.807141851674389,0.565600975404112,0.565600975404112,4456.2,6.6,4462.8,3303.2,1144.8,8.2,0.2564980328082668,1.6545477742586758,132.12800000000794,20.65482754896283,-44.368801034146614,-20.52428449114819,-46.119999999999195,-4.511040110141039,-0.0048000000000000004,0.01271875,0.024421875,0.9703137278556824,maddpg_train_eval,/home/pjpjq/LEO_switch/results/multiseed_0907/seed43/u25/learned_baselines/maddpg/training_history.json,reward,37.25390280824577,1.2264490390761766,0,,,25,43,False,/home/pjpjq/LEO_switch/results/multiseed_0907/seed43/u25/learned_baselines/maddpg/maddpg_model.pt,150000,/home/pjpjq/LEO_switch/results/multiseed_0907/seed43/u25/learned_baselines/maddpg/maddpg_training.log,37.25390280824577,,
min_distance,Min-Distance,5,False,15.301571385341958,4.5798197189992305,3.7318481732039794,2.284073806990863,4.793065342732197,6608.920847122732,1.0,0.0,0.0917364953886693,12800.0,255.4,0.019953125,27.720001101493835,283.1199995279312,42.0,42.0,42.0,0.0,0.0,0.0,4.2,4.2,0.0,0.9778812500368803,14.265937500000001,0.980046875,0.6827062032768911,0.6819113117296468,0.31692247243132654,0.9988337841609732,0.9988337841609732,0.0011662158390266194,0.0032812499999999994,0.196875,0.1255043285513509,0.3315425735009179,2560,0.3315425735009179,0.5778457915796323,0.3404125428309379,0.5778457915796323,0.3315425735009179,0.3315425735009179,4457.6,5.2,4462.8,3043.4,1413.2,1.0,0.31669883317317427,2.171558404127861,121.73600000000783,14.792852264438665,-40.58148989704684,-20.680349759326237,-56.567999999998975,-3.3974400904029607,0.0,0.003609375,0.0,1.0,heuristic_eval,,reward,15.301571385341958,1.4826186394299021,0,,,25,43,False,,,,,1.0,min_distance(best_offload=1.00)
full_local,Full-Local,5,False,-161.10281168122893,9.802904439603882,5.361538116755285,2.224597484357775,5.3707126144481165,9392.561129823893,0.0,0.0,1.0,12800.0,9351.4,0.7305781249999999,0.0,9351.4,0.0,0.0,0.0,0.0,0.0,0.0,0.0,0.0,0.0,0.26942187500000003,10.490625,0.26942187500000003,0.5014871200302228,0.5014871200302228,0.4985128799697772,1.0,1.0,0.0,0.0,0.0,0.0,1.0,0.0,1.0,0.0,0.0,0.0,1.0,1.0,4462.8,0.0,4462.8,2238.0,2224.8,0.0,0.4985128799697772,4.196854839063402,89.5200000000028,0.0,-28.80411957058294,-20.60989254084647,-88.99200000000272,-112.216804792732,0.0,0.0,1.0,0.0,heuristic_eval,,reward,-161.10281168122893,2.1046341153141284,0,,,25,43,False,,,,,,
han_pdqn,HAN+PDQN,5,True,99.83006500808987,3.8978646545092452,1.8144790547212337,1.6446299863095912,3.84070713080166,4771.779124806157,1.0,0.0,0.12412360329033759,12800.0,232.2,0.018140625,68.88000268936158,301.0800015449524,101.4,101.4,101.4,0.0,0.0,0.0,13.4,13.4,0.0,0.9764781248793006,19.83,0.981859375,0.9451073745387987,0.9447298392404164,0.05487029884781523,0.9996001380882316,0.9996001380882316,0.00039986191176842053,0.007921875,0.47531249999999997,0.07641095942791754,0.5318113119618361,2303,0.5318113119618361,0.6240608601511836,0.3921089461666295,0.6240608601511836,0.5318113119618361,0.5318113119618361,4476.0,1.8,4477.8,4230.4,243.6,2.0,0.05442396961799352,1.1279735071875372,169.21600000000063,14.390498619560216,-41.15629953689553,-29.18317379410208,-9.823999999999963,-3.6129600956104695,0.0,0.00896875,0.527578125,0.46445512771606445,checkpoint_eval,/home/pjpjq/LEO_switch/results/multiseed_0907/seed44/u25/learned_baselines/han_pdqn/training_history.json,reward,99.83006500808987,1.0660811270791235,6,Successful-Task Delay | P95 Successful-Task Delay | Task Success | Deadline Violation | Successful Task Throughput | Energy per Successful Task,han_pdqn_multiuser_u25,25,44,True,,,,,,
pdqn,PDQN,5,False,86.5079076822949,2.337770737793172,1.984096669153472,1.730100925053307,3.974390858397263,4953.666641482872,0.6560736292887972,0.3439263707112029,0.07182994908688592,12800.0,264.0,0.020625,106.44000415802002,370.44000227451323,254.6,254.6,165.6,89.0,89.0,0.0,11.8,11.8,89.0,0.9710593748223036,19.2571875,0.9793749999999999,0.9177743106364904,0.9174870329778418,0.08220097516187544,0.999688008139717,0.999688008139717,0.0003119918602828015,0.012937500000000001,0.7762500000000001,0.10068540167571703,0.42577933843495414,2224,0.42577933843495414,0.5904144485853445,0.32481069836897253,0.5904144485853445,0.42577933843495414,0.42577933843495414,4476.4,1.4,4477.8,4108.2,366.0,2.2,0.08170936633051423,1.205799776418595,164.32800000000157,13.126804773081151,-41.74435491831771,-29.317261358344716,-14.727999999999863,-4.445280136633665,-0.7120000000000005,0.0208125,0.471546875,0.5083093643188477,pdqn_train_eval,/home/pjpjq/LEO_switch/results/multiseed_0907/seed44/u25/learned_baselines/pdqn/training_history.json,reward,86.5079076822949,1.1066184079802683,0,,,25,44,False,/home/pjpjq/LEO_switch/results/multiseed_0907/seed44/u25/learned_baselines/pdqn/best_model.pt,150000,/home/pjpjq/LEO_switch/results/multiseed_0907/seed44/u25/learned_baselines/pdqn/pdqn_training.log,,,
han_mappo,HAN+MAPPO,5,False,69.27058102333903,9.46458421947885,2.63006324703239,1.9927138136607294,4.193222358891917,5637.556049813017,1.0,0.0,0.3190973378919377,12800.0,242.6,0.018953125,47.880001759529115,290.4800010919571,56.0,56.0,56.0,0.0,0.0,0.0,23.8,23.8,0.0,0.9773062499146908,17.7571875,0.981046875,0.8472586377438273,0.8460478196751204,0.15252278644960754,0.9985706061247279,0.9985706061247279,0.0014293938752720523,0.0043749999999999995,0.2625,0.07222354353828395,0.5517177749011816,2558,0.5517177749011816,0.8010396624489708,0.8137022657499859,0.8010396624489708,0.5517177749011816,0.5517177749011816,4471.4,6.4,4477.8,3788.2,676.6,6.6,0.151051171193416,1.488188598757462,151.52800000000417,20.490498360511488,-43.94245909796638,-27.9916991833,-27.327999999999594,-3.4857600662857293,0.0,0.006234375,0.655171875,0.2630281150341034,han_mappo_checkpoint_eval,/home/pjpjq/LEO_switch/results/multiseed_0907/seed44/u25/learned_baselines/han_mappo/training_history.json,reward,69.27058102333903,1.2608033389571538,0,,,25,44,False,/home/pjpjq/LEO_switch/results/multiseed_0907/seed44/u25/learned_baselines/han_mappo/best_model.pt,,,,,
mappo_no_han,MAPPO,5,False,67.42321235702839,9.67039619299621,2.642753335782429,1.9703511988064986,4.2084045382560795,5512.356260272869,1.0,0.0,0.40389172513310445,12800.0,246.8,0.01928125,47.28000190258026,294.08000094890593,51.8,51.8,51.8,0.0,0.0,0.0,27.0,27.0,0.0,0.9770249999258667,17.622187500000003,0.98071875,0.8406748971149256,0.8396284141917635,0.15912058165187543,0.9987489958436389,0.9987489958436389,0.0012510041563611918,0.004046875,0.24281250000000001,0.08025292565511946,0.5139911297020456,2558,0.5139911297020456,0.7654110344389382,0.7410949923105905,0.7654110344389382,0.5139911297020456,0.5139911297020456,4472.2,5.6,4477.8,3759.4,706.0,6.8,0.15760467889801566,1.4662861787181116,150.37600000000435,19.579169874280957,-43.059954949724634,-27.43104311290842,-28.511999999999567,-3.5289600763469933,0.0,0.00615625,0.755859375,0.19775693118572235,mappo_no_han_checkpoint_eval,/home/pjpjq/LEO_switch/results/multiseed_0907/seed44/u25/learned_baselines/mappo_no_han/training_history.json,reward,67.42321235702839,1.2325826797265036,0,,,25,44,False,/home/pjpjq/LEO_switch/results/multiseed_0907/seed44/u25/learned_baselines/mappo_no_han/best_model.pt,,,,,
maddpg,MADDPG,5,False,40.492686904190485,6.741995678869007,3.1962059974577874,2.2900773003304957,4.586756582165487,5442.024542595356,1.0,0.0,0.3383278095957981,12800.0,238.6,0.018640625,35.88000121116638,274.48000102043153,39.8,39.8,39.8,0.0,0.0,0.0,20.0,20.0,0.0,0.9785562499202788,15.644062499999999,0.9813593749999999,0.7465946419399059,0.7453557451186281,0.25299171854608354,0.9983474636647116,0.9983474636647116,0.0016525363352883054,0.003109375,0.18656250000000002,0.06854080245367523,0.5696576267422258,2560,0.5696576267422258,0.8156466656627666,0.8301124626250118,0.8156466656627666,0.5696576267422258,0.5696576267422258,4470.4,7.4,4477.8,3337.4,1127.2,5.8,0.2516980083898041,1.6306180088078612,133.49600000000774,20.88055464096684,-44.85085454973358,-20.419253970261547,-45.31999999999921,-3.2937600584700704,0.0,0.004671875,0.0,1.0,maddpg_train_eval,/home/pjpjq/LEO_switch/results/multiseed_0907/seed44/u25/learned_baselines/maddpg/training_history.json,reward,40.492686904190485,1.2173462201582312,0,,,25,44,False,/home/pjpjq/LEO_switch/results/multiseed_0907/seed44/u25/learned_baselines/maddpg/maddpg_model.pt,150000,/home/pjpjq/LEO_switch/results/multiseed_0907/seed44/u25/learned_baselines/maddpg/maddpg_training.log,40.492686904190485,,
min_distance,Min-Distance,5,False,16.722358717936732,3.673157883898819,3.683041381212005,2.2766373962865254,4.752445336925581,6569.9667379531165,0.9960000000000001,0.004,0.08240316205533596,12800.0,222.4,0.017374999999999998,28.320001125335693,250.71999983787538,43.6,43.6,43.4,0.2,0.0,0.2,3.8,3.8,0.2,0.980412500012666,14.356874999999999,0.9826250000000002,0.684759500395325,0.6839950077844185,0.31488696418094625,0.9988819719653647,0.9988819719653647,0.0011180280346353877,0.003390625,0.2034375,0.12439175561301483,0.3354994935220168,2560,0.3354994935220168,0.5879238136523861,0.3625862546031501,0.5879238136523861,0.3354994935220168,0.3354994935220168,4472.8,5.0,4477.8,3062.8,1409.0,1.0,0.31466332492279403,2.145085130584144,122.51200000000794,15.050849629501158,-40.71886154151777,-20.711388148950427,-56.399999999998975,-3.0086400717496873,-0.0016,0.003703125,0.0,1.0,heuristic_eval,,reward,16.722358717936732,1.4688711183046674,0,,,25,44,False,,,,,1.0,min_distance(best_offload=1.00)
full_local,Full-Local,5,False,-164.71655357832205,10.459342324464068,5.282897630005405,2.222187392549478,5.347952546623297,9385.277030461557,0.0,0.0,1.0,12800.0,9697.0,0.757578125,0.0,9697.0,0.0,0.0,0.0,0.0,0.0,0.0,0.0,0.0,0.0,0.24242187499999995,10.575,0.24242187499999995,0.5038228035810518,0.5038228035810518,0.4961771964189482,1.0,1.0,0.0,0.0,0.0,0.0,1.0,0.0,1.0,0.0,0.0,0.0,1.0,1.0,4477.8,0.0,4477.8,2256.0,2221.8,0.0,0.4961771964189482,4.160140527686861,90.24000000000291,0.0,-28.957898483393812,-20.76265565303806,-88.8720000000027,-116.36400489546358,0.0,0.0,1.0,0.0,heuristic_eval,,reward,-164.71655357832205,2.0959571732684705,0,,,25,44,False,,,,,,
han_pdqn,HAN+PDQN,5,True,101.12564965795028,3.212695790022113,1.7853059610386954,1.6395074160289134,3.747000195755601,4759.5063507565355,1.0,0.0,0.08657129015308648,12800.0,190.8,0.01490625,77.16000289916992,267.960001540184,118.6,118.6,118.6,0.0,0.0,0.0,10.0,10.0,0.0,0.9790656248796731,19.9378125,0.9850937500000001,0.9501918157433435,0.9497236189016274,0.049785420673506935,0.9995090395751344,0.9995090395751344,0.0004909604248656497,0.009265625,0.5559375,0.0769875337771964,0.5291102820473005,2295,0.5291102820473005,0.6233243083457938,0.36456159403508437,0.6233243083457938,0.5291102820473005,0.5291102820473005,4476.4,2.2,4478.6,4253.4,221.2,1.8,0.049384735279807676,1.1189886563117826,170.13600000000042,14.322387380390197,-41.48658317271112,-29.710633981598914,-8.919999999999977,-3.2155200962908568,0.0,0.010046875,0.497796875,0.4942166209220886,checkpoint_eval,/home/pjpjq/LEO_switch/results/multiseed_0907/seed45/u25/learned_baselines/han_pdqn/training_history.json,reward,101.12564965795028,1.063244203099932,6,Successful-Task Delay | P95 Successful-Task Delay | Task Success | Deadline Violation | Successful Task Throughput | Energy per Successful Task,han_pdqn_multiuser_u25,25,45,True,,,,,,
pdqn,PDQN,5,False,88.67896819943562,1.9666746463352984,1.9363433645752728,1.7231613064516655,3.9233684783513367,5024.737778529205,0.8369698555035032,0.16303014449649675,0.1284744721142405,12800.0,260.2,0.020328125000000002,96.96000366210937,357.1600026369095,175.8,175.8,144.2,31.6,31.6,0.0,17.4,17.4,31.6,0.9720968747939913,19.4840625,0.979671875,0.9285122601367508,0.9281361537844702,0.0714601120977462,0.9995962658822164,0.9995962658822164,0.00040373411778364546,0.011265625,0.6759375,0.10266608321173831,0.4177717217558554,2188,0.4177717217558554,0.5754760626603437,0.25246733262246196,0.5754760626603437,0.4177717217558554,0.4177717217558554,4476.8,1.8,4478.6,4156.6,317.2,3.0,0.07079147615246453,1.2088576669704094,166.2640000000012,12.625675263788299,-42.455218690598336,-30.408767260847384,-12.807999999999902,-4.285920106247067,-0.2528000000000002,0.01509375,0.51575,0.4549548923969269,pdqn_train_eval,/home/pjpjq/LEO_switch/results/multiseed_0907/seed45/u25/learned_baselines/pdqn/training_history.json,reward,88.67896819943562,1.122394964825144,0,,,25,45,False,/home/pjpjq/LEO_switch/results/multiseed_0907/seed45/u25/learned_baselines/pdqn/best_model.pt,150000,/home/pjpjq/LEO_switch/results/multiseed_0907/seed45/u25/learned_baselines/pdqn/pdqn_training.log,,,
han_mappo,HAN+MAPPO,5,False,68.83741141395294,10.167532035489778,2.675393021571595,1.9903608066664495,4.22533243036756,5597.998449237713,1.0,0.0,0.4283673196557059,12800.0,210.2,0.016421874999999996,42.00000162124634,252.20000121593475,40.6,40.6,40.6,0.0,0.0,0.0,29.4,29.4,0.0,0.9802968749050052,17.669062500000003,0.983578125,0.842862950053696,0.8416630975273929,0.15690613744194062,0.9985692349693336,0.9985692349693336,0.0014307650306663942,0.0031718749999999998,0.1903125,0.06643620066436913,0.5800973433198607,2560,0.5800973433198607,0.8032325216960612,0.7729049205490959,0.8032325216960612,0.5800973433198607,0.5800973433198607,4472.2,6.4,4478.6,3769.4,695.4,7.4,0.15525840940983443,1.4851165833389168,150.77600000000427,20.562752555419177,-43.71436403222903,-27.648577734034774,-28.11199999999958,-3.026400060672313,0.0,0.00546875,0.52384375,0.35123687982559204,han_mappo_train_eval,/home/pjpjq/LEO_switch/results/multiseed_0907/seed45/u25/learned_baselines/han_mappo/training_history.json,reward,68.83741141395294,1.251732581109457,0,,,25,45,False,/home/pjpjq/LEO_switch/results/multiseed_0907/seed45/u25/learned_baselines/han_mappo/best_model.pt,150000,,,,
mappo_no_han,MAPPO,5,False,65.56922437791945,11.494551558783364,2.735068304803629,1.987718654295961,4.248619058445189,5541.718222965066,1.0,0.0,0.4173593732163711,12800.0,207.0,0.016171875000000002,45.00000178813934,252.00000114440917,48.4,48.4,48.4,0.0,0.0,0.0,26.6,26.6,0.0,0.9803124999105929,17.439375000000002,0.9838281249999999,0.831746109949773,0.8306783379960283,0.16802489205438098,0.9987032300504094,0.9987032300504094,0.0012967699495907074,0.00378125,0.22687500000000002,0.0728892932809462,0.5485183634285131,2560,0.5485183634285131,0.7776238131090005,0.718469407029675,0.7776238131090005,0.5485183634285131,0.5485183634285131,4472.8,5.8,4478.6,3720.4,745.2,7.2,0.16641873266329302,1.4895490331590866,148.81600000000466,19.90716961559042,-43.09288479713681,-26.941060998535185,-30.09599999999954,-3.024000056181103,0.0,0.005859375,0.744734375,0.2083127200603485,mappo_no_han_train_eval,/home/pjpjq/LEO_switch/results/multiseed_0907/seed45/u25/learned_baselines/mappo_no_han/training_history.json,reward,65.56922437791945,1.2389818956727476,0,,,25,45,False,/home/pjpjq/LEO_switch/results/multiseed_0907/seed45/u25/learned_baselines/mappo_no_han/best_model.pt,150000,,,,
maddpg,MADDPG,5,False,40.06683181834087,6.057507422587958,3.2331250408960104,2.2909504447842783,4.5780173764961125,5456.456477316249,0.9956236323851204,0.00437636761487965,0.3588538263805455,12800.0,207.6,0.016218749999999997,88.08000285625458,295.6800025939941,121.4,121.4,119.4,2.0,0.0,2.0,27.4,27.4,2.0,0.9768999997973442,15.610312500000001,0.9837812499999998,0.7448146860559162,0.7435791238192138,0.2547686266197216,0.9983477504389354,0.9983477504389354,0.0016522495610645765,0.009328125,0.5596875,0.06004210934634001,0.6126841642709343,2560,0.6126841642709343,0.8373748621676862,0.8444237083970674,0.8373748621676862,0.6126841642709343,0.6126841642709343,4471.2,7.4,4478.6,3330.2,1131.8,9.2,0.2527172621969513,1.638477111679854,133.20800000000767,21.436796471492805,-44.885807582278154,-20.487997893049105,-45.639999999999205,-3.548160083591938,-0.016000000000000004,0.011625,0.0,1.0,maddpg_train_eval,/home/pjpjq/LEO_switch/results/multiseed_0907/seed45/u25/learned_baselines/maddpg/training_history.json,reward,40.06683181834087,1.2203561632931315,0,,,25,45,False,/home/pjpjq/LEO_switch/results/multiseed_0907/seed45/u25/learned_baselines/maddpg/maddpg_model.pt,150000,/home/pjpjq/LEO_switch/results/multiseed_0907/seed45/u25/learned_baselines/maddpg/maddpg_training.log,40.06683181834087,,
min_distance,Min-Distance,5,False,16.476570961005926,4.0367253092183635,3.7417125054316465,2.269338761264388,4.72745547146817,6593.237918176745,0.9960000000000001,0.004,0.08012572934312065,12800.0,183.8,0.014359374999999999,27.840001106262207,211.63999996185302,43.0,43.0,42.8,0.2,0.0,0.2,3.6,3.6,0.2,0.9834656250029802,14.298750000000002,0.985640625,0.6818282375715123,0.6810685792506289,0.31781367948895944,0.9988822587395884,0.9988822587395884,0.0011177412604116586,0.0033437500000000004,0.20062499999999997,0.12225650479615728,0.3431598737913078,2560,0.3431598737913078,0.5924762009486633,0.3346032325039753,0.5924762009486633,0.3431598737913078,0.3431598737913078,4473.6,5.0,4478.6,3050.4,1422.2,1.0,0.3175900811985534,2.161433883483066,122.01600000000788,15.167390744285862,-40.55161698580787,-20.68592131861855,-56.92799999999896,-2.539680059812963,-0.0016,0.003640625,0.0,1.0,heuristic_eval,,reward,16.476570961005926,1.4738103357870047,0,,,25,45,False,,,,,1.0,min_distance(best_offload=1.00)
full_local,Full-Local,5,False,-155.41585395021247,24.000893676162324,5.359421141921425,2.214267817826534,5.322286727230278,9385.221699707094,0.0,0.0,1.0,12800.0,8943.8,0.698734375,0.0,8943.8,0.0,0.0,0.0,0.0,0.0,0.0,0.0,0.0,0.0,0.301265625,10.6003125,0.301265625,0.504952069264414,0.504952069264414,0.49504793073558595,1.0,1.0,0.0,0.0,0.0,0.0,1.0,0.0,1.0,0.0,0.0,0.0,1.0,1.0,4478.6,0.0,4478.6,2261.4,2217.2,0.0,0.49504793073558595,4.150182055234409,90.45600000000294,0.0,-29.058039021767918,-20.80021549764123,-88.68800000000266,-107.32560437470674,0.0,0.0,1.0,0.0,heuristic_eval,,reward,-155.41585395021247,2.095570423727748,0,,,25,45,False,,,,,,
han_pdqn,HAN+PDQN,5,True,99.014960534274,5.504518820571001,1.8864546927708108,1.7187271322430955,3.9817512024861066,4785.905558884063,1.0,0.0,0.11156483104544661,12800.0,199.8,0.015609375,68.1600026845932,267.960001540184,101.0,101.0,101.0,0.0,0.0,0.0,12.6,12.6,0.0,0.9790656248796731,19.634999999999998,0.984390625,0.939374863941743,0.9387851376079472,0.06058760163510661,0.9993727392430539,0.9993727392430539,0.0006272607569461945,0.007890625000000002,0.4734375,0.07190401401678122,0.553258046586317,2446,0.553258046586317,0.6853308454134048,0.5135097672766842,0.6853308454134048,0.553258046586317,0.553258046586317,4459.0,2.8,4461.8,4188.8,269.4,0.8,0.06040891871165717,1.142548118526562,167.55200000000096,16.777065452947124,-42.14160988919051,-29.148974585611267,-10.80799999999994,-3.2155200921930374,0.0,0.008875,0.49709375,0.4810021221637726,checkpoint_eval,/home/pjpjq/LEO_switch/results/multiseed_0907/seed46/u25/learned_baselines/han_pdqn/training_history.json,reward,99.014960534274,1.0733136485499133,5,Successful-Task Delay | Task Success | Deadline Violation | Successful Task Throughput | Energy per Successful Task,han_pdqn_multiuser_u25,25,46,True,,,,,,
pdqn,PDQN,5,False,90.39451961416344,3.0975739568314546,1.9212273675692697,1.7305179325661428,3.966357559987793,4987.402895926102,0.6574330650880023,0.3425669349119978,0.15353412325563032,12800.0,211.4,0.016515625,86.04000320434571,297.44000203609465,187.0,187.0,124.0,63.0,62.4,0.6,19.4,19.4,63.0,0.9767624998409301,19.464375,0.983484375,0.9312949553826757,0.9306278737698331,0.06865479084378794,0.9992826646136213,0.9992826646136213,0.0007173353863788371,0.0096875,0.58125,0.09073404757274044,0.4674201288712106,2153,0.4674201288712106,0.6129836519455965,0.31474407430802354,0.6129836519455965,0.4674201288712106,0.4674201288712106,4458.6,3.2,4461.8,4152.4,304.2,2.0,0.06820622073036492,1.2010892245270453,166.09600000000123,13.248207684533304,-42.430121261687475,-30.198286014664195,-12.247999999999916,-3.5692801060155035,-0.5040000000000003,0.016125,0.489875,0.49622729420661926,pdqn_train_eval,/home/pjpjq/LEO_switch/results/multiseed_0907/seed46/u25/learned_baselines/pdqn/training_history.json,reward,90.39451961416344,1.1186029013425967,1,P95 Successful-Task Delay,,25,46,False,/home/pjpjq/LEO_switch/results/multiseed_0907/seed46/u25/learned_baselines/pdqn/best_model.pt,150000,/home/pjpjq/LEO_switch/results/multiseed_0907/seed46/u25/learned_baselines/pdqn/pdqn_training.log,,,
han_mappo,HAN+MAPPO,5,False,68.37170995432243,10.542096745776961,2.638430406873182,1.9432891897964162,4.05058578719744,5941.322537829855,1.0,0.0,0.43086161150677277,12800.0,220.2,0.017203125,36.24000144004822,256.44000070095063,34.2,34.2,34.2,0.0,0.0,0.0,26.2,26.2,0.0,0.9799656249452381,17.6953125,0.982796875,0.8471068019140233,0.84600902238126,0.15269002309189977,0.9986990454731597,0.9986990454731597,0.0013009545268402394,0.0026718749999999998,0.16031250000000002,0.06813441845057011,0.5716627029391576,2557,0.5716627029391576,0.7864240254737582,0.7366099950581295,0.7864240254737582,0.5716627029391576,0.5716627029391576,4456.0,5.8,4461.8,3775.0,676.0,5.0,0.15157162169296784,1.5738602749218158,151.00000000000423,20.10879005930003,-43.06477853990865,-29.35502221503984,-27.239999999999593,-3.0772800642065703,0.0,0.00471875,0.731625,0.17918603122234344,han_mappo_checkpoint_eval,/home/pjpjq/LEO_switch/results/multiseed_0907/seed46/u25/learned_baselines/han_mappo/training_history.json,reward,68.37170995432243,1.3333309106440427,0,,,25,46,False,/home/pjpjq/LEO_switch/results/multiseed_0907/seed46/u25/learned_baselines/han_mappo/best_model.pt,,,,,
mappo_no_han,MAPPO,5,False,67.91972637402941,10.693832675491505,2.6255633304133155,1.9478799008963221,4.157654003134718,5753.99607586719,1.0,0.0,0.432006414317858,12800.0,210.4,0.0164375,40.44000155925751,250.8400006532669,40.0,40.0,40.0,0.0,0.0,0.0,27.4,27.4,0.0,0.9804031249489636,17.623124999999998,0.9835625,0.8437306032765782,0.8425321477846233,0.15603262867282325,0.9985647764574465,0.9985647764574465,0.001435223542553585,0.003125,0.18749999999999994,0.07249528287191334,0.5504102743685305,2555,0.5504102743685305,0.770822632150989,0.7019913707032102,0.770822632150989,0.5504102743685305,0.5504102743685305,4455.4,6.4,4461.8,3759.6,690.6,5.2,0.15486959152980642,1.5304809224032316,150.38400000000433,19.695337989019464,-42.73230739499702,-28.585224818526363,-27.831999999999585,-3.0100800630636515,0.0,0.005265625,0.768046875,0.17440511286258698,mappo_no_han_checkpoint_eval,/home/pjpjq/LEO_switch/results/multiseed_0907/seed46/u25/learned_baselines/mappo_no_han/training_history.json,reward,67.91972637402941,1.2914656542324348,0,,,25,46,False,/home/pjpjq/LEO_switch/results/multiseed_0907/seed46/u25/learned_baselines/mappo_no_han/best_model.pt,,,,,
maddpg,MADDPG,5,False,40.43791829608672,6.790839032787675,3.1755803378570304,2.315628814619218,4.623798763933016,5419.567415752678,0.9978947368421054,0.002105263157894737,0.3178955082581617,12800.0,211.8,0.016546875,62.16000227928161,273.96000270843507,75.0,75.0,74.8,0.2,0.0,0.2,28.8,28.8,0.2,0.9785968747884036,15.5625,0.9834531250000002,0.7452530577770459,0.7440156751787047,0.2543260682523408,0.9983417434310455,0.9983417434310455,0.0016582565689545535,0.00584375,0.350625,0.05702030411798391,0.6285567869408939,2560,0.6285567869408939,0.8468108612602053,0.8544393181694799,0.8468108612602053,0.6285567869408939,0.6285567869408939,4454.4,7.4,4461.8,3320.0,1125.6,8.8,0.2523541473977199,1.632399824021891,132.80000000000777,21.678358048261295,-44.97852224550675,-20.3967985293392,-45.375999999999216,-3.287520078290254,-0.0016,0.008109375,0.000125,0.9998700618743896,maddpg_train_eval,/home/pjpjq/LEO_switch/results/multiseed_0907/seed46/u25/learned_baselines/maddpg/training_history.json,reward,40.43791829608672,1.216677311366891,0,,,25,46,False,/home/pjpjq/LEO_switch/results/multiseed_0907/seed46/u25/learned_baselines/maddpg/maddpg_model.pt,150000,/home/pjpjq/LEO_switch/results/multiseed_0907/seed46/u25/learned_baselines/maddpg/maddpg_training.log,40.43791829608672,,
min_distance,Min-Distance,5,False,16.152706685439625,4.059034104409781,3.7459674237423597,2.268245575115923,4.72051008674193,6560.662168525663,0.9960000000000001,0.004,0.07559288938012342,12800.0,186.8,0.014593749999999999,28.200001120567322,214.9999998807907,43.4,43.4,43.2,0.2,0.0,0.2,3.8,3.8,0.2,0.9832031250093133,14.204062500000001,0.9854062500000002,0.6797912975870761,0.6790912279276231,0.31987673681017137,0.9989679647377944,0.9989679647377944,0.0010320352622055398,0.0033750000000000004,0.20250000000000004,0.12193776576359043,0.344310919794598,2560,0.344310919794598,0.5941846216328782,0.3368324863137227,0.5941846216328782,0.344310919794598,0.344310919794598,4457.2,4.6,4461.8,3030.2,1426.2,0.8,0.319697239953062,2.1650921287458464,121.20800000000774,15.211126313801762,-40.13223412095026,-20.472584044761412,-57.07999999999896,-2.580000063497573,-0.0016,0.0036875,0.0,1.0,heuristic_eval,,reward,16.152706685439625,1.4719245644183936,0,,,25,46,False,,,,,1.0,min_distance(best_offload=1.00)
full_local,Full-Local,5,False,-159.8517329014663,24.4640438549556,5.344440992270467,2.2221501289958874,5.374536815809079,9379.534493326337,0.0,0.0,1.0,12800.0,9315.8,0.727796875,0.0,9315.8,0.0,0.0,0.0,0.0,0.0,0.0,0.0,0.0,0.0,0.272203125,10.547812500000001,0.272203125,0.5043334007640683,0.5043334007640683,0.4956665992359316,1.0,1.0,0.0,0.0,0.0,0.0,1.0,0.0,1.0,0.0,0.0,0.0,1.0,1.0,4461.8,0.0,4461.8,2250.2,2211.6,0.0,0.4956665992359316,4.168311480457887,90.00800000000287,0.0,-28.89759186794087,-20.708541732205106,-88.46400000000263,-111.7896047424525,0.0,0.0,1.0,0.0,heuristic_eval,,reward,-159.8517329014663,2.102186223794508,0,,,25,46,False,,,,,,
han_pdqn,HAN+PDQN,5,True,93.92092690806021,4.306330033287385,1.996623334986797,1.7758411728931605,4.055379605845394,6127.806817926663,1.0,0.0,0.04210659385721156,15360.0,307.4,0.020013020833333336,78.24000298976898,385.64000136852263,125.4,125.4,125.4,0.0,0.0,0.0,5.0,5.0,0.0,0.9748932290775703,19.42109375,0.9799869791666668,0.9301052780970128,0.9293406688964645,0.06983810647304718,0.9991787753695117,0.9991787753695117,0.0008212246304883412,0.0081640625,0.48984375,0.06823769241618333,0.5711526695779092,2499,0.5711526695779092,0.7121785202387593,0.6143681858836955,0.7121785202387593,0.5711526695779092,0.5711526695779092,5345.6,4.4,5350.0,4971.8,372.4,1.4,0.06957557208742333,1.2325127354130623,165.72666666665984,17.80598321420131,-43.27529924412356,-30.020027306905728,-12.459999999999967,-3.8564001325517894,0.0,0.008489583333333333,0.5875520833333333,0.4004073739051819,checkpoint_eval,/home/pjpjq/LEO_switch/results/multiseed_0907/seed43/u30/learned_baselines/han_pdqn/training_history.json,reward,93.92092690806021,1.1463272257420425,6,Successful-Task Delay | P95 Successful-Task Delay | Task Success | Deadline Violation | Successful Task Throughput | Energy per Successful Task,han_pdqn_multiuser_u30,30,43,True,,,,,,
pdqn,PDQN,5,False,83.16483539288166,3.9501838526655315,2.092279685602194,1.8020977574634283,4.124628167376919,6338.080496988913,0.8111504662697095,0.1888495337302904,0.1490356226001753,15360.0,332.4,0.021640625,98.52000381946564,430.92000138759613,184.2,184.2,142.8,41.4,42.8,0.2,23.0,21.4,41.4,0.9719453124096618,18.984375,0.9783593749999999,0.9093243752285964,0.9084381453526447,0.09059009950059638,0.9990282448532412,0.9990282448532412,0.0009717551467588997,0.009296875000000001,0.5578125,0.10098222396407351,0.42457357057256523,2393,0.42457357057256523,0.6148887904308673,0.40687528514510174,0.6148887904308673,0.42457357057256523,0.42457357057256523,5344.8,5.2,5350.0,4860.0,482.4,2.4,0.09014211572386215,1.3041317895038915,161.99999999999335,14.724545385652394,-42.726521711961254,-30.07732425041989,-16.160000000000007,-4.309200159087777,-0.2866666666666669,0.013489583333333333,0.5201041666666667,0.4690072536468506,pdqn_train_eval,/home/pjpjq/LEO_switch/results/multiseed_0907/seed43/u30/learned_baselines/pdqn/training_history.json,reward,83.16483539288166,1.1858405360329503,0,,,30,43,False,/home/pjpjq/LEO_switch/results/multiseed_0907/seed43/u30/learned_baselines/pdqn/best_model.pt,150000,/home/pjpjq/LEO_switch/results/multiseed_0907/seed43/u30/learned_baselines/pdqn/pdqn_training.log,,,
han_mappo,HAN+MAPPO,5,False,61.11117720383627,8.257940180694444,2.8229946230009366,2.037230685765657,4.325196663852224,7410.113037238761,1.0,0.0,0.4035403034909336,15360.0,345.0,0.0224609375,46.80000183582306,391.8000007867813,47.0,47.0,47.0,0.0,0.0,0.0,31.0,31.0,0.0,0.9744921874487773,17.23984375,0.9775390625,0.8261466009078051,0.8250565423021063,0.17363446065657312,0.9986910029586795,0.9986910029586795,0.001308997041320516,0.003059895833333333,0.18359375,0.06145418711753292,0.6053725417129032,2560,0.6053725417129032,0.8316255897472875,0.8554649647001351,0.8316255897472875,0.6053725417129032,0.6053725417129032,5343.0,7.0,5350.0,4413.4,923.4,6.2,0.17247409743738876,1.6790032712282505,147.11333333332757,21.28961509753063,-43.660307812602014,-28.72679901402924,-30.98666666666719,-3.918000144138932,0.0,0.005078125,0.6301692708333333,0.254719614982605,han_mappo_train_eval,/home/pjpjq/LEO_switch/results/multiseed_0907/seed43/u30/learned_baselines/han_mappo/training_history.json,reward,61.11117720383627,1.3868824700053828,0,,,30,43,False,/home/pjpjq/LEO_switch/results/multiseed_0907/seed43/u30/learned_baselines/han_mappo/best_model.pt,150000,,,,
mappo_no_han,MAPPO,5,False,56.19517931647806,8.119587808381704,2.9376382704189785,2.038243291818854,4.3819579050132536,7283.992352821969,1.0,0.0,0.4965266408737296,15360.0,341.6,0.02223958333333333,40.56000144481659,382.1600004196167,34.8,34.8,34.8,0.0,0.0,0.0,32.8,32.8,0.0,0.9751197916393478,16.853125,0.9777604166666667,0.8076839825817045,0.8065289178173328,0.19204950581577465,0.9985784236331074,0.9985784236331074,0.001421576366892481,0.002265625,0.1359375,0.07026427252160151,0.5612106716220602,2559,0.5612106716220602,0.7985525901003643,0.78360474100469,0.7985525901003643,0.5612106716220602,0.5612106716220602,5342.4,7.6,5350.0,4314.4,1020.4,7.6,0.19062812512673827,1.688297875213696,143.81333333332776,20.435247358400083,-42.66112997118587,-27.304006825686116,-34.26666666666713,-3.8216001465916634,0.0,0.004401041666666667,0.7433854166666667,0.1984812617301941,mappo_no_han_train_eval,/home/pjpjq/LEO_switch/results/multiseed_0907/seed43/u30/learned_baselines/mappo_no_han/training_history.json,reward,56.19517931647806,1.3634307339064782,0,,,30,43,False,/home/pjpjq/LEO_switch/results/multiseed_0907/seed43/u30/learned_baselines/mappo_no_han/best_model.pt,150000,,,,
maddpg,MADDPG,5,False,30.751892310578114,2.3476364013487707,3.395834253473865,2.3164200946916664,4.725120651057489,7153.096494485306,0.998019801980198,0.0019801980198019802,0.3786346347583557,15360.0,339.2,0.022083333333333337,189.36001420021057,528.5600136518478,285.4,285.4,285.2,0.2,0.0,0.2,30.4,30.4,0.2,0.9655885407778746,15.040625,0.9779166666666667,0.72082445105145,0.7197951557113244,0.2787826824038998,0.9985778381152242,0.9985778381152242,0.001422161884775816,0.018567708333333335,1.1140625,0.05720310784985229,0.6275877008522277,2560,0.6275877008522277,0.8467341680595315,0.8723140604621118,0.8467341680595315,0.6275877008522277,0.6275877008522277,5342.4,7.6,5350.0,3850.4,1484.8,7.2,0.2774364445395355,1.8577541280088576,128.34666666666195,21.67639470232409,-43.37948371562898,-20.87142010921513,-49.73333333333307,-5.285600293427706,-0.0013333333333333335,0.020559895833333335,0.019440104166666666,0.9805051684379578,maddpg_train_eval,/home/pjpjq/LEO_switch/results/multiseed_0907/seed43/u30/learned_baselines/maddpg/training_history.json,reward,30.751892310578114,1.3389294127143805,0,,,30,43,False,/home/pjpjq/LEO_switch/results/multiseed_0907/seed43/u30/learned_baselines/maddpg/maddpg_model.pt,150000,/home/pjpjq/LEO_switch/results/multiseed_0907/seed43/u30/learned_baselines/maddpg/maddpg_training.log,30.751892310578114,,
min_distance,Min-Distance,5,False,9.287282698078707,3.3261550053863917,3.894410127097325,2.296030655128086,4.890687111949612,8420.496282600267,0.9959183673469388,0.004081632653061224,0.09491659284112114,15360.0,317.2,0.020651041666666668,33.000001311302185,350.1999990940094,50.2,50.2,50.0,0.2,0.0,0.2,5.0,5.0,0.2,0.9772005208923172,13.85390625,0.9793489583333332,0.663792676636717,0.6629492037476944,0.33577858942758165,0.998727793175276,0.998727793175276,0.001272206824723937,0.0032552083333333335,0.1953125,0.12363365750923694,0.33820920559770246,2560,0.33820920559770246,0.5873973565006081,0.36696274410778507,0.5873973565006081,0.33820920559770246,0.33820920559770246,5343.2,6.8,5350.0,3546.6,1796.2,0.4,0.33570345666457435,2.3742447083404574,118.21999999999586,15.037372326415646,-39.54014450751671,-21.039944772236787,-59.886666666665825,-3.502000135555863,-0.0013333333333333335,0.00359375,0.0,1.0,heuristic_eval,,reward,9.287282698078707,1.5759275869516893,0,,,30,43,False,,,,,1.0,min_distance(best_offload=1.00)
full_local,Full-Local,5,False,-158.98387048768345,8.13696685524064,5.366894454791564,2.242908758395688,5.419647142122327,11271.355747917063,0.0,0.0,1.0,15360.0,11074.2,0.7209765625000001,0.0,11074.2,0.0,0.0,0.0,0.0,0.0,0.0,0.0,0.0,0.0,0.27902343749999997,10.55234375,0.27902343749999997,0.5049761346276325,0.5049761346276325,0.49502386537236764,1.0,1.0,0.0,0.0,0.0,0.0,1.0,0.0,1.0,0.0,0.0,0.0,1.0,1.0,5350.0,0.0,5350.0,2701.4,2648.6,0.0,0.49502386537236764,4.1724127296650115,90.04666666666412,0.0,-29.214765790336116,-20.78709729038963,-88.28666666666422,-110.74201500732451,0.0,0.0,1.0,0.0,heuristic_eval,,reward,-158.98387048768345,2.1067954669003854,0,,,30,43,False,,,,,,
han_pdqn,HAN+PDQN,5,True,94.06310343676014,4.706015414543341,1.9718686526761862,1.7801837705486083,4.008780019625391,6179.708340543489,1.0,0.0,0.09041846913729681,15360.0,305.6,0.019895833333333335,153.24000465869904,458.8400024414062,238.4,238.4,238.4,0.0,0.0,0.0,17.0,17.0,0.0,0.9701276040077209,19.578125,0.9801041666666668,0.9356365510334752,0.9347652480199444,0.06430258779111267,0.9990678358110572,0.9990678358110572,0.0009321641889429126,0.015520833333333334,0.93125,0.07233251442167948,0.5511931860088234,2496,0.5511931860088234,0.7033048020964137,0.5974586839779135,0.7033048020964137,0.5511931860088234,0.5511931860088234,5357.0,5.0,5362.0,5012.0,343.8,1.2,0.06407873085214746,1.2329825100844949,167.06666666665976,17.554005842177354,-43.941170261245375,-30.528001985601513,-11.499999999999968,-4.588400166481733,0.0,0.016627604166666667,0.611328125,0.3788958489894867,checkpoint_eval,/home/pjpjq/LEO_switch/results/multiseed_0907/seed44/u30/learned_baselines/han_pdqn/training_history.json,reward,94.06310343676014,1.1535763189366228,6,Successful-Task Delay | P95 Successful-Task Delay | Task Success | Deadline Violation | Successful Task Throughput | Energy per Successful Task,han_pdqn_multiuser_u30,30,44,True,,,,,,
pdqn,PDQN,5,False,83.89652588577883,4.536972155343017,2.076516717993646,1.8083868035602273,4.165597466912672,6345.169728120075,0.8364811240554669,0.16351887594453318,0.15047892991019438,15360.0,324.6,0.0211328125,109.20000410079956,433.80000178813935,191.2,191.2,157.2,34.0,34.0,0.0,24.8,24.8,34.0,0.9717578123835846,19.06171875,0.9788671874999999,0.9111109386370504,0.9100932384269903,0.08878745819460776,0.9988806966215981,0.9988806966215981,0.0011193033784020652,0.010234375,0.6140625,0.0958244359450428,0.4458203297104726,2385,0.4458203297104726,0.6292792474978167,0.428998486507851,0.6292792474978167,0.4458203297104726,0.4458203297104726,5356.0,6.0,5362.0,4879.8,472.6,3.6,0.08811612677741806,1.3002929890815351,162.65999999999335,15.025498738878246,-43.052818919314355,-30.29815638085796,-15.873333333333338,-4.338000162877142,-0.2266666666666665,0.0140625,0.47759114583333334,0.5054196119308472,pdqn_train_eval,/home/pjpjq/LEO_switch/results/multiseed_0907/seed44/u30/learned_baselines/pdqn/training_history.json,reward,83.89652588577883,1.184684415257669,0,,,30,44,False,/home/pjpjq/LEO_switch/results/multiseed_0907/seed44/u30/learned_baselines/pdqn/best_model.pt,150000,/home/pjpjq/LEO_switch/results/multiseed_0907/seed44/u30/learned_baselines/pdqn/pdqn_training.log,,,
han_mappo,HAN+MAPPO,5,False,58.55987200884065,8.973854001409418,2.8910885033486964,2.040160503895581,4.3303103306869914,7566.619389633133,1.0,0.0,0.37599792086446515,15360.0,316.4,0.02059895833333333,47.04000182151795,363.44000072479247,49.6,49.6,49.6,0.0,0.0,0.0,28.8,28.8,0.0,0.9763385416194797,17.08515625,0.9794010416666667,0.8169382040653577,0.815833465109101,0.1828231930301238,0.9986566581392247,0.9986566581392247,0.0013433418607752452,0.003229166666666666,0.19375,0.06697585281486962,0.5774072237989245,2560,0.5774072237989245,0.8232035869804518,0.8551168588575659,0.8232035869804518,0.5774072237989245,0.5774072237989245,5354.8,7.2,5362.0,4373.8,975.2,5.8,0.1817403349064058,1.7299875142057555,145.79333333332764,21.074011826699582,-43.32292975997676,-28.65014577892619,-32.70000000000046,-3.634400131367147,0.0,0.005104166666666667,0.690390625,0.21196651458740234,han_mappo_train_eval,/home/pjpjq/LEO_switch/results/multiseed_0907/seed44/u30/learned_baselines/han_mappo/training_history.json,reward,58.55987200884065,1.4130535948369936,0,,,30,44,False,/home/pjpjq/LEO_switch/results/multiseed_0907/seed44/u30/learned_baselines/han_mappo/best_model.pt,150000,,,,
mappo_no_han,MAPPO,5,False,55.15030231962301,9.15348452134308,2.9477495348398417,2.0326494817173013,4.362858777986814,7484.346004836513,1.0,0.0,0.4751248456371796,15360.0,317.2,0.020651041666666665,43.08000156879425,360.2800005674362,38.6,38.6,38.6,0.0,0.0,0.0,33.2,33.2,0.0,0.976544270796391,16.82734375,0.9793489583333332,0.8046071221991491,0.803488295497331,0.1951315370112548,0.9986198325085859,0.9986198325085859,0.00138016749141417,0.0025130208333333333,0.15078125,0.07356546438867015,0.5452823463241888,2560,0.5452823463241888,0.7947084796757562,0.7895309490150199,0.7947084796757562,0.5452823463241888,0.5452823463241888,5354.6,7.4,5362.0,4307.8,1040.0,6.8,0.1938638959040591,1.7373940305577122,143.59333333332773,20.344537079699364,-42.48899896234439,-27.802438050723577,-34.89333333333373,-3.602800135873258,0.0,0.004674479166666667,0.7553125,0.18411006033420563,mappo_no_han_train_eval,/home/pjpjq/LEO_switch/results/multiseed_0907/seed44/u30/learned_baselines/mappo_no_han/training_history.json,reward,55.15030231962301,1.397741382145541,0,,,30,44,False,/home/pjpjq/LEO_switch/results/multiseed_0907/seed44/u30/learned_baselines/mappo_no_han/best_model.pt,150000,,,,
maddpg,MADDPG,5,False,31.778779371700512,5.460579391368487,3.4222157805237616,2.3201578764215633,4.711288889915895,7156.879526212024,1.0,0.0,0.5014807180434966,15360.0,318.8,0.020755208333333334,42.48000116348267,361.28000044822693,36.2,36.2,36.2,0.0,0.0,0.0,34.6,34.6,0.0,0.9764791666374852,15.00859375,0.9792447916666667,0.7177228966415063,0.7166451859247561,0.281860896222491,0.9985060821472471,0.9985060821472471,0.0014939178527528046,0.002356770833333333,0.14140625,0.05950066705302988,0.6155054034643808,2560,0.6155054034643808,0.8488930615599415,0.8918291585464531,0.8488930615599415,0.6155054034643808,0.6155054034643808,5354.0,8.0,5362.0,3842.2,1503.4,8.4,0.2802942236898988,1.8627035360501858,128.07333333332863,21.731662375934526,-43.29470861235971,-20.725376362551447,-50.39333333333303,-3.6128001460805534,0.0,0.004609375,0.0,0.9999991655349731,maddpg_train_eval,/home/pjpjq/LEO_switch/results/multiseed_0907/seed44/u30/learned_baselines/maddpg/training_history.json,reward,31.778779371700512,1.3367350627964183,0,,,30,44,False,/home/pjpjq/LEO_switch/results/multiseed_0907/seed44/u30/learned_baselines/maddpg/maddpg_model.pt,150000,/home/pjpjq/LEO_switch/results/multiseed_0907/seed44/u30/learned_baselines/maddpg/maddpg_training.log,31.778779371700512,,
min_distance,Min-Distance,5,False,10.045615742427618,3.314723741149222,3.9055431770966336,2.2905999593361286,4.875594581802474,8383.725773345068,0.9959183673469388,0.004081632653061224,0.08703780496233325,15360.0,292.0,0.019010416666666665,33.60000133514404,325.59999933242796,51.6,51.6,51.4,0.2,0.0,0.2,4.6,4.6,0.2,0.978802083376795,13.89453125,0.9809895833333332,0.6641022533019442,0.663409320210541,0.3355460689497821,0.9989553891603231,0.9989553891603231,0.0010446108396769483,0.0033463541666666667,0.20078125,0.12345710764973243,0.3388418368755559,2560,0.3388418368755559,0.5946085963805917,0.38334054455290745,0.5946085963805917,0.3388418368755559,0.3388418368755559,5356.4,5.6,5362.0,3557.0,1798.8,0.6,0.3354336366716684,2.3569653565771906,118.56666666666248,15.221980067343225,-39.53742793280939,-20.968269451662234,-59.97999999999915,-3.2560001207515596,-0.0013333333333333335,0.0036588541666666666,0.0,1.0,heuristic_eval,,reward,10.045615742427618,1.5651791825377246,0,,,30,44,False,,,,,1.0,min_distance(best_offload=1.00)
full_local,Full-Local,5,False,-162.7918307441054,9.583486143847892,5.311498276222919,2.2428090082050565,5.427632523937532,11264.810891572279,0.0,0.0,1.0,15360.0,11491.8,0.7481640625,0.0,11491.8,0.0,0.0,0.0,0.0,0.0,0.0,0.0,0.0,0.0,0.2518359375,10.61015625,0.2518359375,0.5066143585966583,0.5066143585966583,0.49338564140334185,1.0,1.0,0.0,0.0,0.0,0.0,1.0,0.0,1.0,0.0,0.0,0.0,1.0,1.0,5362.0,0.0,5362.0,2716.2,2645.8,0.0,0.49338564140334185,4.147268570639968,90.53999999999743,0.0,-29.31768335770417,-20.90280622488985,-88.19333333333088,-114.91801538392902,0.0,0.0,1.0,0.0,heuristic_eval,,reward,-162.7918307441054,2.1008599200992686,0,,,30,44,False,,,,,,
han_pdqn,HAN+PDQN,5,True,94.05165909590433,4.606317643504783,2.002070248343954,1.7943466728328321,4.065498145525662,6223.11824251439,1.0,0.0,0.05926484254549844,15360.0,236.2,0.015377604166666666,86.76000320911407,322.9600015640259,137.2,137.2,137.2,0.0,0.0,0.0,7.4,7.4,0.0,0.9789739582315088,19.50234375,0.9846223958333333,0.9308552686846372,0.9301261952945004,0.06909186997014191,0.9992180652646422,0.9992180652646422,0.0007819347353578114,0.008932291666666665,0.5359375,0.07344843653750803,0.5458414495752819,2502,0.5458414495752819,0.7092846540702278,0.5831720563054846,0.7092846540702278,0.5458414495752819,0.5458414495752819,5363.6,4.2,5367.8,4992.6,370.0,1.0,0.06890545474431907,1.2464684217670932,166.41999999999314,17.74718151811353,-44.008363694359595,-30.510895556427453,-12.366666666666632,-3.229600119963288,0.0,0.0094140625,0.5926171875,0.39578548073768616,checkpoint_eval,/home/pjpjq/LEO_switch/results/multiseed_0907/seed45/u30/learned_baselines/han_pdqn/training_history.json,reward,94.05165909590433,1.16025025030099,6,Successful-Task Delay | P95 Successful-Task Delay | Task Success | Deadline Violation | Successful Task Throughput | Energy per Successful Task,han_pdqn_multiuser_u30,30,45,True,,,,,,
pdqn,PDQN,5,False,80.34891119073146,3.2638000548657926,2.1713296836309355,1.842542407324937,4.199949888658435,6468.365091253848,0.8606358509994522,0.13936414900054786,0.04764139178173775,15360.0,238.4,0.015520833333333334,153.36000537872314,391.76000277996064,287.8,287.8,244.8,43.0,46.2,0.2,14.2,10.8,43.0,0.9744947914856796,18.76796875,0.9844791666666668,0.8961345365168538,0.8950658020129871,0.1037427818058045,0.9988085838187917,0.9988085838187917,0.0011914161812082793,0.0159375,0.95625,0.09528849859904039,0.4480644505353634,2457,0.4480644505353634,0.6523347119090036,0.46014193104035883,0.6523347119090036,0.4480644505353634,0.4480644505353634,5361.4,6.4,5367.8,4804.6,555.4,1.4,0.1034825069629588,1.346285870052418,160.15333333332683,16.04753046473836,-43.246224067219245,-29.81879748597739,-18.56000000000009,-3.917600142210722,-0.3093333333333331,0.019661458333333333,0.37740885416666664,0.6058973670005798,pdqn_train_eval,/home/pjpjq/LEO_switch/results/multiseed_0907/seed45/u30/learned_baselines/pdqn/training_history.json,reward,80.34891119073146,1.2064694093434267,0,,,30,45,False,/home/pjpjq/LEO_switch/results/multiseed_0907/seed45/u30/learned_baselines/pdqn/best_model.pt,150000,/home/pjpjq/LEO_switch/results/multiseed_0907/seed45/u30/learned_baselines/pdqn/pdqn_training.log,,,
mappo_no_han,MAPPO,5,False,60.581771762028254,9.937567668970987,2.7912662028119906,1.9896506629799624,4.316458322160776,7389.408703185877,1.0,0.0,0.3880571000459928,15360.0,256.6,0.01670572916666667,51.24000194072723,307.8400008440018,54.8,54.8,54.8,0.0,0.0,0.0,30.6,30.6,0.0,0.9799583332783854,17.21484375,0.9832942708333334,0.8220305556606103,0.8210784402378335,0.17776553901561537,0.9988439792534489,0.9988439792534489,0.0011560207465510493,0.0035677083333333333,0.2140625,0.07397909395340739,0.5433094583316131,2555,0.5433094583316131,0.7792689139939984,0.7300574780491313,0.7792689139939984,0.5433094583316131,0.5433094583316131,5361.6,6.2,5367.8,4407.0,947.4,7.2,0.17642516101899694,1.6767435223929832,146.89999999999424,19.91134647490563,-42.71828148564656,-28.612895482347557,-31.82000000000047,-3.078400123491883,0.0,0.005559895833333333,0.7767057291666667,0.17148663103580475,mappo_no_han_train_eval,/home/pjpjq/LEO_switch/results/multiseed_0907/seed45/u30/learned_baselines/mappo_no_han/training_history.json,reward,60.581771762028254,1.3782096208568109,0,,,30,45,False,/home/pjpjq/LEO_switch/results/multiseed_0907/seed45/u30/learned_baselines/mappo_no_han/best_model.pt,150000,,,,
han_mappo,HAN+MAPPO,5,False,56.074073503580124,10.340211809774095,2.961789629299517,2.0523850286808867,4.276335415937504,7653.531898783212,1.0,0.0,0.39285300207039336,15360.0,258.4,0.016822916666666667,51.480001950263976,309.8800009250641,52.8,52.8,52.8,0.0,0.0,0.0,33.0,33.0,0.0,0.9798255207731079,16.85,0.9831770833333333,0.804684255703506,0.8036550465462711,0.1950771731460786,0.9987322196923495,0.9987322196923495,0.0012677803076504492,0.0034375000000000005,0.20625,0.05798972599433113,0.623430776418831,2560,0.623430776418831,0.8442010523424468,0.8518952997984914,0.8442010523424468,0.623430776418831,0.623430776418831,5361.0,6.8,5367.8,4313.6,1040.8,6.6,0.19384838861670503,1.7742794646659892,143.7866666666611,21.611546939966683,-43.07971614018959,-28.232293113630863,-34.91333333333369,-3.098800126835704,0.0,0.0055859375,0.6471614583333334,0.25103938579559326,han_mappo_train_eval,/home/pjpjq/LEO_switch/results/multiseed_0907/seed45/u30/learned_baselines/han_mappo/training_history.json,reward,56.074073503580124,1.427631393169784,0,,,30,45,False,/home/pjpjq/LEO_switch/results/multiseed_0907/seed45/u30/learned_baselines/han_mappo/best_model.pt,150000,,,,
maddpg,MADDPG,5,False,30.353702577583682,4.588988885019481,3.468280552319005,2.303358418046103,4.7001575863852425,7276.249479621498,0.9985056039850561,0.0014943960149439602,0.40742383336036153,15360.0,255.0,0.0166015625,132.95999963283538,387.9599990129471,189.6,189.6,188.4,1.2,0.0,1.2,33.2,33.2,1.2,0.9747421875642612,14.9265625,0.9833984375,0.7127992682801711,0.7119258610506327,0.28684436167662974,0.9987702227272625,0.9987702227272625,0.0012297772727375151,0.012265624999999999,0.7359375,0.05495859663777229,0.6395668314079256,2560,0.6395668314079256,0.8576755793266923,0.8868286024167468,0.8576755793266923,0.6395668314079256,0.6395668314079256,5361.2,6.6,5367.8,3821.2,1532.2,7.8,0.28539097546633824,1.9041791792163452,127.37333333332867,21.956494830763365,-42.95769217904198,-20.797501922399558,-51.33333333333299,-3.8796001475304367,-0.008,0.014505208333333333,0.0,1.0,maddpg_train_eval,/home/pjpjq/LEO_switch/results/multiseed_0907/seed45/u30/learned_baselines/maddpg/training_history.json,reward,30.353702577583682,1.357205379322073,0,,,30,45,False,/home/pjpjq/LEO_switch/results/multiseed_0907/seed45/u30/learned_baselines/maddpg/maddpg_model.pt,150000,/home/pjpjq/LEO_switch/results/multiseed_0907/seed45/u30/learned_baselines/maddpg/maddpg_training.log,30.353702577583682,,
min_distance,Min-Distance,5,False,9.673879813552777,3.639428051906166,3.955082942016621,2.2793432064462236,4.852654331554728,8440.566707355869,0.9959183673469388,0.004081632653061224,0.07887453965621082,15360.0,229.6,0.014947916666666667,32.88000130653381,262.47999956607816,50.8,50.8,50.6,0.2,0.0,0.2,4.2,4.2,0.2,0.9829114583615833,13.8125,0.9850520833333333,0.6594313738805203,0.6587455318778342,0.34021129368986835,0.9989568255677026,0.9989568255677026,0.0010431744322973806,0.0032942708333333335,0.19765625,0.12024025356790122,0.3504744424239142,2560,0.3504744424239142,0.602155321962876,0.3568497229704148,0.602155321962876,0.3504744424239142,0.3504744424239142,5362.2,5.6,5367.8,3536.0,1825.8,0.4,0.34013658302623984,2.387038095971682,117.86666666666254,15.415176242249705,-39.24842768590396,-20.860068442280003,-60.87333333333244,-2.6248001055791974,-0.0013333333333333335,0.0035807291666666665,0.0,1.0,heuristic_eval,,reward,9.673879813552777,1.5740865143701968,0,,,30,45,False,,,,,1.0,min_distance(best_offload=1.00)
full_local,Full-Local,5,False,-154.08484081801436,21.779240371969607,5.40101900771999,2.2316028334620492,5.37218508070524,11277.769550439529,0.0,0.0,1.0,15360.0,10545.0,0.6865234375,0.0,10545.0,0.0,0.0,0.0,0.0,0.0,0.0,0.0,0.0,0.0,0.3134765625,10.5625,0.3134765625,0.503766274102506,0.503766274102506,0.4962337258974941,1.0,1.0,0.0,0.0,0.0,0.0,1.0,0.0,1.0,0.0,0.0,0.0,1.0,1.0,5367.8,0.0,5367.8,2704.0,2663.8,0.0,0.4962337258974941,4.1707727627365125,90.13333333333078,0.0,-29.181888086393393,-20.792945845453495,-88.79333333333086,-105.45001394413411,0.0,0.0,1.0,0.0,heuristic_eval,,reward,-154.08484081801436,2.1010040520212243,0,,,30,45,False,,,,,,
han_pdqn,HAN+PDQN,5,True,91.54019233884756,4.926511929785403,1.9939308750287907,1.7767167679842089,4.09372722249437,6371.132785556729,1.0,0.0,0.10143707036918706,15360.0,229.6,0.014947916666666667,92.40000329017639,322.00000195503236,140.0,140.0,140.0,0.0,0.0,0.0,14.0,14.0,0.0,0.9790364582060527,19.3296875,0.9850520833333333,0.9257143198904331,0.9252647588998795,0.07424915801433916,0.9995139169142184,0.9995139169142184,0.00048608308578151763,0.009114583333333334,0.546875,0.07059688434713612,0.5595909517904412,2398,0.5595909517904412,0.682851593014396,0.501530517776456,0.682851593014396,0.5595909517904412,0.5595909517904412,5345.4,2.6,5348.0,4948.4,396.0,1.0,0.07406221226953813,1.2875136984796558,164.94666666665987,16.39357859985196,-42.959190083812416,-30.387532834848436,-13.233333333333306,-3.220000121742487,0.0,0.010026041666666667,0.533671875,0.4556630551815033,checkpoint_eval,/home/pjpjq/LEO_switch/results/multiseed_0907/seed46/u30/learned_baselines/han_pdqn/training_history.json,reward,91.54019233884756,1.191890744482495,6,Successful-Task Delay | P95 Successful-Task Delay | Task Success | Deadline Violation | Successful Task Throughput | Energy per Successful Task,han_pdqn_multiuser_u30,30,46,True,,,,,,
pdqn,PDQN,5,False,81.35540056280442,5.632182252325181,2.1215192635234956,1.8275237727167544,4.185707659019962,6403.893047709532,0.6176515625734703,0.3823484374265297,0.18060555555555557,15360.0,248.4,0.016171875,111.96000413894653,360.36000139713286,245.0,245.0,157.2,87.8,87.8,0.4,29.8,29.4,87.8,0.9765390624090408,18.8734375,0.9838281249999999,0.9042388917601871,0.903426155400109,0.09567684404223657,0.9991029994423455,0.9991029994423455,0.0008970005576544949,0.010234375,0.6140625,0.10827081029409204,0.39559234420902845,2405,0.39559234420902845,0.6187194663427594,0.38499727904538006,0.6187194663427594,0.39559234420902845,0.39559234420902845,5343.2,4.8,5348.0,4831.6,510.0,1.6,0.09537752436115624,1.3254187117537735,161.05333333332675,14.900086102910947,-43.10790913349016,-30.245178698701345,-17.0533333333334,-3.6036001382395626,-0.5880000000000003,0.017890625,0.45868489583333333,0.5279840230941772,pdqn_train_eval,/home/pjpjq/LEO_switch/results/multiseed_0907/seed46/u30/learned_baselines/pdqn/training_history.json,reward,81.35540056280442,1.1985126979543217,0,,,30,46,False,/home/pjpjq/LEO_switch/results/multiseed_0907/seed46/u30/learned_baselines/pdqn/best_model.pt,150000,/home/pjpjq/LEO_switch/results/multiseed_0907/seed46/u30/learned_baselines/pdqn/pdqn_training.log,,,
han_mappo,HAN+MAPPO,5,False,57.002596148339215,10.34074654230585,2.9626253497418915,2.087740470401157,4.3606199212133365,7501.725459191107,0.9972222222222221,0.0027777777777777775,0.36036208686947774,15360.0,245.0,0.015950520833333332,55.5600022315979,300.5600013256073,59.6,59.6,59.4,0.2,0.0,0.2,33.2,33.2,0.2,0.9804322915803642,16.83359375,0.9840494791666666,0.8068991393594013,0.8057787268205298,0.19283722534951958,0.9986159521700493,0.9986159521700493,0.0013840478299506857,0.0038671875,0.23203125,0.053721540891596524,0.6462447758305646,2559,0.6462447758305646,0.8583940421304984,0.8744830171706381,0.8583940421304984,0.6462447758305646,0.6462447758305646,5340.6,7.4,5348.0,4309.4,1024.8,6.4,0.19164080118103452,1.740781885921731,143.64666666666108,21.965690514252344,-43.510917755881934,-27.71857911538557,-34.37333333333372,-3.005600120127201,-0.0013333333333333335,0.0060416666666666665,0.6960546875,0.22129033505916595,han_mappo_train_eval,/home/pjpjq/LEO_switch/results/multiseed_0907/seed46/u30/learned_baselines/han_mappo/training_history.json,reward,57.002596148339215,1.404659674791429,0,,,30,46,False,/home/pjpjq/LEO_switch/results/multiseed_0907/seed46/u30/learned_baselines/han_mappo/best_model.pt,150000,,,,
mappo_no_han,MAPPO,5,False,55.46281039876631,9.513819276778648,2.965265664966487,2.0487140424236943,4.340781806514765,7352.006907378476,1.0,0.0,0.4022150757579232,15360.0,243.2,0.015833333333333335,52.92000133991242,296.1200003862381,53.2,53.2,53.2,0.0,0.0,0.0,35.0,35.0,0.0,0.9807213541415211,16.69765625,0.9841666666666666,0.800464439830804,0.7992903457962337,0.1992504203192267,0.9985407661154604,0.9985407661154604,0.0014592338845396454,0.003463541666666667,0.2078125,0.06662035016049296,0.5791783432320539,2559,0.5791783432320539,0.8112611586276701,0.7826251521630888,0.8112611586276701,0.5791783432320539,0.5791783432320539,5340.2,7.8,5348.0,4274.6,1059.6,6.0,0.1981291742012176,1.7199286266266962,142.48666666666116,20.75966380292564,-42.34879012872251,-26.9535325643614,-35.52000000000036,-2.96120012383908,0.0,0.0057421875,0.7527994791666667,0.19688710570335388,mappo_no_han_train_eval,/home/pjpjq/LEO_switch/results/multiseed_0907/seed46/u30/learned_baselines/mappo_no_han/training_history.json,reward,55.46281039876631,1.3767287568590083,0,,,30,46,False,/home/pjpjq/LEO_switch/results/multiseed_0907/seed46/u30/learned_baselines/mappo_no_han/best_model.pt,150000,,,,
maddpg,MADDPG,5,False,29.843534061929677,5.229433009539779,3.5088176994201583,2.318749816874652,4.745140038421584,7284.975925543267,0.9986599664991624,0.001340033500837521,0.34649307191418754,15360.0,238.8,0.015546875000000002,110.76000151634216,349.56000156402587,154.8,154.8,154.0,0.8,0.0,0.8,30.6,30.6,0.8,0.9772421873981756,14.82890625,0.9844531250000002,0.7106868418135007,0.709812385430344,0.28895305106998065,0.9987654365003247,0.9987654365003247,0.0012345634996753947,0.010026041666666666,0.6015625,0.05512653744651447,0.638664418323971,2560,0.638664418323971,0.8492762219128807,0.8453900452694704,0.8492762219128807,0.638664418323971,0.638664418323971,5341.4,6.6,5348.0,3796.2,1538.0,7.2,0.28760763069919537,1.9190179457202643,126.53999999999537,21.741471280969826,-42.79672909201236,-20.63360979120833,-51.506666666666305,-3.495600152015686,-0.005333333333333334,0.0120703125,0.0,1.0,maddpg_train_eval,/home/pjpjq/LEO_switch/results/multiseed_0907/seed46/u30/learned_baselines/maddpg/training_history.json,reward,29.843534061929677,1.3638701324640108,0,,,30,46,False,/home/pjpjq/LEO_switch/results/multiseed_0907/seed46/u30/learned_baselines/maddpg/maddpg_model.pt,150000,/home/pjpjq/LEO_switch/results/multiseed_0907/seed46/u30/learned_baselines/maddpg/maddpg_training.log,29.843534061929677,,
min_distance,Min-Distance,5,False,9.676249637342698,3.638920189178481,3.9593201104170377,2.288810707942372,4.902422479568184,8433.743497132697,1.0,0.0,0.07050746813124456,15360.0,216.0,0.0140625,33.720001339912415,249.7199996471405,52.0,52.0,52.0,0.0,0.0,0.0,4.2,4.2,0.0,0.9837421875229726,13.74609375,0.9859375,0.6586129102514209,0.6579735956604896,0.3410534624349639,0.9990270580954533,0.9990270580954533,0.0009729419045465879,0.003385416666666667,0.203125,0.11987117922172838,0.3518220074678019,2560,0.3518220074678019,0.6042980998423033,0.3600992713554757,0.6042980998423033,0.3518220074678019,0.3518220074678019,5342.8,5.2,5348.0,3519.0,1823.2,0.6,0.34094124239399104,2.396630718139442,117.2999999999959,15.470031355963036,-39.07106665867358,-20.732181480048702,-60.79333333333244,-2.497200096026063,0.0,0.0036588541666666666,0.0,1.0,heuristic_eval,,reward,9.676249637342698,1.5785250237951443,0,,,30,46,False,,,,,1.0,min_distance(best_offload=1.00)
full_local,Full-Local,5,False,-159.48661449504726,22.645425770638504,5.401089254880885,2.2428629614057174,5.417110676525192,11271.848998557803,0.0,0.0,1.0,15360.0,11079.2,0.7213020833333332,0.0,11079.2,0.0,0.0,0.0,0.0,0.0,0.0,0.0,0.0,0.0,0.27869791666666666,10.5046875,0.27869791666666666,0.5028196026160006,0.5028196026160006,0.4971803973839994,1.0,1.0,0.0,0.0,0.0,0.0,1.0,0.0,1.0,0.0,0.0,0.0,1.0,1.0,5348.0,0.0,5348.0,2689.2,2658.8,0.0,0.4971803973839994,4.191524988307974,89.63999999999747,0.0,-28.97963965041623,-20.728300329060378,-88.6266666666642,-110.79201533291489,0.0,0.0,1.0,0.0,heuristic_eval,,reward,-159.48661449504726,2.107675579386276,0,,,30,46,False,,,,,,
han_pdqn,HAN+PDQN,5,True,85.76280850761104,4.78183448090929,2.109277016258117,1.8233504147114554,4.198322213339321,7783.824635588118,1.0,0.0,0.07256978973618175,17920.0,360.2,0.02010044642857143,104.76000413894653,464.96000084877016,162.6,162.6,162.6,0.0,0.0,0.0,12.0,12.0,0.0,0.9740535713812071,19.043303571428574,0.9798995535714285,0.9120367015437415,0.9114507211836124,0.08790821559779158,0.9993589367814039,0.9993589367814039,0.0006410632185961743,0.009073660714285715,0.5444196428571428,0.0719578202388981,0.5529984630564079,2471,0.5529984630564079,0.6953775086821989,0.5829509676351884,0.6953775086821989,0.5529984630564079,0.5529984630564079,6236.2,4.0,6240.2,5687.6,547.4,1.2,0.0877164878734807,1.3685604887101972,162.50285714286548,17.195003763389963,-43.47111519653231,-30.804280825147497,-15.674285714285665,-3.9853715892881154,0.0,0.009743303571428571,0.523046875,0.4656883776187897,checkpoint_eval,/home/pjpjq/LEO_switch/results/multiseed_0907/seed43/u35/learned_baselines/han_pdqn/training_history.json,reward,85.76280850761104,1.2481678964093708,6,Successful-Task Delay | P95 Successful-Task Delay | Task Success | Deadline Violation | Successful Task Throughput | Energy per Successful Task,han_pdqn_multiuser_u35,35,43,True,,,,,,
pdqn,PDQN,5,False,76.15200975150802,3.7479463281945695,2.220065900120679,1.8687217891785817,4.301119060993,7885.777814414903,0.9416496822027488,0.058350317797251236,0.08108561845518344,17920.0,428.6,0.023917410714285714,211.44000737667085,640.0400015115738,347.4,347.4,326.2,21.2,20.4,0.8,26.2,26.2,21.2,0.964283482058506,18.60870535714286,0.9760825892857143,0.8911295880563476,0.890674795103316,0.10881341607747604,0.9994882111807921,0.9994882111807921,0.0005117888192078939,0.018203125,1.0921875,0.08861142236153606,0.4766188231717388,2428,0.4766188231717388,0.6618177431238628,0.5032038684901605,0.6618177431238628,0.4766188231717388,0.4766188231717388,6237.0,3.2,6240.2,5557.8,674.8,4.4,0.10810977080098569,1.4188667844137794,158.79428571429267,16.09907401111017,-43.24722156775868,-30.481214182271163,-19.405714285714225,-5.486057359911501,-0.12114285714285725,0.020848214285714286,0.40296875,0.585787832736969,pdqn_train_eval,/home/pjpjq/LEO_switch/results/multiseed_0907/seed43/u35/learned_baselines/pdqn/training_history.json,reward,76.15200975150802,1.2643543072654968,0,,,35,43,False,/home/pjpjq/LEO_switch/results/multiseed_0907/seed43/u35/learned_baselines/pdqn/best_model.pt,150000,/home/pjpjq/LEO_switch/results/multiseed_0907/seed43/u35/learned_baselines/pdqn/pdqn_training.log,,,
han_mappo,HAN+MAPPO,5,False,52.850893967190586,8.085504216256808,3.0099759033776463,2.039322343585729,4.264853264422095,9450.474912463538,1.0,0.0,0.485009159134386,17920.0,398.8,0.022254464285714287,47.76000180244446,446.56000075340273,41.2,41.2,41.2,0.0,0.0,0.0,38.4,38.4,0.0,0.9750803571008145,16.69821428571429,0.9777455357142857,0.8002625302889997,0.7992349288378279,0.19948242083716317,0.9987173496749909,0.9987173496749909,0.0012826503250090088,0.0022991071428571427,0.13794642857142858,0.057357321790756595,0.6267710724665643,2559,0.6267710724665643,0.8415756523861038,0.8671300631621607,0.8415756523861038,0.6267710724665643,0.6267710724665643,6232.2,8.0,6240.2,4987.2,1237.4,7.6,0.19826455633639273,1.8949460443662853,142.49142857142948,21.5362199351978,-42.668560987469945,-29.10910964637394,-35.57142857142906,-3.8276573181152345,0.0,0.004441964285714286,0.5220982142857142,0.2993994951248169,han_mappo_train_eval,/home/pjpjq/LEO_switch/results/multiseed_0907/seed43/u35/learned_baselines/han_mappo/training_history.json,reward,52.850893967190586,1.5163946780372162,0,,,35,43,False,/home/pjpjq/LEO_switch/results/multiseed_0907/seed43/u35/learned_baselines/han_mappo/best_model.pt,150000,,,,
mappo_no_han,MAPPO,5,False,48.84823247473687,8.489233471059663,3.105861703682826,2.0510138765778447,4.37801567950591,9332.223067859364,1.0,0.0,0.5380405949313063,17920.0,397.6,0.0221875,44.640001440048216,442.24000015258787,34.8,34.8,34.8,0.0,0.0,0.0,39.6,39.6,0.0,0.9753214285629136,16.3734375,0.9778125,0.7847416175794597,0.7837025445630654,0.21498199249430666,0.998684537057372,0.998684537057372,0.0013154629426279727,0.0019419642857142858,0.11651785714285716,0.06229185047502456,0.601066435897876,2559,0.601066435897876,0.8280474695603948,0.8410208837878248,0.8280474695603948,0.601066435897876,0.601066435897876,6232.0,8.2,6240.2,4890.2,1332.2,9.6,0.21344422266125873,1.9083520240193375,139.71999999999989,21.189878621569317,-41.93431067240697,-27.999565691105232,-38.337142857143604,-3.790628741309047,0.0,0.004151785714285715,0.741953125,0.17921864986419678,mappo_no_han_train_eval,/home/pjpjq/LEO_switch/results/multiseed_0907/seed43/u35/learned_baselines/mappo_no_han/training_history.json,reward,48.84823247473687,1.4974683998490637,0,,,35,43,False,/home/pjpjq/LEO_switch/results/multiseed_0907/seed43/u35/learned_baselines/mappo_no_han/best_model.pt,150000,,,,
maddpg,MADDPG,5,False,27.62826940456871,5.3416737699678,3.5609566736301614,2.3196178969305565,4.758115616693389,8891.923973687773,1.0,0.0,0.5098854158004207,17920.0,389.4,0.021729910714285715,42.96000165939331,432.3600011587143,35.4,35.4,35.4,0.0,0.0,0.0,36.2,36.2,0.0,0.9758727677924824,14.697991071428572,0.9782700892857144,0.7044801197069244,0.7035287380552642,0.295124321335973,0.9986530593912372,0.9986530593912372,0.0013469406087627319,0.0019754464285714284,0.11852678571428572,0.04898012780132938,0.672351950870284,2560,0.672351950870284,0.8716046709933988,0.90688154512681,0.8716046709933988,0.672351950870284,0.672351950870284,6231.8,8.4,6240.2,4389.8,1833.4,8.6,0.2937483720980588,2.0255874922975474,125.42285714285345,22.313079577431072,-42.50960172150403,-21.263552749878237,-52.62857142857381,-3.70594302918762,0.0,0.0039955357142857145,0.0,1.0,maddpg_train_eval,/home/pjpjq/LEO_switch/results/multiseed_0907/seed43/u35/learned_baselines/maddpg/training_history.json,reward,27.62826940456871,1.426862860439644,0,,,35,43,False,/home/pjpjq/LEO_switch/results/multiseed_0907/seed43/u35/learned_baselines/maddpg/maddpg_model.pt,150000,/home/pjpjq/LEO_switch/results/multiseed_0907/seed43/u35/learned_baselines/maddpg/maddpg_training.log,27.62826940456871,,
min_distance,Min-Distance,5,False,3.776549700132455,2.3249486331231135,4.061545144128379,2.3014078179396362,4.948788113875629,10277.72109696149,1.0,0.0,0.09016792347437508,17920.0,362.2,0.020212053571428572,38.52000153064728,400.719998550415,58.6,58.6,58.6,0.0,0.0,0.0,5.6,5.6,0.0,0.977638392938035,13.470535714285713,0.9797879464285716,0.6453713207985536,0.6447495042294661,0.3542876285116929,0.9990371327411591,0.9990371327411591,0.0009628672588410202,0.003270089285714286,0.19620535714285714,0.12158737853446115,0.3455785338350231,2560,0.3455785338350231,0.5926857004074768,0.3845613847856627,0.5926857004074768,0.3455785338350231,0.3455785338350231,6234.2,6.0,6240.2,4023.2,2209.8,1.2,0.3540959741479662,2.5546135158484518,114.94857142856867,15.17275393043148,-38.54423945141216,-21.194363882022014,-63.17142857143212,-3.4347429972141983,0.0,0.0035825892857142857,0.0,1.0,heuristic_eval,,reward,3.776549700132455,1.6486030440090933,0,,,35,43,False,,,,,1.0,min_distance(best_offload=1.00)
full_local,Full-Local,5,False,-154.93724140893409,11.359596687230583,5.22310677386834,2.243332067198799,5.409914988512458,13089.420137838884,0.0,0.0,1.0,17920.0,12829.6,0.7159374999999999,0.0,12829.6,0.0,0.0,0.0,0.0,0.0,0.0,0.0,0.0,0.0,0.2840625,10.809375,0.2840625,0.5174379807889565,0.5174379807889565,0.4825620192110436,1.0,1.0,0.0,0.0,0.0,0.0,1.0,0.0,1.0,0.0,0.0,0.0,1.0,1.0,6240.2,0.0,6240.2,3228.4,3011.8,0.0,0.4825620192110436,4.054460456523009,92.24000000000014,0.0,-29.86685172907961,-21.290961899072013,-86.05142857142951,-109.96801281012594,0.0,0.0,1.0,0.0,heuristic_eval,,reward,-154.93724140893409,2.0975962529788923,0,,,35,43,False,,,,,,
han_pdqn,HAN+PDQN,5,True,87.77954202340916,5.460351186963541,2.0882812008876352,1.8436087353288961,4.176262437653807,7772.6782104299955,1.0,0.0,0.056629234976388707,17920.0,340.2,0.018984374999999998,120.84000461101532,461.04000172615054,191.0,191.0,191.0,0.0,0.0,0.0,10.4,10.4,0.0,0.9742723213322462,19.222767857142856,0.9810156250000001,0.9179520494118396,0.917304839964029,0.08199123141239653,0.9992960713764255,0.9992960713764255,0.0007039286235745441,0.010658482142857143,0.6395089285714286,0.07029639926401347,0.5610540772513045,2501,0.5610540772513045,0.7232520372492803,0.6488933694505155,0.7232520372492803,0.5610540772513045,0.5610540772513045,6254.2,4.4,6258.6,5741.2,511.6,1.4,0.08176740317339512,1.353842090578624,164.0342857142946,18.096901303662815,-44.475236015137995,-31.26749548362316,-14.65714285714281,-3.9517715774476527,0.0,0.011238839285714286,0.5762946428571428,0.41615936160087585,checkpoint_eval,/home/pjpjq/LEO_switch/results/multiseed_0907/seed44/u35/learned_baselines/han_pdqn/training_history.json,reward,87.77954202340916,1.242793356533209,4,Task Success | Deadline Violation | Successful Task Throughput | Energy per Successful Task,han_pdqn_multiuser_u35,35,44,True,,,,,,
pdqn,PDQN,5,False,78.24541045441292,4.405188730300599,2.1298355315660578,1.8367464113542702,4.1362995685757635,8124.712979409172,0.7941759020579143,0.20582409794208573,0.21805439769078924,17920.0,408.6,0.02280133928571429,123.1200046300888,531.7200019598007,206.8,206.8,161.6,45.2,49.6,0.0,48.0,43.6,45.2,0.9703281248906361,18.989732142857143,0.9771986607142857,0.9067193967879044,0.9061965399643258,0.09322747323726271,0.9994240132015886,0.9994240132015886,0.0005759867984113715,0.009017857142857143,0.5410714285714286,0.10409503350791759,0.41205030481970867,2359,0.41205030481970867,0.5886125226385486,0.350396899678162,0.5886125226385486,0.41205030481970867,0.41205030481970867,6255.0,3.6,6258.6,5671.6,577.6,5.8,0.09230355500171415,1.4325257386644281,162.04571428572245,13.912758016599241,-44.05592264887337,-32.147539406003624,-16.668571428571376,-4.557600196264684,-0.2834285714285717,0.01421875,0.47042410714285715,0.49059033393859863,pdqn_train_eval,/home/pjpjq/LEO_switch/results/multiseed_0907/seed44/u35/learned_baselines/pdqn/training_history.json,reward,78.24541045441292,1.2989149447496677,2,Successful-Task Delay | P95 Successful-Task Delay,,35,44,False,/home/pjpjq/LEO_switch/results/multiseed_0907/seed44/u35/learned_baselines/pdqn/best_model.pt,150000,/home/pjpjq/LEO_switch/results/multiseed_0907/seed44/u35/learned_baselines/pdqn/pdqn_training.log,,,
han_mappo,HAN+MAPPO,5,False,55.09069559765631,9.835078802686107,2.9510035551402662,2.0465921001973326,4.341631248225826,9348.72570162208,1.0,0.0,0.4646472120967541,17920.0,368.4,0.020558035714285716,48.24000198841095,416.6400010824203,44.0,44.0,44.0,0.0,0.0,0.0,36.4,36.4,0.0,0.9767499999395971,16.885714285714286,0.9794419642857143,0.8066827572543817,0.8058245772372598,0.19312068052200326,0.998945257759263,0.998945257759263,0.0010547422407368987,0.0024553571428571432,0.14732142857142855,0.06387317571064137,0.5930000990621394,2560,0.5930000990621394,0.8399382208297469,0.891656919155652,0.8399382208297469,0.5930000990621394,0.5930000990621394,6252.0,6.6,6258.6,5043.2,1201.2,7.6,0.19190778113285065,1.8537289224345812,144.09142857143007,21.502418453241532,-43.097049055882124,-29.297761545149534,-34.5371428571433,-3.5712001578882338,0.0,0.004486607142857143,0.7426339285714286,0.1716436743736267,han_mappo_train_eval,/home/pjpjq/LEO_switch/results/multiseed_0907/seed44/u35/learned_baselines/han_mappo/training_history.json,reward,55.09069559765631,1.495317610624133,0,,,35,44,False,/home/pjpjq/LEO_switch/results/multiseed_0907/seed44/u35/learned_baselines/han_mappo/best_model.pt,150000,,,,
mappo_no_han,MAPPO,5,False,49.53992602387807,8.121765709225908,3.081434308614205,2.0883429119752033,4.464980835657934,9211.250656383088,1.0,0.0,0.47881361797499944,17920.0,369.8,0.020636160714285715,53.160002040863034,422.96000096797945,47.4,47.4,47.4,0.0,0.0,0.0,41.2,41.2,0.0,0.9763973213745547,16.451785714285712,0.9793638392857142,0.7860687940094669,0.7851358023195606,0.21368218299136132,0.9988179853109219,0.9988179853109219,0.0011820146890781018,0.0026450892857142858,0.15870535714285713,0.06598495471521751,0.5823538195058264,2560,0.5823538195058264,0.8342197174359877,0.882403990360563,0.8342197174359877,0.5823538195058264,0.5823538195058264,6251.2,7.4,6258.6,4913.6,1328.0,9.6,0.21214844932816543,1.8746439792378475,140.38857142857154,21.356024766361266,-42.72159897521607,-27.640558838996572,-38.2171428571436,-3.6253715889528393,0.0,0.004944196428571429,0.7424665178571429,0.19167882204055786,mappo_no_han_train_eval,/home/pjpjq/LEO_switch/results/multiseed_0907/seed44/u35/learned_baselines/mappo_no_han/training_history.json,reward,49.53992602387807,1.4735171897208679,0,,,35,44,False,/home/pjpjq/LEO_switch/results/multiseed_0907/seed44/u35/learned_baselines/mappo_no_han/best_model.pt,150000,,,,
maddpg,MADDPG,5,False,27.9025059075655,5.576557551058385,3.5269286314499886,2.323031876008927,4.753474996779223,8955.18658145361,1.0,0.0,0.4486159623159951,17920.0,368.4,0.020558035714285713,57.120002031326294,425.5200014591217,55.2,55.2,55.2,0.0,0.0,0.0,40.0,40.0,0.0,0.9762544642042901,14.781696428571431,0.9794419642857143,0.7062239965250275,0.7054563764399674,0.2934574340949011,0.9989138105348683,0.9989138105348683,0.0010861894651315672,0.003080357142857143,0.18482142857142855,0.0538908204719419,0.6453277503529093,2560,0.6453277503529093,0.8681577107375104,0.9256930268345327,0.8681577107375104,0.6453277503529093,0.6453277503529093,6251.8,6.8,6258.6,4414.8,1827.8,9.2,0.29198943271218253,2.02844672045248,126.13714285713915,22.22483739488031,-42.83386111484729,-21.492586366358086,-52.485714285716654,-3.647314450517297,0.0,0.0053125,0.0,1.0,maddpg_train_eval,/home/pjpjq/LEO_switch/results/multiseed_0907/seed44/u35/learned_baselines/maddpg/training_history.json,reward,27.9025059075655,1.4324173168453262,0,,,35,44,False,/home/pjpjq/LEO_switch/results/multiseed_0907/seed44/u35/learned_baselines/maddpg/maddpg_model.pt,150000,/home/pjpjq/LEO_switch/results/multiseed_0907/seed44/u35/learned_baselines/maddpg/maddpg_training.log,27.9025059075655,,
min_distance,Min-Distance,5,False,5.520667419058737,3.953969530740681,4.002027659882266,2.2984795080181755,4.930072027959791,10263.51926568349,1.0,0.0,0.0833822091886608,17920.0,337.0,0.018805803571428574,39.24000155925751,376.2399989128113,60.2,60.2,60.2,0.0,0.0,0.0,5.2,5.2,0.0,0.9790044643463833,13.599107142857141,0.9811941964285713,0.6495109287506347,0.6489717787971896,0.3501961209625428,0.9991678997597326,0.9991678997597326,0.0008321002402674827,0.003359375,0.2015625,0.12198064076778184,0.34415597265487113,2560,0.34415597265487113,0.604436149385489,0.4176318259644393,0.604436149385489,0.34415597265487113,0.34415597265487113,6253.4,5.2,6258.6,4061.6,2190.8,1.0,0.35003680289631006,2.526964562163554,116.04571428571137,15.47356542426859,-38.87532551147038,-21.27551455014356,-62.62285714286063,-3.224914412945509,0.0,0.0036495535714285714,0.0,1.0,heuristic_eval,,reward,5.520667419058737,1.6412702315034207,0,,,35,44,False,,,,,1.0,min_distance(best_offload=1.00)
full_local,Full-Local,5,False,-158.90118851734533,10.337862269334709,5.191024544434309,2.2372241391852836,5.397397574055348,13113.482748741613,0.0,0.0,1.0,17920.0,13333.4,0.7440513392857143,0.0,13333.4,0.0,0.0,0.0,0.0,0.0,0.0,0.0,0.0,0.0,0.25594866071428574,10.872991071428572,0.25594866071428574,0.5189056324497076,0.5189056324497076,0.4810943675502924,1.0,1.0,0.0,0.0,0.0,0.0,1.0,0.0,1.0,0.0,0.0,0.0,1.0,1.0,6258.6,0.0,6258.6,3247.4,3011.2,0.0,0.4810943675502924,4.038148287473552,92.78285714285721,0.0,-29.97575104607218,-21.387724032861207,-86.03428571428664,-114.2862994633615,0.0,0.0,1.0,0.0,heuristic_eval,,reward,-158.90118851734533,2.0952741425784702,0,,,35,44,False,,,,,,
han_pdqn,HAN+PDQN,5,True,86.07887887964026,6.4574668013009715,2.10765443008464,1.8405681435541354,4.143306543899987,7840.950836988401,1.0,0.0,0.047653500676756486,17920.0,293.6,0.01638392857142857,126.48000473976136,420.0800023317337,201.2,201.2,201.2,0.0,0.0,0.0,9.6,9.6,0.0,0.9765580355841668,19.167857142857144,0.9836160714285714,0.9135381969456731,0.9129550299631021,0.08640714198637935,0.9993621719494815,0.9993621719494815,0.0006378280505185628,0.011227678571428572,0.6736607142857143,0.07674415874707165,0.5302492381724364,2494,0.5302492381724364,0.705877060942807,0.5762765278338128,0.705877060942807,0.5302492381724364,0.5302492381724364,6266.6,4.0,6270.6,5724.8,540.6,1.2,0.08621598602057742,1.3696462473777948,163.565714285723,17.607732941837337,-44.53482987412199,-31.479052988661,-15.47999999999995,-3.6006858507171273,0.0,0.011763392857142858,0.6609598214285715,0.32664600014686584,checkpoint_eval,/home/pjpjq/LEO_switch/results/multiseed_0907/seed45/u35/learned_baselines/han_pdqn/training_history.json,reward,86.07887887964026,1.2512288700393195,5,Successful-Task Delay | Task Success | Deadline Violation | Successful Task Throughput | Energy per Successful Task,han_pdqn_multiuser_u35,35,45,True,,,,,,
pdqn,PDQN,5,False,80.16001398414373,2.4383065500715184,2.1527744622875544,1.8466479045984865,4.110660116881562,8041.735925137216,0.8501087093965303,0.14989129060346967,0.04415157872708832,17920.0,294.4,0.016428571428571428,160.80000593662263,455.2000020980835,299.8,299.8,257.0,42.8,42.6,0.2,11.0,11.0,42.8,0.9745982141686337,18.914732142857144,0.9835714285714285,0.9014183260721863,0.9008985380003939,0.0985273375613585,0.9994258755617522,0.9994258755617522,0.0005741244382477066,0.014341517857142858,0.8604910714285715,0.09009433497765551,0.4701803252113871,2386,0.4701803252113871,0.6689130518664076,0.4960676692275885,0.6689130518664076,0.4701803252113871,0.4701803252113871,6267.0,3.6,6270.6,5649.2,616.8,1.0,0.09836796459832675,1.423517652966299,161.40571428572218,15.970513665953655,-43.802550640294,-31.615949170902248,-17.651428571428514,-3.901714430376887,-0.24457142857142888,0.01734375,0.7075558035714286,0.27710607647895813,pdqn_train_eval,/home/pjpjq/LEO_switch/results/multiseed_0907/seed45/u35/learned_baselines/pdqn/training_history.json,reward,80.16001398414373,1.2831874780815726,1,P95 Successful-Task Delay,,35,45,False,/home/pjpjq/LEO_switch/results/multiseed_0907/seed45/u35/learned_baselines/pdqn/best_model.pt,150000,/home/pjpjq/LEO_switch/results/multiseed_0907/seed45/u35/learned_baselines/pdqn/pdqn_training.log,,,
han_mappo,HAN+MAPPO,5,False,49.57818325182161,8.965485384447645,3.123577116173194,2.0897074286157578,4.521822451554541,9407.787576287667,1.0,0.0,0.4239238763592441,17920.0,319.4,0.017823660714285712,51.24000196456909,370.6400010824203,49.8,49.8,49.8,0.0,0.0,0.0,35.6,35.6,0.0,0.9793169642253113,16.44709821428571,0.9821763392857144,0.78433029653621,0.7833807065791893,0.21540714821345994,0.998787854792649,0.998787854792649,0.0012121452073508726,0.0027790178571428575,0.16674107142857145,0.055971327717297535,0.6341400474686812,2560,0.6341400474686812,0.8566906157207426,0.8856080269001956,0.8566906157207426,0.6341400474686812,0.6341400474686812,6263.0,7.6,6270.6,4912.2,1343.0,7.8,0.2141634092563222,1.915188220407896,140.34857142857157,21.93127976245103,-42.74748859048394,-28.182981192064734,-38.59428571428651,-3.17691442836076,0.0,0.004765625,0.6319977678571429,0.24859021604061127,han_mappo_train_eval,/home/pjpjq/LEO_switch/results/multiseed_0907/seed45/u35/learned_baselines/han_mappo/training_history.json,reward,49.57818325182161,1.5021215992795252,0,,,35,45,False,/home/pjpjq/LEO_switch/results/multiseed_0907/seed45/u35/learned_baselines/han_mappo/best_model.pt,150000,,,,
mappo_no_han,MAPPO,5,False,47.281966485643714,8.373846555553225,3.214684319808087,2.0825252111963266,4.484841251012013,9250.118019045294,1.0,0.0,0.4049631401931926,17920.0,318.0,0.017745535714285714,57.48000237941742,375.4800014972687,58.0,58.0,58.0,0.0,0.0,0.0,37.8,37.8,0.0,0.9790468749164469,16.22745535714286,0.9822544642857143,0.773855902637991,0.772911448337455,0.22587607372544238,0.9987875220628972,0.9987875220628972,0.0012124779371027212,0.003236607142857143,0.19419642857142855,0.05829412968255114,0.6218278321252739,2560,0.6218278321252739,0.8463865975876251,0.8647298077452966,0.8463865975876251,0.6218278321252739,0.6218278321252739,6263.0,7.6,6270.6,4846.6,1408.0,8.4,0.22453645758561666,1.9085788014371505,138.47428571428517,21.66749689824322,-42.05189859954507,-27.120947761171884,-40.468571428572396,-3.2184001434594394,0.0,0.005345982142857143,0.7547321428571429,0.18812622129917145,mappo_no_han_train_eval,/home/pjpjq/LEO_switch/results/multiseed_0907/seed45/u35/learned_baselines/mappo_no_han/training_history.json,reward,47.281966485643714,1.4769468336332898,0,,,35,45,False,/home/pjpjq/LEO_switch/results/multiseed_0907/seed45/u35/learned_baselines/mappo_no_han/best_model.pt,150000,,,,
maddpg,MADDPG,5,False,26.786448100390864,6.331791615082729,3.6159868408783247,2.3182870424947284,4.750618445247239,9039.165556021855,1.0,0.0,0.3839945670324495,17920.0,312.4,0.017433035714285717,50.04000170230866,362.44000086784365,51.2,51.2,51.2,0.0,0.0,0.0,32.2,32.2,0.0,0.9797745535229998,14.657142857142858,0.9825669642857143,0.6989376307059293,0.6981114240451158,0.30070810983889784,0.9988195338840136,0.9988195338840136,0.0011804661159864232,0.0028571428571428576,0.17142857142857143,0.04810080718658525,0.6772849584638775,2560,0.6772849584638775,0.8816959106861478,0.9248300119847157,0.8816959106861478,0.6772849584638775,0.6772849584638775,6263.2,7.4,6270.6,4377.6,1878.4,7.2,0.2995613719032429,2.06486786276084,125.07428571428208,22.571415313565446,-42.47192896292295,-21.40641146483595,-53.87428571428825,-3.1066287115216253,0.0,0.0046540178571428574,0.015636160714285714,0.9843633770942688,maddpg_train_eval,/home/pjpjq/LEO_switch/results/multiseed_0907/seed45/u35/learned_baselines/maddpg/training_history.json,reward,26.786448100390864,1.4432184116780329,0,,,35,45,False,/home/pjpjq/LEO_switch/results/multiseed_0907/seed45/u35/learned_baselines/maddpg/maddpg_model.pt,150000,/home/pjpjq/LEO_switch/results/multiseed_0907/seed45/u35/learned_baselines/maddpg/maddpg_training.log,26.786448100390864,,
min_distance,Min-Distance,5,False,4.392233593759011,5.190186959456839,4.0996346758410125,2.2852976845030186,4.917736069108168,10315.145994236758,1.0,0.0,0.08019241652518391,17920.0,288.8,0.016116071428571428,38.280001521110535,327.079998922348,58.8,58.8,58.8,0.0,0.0,0.0,5.0,5.0,0.0,0.9817477679172797,13.475892857142856,0.9838839285714286,0.6423300286414374,0.6418199955677132,0.3573821863387684,0.9992021819064816,0.9992021819064816,0.000797818093518517,0.0032812500000000003,0.196875,0.11838491658757758,0.3572759835869476,2560,0.3572759835869476,0.6120870074217215,0.39586225789482976,0.6120870074217215,0.3572759835869476,0.3572759835869476,6265.6,5.0,6270.6,4024.8,2239.8,1.0,0.35722286827253563,2.5628965400111205,114.99428571428294,15.66942738999615,-38.384074402651684,-21.06100419167506,-64.02285714286054,-2.8035429678857327,0.0,0.0035602678571428573,0.0,1.0,heuristic_eval,,reward,4.392233593759011,1.6463141589371741,0,,,35,45,False,,,,,1.0,min_distance(best_offload=1.00)
full_local,Full-Local,5,False,-151.84464548911583,19.205604867267482,5.332623933347089,2.2277874788019347,5.3925343177617275,13145.095933292072,0.0,0.0,1.0,17920.0,12256.4,0.6839508928571428,0.0,12256.4,0.0,0.0,0.0,0.0,0.0,0.0,0.0,0.0,0.0,0.31604910714285717,10.716964285714287,0.31604910714285717,0.5104095115830606,0.5104095115830606,0.4895904884169394,1.0,1.0,0.0,0.0,0.0,0.0,1.0,0.0,1.0,0.0,0.0,0.0,1.0,1.0,6270.6,0.0,6270.6,3200.8,3069.8,0.0,0.4895904884169394,4.10681577520997,91.4514285714288,0.0,-29.477571870729992,-21.05507473796137,-87.70857142857214,-105.05486966595053,0.0,0.0,1.0,0.0,heuristic_eval,,reward,-151.84464548911583,2.0963059249979383,0,,,35,45,False,,,,,,
han_pdqn,HAN+PDQN,5,True,87.82594696059823,5.205347329448808,2.1114134184873796,1.8639570439166409,4.200136377712793,7710.422456318122,1.0,0.0,0.14472856645270438,17920.0,315.0,0.017578125000000003,102.00000386238098,417.00000114440917,146.4,146.4,146.4,0.0,0.0,0.0,23.6,23.6,0.0,0.9767299106504236,19.119642857142857,0.982421875,0.9152829127591524,0.914462820726955,0.08464031628946596,0.9991031370164208,0.9991031370164208,0.0008968629835791003,0.008169642857142856,0.49017857142857146,0.06851084758946034,0.5698052477147255,2526,0.5698052477147255,0.7523356347054827,0.6852231359158212,0.7523356347054827,0.5698052477147255,0.5698052477147255,6238.6,5.6,6244.2,5710.4,525.6,2.6,0.0842228855992487,1.3502420944799178,163.15428571429428,19.010845699857192,-44.60547727453765,-31.067993556064216,-15.091428571428523,-3.5742858543992044,0.0,0.009486607142857142,0.6421540178571429,0.3490646779537201,checkpoint_eval,/home/pjpjq/LEO_switch/results/multiseed_0907/seed46/u35/learned_baselines/han_pdqn/training_history.json,reward,87.82594696059823,1.235921914583099,6,Successful-Task Delay | P95 Successful-Task Delay | Task Success | Deadline Violation | Successful Task Throughput | Energy per Successful Task,han_pdqn_multiuser_u35,35,46,True,,,,,,
pdqn,PDQN,5,False,77.07000606326983,6.272852460567158,2.233766561576717,1.891034388429378,4.325951587552619,7886.96791666676,0.6536954381024963,0.3463045618975037,0.09167069057346297,17920.0,319.0,0.017801339285714285,142.20000536441802,461.2000016212463,334.8,334.8,215.0,119.8,121.6,0.6,24.4,22.0,119.8,0.9742633927666716,18.583928571428572,0.9821986607142857,0.8895784447350398,0.8888672681727856,0.11033185917191783,0.9991991273447034,0.9991991273447034,0.0008008726552966095,0.011997767857142858,0.7198660714285714,0.0947267843201517,0.4504239958785573,2498,0.4504239958785573,0.6787740857233062,0.5332839823651209,0.6787740857233062,0.4504239958785573,0.4504239958785573,6239.2,5.0,6244.2,5550.4,684.0,4.8,0.10956259549335519,1.4209728878399324,158.58285714286401,16.955362255769906,-43.65391675249555,-30.482868178057856,-19.679999999999936,-3.9531429946422576,-0.6982857142857138,0.020044642857142858,0.5315290178571429,0.4596986174583435,pdqn_train_eval,/home/pjpjq/LEO_switch/results/multiseed_0907/seed46/u35/learned_baselines/pdqn/training_history.json,reward,77.07000606326983,1.2640992301363574,0,,,35,46,False,/home/pjpjq/LEO_switch/results/multiseed_0907/seed46/u35/learned_baselines/pdqn/best_model.pt,150000,/home/pjpjq/LEO_switch/results/multiseed_0907/seed46/u35/learned_baselines/pdqn/pdqn_training.log,,,
han_mappo,HAN+MAPPO,5,False,50.50940840486146,9.99627431890151,3.157008254382265,2.1028432103603607,4.526983992683218,9233.656206694015,1.0,0.0,0.40115957027399957,17920.0,319.0,0.01780133928571428,58.08000197410583,377.0800010681152,58.8,58.8,58.8,0.0,0.0,0.0,38.0,38.0,0.0,0.9789575892261096,16.446428571428573,0.9821986607142856,0.787614297818657,0.7865802901968274,0.2121060762034385,0.9986863664002659,0.9986863664002659,0.0013136335997341244,0.0032812499999999994,0.196875,0.05778582378730397,0.6245062681818837,2560,0.6245062681818837,0.8518629559716073,0.8795141605292363,0.8518629559716073,0.6245062681818837,0.6245062681818837,6236.0,8.2,6244.2,4912.0,1316.6,7.4,0.21092208542309554,1.8798160029914526,140.34285714285727,21.807691672873183,-42.868699850011716,-27.71175660231222,-37.82857142857218,-3.232114428654313,0.0,0.005401785714285714,0.7170647321428572,0.20150238275527954,han_mappo_train_eval,/home/pjpjq/LEO_switch/results/multiseed_0907/seed46/u35/learned_baselines/han_mappo/training_history.json,reward,50.50940840486146,1.4807017650246976,0,,,35,46,False,/home/pjpjq/LEO_switch/results/multiseed_0907/seed46/u35/learned_baselines/han_mappo/best_model.pt,150000,,,,
mappo_no_han,MAPPO,5,False,48.128543882118905,10.135011370608947,3.2328844210568874,2.045867052038445,4.363536380349524,9593.626106383774,1.0,0.0,0.5069464444819296,17920.0,317.4,0.01771205357142857,47.04000165462494,364.4400004863739,38.4,38.4,38.4,0.0,0.0,0.0,40.0,40.0,0.0,0.97966294640143,16.29375,0.9822879464285714,0.7802496925158298,0.7792473919874316,0.21947180824646426,0.9987192002338959,0.9987192002338959,0.0012807997661040496,0.002142857142857143,0.12857142857142856,0.059363129470094325,0.6162236296757344,2560,0.6162236296757344,0.8302162059921436,0.8276720142618611,0.8302162059921436,0.6162236296757344,0.6162236296757344,6236.2,8.0,6244.2,4866.4,1361.4,8.4,0.21812852991717474,1.971401057534065,139.03999999999965,21.253534873398912,-41.70280739339462,-28.201271213776057,-39.13714285714374,-3.1237715613096952,0.0,0.004375,0.7549665178571429,0.16656962037086487,mappo_no_han_train_eval,/home/pjpjq/LEO_switch/results/multiseed_0907/seed46/u35/learned_baselines/mappo_no_han/training_history.json,reward,48.128543882118905,1.5383769132458507,0,,,35,46,False,/home/pjpjq/LEO_switch/results/multiseed_0907/seed46/u35/learned_baselines/mappo_no_han/best_model.pt,150000,,,,
maddpg,MADDPG,5,False,25.983131052343015,6.7936359915382605,3.6885136529534903,2.3105171760011785,4.761663444103907,9078.40844765132,1.0,0.0,0.4154458981887263,17920.0,309.0,0.017243303571428573,46.320001649856565,355.32000102996824,45.6,45.6,45.6,0.0,0.0,0.0,31.6,31.6,0.0,0.9801718749425241,14.530580357142858,0.9827566964285713,0.6957779176414084,0.6949308195677251,0.30385157382010997,0.9987823933878349,0.9987823933878349,0.001217606612164959,0.0025446428571428573,0.15267857142857144,0.05054014123677839,0.6636712751328568,2560,0.6636712751328568,0.8673027259899921,0.8948259194087631,0.8673027259899921,0.6636712751328568,0.6636712751328568,6236.6,7.6,6244.2,4339.8,1890.0,6.8,0.3027635456335015,2.091895582204553,123.9942857142822,22.20294978534385,-41.84664342930991,-21.127576716773586,-54.194285714288284,-3.045600137114525,0.0,0.004308035714285714,0.01603794642857143,0.983863115310669,maddpg_train_eval,/home/pjpjq/LEO_switch/results/multiseed_0907/seed46/u35/learned_baselines/maddpg/training_history.json,reward,25.983131052343015,1.4556663001717793,0,,,35,46,False,/home/pjpjq/LEO_switch/results/multiseed_0907/seed46/u35/learned_baselines/maddpg/maddpg_model.pt,150000,/home/pjpjq/LEO_switch/results/multiseed_0907/seed46/u35/learned_baselines/maddpg/maddpg_training.log,25.983131052343015,,
min_distance,Min-Distance,5,False,5.193885772865906,5.202763431698415,4.115549688345132,2.2869100552042942,4.923282213250475,10268.023881329533,1.0,0.0,0.07594999228275968,17920.0,286.2,0.015970982142857144,39.24000155925751,325.4399990797043,60.2,60.2,60.2,0.0,0.0,0.0,5.2,5.2,0.0,0.9818392857656415,13.454464285714286,0.9840290178571429,0.6439984039998581,0.6434848761001445,0.35571391538759867,0.999198791487743,0.999198791487743,0.0008012085122568065,0.0033593750000000004,0.2015625,0.11645590424969554,0.3644206416150693,2560,0.3644206416150693,0.6177695212636934,0.407859875828325,0.6177695212636934,0.3644206416150693,0.3644206416150693,6239.2,5.0,6244.2,4018.4,2220.0,0.8,0.3555863131475633,2.555251811997196,114.81142857142581,15.814899744350601,-38.229018197665866,-20.962509162904034,-63.451428571432004,-2.7894858246669174,0.0,0.0036495535714285714,0.0,1.0,heuristic_eval,,reward,5.193885772865906,1.6457276383718318,0,,,35,46,False,,,,,1.0,min_distance(best_offload=1.00)
full_local,Full-Local,5,False,-157.51370070018748,19.54153625053371,5.4269565112159395,2.2232387928848434,5.396870603842906,13148.71210224384,0.0,0.0,1.0,17920.0,12869.2,0.7181473214285715,0.0,12869.2,0.0,0.0,0.0,0.0,0.0,0.0,0.0,0.0,0.0,0.2818526785714286,10.613169642857143,0.2818526785714286,0.5075718852090548,0.5075718852090548,0.4924281147909452,1.0,1.0,0.0,0.0,0.0,0.0,1.0,0.0,1.0,0.0,0.0,0.0,1.0,1.0,6244.2,0.0,6244.2,3169.8,3074.4,0.0,0.4924281147909452,4.148120418399849,90.56571428571463,0.0,-29.07921040067946,-20.852777532817317,-87.8400000000007,-110.3074410971254,0.0,0.0,1.0,0.0,heuristic_eval,,reward,-157.51370070018748,2.1057480705685023,0,,,35,46,False,,,,,,
han_pdqn,HAN+PDQN,5,True,74.55249842898047,4.501250986568404,2.2579721687416736,1.8775429357429474,4.262087892674975,9607.370510105451,1.0,0.0,0.08262819691467231,20480.0,418.6,0.020439453125,216.24000737667083,634.8400022268295,336.2,336.2,336.2,0.0,0.0,0.0,24.2,24.2,0.0,0.9690019530162681,18.5384765625,0.9795605468749999,0.8880910368133408,0.8873413094585413,0.11181788425058836,0.9991591937091295,0.9991591937091295,0.0008408062908704196,0.016416015625,0.9849609375,0.08696818099931906,0.4838196250969179,2461,0.4838196250969179,0.6609968400948671,0.516362548681134,0.6609968400948671,0.4838196250969179,0.4838196250969179,7125.6,6.0,7131.6,6327.8,796.2,1.6,0.11159435598451588,1.5182797354697448,158.19500000001884,16.285280258542098,-43.700600691039924,-31.520879340814314,-19.9449999999999,-4.761300178524107,0.0,0.01759765625,0.617431640625,0.35228022933006287,checkpoint_eval,/home/pjpjq/LEO_switch/results/multiseed_0907/seed43/u40/learned_baselines/han_pdqn/training_history.json,reward,74.55249842898047,1.348289338456474,2,Successful-Task Delay | P95 Successful-Task Delay,han_pdqn_multiuser_u40,40,43,True,,,,,,
pdqn,PDQN,5,False,73.70491254403314,3.167559994685057,2.254649145339083,1.912785513277208,4.311765359046783,9589.910839275788,0.8920934864175527,0.10790651358244722,0.17572050451602902,20480.0,458.6,0.022392578125,140.28000540733336,598.8800008535385,221.4,221.4,193.4,28.0,31.8,0.0,44.2,40.4,28.0,0.9707578124583233,18.6064453125,0.9776074218749999,0.8913406370183011,0.8905362375607281,0.10856635971504298,0.9991025972757711,0.9991025972757711,0.0008974027242288805,0.009443359375,0.5666015625,0.09546689650384622,0.4473166750853459,2417,0.4473166750853459,0.6507250286720794,0.4892081808378667,0.6507250286720794,0.4473166750853459,0.4473166750853459,7125.2,6.4,7131.6,6351.0,770.6,3.6,0.10806117681048714,1.509984386596723,158.77500000001893,15.733659131726771,-44.824646099426595,-31.973498910063235,-19.354999999999958,-4.491600151360035,-0.1590000000000001,0.01296875,0.41681640625,0.568488359451294,pdqn_train_eval,/home/pjpjq/LEO_switch/results/multiseed_0907/seed43/u40/learned_baselines/pdqn/training_history.json,reward,73.70491254403314,1.3459146184353825,4,Task Success | Deadline Violation | Successful Task Throughput | Energy per Successful Task,,40,43,False,/home/pjpjq/LEO_switch/results/multiseed_0907/seed43/u40/learned_baselines/pdqn/best_model.pt,150000,/home/pjpjq/LEO_switch/results/multiseed_0907/seed43/u40/learned_baselines/pdqn/pdqn_training.log,,,
han_mappo,HAN+MAPPO,5,False,41.98076260976486,7.867218195281522,3.31519669401222,2.0673873840815475,4.468068952533364,11245.458293410604,1.0,0.0,0.3993558165971959,20480.0,450.4,0.021992187500000003,72.96000304222108,523.3600011825562,76.6,76.6,76.6,0.0,0.0,0.0,45.0,45.0,0.0,0.9744453124422578,15.8806640625,0.9780078124999999,0.7611866909980056,0.7602188847494161,0.23851816230852027,0.9987370470579364,0.9987370470579364,0.0012629529420636683,0.0037402343749999996,0.2244140625,0.05515204299609423,0.6385274536942875,2560,0.6385274536942875,0.8506844498006334,0.8870897635659144,0.8506844498006334,0.6385274536942875,0.6385274536942875,7122.6,9.0,7131.6,5420.6,1692.6,9.4,0.23720049669806526,2.0745781451150433,135.51500000001369,21.77752191489629,-41.133735934433325,-27.702824187241653,-42.54999999999866,-3.9252001262269913,0.0,0.0059375,0.292275390625,0.4403625726699829,han_mappo_train_eval,/home/pjpjq/LEO_switch/results/multiseed_0907/seed43/u40/learned_baselines/han_mappo/training_history.json,reward,41.98076260976486,1.5788417562983466,0,,,40,43,False,/home/pjpjq/LEO_switch/results/multiseed_0907/seed43/u40/learned_baselines/han_mappo/best_model.pt,150000,,,,
mappo_no_han,MAPPO,5,False,40.2126613338085,6.198134580498121,3.3659423896909764,2.062630038937122,4.488042405315972,11179.666145795874,1.0,0.0,0.49752252934859376,20480.0,466.4,0.022773437500000004,54.72000217437744,521.1200008153916,46.8,46.8,46.8,0.0,0.0,0.0,44.4,44.4,0.0,0.974554687460186,15.730078125,0.9772265625,0.7539047186492653,0.7529888426050354,0.24580477014253677,0.9987936127475722,0.9987936127475722,0.001206387252427856,0.00228515625,0.137109375,0.05763864179466462,0.6252834724635412,2560,0.6252834724635412,0.8394299502733299,0.861102604330859,0.8394299502733299,0.6252834724635412,0.6252834724635412,7123.0,8.6,7131.6,5369.2,1746.4,7.4,0.2447687725127646,2.0821847101608943,134.23000000001338,21.489406726997323,-40.61402390149963,-27.139322072480844,-43.844999999998585,-3.9084001276642084,0.0,0.004453125,0.75896484375,0.17016465961933136,mappo_no_han_train_eval,/home/pjpjq/LEO_switch/results/multiseed_0907/seed43/u40/learned_baselines/mappo_no_han/training_history.json,reward,40.2126613338085,1.569516516326811,0,,,40,43,False,/home/pjpjq/LEO_switch/results/multiseed_0907/seed43/u40/learned_baselines/mappo_no_han/best_model.pt,150000,,,,
maddpg,MADDPG,5,False,20.03073393224331,4.001631044827773,3.7637689966396968,2.295084152700496,4.8440595949931895,10730.984275707011,0.997313821679,0.0026861783209999723,0.28185774652914625,20480.0,442.8,0.021621093749999997,207.96000640392305,650.7600053310395,306.6,306.6,304.8,1.8,0.0,1.8,41.8,41.8,1.8,0.9682246091146954,14.2130859375,0.9783789062499999,0.6810148497739958,0.6803862870204916,0.31868759528629914,0.9990738823067907,0.9990738823067907,0.0009261176932092345,0.014882812499999998,0.89296875,0.047419907302375906,0.6811248599162139,2560,0.6811248599162139,0.8757089707107248,0.918691826496479,0.8757089707107248,0.6811248599162139,0.6811248599162139,7125.0,6.6,7131.6,4851.4,2263.8,9.8,0.31731491704440984,2.2119355805967373,121.28500000001046,22.418149650194614,-40.78128310661294,-21.16143341191725,-56.83999999999785,-4.880700184497982,-0.009000000000000003,0.01701171875,0.0,1.0,maddpg_train_eval,/home/pjpjq/LEO_switch/results/multiseed_0907/seed43/u40/learned_baselines/maddpg/training_history.json,reward,20.03073393224331,1.5061030562395805,0,,,40,43,False,/home/pjpjq/LEO_switch/results/multiseed_0907/seed43/u40/learned_baselines/maddpg/maddpg_model.pt,150000,/home/pjpjq/LEO_switch/results/multiseed_0907/seed43/u40/learned_baselines/maddpg/maddpg_training.log,20.03073393224331,,
min_distance,Min-Distance,5,False,-1.2577421867594238,3.7349849458616746,4.257220543557326,2.2805094047247296,4.976288439250777,12137.056512167681,1.0,0.0,0.08708345419580796,20480.0,410.6,0.020048828125,43.92000172138214,454.51999802589415,67.0,67.0,67.0,0.0,0.0,0.0,6.2,6.2,0.0,0.9778066407213919,13.0787109375,0.979951171875,0.6265988495612924,0.6260365536866989,0.37306530228740614,0.9991018559741051,0.9991018559741051,0.0008981440258950179,0.003271484375,0.1962890625,0.12020877522334139,0.3505892714141028,2560,0.3505892714141028,0.5972641083205367,0.3986664141551352,0.5972641083205367,0.3505892714141028,0.3505892714141028,7125.2,6.4,7131.6,4464.2,2660.6,0.4,0.37300937387577304,2.7187528587804493,111.60500000000825,15.28996117300579,-37.19235970095561,-21.026442126138953,-66.52499999999802,-3.408900117315352,0.0,0.00357421875,0.0,1.0,heuristic_eval,,reward,-1.2577421867594238,1.7033987133228095,0,,,40,43,False,,,,,1.0,min_distance(best_offload=1.00)
full_local,Full-Local,5,False,-154.4494868280577,10.825503647031828,5.231948281492384,2.221198891725501,5.385321329369944,14975.615227964168,0.0,0.0,1.0,20480.0,14655.4,0.7155957031250001,0.0,14655.4,0.0,0.0,0.0,0.0,0.0,0.0,0.0,0.0,0.0,0.284404296875,10.82578125,0.284404296875,0.5182433280448678,0.5182433280448678,0.48175667195513217,1.0,1.0,0.0,0.0,0.0,0.0,1.0,0.0,1.0,0.0,0.0,0.0,1.0,1.0,7131.6,0.0,7131.6,3695.2,3436.4,0.0,0.48175667195513217,4.052721159332152,92.38000000000388,0.0,-29.779812500301354,-21.224176829452382,-85.9100000000024,-109.91550392210483,0.0,0.0,1.0,0.0,heuristic_eval,,reward,-154.4494868280577,2.099895567329094,0,,,40,43,False,,,,,,
han_pdqn,HAN+PDQN,5,True,78.6602043005405,4.3549684102700725,2.2209226991650306,1.8953018273237519,4.291580239440229,9498.335352357524,1.0,0.0,0.0855576513348392,20480.0,417.0,0.020361328125,188.28000700473785,605.280002951622,287.6,287.6,287.6,0.0,0.0,0.0,26.2,26.2,0.0,0.9704453123558776,18.825,0.979638671875,0.8987490366159527,0.8980920128465122,0.1011793499483431,0.9992713627948554,0.9992713627948554,0.0007286372051447216,0.01404296875,0.842578125,0.08323142646285575,0.5004587211576619,2519,0.5004587211576619,0.6893367612114092,0.5916267941598476,0.6893367612114092,0.5004587211576619,0.5004587211576619,7149.8,5.2,7155.0,6425.6,722.8,1.4,0.1009840230081255,1.4782020904440867,160.64000000001937,17.36846723095379,-44.756796401344936,-31.94686487054681,-18.104999999999993,-4.539600162487477,0.0,0.015322265625,0.51900390625,0.46460238099098206,checkpoint_eval,/home/pjpjq/LEO_switch/results/multiseed_0907/seed44/u40/learned_baselines/han_pdqn/training_history.json,reward,78.6602043005405,1.328475670977863,6,Successful-Task Delay | P95 Successful-Task Delay | Task Success | Deadline Violation | Successful Task Throughput | Energy per Successful Task,han_pdqn_multiuser_u40,40,44,True,,,,,,
pdqn,PDQN,5,False,69.24701956695644,3.8892770128149365,2.4034776881161957,1.9446814345800252,4.492907385174257,9591.346352946033,0.8201324895292015,0.1798675104707986,0.0742866638180696,20480.0,422.0,0.02060546875,161.64000627994537,583.6400017023086,312.2,312.2,251.0,61.2,63.8,0.2,21.2,18.4,61.2,0.9715019530418795,18.1013671875,0.97939453125,0.8642108862751003,0.8635770080125627,0.13569417549957946,0.9992711835121421,0.9992711835121421,0.0007288164878579706,0.012255859375,0.7353515625,0.0899639661560982,0.4707441075399723,2502,0.4707441075399723,0.7048159224475233,0.6250482000039239,0.7048159224475233,0.4707441075399723,0.4707441075399723,7149.8,5.2,7155.0,6178.6,970.0,1.2,0.1355250352982341,1.5523494566642981,154.46500000001797,17.64144296203231,-43.53274280858107,-30.34937937807457,-24.27999999999969,-4.377300167456269,-0.32000000000000023,0.016279296875,0.373876953125,0.6132777333259583,pdqn_train_eval,/home/pjpjq/LEO_switch/results/multiseed_0907/seed44/u40/learned_baselines/pdqn/training_history.json,reward,69.24701956695644,1.3414845664138904,0,,,40,44,False,/home/pjpjq/LEO_switch/results/multiseed_0907/seed44/u40/learned_baselines/pdqn/best_model.pt,150000,/home/pjpjq/LEO_switch/results/multiseed_0907/seed44/u40/learned_baselines/pdqn/pdqn_training.log,,,
han_mappo,HAN+MAPPO,5,False,40.035919534617825,6.603620639243597,3.3587837581615902,2.0998279582508372,4.575310463394136,11133.096692006959,1.0,0.0,0.46792389917689486,20480.0,436.6,0.021318359375000002,55.80000228881836,492.4000009059906,50.4,50.4,50.4,0.0,0.0,0.0,42.6,42.6,0.0,0.9759570312057623,15.7576171875,0.9786816406249998,0.7526636720696107,0.7518185472568943,0.24706396000637273,0.998882507263267,0.998882507263267,0.0011174927367329241,0.0024609375000000005,0.14765625,0.06280155677663139,0.5984575177707482,2560,0.5984575177707482,0.8445267915645294,0.8986360751015627,0.8445267915645294,0.5984575177707482,0.5984575177707482,7147.0,8.0,7155.0,5378.6,1761.6,6.8,0.24611470428812893,2.0698874599351056,134.46500000001345,21.619885864051962,-41.15956947143679,-26.986397762343984,-44.20999999999856,-3.69300012011081,0.0,0.004541015625,0.55841796875,0.30250492691993713,han_mappo_train_eval,/home/pjpjq/LEO_switch/results/multiseed_0907/seed44/u40/learned_baselines/han_mappo/training_history.json,reward,40.035919534617825,1.5577300534499732,0,,,40,44,False,/home/pjpjq/LEO_switch/results/multiseed_0907/seed44/u40/learned_baselines/han_mappo/best_model.pt,150000,,,,
mappo_no_han,MAPPO,5,False,37.955571161443366,5.987494352030847,3.4162396103954316,2.1065646001690164,4.611345959026144,11054.773353289047,1.0,0.0,0.5362919380893325,20480.0,434.4,0.021210937500000002,52.32000172138214,486.72000033855437,41.4,41.4,41.4,0.0,0.0,0.0,45.8,45.8,0.0,0.976234374983469,15.5900390625,0.9787890625,0.7446735833154097,0.7438349068648809,0.255046815010798,0.9988817218756786,0.9988817218756786,0.0011182781243212563,0.0020214843750000003,0.1212890625,0.0649483366868493,0.5875619641615893,2560,0.5875619641615893,0.8364968464072738,0.8827254354595391,0.8364968464072738,0.5875619641615893,0.5875619641615893,7147.0,8.0,7155.0,5321.4,1818.2,7.4,0.2540143665008614,2.077418227024664,133.0350000000131,21.41431926802623,-40.795214743611574,-26.40813421222122,-45.63999999999848,-3.6504001187160613,0.0,0.0042578125,0.753740234375,0.18896189332008362,mappo_no_han_train_eval,/home/pjpjq/LEO_switch/results/multiseed_0907/seed44/u40/learned_baselines/mappo_no_han/training_history.json,reward,37.955571161443366,1.5467711421979917,0,,,40,44,False,/home/pjpjq/LEO_switch/results/multiseed_0907/seed44/u40/learned_baselines/mappo_no_han/best_model.pt,150000,,,,
maddpg,MADDPG,5,False,17.977241183726257,3.829658015549475,3.866419710106725,2.313257040960498,4.8505406264526725,10961.646791486914,1.0,0.0,0.5248879730481144,20480.0,436.8,0.021328125,48.2400016784668,485.040000462532,38.6,38.6,38.6,0.0,0.0,0.0,41.8,41.8,0.0,0.9763164062274153,14.07890625,0.9786718750000001,0.6724482453766072,0.6717507282710227,0.32721515106665044,0.9989658793376732,0.9989658793376732,0.0010341206623269163,0.0018847656249999997,0.1130859375,0.0572770471171097,0.62719605870672,2560,0.62719605870672,0.8510147235164736,0.8959872909289643,0.8510147235164736,0.62719605870672,0.62719605870672,7147.6,7.4,7155.0,4805.6,2332.4,9.6,0.32587627489772686,2.281015230457573,120.14000000001019,21.785976922021735,-40.61357774623776,-21.147358899986507,-58.54999999999774,-3.6378001164644957,0.0,0.00392578125,0.0,0.9999948740005493,maddpg_train_eval,/home/pjpjq/LEO_switch/results/multiseed_0907/seed44/u40/learned_baselines/maddpg/training_history.json,reward,17.977241183726257,1.53361223228593,0,,,40,44,False,/home/pjpjq/LEO_switch/results/multiseed_0907/seed44/u40/learned_baselines/maddpg/maddpg_model.pt,150000,/home/pjpjq/LEO_switch/results/multiseed_0907/seed44/u40/learned_baselines/maddpg/maddpg_training.log,17.977241183726257,,
min_distance,Min-Distance,5,False,-1.0344255442658323,3.870104743360471,4.28935188858116,2.286993290456198,4.94845941838277,12124.433133089662,1.0,0.0,0.08549894715355442,20480.0,398.2,0.019443359375000004,45.00000178813934,443.1999981641769,68.8,68.8,68.8,0.0,0.0,0.0,6.2,6.2,0.0,0.9783593750896399,13.1021484375,0.9805566406249999,0.6255579945018578,0.6250698892250901,0.37414716160537187,0.999217050830462,0.999217050830462,0.000782949169538083,0.003359375,0.2015625,0.11855332850267324,0.3566557709066337,2560,0.3566557709066337,0.6155135962982212,0.44103887483993437,0.6155135962982212,0.3566557709066337,0.3566557709066337,7149.4,5.6,7155.0,4472.2,2676.8,0.4,0.37409123319373877,2.7110668425136764,111.80500000000829,15.75714806523452,-37.34470343886189,-20.997868816686765,-66.9299999999981,-3.324000111129135,0.0,0.003662109375,0.0,1.0,heuristic_eval,,reward,-1.0344255442658323,1.6958672242551351,0,,,40,44,False,,,,,1.0,min_distance(best_offload=1.00)
full_local,Full-Local,5,False,-160.28854885165347,10.051551781564125,5.274555007896818,2.227412891235555,5.3882017915421105,15029.896512808566,0.0,0.0,1.0,20480.0,15277.2,0.74595703125,0.0,15277.2,0.0,0.0,0.0,0.0,0.0,0.0,0.0,0.0,0.0,0.25404296875,10.7830078125,0.25404296875,0.5144650765636121,0.5144650765636121,0.48553492343638804,1.0,1.0,0.0,0.0,0.0,0.0,1.0,0.0,1.0,0.0,0.0,0.0,1.0,1.0,7155.0,0.0,7155.0,3680.6,3474.4,0.0,0.48553492343638804,4.083545213500127,92.0150000000038,0.0,-29.687688550867154,-21.17686295375081,-86.86000000000261,-114.57900411635637,0.0,0.0,1.0,0.0,heuristic_eval,,reward,-160.28854885165347,2.100614467198961,0,,,40,44,False,,,,,,
han_pdqn,HAN+PDQN,5,True,77.17550767352513,4.867357767350192,2.3128396009283394,1.931028995116328,4.43830483280554,9504.157323546891,0.9989528795811518,0.0010471204188481676,0.08183763829070222,20480.0,367.6,0.01794921875,136.6800053358078,504.28000228405,210.6,210.6,210.4,0.2,0.0,0.2,17.4,17.4,0.2,0.9753769530134742,18.51796875,0.9820507812499999,0.8824927014928875,0.8819470949064698,0.11743845817772489,0.9993855530841946,0.9993855530841946,0.0006144469158053924,0.0102734375,0.61640625,0.07008898393703514,0.5620656289076017,2544,0.5620656289076017,0.7635463479081569,0.7189408286158733,0.7635463479081569,0.5620656289076017,0.5620656289076017,7162.6,4.4,7167.0,6320.8,841.0,0.8,0.1173265507342128,1.5036320281525901,158.0200000000188,19.42873761464073,-44.40451263030023,-31.040615915167468,-21.04499999999986,-3.7821001323871313,-0.0010000000000000002,0.0111328125,0.60876953125,0.3806549310684204,checkpoint_eval,/home/pjpjq/LEO_switch/results/multiseed_0907/seed45/u40/learned_baselines/han_pdqn/training_history.json,reward,77.17550767352513,1.3269144338015373,6,Successful-Task Delay | P95 Successful-Task Delay | Task Success | Deadline Violation | Successful Task Throughput | Energy per Successful Task,han_pdqn_multiuser_u40,40,45,True,,,,,,
pdqn,PDQN,5,False,70.06918545727095,3.048061259557207,2.411778154360714,1.9413386066059448,4.467497268473833,9564.937148429413,0.7820014059215502,0.21799859407844976,0.21965077112768214,20480.0,438.8,0.02142578125,170.04000623226165,608.8400034427643,300.4,300.4,235.2,65.2,65.8,0.6,49.4,48.2,65.2,0.9702714842068965,18.1599609375,0.9785742187500001,0.8655223687236742,0.8648902215939179,0.1343843224107017,0.9992745440046196,0.9992745440046196,0.0007254559953803841,0.011484375,0.6890625,0.08647988246704211,0.48597293940440717,2540,0.48597293940440717,0.7275390947806912,0.6405996693120235,0.7275390947806912,0.48597293940440717,0.48597293940440717,7161.8,5.2,7167.0,6198.6,960.2,3.0,0.1339657524916064,1.5430802356063325,154.9650000000181,18.480751965509914,-43.879792121506895,-30.518473033911885,-24.0799999999997,-4.5663001524284486,-0.33200000000000024,0.017080078125,0.503251953125,0.47610604763031006,pdqn_train_eval,/home/pjpjq/LEO_switch/results/multiseed_0907/seed45/u40/learned_baselines/pdqn/training_history.json,reward,70.06918545727095,1.3355493239729417,0,,,40,45,False,/home/pjpjq/LEO_switch/results/multiseed_0907/seed45/u40/learned_baselines/pdqn/best_model.pt,150000,/home/pjpjq/LEO_switch/results/multiseed_0907/seed45/u40/learned_baselines/pdqn/pdqn_training.log,,,
han_mappo,HAN+MAPPO,5,False,37.65317438084967,7.278008180886681,3.4963440412445146,2.1071694323651546,4.536692794689803,11422.340471422754,1.0,0.0,0.4465826288974227,20480.0,388.2,0.018955078125,56.88000221252442,445.08000085353854,53.0,53.0,53.0,0.0,0.0,0.0,41.8,41.8,0.0,0.9782675780833234,15.57421875,0.9810449218749999,0.7426430081477212,0.7417455177158654,0.25705418792796914,0.9987997056438347,0.9987997056438347,0.001200294356165382,0.002587890625,0.1552734375,0.05256942732821597,0.6525132906359993,2560,0.6525132906359993,0.8660141800247562,0.9019716716225682,0.8660141800247562,0.6525132906359993,0.6525132906359993,7158.4,8.6,7167.0,5316.0,1836.4,6.0,0.25621822426439117,2.148672022464777,132.90000000001308,22.169963008633804,-40.94396134137257,-27.074728233137222,-46.05999999999845,-3.338100105430931,0.0,0.00462890625,0.596748046875,0.27008703351020813,han_mappo_train_eval,/home/pjpjq/LEO_switch/results/multiseed_0907/seed45/u40/learned_baselines/han_mappo/training_history.json,reward,37.65317438084967,1.595655519588561,0,,,40,45,False,/home/pjpjq/LEO_switch/results/multiseed_0907/seed45/u40/learned_baselines/han_mappo/best_model.pt,150000,,,,
mappo_no_han,MAPPO,5,False,36.67930298200572,7.650089676929728,3.507677636584345,2.144321926112777,4.664873998395409,10924.797270363784,1.0,0.0,0.45028736436149785,20480.0,387.8,0.018935546874999997,61.32000243663788,449.1200010061264,57.8,57.8,57.8,0.0,0.0,0.0,44.4,44.4,0.0,0.9780703124508727,15.4505859375,0.981064453125,0.7366412887823639,0.7358571397124323,0.2630824122706081,0.9989395519830404,0.9989395519830404,0.0010604480169596677,0.002822265625,0.1693359375,0.05665635334407415,0.6304896166263044,2560,0.6304896166263044,0.8571707280372666,0.8890160693711111,0.8571707280372666,0.6304896166263044,0.6304896166263044,7159.4,7.6,7167.0,5273.8,1877.6,8.0,0.2619671463313198,2.071522862141868,131.84500000001287,21.94357063775406,-41.008263799021286,-25.59260469190736,-47.139999999998395,-3.3684001032263042,0.0,0.004990234375,0.743779296875,0.20788130164146423,mappo_no_han_train_eval,/home/pjpjq/LEO_switch/results/multiseed_0907/seed45/u40/learned_baselines/mappo_no_han/training_history.json,reward,36.67930298200572,1.5259375464932514,0,,,40,45,False,/home/pjpjq/LEO_switch/results/multiseed_0907/seed45/u40/learned_baselines/mappo_no_han/best_model.pt,150000,,,,
maddpg,MADDPG,5,False,17.935133509495063,4.821068374953097,3.909408369692506,2.3130315356611737,4.834512648383881,10948.4254473308,1.0,0.0,0.37662022703818365,20480.0,380.2,0.018564453125,61.320002508163455,441.52000119686124,64.0,64.0,64.0,0.0,0.0,0.0,38.2,38.2,0.0,0.9784414061915596,14.0103515625,0.981435546875,0.6680325763667045,0.667261714533474,0.3315940407757306,0.9988557553092046,0.9988557553092046,0.0011442446907954007,0.003125,0.1875,0.048422824117958084,0.6754750628670553,2560,0.6754750628670553,0.8797338581757366,0.9208025871413476,0.8797338581757366,0.6754750628670553,0.6754750628670553,7158.8,8.2,7167.0,4782.2,2369.0,7.6,0.3305351721654937,2.289411870547196,119.55500000001007,22.521186769298925,-40.4150031151027,-20.999651440070178,-59.41499999999769,-3.3114001066423953,0.0,0.004990234375,0.0,1.0,maddpg_train_eval,/home/pjpjq/LEO_switch/results/multiseed_0907/seed45/u40/learned_baselines/maddpg/training_history.json,reward,17.935133509495063,1.5293660176748616,0,,,40,45,False,/home/pjpjq/LEO_switch/results/multiseed_0907/seed45/u40/learned_baselines/maddpg/maddpg_model.pt,150000,/home/pjpjq/LEO_switch/results/multiseed_0907/seed45/u40/learned_baselines/maddpg/maddpg_training.log,17.935133509495063,,
min_distance,Min-Distance,5,False,-1.0839642209233715,3.877346423112361,4.353617587921273,2.2732216141858688,4.922996523795827,12154.696492027846,1.0,0.0,0.08534183796266677,20480.0,351.6,0.01716796875,44.04000174999237,395.639998292923,67.2,67.2,67.2,0.0,0.0,0.0,6.2,6.2,0.0,0.9806816407083534,13.062890625,0.9828320312500001,0.6226384653988102,0.6221190008078887,0.37704321260895723,0.9991622134168461,0.9991622134168461,0.0008377865831539859,0.0032812500000000003,0.196875,0.11415533111610368,0.37304045080857257,2560,0.37304045080857257,0.6233324176926452,0.4180151125533459,0.6233324176926452,0.37304045080857257,0.37304045080857257,7161.0,6.0,7167.0,4458.8,2701.8,0.4,0.37698728419732414,2.7260017251340822,111.47000000000821,15.957309892931784,-37.066005408068825,-20.922967119430538,-67.55499999999824,-2.967300095129758,0.0,0.003583984375,0.0,1.0,heuristic_eval,,reward,-1.0839642209233715,1.6973462494103961,0,,,40,45,False,,,,,1.0,min_distance(best_offload=1.00)
full_local,Full-Local,5,False,-152.29604740934445,21.268715632151373,5.369206844467065,2.220096011586983,5.349266258415453,15049.79104716938,0.0,0.0,1.0,20480.0,14065.2,0.68677734375,0.0,14065.2,0.0,0.0,0.0,0.0,0.0,0.0,0.0,0.0,0.0,0.31322265625,10.7162109375,0.31322265625,0.5103653970287303,0.5103653970287303,0.48963460297126976,1.0,1.0,0.0,0.0,0.0,0.0,1.0,0.0,1.0,0.0,0.0,0.0,1.0,1.0,7167.0,0.0,7167.0,3657.8,3509.2,0.0,0.48963460297126976,4.114437926395478,91.44500000000367,0.0,-29.47138854561635,-21.05066138292204,-87.73000000000283,-105.48900375962258,0.0,0.0,1.0,0.0,heuristic_eval,,reward,-152.29604740934445,2.0998731752712962,0,,,40,45,False,,,,,,
han_pdqn,HAN+PDQN,5,True,78.36174012914998,5.227146632001279,2.3082830407983335,1.9433971200820135,4.4165108443446455,9447.657866394371,1.0,0.0,0.05732078085977782,20480.0,356.0,0.017382812500000004,109.08000435829163,465.0800015449524,171.4,171.4,171.4,0.0,0.0,0.0,10.4,10.4,0.0,0.9772910155495629,18.526171875,0.9826171875,0.886048066882636,0.8852995664543426,0.11386126275567654,0.9991608292100193,0.9991608292100193,0.0008391707899807986,0.008369140624999999,0.5021484375,0.06807602773290942,0.5719512204794426,2546,0.5719512204794426,0.7770446180415996,0.7518556328322121,0.7770446180415996,0.5719512204794426,0.5719512204794426,7136.8,6.0,7142.8,6323.6,812.2,1.0,0.11372114258822597,1.494031543170721,158.0900000000188,19.786862544840307,-44.65990457170892,-31.037116725361393,-20.329999999999885,-3.488100116699934,0.0,0.008876953125,0.65349609375,0.33841511607170105,checkpoint_eval,/home/pjpjq/LEO_switch/results/multiseed_0907/seed46/u40/learned_baselines/han_pdqn/training_history.json,reward,78.36174012914998,1.3237946791831592,6,Successful-Task Delay | P95 Successful-Task Delay | Task Success | Deadline Violation | Successful Task Throughput | Energy per Successful Task,han_pdqn_multiuser_u40,40,46,True,,,,,,
pdqn,PDQN,5,False,68.13316511529847,3.549297055396404,2.446480158366268,1.973089532387552,4.561642176745847,9532.393352930576,0.8991631111670102,0.10083688883298976,0.12825984473089566,20480.0,390.4,0.0190625,224.16000859737397,614.5600043058396,366.6,366.6,334.0,32.6,31.2,1.4,39.6,39.6,32.6,0.9699921872897539,17.898046875,0.9809374999999999,0.8559598706014361,0.8552824466004504,0.1439322083299878,0.9992146549304382,0.9992146549304382,0.0007853450695619173,0.01630859375,0.978515625,0.07973426011741533,0.5163726081176843,2535,0.5163726081176843,0.7570261421434721,0.7062277232925722,0.7570261421434721,0.5163726081176843,0.5163726081176843,7137.2,5.6,7142.8,6109.2,1024.4,3.6,0.14342850915639538,1.5603341440664205,152.73000000001758,19.191701776847154,-43.51206333141476,-29.80427248533697,-25.69999999999961,-4.609200178459287,-0.16300000000000012,0.019833984375,0.39560546875,0.5946801900863647,pdqn_train_eval,/home/pjpjq/LEO_switch/results/multiseed_0907/seed46/u40/learned_baselines/pdqn/training_history.json,reward,68.13316511529847,1.3355928589545727,0,,,40,46,False,/home/pjpjq/LEO_switch/results/multiseed_0907/seed46/u40/learned_baselines/pdqn/best_model.pt,150000,/home/pjpjq/LEO_switch/results/multiseed_0907/seed46/u40/learned_baselines/pdqn/pdqn_training.log,,,
han_mappo,HAN+MAPPO,5,False,38.348126162405244,6.755263175505477,3.4709262545659585,2.1386403287924094,4.649149475011873,11168.216111693406,1.0,0.0,0.44006909142993694,20480.0,388.6,0.018974609375,57.8400021314621,446.4400006532669,54.0,54.0,54.0,0.0,0.0,0.0,42.4,42.4,0.0,0.9782011718431022,15.5466796875,0.981025390625,0.7437598397635947,0.7428788623169889,0.25594487195534243,0.9988237342723313,0.9988237342723313,0.001176265727668684,0.00263671875,0.158203125,0.05077593601303384,0.6623670318437077,2560,0.6623670318437077,0.8745875390203086,0.9193826930947147,0.8745875390203086,0.6623670318437077,0.6623670318437077,7134.4,8.4,7142.8,5306.6,1820.6,7.2,0.25493766082864283,2.104589777200732,132.66500000001304,22.38944099891996,-41.182584068584006,-26.480431732154535,-45.69499999999847,-3.348300100956112,0.0,0.00470703125,0.643125,0.24916160106658936,han_mappo_train_eval,/home/pjpjq/LEO_switch/results/multiseed_0907/seed46/u40/learned_baselines/han_mappo/training_history.json,reward,38.348126162405244,1.5654036936103115,0,,,40,46,False,/home/pjpjq/LEO_switch/results/multiseed_0907/seed46/u40/learned_baselines/han_mappo/best_model.pt,150000,,,,
mappo_no_han,MAPPO,5,False,36.47136184171541,7.47233099534213,3.494313001846263,2.153443670851731,4.743587736265498,10963.348744785819,1.0,0.0,0.3954093141353819,20480.0,381.6,0.0186328125,65.64000258445739,447.24000096321106,67.0,67.0,67.0,0.0,0.0,0.0,42.4,42.4,0.0,0.9781621093279682,15.3890625,0.9813671875000001,0.7361826358988989,0.7353536235001424,0.2635259637699566,0.9988795872700991,0.9988795872700991,0.0011204127299009135,0.003271484375,0.1962890625,0.055247948477255025,0.6380126467492264,2560,0.6380126467492264,0.8625316252938559,0.900610734953004,0.8625316252938559,0.6380126467492264,0.6380126467492264,7134.8,8.0,7142.8,5252.8,1874.4,7.6,0.2624626906649815,2.0871437604298313,131.32000000001273,22.08080960752277,-40.79585360548662,-25.7292949705014,-47.0499999999984,-3.3543001055717467,0.0,0.005341796875,0.741318359375,0.2056484818458557,mappo_no_han_train_eval,/home/pjpjq/LEO_switch/results/multiseed_0907/seed46/u40/learned_baselines/mappo_no_han/training_history.json,reward,36.47136184171541,1.536602111451732,0,,,40,46,False,/home/pjpjq/LEO_switch/results/multiseed_0907/seed46/u40/learned_baselines/mappo_no_han/best_model.pt,150000,,,,
maddpg,MADDPG,5,False,17.22582797537325,3.690821236623346,3.904078832334716,2.3229255875515493,4.868832332243484,10931.872599536555,0.9988461538461539,0.001153846153846154,0.3393223095524412,20480.0,384.8,0.0187890625,178.800005030632,563.6000039100647,257.2,257.2,256.0,1.2,0.0,1.2,42.0,42.0,1.2,0.9724804685590789,13.9869140625,0.9812109375,0.6690785309390712,0.6683457537123043,0.3305621186620016,0.9989078723743059,0.9989078723743059,0.0010921276256940944,0.0125,0.75,0.047347022986093903,0.6815369294058264,2560,0.6815369294058264,0.8849411507589748,0.9316287083500698,0.8849411507589748,0.6815369294058264,0.6815369294058264,7135.0,7.8,7142.8,4774.2,2350.0,10.8,0.3290505305774153,2.289781031279912,119.35500000001002,22.65449345942983,-40.43141518572868,-21.099251518574686,-59.01999999999772,-4.227000153530389,-0.006000000000000001,0.014609375,0.00634765625,0.9909929633140564,maddpg_train_eval,/home/pjpjq/LEO_switch/results/multiseed_0907/seed46/u40/learned_baselines/maddpg/training_history.json,reward,17.22582797537325,1.532147526213953,0,,,40,46,False,/home/pjpjq/LEO_switch/results/multiseed_0907/seed46/u40/learned_baselines/maddpg/maddpg_model.pt,150000,/home/pjpjq/LEO_switch/results/multiseed_0907/seed46/u40/learned_baselines/maddpg/maddpg_training.log,17.22582797537325,,
min_distance,Min-Distance,5,False,-0.6622622946379124,3.878608001376831,4.371830584926518,2.288286577850632,4.971181865059077,12116.51727596434,1.0,0.0,0.0816423719062213,20480.0,349.0,0.017041015624999996,45.120001792907715,394.11999835968015,68.8,68.8,68.8,0.0,0.0,0.0,6.4,6.4,0.0,0.9807558594550937,13.041796875,0.982958984375,0.6236771740176936,0.6231894643358997,0.3760258602185354,0.9992153245544351,0.9992153245544351,0.0007846754455649139,0.003359375,0.2015625,0.11182333601104752,0.3818898623629227,2560,0.3818898623629227,0.6302328198727147,0.4324024937476487,0.6302328198727147,0.3818898623629227,0.3818898623629227,7137.2,5.6,7142.8,4451.6,2685.0,0.6,0.3759417190829638,2.721834233975276,111.29000000000818,16.133960188741536,-37.118314772744704,-20.872006193696265,-67.13999999999814,-2.95590009605512,0.0,0.003671875,0.0,1.0,heuristic_eval,,reward,-0.6622622946379124,1.6976569629496636,0,,,40,46,False,,,,,1.0,min_distance(best_offload=1.00)
full_local,Full-Local,5,False,-158.27473163792166,22.17730415715746,5.429136821518428,2.240261074216652,5.393273024578602,15044.909699477608,0.0,0.0,1.0,20480.0,14802.8,0.7227929687500001,0.0,14802.8,0.0,0.0,0.0,0.0,0.0,0.0,0.0,0.0,0.0,0.27720703125,10.6453125,0.27720703125,0.5086594741762479,0.5086594741762479,0.4913405258237522,1.0,1.0,0.0,0.0,0.0,0.0,1.0,0.0,1.0,0.0,0.0,0.0,1.0,1.0,7142.8,0.0,7142.8,3633.6,3509.2,0.0,0.4913405258237522,4.1404969450345686,90.84000000000353,0.0,-29.3862666851389,-20.977467719540243,-87.73000000000283,-111.0210037574172,0.0,0.0,1.0,0.0,heuristic_eval,,reward,-158.27473163792166,2.106304208360532,0,,,40,46,False,,,,,,
