num_users,method,display_name,seed_count,active_load_balance_score,active_load_balance_score_ci_low,active_load_balance_score_ci_high,active_mec_load_fairness,active_mec_load_fairness_ci_low,active_mec_load_fairness_ci_high,avg_delay,avg_delay_ci_low,avg_delay_ci_high,avg_load_balance_score,avg_load_balance_score_ci_low,avg_load_balance_score_ci_high,avg_success_delay,avg_success_delay_ci_low,avg_success_delay_ci_high,avg_success_delay_sample_count,blocked_time_ratio,blocked_time_ratio_ci_low,blocked_time_ratio_ci_high,blocked_user_seconds,blocked_user_seconds_ci_low,blocked_user_seconds_ci_high,completed_tasks,completed_tasks_ci_low,completed_tasks_ci_high,deadline_violation_rate,deadline_violation_rate_ci_low,deadline_violation_rate_ci_high,deadline_violations,deadline_violations_ci_low,deadline_violations_ci_high,energy_per_resolved_task,energy_per_resolved_task_ci_low,energy_per_resolved_task_ci_high,energy_per_successful_task,energy_per_successful_task_ci_low,energy_per_successful_task_ci_high,energy_per_successful_task_sample_count,episodes,episodes_ci_low,episodes_ci_high,failed_handovers,failed_handovers_ci_low,failed_handovers_ci_high,failed_tasks,failed_tasks_ci_low,failed_tasks_ci_high,forced_termination_rate,forced_termination_rate_ci_low,forced_termination_rate_ci_high,handover_aborted,handover_aborted_ci_low,handover_aborted_ci_high,handover_action_rate,handover_action_rate_ci_low,handover_action_rate_ci_high,handover_attempts,handover_attempts_ci_low,handover_attempts_ci_high,handover_committed,handover_committed_ci_low,handover_committed_ci_high,handover_failure_rate,handover_failure_rate_ci_low,handover_failure_rate_ci_high,handover_frequency,handover_frequency_ci_low,handover_frequency_ci_high,handover_interruption_seconds,handover_interruption_seconds_ci_low,handover_interruption_seconds_ci_high,handover_radio_failures,handover_radio_failures_ci_low,handover_radio_failures_ci_high,handover_success_rate,handover_success_rate_ci_low,handover_success_rate_ci_high,handovers_per_user_minute,handovers_per_user_minute_ci_low,handovers_per_user_minute_ci_high,is_system,jain_mec_load_fairness,jain_mec_load_fairness_ci_low,jain_mec_load_fairness_ci_high,load_balance_coefficient,load_balance_coefficient_ci_low,load_balance_coefficient_ci_high,load_balance_variance,load_balance_variance_ci_low,load_balance_variance_ci_high,load_variance_sample_count,load_variance_sample_count_ci_low,load_variance_sample_count_ci_high,local_compute_rate,local_compute_rate_ci_low,local_compute_rate_ci_high,mean_offload_ratio,mean_offload_ratio_ci_low,mean_offload_ratio_ci_high,mean_reward,mean_reward_ci_low,mean_reward_ci_high,mec_load_fairness,mec_load_fairness_ci_low,mec_load_fairness_ci_high,migration_rejections,migration_rejections_ci_low,migration_rejections_ci_high,p95_success_delay,p95_success_delay_ci_low,p95_success_delay_ci_high,p95_success_delay_sample_count,penalty_delay,penalty_delay_ci_low,penalty_delay_ci_high,penalty_energy,penalty_energy_ci_low,penalty_energy_ci_high,penalty_failed_handover,penalty_failed_handover_ci_low,penalty_failed_handover_ci_high,penalty_service_interruption,penalty_service_interruption_ci_low,penalty_service_interruption_ci_high,penalty_task_failure,penalty_task_failure_ci_low,penalty_task_failure_ci_high,pending_task_rate,pending_task_rate_ci_low,pending_task_rate_ci_high,pending_tasks,pending_tasks_ci_low,pending_tasks_ci_high,primary_metric_win_count,primary_metric_win_count_ci_low,primary_metric_win_count_ci_high,primary_metric_wins_text,reachable_jain_mec_load_fairness,reachable_jain_mec_load_fairness_ci_low,reachable_jain_mec_load_fairness_ci_high,reconnection_attempts,reconnection_attempts_ci_low,reconnection_attempts_ci_high,reconnections,reconnections_ci_low,reconnections_ci_high,resolved_tasks,resolved_tasks_ci_low,resolved_tasks_ci_high,reward_load_balance,reward_load_balance_ci_low,reward_load_balance_ci_high,reward_task_success,reward_task_success_ci_low,reward_task_success_ci_high,selection_metric,selection_score,selection_score_ci_low,selection_score_ci_high,service_availability_rate,service_availability_rate_ci_low,service_availability_rate_ci_high,service_continuity_rate,service_continuity_rate_ci_low,service_continuity_rate_ci_high,service_interruption_seconds,service_interruption_seconds_ci_low,service_interruption_seconds_ci_high,source,source_is_system,source_method,std_reward,std_reward_ci_low,std_reward_ci_high,successful_task_throughput,successful_task_throughput_ci_low,successful_task_throughput_ci_high,task_completion_rate,task_completion_rate_ci_low,task_completion_rate_ci_high,task_failure_rate,task_failure_rate_ci_low,task_failure_rate_ci_high,task_resolution_rate,task_resolution_rate_ci_low,task_resolution_rate_ci_high,task_settlement_rate,task_settlement_rate_ci_low,task_settlement_rate_ci_high,task_success_rate,task_success_rate_ci_low,task_success_rate_ci_high,total_energy,total_energy_ci_low,total_energy_ci_high,total_handovers,total_handovers_ci_low,total_handovers_ci_high,total_tasks,total_tasks_ci_low,total_tasks_ci_high,total_user_seconds,total_user_seconds_ci_low,total_user_seconds_ci_high,training_history,checkpoint,trained_timesteps,trained_timesteps_ci_low,trained_timesteps_ci_high,training_log,best_training_eval_reward,best_training_eval_reward_ci_low,best_training_eval_reward_ci_high,method_variant,selected_offload,selected_offload_ci_low,selected_offload_ci_high
20,han_pdqn,HAN+PDQN,1,0.5428863222148396,0.5428863222148396,0.5428863222148396,0.38637447528863933,0.38637447528863933,0.38637447528863933,1.682744838377174,1.682744838377174,1.682744838377174,0.5428863222148396,0.5428863222148396,0.5428863222148396,1.5713679408565187,1.5713679408565187,1.5713679408565187,1,0.015097656249999999,0.015097656249999999,0.015097656249999999,154.6,154.6,154.6,3439.2,3439.2,3439.2,0.03831679170866557,0.03831679170866557,0.03831679170866557,137.2,137.2,137.2,0.9117382604538968,0.9117382604538968,0.9117382604538968,0.9482692944997643,0.9482692944997643,0.9482692944997643,1,5.0,5.0,5.0,0.0,0.0,0.0,0.6,0.6,0.6,0.09446366589223733,0.09446366589223733,0.09446366589223733,0.0,0.0,0.0,0.0098828125,0.0098828125,0.0098828125,92.0,92.0,92.0,92.0,92.0,92.0,0.0,0.0,0.0,0.008984375000000001,0.008984375000000001,0.008984375000000001,60.720002388954164,60.720002388954164,60.720002388954164,0.0,0.0,0.0,1.0,1.0,1.0,0.5390625,0.5390625,0.5390625,True,0.6349541883387517,0.6349541883387517,0.6349541883387517,0.5428863222148396,0.5428863222148396,0.5428863222148396,0.07406794512394244,0.07406794512394244,0.07406794512394244,2337.0,2337.0,2337.0,0.5833984375,0.5833984375,0.5833984375,0.40250328183174133,0.40250328183174133,0.40250328183174133,108.92507776578422,108.92507776578422,108.92507776578422,0.5428863222148396,0.5428863222148396,0.5428863222148396,0.0,0.0,0.0,3.5866286944049692,3.5866286944049692,3.5866286944049692,1,-40.459188559804474,-40.459188559804474,-40.459188559804474,-27.31369896144928,-27.31369896144928,-27.31369896144928,0.0,0.0,0.0,-3.229800128750503,-3.229800128750503,-3.229800128750503,-6.889999999999989,-6.889999999999989,-6.889999999999989,0.0007832563647023705,0.0007832563647023705,0.0007832563647023705,2.8,2.8,2.8,4.0,4.0,4.0,Task Success | Deadline Violation | Successful Task Throughput | Energy per Successful Task,0.6349541883387517,0.6349541883387517,0.6349541883387517,9.2,9.2,9.2,9.2,9.2,9.2,3577.0,3577.0,3577.0,14.857762597898533,14.857762597898533,14.857762597898533,171.96000000000487,171.96000000000487,171.96000000000487,reward,108.92507776578422,108.92507776578422,108.92507776578422,0.98490234375,0.98490234375,0.98490234375,0.9789726561075076,0.9789726561075076,0.9789726561075076,215.3200014591217,215.3200014591217,215.3200014591217,checkpoint_eval,True,han_pdqn_multiuser_u20,4.896557432449917,4.896557432449917,4.896557432449917,20.1515625,20.1515625,20.1515625,0.9614831699223092,0.9614831699223092,0.9614831699223092,0.038484872274775705,0.038484872274775705,0.038484872274775705,0.9992167436352976,0.9992167436352976,0.9992167436352976,0.9992167436352976,0.9992167436352976,0.9992167436352976,0.9607318713605218,0.9607318713605218,0.9607318713605218,3261.287757643589,3261.287757643589,3261.287757643589,92.0,92.0,92.0,3579.8,3579.8,3579.8,10240.0,10240.0,10240.0,/home/pjpjq/LEO_switch/results/multiseed_0907/seed45/u20/learned_baselines/han_pdqn/training_history.json,,,,,,,,,,,,
20,pdqn,PDQN,1,0.447349256234384,0.447349256234384,0.447349256234384,0.2423079341137233,0.2423079341137233,0.2423079341137233,1.6887483558801661,1.6887483558801661,1.6887483558801661,0.447349256234384,0.447349256234384,0.447349256234384,1.5702587221828452,1.5702587221828452,1.5702587221828452,1,0.017226562499999997,0.017226562499999997,0.017226562499999997,176.4,176.4,176.4,3427.4,3427.4,3427.4,0.04171955484232861,0.04171955484232861,0.04171955484232861,149.2,149.2,149.2,1.0123672508441044,1.0123672508441044,1.0123672508441044,1.056791605902444,1.056791605902444,1.056791605902444,1,5.0,5.0,5.0,20.4,20.4,20.4,1.2,1.2,1.2,0.11841041693786862,0.11841041693786862,0.11841041693786862,20.4,20.4,20.4,0.01724609375,0.01724609375,0.01724609375,159.4,159.4,159.4,139.0,139.0,139.0,0.11060252548624641,0.11060252548624641,0.11060252548624641,0.01357421875,0.01357421875,0.01357421875,93.72000341415405,93.72000341415405,93.72000341415405,20.4,20.4,20.4,0.8893974745137536,0.8893974745137536,0.8893974745137536,0.814453125,0.814453125,0.814453125,False,0.585527815049998,0.585527815049998,0.585527815049998,0.447349256234384,0.447349256234384,0.447349256234384,0.09545911972958508,0.09545911972958508,0.09545911972958508,1969.0,1969.0,1969.0,0.47720703125,0.47720703125,0.47720703125,0.49216458201408386,0.49216458201408386,0.49216458201408386,100.95975698692492,100.95975698692492,100.95975698692492,0.447349256234384,0.447349256234384,0.447349256234384,0.0,0.0,0.0,3.5638381741626275,3.5638381741626275,3.5638381741626275,1,-40.351120832881314,-40.351120832881314,-40.351120832881314,-29.79360358314792,-29.79360358314792,-29.79360358314792,-0.20400000000000013,-0.20400000000000013,-0.20400000000000013,-4.051800167560577,-4.051800167560577,-4.051800167560577,-7.5199999999999845,-7.5199999999999845,-7.5199999999999845,0.0005629438880204015,0.0005629438880204015,0.0005629438880204015,2.0,2.0,2.0,2.0,2.0,2.0,Successful-Task Delay | P95 Successful-Task Delay,0.585527815049998,0.585527815049998,0.585527815049998,17.2,17.2,17.2,17.2,17.2,17.2,3577.8,3577.8,3577.8,11.510279949216429,11.510279949216429,11.510279949216429,171.37000000000472,171.37000000000472,171.37000000000472,reward,100.95975698692492,100.95975698692492,100.95975698692492,0.9827734375,0.9827734375,0.9827734375,0.9736210935539565,0.9736210935539565,0.9736210935539565,270.12000200748446,270.12000200748446,270.12000200748446,pdqn_train_eval,False,,2.0075321908666353,2.0075321908666353,2.0075321908666353,20.082421875,20.082421875,20.082421875,0.9579194129685679,0.9579194129685679,0.9579194129685679,0.04205525491652177,0.04205525491652177,0.04205525491652177,0.9994370561119796,0.9994370561119796,0.9994370561119796,0.9994370561119796,0.9994370561119796,0.9994370561119796,0.9573818011954579,0.9573818011954579,0.9573818011954579,3622.047550070037,3622.047550070037,3622.047550070037,159.4,159.4,159.4,3579.8,3579.8,3579.8,10240.0,10240.0,10240.0,/home/pjpjq/LEO_switch/results/multiseed_0907/seed45/u20/learned_baselines/pdqn/training_history.json,/home/pjpjq/LEO_switch/results/multiseed_0907/seed45/u20/learned_baselines/pdqn/best_model.pt,150000.0,150000.0,150000.0,/home/pjpjq/LEO_switch/results/multiseed_0907/seed45/u20/learned_baselines/pdqn/pdqn_training.log,,,,,,,
20,han_mappo,HAN+MAPPO,1,0.5012631417924448,0.5012631417924448,0.5012631417924448,0.5644447114686797,0.5644447114686797,0.5644447114686797,1.9724738327819975,1.9724738327819975,1.9724738327819975,0.5012631417924448,0.5012631417924448,0.5012631417924448,1.7031714430513123,1.7031714430513123,1.7031714430513123,1,0.01583984375,0.01583984375,0.01583984375,162.2,162.2,162.2,3350.2,3350.2,3350.2,0.06244376490586967,0.06244376490586967,0.06244376490586967,223.6,223.6,223.6,1.057720183260332,1.057720183260332,1.057720183260332,1.1287568500962148,1.1287568500962148,1.1287568500962148,1,5.0,5.0,5.0,0.0,0.0,0.0,1.4,1.4,1.4,0.25955003319325315,0.25955003319325315,0.25955003319325315,0.0,0.0,0.0,0.0071875,0.0071875,0.0071875,55.4,55.4,55.4,55.4,55.4,55.4,0.0,0.0,0.0,0.005410156250000001,0.005410156250000001,0.005410156250000001,44.16000163555145,44.16000163555145,44.16000163555145,0.0,0.0,0.0,1.0,1.0,1.0,0.324609375,0.324609375,0.324609375,False,0.7016349665946,0.7016349665946,0.7016349665946,0.5012631417924448,0.5012631417924448,0.5012631417924448,0.08305287133275058,0.08305287133275058,0.08305287133275058,2533.0,2533.0,2533.0,0.56794921875,0.56794921875,0.56794921875,0.3488716781139374,0.3488716781139374,0.3488716781139374,98.55281165554189,98.55281165554189,98.55281165554189,0.5012631417924448,0.5012631417924448,0.5012631417924448,0.0,0.0,0.0,3.7962930601889155,3.7962930601889155,3.7962930601889155,1,-42.40159274105289,-42.40159274105289,-42.40159274105289,-29.992250877578766,-29.992250877578766,-29.992250877578766,0.0,0.0,0.0,-3.095400124415755,-3.095400124415755,-3.095400124415755,-11.250000000000037,-11.250000000000037,-11.250000000000037,0.001286531408465313,0.001286531408465313,0.001286531408465313,4.6,4.6,4.6,0.0,0.0,0.0,,0.7016349665946,0.7016349665946,0.7016349665946,18.2,18.2,18.2,18.2,18.2,18.2,3575.2,3575.2,3575.2,17.782053409177674,17.782053409177674,17.782053409177674,167.51000000000383,167.51000000000383,167.51000000000383,reward,98.55281165554189,98.55281165554189,98.55281165554189,0.98416015625,0.98416015625,0.98416015625,0.9798476561205461,0.9798476561205461,0.9798476561205461,206.3600013256073,206.3600013256073,206.3600013256073,han_mappo_checkpoint_eval,False,,9.002903845439278,9.002903845439278,9.002903845439278,19.630078125,19.630078125,19.630078125,0.9370815002026468,0.9370815002026468,0.9370815002026468,0.06283493232631424,0.06283493232631424,0.06283493232631424,0.9987134685915346,0.9987134685915346,0.9987134685915346,0.9987134685915346,0.9987134685915346,0.9987134685915346,0.9358785362652204,0.9358785362652204,0.9358785362652204,3781.561199192339,3781.561199192339,3781.561199192339,55.4,55.4,55.4,3579.8,3579.8,3579.8,10240.0,10240.0,10240.0,/home/pjpjq/LEO_switch/results/multiseed_0907/seed45/u20/learned_baselines/han_mappo/training_history.json,/home/pjpjq/LEO_switch/results/multiseed_0907/seed45/u20/learned_baselines/han_mappo/best_model.pt,,,,,,,,,,,
20,mappo_no_han,MAPPO,1,0.458424540159097,0.458424540159097,0.458424540159097,0.5019007467461686,0.5019007467461686,0.5019007467461686,2.2746380414165914,2.2746380414165914,2.2746380414165914,0.458424540159097,0.458424540159097,0.458424540159097,1.7917438677047133,1.7917438677047133,1.7917438677047133,1,0.01640625,0.01640625,0.01640625,168.0,168.0,168.0,3188.4,3188.4,3188.4,0.10693656544742498,0.10693656544742498,0.10693656544742498,383.2,383.2,383.2,1.150705416314583,1.150705416314583,1.150705416314583,1.2900864324294656,1.2900864324294656,1.2900864324294656,1,5.0,5.0,5.0,0.0,0.0,0.0,3.0,3.0,3.0,0.32274224021592446,0.32274224021592446,0.32274224021592446,0.0,0.0,0.0,0.00779296875,0.00779296875,0.00779296875,55.8,55.8,55.8,55.8,55.8,55.8,0.0,0.0,0.0,0.00544921875,0.00544921875,0.00544921875,47.88000190258026,47.88000190258026,47.88000190258026,0.0,0.0,0.0,1.0,1.0,1.0,0.326953125,0.326953125,0.326953125,False,0.6753000848126287,0.6753000848126287,0.6753000848126287,0.458424540159097,0.458424540159097,0.458424540159097,0.09283570128726432,0.09283570128726432,0.09283570128726432,2527.0,2527.0,2527.0,0.74935546875,0.74935546875,0.74935546875,0.18969279527664185,0.18969279527664185,0.18969279527664185,82.6592917806236,82.6592917806236,82.6592917806236,0.458424540159097,0.458424540159097,0.458424540159097,0.0,0.0,0.0,3.878584056366255,3.878584056366255,3.878584056366255,1,-42.14680392692975,-42.14680392692975,-42.14680392692975,-29.15722108634453,-29.15722108634453,-29.15722108634453,0.0,0.0,0.0,-3.2382001325488092,-3.2382001325488092,-3.2382001325488092,-19.310000000000144,-19.310000000000144,-19.310000000000144,0.0014558014091722471,0.0014558014091722471,0.0014558014091722471,5.2,5.2,5.2,0.0,0.0,0.0,,0.6753000848126287,0.6753000848126287,0.6753000848126287,24.0,24.0,24.0,24.0,24.0,24.0,3574.6,3574.6,3574.6,17.091514862517222,17.091514862517222,17.091514862517222,159.420000000002,159.420000000002,159.420000000002,reward,82.6592917806236,82.6592917806236,82.6592917806236,0.98359375,0.98359375,0.98359375,0.9789179686317221,0.9789179686317221,0.9789179686317221,215.8800012111664,215.8800012111664,215.8800012111664,mappo_no_han_checkpoint_eval,False,,11.433247842057296,11.433247842057296,11.433247842057296,18.68203125,18.68203125,18.68203125,0.8920632786843715,0.8920632786843715,0.8920632786843715,0.10777113060083225,0.10777113060083225,0.10777113060083225,0.9985441985908278,0.9985441985908278,0.9985441985908278,0.9985441985908278,0.9985441985908278,0.9985441985908278,0.8907730679899954,0.8907730679899954,0.8907730679899954,4113.311581158108,4113.311581158108,4113.311581158108,55.8,55.8,55.8,3579.8,3579.8,3579.8,10240.0,10240.0,10240.0,/home/pjpjq/LEO_switch/results/multiseed_0907/seed45/u20/learned_baselines/mappo_no_han/training_history.json,/home/pjpjq/LEO_switch/results/multiseed_0907/seed45/u20/learned_baselines/mappo_no_han/best_model.pt,,,,,,,,,,,
20,maddpg,MADDPG,1,0.4692177695210852,0.4692177695210852,0.4692177695210852,0.5974770430642555,0.5974770430642555,0.5974770430642555,3.107168911562539,3.107168911562539,3.107168911562539,0.4692177695210852,0.4692177695210852,0.4692177695210852,2.2593235245368257,2.2593235245368257,2.2593235245368257,1,0.0156640625,0.0156640625,0.0156640625,160.4,160.4,160.4,2704.2,2704.2,2704.2,0.24190358953495572,0.24190358953495572,0.24190358953495572,865.4,865.4,865.4,1.1631104247234,1.1631104247234,1.1631104247234,1.5368782522082882,1.5368782522082882,1.5368782522082882,1,5.0,5.0,5.0,0.0,0.0,0.0,3.6,3.6,3.6,0.40594861822384126,0.40594861822384126,0.40594861822384126,0.0,0.0,0.0,0.0039453125,0.0039453125,0.0039453125,24.0,24.0,24.0,24.0,24.0,24.0,0.0,0.0,0.0,0.00234375,0.00234375,0.00234375,24.240000677108764,24.240000677108764,24.240000677108764,0.0,0.0,0.0,1.0,1.0,1.0,0.140625,0.140625,0.140625,False,0.712493808028362,0.712493808028362,0.712493808028362,0.4692177695210852,0.4692177695210852,0.4692177695210852,0.09031714724154398,0.09031714724154398,0.09031714724154398,2560.0,2560.0,2560.0,0.0,0.0,0.0,0.9997242093086243,0.9997242093086243,0.9997242093086243,42.24369889772352,42.24369889772352,42.24369889772352,0.4692177695210852,0.4692177695210852,0.4692177695210852,0.0,0.0,0.0,4.474832751251135,4.474832751251135,4.474832751251135,1,-45.02016121767527,-45.02016121767527,-45.02016121767527,-19.96638189357639,-19.96638189357639,-19.96638189357639,0.0,0.0,0.0,-2.76960011087358,-2.76960011087358,-2.76960011087358,-43.44999999999966,-43.44999999999966,-43.44999999999966,0.0018424163616650995,0.0018424163616650995,0.0018424163616650995,6.6,6.6,6.6,0.0,0.0,0.0,,0.712493808028362,0.712493808028362,0.712493808028362,16.4,16.4,16.4,16.4,16.4,16.4,3573.2,3573.2,3573.2,18.23984148552608,18.23984148552608,18.23984148552608,135.20999999999648,135.20999999999648,135.20999999999648,reward,42.24369889772352,42.24369889772352,42.24369889772352,0.9843359375,0.9843359375,0.9843359375,0.9819687499594876,0.9819687499594876,0.9819687499594876,184.64000041484832,184.64000041484832,184.64000041484832,maddpg_train_eval,False,,7.909895365160615,7.909895365160615,7.909895365160615,15.844921875,15.844921875,15.844921875,0.7566492690410318,0.7566492690410318,0.7566492690410318,0.2429041606264173,0.2429041606264173,0.2429041606264173,0.998157583638335,0.998157583638335,0.998157583638335,0.998157583638335,0.998157583638335,0.998157583638335,0.7552534230119174,0.7552534230119174,0.7552534230119174,4156.026169621653,4156.026169621653,4156.026169621653,24.0,24.0,24.0,3579.8,3579.8,3579.8,10240.0,10240.0,10240.0,/home/pjpjq/LEO_switch/results/multiseed_0907/seed45/u20/learned_baselines/maddpg/training_history.json,/home/pjpjq/LEO_switch/results/multiseed_0907/seed45/u20/learned_baselines/maddpg/maddpg_model.pt,150000.0,150000.0,150000.0,/home/pjpjq/LEO_switch/results/multiseed_0907/seed45/u20/learned_baselines/maddpg/maddpg_training.log,42.24369889772352,42.24369889772352,42.24369889772352,,,,
20,min_distance,Min-Distance,1,0.31750264436526804,0.31750264436526804,0.31750264436526804,0.2773148734146511,0.2773148734146511,0.2773148734146511,3.5366356035144384,3.5366356035144384,3.5366356035144384,0.31750264436526804,0.31750264436526804,0.31750264436526804,2.2687795947640073,2.2687795947640073,2.2687795947640073,1,0.01435546875,0.01435546875,0.01435546875,147.0,147.0,147.0,2540.2,2540.2,2540.2,0.28874104752540686,0.28874104752540686,0.28874104752540686,1033.6,1033.6,1033.6,1.3535232440156628,1.3535232440156628,1.3535232440156628,1.9043744878796862,1.9043744878796862,1.9043744878796862,1,5.0,5.0,5.0,0.2,0.2,0.2,0.2,0.2,0.2,0.08216030271757827,0.08216030271757827,0.08216030271757827,0.2,0.2,0.2,0.00369140625,0.00369140625,0.00369140625,34.8,34.8,34.8,34.6,34.6,34.6,0.006666666666666666,0.006666666666666666,0.006666666666666666,0.00337890625,0.00337890625,0.00337890625,22.560000896453857,22.560000896453857,22.560000896453857,0.0,0.0,0.0,0.9933333333333334,0.9933333333333334,0.9933333333333334,0.202734375,0.202734375,0.202734375,False,0.5676776348403056,0.5676776348403056,0.5676776348403056,0.31750264436526804,0.31750264436526804,0.31750264436526804,0.1295058796567991,0.1295058796567991,0.1295058796567991,2560.0,2560.0,2560.0,0.0,0.0,0.0,1.0,1.0,1.0,24.614484309302497,24.614484309302497,24.614484309302497,0.31750264436526804,0.31750264436526804,0.31750264436526804,0.2,0.2,0.2,4.581141393117081,4.581141393117081,4.581141393117081,1,-42.52430801578699,-42.52430801578699,-42.52430801578699,-20.168354439146828,-20.168354439146828,-20.168354439146828,-0.0020000000000000005,-0.0020000000000000005,-0.0020000000000000005,-2.5434000957757235,-2.5434000957757235,-2.5434000957757235,-51.6899999999992,-51.6899999999992,-51.6899999999992,0.0016264637979322484,0.0016264637979322484,0.0016264637979322484,5.8,5.8,5.8,0.0,0.0,0.0,,0.5676776348403056,0.5676776348403056,0.5676776348403056,3.0,3.0,3.0,3.0,3.0,3.0,3574.0,3574.0,3574.0,14.532547451911901,14.532547451911901,14.532547451911901,127.00999999999503,127.00999999999503,127.00999999999503,reward,24.614484309302497,24.614484309302497,24.614484309302497,0.98564453125,0.98564453125,0.98564453125,0.9834414062183351,0.9834414062183351,0.9834414062183351,169.56000032424927,169.56000032424927,169.56000032424927,heuristic_eval,False,,3.7723301472476822,3.7723301472476822,3.7723301472476822,14.883984375,14.883984375,14.883984375,0.7107281165111032,0.7107281165111032,0.7107281165111032,0.2887960379020909,0.2887960379020909,0.2887960379020909,0.9983735362020678,0.9983735362020678,0.9983735362020678,0.9983735362020678,0.9983735362020678,0.9983735362020678,0.709577498299977,0.709577498299977,0.709577498299977,4837.492074111979,4837.492074111979,4837.492074111979,34.8,34.8,34.8,3579.8,3579.8,3579.8,10240.0,10240.0,10240.0,,,,,,,,,,min_distance(best_offload=1.00),1.0,1.0,1.0
20,full_local,Full-Local,1,1.0,1.0,1.0,0.0,0.0,0.0,5.317631292140069,5.317631292140069,5.317631292140069,1.0,1.0,1.0,2.217609530977666,2.217609530977666,2.217609530977666,1,0.6983789062500001,0.6983789062500001,0.6983789062500001,7151.4,7151.4,7151.4,1830.8,1830.8,1830.8,0.48856421007361267,0.48856421007361267,0.48856421007361267,1749.0,1749.0,1749.0,2.090071881077537,2.090071881077537,2.090071881077537,4.0867595149013365,4.0867595149013365,4.0867595149013365,1,5.0,5.0,5.0,0.0,0.0,0.0,0.0,0.0,0.0,1.0,1.0,1.0,0.0,0.0,0.0,0.0,0.0,0.0,0.0,0.0,0.0,0.0,0.0,0.0,0.0,0.0,0.0,0.0,0.0,0.0,0.0,0.0,0.0,0.0,0.0,0.0,0.0,0.0,0.0,0.0,0.0,0.0,False,0.0,0.0,0.0,1.0,1.0,1.0,0.0,0.0,0.0,0.0,0.0,0.0,1.0,1.0,1.0,0.0,0.0,0.0,-153.67201785261278,-153.67201785261278,-153.67201785261278,1.0,1.0,1.0,0.0,0.0,0.0,5.319796751815373,5.319796751815373,5.319796751815373,1,-29.408180079931753,-29.408180079931753,-29.408180079931753,-21.082832808572487,-21.082832808572487,-21.082832808572487,0.0,0.0,0.0,-107.2710127979517,-107.2710127979517,-107.2710127979517,-87.44999999999717,-87.44999999999717,-87.44999999999717,0.0,0.0,0.0,0.0,0.0,0.0,0.0,0.0,0.0,,0.0,0.0,0.0,0.0,0.0,0.0,0.0,0.0,0.0,3579.8,3579.8,3579.8,0.0,0.0,0.0,91.53999999999695,91.53999999999695,91.53999999999695,reward,-153.67201785261278,-153.67201785261278,-153.67201785261278,0.30162109375,0.30162109375,0.30162109375,0.30162109375,0.30162109375,0.30162109375,7151.4,7151.4,7151.4,heuristic_eval,False,,22.16604242278855,22.16604242278855,22.16604242278855,10.72734375,10.72734375,10.72734375,0.5114357899263873,0.5114357899263873,0.5114357899263873,0.48856421007361267,0.48856421007361267,0.48856421007361267,1.0,1.0,1.0,1.0,1.0,1.0,0.5114357899263873,0.5114357899263873,0.5114357899263873,7482.039319881367,7482.039319881367,7482.039319881367,0.0,0.0,0.0,3579.8,3579.8,3579.8,10240.0,10240.0,10240.0,,,,,,,,,,,,,
25,han_pdqn,HAN+PDQN,1,0.5291102820473005,0.5291102820473005,0.5291102820473005,0.36456159403508437,0.36456159403508437,0.36456159403508437,1.7853059610386954,1.7853059610386954,1.7853059610386954,0.5291102820473005,0.5291102820473005,0.5291102820473005,1.6395074160289134,1.6395074160289134,1.6395074160289134,1,0.01490625,0.01490625,0.01490625,190.8,190.8,190.8,4253.4,4253.4,4253.4,0.049384735279807676,0.049384735279807676,0.049384735279807676,221.2,221.2,221.2,1.063244203099932,1.063244203099932,1.063244203099932,1.1189886563117826,1.1189886563117826,1.1189886563117826,1,5.0,5.0,5.0,0.0,0.0,0.0,1.8,1.8,1.8,0.08657129015308648,0.08657129015308648,0.08657129015308648,0.0,0.0,0.0,0.010046875,0.010046875,0.010046875,118.6,118.6,118.6,118.6,118.6,118.6,0.0,0.0,0.0,0.009265625,0.009265625,0.009265625,77.16000289916992,77.16000289916992,77.16000289916992,0.0,0.0,0.0,1.0,1.0,1.0,0.5559375,0.5559375,0.5559375,True,0.6233243083457938,0.6233243083457938,0.6233243083457938,0.5291102820473005,0.5291102820473005,0.5291102820473005,0.0769875337771964,0.0769875337771964,0.0769875337771964,2295.0,2295.0,2295.0,0.497796875,0.497796875,0.497796875,0.4942166209220886,0.4942166209220886,0.4942166209220886,101.12564965795028,101.12564965795028,101.12564965795028,0.5291102820473005,0.5291102820473005,0.5291102820473005,0.0,0.0,0.0,3.747000195755601,3.747000195755601,3.747000195755601,1,-41.48658317271112,-41.48658317271112,-41.48658317271112,-29.710633981598914,-29.710633981598914,-29.710633981598914,0.0,0.0,0.0,-3.2155200962908568,-3.2155200962908568,-3.2155200962908568,-8.919999999999977,-8.919999999999977,-8.919999999999977,0.0004909604248656497,0.0004909604248656497,0.0004909604248656497,2.2,2.2,2.2,6.0,6.0,6.0,Successful-Task Delay | P95 Successful-Task Delay | Task Success | Deadline Violation | Successful Task Throughput | Energy per Successful Task,0.6233243083457938,0.6233243083457938,0.6233243083457938,10.0,10.0,10.0,10.0,10.0,10.0,4476.4,4476.4,4476.4,14.322387380390197,14.322387380390197,14.322387380390197,170.13600000000042,170.13600000000042,170.13600000000042,reward,101.12564965795028,101.12564965795028,101.12564965795028,0.9850937500000001,0.9850937500000001,0.9850937500000001,0.9790656248796731,0.9790656248796731,0.9790656248796731,267.960001540184,267.960001540184,267.960001540184,checkpoint_eval,True,han_pdqn_multiuser_u25,3.212695790022113,3.212695790022113,3.212695790022113,19.9378125,19.9378125,19.9378125,0.9501918157433435,0.9501918157433435,0.9501918157433435,0.049785420673506935,0.049785420673506935,0.049785420673506935,0.9995090395751344,0.9995090395751344,0.9995090395751344,0.9995090395751344,0.9995090395751344,0.9995090395751344,0.9497236189016274,0.9497236189016274,0.9497236189016274,4759.5063507565355,4759.5063507565355,4759.5063507565355,118.6,118.6,118.6,4478.6,4478.6,4478.6,12800.0,12800.0,12800.0,/home/pjpjq/LEO_switch/results/multiseed_0907/seed45/u25/learned_baselines/han_pdqn/training_history.json,,,,,,,,,,,,
25,pdqn,PDQN,1,0.4177717217558554,0.4177717217558554,0.4177717217558554,0.25246733262246196,0.25246733262246196,0.25246733262246196,1.9363433645752728,1.9363433645752728,1.9363433645752728,0.4177717217558554,0.4177717217558554,0.4177717217558554,1.7231613064516655,1.7231613064516655,1.7231613064516655,1,0.020328125000000002,0.020328125000000002,0.020328125000000002,260.2,260.2,260.2,4156.6,4156.6,4156.6,0.07079147615246453,0.07079147615246453,0.07079147615246453,317.2,317.2,317.2,1.122394964825144,1.122394964825144,1.122394964825144,1.2088576669704094,1.2088576669704094,1.2088576669704094,1,5.0,5.0,5.0,31.6,31.6,31.6,3.0,3.0,3.0,0.1284744721142405,0.1284744721142405,0.1284744721142405,31.6,31.6,31.6,0.01509375,0.01509375,0.01509375,175.8,175.8,175.8,144.2,144.2,144.2,0.16303014449649675,0.16303014449649675,0.16303014449649675,0.011265625,0.011265625,0.011265625,96.96000366210937,96.96000366210937,96.96000366210937,31.6,31.6,31.6,0.8369698555035032,0.8369698555035032,0.8369698555035032,0.6759375,0.6759375,0.6759375,False,0.5754760626603437,0.5754760626603437,0.5754760626603437,0.4177717217558554,0.4177717217558554,0.4177717217558554,0.10266608321173831,0.10266608321173831,0.10266608321173831,2188.0,2188.0,2188.0,0.51575,0.51575,0.51575,0.4549548923969269,0.4549548923969269,0.4549548923969269,88.67896819943562,88.67896819943562,88.67896819943562,0.4177717217558554,0.4177717217558554,0.4177717217558554,0.0,0.0,0.0,3.9233684783513367,3.9233684783513367,3.9233684783513367,1,-42.455218690598336,-42.455218690598336,-42.455218690598336,-30.408767260847384,-30.408767260847384,-30.408767260847384,-0.2528000000000002,-0.2528000000000002,-0.2528000000000002,-4.285920106247067,-4.285920106247067,-4.285920106247067,-12.807999999999902,-12.807999999999902,-12.807999999999902,0.00040373411778364546,0.00040373411778364546,0.00040373411778364546,1.8,1.8,1.8,0.0,0.0,0.0,,0.5754760626603437,0.5754760626603437,0.5754760626603437,17.4,17.4,17.4,17.4,17.4,17.4,4476.8,4476.8,4476.8,12.625675263788299,12.625675263788299,12.625675263788299,166.2640000000012,166.2640000000012,166.2640000000012,reward,88.67896819943562,88.67896819943562,88.67896819943562,0.979671875,0.979671875,0.979671875,0.9720968747939913,0.9720968747939913,0.9720968747939913,357.1600026369095,357.1600026369095,357.1600026369095,pdqn_train_eval,False,,1.9666746463352984,1.9666746463352984,1.9666746463352984,19.4840625,19.4840625,19.4840625,0.9285122601367508,0.9285122601367508,0.9285122601367508,0.0714601120977462,0.0714601120977462,0.0714601120977462,0.9995962658822164,0.9995962658822164,0.9995962658822164,0.9995962658822164,0.9995962658822164,0.9995962658822164,0.9281361537844702,0.9281361537844702,0.9281361537844702,5024.737778529205,5024.737778529205,5024.737778529205,175.8,175.8,175.8,4478.6,4478.6,4478.6,12800.0,12800.0,12800.0,/home/pjpjq/LEO_switch/results/multiseed_0907/seed45/u25/learned_baselines/pdqn/training_history.json,/home/pjpjq/LEO_switch/results/multiseed_0907/seed45/u25/learned_baselines/pdqn/best_model.pt,150000.0,150000.0,150000.0,/home/pjpjq/LEO_switch/results/multiseed_0907/seed45/u25/learned_baselines/pdqn/pdqn_training.log,,,,,,,
25,han_mappo,HAN+MAPPO,1,0.5800973433198607,0.5800973433198607,0.5800973433198607,0.7729049205490959,0.7729049205490959,0.7729049205490959,2.675393021571595,2.675393021571595,2.675393021571595,0.5800973433198607,0.5800973433198607,0.5800973433198607,1.9903608066664495,1.9903608066664495,1.9903608066664495,1,0.016421874999999996,0.016421874999999996,0.016421874999999996,210.2,210.2,210.2,3769.4,3769.4,3769.4,0.15525840940983443,0.15525840940983443,0.15525840940983443,695.4,695.4,695.4,1.251732581109457,1.251732581109457,1.251732581109457,1.4851165833389168,1.4851165833389168,1.4851165833389168,1,5.0,5.0,5.0,0.0,0.0,0.0,7.4,7.4,7.4,0.4283673196557059,0.4283673196557059,0.4283673196557059,0.0,0.0,0.0,0.00546875,0.00546875,0.00546875,40.6,40.6,40.6,40.6,40.6,40.6,0.0,0.0,0.0,0.0031718749999999998,0.0031718749999999998,0.0031718749999999998,42.00000162124634,42.00000162124634,42.00000162124634,0.0,0.0,0.0,1.0,1.0,1.0,0.1903125,0.1903125,0.1903125,False,0.8032325216960612,0.8032325216960612,0.8032325216960612,0.5800973433198607,0.5800973433198607,0.5800973433198607,0.06643620066436913,0.06643620066436913,0.06643620066436913,2560.0,2560.0,2560.0,0.52384375,0.52384375,0.52384375,0.35123687982559204,0.35123687982559204,0.35123687982559204,68.83741141395294,68.83741141395294,68.83741141395294,0.5800973433198607,0.5800973433198607,0.5800973433198607,0.0,0.0,0.0,4.22533243036756,4.22533243036756,4.22533243036756,1,-43.71436403222903,-43.71436403222903,-43.71436403222903,-27.648577734034774,-27.648577734034774,-27.648577734034774,0.0,0.0,0.0,-3.026400060672313,-3.026400060672313,-3.026400060672313,-28.11199999999958,-28.11199999999958,-28.11199999999958,0.0014307650306663942,0.0014307650306663942,0.0014307650306663942,6.4,6.4,6.4,0.0,0.0,0.0,,0.8032325216960612,0.8032325216960612,0.8032325216960612,29.4,29.4,29.4,29.4,29.4,29.4,4472.2,4472.2,4472.2,20.562752555419177,20.562752555419177,20.562752555419177,150.77600000000427,150.77600000000427,150.77600000000427,reward,68.83741141395294,68.83741141395294,68.83741141395294,0.983578125,0.983578125,0.983578125,0.9802968749050052,0.9802968749050052,0.9802968749050052,252.20000121593475,252.20000121593475,252.20000121593475,han_mappo_train_eval,False,,10.167532035489778,10.167532035489778,10.167532035489778,17.669062500000003,17.669062500000003,17.669062500000003,0.842862950053696,0.842862950053696,0.842862950053696,0.15690613744194062,0.15690613744194062,0.15690613744194062,0.9985692349693336,0.9985692349693336,0.9985692349693336,0.9985692349693336,0.9985692349693336,0.9985692349693336,0.8416630975273929,0.8416630975273929,0.8416630975273929,5597.998449237713,5597.998449237713,5597.998449237713,40.6,40.6,40.6,4478.6,4478.6,4478.6,12800.0,12800.0,12800.0,/home/pjpjq/LEO_switch/results/multiseed_0907/seed45/u25/learned_baselines/han_mappo/training_history.json,/home/pjpjq/LEO_switch/results/multiseed_0907/seed45/u25/learned_baselines/han_mappo/best_model.pt,150000.0,150000.0,150000.0,,,,,,,,
25,mappo_no_han,MAPPO,1,0.5485183634285131,0.5485183634285131,0.5485183634285131,0.718469407029675,0.718469407029675,0.718469407029675,2.735068304803629,2.735068304803629,2.735068304803629,0.5485183634285131,0.5485183634285131,0.5485183634285131,1.987718654295961,1.987718654295961,1.987718654295961,1,0.016171875000000002,0.016171875000000002,0.016171875000000002,207.0,207.0,207.0,3720.4,3720.4,3720.4,0.16641873266329302,0.16641873266329302,0.16641873266329302,745.2,745.2,745.2,1.2389818956727476,1.2389818956727476,1.2389818956727476,1.4895490331590866,1.4895490331590866,1.4895490331590866,1,5.0,5.0,5.0,0.0,0.0,0.0,7.2,7.2,7.2,0.4173593732163711,0.4173593732163711,0.4173593732163711,0.0,0.0,0.0,0.005859375,0.005859375,0.005859375,48.4,48.4,48.4,48.4,48.4,48.4,0.0,0.0,0.0,0.00378125,0.00378125,0.00378125,45.00000178813934,45.00000178813934,45.00000178813934,0.0,0.0,0.0,1.0,1.0,1.0,0.22687500000000002,0.22687500000000002,0.22687500000000002,False,0.7776238131090005,0.7776238131090005,0.7776238131090005,0.5485183634285131,0.5485183634285131,0.5485183634285131,0.0728892932809462,0.0728892932809462,0.0728892932809462,2560.0,2560.0,2560.0,0.744734375,0.744734375,0.744734375,0.2083127200603485,0.2083127200603485,0.2083127200603485,65.56922437791945,65.56922437791945,65.56922437791945,0.5485183634285131,0.5485183634285131,0.5485183634285131,0.0,0.0,0.0,4.248619058445189,4.248619058445189,4.248619058445189,1,-43.09288479713681,-43.09288479713681,-43.09288479713681,-26.941060998535185,-26.941060998535185,-26.941060998535185,0.0,0.0,0.0,-3.024000056181103,-3.024000056181103,-3.024000056181103,-30.09599999999954,-30.09599999999954,-30.09599999999954,0.0012967699495907074,0.0012967699495907074,0.0012967699495907074,5.8,5.8,5.8,0.0,0.0,0.0,,0.7776238131090005,0.7776238131090005,0.7776238131090005,26.6,26.6,26.6,26.6,26.6,26.6,4472.8,4472.8,4472.8,19.90716961559042,19.90716961559042,19.90716961559042,148.81600000000466,148.81600000000466,148.81600000000466,reward,65.56922437791945,65.56922437791945,65.56922437791945,0.9838281249999999,0.9838281249999999,0.9838281249999999,0.9803124999105929,0.9803124999105929,0.9803124999105929,252.00000114440917,252.00000114440917,252.00000114440917,mappo_no_han_train_eval,False,,11.494551558783364,11.494551558783364,11.494551558783364,17.439375000000002,17.439375000000002,17.439375000000002,0.831746109949773,0.831746109949773,0.831746109949773,0.16802489205438098,0.16802489205438098,0.16802489205438098,0.9987032300504094,0.9987032300504094,0.9987032300504094,0.9987032300504094,0.9987032300504094,0.9987032300504094,0.8306783379960283,0.8306783379960283,0.8306783379960283,5541.718222965066,5541.718222965066,5541.718222965066,48.4,48.4,48.4,4478.6,4478.6,4478.6,12800.0,12800.0,12800.0,/home/pjpjq/LEO_switch/results/multiseed_0907/seed45/u25/learned_baselines/mappo_no_han/training_history.json,/home/pjpjq/LEO_switch/results/multiseed_0907/seed45/u25/learned_baselines/mappo_no_han/best_model.pt,150000.0,150000.0,150000.0,,,,,,,,
25,maddpg,MADDPG,1,0.6126841642709343,0.6126841642709343,0.6126841642709343,0.8444237083970674,0.8444237083970674,0.8444237083970674,3.2331250408960104,3.2331250408960104,3.2331250408960104,0.6126841642709343,0.6126841642709343,0.6126841642709343,2.2909504447842783,2.2909504447842783,2.2909504447842783,1,0.016218749999999997,0.016218749999999997,0.016218749999999997,207.6,207.6,207.6,3330.2,3330.2,3330.2,0.2527172621969513,0.2527172621969513,0.2527172621969513,1131.8,1131.8,1131.8,1.2203561632931315,1.2203561632931315,1.2203561632931315,1.638477111679854,1.638477111679854,1.638477111679854,1,5.0,5.0,5.0,2.0,2.0,2.0,9.2,9.2,9.2,0.3588538263805455,0.3588538263805455,0.3588538263805455,2.0,2.0,2.0,0.011625,0.011625,0.011625,121.4,121.4,121.4,119.4,119.4,119.4,0.00437636761487965,0.00437636761487965,0.00437636761487965,0.009328125,0.009328125,0.009328125,88.08000285625458,88.08000285625458,88.08000285625458,0.0,0.0,0.0,0.9956236323851204,0.9956236323851204,0.9956236323851204,0.5596875,0.5596875,0.5596875,False,0.8373748621676862,0.8373748621676862,0.8373748621676862,0.6126841642709343,0.6126841642709343,0.6126841642709343,0.06004210934634001,0.06004210934634001,0.06004210934634001,2560.0,2560.0,2560.0,0.0,0.0,0.0,1.0,1.0,1.0,40.06683181834087,40.06683181834087,40.06683181834087,0.6126841642709343,0.6126841642709343,0.6126841642709343,2.0,2.0,2.0,4.5780173764961125,4.5780173764961125,4.5780173764961125,1,-44.885807582278154,-44.885807582278154,-44.885807582278154,-20.487997893049105,-20.487997893049105,-20.487997893049105,-0.016000000000000004,-0.016000000000000004,-0.016000000000000004,-3.548160083591938,-3.548160083591938,-3.548160083591938,-45.639999999999205,-45.639999999999205,-45.639999999999205,0.0016522495610645765,0.0016522495610645765,0.0016522495610645765,7.4,7.4,7.4,0.0,0.0,0.0,,0.8373748621676862,0.8373748621676862,0.8373748621676862,27.4,27.4,27.4,27.4,27.4,27.4,4471.2,4471.2,4471.2,21.436796471492805,21.436796471492805,21.436796471492805,133.20800000000767,133.20800000000767,133.20800000000767,reward,40.06683181834087,40.06683181834087,40.06683181834087,0.9837812499999998,0.9837812499999998,0.9837812499999998,0.9768999997973442,0.9768999997973442,0.9768999997973442,295.6800025939941,295.6800025939941,295.6800025939941,maddpg_train_eval,False,,6.057507422587958,6.057507422587958,6.057507422587958,15.610312500000001,15.610312500000001,15.610312500000001,0.7448146860559162,0.7448146860559162,0.7448146860559162,0.2547686266197216,0.2547686266197216,0.2547686266197216,0.9983477504389354,0.9983477504389354,0.9983477504389354,0.9983477504389354,0.9983477504389354,0.9983477504389354,0.7435791238192138,0.7435791238192138,0.7435791238192138,5456.456477316249,5456.456477316249,5456.456477316249,121.4,121.4,121.4,4478.6,4478.6,4478.6,12800.0,12800.0,12800.0,/home/pjpjq/LEO_switch/results/multiseed_0907/seed45/u25/learned_baselines/maddpg/training_history.json,/home/pjpjq/LEO_switch/results/multiseed_0907/seed45/u25/learned_baselines/maddpg/maddpg_model.pt,150000.0,150000.0,150000.0,/home/pjpjq/LEO_switch/results/multiseed_0907/seed45/u25/learned_baselines/maddpg/maddpg_training.log,40.06683181834087,40.06683181834087,40.06683181834087,,,,
25,min_distance,Min-Distance,1,0.3431598737913078,0.3431598737913078,0.3431598737913078,0.3346032325039753,0.3346032325039753,0.3346032325039753,3.7417125054316465,3.7417125054316465,3.7417125054316465,0.3431598737913078,0.3431598737913078,0.3431598737913078,2.269338761264388,2.269338761264388,2.269338761264388,1,0.014359374999999999,0.014359374999999999,0.014359374999999999,183.8,183.8,183.8,3050.4,3050.4,3050.4,0.3175900811985534,0.3175900811985534,0.3175900811985534,1422.2,1422.2,1422.2,1.4738103357870047,1.4738103357870047,1.4738103357870047,2.161433883483066,2.161433883483066,2.161433883483066,1,5.0,5.0,5.0,0.2,0.2,0.2,1.0,1.0,1.0,0.08012572934312065,0.08012572934312065,0.08012572934312065,0.2,0.2,0.2,0.003640625,0.003640625,0.003640625,43.0,43.0,43.0,42.8,42.8,42.8,0.004,0.004,0.004,0.0033437500000000004,0.0033437500000000004,0.0033437500000000004,27.840001106262207,27.840001106262207,27.840001106262207,0.0,0.0,0.0,0.9960000000000001,0.9960000000000001,0.9960000000000001,0.20062499999999997,0.20062499999999997,0.20062499999999997,False,0.5924762009486633,0.5924762009486633,0.5924762009486633,0.3431598737913078,0.3431598737913078,0.3431598737913078,0.12225650479615728,0.12225650479615728,0.12225650479615728,2560.0,2560.0,2560.0,0.0,0.0,0.0,1.0,1.0,1.0,16.476570961005926,16.476570961005926,16.476570961005926,0.3431598737913078,0.3431598737913078,0.3431598737913078,0.2,0.2,0.2,4.72745547146817,4.72745547146817,4.72745547146817,1,-40.55161698580787,-40.55161698580787,-40.55161698580787,-20.68592131861855,-20.68592131861855,-20.68592131861855,-0.0016,-0.0016,-0.0016,-2.539680059812963,-2.539680059812963,-2.539680059812963,-56.92799999999896,-56.92799999999896,-56.92799999999896,0.0011177412604116586,0.0011177412604116586,0.0011177412604116586,5.0,5.0,5.0,0.0,0.0,0.0,,0.5924762009486633,0.5924762009486633,0.5924762009486633,3.6,3.6,3.6,3.6,3.6,3.6,4473.6,4473.6,4473.6,15.167390744285862,15.167390744285862,15.167390744285862,122.01600000000788,122.01600000000788,122.01600000000788,reward,16.476570961005926,16.476570961005926,16.476570961005926,0.985640625,0.985640625,0.985640625,0.9834656250029802,0.9834656250029802,0.9834656250029802,211.63999996185302,211.63999996185302,211.63999996185302,heuristic_eval,False,,4.0367253092183635,4.0367253092183635,4.0367253092183635,14.298750000000002,14.298750000000002,14.298750000000002,0.6818282375715123,0.6818282375715123,0.6818282375715123,0.31781367948895944,0.31781367948895944,0.31781367948895944,0.9988822587395884,0.9988822587395884,0.9988822587395884,0.9988822587395884,0.9988822587395884,0.9988822587395884,0.6810685792506289,0.6810685792506289,0.6810685792506289,6593.237918176745,6593.237918176745,6593.237918176745,43.0,43.0,43.0,4478.6,4478.6,4478.6,12800.0,12800.0,12800.0,,,,,,,,,,min_distance(best_offload=1.00),1.0,1.0,1.0
25,full_local,Full-Local,1,1.0,1.0,1.0,0.0,0.0,0.0,5.359421141921425,5.359421141921425,5.359421141921425,1.0,1.0,1.0,2.214267817826534,2.214267817826534,2.214267817826534,1,0.698734375,0.698734375,0.698734375,8943.8,8943.8,8943.8,2261.4,2261.4,2261.4,0.49504793073558595,0.49504793073558595,0.49504793073558595,2217.2,2217.2,2217.2,2.095570423727748,2.095570423727748,2.095570423727748,4.150182055234409,4.150182055234409,4.150182055234409,1,5.0,5.0,5.0,0.0,0.0,0.0,0.0,0.0,0.0,1.0,1.0,1.0,0.0,0.0,0.0,0.0,0.0,0.0,0.0,0.0,0.0,0.0,0.0,0.0,0.0,0.0,0.0,0.0,0.0,0.0,0.0,0.0,0.0,0.0,0.0,0.0,0.0,0.0,0.0,0.0,0.0,0.0,False,0.0,0.0,0.0,1.0,1.0,1.0,0.0,0.0,0.0,0.0,0.0,0.0,1.0,1.0,1.0,0.0,0.0,0.0,-155.41585395021247,-155.41585395021247,-155.41585395021247,1.0,1.0,1.0,0.0,0.0,0.0,5.322286727230278,5.322286727230278,5.322286727230278,1,-29.058039021767918,-29.058039021767918,-29.058039021767918,-20.80021549764123,-20.80021549764123,-20.80021549764123,0.0,0.0,0.0,-107.32560437470674,-107.32560437470674,-107.32560437470674,-88.68800000000266,-88.68800000000266,-88.68800000000266,0.0,0.0,0.0,0.0,0.0,0.0,0.0,0.0,0.0,,0.0,0.0,0.0,0.0,0.0,0.0,0.0,0.0,0.0,4478.6,4478.6,4478.6,0.0,0.0,0.0,90.45600000000294,90.45600000000294,90.45600000000294,reward,-155.41585395021247,-155.41585395021247,-155.41585395021247,0.301265625,0.301265625,0.301265625,0.301265625,0.301265625,0.301265625,8943.8,8943.8,8943.8,heuristic_eval,False,,24.000893676162324,24.000893676162324,24.000893676162324,10.6003125,10.6003125,10.6003125,0.504952069264414,0.504952069264414,0.504952069264414,0.49504793073558595,0.49504793073558595,0.49504793073558595,1.0,1.0,1.0,1.0,1.0,1.0,0.504952069264414,0.504952069264414,0.504952069264414,9385.221699707094,9385.221699707094,9385.221699707094,0.0,0.0,0.0,4478.6,4478.6,4478.6,12800.0,12800.0,12800.0,,,,,,,,,,,,,
30,han_pdqn,HAN+PDQN,1,0.5458414495752819,0.5458414495752819,0.5458414495752819,0.5831720563054846,0.5831720563054846,0.5831720563054846,2.002070248343954,2.002070248343954,2.002070248343954,0.5458414495752819,0.5458414495752819,0.5458414495752819,1.7943466728328321,1.7943466728328321,1.7943466728328321,1,0.015377604166666666,0.015377604166666666,0.015377604166666666,236.2,236.2,236.2,4992.6,4992.6,4992.6,0.06890545474431907,0.06890545474431907,0.06890545474431907,370.0,370.0,370.0,1.16025025030099,1.16025025030099,1.16025025030099,1.2464684217670932,1.2464684217670932,1.2464684217670932,1,5.0,5.0,5.0,0.0,0.0,0.0,1.0,1.0,1.0,0.05926484254549844,0.05926484254549844,0.05926484254549844,0.0,0.0,0.0,0.0094140625,0.0094140625,0.0094140625,137.2,137.2,137.2,137.2,137.2,137.2,0.0,0.0,0.0,0.008932291666666665,0.008932291666666665,0.008932291666666665,86.76000320911407,86.76000320911407,86.76000320911407,0.0,0.0,0.0,1.0,1.0,1.0,0.5359375,0.5359375,0.5359375,True,0.7092846540702278,0.7092846540702278,0.7092846540702278,0.5458414495752819,0.5458414495752819,0.5458414495752819,0.07344843653750803,0.07344843653750803,0.07344843653750803,2502.0,2502.0,2502.0,0.5926171875,0.5926171875,0.5926171875,0.39578548073768616,0.39578548073768616,0.39578548073768616,94.05165909590433,94.05165909590433,94.05165909590433,0.5458414495752819,0.5458414495752819,0.5458414495752819,0.0,0.0,0.0,4.065498145525662,4.065498145525662,4.065498145525662,1,-44.008363694359595,-44.008363694359595,-44.008363694359595,-30.510895556427453,-30.510895556427453,-30.510895556427453,0.0,0.0,0.0,-3.229600119963288,-3.229600119963288,-3.229600119963288,-12.366666666666632,-12.366666666666632,-12.366666666666632,0.0007819347353578114,0.0007819347353578114,0.0007819347353578114,4.2,4.2,4.2,6.0,6.0,6.0,Successful-Task Delay | P95 Successful-Task Delay | Task Success | Deadline Violation | Successful Task Throughput | Energy per Successful Task,0.7092846540702278,0.7092846540702278,0.7092846540702278,7.4,7.4,7.4,7.4,7.4,7.4,5363.6,5363.6,5363.6,17.74718151811353,17.74718151811353,17.74718151811353,166.41999999999314,166.41999999999314,166.41999999999314,reward,94.05165909590433,94.05165909590433,94.05165909590433,0.9846223958333333,0.9846223958333333,0.9846223958333333,0.9789739582315088,0.9789739582315088,0.9789739582315088,322.9600015640259,322.9600015640259,322.9600015640259,checkpoint_eval,True,han_pdqn_multiuser_u30,4.606317643504783,4.606317643504783,4.606317643504783,19.50234375,19.50234375,19.50234375,0.9308552686846372,0.9308552686846372,0.9308552686846372,0.06909186997014191,0.06909186997014191,0.06909186997014191,0.9992180652646422,0.9992180652646422,0.9992180652646422,0.9992180652646422,0.9992180652646422,0.9992180652646422,0.9301261952945004,0.9301261952945004,0.9301261952945004,6223.11824251439,6223.11824251439,6223.11824251439,137.2,137.2,137.2,5367.8,5367.8,5367.8,15360.0,15360.0,15360.0,/home/pjpjq/LEO_switch/results/multiseed_0907/seed45/u30/learned_baselines/han_pdqn/training_history.json,,,,,,,,,,,,
30,pdqn,PDQN,1,0.4480644505353634,0.4480644505353634,0.4480644505353634,0.46014193104035883,0.46014193104035883,0.46014193104035883,2.1713296836309355,2.1713296836309355,2.1713296836309355,0.4480644505353634,0.4480644505353634,0.4480644505353634,1.842542407324937,1.842542407324937,1.842542407324937,1,0.015520833333333334,0.015520833333333334,0.015520833333333334,238.4,238.4,238.4,4804.6,4804.6,4804.6,0.1034825069629588,0.1034825069629588,0.1034825069629588,555.4,555.4,555.4,1.2064694093434267,1.2064694093434267,1.2064694093434267,1.346285870052418,1.346285870052418,1.346285870052418,1,5.0,5.0,5.0,43.0,43.0,43.0,1.4,1.4,1.4,0.04764139178173775,0.04764139178173775,0.04764139178173775,43.0,43.0,43.0,0.019661458333333333,0.019661458333333333,0.019661458333333333,287.8,287.8,287.8,244.8,244.8,244.8,0.13936414900054786,0.13936414900054786,0.13936414900054786,0.0159375,0.0159375,0.0159375,153.36000537872314,153.36000537872314,153.36000537872314,46.2,46.2,46.2,0.8606358509994522,0.8606358509994522,0.8606358509994522,0.95625,0.95625,0.95625,False,0.6523347119090036,0.6523347119090036,0.6523347119090036,0.4480644505353634,0.4480644505353634,0.4480644505353634,0.09528849859904039,0.09528849859904039,0.09528849859904039,2457.0,2457.0,2457.0,0.37740885416666664,0.37740885416666664,0.37740885416666664,0.6058973670005798,0.6058973670005798,0.6058973670005798,80.34891119073146,80.34891119073146,80.34891119073146,0.4480644505353634,0.4480644505353634,0.4480644505353634,0.2,0.2,0.2,4.199949888658435,4.199949888658435,4.199949888658435,1,-43.246224067219245,-43.246224067219245,-43.246224067219245,-29.81879748597739,-29.81879748597739,-29.81879748597739,-0.3093333333333331,-0.3093333333333331,-0.3093333333333331,-3.917600142210722,-3.917600142210722,-3.917600142210722,-18.56000000000009,-18.56000000000009,-18.56000000000009,0.0011914161812082793,0.0011914161812082793,0.0011914161812082793,6.4,6.4,6.4,0.0,0.0,0.0,,0.6523347119090036,0.6523347119090036,0.6523347119090036,14.2,14.2,14.2,10.8,10.8,10.8,5361.4,5361.4,5361.4,16.04753046473836,16.04753046473836,16.04753046473836,160.15333333332683,160.15333333332683,160.15333333332683,reward,80.34891119073146,80.34891119073146,80.34891119073146,0.9844791666666668,0.9844791666666668,0.9844791666666668,0.9744947914856796,0.9744947914856796,0.9744947914856796,391.76000277996064,391.76000277996064,391.76000277996064,pdqn_train_eval,False,,3.2638000548657926,3.2638000548657926,3.2638000548657926,18.76796875,18.76796875,18.76796875,0.8961345365168538,0.8961345365168538,0.8961345365168538,0.1037427818058045,0.1037427818058045,0.1037427818058045,0.9988085838187917,0.9988085838187917,0.9988085838187917,0.9988085838187917,0.9988085838187917,0.9988085838187917,0.8950658020129871,0.8950658020129871,0.8950658020129871,6468.365091253848,6468.365091253848,6468.365091253848,287.8,287.8,287.8,5367.8,5367.8,5367.8,15360.0,15360.0,15360.0,/home/pjpjq/LEO_switch/results/multiseed_0907/seed45/u30/learned_baselines/pdqn/training_history.json,/home/pjpjq/LEO_switch/results/multiseed_0907/seed45/u30/learned_baselines/pdqn/best_model.pt,150000.0,150000.0,150000.0,/home/pjpjq/LEO_switch/results/multiseed_0907/seed45/u30/learned_baselines/pdqn/pdqn_training.log,,,,,,,
30,mappo_no_han,MAPPO,1,0.5433094583316131,0.5433094583316131,0.5433094583316131,0.7300574780491313,0.7300574780491313,0.7300574780491313,2.7912662028119906,2.7912662028119906,2.7912662028119906,0.5433094583316131,0.5433094583316131,0.5433094583316131,1.9896506629799624,1.9896506629799624,1.9896506629799624,1,0.01670572916666667,0.01670572916666667,0.01670572916666667,256.6,256.6,256.6,4407.0,4407.0,4407.0,0.17642516101899694,0.17642516101899694,0.17642516101899694,947.4,947.4,947.4,1.3782096208568109,1.3782096208568109,1.3782096208568109,1.6767435223929832,1.6767435223929832,1.6767435223929832,1,5.0,5.0,5.0,0.0,0.0,0.0,7.2,7.2,7.2,0.3880571000459928,0.3880571000459928,0.3880571000459928,0.0,0.0,0.0,0.005559895833333333,0.005559895833333333,0.005559895833333333,54.8,54.8,54.8,54.8,54.8,54.8,0.0,0.0,0.0,0.0035677083333333333,0.0035677083333333333,0.0035677083333333333,51.24000194072723,51.24000194072723,51.24000194072723,0.0,0.0,0.0,1.0,1.0,1.0,0.2140625,0.2140625,0.2140625,False,0.7792689139939984,0.7792689139939984,0.7792689139939984,0.5433094583316131,0.5433094583316131,0.5433094583316131,0.07397909395340739,0.07397909395340739,0.07397909395340739,2555.0,2555.0,2555.0,0.7767057291666667,0.7767057291666667,0.7767057291666667,0.17148663103580475,0.17148663103580475,0.17148663103580475,60.581771762028254,60.581771762028254,60.581771762028254,0.5433094583316131,0.5433094583316131,0.5433094583316131,0.0,0.0,0.0,4.316458322160776,4.316458322160776,4.316458322160776,1,-42.71828148564656,-42.71828148564656,-42.71828148564656,-28.612895482347557,-28.612895482347557,-28.612895482347557,0.0,0.0,0.0,-3.078400123491883,-3.078400123491883,-3.078400123491883,-31.82000000000047,-31.82000000000047,-31.82000000000047,0.0011560207465510493,0.0011560207465510493,0.0011560207465510493,6.2,6.2,6.2,0.0,0.0,0.0,,0.7792689139939984,0.7792689139939984,0.7792689139939984,30.6,30.6,30.6,30.6,30.6,30.6,5361.6,5361.6,5361.6,19.91134647490563,19.91134647490563,19.91134647490563,146.89999999999424,146.89999999999424,146.89999999999424,reward,60.581771762028254,60.581771762028254,60.581771762028254,0.9832942708333334,0.9832942708333334,0.9832942708333334,0.9799583332783854,0.9799583332783854,0.9799583332783854,307.8400008440018,307.8400008440018,307.8400008440018,mappo_no_han_train_eval,False,,9.937567668970987,9.937567668970987,9.937567668970987,17.21484375,17.21484375,17.21484375,0.8220305556606103,0.8220305556606103,0.8220305556606103,0.17776553901561537,0.17776553901561537,0.17776553901561537,0.9988439792534489,0.9988439792534489,0.9988439792534489,0.9988439792534489,0.9988439792534489,0.9988439792534489,0.8210784402378335,0.8210784402378335,0.8210784402378335,7389.408703185877,7389.408703185877,7389.408703185877,54.8,54.8,54.8,5367.8,5367.8,5367.8,15360.0,15360.0,15360.0,/home/pjpjq/LEO_switch/results/multiseed_0907/seed45/u30/learned_baselines/mappo_no_han/training_history.json,/home/pjpjq/LEO_switch/results/multiseed_0907/seed45/u30/learned_baselines/mappo_no_han/best_model.pt,150000.0,150000.0,150000.0,,,,,,,,
30,han_mappo,HAN+MAPPO,1,0.623430776418831,0.623430776418831,0.623430776418831,0.8518952997984914,0.8518952997984914,0.8518952997984914,2.961789629299517,2.961789629299517,2.961789629299517,0.623430776418831,0.623430776418831,0.623430776418831,2.0523850286808867,2.0523850286808867,2.0523850286808867,1,0.016822916666666667,0.016822916666666667,0.016822916666666667,258.4,258.4,258.4,4313.6,4313.6,4313.6,0.19384838861670503,0.19384838861670503,0.19384838861670503,1040.8,1040.8,1040.8,1.427631393169784,1.427631393169784,1.427631393169784,1.7742794646659892,1.7742794646659892,1.7742794646659892,1,5.0,5.0,5.0,0.0,0.0,0.0,6.6,6.6,6.6,0.39285300207039336,0.39285300207039336,0.39285300207039336,0.0,0.0,0.0,0.0055859375,0.0055859375,0.0055859375,52.8,52.8,52.8,52.8,52.8,52.8,0.0,0.0,0.0,0.0034375000000000005,0.0034375000000000005,0.0034375000000000005,51.480001950263976,51.480001950263976,51.480001950263976,0.0,0.0,0.0,1.0,1.0,1.0,0.20625,0.20625,0.20625,False,0.8442010523424468,0.8442010523424468,0.8442010523424468,0.623430776418831,0.623430776418831,0.623430776418831,0.05798972599433113,0.05798972599433113,0.05798972599433113,2560.0,2560.0,2560.0,0.6471614583333334,0.6471614583333334,0.6471614583333334,0.25103938579559326,0.25103938579559326,0.25103938579559326,56.074073503580124,56.074073503580124,56.074073503580124,0.623430776418831,0.623430776418831,0.623430776418831,0.0,0.0,0.0,4.276335415937504,4.276335415937504,4.276335415937504,1,-43.07971614018959,-43.07971614018959,-43.07971614018959,-28.232293113630863,-28.232293113630863,-28.232293113630863,0.0,0.0,0.0,-3.098800126835704,-3.098800126835704,-3.098800126835704,-34.91333333333369,-34.91333333333369,-34.91333333333369,0.0012677803076504492,0.0012677803076504492,0.0012677803076504492,6.8,6.8,6.8,0.0,0.0,0.0,,0.8442010523424468,0.8442010523424468,0.8442010523424468,33.0,33.0,33.0,33.0,33.0,33.0,5361.0,5361.0,5361.0,21.611546939966683,21.611546939966683,21.611546939966683,143.7866666666611,143.7866666666611,143.7866666666611,reward,56.074073503580124,56.074073503580124,56.074073503580124,0.9831770833333333,0.9831770833333333,0.9831770833333333,0.9798255207731079,0.9798255207731079,0.9798255207731079,309.8800009250641,309.8800009250641,309.8800009250641,han_mappo_train_eval,False,,10.340211809774095,10.340211809774095,10.340211809774095,16.85,16.85,16.85,0.804684255703506,0.804684255703506,0.804684255703506,0.1950771731460786,0.1950771731460786,0.1950771731460786,0.9987322196923495,0.9987322196923495,0.9987322196923495,0.9987322196923495,0.9987322196923495,0.9987322196923495,0.8036550465462711,0.8036550465462711,0.8036550465462711,7653.531898783212,7653.531898783212,7653.531898783212,52.8,52.8,52.8,5367.8,5367.8,5367.8,15360.0,15360.0,15360.0,/home/pjpjq/LEO_switch/results/multiseed_0907/seed45/u30/learned_baselines/han_mappo/training_history.json,/home/pjpjq/LEO_switch/results/multiseed_0907/seed45/u30/learned_baselines/han_mappo/best_model.pt,150000.0,150000.0,150000.0,,,,,,,,
30,maddpg,MADDPG,1,0.6395668314079256,0.6395668314079256,0.6395668314079256,0.8868286024167468,0.8868286024167468,0.8868286024167468,3.468280552319005,3.468280552319005,3.468280552319005,0.6395668314079256,0.6395668314079256,0.6395668314079256,2.303358418046103,2.303358418046103,2.303358418046103,1,0.0166015625,0.0166015625,0.0166015625,255.0,255.0,255.0,3821.2,3821.2,3821.2,0.28539097546633824,0.28539097546633824,0.28539097546633824,1532.2,1532.2,1532.2,1.357205379322073,1.357205379322073,1.357205379322073,1.9041791792163452,1.9041791792163452,1.9041791792163452,1,5.0,5.0,5.0,1.2,1.2,1.2,7.8,7.8,7.8,0.40742383336036153,0.40742383336036153,0.40742383336036153,1.2,1.2,1.2,0.014505208333333333,0.014505208333333333,0.014505208333333333,189.6,189.6,189.6,188.4,188.4,188.4,0.0014943960149439602,0.0014943960149439602,0.0014943960149439602,0.012265624999999999,0.012265624999999999,0.012265624999999999,132.95999963283538,132.95999963283538,132.95999963283538,0.0,0.0,0.0,0.9985056039850561,0.9985056039850561,0.9985056039850561,0.7359375,0.7359375,0.7359375,False,0.8576755793266923,0.8576755793266923,0.8576755793266923,0.6395668314079256,0.6395668314079256,0.6395668314079256,0.05495859663777229,0.05495859663777229,0.05495859663777229,2560.0,2560.0,2560.0,0.0,0.0,0.0,1.0,1.0,1.0,30.353702577583682,30.353702577583682,30.353702577583682,0.6395668314079256,0.6395668314079256,0.6395668314079256,1.2,1.2,1.2,4.7001575863852425,4.7001575863852425,4.7001575863852425,1,-42.95769217904198,-42.95769217904198,-42.95769217904198,-20.797501922399558,-20.797501922399558,-20.797501922399558,-0.008,-0.008,-0.008,-3.8796001475304367,-3.8796001475304367,-3.8796001475304367,-51.33333333333299,-51.33333333333299,-51.33333333333299,0.0012297772727375151,0.0012297772727375151,0.0012297772727375151,6.6,6.6,6.6,0.0,0.0,0.0,,0.8576755793266923,0.8576755793266923,0.8576755793266923,33.2,33.2,33.2,33.2,33.2,33.2,5361.2,5361.2,5361.2,21.956494830763365,21.956494830763365,21.956494830763365,127.37333333332867,127.37333333332867,127.37333333332867,reward,30.353702577583682,30.353702577583682,30.353702577583682,0.9833984375,0.9833984375,0.9833984375,0.9747421875642612,0.9747421875642612,0.9747421875642612,387.9599990129471,387.9599990129471,387.9599990129471,maddpg_train_eval,False,,4.588988885019481,4.588988885019481,4.588988885019481,14.9265625,14.9265625,14.9265625,0.7127992682801711,0.7127992682801711,0.7127992682801711,0.28684436167662974,0.28684436167662974,0.28684436167662974,0.9987702227272625,0.9987702227272625,0.9987702227272625,0.9987702227272625,0.9987702227272625,0.9987702227272625,0.7119258610506327,0.7119258610506327,0.7119258610506327,7276.249479621498,7276.249479621498,7276.249479621498,189.6,189.6,189.6,5367.8,5367.8,5367.8,15360.0,15360.0,15360.0,/home/pjpjq/LEO_switch/results/multiseed_0907/seed45/u30/learned_baselines/maddpg/training_history.json,/home/pjpjq/LEO_switch/results/multiseed_0907/seed45/u30/learned_baselines/maddpg/maddpg_model.pt,150000.0,150000.0,150000.0,/home/pjpjq/LEO_switch/results/multiseed_0907/seed45/u30/learned_baselines/maddpg/maddpg_training.log,30.353702577583682,30.353702577583682,30.353702577583682,,,,
30,min_distance,Min-Distance,1,0.3504744424239142,0.3504744424239142,0.3504744424239142,0.3568497229704148,0.3568497229704148,0.3568497229704148,3.955082942016621,3.955082942016621,3.955082942016621,0.3504744424239142,0.3504744424239142,0.3504744424239142,2.2793432064462236,2.2793432064462236,2.2793432064462236,1,0.014947916666666667,0.014947916666666667,0.014947916666666667,229.6,229.6,229.6,3536.0,3536.0,3536.0,0.34013658302623984,0.34013658302623984,0.34013658302623984,1825.8,1825.8,1825.8,1.5740865143701968,1.5740865143701968,1.5740865143701968,2.387038095971682,2.387038095971682,2.387038095971682,1,5.0,5.0,5.0,0.2,0.2,0.2,0.4,0.4,0.4,0.07887453965621082,0.07887453965621082,0.07887453965621082,0.2,0.2,0.2,0.0035807291666666665,0.0035807291666666665,0.0035807291666666665,50.8,50.8,50.8,50.6,50.6,50.6,0.004081632653061224,0.004081632653061224,0.004081632653061224,0.0032942708333333335,0.0032942708333333335,0.0032942708333333335,32.88000130653381,32.88000130653381,32.88000130653381,0.0,0.0,0.0,0.9959183673469388,0.9959183673469388,0.9959183673469388,0.19765625,0.19765625,0.19765625,False,0.602155321962876,0.602155321962876,0.602155321962876,0.3504744424239142,0.3504744424239142,0.3504744424239142,0.12024025356790122,0.12024025356790122,0.12024025356790122,2560.0,2560.0,2560.0,0.0,0.0,0.0,1.0,1.0,1.0,9.673879813552777,9.673879813552777,9.673879813552777,0.3504744424239142,0.3504744424239142,0.3504744424239142,0.2,0.2,0.2,4.852654331554728,4.852654331554728,4.852654331554728,1,-39.24842768590396,-39.24842768590396,-39.24842768590396,-20.860068442280003,-20.860068442280003,-20.860068442280003,-0.0013333333333333335,-0.0013333333333333335,-0.0013333333333333335,-2.6248001055791974,-2.6248001055791974,-2.6248001055791974,-60.87333333333244,-60.87333333333244,-60.87333333333244,0.0010431744322973806,0.0010431744322973806,0.0010431744322973806,5.6,5.6,5.6,0.0,0.0,0.0,,0.602155321962876,0.602155321962876,0.602155321962876,4.2,4.2,4.2,4.2,4.2,4.2,5362.2,5362.2,5362.2,15.415176242249705,15.415176242249705,15.415176242249705,117.86666666666254,117.86666666666254,117.86666666666254,reward,9.673879813552777,9.673879813552777,9.673879813552777,0.9850520833333333,0.9850520833333333,0.9850520833333333,0.9829114583615833,0.9829114583615833,0.9829114583615833,262.47999956607816,262.47999956607816,262.47999956607816,heuristic_eval,False,,3.639428051906166,3.639428051906166,3.639428051906166,13.8125,13.8125,13.8125,0.6594313738805203,0.6594313738805203,0.6594313738805203,0.34021129368986835,0.34021129368986835,0.34021129368986835,0.9989568255677026,0.9989568255677026,0.9989568255677026,0.9989568255677026,0.9989568255677026,0.9989568255677026,0.6587455318778342,0.6587455318778342,0.6587455318778342,8440.566707355869,8440.566707355869,8440.566707355869,50.8,50.8,50.8,5367.8,5367.8,5367.8,15360.0,15360.0,15360.0,,,,,,,,,,min_distance(best_offload=1.00),1.0,1.0,1.0
30,full_local,Full-Local,1,1.0,1.0,1.0,0.0,0.0,0.0,5.40101900771999,5.40101900771999,5.40101900771999,1.0,1.0,1.0,2.2316028334620492,2.2316028334620492,2.2316028334620492,1,0.6865234375,0.6865234375,0.6865234375,10545.0,10545.0,10545.0,2704.0,2704.0,2704.0,0.4962337258974941,0.4962337258974941,0.4962337258974941,2663.8,2663.8,2663.8,2.1010040520212243,2.1010040520212243,2.1010040520212243,4.1707727627365125,4.1707727627365125,4.1707727627365125,1,5.0,5.0,5.0,0.0,0.0,0.0,0.0,0.0,0.0,1.0,1.0,1.0,0.0,0.0,0.0,0.0,0.0,0.0,0.0,0.0,0.0,0.0,0.0,0.0,0.0,0.0,0.0,0.0,0.0,0.0,0.0,0.0,0.0,0.0,0.0,0.0,0.0,0.0,0.0,0.0,0.0,0.0,False,0.0,0.0,0.0,1.0,1.0,1.0,0.0,0.0,0.0,0.0,0.0,0.0,1.0,1.0,1.0,0.0,0.0,0.0,-154.08484081801436,-154.08484081801436,-154.08484081801436,1.0,1.0,1.0,0.0,0.0,0.0,5.37218508070524,5.37218508070524,5.37218508070524,1,-29.181888086393393,-29.181888086393393,-29.181888086393393,-20.792945845453495,-20.792945845453495,-20.792945845453495,0.0,0.0,0.0,-105.45001394413411,-105.45001394413411,-105.45001394413411,-88.79333333333086,-88.79333333333086,-88.79333333333086,0.0,0.0,0.0,0.0,0.0,0.0,0.0,0.0,0.0,,0.0,0.0,0.0,0.0,0.0,0.0,0.0,0.0,0.0,5367.8,5367.8,5367.8,0.0,0.0,0.0,90.13333333333078,90.13333333333078,90.13333333333078,reward,-154.08484081801436,-154.08484081801436,-154.08484081801436,0.3134765625,0.3134765625,0.3134765625,0.3134765625,0.3134765625,0.3134765625,10545.0,10545.0,10545.0,heuristic_eval,False,,21.779240371969607,21.779240371969607,21.779240371969607,10.5625,10.5625,10.5625,0.503766274102506,0.503766274102506,0.503766274102506,0.4962337258974941,0.4962337258974941,0.4962337258974941,1.0,1.0,1.0,1.0,1.0,1.0,0.503766274102506,0.503766274102506,0.503766274102506,11277.769550439529,11277.769550439529,11277.769550439529,0.0,0.0,0.0,5367.8,5367.8,5367.8,15360.0,15360.0,15360.0,,,,,,,,,,,,,
35,han_pdqn,HAN+PDQN,1,0.5302492381724364,0.5302492381724364,0.5302492381724364,0.5762765278338128,0.5762765278338128,0.5762765278338128,2.10765443008464,2.10765443008464,2.10765443008464,0.5302492381724364,0.5302492381724364,0.5302492381724364,1.8405681435541354,1.8405681435541354,1.8405681435541354,1,0.01638392857142857,0.01638392857142857,0.01638392857142857,293.6,293.6,293.6,5724.8,5724.8,5724.8,0.08621598602057742,0.08621598602057742,0.08621598602057742,540.6,540.6,540.6,1.2512288700393195,1.2512288700393195,1.2512288700393195,1.3696462473777948,1.3696462473777948,1.3696462473777948,1,5.0,5.0,5.0,0.0,0.0,0.0,1.2,1.2,1.2,0.047653500676756486,0.047653500676756486,0.047653500676756486,0.0,0.0,0.0,0.011763392857142858,0.011763392857142858,0.011763392857142858,201.2,201.2,201.2,201.2,201.2,201.2,0.0,0.0,0.0,0.011227678571428572,0.011227678571428572,0.011227678571428572,126.48000473976136,126.48000473976136,126.48000473976136,0.0,0.0,0.0,1.0,1.0,1.0,0.6736607142857143,0.6736607142857143,0.6736607142857143,True,0.705877060942807,0.705877060942807,0.705877060942807,0.5302492381724364,0.5302492381724364,0.5302492381724364,0.07674415874707165,0.07674415874707165,0.07674415874707165,2494.0,2494.0,2494.0,0.6609598214285715,0.6609598214285715,0.6609598214285715,0.32664600014686584,0.32664600014686584,0.32664600014686584,86.07887887964026,86.07887887964026,86.07887887964026,0.5302492381724364,0.5302492381724364,0.5302492381724364,0.0,0.0,0.0,4.143306543899987,4.143306543899987,4.143306543899987,1,-44.53482987412199,-44.53482987412199,-44.53482987412199,-31.479052988661,-31.479052988661,-31.479052988661,0.0,0.0,0.0,-3.6006858507171273,-3.6006858507171273,-3.6006858507171273,-15.47999999999995,-15.47999999999995,-15.47999999999995,0.0006378280505185628,0.0006378280505185628,0.0006378280505185628,4.0,4.0,4.0,5.0,5.0,5.0,Successful-Task Delay | Task Success | Deadline Violation | Successful Task Throughput | Energy per Successful Task,0.705877060942807,0.705877060942807,0.705877060942807,9.6,9.6,9.6,9.6,9.6,9.6,6266.6,6266.6,6266.6,17.607732941837337,17.607732941837337,17.607732941837337,163.565714285723,163.565714285723,163.565714285723,reward,86.07887887964026,86.07887887964026,86.07887887964026,0.9836160714285714,0.9836160714285714,0.9836160714285714,0.9765580355841668,0.9765580355841668,0.9765580355841668,420.0800023317337,420.0800023317337,420.0800023317337,checkpoint_eval,True,han_pdqn_multiuser_u35,6.4574668013009715,6.4574668013009715,6.4574668013009715,19.167857142857144,19.167857142857144,19.167857142857144,0.9135381969456731,0.9135381969456731,0.9135381969456731,0.08640714198637935,0.08640714198637935,0.08640714198637935,0.9993621719494815,0.9993621719494815,0.9993621719494815,0.9993621719494815,0.9993621719494815,0.9993621719494815,0.9129550299631021,0.9129550299631021,0.9129550299631021,7840.950836988401,7840.950836988401,7840.950836988401,201.2,201.2,201.2,6270.6,6270.6,6270.6,17920.0,17920.0,17920.0,/home/pjpjq/LEO_switch/results/multiseed_0907/seed45/u35/learned_baselines/han_pdqn/training_history.json,,,,,,,,,,,,
35,pdqn,PDQN,1,0.4701803252113871,0.4701803252113871,0.4701803252113871,0.4960676692275885,0.4960676692275885,0.4960676692275885,2.1527744622875544,2.1527744622875544,2.1527744622875544,0.4701803252113871,0.4701803252113871,0.4701803252113871,1.8466479045984865,1.8466479045984865,1.8466479045984865,1,0.016428571428571428,0.016428571428571428,0.016428571428571428,294.4,294.4,294.4,5649.2,5649.2,5649.2,0.09836796459832675,0.09836796459832675,0.09836796459832675,616.8,616.8,616.8,1.2831874780815726,1.2831874780815726,1.2831874780815726,1.423517652966299,1.423517652966299,1.423517652966299,1,5.0,5.0,5.0,42.8,42.8,42.8,1.0,1.0,1.0,0.04415157872708832,0.04415157872708832,0.04415157872708832,42.8,42.8,42.8,0.01734375,0.01734375,0.01734375,299.8,299.8,299.8,257.0,257.0,257.0,0.14989129060346967,0.14989129060346967,0.14989129060346967,0.014341517857142858,0.014341517857142858,0.014341517857142858,160.80000593662263,160.80000593662263,160.80000593662263,42.6,42.6,42.6,0.8501087093965303,0.8501087093965303,0.8501087093965303,0.8604910714285715,0.8604910714285715,0.8604910714285715,False,0.6689130518664076,0.6689130518664076,0.6689130518664076,0.4701803252113871,0.4701803252113871,0.4701803252113871,0.09009433497765551,0.09009433497765551,0.09009433497765551,2386.0,2386.0,2386.0,0.7075558035714286,0.7075558035714286,0.7075558035714286,0.27710607647895813,0.27710607647895813,0.27710607647895813,80.16001398414373,80.16001398414373,80.16001398414373,0.4701803252113871,0.4701803252113871,0.4701803252113871,0.2,0.2,0.2,4.110660116881562,4.110660116881562,4.110660116881562,1,-43.802550640294,-43.802550640294,-43.802550640294,-31.615949170902248,-31.615949170902248,-31.615949170902248,-0.24457142857142888,-0.24457142857142888,-0.24457142857142888,-3.901714430376887,-3.901714430376887,-3.901714430376887,-17.651428571428514,-17.651428571428514,-17.651428571428514,0.0005741244382477066,0.0005741244382477066,0.0005741244382477066,3.6,3.6,3.6,1.0,1.0,1.0,P95 Successful-Task Delay,0.6689130518664076,0.6689130518664076,0.6689130518664076,11.0,11.0,11.0,11.0,11.0,11.0,6267.0,6267.0,6267.0,15.970513665953655,15.970513665953655,15.970513665953655,161.40571428572218,161.40571428572218,161.40571428572218,reward,80.16001398414373,80.16001398414373,80.16001398414373,0.9835714285714285,0.9835714285714285,0.9835714285714285,0.9745982141686337,0.9745982141686337,0.9745982141686337,455.2000020980835,455.2000020980835,455.2000020980835,pdqn_train_eval,False,,2.4383065500715184,2.4383065500715184,2.4383065500715184,18.914732142857144,18.914732142857144,18.914732142857144,0.9014183260721863,0.9014183260721863,0.9014183260721863,0.0985273375613585,0.0985273375613585,0.0985273375613585,0.9994258755617522,0.9994258755617522,0.9994258755617522,0.9994258755617522,0.9994258755617522,0.9994258755617522,0.9008985380003939,0.9008985380003939,0.9008985380003939,8041.735925137216,8041.735925137216,8041.735925137216,299.8,299.8,299.8,6270.6,6270.6,6270.6,17920.0,17920.0,17920.0,/home/pjpjq/LEO_switch/results/multiseed_0907/seed45/u35/learned_baselines/pdqn/training_history.json,/home/pjpjq/LEO_switch/results/multiseed_0907/seed45/u35/learned_baselines/pdqn/best_model.pt,150000.0,150000.0,150000.0,/home/pjpjq/LEO_switch/results/multiseed_0907/seed45/u35/learned_baselines/pdqn/pdqn_training.log,,,,,,,
35,han_mappo,HAN+MAPPO,1,0.6341400474686812,0.6341400474686812,0.6341400474686812,0.8856080269001956,0.8856080269001956,0.8856080269001956,3.123577116173194,3.123577116173194,3.123577116173194,0.6341400474686812,0.6341400474686812,0.6341400474686812,2.0897074286157578,2.0897074286157578,2.0897074286157578,1,0.017823660714285712,0.017823660714285712,0.017823660714285712,319.4,319.4,319.4,4912.2,4912.2,4912.2,0.2141634092563222,0.2141634092563222,0.2141634092563222,1343.0,1343.0,1343.0,1.5021215992795252,1.5021215992795252,1.5021215992795252,1.915188220407896,1.915188220407896,1.915188220407896,1,5.0,5.0,5.0,0.0,0.0,0.0,7.8,7.8,7.8,0.4239238763592441,0.4239238763592441,0.4239238763592441,0.0,0.0,0.0,0.004765625,0.004765625,0.004765625,49.8,49.8,49.8,49.8,49.8,49.8,0.0,0.0,0.0,0.0027790178571428575,0.0027790178571428575,0.0027790178571428575,51.24000196456909,51.24000196456909,51.24000196456909,0.0,0.0,0.0,1.0,1.0,1.0,0.16674107142857145,0.16674107142857145,0.16674107142857145,False,0.8566906157207426,0.8566906157207426,0.8566906157207426,0.6341400474686812,0.6341400474686812,0.6341400474686812,0.055971327717297535,0.055971327717297535,0.055971327717297535,2560.0,2560.0,2560.0,0.6319977678571429,0.6319977678571429,0.6319977678571429,0.24859021604061127,0.24859021604061127,0.24859021604061127,49.57818325182161,49.57818325182161,49.57818325182161,0.6341400474686812,0.6341400474686812,0.6341400474686812,0.0,0.0,0.0,4.521822451554541,4.521822451554541,4.521822451554541,1,-42.74748859048394,-42.74748859048394,-42.74748859048394,-28.182981192064734,-28.182981192064734,-28.182981192064734,0.0,0.0,0.0,-3.17691442836076,-3.17691442836076,-3.17691442836076,-38.59428571428651,-38.59428571428651,-38.59428571428651,0.0012121452073508726,0.0012121452073508726,0.0012121452073508726,7.6,7.6,7.6,0.0,0.0,0.0,,0.8566906157207426,0.8566906157207426,0.8566906157207426,35.6,35.6,35.6,35.6,35.6,35.6,6263.0,6263.0,6263.0,21.93127976245103,21.93127976245103,21.93127976245103,140.34857142857157,140.34857142857157,140.34857142857157,reward,49.57818325182161,49.57818325182161,49.57818325182161,0.9821763392857144,0.9821763392857144,0.9821763392857144,0.9793169642253113,0.9793169642253113,0.9793169642253113,370.6400010824203,370.6400010824203,370.6400010824203,han_mappo_train_eval,False,,8.965485384447645,8.965485384447645,8.965485384447645,16.44709821428571,16.44709821428571,16.44709821428571,0.78433029653621,0.78433029653621,0.78433029653621,0.21540714821345994,0.21540714821345994,0.21540714821345994,0.998787854792649,0.998787854792649,0.998787854792649,0.998787854792649,0.998787854792649,0.998787854792649,0.7833807065791893,0.7833807065791893,0.7833807065791893,9407.787576287667,9407.787576287667,9407.787576287667,49.8,49.8,49.8,6270.6,6270.6,6270.6,17920.0,17920.0,17920.0,/home/pjpjq/LEO_switch/results/multiseed_0907/seed45/u35/learned_baselines/han_mappo/training_history.json,/home/pjpjq/LEO_switch/results/multiseed_0907/seed45/u35/learned_baselines/han_mappo/best_model.pt,150000.0,150000.0,150000.0,,,,,,,,
35,mappo_no_han,MAPPO,1,0.6218278321252739,0.6218278321252739,0.6218278321252739,0.8647298077452966,0.8647298077452966,0.8647298077452966,3.214684319808087,3.214684319808087,3.214684319808087,0.6218278321252739,0.6218278321252739,0.6218278321252739,2.0825252111963266,2.0825252111963266,2.0825252111963266,1,0.017745535714285714,0.017745535714285714,0.017745535714285714,318.0,318.0,318.0,4846.6,4846.6,4846.6,0.22453645758561666,0.22453645758561666,0.22453645758561666,1408.0,1408.0,1408.0,1.4769468336332898,1.4769468336332898,1.4769468336332898,1.9085788014371505,1.9085788014371505,1.9085788014371505,1,5.0,5.0,5.0,0.0,0.0,0.0,8.4,8.4,8.4,0.4049631401931926,0.4049631401931926,0.4049631401931926,0.0,0.0,0.0,0.005345982142857143,0.005345982142857143,0.005345982142857143,58.0,58.0,58.0,58.0,58.0,58.0,0.0,0.0,0.0,0.003236607142857143,0.003236607142857143,0.003236607142857143,57.48000237941742,57.48000237941742,57.48000237941742,0.0,0.0,0.0,1.0,1.0,1.0,0.19419642857142855,0.19419642857142855,0.19419642857142855,False,0.8463865975876251,0.8463865975876251,0.8463865975876251,0.6218278321252739,0.6218278321252739,0.6218278321252739,0.05829412968255114,0.05829412968255114,0.05829412968255114,2560.0,2560.0,2560.0,0.7547321428571429,0.7547321428571429,0.7547321428571429,0.18812622129917145,0.18812622129917145,0.18812622129917145,47.281966485643714,47.281966485643714,47.281966485643714,0.6218278321252739,0.6218278321252739,0.6218278321252739,0.0,0.0,0.0,4.484841251012013,4.484841251012013,4.484841251012013,1,-42.05189859954507,-42.05189859954507,-42.05189859954507,-27.120947761171884,-27.120947761171884,-27.120947761171884,0.0,0.0,0.0,-3.2184001434594394,-3.2184001434594394,-3.2184001434594394,-40.468571428572396,-40.468571428572396,-40.468571428572396,0.0012124779371027212,0.0012124779371027212,0.0012124779371027212,7.6,7.6,7.6,0.0,0.0,0.0,,0.8463865975876251,0.8463865975876251,0.8463865975876251,37.8,37.8,37.8,37.8,37.8,37.8,6263.0,6263.0,6263.0,21.66749689824322,21.66749689824322,21.66749689824322,138.47428571428517,138.47428571428517,138.47428571428517,reward,47.281966485643714,47.281966485643714,47.281966485643714,0.9822544642857143,0.9822544642857143,0.9822544642857143,0.9790468749164469,0.9790468749164469,0.9790468749164469,375.4800014972687,375.4800014972687,375.4800014972687,mappo_no_han_train_eval,False,,8.373846555553225,8.373846555553225,8.373846555553225,16.22745535714286,16.22745535714286,16.22745535714286,0.773855902637991,0.773855902637991,0.773855902637991,0.22587607372544238,0.22587607372544238,0.22587607372544238,0.9987875220628972,0.9987875220628972,0.9987875220628972,0.9987875220628972,0.9987875220628972,0.9987875220628972,0.772911448337455,0.772911448337455,0.772911448337455,9250.118019045294,9250.118019045294,9250.118019045294,58.0,58.0,58.0,6270.6,6270.6,6270.6,17920.0,17920.0,17920.0,/home/pjpjq/LEO_switch/results/multiseed_0907/seed45/u35/learned_baselines/mappo_no_han/training_history.json,/home/pjpjq/LEO_switch/results/multiseed_0907/seed45/u35/learned_baselines/mappo_no_han/best_model.pt,150000.0,150000.0,150000.0,,,,,,,,
35,maddpg,MADDPG,1,0.6772849584638775,0.6772849584638775,0.6772849584638775,0.9248300119847157,0.9248300119847157,0.9248300119847157,3.6159868408783247,3.6159868408783247,3.6159868408783247,0.6772849584638775,0.6772849584638775,0.6772849584638775,2.3182870424947284,2.3182870424947284,2.3182870424947284,1,0.017433035714285717,0.017433035714285717,0.017433035714285717,312.4,312.4,312.4,4377.6,4377.6,4377.6,0.2995613719032429,0.2995613719032429,0.2995613719032429,1878.4,1878.4,1878.4,1.4432184116780329,1.4432184116780329,1.4432184116780329,2.06486786276084,2.06486786276084,2.06486786276084,1,5.0,5.0,5.0,0.0,0.0,0.0,7.2,7.2,7.2,0.3839945670324495,0.3839945670324495,0.3839945670324495,0.0,0.0,0.0,0.0046540178571428574,0.0046540178571428574,0.0046540178571428574,51.2,51.2,51.2,51.2,51.2,51.2,0.0,0.0,0.0,0.0028571428571428576,0.0028571428571428576,0.0028571428571428576,50.04000170230866,50.04000170230866,50.04000170230866,0.0,0.0,0.0,1.0,1.0,1.0,0.17142857142857143,0.17142857142857143,0.17142857142857143,False,0.8816959106861478,0.8816959106861478,0.8816959106861478,0.6772849584638775,0.6772849584638775,0.6772849584638775,0.04810080718658525,0.04810080718658525,0.04810080718658525,2560.0,2560.0,2560.0,0.015636160714285714,0.015636160714285714,0.015636160714285714,0.9843633770942688,0.9843633770942688,0.9843633770942688,26.786448100390864,26.786448100390864,26.786448100390864,0.6772849584638775,0.6772849584638775,0.6772849584638775,0.0,0.0,0.0,4.750618445247239,4.750618445247239,4.750618445247239,1,-42.47192896292295,-42.47192896292295,-42.47192896292295,-21.40641146483595,-21.40641146483595,-21.40641146483595,0.0,0.0,0.0,-3.1066287115216253,-3.1066287115216253,-3.1066287115216253,-53.87428571428825,-53.87428571428825,-53.87428571428825,0.0011804661159864232,0.0011804661159864232,0.0011804661159864232,7.4,7.4,7.4,0.0,0.0,0.0,,0.8816959106861478,0.8816959106861478,0.8816959106861478,32.2,32.2,32.2,32.2,32.2,32.2,6263.2,6263.2,6263.2,22.571415313565446,22.571415313565446,22.571415313565446,125.07428571428208,125.07428571428208,125.07428571428208,reward,26.786448100390864,26.786448100390864,26.786448100390864,0.9825669642857143,0.9825669642857143,0.9825669642857143,0.9797745535229998,0.9797745535229998,0.9797745535229998,362.44000086784365,362.44000086784365,362.44000086784365,maddpg_train_eval,False,,6.331791615082729,6.331791615082729,6.331791615082729,14.657142857142858,14.657142857142858,14.657142857142858,0.6989376307059293,0.6989376307059293,0.6989376307059293,0.30070810983889784,0.30070810983889784,0.30070810983889784,0.9988195338840136,0.9988195338840136,0.9988195338840136,0.9988195338840136,0.9988195338840136,0.9988195338840136,0.6981114240451158,0.6981114240451158,0.6981114240451158,9039.165556021855,9039.165556021855,9039.165556021855,51.2,51.2,51.2,6270.6,6270.6,6270.6,17920.0,17920.0,17920.0,/home/pjpjq/LEO_switch/results/multiseed_0907/seed45/u35/learned_baselines/maddpg/training_history.json,/home/pjpjq/LEO_switch/results/multiseed_0907/seed45/u35/learned_baselines/maddpg/maddpg_model.pt,150000.0,150000.0,150000.0,/home/pjpjq/LEO_switch/results/multiseed_0907/seed45/u35/learned_baselines/maddpg/maddpg_training.log,26.786448100390864,26.786448100390864,26.786448100390864,,,,
35,min_distance,Min-Distance,1,0.3572759835869476,0.3572759835869476,0.3572759835869476,0.39586225789482976,0.39586225789482976,0.39586225789482976,4.0996346758410125,4.0996346758410125,4.0996346758410125,0.3572759835869476,0.3572759835869476,0.3572759835869476,2.2852976845030186,2.2852976845030186,2.2852976845030186,1,0.016116071428571428,0.016116071428571428,0.016116071428571428,288.8,288.8,288.8,4024.8,4024.8,4024.8,0.35722286827253563,0.35722286827253563,0.35722286827253563,2239.8,2239.8,2239.8,1.6463141589371741,1.6463141589371741,1.6463141589371741,2.5628965400111205,2.5628965400111205,2.5628965400111205,1,5.0,5.0,5.0,0.0,0.0,0.0,1.0,1.0,1.0,0.08019241652518391,0.08019241652518391,0.08019241652518391,0.0,0.0,0.0,0.0035602678571428573,0.0035602678571428573,0.0035602678571428573,58.8,58.8,58.8,58.8,58.8,58.8,0.0,0.0,0.0,0.0032812500000000003,0.0032812500000000003,0.0032812500000000003,38.280001521110535,38.280001521110535,38.280001521110535,0.0,0.0,0.0,1.0,1.0,1.0,0.196875,0.196875,0.196875,False,0.6120870074217215,0.6120870074217215,0.6120870074217215,0.3572759835869476,0.3572759835869476,0.3572759835869476,0.11838491658757758,0.11838491658757758,0.11838491658757758,2560.0,2560.0,2560.0,0.0,0.0,0.0,1.0,1.0,1.0,4.392233593759011,4.392233593759011,4.392233593759011,0.3572759835869476,0.3572759835869476,0.3572759835869476,0.0,0.0,0.0,4.917736069108168,4.917736069108168,4.917736069108168,1,-38.384074402651684,-38.384074402651684,-38.384074402651684,-21.06100419167506,-21.06100419167506,-21.06100419167506,0.0,0.0,0.0,-2.8035429678857327,-2.8035429678857327,-2.8035429678857327,-64.02285714286054,-64.02285714286054,-64.02285714286054,0.000797818093518517,0.000797818093518517,0.000797818093518517,5.0,5.0,5.0,0.0,0.0,0.0,,0.6120870074217215,0.6120870074217215,0.6120870074217215,5.0,5.0,5.0,5.0,5.0,5.0,6265.6,6265.6,6265.6,15.66942738999615,15.66942738999615,15.66942738999615,114.99428571428294,114.99428571428294,114.99428571428294,reward,4.392233593759011,4.392233593759011,4.392233593759011,0.9838839285714286,0.9838839285714286,0.9838839285714286,0.9817477679172797,0.9817477679172797,0.9817477679172797,327.079998922348,327.079998922348,327.079998922348,heuristic_eval,False,,5.190186959456839,5.190186959456839,5.190186959456839,13.475892857142856,13.475892857142856,13.475892857142856,0.6423300286414374,0.6423300286414374,0.6423300286414374,0.3573821863387684,0.3573821863387684,0.3573821863387684,0.9992021819064816,0.9992021819064816,0.9992021819064816,0.9992021819064816,0.9992021819064816,0.9992021819064816,0.6418199955677132,0.6418199955677132,0.6418199955677132,10315.145994236758,10315.145994236758,10315.145994236758,58.8,58.8,58.8,6270.6,6270.6,6270.6,17920.0,17920.0,17920.0,,,,,,,,,,min_distance(best_offload=1.00),1.0,1.0,1.0
35,full_local,Full-Local,1,1.0,1.0,1.0,0.0,0.0,0.0,5.332623933347089,5.332623933347089,5.332623933347089,1.0,1.0,1.0,2.2277874788019347,2.2277874788019347,2.2277874788019347,1,0.6839508928571428,0.6839508928571428,0.6839508928571428,12256.4,12256.4,12256.4,3200.8,3200.8,3200.8,0.4895904884169394,0.4895904884169394,0.4895904884169394,3069.8,3069.8,3069.8,2.0963059249979383,2.0963059249979383,2.0963059249979383,4.10681577520997,4.10681577520997,4.10681577520997,1,5.0,5.0,5.0,0.0,0.0,0.0,0.0,0.0,0.0,1.0,1.0,1.0,0.0,0.0,0.0,0.0,0.0,0.0,0.0,0.0,0.0,0.0,0.0,0.0,0.0,0.0,0.0,0.0,0.0,0.0,0.0,0.0,0.0,0.0,0.0,0.0,0.0,0.0,0.0,0.0,0.0,0.0,False,0.0,0.0,0.0,1.0,1.0,1.0,0.0,0.0,0.0,0.0,0.0,0.0,1.0,1.0,1.0,0.0,0.0,0.0,-151.84464548911583,-151.84464548911583,-151.84464548911583,1.0,1.0,1.0,0.0,0.0,0.0,5.3925343177617275,5.3925343177617275,5.3925343177617275,1,-29.477571870729992,-29.477571870729992,-29.477571870729992,-21.05507473796137,-21.05507473796137,-21.05507473796137,0.0,0.0,0.0,-105.05486966595053,-105.05486966595053,-105.05486966595053,-87.70857142857214,-87.70857142857214,-87.70857142857214,0.0,0.0,0.0,0.0,0.0,0.0,0.0,0.0,0.0,,0.0,0.0,0.0,0.0,0.0,0.0,0.0,0.0,0.0,6270.6,6270.6,6270.6,0.0,0.0,0.0,91.4514285714288,91.4514285714288,91.4514285714288,reward,-151.84464548911583,-151.84464548911583,-151.84464548911583,0.31604910714285717,0.31604910714285717,0.31604910714285717,0.31604910714285717,0.31604910714285717,0.31604910714285717,12256.4,12256.4,12256.4,heuristic_eval,False,,19.205604867267482,19.205604867267482,19.205604867267482,10.716964285714287,10.716964285714287,10.716964285714287,0.5104095115830606,0.5104095115830606,0.5104095115830606,0.4895904884169394,0.4895904884169394,0.4895904884169394,1.0,1.0,1.0,1.0,1.0,1.0,0.5104095115830606,0.5104095115830606,0.5104095115830606,13145.095933292072,13145.095933292072,13145.095933292072,0.0,0.0,0.0,6270.6,6270.6,6270.6,17920.0,17920.0,17920.0,,,,,,,,,,,,,
40,han_pdqn,HAN+PDQN,1,0.5620656289076017,0.5620656289076017,0.5620656289076017,0.7189408286158733,0.7189408286158733,0.7189408286158733,2.3128396009283394,2.3128396009283394,2.3128396009283394,0.5620656289076017,0.5620656289076017,0.5620656289076017,1.931028995116328,1.931028995116328,1.931028995116328,1,0.01794921875,0.01794921875,0.01794921875,367.6,367.6,367.6,6320.8,6320.8,6320.8,0.1173265507342128,0.1173265507342128,0.1173265507342128,841.0,841.0,841.0,1.3269144338015373,1.3269144338015373,1.3269144338015373,1.5036320281525901,1.5036320281525901,1.5036320281525901,1,5.0,5.0,5.0,0.2,0.2,0.2,0.8,0.8,0.8,0.08183763829070222,0.08183763829070222,0.08183763829070222,0.2,0.2,0.2,0.0111328125,0.0111328125,0.0111328125,210.6,210.6,210.6,210.4,210.4,210.4,0.0010471204188481676,0.0010471204188481676,0.0010471204188481676,0.0102734375,0.0102734375,0.0102734375,136.6800053358078,136.6800053358078,136.6800053358078,0.0,0.0,0.0,0.9989528795811518,0.9989528795811518,0.9989528795811518,0.61640625,0.61640625,0.61640625,True,0.7635463479081569,0.7635463479081569,0.7635463479081569,0.5620656289076017,0.5620656289076017,0.5620656289076017,0.07008898393703514,0.07008898393703514,0.07008898393703514,2544.0,2544.0,2544.0,0.60876953125,0.60876953125,0.60876953125,0.3806549310684204,0.3806549310684204,0.3806549310684204,77.17550767352513,77.17550767352513,77.17550767352513,0.5620656289076017,0.5620656289076017,0.5620656289076017,0.2,0.2,0.2,4.43830483280554,4.43830483280554,4.43830483280554,1,-44.40451263030023,-44.40451263030023,-44.40451263030023,-31.040615915167468,-31.040615915167468,-31.040615915167468,-0.0010000000000000002,-0.0010000000000000002,-0.0010000000000000002,-3.7821001323871313,-3.7821001323871313,-3.7821001323871313,-21.04499999999986,-21.04499999999986,-21.04499999999986,0.0006144469158053924,0.0006144469158053924,0.0006144469158053924,4.4,4.4,4.4,6.0,6.0,6.0,Successful-Task Delay | P95 Successful-Task Delay | Task Success | Deadline Violation | Successful Task Throughput | Energy per Successful Task,0.7635463479081569,0.7635463479081569,0.7635463479081569,17.4,17.4,17.4,17.4,17.4,17.4,7162.6,7162.6,7162.6,19.42873761464073,19.42873761464073,19.42873761464073,158.0200000000188,158.0200000000188,158.0200000000188,reward,77.17550767352513,77.17550767352513,77.17550767352513,0.9820507812499999,0.9820507812499999,0.9820507812499999,0.9753769530134742,0.9753769530134742,0.9753769530134742,504.28000228405,504.28000228405,504.28000228405,checkpoint_eval,True,han_pdqn_multiuser_u40,4.867357767350192,4.867357767350192,4.867357767350192,18.51796875,18.51796875,18.51796875,0.8824927014928875,0.8824927014928875,0.8824927014928875,0.11743845817772489,0.11743845817772489,0.11743845817772489,0.9993855530841946,0.9993855530841946,0.9993855530841946,0.9993855530841946,0.9993855530841946,0.9993855530841946,0.8819470949064698,0.8819470949064698,0.8819470949064698,9504.157323546891,9504.157323546891,9504.157323546891,210.6,210.6,210.6,7167.0,7167.0,7167.0,20480.0,20480.0,20480.0,/home/pjpjq/LEO_switch/results/multiseed_0907/seed45/u40/learned_baselines/han_pdqn/training_history.json,,,,,,,,,,,,
40,pdqn,PDQN,1,0.48597293940440717,0.48597293940440717,0.48597293940440717,0.6405996693120235,0.6405996693120235,0.6405996693120235,2.411778154360714,2.411778154360714,2.411778154360714,0.48597293940440717,0.48597293940440717,0.48597293940440717,1.9413386066059448,1.9413386066059448,1.9413386066059448,1,0.02142578125,0.02142578125,0.02142578125,438.8,438.8,438.8,6198.6,6198.6,6198.6,0.1339657524916064,0.1339657524916064,0.1339657524916064,960.2,960.2,960.2,1.3355493239729417,1.3355493239729417,1.3355493239729417,1.5430802356063325,1.5430802356063325,1.5430802356063325,1,5.0,5.0,5.0,65.2,65.2,65.2,3.0,3.0,3.0,0.21965077112768214,0.21965077112768214,0.21965077112768214,65.2,65.2,65.2,0.017080078125,0.017080078125,0.017080078125,300.4,300.4,300.4,235.2,235.2,235.2,0.21799859407844976,0.21799859407844976,0.21799859407844976,0.011484375,0.011484375,0.011484375,170.04000623226165,170.04000623226165,170.04000623226165,65.8,65.8,65.8,0.7820014059215502,0.7820014059215502,0.7820014059215502,0.6890625,0.6890625,0.6890625,False,0.7275390947806912,0.7275390947806912,0.7275390947806912,0.48597293940440717,0.48597293940440717,0.48597293940440717,0.08647988246704211,0.08647988246704211,0.08647988246704211,2540.0,2540.0,2540.0,0.503251953125,0.503251953125,0.503251953125,0.47610604763031006,0.47610604763031006,0.47610604763031006,70.06918545727095,70.06918545727095,70.06918545727095,0.48597293940440717,0.48597293940440717,0.48597293940440717,0.6,0.6,0.6,4.467497268473833,4.467497268473833,4.467497268473833,1,-43.879792121506895,-43.879792121506895,-43.879792121506895,-30.518473033911885,-30.518473033911885,-30.518473033911885,-0.33200000000000024,-0.33200000000000024,-0.33200000000000024,-4.5663001524284486,-4.5663001524284486,-4.5663001524284486,-24.0799999999997,-24.0799999999997,-24.0799999999997,0.0007254559953803841,0.0007254559953803841,0.0007254559953803841,5.2,5.2,5.2,0.0,0.0,0.0,,0.7275390947806912,0.7275390947806912,0.7275390947806912,49.4,49.4,49.4,48.2,48.2,48.2,7161.8,7161.8,7161.8,18.480751965509914,18.480751965509914,18.480751965509914,154.9650000000181,154.9650000000181,154.9650000000181,reward,70.06918545727095,70.06918545727095,70.06918545727095,0.9785742187500001,0.9785742187500001,0.9785742187500001,0.9702714842068965,0.9702714842068965,0.9702714842068965,608.8400034427643,608.8400034427643,608.8400034427643,pdqn_train_eval,False,,3.048061259557207,3.048061259557207,3.048061259557207,18.1599609375,18.1599609375,18.1599609375,0.8655223687236742,0.8655223687236742,0.8655223687236742,0.1343843224107017,0.1343843224107017,0.1343843224107017,0.9992745440046196,0.9992745440046196,0.9992745440046196,0.9992745440046196,0.9992745440046196,0.9992745440046196,0.8648902215939179,0.8648902215939179,0.8648902215939179,9564.937148429413,9564.937148429413,9564.937148429413,300.4,300.4,300.4,7167.0,7167.0,7167.0,20480.0,20480.0,20480.0,/home/pjpjq/LEO_switch/results/multiseed_0907/seed45/u40/learned_baselines/pdqn/training_history.json,/home/pjpjq/LEO_switch/results/multiseed_0907/seed45/u40/learned_baselines/pdqn/best_model.pt,150000.0,150000.0,150000.0,/home/pjpjq/LEO_switch/results/multiseed_0907/seed45/u40/learned_baselines/pdqn/pdqn_training.log,,,,,,,
40,han_mappo,HAN+MAPPO,1,0.6525132906359993,0.6525132906359993,0.6525132906359993,0.9019716716225682,0.9019716716225682,0.9019716716225682,3.4963440412445146,3.4963440412445146,3.4963440412445146,0.6525132906359993,0.6525132906359993,0.6525132906359993,2.1071694323651546,2.1071694323651546,2.1071694323651546,1,0.018955078125,0.018955078125,0.018955078125,388.2,388.2,388.2,5316.0,5316.0,5316.0,0.25621822426439117,0.25621822426439117,0.25621822426439117,1836.4,1836.4,1836.4,1.595655519588561,1.595655519588561,1.595655519588561,2.148672022464777,2.148672022464777,2.148672022464777,1,5.0,5.0,5.0,0.0,0.0,0.0,6.0,6.0,6.0,0.4465826288974227,0.4465826288974227,0.4465826288974227,0.0,0.0,0.0,0.00462890625,0.00462890625,0.00462890625,53.0,53.0,53.0,53.0,53.0,53.0,0.0,0.0,0.0,0.002587890625,0.002587890625,0.002587890625,56.88000221252442,56.88000221252442,56.88000221252442,0.0,0.0,0.0,1.0,1.0,1.0,0.1552734375,0.1552734375,0.1552734375,False,0.8660141800247562,0.8660141800247562,0.8660141800247562,0.6525132906359993,0.6525132906359993,0.6525132906359993,0.05256942732821597,0.05256942732821597,0.05256942732821597,2560.0,2560.0,2560.0,0.596748046875,0.596748046875,0.596748046875,0.27008703351020813,0.27008703351020813,0.27008703351020813,37.65317438084967,37.65317438084967,37.65317438084967,0.6525132906359993,0.6525132906359993,0.6525132906359993,0.0,0.0,0.0,4.536692794689803,4.536692794689803,4.536692794689803,1,-40.94396134137257,-40.94396134137257,-40.94396134137257,-27.074728233137222,-27.074728233137222,-27.074728233137222,0.0,0.0,0.0,-3.338100105430931,-3.338100105430931,-3.338100105430931,-46.05999999999845,-46.05999999999845,-46.05999999999845,0.001200294356165382,0.001200294356165382,0.001200294356165382,8.6,8.6,8.6,0.0,0.0,0.0,,0.8660141800247562,0.8660141800247562,0.8660141800247562,41.8,41.8,41.8,41.8,41.8,41.8,7158.4,7158.4,7158.4,22.169963008633804,22.169963008633804,22.169963008633804,132.90000000001308,132.90000000001308,132.90000000001308,reward,37.65317438084967,37.65317438084967,37.65317438084967,0.9810449218749999,0.9810449218749999,0.9810449218749999,0.9782675780833234,0.9782675780833234,0.9782675780833234,445.08000085353854,445.08000085353854,445.08000085353854,han_mappo_train_eval,False,,7.278008180886681,7.278008180886681,7.278008180886681,15.57421875,15.57421875,15.57421875,0.7426430081477212,0.7426430081477212,0.7426430081477212,0.25705418792796914,0.25705418792796914,0.25705418792796914,0.9987997056438347,0.9987997056438347,0.9987997056438347,0.9987997056438347,0.9987997056438347,0.9987997056438347,0.7417455177158654,0.7417455177158654,0.7417455177158654,11422.340471422754,11422.340471422754,11422.340471422754,53.0,53.0,53.0,7167.0,7167.0,7167.0,20480.0,20480.0,20480.0,/home/pjpjq/LEO_switch/results/multiseed_0907/seed45/u40/learned_baselines/han_mappo/training_history.json,/home/pjpjq/LEO_switch/results/multiseed_0907/seed45/u40/learned_baselines/han_mappo/best_model.pt,150000.0,150000.0,150000.0,,,,,,,,
40,mappo_no_han,MAPPO,1,0.6304896166263044,0.6304896166263044,0.6304896166263044,0.8890160693711111,0.8890160693711111,0.8890160693711111,3.507677636584345,3.507677636584345,3.507677636584345,0.6304896166263044,0.6304896166263044,0.6304896166263044,2.144321926112777,2.144321926112777,2.144321926112777,1,0.018935546874999997,0.018935546874999997,0.018935546874999997,387.8,387.8,387.8,5273.8,5273.8,5273.8,0.2619671463313198,0.2619671463313198,0.2619671463313198,1877.6,1877.6,1877.6,1.5259375464932514,1.5259375464932514,1.5259375464932514,2.071522862141868,2.071522862141868,2.071522862141868,1,5.0,5.0,5.0,0.0,0.0,0.0,8.0,8.0,8.0,0.45028736436149785,0.45028736436149785,0.45028736436149785,0.0,0.0,0.0,0.004990234375,0.004990234375,0.004990234375,57.8,57.8,57.8,57.8,57.8,57.8,0.0,0.0,0.0,0.002822265625,0.002822265625,0.002822265625,61.32000243663788,61.32000243663788,61.32000243663788,0.0,0.0,0.0,1.0,1.0,1.0,0.1693359375,0.1693359375,0.1693359375,False,0.8571707280372666,0.8571707280372666,0.8571707280372666,0.6304896166263044,0.6304896166263044,0.6304896166263044,0.05665635334407415,0.05665635334407415,0.05665635334407415,2560.0,2560.0,2560.0,0.743779296875,0.743779296875,0.743779296875,0.20788130164146423,0.20788130164146423,0.20788130164146423,36.67930298200572,36.67930298200572,36.67930298200572,0.6304896166263044,0.6304896166263044,0.6304896166263044,0.0,0.0,0.0,4.664873998395409,4.664873998395409,4.664873998395409,1,-41.008263799021286,-41.008263799021286,-41.008263799021286,-25.59260469190736,-25.59260469190736,-25.59260469190736,0.0,0.0,0.0,-3.3684001032263042,-3.3684001032263042,-3.3684001032263042,-47.139999999998395,-47.139999999998395,-47.139999999998395,0.0010604480169596677,0.0010604480169596677,0.0010604480169596677,7.6,7.6,7.6,0.0,0.0,0.0,,0.8571707280372666,0.8571707280372666,0.8571707280372666,44.4,44.4,44.4,44.4,44.4,44.4,7159.4,7159.4,7159.4,21.94357063775406,21.94357063775406,21.94357063775406,131.84500000001287,131.84500000001287,131.84500000001287,reward,36.67930298200572,36.67930298200572,36.67930298200572,0.981064453125,0.981064453125,0.981064453125,0.9780703124508727,0.9780703124508727,0.9780703124508727,449.1200010061264,449.1200010061264,449.1200010061264,mappo_no_han_train_eval,False,,7.650089676929728,7.650089676929728,7.650089676929728,15.4505859375,15.4505859375,15.4505859375,0.7366412887823639,0.7366412887823639,0.7366412887823639,0.2630824122706081,0.2630824122706081,0.2630824122706081,0.9989395519830404,0.9989395519830404,0.9989395519830404,0.9989395519830404,0.9989395519830404,0.9989395519830404,0.7358571397124323,0.7358571397124323,0.7358571397124323,10924.797270363784,10924.797270363784,10924.797270363784,57.8,57.8,57.8,7167.0,7167.0,7167.0,20480.0,20480.0,20480.0,/home/pjpjq/LEO_switch/results/multiseed_0907/seed45/u40/learned_baselines/mappo_no_han/training_history.json,/home/pjpjq/LEO_switch/results/multiseed_0907/seed45/u40/learned_baselines/mappo_no_han/best_model.pt,150000.0,150000.0,150000.0,,,,,,,,
40,maddpg,MADDPG,1,0.6754750628670553,0.6754750628670553,0.6754750628670553,0.9208025871413476,0.9208025871413476,0.9208025871413476,3.909408369692506,3.909408369692506,3.909408369692506,0.6754750628670553,0.6754750628670553,0.6754750628670553,2.3130315356611737,2.3130315356611737,2.3130315356611737,1,0.018564453125,0.018564453125,0.018564453125,380.2,380.2,380.2,4782.2,4782.2,4782.2,0.3305351721654937,0.3305351721654937,0.3305351721654937,2369.0,2369.0,2369.0,1.5293660176748616,1.5293660176748616,1.5293660176748616,2.289411870547196,2.289411870547196,2.289411870547196,1,5.0,5.0,5.0,0.0,0.0,0.0,7.6,7.6,7.6,0.37662022703818365,0.37662022703818365,0.37662022703818365,0.0,0.0,0.0,0.004990234375,0.004990234375,0.004990234375,64.0,64.0,64.0,64.0,64.0,64.0,0.0,0.0,0.0,0.003125,0.003125,0.003125,61.320002508163455,61.320002508163455,61.320002508163455,0.0,0.0,0.0,1.0,1.0,1.0,0.1875,0.1875,0.1875,False,0.8797338581757366,0.8797338581757366,0.8797338581757366,0.6754750628670553,0.6754750628670553,0.6754750628670553,0.048422824117958084,0.048422824117958084,0.048422824117958084,2560.0,2560.0,2560.0,0.0,0.0,0.0,1.0,1.0,1.0,17.935133509495063,17.935133509495063,17.935133509495063,0.6754750628670553,0.6754750628670553,0.6754750628670553,0.0,0.0,0.0,4.834512648383881,4.834512648383881,4.834512648383881,1,-40.4150031151027,-40.4150031151027,-40.4150031151027,-20.999651440070178,-20.999651440070178,-20.999651440070178,0.0,0.0,0.0,-3.3114001066423953,-3.3114001066423953,-3.3114001066423953,-59.41499999999769,-59.41499999999769,-59.41499999999769,0.0011442446907954007,0.0011442446907954007,0.0011442446907954007,8.2,8.2,8.2,0.0,0.0,0.0,,0.8797338581757366,0.8797338581757366,0.8797338581757366,38.2,38.2,38.2,38.2,38.2,38.2,7158.8,7158.8,7158.8,22.521186769298925,22.521186769298925,22.521186769298925,119.55500000001007,119.55500000001007,119.55500000001007,reward,17.935133509495063,17.935133509495063,17.935133509495063,0.981435546875,0.981435546875,0.981435546875,0.9784414061915596,0.9784414061915596,0.9784414061915596,441.52000119686124,441.52000119686124,441.52000119686124,maddpg_train_eval,False,,4.821068374953097,4.821068374953097,4.821068374953097,14.0103515625,14.0103515625,14.0103515625,0.6680325763667045,0.6680325763667045,0.6680325763667045,0.3315940407757306,0.3315940407757306,0.3315940407757306,0.9988557553092046,0.9988557553092046,0.9988557553092046,0.9988557553092046,0.9988557553092046,0.9988557553092046,0.667261714533474,0.667261714533474,0.667261714533474,10948.4254473308,10948.4254473308,10948.4254473308,64.0,64.0,64.0,7167.0,7167.0,7167.0,20480.0,20480.0,20480.0,/home/pjpjq/LEO_switch/results/multiseed_0907/seed45/u40/learned_baselines/maddpg/training_history.json,/home/pjpjq/LEO_switch/results/multiseed_0907/seed45/u40/learned_baselines/maddpg/maddpg_model.pt,150000.0,150000.0,150000.0,/home/pjpjq/LEO_switch/results/multiseed_0907/seed45/u40/learned_baselines/maddpg/maddpg_training.log,17.935133509495063,17.935133509495063,17.935133509495063,,,,
40,min_distance,Min-Distance,1,0.37304045080857257,0.37304045080857257,0.37304045080857257,0.4180151125533459,0.4180151125533459,0.4180151125533459,4.353617587921273,4.353617587921273,4.353617587921273,0.37304045080857257,0.37304045080857257,0.37304045080857257,2.2732216141858688,2.2732216141858688,2.2732216141858688,1,0.01716796875,0.01716796875,0.01716796875,351.6,351.6,351.6,4458.8,4458.8,4458.8,0.37698728419732414,0.37698728419732414,0.37698728419732414,2701.8,2701.8,2701.8,1.6973462494103961,1.6973462494103961,1.6973462494103961,2.7260017251340822,2.7260017251340822,2.7260017251340822,1,5.0,5.0,5.0,0.0,0.0,0.0,0.4,0.4,0.4,0.08534183796266677,0.08534183796266677,0.08534183796266677,0.0,0.0,0.0,0.003583984375,0.003583984375,0.003583984375,67.2,67.2,67.2,67.2,67.2,67.2,0.0,0.0,0.0,0.0032812500000000003,0.0032812500000000003,0.0032812500000000003,44.04000174999237,44.04000174999237,44.04000174999237,0.0,0.0,0.0,1.0,1.0,1.0,0.196875,0.196875,0.196875,False,0.6233324176926452,0.6233324176926452,0.6233324176926452,0.37304045080857257,0.37304045080857257,0.37304045080857257,0.11415533111610368,0.11415533111610368,0.11415533111610368,2560.0,2560.0,2560.0,0.0,0.0,0.0,1.0,1.0,1.0,-1.0839642209233715,-1.0839642209233715,-1.0839642209233715,0.37304045080857257,0.37304045080857257,0.37304045080857257,0.0,0.0,0.0,4.922996523795827,4.922996523795827,4.922996523795827,1,-37.066005408068825,-37.066005408068825,-37.066005408068825,-20.922967119430538,-20.922967119430538,-20.922967119430538,0.0,0.0,0.0,-2.967300095129758,-2.967300095129758,-2.967300095129758,-67.55499999999824,-67.55499999999824,-67.55499999999824,0.0008377865831539859,0.0008377865831539859,0.0008377865831539859,6.0,6.0,6.0,0.0,0.0,0.0,,0.6233324176926452,0.6233324176926452,0.6233324176926452,6.2,6.2,6.2,6.2,6.2,6.2,7161.0,7161.0,7161.0,15.957309892931784,15.957309892931784,15.957309892931784,111.47000000000821,111.47000000000821,111.47000000000821,reward,-1.0839642209233715,-1.0839642209233715,-1.0839642209233715,0.9828320312500001,0.9828320312500001,0.9828320312500001,0.9806816407083534,0.9806816407083534,0.9806816407083534,395.639998292923,395.639998292923,395.639998292923,heuristic_eval,False,,3.877346423112361,3.877346423112361,3.877346423112361,13.062890625,13.062890625,13.062890625,0.6226384653988102,0.6226384653988102,0.6226384653988102,0.37704321260895723,0.37704321260895723,0.37704321260895723,0.9991622134168461,0.9991622134168461,0.9991622134168461,0.9991622134168461,0.9991622134168461,0.9991622134168461,0.6221190008078887,0.6221190008078887,0.6221190008078887,12154.696492027846,12154.696492027846,12154.696492027846,67.2,67.2,67.2,7167.0,7167.0,7167.0,20480.0,20480.0,20480.0,,,,,,,,,,min_distance(best_offload=1.00),1.0,1.0,1.0
40,full_local,Full-Local,1,1.0,1.0,1.0,0.0,0.0,0.0,5.369206844467065,5.369206844467065,5.369206844467065,1.0,1.0,1.0,2.220096011586983,2.220096011586983,2.220096011586983,1,0.68677734375,0.68677734375,0.68677734375,14065.2,14065.2,14065.2,3657.8,3657.8,3657.8,0.48963460297126976,0.48963460297126976,0.48963460297126976,3509.2,3509.2,3509.2,2.0998731752712962,2.0998731752712962,2.0998731752712962,4.114437926395478,4.114437926395478,4.114437926395478,1,5.0,5.0,5.0,0.0,0.0,0.0,0.0,0.0,0.0,1.0,1.0,1.0,0.0,0.0,0.0,0.0,0.0,0.0,0.0,0.0,0.0,0.0,0.0,0.0,0.0,0.0,0.0,0.0,0.0,0.0,0.0,0.0,0.0,0.0,0.0,0.0,0.0,0.0,0.0,0.0,0.0,0.0,False,0.0,0.0,0.0,1.0,1.0,1.0,0.0,0.0,0.0,0.0,0.0,0.0,1.0,1.0,1.0,0.0,0.0,0.0,-152.29604740934445,-152.29604740934445,-152.29604740934445,1.0,1.0,1.0,0.0,0.0,0.0,5.349266258415453,5.349266258415453,5.349266258415453,1,-29.47138854561635,-29.47138854561635,-29.47138854561635,-21.05066138292204,-21.05066138292204,-21.05066138292204,0.0,0.0,0.0,-105.48900375962258,-105.48900375962258,-105.48900375962258,-87.73000000000283,-87.73000000000283,-87.73000000000283,0.0,0.0,0.0,0.0,0.0,0.0,0.0,0.0,0.0,,0.0,0.0,0.0,0.0,0.0,0.0,0.0,0.0,0.0,7167.0,7167.0,7167.0,0.0,0.0,0.0,91.44500000000367,91.44500000000367,91.44500000000367,reward,-152.29604740934445,-152.29604740934445,-152.29604740934445,0.31322265625,0.31322265625,0.31322265625,0.31322265625,0.31322265625,0.31322265625,14065.2,14065.2,14065.2,heuristic_eval,False,,21.268715632151373,21.268715632151373,21.268715632151373,10.7162109375,10.7162109375,10.7162109375,0.5103653970287303,0.5103653970287303,0.5103653970287303,0.48963460297126976,0.48963460297126976,0.48963460297126976,1.0,1.0,1.0,1.0,1.0,1.0,0.5103653970287303,0.5103653970287303,0.5103653970287303,15049.79104716938,15049.79104716938,15049.79104716938,0.0,0.0,0.0,7167.0,7167.0,7167.0,20480.0,20480.0,20480.0,,,,,,,,,,,,,
