
$ /home/pjpjq/miniconda3/envs/satellite.env/bin/python scripts/compare_system_baselines.py --run-mode compare_only --system-run-dir /home/pjpjq/LEO_switch/results/full_train_latency_priority_multiuser_u25_multiuser_single_seed_v5_20260728 --output-dir /home/pjpjq/LEO_switch/results/baseline_compare/multiuser_scaling_multiuser_single_seed_v5_20260728/u25 --episodes 10 --max-steps 512 --total-timesteps 200000 --seed 42 --device cuda --num-users 25 --best-model-metric reward --compare-ranking-metric reward --plot-window 5 --early-stop-patience 0 --baselines attn_mappo mappo_no_han pdqn han_pdqn random min_distance full_local joint_greedy
2026-07-30 08:05:41,756 | INFO | 初始化环境...
2026-07-30 08:05:41,760 | INFO |   - 原始观测维度: 73
2026-07-30 08:05:41,760 | INFO |   - HAN嵌入维度: 64
2026-07-30 08:05:41,760 | INFO |   - 拼接后观测维度: 142 (raw 73 + HAN 64 + rvt_warning 1 + task 4)
2026-07-30 08:05:41,760 | INFO |   - 全局状态维度: 3550
2026-07-30 08:05:41,760 | INFO | 初始化图构建器...
2026-07-30 08:05:41,760 | INFO | 初始化HAN编码器...
2026-07-30 08:05:42,076 | INFO |   - HAN参数量: 200,640
2026-07-30 08:05:42,077 | INFO | 初始化MAPPO...
2026-07-30 08:05:45,726 | INFO |   - Actor参数量: 103,694
2026-07-30 08:05:45,733 | INFO |   - Critic参数量: 192,513
2026-07-30 08:05:45,733 | INFO | 初始化经验缓冲区...
2026-07-30 08:05:45,735 | INFO | 训练器初始化完成，设备: cuda
2026-07-30 08:05:45,735 | INFO | 环境: 25 用户, 66 卫星
2026-07-30 08:09:46,375 | INFO | Initializing environment for AttentionMAPPO...
2026-07-30 08:09:46,379 | INFO |   - Raw observation dim: 73
2026-07-30 08:09:46,379 | INFO |   - Satellite load feature dim: 8
2026-07-30 08:09:46,379 | INFO |   - Policy observation dim: 73
2026-07-30 08:09:46,379 | INFO |   - Global state dim: 1825
2026-07-30 08:09:46,379 | INFO | AttentionMAPPO skips heterogeneous graph construction.
2026-07-30 08:09:46,380 | INFO | AttentionMAPPO uses raw_obs + satellite load attention; no HAN encoder.
2026-07-30 08:09:46,380 | INFO | Initializing AttentionMAPPO...
2026-07-30 08:09:46,394 | INFO |   - Attention Actor params: 73,028
2026-07-30 08:09:46,394 | INFO |   - Critic params: 176,513
2026-07-30 08:09:46,394 | INFO | 初始化经验缓冲区...
2026-07-30 08:09:46,395 | INFO | 训练器初始化完成，设备: cuda
2026-07-30 08:09:46,395 | INFO | 环境: 25 用户, 66 卫星
2026-07-30 08:09:46,395 | INFO | ============================================================
2026-07-30 08:09:46,395 | INFO | 开始训练
2026-07-30 08:09:46,395 | INFO |   总步数: 200,000
2026-07-30 08:09:46,395 | INFO |   每轮步数: 1024
2026-07-30 08:09:46,395 | INFO |   图更新间隔: 1
2026-07-30 08:09:46,395 | INFO |   评估episodes: 10
2026-07-30 08:09:46,395 | INFO |   设备: cuda
2026-07-30 08:09:46,395 | INFO | ============================================================
2026-07-30 08:10:26,469 | INFO | Update    1 | Steps:   1,024 | Episodes:     2 | EpReward:    81.55 | FPS:     26 | Actor Loss: -0.0044 | Critic Loss: 1.5967 | HAN Grad: 0.0000 | HAN Δ: 0.000000 | HAN Metapaths: 0
2026-07-30 08:10:26,470 | INFO |   Phase | Rollout: 30.53s | PPO update: 9.54s
2026-07-30 08:10:26,470 | INFO |   Env | HO: 72.73% | Cont: 98.20% | Task: 84.89% | Resolved: 99.99% | Delay: 2.476s | Energy: 2991.05J | MEC fair: 0.959
2026-07-30 08:10:26,470 | INFO |   Reward | Success: 306.12 | Delay: -81.03 | Energy: -0.75 | TaskFail: -54.48 | Interrupt: -5.52 | HOFail: -1.25
2026-07-30 08:11:08,059 | INFO | Update    2 | Steps:   2,048 | Episodes:     4 | EpReward:    81.97 | FPS:     25 | Actor Loss: -0.0042 | Critic Loss: 1.4804 | HAN Grad: 0.0000 | HAN Δ: 0.000000 | HAN Metapaths: 0
2026-07-30 08:11:08,059 | INFO |   Phase | Rollout: 31.40s | PPO update: 10.18s
2026-07-30 08:11:08,059 | INFO |   Env | HO: 74.82% | Cont: 98.12% | Task: 85.27% | Resolved: 100.00% | Delay: 2.425s | Energy: 2907.44J | MEC fair: 0.958
2026-07-30 08:11:08,059 | INFO |   Reward | Success: 304.00 | Delay: -79.09 | Energy: -0.73 | TaskFail: -52.52 | Interrupt: -5.79 | HOFail: -1.10
2026-07-30 08:11:49,038 | INFO | Update    3 | Steps:   3,072 | Episodes:     6 | EpReward:    84.83 | FPS:     25 | Actor Loss: -0.0029 | Critic Loss: 1.1293 | HAN Grad: 0.0000 | HAN Δ: 0.000000 | HAN Metapaths: 0
2026-07-30 08:11:49,039 | INFO |   Phase | Rollout: 31.09s | PPO update: 9.89s
2026-07-30 08:11:49,039 | INFO |   Env | HO: 72.13% | Cont: 97.95% | Task: 87.32% | Resolved: 100.00% | Delay: 2.310s | Energy: 2802.75J | MEC fair: 0.958
2026-07-30 08:11:49,039 | INFO |   Reward | Success: 314.72 | Delay: -79.71 | Energy: -0.76 | TaskFail: -45.72 | Interrupt: -6.31 | HOFail: -1.13
2026-07-30 08:12:28,118 | INFO | Update    4 | Steps:   4,096 | Episodes:     8 | EpReward:    87.06 | FPS:     26 | Actor Loss: -0.0036 | Critic Loss: 0.8760 | HAN Grad: 0.0000 | HAN Δ: 0.000000 | HAN Metapaths: 0
2026-07-30 08:12:28,118 | INFO |   Phase | Rollout: 30.96s | PPO update: 8.12s
2026-07-30 08:12:28,118 | INFO |   Env | HO: 77.23% | Cont: 98.42% | Task: 88.12% | Resolved: 100.00% | Delay: 2.202s | Energy: 2671.95J | MEC fair: 0.959
2026-07-30 08:12:28,118 | INFO |   Reward | Success: 311.60 | Delay: -75.55 | Energy: -0.71 | TaskFail: -42.00 | Interrupt: -4.86 | HOFail: -0.96
2026-07-30 08:13:07,240 | INFO | Update    5 | Steps:   5,120 | Episodes:    10 | EpReward:    88.61 | FPS:     26 | Actor Loss: -0.0030 | Critic Loss: 0.6062 | HAN Grad: 0.0000 | HAN Δ: 0.000000 | HAN Metapaths: 0
2026-07-30 08:13:07,240 | INFO |   Phase | Rollout: 30.58s | PPO update: 8.54s
2026-07-30 08:13:07,240 | INFO |   Env | HO: 73.58% | Cont: 98.20% | Task: 88.15% | Resolved: 99.99% | Delay: 2.177s | Energy: 2648.01J | MEC fair: 0.957
2026-07-30 08:13:07,241 | INFO |   Reward | Success: 313.64 | Delay: -74.63 | Energy: -0.72 | TaskFail: -42.16 | Interrupt: -5.54 | HOFail: -0.97
2026-07-30 08:13:43,789 | INFO | Update    6 | Steps:   6,144 | Episodes:    12 | EpReward:    90.32 | FPS:     28 | Actor Loss: -0.0049 | Critic Loss: 0.7473 | HAN Grad: 0.0000 | HAN Δ: 0.000000 | HAN Metapaths: 0
2026-07-30 08:13:43,790 | INFO |   Phase | Rollout: 29.99s | PPO update: 6.56s
2026-07-30 08:13:43,790 | INFO |   Env | HO: 82.23% | Cont: 98.23% | Task: 88.91% | Resolved: 100.00% | Delay: 2.112s | Energy: 2617.23J | MEC fair: 0.957
2026-07-30 08:13:43,790 | INFO |   Reward | Success: 318.04 | Delay: -73.73 | Energy: -0.71 | TaskFail: -39.68 | Interrupt: -5.44 | HOFail: -0.75
2026-07-30 08:14:21,535 | INFO | Update    7 | Steps:   7,168 | Episodes:    14 | EpReward:    92.04 | FPS:     27 | Actor Loss: -0.0036 | Critic Loss: 0.4494 | HAN Grad: 0.0000 | HAN Δ: 0.000000 | HAN Metapaths: 0
2026-07-30 08:14:21,541 | INFO |   Phase | Rollout: 29.90s | PPO update: 7.85s
2026-07-30 08:14:21,541 | INFO |   Env | HO: 73.13% | Cont: 98.26% | Task: 89.91% | Resolved: 99.94% | Delay: 2.013s | Energy: 2462.72J | MEC fair: 0.957
2026-07-30 08:14:21,541 | INFO |   Reward | Success: 317.72 | Delay: -70.43 | Energy: -0.70 | TaskFail: -35.64 | Interrupt: -5.35 | HOFail: -0.83
2026-07-30 08:14:58,926 | INFO | Update    8 | Steps:   8,192 | Episodes:    16 | EpReward:    94.29 | FPS:     27 | Actor Loss: -0.0029 | Critic Loss: 0.5450 | HAN Grad: 0.0000 | HAN Δ: 0.000000 | HAN Metapaths: 0
2026-07-30 08:14:58,927 | INFO |   Phase | Rollout: 30.10s | PPO update: 7.28s
2026-07-30 08:14:58,927 | INFO |   Env | HO: 71.43% | Cont: 98.36% | Task: 90.91% | Resolved: 99.99% | Delay: 1.875s | Energy: 2378.90J | MEC fair: 0.956
2026-07-30 08:14:58,927 | INFO |   Reward | Success: 329.60 | Delay: -69.85 | Energy: -0.69 | TaskFail: -32.96 | Interrupt: -5.05 | HOFail: -1.02
2026-07-30 08:15:37,738 | INFO | Update    9 | Steps:   9,216 | Episodes:    18 | EpReward:    95.73 | FPS:     26 | Actor Loss: -0.0025 | Critic Loss: 0.4368 | HAN Grad: 0.0000 | HAN Δ: 0.000000 | HAN Metapaths: 0
2026-07-30 08:15:37,738 | INFO |   Phase | Rollout: 30.11s | PPO update: 8.71s
2026-07-30 08:15:37,738 | INFO |   Env | HO: 68.20% | Cont: 98.31% | Task: 90.27% | Resolved: 100.00% | Delay: 1.905s | Energy: 2398.21J | MEC fair: 0.957
2026-07-30 08:15:37,738 | INFO |   Reward | Success: 325.04 | Delay: -68.42 | Energy: -0.68 | TaskFail: -35.04 | Interrupt: -5.20 | HOFail: -1.16
2026-07-30 08:16:17,164 | INFO | Update   10 | Steps:  10,240 | Episodes:    20 | EpReward:    97.26 | FPS:     26 | Actor Loss: -0.0022 | Critic Loss: 0.2875 | HAN Grad: 0.0000 | HAN Δ: 0.000000 | HAN Metapaths: 0
2026-07-30 08:16:17,164 | INFO |   Phase | Rollout: 30.73s | PPO update: 8.70s
2026-07-30 08:16:17,164 | INFO |   Env | HO: 71.56% | Cont: 98.43% | Task: 90.92% | Resolved: 99.99% | Delay: 1.849s | Energy: 2348.03J | MEC fair: 0.956
2026-07-30 08:16:17,164 | INFO |   Reward | Success: 328.92 | Delay: -67.51 | Energy: -0.67 | TaskFail: -32.84 | Interrupt: -4.82 | HOFail: -0.99
2026-07-30 08:16:57,215 | INFO | Update   11 | Steps:  11,264 | Episodes:    22 | EpReward:    99.27 | FPS:     26 | Actor Loss: -0.0021 | Critic Loss: 0.2933 | HAN Grad: 0.0000 | HAN Δ: 0.000000 | HAN Metapaths: 0
2026-07-30 08:16:57,215 | INFO |   Phase | Rollout: 31.41s | PPO update: 8.64s
2026-07-30 08:16:57,215 | INFO |   Env | HO: 62.35% | Cont: 98.14% | Task: 93.24% | Resolved: 100.00% | Delay: 1.663s | Energy: 2136.78J | MEC fair: 0.956
2026-07-30 08:16:57,215 | INFO |   Reward | Success: 335.80 | Delay: -65.14 | Energy: -0.68 | TaskFail: -24.36 | Interrupt: -5.73 | HOFail: -1.23
2026-07-30 08:17:34,047 | INFO | Update   12 | Steps:  12,288 | Episodes:    24 | EpReward:   100.64 | FPS:     28 | Actor Loss: -0.0015 | Critic Loss: 0.2079 | HAN Grad: 0.0000 | HAN Δ: 0.000000 | HAN Metapaths: 0
2026-07-30 08:17:34,047 | INFO |   Phase | Rollout: 30.24s | PPO update: 6.59s
2026-07-30 08:17:34,047 | INFO |   Env | HO: 79.53% | Cont: 98.58% | Task: 92.36% | Resolved: 100.00% | Delay: 1.705s | Energy: 2157.90J | MEC fair: 0.954
2026-07-30 08:17:34,047 | INFO |   Reward | Success: 328.76 | Delay: -64.54 | Energy: -0.65 | TaskFail: -27.20 | Interrupt: -4.37 | HOFail: -0.56
2026-07-30 08:18:12,891 | INFO | Update   13 | Steps:  13,312 | Episodes:    26 | EpReward:   102.03 | FPS:     26 | Actor Loss: -0.0017 | Critic Loss: 0.1751 | HAN Grad: 0.0000 | HAN Δ: 0.000000 | HAN Metapaths: 0
2026-07-30 08:18:12,891 | INFO |   Phase | Rollout: 30.88s | PPO update: 7.96s
2026-07-30 08:18:12,892 | INFO |   Env | HO: 75.10% | Cont: 98.79% | Task: 92.55% | Resolved: 100.00% | Delay: 1.725s | Energy: 2222.00J | MEC fair: 0.955
2026-07-30 08:18:12,892 | INFO |   Reward | Success: 335.64 | Delay: -66.23 | Energy: -0.67 | TaskFail: -27.00 | Interrupt: -3.73 | HOFail: -0.51
2026-07-30 08:18:52,170 | INFO | Update   14 | Steps:  14,336 | Episodes:    28 | EpReward:   103.24 | FPS:     26 | Actor Loss: -0.0019 | Critic Loss: 0.1508 | HAN Grad: 0.0000 | HAN Δ: 0.000000 | HAN Metapaths: 0
2026-07-30 08:18:52,170 | INFO |   Phase | Rollout: 30.58s | PPO update: 8.70s
2026-07-30 08:18:52,170 | INFO |   Env | HO: 67.52% | Cont: 98.65% | Task: 92.72% | Resolved: 100.00% | Delay: 1.662s | Energy: 2125.62J | MEC fair: 0.955
2026-07-30 08:18:52,170 | INFO |   Reward | Success: 332.08 | Delay: -62.53 | Energy: -0.64 | TaskFail: -26.08 | Interrupt: -4.14 | HOFail: -0.71
2026-07-30 08:19:31,582 | INFO | Update   15 | Steps:  15,360 | Episodes:    30 | EpReward:   104.34 | FPS:     26 | Actor Loss: -0.0018 | Critic Loss: 0.1276 | HAN Grad: 0.0000 | HAN Δ: 0.000000 | HAN Metapaths: 0
2026-07-30 08:19:31,583 | INFO |   Phase | Rollout: 30.80s | PPO update: 8.61s
2026-07-30 08:19:31,583 | INFO |   Env | HO: 69.43% | Cont: 98.62% | Task: 92.92% | Resolved: 99.99% | Delay: 1.635s | Energy: 2093.49J | MEC fair: 0.955
2026-07-30 08:19:31,583 | INFO |   Reward | Success: 331.64 | Delay: -61.60 | Energy: -0.64 | TaskFail: -25.28 | Interrupt: -4.23 | HOFail: -0.65
2026-07-30 08:20:09,301 | INFO | Update   16 | Steps:  16,384 | Episodes:    32 | EpReward:   105.52 | FPS:     27 | Actor Loss: -0.0023 | Critic Loss: 0.1035 | HAN Grad: 0.0000 | HAN Δ: 0.000000 | HAN Metapaths: 0
2026-07-30 08:20:09,301 | INFO |   Phase | Rollout: 30.99s | PPO update: 6.73s
2026-07-30 08:20:09,301 | INFO |   Env | HO: 74.35% | Cont: 98.50% | Task: 93.83% | Resolved: 99.99% | Delay: 1.553s | Energy: 2006.24J | MEC fair: 0.955
2026-07-30 08:20:09,301 | INFO |   Reward | Success: 333.72 | Delay: -59.53 | Energy: -0.62 | TaskFail: -21.96 | Interrupt: -4.61 | HOFail: -0.47
2026-07-30 08:20:46,095 | INFO | Update   17 | Steps:  17,408 | Episodes:    34 | EpReward:   106.74 | FPS:     28 | Actor Loss: -0.0016 | Critic Loss: 0.0904 | HAN Grad: 0.0000 | HAN Δ: 0.000000 | HAN Metapaths: 0
2026-07-30 08:20:46,096 | INFO |   Phase | Rollout: 30.21s | PPO update: 6.59s
2026-07-30 08:20:46,096 | INFO |   Env | HO: 67.23% | Cont: 98.57% | Task: 93.90% | Resolved: 99.98% | Delay: 1.519s | Energy: 1975.14J | MEC fair: 0.954
2026-07-30 08:20:46,096 | INFO |   Reward | Success: 339.24 | Delay: -59.07 | Energy: -0.62 | TaskFail: -22.04 | Interrupt: -4.38 | HOFail: -0.62
2026-07-30 08:21:24,751 | INFO | Update   18 | Steps:  18,432 | Episodes:    36 | EpReward:   107.81 | FPS:     26 | Actor Loss: -0.0011 | Critic Loss: 0.0778 | HAN Grad: 0.0000 | HAN Δ: 0.000000 | HAN Metapaths: 0
2026-07-30 08:21:24,751 | INFO |   Phase | Rollout: 30.05s | PPO update: 8.61s
2026-07-30 08:21:24,751 | INFO |   Env | HO: 59.62% | Cont: 98.49% | Task: 94.08% | Resolved: 99.94% | Delay: 1.499s | Energy: 1946.84J | MEC fair: 0.954
2026-07-30 08:21:24,751 | INFO |   Reward | Success: 336.20 | Delay: -56.86 | Energy: -0.60 | TaskFail: -21.16 | Interrupt: -4.64 | HOFail: -0.86
2026-07-30 08:22:04,526 | INFO | Update   19 | Steps:  19,456 | Episodes:    38 | EpReward:   108.93 | FPS:     26 | Actor Loss: -0.0014 | Critic Loss: 0.0706 | HAN Grad: 0.0000 | HAN Δ: 0.000000 | HAN Metapaths: 0
2026-07-30 08:22:04,526 | INFO |   Phase | Rollout: 31.05s | PPO update: 8.72s
2026-07-30 08:22:04,526 | INFO |   Env | HO: 64.38% | Cont: 98.11% | Task: 94.64% | Resolved: 100.00% | Delay: 1.415s | Energy: 1860.37J | MEC fair: 0.954
2026-07-30 08:22:04,527 | INFO |   Reward | Success: 340.92 | Delay: -56.22 | Energy: -0.61 | TaskFail: -19.32 | Interrupt: -5.81 | HOFail: -0.93
2026-07-30 08:22:41,809 | INFO | Update   20 | Steps:  20,480 | Episodes:    40 | EpReward:   109.85 | FPS:     27 | Actor Loss: -0.0009 | Critic Loss: 0.0585 | HAN Grad: 0.0000 | HAN Δ: 0.000000 | HAN Metapaths: 0
2026-07-30 08:22:41,809 | INFO |   Phase | Rollout: 30.71s | PPO update: 6.57s
2026-07-30 08:22:41,809 | INFO |   Env | HO: 69.49% | Cont: 98.70% | Task: 93.92% | Resolved: 99.97% | Delay: 1.494s | Energy: 1946.94J | MEC fair: 0.953
2026-07-30 08:22:41,809 | INFO |   Reward | Success: 339.72 | Delay: -57.92 | Energy: -0.60 | TaskFail: -22.00 | Interrupt: -4.00 | HOFail: -0.58
2026-07-30 08:23:21,194 | INFO | Update   21 | Steps:  21,504 | Episodes:    42 | EpReward:   110.64 | FPS:     26 | Actor Loss: -0.0013 | Critic Loss: 0.0544 | HAN Grad: 0.0000 | HAN Δ: 0.000000 | HAN Metapaths: 0
2026-07-30 08:23:21,194 | INFO |   Phase | Rollout: 32.50s | PPO update: 6.88s
2026-07-30 08:23:21,194 | INFO |   Env | HO: 62.75% | Cont: 98.55% | Task: 94.05% | Resolved: 100.00% | Delay: 1.451s | Energy: 1871.85J | MEC fair: 0.954
2026-07-30 08:23:21,195 | INFO |   Reward | Success: 334.96 | Delay: -55.01 | Energy: -0.58 | TaskFail: -21.20 | Interrupt: -4.44 | HOFail: -0.74
2026-07-30 08:23:58,481 | INFO | Update   22 | Steps:  22,528 | Episodes:    44 | EpReward:   111.45 | FPS:     27 | Actor Loss: -0.0015 | Critic Loss: 0.0527 | HAN Grad: 0.0000 | HAN Δ: 0.000000 | HAN Metapaths: 0
2026-07-30 08:23:58,481 | INFO |   Phase | Rollout: 30.44s | PPO update: 6.85s
2026-07-30 08:23:58,481 | INFO |   Env | HO: 68.54% | Cont: 98.35% | Task: 94.81% | Resolved: 99.97% | Delay: 1.360s | Energy: 1746.84J | MEC fair: 0.953
2026-07-30 08:23:58,481 | INFO |   Reward | Success: 334.76 | Delay: -53.45 | Energy: -0.57 | TaskFail: -18.32 | Interrupt: -5.06 | HOFail: -0.62
2026-07-30 08:24:36,420 | INFO | Update   23 | Steps:  23,552 | Episodes:    46 | EpReward:   112.13 | FPS:     27 | Actor Loss: -0.0009 | Critic Loss: 0.0509 | HAN Grad: 0.0000 | HAN Δ: 0.000000 | HAN Metapaths: 0
2026-07-30 08:24:36,421 | INFO |   Phase | Rollout: 29.32s | PPO update: 8.62s
2026-07-30 08:24:36,421 | INFO |   Env | HO: 66.21% | Cont: 98.84% | Task: 94.37% | Resolved: 100.00% | Delay: 1.432s | Energy: 1834.70J | MEC fair: 0.952
2026-07-30 08:24:36,421 | INFO |   Reward | Success: 333.48 | Delay: -54.51 | Energy: -0.57 | TaskFail: -19.88 | Interrupt: -3.55 | HOFail: -0.39
2026-07-30 08:25:16,281 | INFO | Update   24 | Steps:  24,576 | Episodes:    48 | EpReward:   112.74 | FPS:     26 | Actor Loss: -0.0018 | Critic Loss: 0.0504 | HAN Grad: 0.0000 | HAN Δ: 0.000000 | HAN Metapaths: 0
2026-07-30 08:25:16,281 | INFO |   Phase | Rollout: 31.24s | PPO update: 8.62s
2026-07-30 08:25:16,281 | INFO |   Env | HO: 86.61% | Cont: 98.85% | Task: 94.46% | Resolved: 99.98% | Delay: 1.416s | Energy: 1805.17J | MEC fair: 0.953
2026-07-30 08:25:16,281 | INFO |   Reward | Success: 330.68 | Delay: -53.58 | Energy: -0.56 | TaskFail: -19.40 | Interrupt: -3.53 | HOFail: -0.12
2026-07-30 08:25:56,042 | INFO | Update   25 | Steps:  25,600 | Episodes:    50 | EpReward:   113.56 | FPS:     26 | Actor Loss: -0.0010 | Critic Loss: 0.0506 | HAN Grad: 0.0000 | HAN Δ: 0.000000 | HAN Metapaths: 0
2026-07-30 08:25:56,042 | INFO |   Phase | Rollout: 31.01s | PPO update: 8.75s
2026-07-30 08:25:56,042 | INFO |   Env | HO: 72.73% | Cont: 98.46% | Task: 95.67% | Resolved: 100.00% | Delay: 1.292s | Energy: 1685.60J | MEC fair: 0.954
2026-07-30 08:25:56,042 | INFO |   Reward | Success: 341.04 | Delay: -53.26 | Energy: -0.57 | TaskFail: -15.44 | Interrupt: -4.74 | HOFail: -0.46
2026-07-30 08:25:56,042 | INFO | ----------------------------------------
2026-07-30 08:25:56,042 | INFO | 开始评估...
2026-07-30 08:28:18,487 | INFO | 评估结果: 奖励 = 120.02 ± 7.90, 长度 = 512, 时延 = 1.572s, 能耗 = 10666.06J, MEC公平性 = 0.955
2026-07-30 08:28:18,487 | INFO | 新的最佳模型 (reward): score = 120.0172, delay = 1.572s, completion = 91.69%, continuity = 98.66%, mec_fairness = 0.955
2026-07-30 08:28:18,522 | INFO | 模型已保存: /home/pjpjq/LEO_switch/results/baseline_compare/multiuser_scaling_multiuser_single_seed_v5_20260728/u25/learned_baselines/attn_mappo/best_model.pt
2026-07-30 08:28:18,522 | INFO | 新的最佳奖励: 120.02
2026-07-30 08:28:18,522 | INFO | ----------------------------------------
2026-07-30 08:28:58,024 | INFO | Update   26 | Steps:  26,624 | Episodes:    52 | EpReward:   114.22 | FPS:     26 | Actor Loss: -0.0003 | Critic Loss: 0.0454 | HAN Grad: 0.0000 | HAN Δ: 0.000000 | HAN Metapaths: 0
2026-07-30 08:28:58,024 | INFO |   Phase | Rollout: 31.20s | PPO update: 8.29s
2026-07-30 08:28:58,024 | INFO |   Env | HO: 75.93% | Cont: 98.77% | Task: 94.27% | Resolved: 99.96% | Delay: 1.421s | Energy: 1857.23J | MEC fair: 0.952
2026-07-30 08:28:58,024 | INFO |   Reward | Success: 340.84 | Delay: -54.51 | Energy: -0.57 | TaskFail: -20.72 | Interrupt: -3.77 | HOFail: -0.31
2026-07-30 08:29:37,814 | INFO | Update   27 | Steps:  27,648 | Episodes:    54 | EpReward:   114.81 | FPS:     26 | Actor Loss: -0.0009 | Critic Loss: 0.0351 | HAN Grad: 0.0000 | HAN Δ: 0.000000 | HAN Metapaths: 0
2026-07-30 08:29:37,814 | INFO |   Phase | Rollout: 32.52s | PPO update: 7.27s
2026-07-30 08:29:37,814 | INFO |   Env | HO: 71.13% | Cont: 98.47% | Task: 94.65% | Resolved: 99.98% | Delay: 1.346s | Energy: 1744.35J | MEC fair: 0.953
2026-07-30 08:29:37,814 | INFO |   Reward | Success: 337.52 | Delay: -52.01 | Energy: -0.56 | TaskFail: -19.08 | Interrupt: -4.70 | HOFail: -0.45
2026-07-30 08:30:18,187 | INFO | Update   28 | Steps:  28,672 | Episodes:    56 | EpReward:   115.47 | FPS:     25 | Actor Loss: -0.0026 | Critic Loss: 0.0465 | HAN Grad: 0.0000 | HAN Δ: 0.000000 | HAN Metapaths: 0
2026-07-30 08:30:18,187 | INFO |   Phase | Rollout: 31.79s | PPO update: 8.58s
2026-07-30 08:30:18,187 | INFO |   Env | HO: 68.14% | Cont: 98.67% | Task: 94.99% | Resolved: 99.96% | Delay: 1.298s | Energy: 1715.44J | MEC fair: 0.953
2026-07-30 08:30:18,187 | INFO |   Reward | Success: 340.28 | Delay: -50.88 | Energy: -0.55 | TaskFail: -17.96 | Interrupt: -4.08 | HOFail: -0.52
2026-07-30 08:30:55,642 | INFO | Update   29 | Steps:  29,696 | Episodes:    58 | EpReward:   115.91 | FPS:     27 | Actor Loss: -0.0008 | Critic Loss: 0.0398 | HAN Grad: 0.0000 | HAN Δ: 0.000000 | HAN Metapaths: 0
2026-07-30 08:30:55,642 | INFO |   Phase | Rollout: 28.73s | PPO update: 8.72s
2026-07-30 08:30:55,642 | INFO |   Env | HO: 79.42% | Cont: 98.57% | Task: 94.09% | Resolved: 99.99% | Delay: 1.379s | Energy: 1773.37J | MEC fair: 0.954
2026-07-30 08:30:55,642 | INFO |   Reward | Success: 334.36 | Delay: -51.67 | Energy: -0.54 | TaskFail: -21.00 | Interrupt: -4.40 | HOFail: -0.46
2026-07-30 08:31:35,182 | INFO | Update   30 | Steps:  30,720 | Episodes:    60 | EpReward:   116.37 | FPS:     26 | Actor Loss: -0.0006 | Critic Loss: 0.0332 | HAN Grad: 0.0000 | HAN Δ: 0.000000 | HAN Metapaths: 0
2026-07-30 08:31:35,182 | INFO |   Phase | Rollout: 30.81s | PPO update: 8.73s
2026-07-30 08:31:35,182 | INFO |   Env | HO: 82.80% | Cont: 98.59% | Task: 94.25% | Resolved: 99.96% | Delay: 1.392s | Energy: 1823.99J | MEC fair: 0.952
2026-07-30 08:31:35,182 | INFO |   Reward | Success: 338.84 | Delay: -53.15 | Energy: -0.55 | TaskFail: -20.68 | Interrupt: -4.34 | HOFail: -0.52
2026-07-30 08:32:12,182 | INFO | Update   31 | Steps:  31,744 | Episodes:    62 | EpReward:   116.72 | FPS:     28 | Actor Loss: -0.0017 | Critic Loss: 0.0419 | HAN Grad: 0.0000 | HAN Δ: 0.000000 | HAN Metapaths: 0
2026-07-30 08:32:12,182 | INFO |   Phase | Rollout: 30.42s | PPO update: 6.58s
2026-07-30 08:32:12,183 | INFO |   Env | HO: 72.87% | Cont: 98.39% | Task: 94.23% | Resolved: 100.00% | Delay: 1.409s | Energy: 1815.88J | MEC fair: 0.953
2026-07-30 08:32:12,183 | INFO |   Reward | Success: 334.36 | Delay: -53.38 | Energy: -0.57 | TaskFail: -20.48 | Interrupt: -4.94 | HOFail: -0.69
2026-07-30 08:32:50,112 | INFO | Update   32 | Steps:  32,768 | Episodes:    64 | EpReward:   117.11 | FPS:     27 | Actor Loss: -0.0005 | Critic Loss: 0.0444 | HAN Grad: 0.0000 | HAN Δ: 0.000000 | HAN Metapaths: 0
2026-07-30 08:32:50,112 | INFO |   Phase | Rollout: 29.87s | PPO update: 8.06s
2026-07-30 08:32:50,112 | INFO |   Env | HO: 78.62% | Cont: 98.66% | Task: 93.81% | Resolved: 99.99% | Delay: 1.443s | Energy: 1902.17J | MEC fair: 0.953
2026-07-30 08:32:50,112 | INFO |   Reward | Success: 340.36 | Delay: -53.90 | Energy: -0.57 | TaskFail: -22.44 | Interrupt: -4.10 | HOFail: -0.50
2026-07-30 08:33:27,164 | INFO | Update   33 | Steps:  33,792 | Episodes:    66 | EpReward:   117.48 | FPS:     28 | Actor Loss: -0.0008 | Critic Loss: 0.0336 | HAN Grad: 0.0000 | HAN Δ: 0.000000 | HAN Metapaths: 0
2026-07-30 08:33:27,164 | INFO |   Phase | Rollout: 30.41s | PPO update: 6.64s
2026-07-30 08:33:27,165 | INFO |   Env | HO: 73.00% | Cont: 98.74% | Task: 94.82% | Resolved: 99.98% | Delay: 1.351s | Energy: 1730.88J | MEC fair: 0.952
2026-07-30 08:33:27,165 | INFO |   Reward | Success: 333.08 | Delay: -51.65 | Energy: -0.54 | TaskFail: -18.20 | Interrupt: -3.86 | HOFail: -0.51
2026-07-30 08:34:06,213 | INFO | Update   34 | Steps:  34,816 | Episodes:    68 | EpReward:   118.03 | FPS:     26 | Actor Loss: -0.0013 | Critic Loss: 0.0361 | HAN Grad: 0.0000 | HAN Δ: 0.000000 | HAN Metapaths: 0
2026-07-30 08:34:06,213 | INFO |   Phase | Rollout: 30.32s | PPO update: 8.73s
2026-07-30 08:34:06,213 | INFO |   Env | HO: 64.19% | Cont: 98.24% | Task: 95.93% | Resolved: 99.96% | Delay: 1.246s | Energy: 1679.37J | MEC fair: 0.954
2026-07-30 08:34:06,213 | INFO |   Reward | Success: 345.96 | Delay: -51.57 | Energy: -0.57 | TaskFail: -14.68 | Interrupt: -5.40 | HOFail: -1.04
2026-07-30 08:34:44,446 | INFO | Update   35 | Steps:  35,840 | Episodes:    70 | EpReward:   118.46 | FPS:     27 | Actor Loss: -0.0018 | Critic Loss: 0.0272 | HAN Grad: 0.0000 | HAN Δ: 0.000000 | HAN Metapaths: 0
2026-07-30 08:34:44,446 | INFO |   Phase | Rollout: 31.64s | PPO update: 6.59s
2026-07-30 08:34:44,446 | INFO |   Env | HO: 77.20% | Cont: 98.26% | Task: 95.47% | Resolved: 99.96% | Delay: 1.294s | Energy: 1706.39J | MEC fair: 0.953
2026-07-30 08:34:44,446 | INFO |   Reward | Success: 340.52 | Delay: -51.77 | Energy: -0.56 | TaskFail: -16.16 | Interrupt: -5.36 | HOFail: -0.70
2026-07-30 08:35:23,552 | INFO | Update   36 | Steps:  36,864 | Episodes:    72 | EpReward:   118.77 | FPS:     26 | Actor Loss: -0.0009 | Critic Loss: 0.0200 | HAN Grad: 0.0000 | HAN Δ: 0.000000 | HAN Metapaths: 0
2026-07-30 08:35:23,553 | INFO |   Phase | Rollout: 30.36s | PPO update: 8.74s
2026-07-30 08:35:23,553 | INFO |   Env | HO: 81.10% | Cont: 98.55% | Task: 94.45% | Resolved: 99.96% | Delay: 1.364s | Energy: 1805.82J | MEC fair: 0.953
2026-07-30 08:35:23,553 | INFO |   Reward | Success: 337.20 | Delay: -52.50 | Energy: -0.56 | TaskFail: -19.80 | Interrupt: -4.46 | HOFail: -0.50
2026-07-30 08:36:01,917 | INFO | Update   37 | Steps:  37,888 | Episodes:    74 | EpReward:   119.16 | FPS:     27 | Actor Loss: -0.0019 | Critic Loss: 0.0220 | HAN Grad: 0.0000 | HAN Δ: 0.000000 | HAN Metapaths: 0
2026-07-30 08:36:01,918 | INFO |   Phase | Rollout: 31.66s | PPO update: 6.71s
2026-07-30 08:36:01,918 | INFO |   Env | HO: 78.53% | Cont: 98.41% | Task: 95.08% | Resolved: 99.98% | Delay: 1.305s | Energy: 1733.70J | MEC fair: 0.954
2026-07-30 08:36:01,918 | INFO |   Reward | Success: 341.68 | Delay: -51.82 | Energy: -0.56 | TaskFail: -17.68 | Interrupt: -4.88 | HOFail: -0.54
2026-07-30 08:36:38,387 | INFO | Update   38 | Steps:  38,912 | Episodes:    76 | EpReward:   119.48 | FPS:     28 | Actor Loss: -0.0001 | Critic Loss: 0.0505 | HAN Grad: 0.0000 | HAN Δ: 0.000000 | HAN Metapaths: 0
2026-07-30 08:36:38,388 | INFO |   Phase | Rollout: 29.89s | PPO update: 6.58s
2026-07-30 08:36:38,388 | INFO |   Env | HO: 88.27% | Cont: 98.76% | Task: 94.61% | Resolved: 99.99% | Delay: 1.360s | Energy: 1785.71J | MEC fair: 0.953
2026-07-30 08:36:38,388 | INFO |   Reward | Success: 338.56 | Delay: -52.45 | Energy: -0.55 | TaskFail: -19.28 | Interrupt: -3.81 | HOFail: -0.17
2026-07-30 08:37:15,073 | INFO | Update   39 | Steps:  39,936 | Episodes:    78 | EpReward:   119.85 | FPS:     28 | Actor Loss: -0.0006 | Critic Loss: 0.0419 | HAN Grad: 0.0000 | HAN Δ: 0.000000 | HAN Metapaths: 0
2026-07-30 08:37:15,073 | INFO |   Phase | Rollout: 29.86s | PPO update: 6.82s
2026-07-30 08:37:15,073 | INFO |   Env | HO: 77.29% | Cont: 98.39% | Task: 95.21% | Resolved: 99.99% | Delay: 1.278s | Energy: 1700.63J | MEC fair: 0.953
2026-07-30 08:37:15,073 | INFO |   Reward | Success: 342.64 | Delay: -51.10 | Energy: -0.55 | TaskFail: -17.24 | Interrupt: -4.96 | HOFail: -0.50
2026-07-30 08:37:51,817 | INFO | Update   40 | Steps:  40,960 | Episodes:    80 | EpReward:   120.22 | FPS:     28 | Actor Loss: -0.0008 | Critic Loss: 0.0244 | HAN Grad: 0.0000 | HAN Δ: 0.000000 | HAN Metapaths: 0
2026-07-30 08:37:51,817 | INFO |   Phase | Rollout: 30.05s | PPO update: 6.70s
2026-07-30 08:37:51,817 | INFO |   Env | HO: 84.78% | Cont: 98.60% | Task: 94.90% | Resolved: 99.97% | Delay: 1.324s | Energy: 1763.27J | MEC fair: 0.954
2026-07-30 08:37:51,817 | INFO |   Reward | Success: 344.56 | Delay: -52.10 | Energy: -0.55 | TaskFail: -18.52 | Interrupt: -4.29 | HOFail: -0.22
2026-07-30 08:38:30,217 | INFO | Update   41 | Steps:  41,984 | Episodes:    82 | EpReward:   120.51 | FPS:     27 | Actor Loss: -0.0010 | Critic Loss: 0.0427 | HAN Grad: 0.0000 | HAN Δ: 0.000000 | HAN Metapaths: 0
2026-07-30 08:38:30,218 | INFO |   Phase | Rollout: 30.71s | PPO update: 7.69s
2026-07-30 08:38:30,218 | INFO |   Env | HO: 82.24% | Cont: 98.41% | Task: 94.56% | Resolved: 99.99% | Delay: 1.331s | Energy: 1749.59J | MEC fair: 0.953
2026-07-30 08:38:30,218 | INFO |   Reward | Success: 341.36 | Delay: -51.60 | Energy: -0.54 | TaskFail: -19.64 | Interrupt: -4.89 | HOFail: -0.30
2026-07-30 08:39:12,741 | INFO | Update   42 | Steps:  43,008 | Episodes:    84 | EpReward:   120.80 | FPS:     24 | Actor Loss: -0.0014 | Critic Loss: 0.0354 | HAN Grad: 0.0000 | HAN Δ: 0.000000 | HAN Metapaths: 0
2026-07-30 08:39:12,741 | INFO |   Phase | Rollout: 33.02s | PPO update: 9.51s
2026-07-30 08:39:12,741 | INFO |   Env | HO: 80.71% | Cont: 98.79% | Task: 94.68% | Resolved: 99.99% | Delay: 1.348s | Energy: 1792.79J | MEC fair: 0.953
2026-07-30 08:39:12,741 | INFO |   Reward | Success: 342.00 | Delay: -52.44 | Energy: -0.56 | TaskFail: -19.20 | Interrupt: -3.73 | HOFail: -0.22
2026-07-30 08:39:50,736 | INFO | Update   43 | Steps:  44,032 | Episodes:    86 | EpReward:   121.13 | FPS:     27 | Actor Loss: -0.0009 | Critic Loss: 0.0228 | HAN Grad: 0.0000 | HAN Δ: 0.000000 | HAN Metapaths: 0
2026-07-30 08:39:50,736 | INFO |   Phase | Rollout: 29.85s | PPO update: 8.15s
2026-07-30 08:39:50,736 | INFO |   Env | HO: 89.55% | Cont: 98.67% | Task: 95.16% | Resolved: 100.00% | Delay: 1.299s | Energy: 1726.46J | MEC fair: 0.952
2026-07-30 08:39:50,736 | INFO |   Reward | Success: 342.80 | Delay: -51.22 | Energy: -0.55 | TaskFail: -17.44 | Interrupt: -4.07 | HOFail: -0.11
2026-07-30 08:40:31,973 | INFO | Update   44 | Steps:  45,056 | Episodes:    88 | EpReward:   121.32 | FPS:     25 | Actor Loss: -0.0011 | Critic Loss: 0.0399 | HAN Grad: 0.0000 | HAN Δ: 0.000000 | HAN Metapaths: 0
2026-07-30 08:40:31,974 | INFO |   Phase | Rollout: 30.97s | PPO update: 10.26s
2026-07-30 08:40:31,974 | INFO |   Env | HO: 75.66% | Cont: 98.81% | Task: 93.99% | Resolved: 99.98% | Delay: 1.370s | Energy: 1786.23J | MEC fair: 0.951
2026-07-30 08:40:31,974 | INFO |   Reward | Success: 336.64 | Delay: -51.19 | Energy: -0.54 | TaskFail: -21.52 | Interrupt: -3.65 | HOFail: -0.30
2026-07-30 08:41:12,814 | INFO | Update   45 | Steps:  46,080 | Episodes:    90 | EpReward:   121.56 | FPS:     25 | Actor Loss: -0.0013 | Critic Loss: 0.0471 | HAN Grad: 0.0000 | HAN Δ: 0.000000 | HAN Metapaths: 0
2026-07-30 08:41:12,814 | INFO |   Phase | Rollout: 32.66s | PPO update: 8.17s
2026-07-30 08:41:12,814 | INFO |   Env | HO: 76.72% | Cont: 98.69% | Task: 94.77% | Resolved: 99.94% | Delay: 1.317s | Energy: 1743.85J | MEC fair: 0.951
2026-07-30 08:41:12,814 | INFO |   Reward | Success: 339.12 | Delay: -50.99 | Energy: -0.54 | TaskFail: -18.72 | Interrupt: -4.02 | HOFail: -0.49
2026-07-30 08:41:51,499 | INFO | Update   46 | Steps:  47,104 | Episodes:    92 | EpReward:   121.80 | FPS:     26 | Actor Loss: -0.0026 | Critic Loss: 0.0422 | HAN Grad: 0.0000 | HAN Δ: 0.000000 | HAN Metapaths: 0
2026-07-30 08:41:51,500 | INFO |   Phase | Rollout: 31.89s | PPO update: 6.79s
2026-07-30 08:41:51,500 | INFO |   Env | HO: 84.28% | Cont: 97.95% | Task: 95.67% | Resolved: 99.99% | Delay: 1.245s | Energy: 1613.71J | MEC fair: 0.952
2026-07-30 08:41:51,500 | INFO |   Reward | Success: 336.48 | Delay: -48.76 | Energy: -0.54 | TaskFail: -15.24 | Interrupt: -6.29 | HOFail: -0.51
2026-07-30 08:42:31,258 | INFO | Update   47 | Steps:  48,128 | Episodes:    94 | EpReward:   122.07 | FPS:     26 | Actor Loss: -0.0010 | Critic Loss: 0.0437 | HAN Grad: 0.0000 | HAN Δ: 0.000000 | HAN Metapaths: 0
2026-07-30 08:42:31,258 | INFO |   Phase | Rollout: 31.09s | PPO update: 8.67s
2026-07-30 08:42:31,258 | INFO |   Env | HO: 80.00% | Cont: 98.39% | Task: 95.76% | Resolved: 99.99% | Delay: 1.218s | Energy: 1591.54J | MEC fair: 0.952
2026-07-30 08:42:31,258 | INFO |   Reward | Success: 338.16 | Delay: -48.62 | Energy: -0.53 | TaskFail: -14.96 | Interrupt: -4.96 | HOFail: -0.42
2026-07-30 08:43:10,167 | INFO | Update   48 | Steps:  49,152 | Episodes:    96 | EpReward:   122.38 | FPS:     26 | Actor Loss: -0.0008 | Critic Loss: 0.0449 | HAN Grad: 0.0000 | HAN Δ: 0.000000 | HAN Metapaths: 0
2026-07-30 08:43:10,167 | INFO |   Phase | Rollout: 29.91s | PPO update: 9.00s
2026-07-30 08:43:10,168 | INFO |   Env | HO: 89.53% | Cont: 98.24% | Task: 95.70% | Resolved: 99.96% | Delay: 1.229s | Energy: 1638.56J | MEC fair: 0.952
2026-07-30 08:43:10,168 | INFO |   Reward | Success: 346.16 | Delay: -50.16 | Energy: -0.55 | TaskFail: -15.56 | Interrupt: -5.40 | HOFail: -0.23
2026-07-30 08:43:49,329 | INFO | Update   49 | Steps:  50,176 | Episodes:    98 | EpReward:   122.57 | FPS:     26 | Actor Loss: -0.0008 | Critic Loss: 0.0441 | HAN Grad: 0.0000 | HAN Δ: 0.000000 | HAN Metapaths: 0
2026-07-30 08:43:49,329 | INFO |   Phase | Rollout: 30.36s | PPO update: 8.81s
2026-07-30 08:43:49,329 | INFO |   Env | HO: 85.78% | Cont: 98.66% | Task: 94.68% | Resolved: 100.00% | Delay: 1.333s | Energy: 1742.27J | MEC fair: 0.953
2026-07-30 08:43:49,329 | INFO |   Reward | Success: 336.48 | Delay: -50.14 | Energy: -0.54 | TaskFail: -18.92 | Interrupt: -4.10 | HOFail: -0.23
2026-07-30 08:43:49,329 | INFO | ----------------------------------------
2026-07-30 08:43:49,329 | INFO | 开始评估...
2026-07-30 08:46:14,945 | INFO | 评估结果: 奖励 = 135.85 ± 4.62, 长度 = 512, 时延 = 1.196s, 能耗 = 8609.66J, MEC公平性 = 0.954
2026-07-30 08:46:14,945 | INFO | 新的最佳模型 (reward): score = 135.8519, delay = 1.196s, completion = 94.97%, continuity = 98.56%, mec_fairness = 0.954
2026-07-30 08:46:14,966 | INFO | 模型已保存: /home/pjpjq/LEO_switch/results/baseline_compare/multiuser_scaling_multiuser_single_seed_v5_20260728/u25/learned_baselines/attn_mappo/best_model.pt
2026-07-30 08:46:14,966 | INFO | 新的最佳奖励: 135.85
2026-07-30 08:46:14,967 | INFO | ----------------------------------------
2026-07-30 08:46:14,993 | INFO | 模型已保存: /home/pjpjq/LEO_switch/results/baseline_compare/multiuser_scaling_multiuser_single_seed_v5_20260728/u25/learned_baselines/attn_mappo/checkpoint_50176.pt
2026-07-30 08:46:53,365 | INFO | Update   50 | Steps:  51,200 | Episodes:   100 | EpReward:   122.81 | FPS:     27 | Actor Loss: -0.0019 | Critic Loss: 0.0377 | HAN Grad: 0.0000 | HAN Δ: 0.000000 | HAN Metapaths: 0
2026-07-30 08:46:53,365 | INFO |   Phase | Rollout: 30.20s | PPO update: 8.17s
2026-07-30 08:46:53,365 | INFO |   Env | HO: 93.33% | Cont: 98.86% | Task: 95.37% | Resolved: 99.99% | Delay: 1.250s | Energy: 1650.45J | MEC fair: 0.953
2026-07-30 08:46:53,365 | INFO |   Reward | Success: 339.68 | Delay: -49.60 | Energy: -0.52 | TaskFail: -16.48 | Interrupt: -3.51 | HOFail: -0.06
2026-07-30 08:47:36,334 | INFO | Update   51 | Steps:  52,224 | Episodes:   102 | EpReward:   123.90 | FPS:     24 | Actor Loss: -0.0013 | Critic Loss: 0.0368 | HAN Grad: 0.0000 | HAN Δ: 0.000000 | HAN Metapaths: 0
2026-07-30 08:47:36,334 | INFO |   Phase | Rollout: 32.76s | PPO update: 10.21s
2026-07-30 08:47:36,335 | INFO |   Env | HO: 73.65% | Cont: 97.88% | Task: 95.95% | Resolved: 99.98% | Delay: 1.180s | Energy: 1579.59J | MEC fair: 0.953
2026-07-30 08:47:36,335 | INFO |   Reward | Success: 343.68 | Delay: -48.63 | Energy: -0.53 | TaskFail: -14.52 | Interrupt: -6.51 | HOFail: -0.98
2026-07-30 08:48:15,049 | INFO | Update   52 | Steps:  53,248 | Episodes:   104 | EpReward:   124.86 | FPS:     26 | Actor Loss: -0.0013 | Critic Loss: 0.0418 | HAN Grad: 0.0000 | HAN Δ: 0.000000 | HAN Metapaths: 0
2026-07-30 08:48:15,049 | INFO |   Phase | Rollout: 30.50s | PPO update: 8.21s
2026-07-30 08:48:15,049 | INFO |   Env | HO: 67.69% | Cont: 98.73% | Task: 94.49% | Resolved: 99.98% | Delay: 1.339s | Energy: 1730.02J | MEC fair: 0.952
2026-07-30 08:48:15,050 | INFO |   Reward | Success: 334.72 | Delay: -50.13 | Energy: -0.53 | TaskFail: -19.52 | Interrupt: -3.89 | HOFail: -0.50
2026-07-30 08:48:55,401 | INFO | Update   53 | Steps:  54,272 | Episodes:   106 | EpReward:   125.71 | FPS:     25 | Actor Loss: -0.0005 | Critic Loss: 0.0317 | HAN Grad: 0.0000 | HAN Δ: 0.000000 | HAN Metapaths: 0
2026-07-30 08:48:55,402 | INFO |   Phase | Rollout: 32.12s | PPO update: 8.23s
2026-07-30 08:48:55,402 | INFO |   Env | HO: 72.77% | Cont: 98.54% | Task: 94.87% | Resolved: 99.99% | Delay: 1.305s | Energy: 1733.75J | MEC fair: 0.952
2026-07-30 08:48:55,402 | INFO |   Reward | Success: 340.60 | Delay: -50.38 | Energy: -0.55 | TaskFail: -18.40 | Interrupt: -4.47 | HOFail: -0.42
2026-07-30 08:49:37,226 | INFO | Update   54 | Steps:  55,296 | Episodes:   108 | EpReward:   126.54 | FPS:     24 | Actor Loss: -0.0009 | Critic Loss: 0.0538 | HAN Grad: 0.0000 | HAN Δ: 0.000000 | HAN Metapaths: 0
2026-07-30 08:49:37,226 | INFO |   Phase | Rollout: 31.49s | PPO update: 10.34s
2026-07-30 08:49:37,226 | INFO |   Env | HO: 75.43% | Cont: 98.47% | Task: 95.39% | Resolved: 99.99% | Delay: 1.250s | Energy: 1670.50J | MEC fair: 0.953
2026-07-30 08:49:37,226 | INFO |   Reward | Success: 342.20 | Delay: -49.63 | Energy: -0.54 | TaskFail: -16.52 | Interrupt: -4.71 | HOFail: -0.34
2026-07-30 08:50:18,795 | INFO | Update   55 | Steps:  56,320 | Episodes:   110 | EpReward:   127.31 | FPS:     25 | Actor Loss: -0.0019 | Critic Loss: 0.0384 | HAN Grad: 0.0000 | HAN Δ: 0.000000 | HAN Metapaths: 0
2026-07-30 08:50:18,796 | INFO |   Phase | Rollout: 31.80s | PPO update: 9.76s
2026-07-30 08:50:18,796 | INFO |   Env | HO: 88.61% | Cont: 98.79% | Task: 95.59% | Resolved: 99.99% | Delay: 1.222s | Energy: 1592.24J | MEC fair: 0.953
2026-07-30 08:50:18,796 | INFO |   Reward | Success: 334.32 | Delay: -47.79 | Energy: -0.52 | TaskFail: -15.44 | Interrupt: -3.72 | HOFail: -0.07
2026-07-30 08:50:58,908 | INFO | Update   56 | Steps:  57,344 | Episodes:   112 | EpReward:   128.06 | FPS:     26 | Actor Loss: -0.0023 | Critic Loss: 0.0451 | HAN Grad: 0.0000 | HAN Δ: 0.000000 | HAN Metapaths: 0
2026-07-30 08:50:58,908 | INFO |   Phase | Rollout: 31.27s | PPO update: 8.85s
2026-07-30 08:50:58,908 | INFO |   Env | HO: 52.59% | Cont: 98.54% | Task: 95.52% | Resolved: 99.98% | Delay: 1.207s | Energy: 1624.27J | MEC fair: 0.952
2026-07-30 08:50:58,908 | INFO |   Reward | Success: 343.04 | Delay: -48.21 | Energy: -0.53 | TaskFail: -16.08 | Interrupt: -4.47 | HOFail: -0.88
2026-07-30 08:51:41,382 | INFO | Update   57 | Steps:  58,368 | Episodes:   114 | EpReward:   128.75 | FPS:     24 | Actor Loss: -0.0014 | Critic Loss: 0.0459 | HAN Grad: 0.0000 | HAN Δ: 0.000000 | HAN Metapaths: 0
2026-07-30 08:51:41,382 | INFO |   Phase | Rollout: 32.16s | PPO update: 10.31s
2026-07-30 08:51:41,382 | INFO |   Env | HO: 56.92% | Cont: 98.43% | Task: 95.68% | Resolved: 99.99% | Delay: 1.194s | Energy: 1616.22J | MEC fair: 0.952
2026-07-30 08:51:41,382 | INFO |   Reward | Success: 343.72 | Delay: -48.19 | Energy: -0.53 | TaskFail: -15.52 | Interrupt: -4.83 | HOFail: -0.67
2026-07-30 08:52:19,665 | INFO | Update   58 | Steps:  59,392 | Episodes:   116 | EpReward:   129.23 | FPS:     27 | Actor Loss: -0.0009 | Critic Loss: 0.0398 | HAN Grad: 0.0000 | HAN Δ: 0.000000 | HAN Metapaths: 0
2026-07-30 08:52:19,665 | INFO |   Phase | Rollout: 29.94s | PPO update: 8.34s
2026-07-30 08:52:19,665 | INFO |   Env | HO: 73.63% | Cont: 98.91% | Task: 94.94% | Resolved: 99.98% | Delay: 1.311s | Energy: 1729.12J | MEC fair: 0.951
2026-07-30 08:52:19,665 | INFO |   Reward | Success: 339.08 | Delay: -49.35 | Energy: -0.53 | TaskFail: -18.08 | Interrupt: -3.34 | HOFail: -0.19
2026-07-30 08:52:59,011 | INFO | Update   59 | Steps:  60,416 | Episodes:   118 | EpReward:   129.77 | FPS:     26 | Actor Loss: -0.0015 | Critic Loss: 0.0362 | HAN Grad: 0.0000 | HAN Δ: 0.000000 | HAN Metapaths: 0
2026-07-30 08:52:59,012 | INFO |   Phase | Rollout: 31.15s | PPO update: 8.20s
2026-07-30 08:52:59,012 | INFO |   Env | HO: 84.38% | Cont: 98.81% | Task: 95.09% | Resolved: 99.99% | Delay: 1.296s | Energy: 1729.36J | MEC fair: 0.953
2026-07-30 08:52:59,012 | INFO |   Reward | Success: 340.12 | Delay: -50.16 | Energy: -0.55 | TaskFail: -17.56 | Interrupt: -3.66 | HOFail: -0.08
2026-07-30 08:53:41,039 | INFO | Update   60 | Steps:  61,440 | Episodes:   120 | EpReward:   130.36 | FPS:     24 | Actor Loss: -0.0018 | Critic Loss: 0.0351 | HAN Grad: 0.0000 | HAN Δ: 0.000000 | HAN Metapaths: 0
2026-07-30 08:53:41,040 | INFO |   Phase | Rollout: 31.71s | PPO update: 10.32s
2026-07-30 08:53:41,040 | INFO |   Env | HO: 50.51% | Cont: 98.24% | Task: 96.74% | Resolved: 100.00% | Delay: 1.076s | Energy: 1472.08J | MEC fair: 0.953
2026-07-30 08:53:41,040 | INFO |   Reward | Success: 344.76 | Delay: -44.95 | Energy: -0.52 | TaskFail: -11.60 | Interrupt: -5.41 | HOFail: -0.78
2026-07-30 08:54:22,696 | INFO | Update   61 | Steps:  62,464 | Episodes:   122 | EpReward:   130.74 | FPS:     25 | Actor Loss: -0.0023 | Critic Loss: 0.0274 | HAN Grad: 0.0000 | HAN Δ: 0.000000 | HAN Metapaths: 0
2026-07-30 08:54:22,697 | INFO |   Phase | Rollout: 31.63s | PPO update: 10.02s
2026-07-30 08:54:22,697 | INFO |   Env | HO: 59.26% | Cont: 98.21% | Task: 96.36% | Resolved: 99.99% | Delay: 1.100s | Energy: 1483.65J | MEC fair: 0.952
2026-07-30 08:54:22,697 | INFO |   Reward | Success: 341.84 | Delay: -45.38 | Energy: -0.51 | TaskFail: -12.92 | Interrupt: -5.51 | HOFail: -0.70
2026-07-30 08:55:01,753 | INFO | Update   62 | Steps:  63,488 | Episodes:   124 | EpReward:   131.14 | FPS:     26 | Actor Loss: -0.0010 | Critic Loss: 0.0532 | HAN Grad: 0.0000 | HAN Δ: 0.000000 | HAN Metapaths: 0
2026-07-30 08:55:01,753 | INFO |   Phase | Rollout: 30.86s | PPO update: 8.20s
2026-07-30 08:55:01,753 | INFO |   Env | HO: 77.69% | Cont: 98.54% | Task: 95.19% | Resolved: 99.99% | Delay: 1.257s | Energy: 1692.91J | MEC fair: 0.953
2026-07-30 08:55:01,753 | INFO |   Reward | Success: 342.40 | Delay: -49.04 | Energy: -0.54 | TaskFail: -17.32 | Interrupt: -4.48 | HOFail: -0.22
2026-07-30 08:55:41,432 | INFO | Update   63 | Steps:  64,512 | Episodes:   126 | EpReward:   131.43 | FPS:     26 | Actor Loss: -0.0011 | Critic Loss: 0.0526 | HAN Grad: 0.0000 | HAN Δ: 0.000000 | HAN Metapaths: 0
2026-07-30 08:55:41,432 | INFO |   Phase | Rollout: 30.44s | PPO update: 9.24s
2026-07-30 08:55:41,432 | INFO |   Env | HO: 79.78% | Cont: 98.75% | Task: 94.78% | Resolved: 99.98% | Delay: 1.304s | Energy: 1744.09J | MEC fair: 0.953
2026-07-30 08:55:41,432 | INFO |   Reward | Success: 340.08 | Delay: -49.93 | Energy: -0.54 | TaskFail: -18.72 | Interrupt: -3.83 | HOFail: -0.14
2026-07-30 08:56:17,415 | INFO | Update   64 | Steps:  65,536 | Episodes:   128 | EpReward:   131.78 | FPS:     28 | Actor Loss: -0.0010 | Critic Loss: 0.0416 | HAN Grad: 0.0000 | HAN Δ: 0.000000 | HAN Metapaths: 0
2026-07-30 08:56:17,415 | INFO |   Phase | Rollout: 30.82s | PPO update: 5.16s
2026-07-30 08:56:17,415 | INFO |   Env | HO: 53.09% | Cont: 98.64% | Task: 95.23% | Resolved: 99.97% | Delay: 1.267s | Energy: 1709.42J | MEC fair: 0.953
2026-07-30 08:56:17,415 | INFO |   Reward | Success: 345.28 | Delay: -49.42 | Energy: -0.55 | TaskFail: -17.28 | Interrupt: -4.19 | HOFail: -0.73
2026-07-30 08:56:55,912 | INFO | Update   65 | Steps:  66,560 | Episodes:   130 | EpReward:   132.01 | FPS:     27 | Actor Loss: -0.0014 | Critic Loss: 0.0438 | HAN Grad: 0.0000 | HAN Δ: 0.000000 | HAN Metapaths: 0
2026-07-30 08:56:55,912 | INFO |   Phase | Rollout: 30.30s | PPO update: 8.19s
2026-07-30 08:56:55,912 | INFO |   Env | HO: 45.07% | Cont: 98.57% | Task: 94.48% | Resolved: 100.00% | Delay: 1.304s | Energy: 1736.59J | MEC fair: 0.954
2026-07-30 08:56:55,912 | INFO |   Reward | Success: 339.56 | Delay: -50.37 | Energy: -0.54 | TaskFail: -19.84 | Interrupt: -4.41 | HOFail: -1.78
2026-07-30 08:57:34,065 | INFO | Update   66 | Steps:  67,584 | Episodes:   132 | EpReward:   132.11 | FPS:     27 | Actor Loss: -0.0012 | Critic Loss: 0.0451 | HAN Grad: 0.0000 | HAN Δ: 0.000000 | HAN Metapaths: 0
2026-07-30 08:57:34,066 | INFO |   Phase | Rollout: 29.40s | PPO update: 8.76s
2026-07-30 08:57:34,066 | INFO |   Env | HO: 50.72% | Cont: 98.82% | Task: 93.21% | Resolved: 99.99% | Delay: 1.441s | Energy: 1911.08J | MEC fair: 0.953
2026-07-30 08:57:34,066 | INFO |   Reward | Success: 338.44 | Delay: -52.02 | Energy: -0.55 | TaskFail: -24.64 | Interrupt: -3.62 | HOFail: -1.36
2026-07-30 08:58:14,829 | INFO | Update   67 | Steps:  68,608 | Episodes:   134 | EpReward:   132.13 | FPS:     25 | Actor Loss: -0.0018 | Critic Loss: 0.0546 | HAN Grad: 0.0000 | HAN Δ: 0.000000 | HAN Metapaths: 0
2026-07-30 08:58:14,830 | INFO |   Phase | Rollout: 30.87s | PPO update: 9.89s
2026-07-30 08:58:14,830 | INFO |   Env | HO: 43.24% | Cont: 98.95% | Task: 93.72% | Resolved: 99.99% | Delay: 1.386s | Energy: 1806.20J | MEC fair: 0.952
2026-07-30 08:58:14,830 | INFO |   Reward | Success: 331.88 | Delay: -49.99 | Energy: -0.53 | TaskFail: -22.24 | Interrupt: -3.23 | HOFail: -1.54
2026-07-30 08:58:54,689 | INFO | Update   68 | Steps:  69,632 | Episodes:   136 | EpReward:   132.30 | FPS:     26 | Actor Loss: -0.0007 | Critic Loss: 0.0443 | HAN Grad: 0.0000 | HAN Δ: 0.000000 | HAN Metapaths: 0
2026-07-30 08:58:54,689 | INFO |   Phase | Rollout: 29.67s | PPO update: 10.19s
2026-07-30 08:58:54,689 | INFO |   Env | HO: 58.79% | Cont: 98.43% | Task: 95.25% | Resolved: 99.99% | Delay: 1.224s | Energy: 1635.15J | MEC fair: 0.952
2026-07-30 08:58:54,690 | INFO |   Reward | Success: 340.36 | Delay: -48.03 | Energy: -0.53 | TaskFail: -16.96 | Interrupt: -4.83 | HOFail: -1.20
2026-07-30 08:59:35,985 | INFO | Update   69 | Steps:  70,656 | Episodes:   138 | EpReward:   132.39 | FPS:     25 | Actor Loss: -0.0015 | Critic Loss: 0.0467 | HAN Grad: 0.0000 | HAN Δ: 0.000000 | HAN Metapaths: 0
2026-07-30 08:59:35,985 | INFO |   Phase | Rollout: 31.10s | PPO update: 10.19s
2026-07-30 08:59:35,986 | INFO |   Env | HO: 58.43% | Cont: 98.78% | Task: 94.72% | Resolved: 100.00% | Delay: 1.323s | Energy: 1777.32J | MEC fair: 0.952
2026-07-30 08:59:35,986 | INFO |   Reward | Success: 342.56 | Delay: -51.18 | Energy: -0.56 | TaskFail: -19.08 | Interrupt: -3.76 | HOFail: -0.85
2026-07-30 09:00:14,628 | INFO | Update   70 | Steps:  71,680 | Episodes:   140 | EpReward:   132.47 | FPS:     26 | Actor Loss: -0.0010 | Critic Loss: 0.0512 | HAN Grad: 0.0000 | HAN Δ: 0.000000 | HAN Metapaths: 0
2026-07-30 09:00:14,628 | INFO |   Phase | Rollout: 28.58s | PPO update: 10.06s
2026-07-30 09:00:14,628 | INFO |   Env | HO: 53.77% | Cont: 98.61% | Task: 94.27% | Resolved: 99.99% | Delay: 1.358s | Energy: 1807.38J | MEC fair: 0.953
2026-07-30 09:00:14,628 | INFO |   Reward | Success: 340.88 | Delay: -51.72 | Energy: -0.56 | TaskFail: -20.72 | Interrupt: -4.28 | HOFail: -1.13
2026-07-30 09:00:56,481 | INFO | Update   71 | Steps:  72,704 | Episodes:   142 | EpReward:   132.58 | FPS:     24 | Actor Loss: -0.0012 | Critic Loss: 0.0501 | HAN Grad: 0.0000 | HAN Δ: 0.000000 | HAN Metapaths: 0
2026-07-30 09:00:56,482 | INFO |   Phase | Rollout: 31.55s | PPO update: 10.30s
2026-07-30 09:00:56,482 | INFO |   Env | HO: 58.92% | Cont: 98.50% | Task: 94.68% | Resolved: 99.99% | Delay: 1.326s | Energy: 1774.35J | MEC fair: 0.952
2026-07-30 09:00:56,482 | INFO |   Reward | Success: 339.88 | Delay: -50.53 | Energy: -0.56 | TaskFail: -19.08 | Interrupt: -4.61 | HOFail: -0.90
2026-07-30 09:01:32,039 | INFO | Update   72 | Steps:  73,728 | Episodes:   144 | EpReward:   132.72 | FPS:     29 | Actor Loss: -0.0006 | Critic Loss: 0.0391 | HAN Grad: 0.0000 | HAN Δ: 0.000000 | HAN Metapaths: 0
2026-07-30 09:01:32,040 | INFO |   Phase | Rollout: 30.10s | PPO update: 5.46s
2026-07-30 09:01:32,040 | INFO |   Env | HO: 59.01% | Cont: 98.41% | Task: 95.67% | Resolved: 99.97% | Delay: 1.225s | Energy: 1687.69J | MEC fair: 0.954
2026-07-30 09:01:32,040 | INFO |   Reward | Success: 342.24 | Delay: -49.27 | Energy: -0.56 | TaskFail: -15.48 | Interrupt: -4.89 | HOFail: -0.93
2026-07-30 09:02:13,563 | INFO | Update   73 | Steps:  74,752 | Episodes:   146 | EpReward:   132.83 | FPS:     25 | Actor Loss: -0.0010 | Critic Loss: 0.0400 | HAN Grad: 0.0000 | HAN Δ: 0.000000 | HAN Metapaths: 0
2026-07-30 09:02:13,564 | INFO |   Phase | Rollout: 31.28s | PPO update: 10.24s
2026-07-30 09:02:13,564 | INFO |   Env | HO: 65.84% | Cont: 98.82% | Task: 94.80% | Resolved: 99.99% | Delay: 1.337s | Energy: 1799.77J | MEC fair: 0.952
2026-07-30 09:02:13,564 | INFO |   Reward | Success: 342.44 | Delay: -53.10 | Energy: -0.57 | TaskFail: -18.80 | Interrupt: -3.64 | HOFail: -0.55
2026-07-30 09:02:52,416 | INFO | Update   74 | Steps:  75,776 | Episodes:   148 | EpReward:   132.95 | FPS:     26 | Actor Loss: 0.0000 | Critic Loss: 0.0512 | HAN Grad: 0.0000 | HAN Δ: 0.000000 | HAN Metapaths: 0
2026-07-30 09:02:52,416 | INFO |   Phase | Rollout: 30.65s | PPO update: 8.20s
2026-07-30 09:02:52,416 | INFO |   Env | HO: 64.57% | Cont: 98.91% | Task: 95.33% | Resolved: 99.99% | Delay: 1.290s | Energy: 1709.86J | MEC fair: 0.953
2026-07-30 09:02:52,416 | INFO |   Reward | Success: 336.36 | Delay: -50.67 | Energy: -0.55 | TaskFail: -16.48 | Interrupt: -3.34 | HOFail: -0.50
2026-07-30 09:02:52,416 | INFO | ----------------------------------------
2026-07-30 09:02:52,416 | INFO | 开始评估...
2026-07-30 09:05:17,325 | INFO | 评估结果: 奖励 = 135.99 ± 4.36, 长度 = 512, 时延 = 1.216s, 能耗 = 8804.92J, MEC公平性 = 0.954
2026-07-30 09:05:17,325 | INFO | 新的最佳模型 (reward): score = 135.9881, delay = 1.216s, completion = 95.29%, continuity = 98.62%, mec_fairness = 0.954
2026-07-30 09:05:17,360 | INFO | 模型已保存: /home/pjpjq/LEO_switch/results/baseline_compare/multiuser_scaling_multiuser_single_seed_v5_20260728/u25/learned_baselines/attn_mappo/best_model.pt
2026-07-30 09:05:17,361 | INFO | 新的最佳奖励: 135.99
2026-07-30 09:05:17,361 | INFO | ----------------------------------------
2026-07-30 09:05:56,616 | INFO | Update   75 | Steps:  76,800 | Episodes:   150 | EpReward:   132.99 | FPS:     26 | Actor Loss: -0.0019 | Critic Loss: 0.0498 | HAN Grad: 0.0000 | HAN Δ: 0.000000 | HAN Metapaths: 0
2026-07-30 09:05:56,616 | INFO |   Phase | Rollout: 29.70s | PPO update: 9.55s
2026-07-30 09:05:56,616 | INFO |   Env | HO: 56.95% | Cont: 98.18% | Task: 95.55% | Resolved: 100.00% | Delay: 1.240s | Energy: 1690.06J | MEC fair: 0.953
2026-07-30 09:05:56,616 | INFO |   Reward | Success: 344.48 | Delay: -50.51 | Energy: -0.56 | TaskFail: -16.04 | Interrupt: -5.58 | HOFail: -1.04
2026-07-30 09:06:37,239 | INFO | Update   76 | Steps:  77,824 | Episodes:   152 | EpReward:   133.09 | FPS:     25 | Actor Loss: -0.0017 | Critic Loss: 0.0457 | HAN Grad: 0.0000 | HAN Δ: 0.000000 | HAN Metapaths: 0
2026-07-30 09:06:37,240 | INFO |   Phase | Rollout: 30.33s | PPO update: 10.29s
2026-07-30 09:06:37,240 | INFO |   Env | HO: 58.92% | Cont: 98.33% | Task: 95.52% | Resolved: 99.99% | Delay: 1.262s | Energy: 1707.21J | MEC fair: 0.954
2026-07-30 09:06:37,240 | INFO |   Reward | Success: 344.08 | Delay: -50.25 | Energy: -0.56 | TaskFail: -16.12 | Interrupt: -5.14 | HOFail: -1.03
2026-07-30 09:07:16,386 | INFO | Update   77 | Steps:  78,848 | Episodes:   154 | EpReward:   133.11 | FPS:     26 | Actor Loss: -0.0016 | Critic Loss: 0.0451 | HAN Grad: 0.0000 | HAN Δ: 0.000000 | HAN Metapaths: 0
2026-07-30 09:07:16,386 | INFO |   Phase | Rollout: 28.97s | PPO update: 10.18s
2026-07-30 09:07:16,386 | INFO |   Env | HO: 61.33% | Cont: 98.60% | Task: 94.44% | Resolved: 99.99% | Delay: 1.340s | Energy: 1792.64J | MEC fair: 0.952
2026-07-30 09:07:16,386 | INFO |   Reward | Success: 339.12 | Delay: -50.58 | Energy: -0.55 | TaskFail: -19.96 | Interrupt: -4.30 | HOFail: -0.79
2026-07-30 09:07:54,189 | INFO | Update   78 | Steps:  79,872 | Episodes:   156 | EpReward:   133.20 | FPS:     27 | Actor Loss: -0.0014 | Critic Loss: 0.0438 | HAN Grad: 0.0000 | HAN Δ: 0.000000 | HAN Metapaths: 0
2026-07-30 09:07:54,190 | INFO |   Phase | Rollout: 29.48s | PPO update: 8.32s
2026-07-30 09:07:54,190 | INFO |   Env | HO: 71.43% | Cont: 98.07% | Task: 95.50% | Resolved: 99.98% | Delay: 1.260s | Energy: 1738.15J | MEC fair: 0.952
2026-07-30 09:07:54,190 | INFO |   Reward | Success: 350.24 | Delay: -51.13 | Energy: -0.57 | TaskFail: -16.52 | Interrupt: -5.91 | HOFail: -1.01
2026-07-30 09:08:32,769 | INFO | Update   79 | Steps:  80,896 | Episodes:   158 | EpReward:   133.38 | FPS:     27 | Actor Loss: -0.0009 | Critic Loss: 0.0355 | HAN Grad: 0.0000 | HAN Δ: 0.000000 | HAN Metapaths: 0
2026-07-30 09:08:32,775 | INFO |   Phase | Rollout: 30.40s | PPO update: 8.18s
2026-07-30 09:08:32,775 | INFO |   Env | HO: 58.91% | Cont: 98.05% | Task: 95.86% | Resolved: 100.00% | Delay: 1.151s | Energy: 1564.56J | MEC fair: 0.954
2026-07-30 09:08:32,775 | INFO |   Reward | Success: 344.28 | Delay: -47.41 | Energy: -0.53 | TaskFail: -14.88 | Interrupt: -5.99 | HOFail: -1.51
2026-07-30 09:09:11,885 | INFO | Update   80 | Steps:  81,920 | Episodes:   160 | EpReward:   133.41 | FPS:     26 | Actor Loss: -0.0024 | Critic Loss: 0.0468 | HAN Grad: 0.0000 | HAN Δ: 0.000000 | HAN Metapaths: 0
2026-07-30 09:09:11,886 | INFO |   Phase | Rollout: 28.79s | PPO update: 10.32s
2026-07-30 09:09:11,886 | INFO |   Env | HO: 59.71% | Cont: 98.34% | Task: 94.63% | Resolved: 99.99% | Delay: 1.305s | Energy: 1730.68J | MEC fair: 0.953
2026-07-30 09:09:11,886 | INFO |   Reward | Success: 338.48 | Delay: -49.19 | Energy: -0.54 | TaskFail: -19.20 | Interrupt: -5.10 | HOFail: -1.11
2026-07-30 09:09:51,742 | INFO | Update   81 | Steps:  82,944 | Episodes:   162 | EpReward:   133.55 | FPS:     26 | Actor Loss: -0.0013 | Critic Loss: 0.0336 | HAN Grad: 0.0000 | HAN Δ: 0.000000 | HAN Metapaths: 0
2026-07-30 09:09:51,743 | INFO |   Phase | Rollout: 31.63s | PPO update: 8.23s
2026-07-30 09:09:51,743 | INFO |   Env | HO: 65.83% | Cont: 98.01% | Task: 95.02% | Resolved: 99.99% | Delay: 1.240s | Energy: 1668.41J | MEC fair: 0.954
2026-07-30 09:09:51,743 | INFO |   Reward | Success: 341.60 | Delay: -48.54 | Energy: -0.54 | TaskFail: -17.92 | Interrupt: -6.10 | HOFail: -1.09
2026-07-30 09:10:33,140 | INFO | Update   82 | Steps:  83,968 | Episodes:   164 | EpReward:   133.57 | FPS:     25 | Actor Loss: -0.0011 | Critic Loss: 0.0307 | HAN Grad: 0.0000 | HAN Δ: 0.000000 | HAN Metapaths: 0
2026-07-30 09:10:33,141 | INFO |   Phase | Rollout: 31.05s | PPO update: 10.35s
2026-07-30 09:10:33,141 | INFO |   Env | HO: 68.46% | Cont: 98.50% | Task: 94.74% | Resolved: 99.98% | Delay: 1.278s | Energy: 1686.01J | MEC fair: 0.953
2026-07-30 09:10:33,141 | INFO |   Reward | Success: 334.80 | Delay: -48.46 | Energy: -0.53 | TaskFail: -18.60 | Interrupt: -4.62 | HOFail: -1.08
2026-07-30 09:11:11,834 | INFO | Update   83 | Steps:  84,992 | Episodes:   166 | EpReward:   133.62 | FPS:     26 | Actor Loss: -0.0005 | Critic Loss: 0.0328 | HAN Grad: 0.0000 | HAN Δ: 0.000000 | HAN Metapaths: 0
2026-07-30 09:11:11,834 | INFO |   Phase | Rollout: 30.48s | PPO update: 8.21s
2026-07-30 09:11:11,834 | INFO |   Env | HO: 70.98% | Cont: 98.46% | Task: 94.68% | Resolved: 99.97% | Delay: 1.323s | Energy: 1752.23J | MEC fair: 0.953
2026-07-30 09:11:11,834 | INFO |   Reward | Success: 339.36 | Delay: -51.22 | Energy: -0.55 | TaskFail: -19.08 | Interrupt: -4.74 | HOFail: -0.88
2026-07-30 09:11:52,853 | INFO | Update   84 | Steps:  86,016 | Episodes:   168 | EpReward:   133.54 | FPS:     25 | Actor Loss: -0.0008 | Critic Loss: 0.0359 | HAN Grad: 0.0000 | HAN Δ: 0.000000 | HAN Metapaths: 0
2026-07-30 09:11:52,854 | INFO |   Phase | Rollout: 30.67s | PPO update: 10.35s
2026-07-30 09:11:52,854 | INFO |   Env | HO: 64.44% | Cont: 98.30% | Task: 94.86% | Resolved: 99.99% | Delay: 1.301s | Energy: 1717.80J | MEC fair: 0.951
2026-07-30 09:11:52,854 | INFO |   Reward | Success: 339.40 | Delay: -49.33 | Energy: -0.53 | TaskFail: -18.40 | Interrupt: -5.22 | HOFail: -1.32
2026-07-30 09:12:32,317 | INFO | Update   85 | Steps:  87,040 | Episodes:   170 | EpReward:   133.46 | FPS:     26 | Actor Loss: -0.0011 | Critic Loss: 0.0385 | HAN Grad: 0.0000 | HAN Δ: 0.000000 | HAN Metapaths: 0
2026-07-30 09:12:32,317 | INFO |   Phase | Rollout: 29.56s | PPO update: 9.90s
2026-07-30 09:12:32,317 | INFO |   Env | HO: 57.04% | Cont: 98.61% | Task: 94.03% | Resolved: 99.99% | Delay: 1.336s | Energy: 1739.44J | MEC fair: 0.953
2026-07-30 09:12:32,317 | INFO |   Reward | Success: 335.36 | Delay: -49.80 | Energy: -0.52 | TaskFail: -21.28 | Interrupt: -4.27 | HOFail: -1.42
2026-07-30 09:13:14,347 | INFO | Update   86 | Steps:  88,064 | Episodes:   172 | EpReward:   133.55 | FPS:     24 | Actor Loss: -0.0013 | Critic Loss: 0.0380 | HAN Grad: 0.0000 | HAN Δ: 0.000000 | HAN Metapaths: 0
2026-07-30 09:13:14,347 | INFO |   Phase | Rollout: 31.82s | PPO update: 10.21s
2026-07-30 09:13:14,347 | INFO |   Env | HO: 57.34% | Cont: 98.31% | Task: 95.48% | Resolved: 99.99% | Delay: 1.220s | Energy: 1625.05J | MEC fair: 0.954
2026-07-30 09:13:14,347 | INFO |   Reward | Success: 339.52 | Delay: -47.94 | Energy: -0.53 | TaskFail: -16.08 | Interrupt: -5.20 | HOFail: -1.51
2026-07-30 09:13:55,134 | INFO | Update   87 | Steps:  89,088 | Episodes:   174 | EpReward:   133.56 | FPS:     25 | Actor Loss: -0.0015 | Critic Loss: 0.0428 | HAN Grad: 0.0000 | HAN Δ: 0.000000 | HAN Metapaths: 0
2026-07-30 09:13:55,134 | INFO |   Phase | Rollout: 32.57s | PPO update: 8.21s
2026-07-30 09:13:55,134 | INFO |   Env | HO: 53.37% | Cont: 98.69% | Task: 94.62% | Resolved: 99.99% | Delay: 1.309s | Energy: 1755.95J | MEC fair: 0.953
2026-07-30 09:13:55,134 | INFO |   Reward | Success: 343.88 | Delay: -50.38 | Energy: -0.54 | TaskFail: -19.56 | Interrupt: -4.01 | HOFail: -1.44
2026-07-30 09:14:36,414 | INFO | Update   88 | Steps:  90,112 | Episodes:   176 | EpReward:   133.61 | FPS:     25 | Actor Loss: -0.0042 | Critic Loss: 0.0410 | HAN Grad: 0.0000 | HAN Δ: 0.000000 | HAN Metapaths: 0
2026-07-30 09:14:36,415 | INFO |   Phase | Rollout: 30.98s | PPO update: 10.30s
2026-07-30 09:14:36,415 | INFO |   Env | HO: 57.68% | Cont: 98.48% | Task: 94.88% | Resolved: 99.94% | Delay: 1.281s | Energy: 1712.44J | MEC fair: 0.953
2026-07-30 09:14:36,415 | INFO |   Reward | Success: 341.92 | Delay: -49.71 | Energy: -0.54 | TaskFail: -18.44 | Interrupt: -4.66 | HOFail: -1.26
2026-07-30 09:15:15,402 | INFO | Update   89 | Steps:  91,136 | Episodes:   178 | EpReward:   133.61 | FPS:     26 | Actor Loss: -0.0021 | Critic Loss: 0.0318 | HAN Grad: 0.0000 | HAN Δ: 0.000000 | HAN Metapaths: 0
2026-07-30 09:15:15,402 | INFO |   Phase | Rollout: 30.78s | PPO update: 8.21s
2026-07-30 09:15:15,402 | INFO |   Env | HO: 67.26% | Cont: 98.36% | Task: 95.28% | Resolved: 99.93% | Delay: 1.237s | Energy: 1622.94J | MEC fair: 0.953
2026-07-30 09:15:15,402 | INFO |   Reward | Success: 339.12 | Delay: -48.28 | Energy: -0.53 | TaskFail: -16.80 | Interrupt: -5.04 | HOFail: -1.02
2026-07-30 09:15:56,387 | INFO | Update   90 | Steps:  92,160 | Episodes:   180 | EpReward:   133.51 | FPS:     25 | Actor Loss: -0.0024 | Critic Loss: 0.0389 | HAN Grad: 0.0000 | HAN Δ: 0.000000 | HAN Metapaths: 0
2026-07-30 09:15:56,387 | INFO |   Phase | Rollout: 30.80s | PPO update: 10.19s
2026-07-30 09:15:56,387 | INFO |   Env | HO: 61.08% | Cont: 98.57% | Task: 94.22% | Resolved: 99.98% | Delay: 1.321s | Energy: 1722.72J | MEC fair: 0.952
2026-07-30 09:15:56,387 | INFO |   Reward | Success: 336.00 | Delay: -49.70 | Energy: -0.52 | TaskFail: -20.60 | Interrupt: -4.39 | HOFail: -1.04
2026-07-30 09:16:35,297 | INFO | Update   91 | Steps:  93,184 | Episodes:   182 | EpReward:   133.47 | FPS:     26 | Actor Loss: -0.0005 | Critic Loss: 0.0476 | HAN Grad: 0.0000 | HAN Δ: 0.000000 | HAN Metapaths: 0
2026-07-30 09:16:35,297 | INFO |   Phase | Rollout: 31.38s | PPO update: 7.52s
2026-07-30 09:16:35,297 | INFO |   Env | HO: 78.49% | Cont: 98.19% | Task: 94.79% | Resolved: 99.95% | Delay: 1.301s | Energy: 1685.73J | MEC fair: 0.953
2026-07-30 09:16:35,297 | INFO |   Reward | Success: 334.16 | Delay: -48.72 | Energy: -0.52 | TaskFail: -18.36 | Interrupt: -5.55 | HOFail: -0.80
2026-07-30 09:17:11,133 | INFO | Update   92 | Steps:  94,208 | Episodes:   184 | EpReward:   133.43 | FPS:     29 | Actor Loss: -0.0024 | Critic Loss: 0.0472 | HAN Grad: 0.0000 | HAN Δ: 0.000000 | HAN Metapaths: 0
2026-07-30 09:17:11,134 | INFO |   Phase | Rollout: 28.56s | PPO update: 7.28s
2026-07-30 09:17:11,134 | INFO |   Env | HO: 79.25% | Cont: 98.08% | Task: 94.39% | Resolved: 99.98% | Delay: 1.324s | Energy: 1736.11J | MEC fair: 0.953
2026-07-30 09:17:11,134 | INFO |   Reward | Success: 338.24 | Delay: -49.17 | Energy: -0.53 | TaskFail: -20.12 | Interrupt: -5.91 | HOFail: -0.66
2026-07-30 09:17:49,563 | INFO | Update   93 | Steps:  95,232 | Episodes:   186 | EpReward:   133.37 | FPS:     27 | Actor Loss: -0.0011 | Critic Loss: 0.0481 | HAN Grad: 0.0000 | HAN Δ: 0.000000 | HAN Metapaths: 0
2026-07-30 09:17:49,564 | INFO |   Phase | Rollout: 29.86s | PPO update: 8.57s
2026-07-30 09:17:49,564 | INFO |   Env | HO: 80.31% | Cont: 98.42% | Task: 94.53% | Resolved: 99.99% | Delay: 1.309s | Energy: 1715.19J | MEC fair: 0.951
2026-07-30 09:17:49,564 | INFO |   Reward | Success: 338.68 | Delay: -50.30 | Energy: -0.53 | TaskFail: -19.60 | Interrupt: -4.86 | HOFail: -0.62
2026-07-30 09:18:27,478 | INFO | Update   94 | Steps:  96,256 | Episodes:   188 | EpReward:   133.49 | FPS:     27 | Actor Loss: -0.0010 | Critic Loss: 0.0426 | HAN Grad: 0.0000 | HAN Δ: 0.000000 | HAN Metapaths: 0
2026-07-30 09:18:27,479 | INFO |   Phase | Rollout: 30.63s | PPO update: 7.28s
2026-07-30 09:18:27,479 | INFO |   Env | HO: 65.63% | Cont: 98.09% | Task: 95.94% | Resolved: 99.98% | Delay: 1.189s | Energy: 1591.60J | MEC fair: 0.954
2026-07-30 09:18:27,479 | INFO |   Reward | Success: 342.68 | Delay: -48.71 | Energy: -0.53 | TaskFail: -14.52 | Interrupt: -5.85 | HOFail: -1.24
2026-07-30 09:19:06,498 | INFO | Update   95 | Steps:  97,280 | Episodes:   190 | EpReward:   133.48 | FPS:     26 | Actor Loss: -0.0010 | Critic Loss: 0.0360 | HAN Grad: 0.0000 | HAN Δ: 0.000000 | HAN Metapaths: 0
2026-07-30 09:19:06,498 | INFO |   Phase | Rollout: 30.67s | PPO update: 8.34s
2026-07-30 09:19:06,498 | INFO |   Env | HO: 78.35% | Cont: 98.53% | Task: 94.09% | Resolved: 99.96% | Delay: 1.327s | Energy: 1765.38J | MEC fair: 0.952
2026-07-30 09:19:06,498 | INFO |   Reward | Success: 339.96 | Delay: -49.39 | Energy: -0.53 | TaskFail: -21.36 | Interrupt: -4.51 | HOFail: -0.57
2026-07-30 09:19:46,009 | INFO | Update   96 | Steps:  98,304 | Episodes:   192 | EpReward:   133.46 | FPS:     26 | Actor Loss: -0.0006 | Critic Loss: 0.0342 | HAN Grad: 0.0000 | HAN Δ: 0.000000 | HAN Metapaths: 0
2026-07-30 09:19:46,009 | INFO |   Phase | Rollout: 30.89s | PPO update: 8.62s
2026-07-30 09:19:46,010 | INFO |   Env | HO: 65.05% | Cont: 98.56% | Task: 94.88% | Resolved: 100.00% | Delay: 1.284s | Energy: 1682.80J | MEC fair: 0.951
2026-07-30 09:19:46,010 | INFO |   Reward | Success: 336.36 | Delay: -49.07 | Energy: -0.53 | TaskFail: -18.16 | Interrupt: -4.41 | HOFail: -0.92
2026-07-30 09:20:22,164 | INFO | Update   97 | Steps:  99,328 | Episodes:   194 | EpReward:   133.38 | FPS:     28 | Actor Loss: -0.0017 | Critic Loss: 0.0414 | HAN Grad: 0.0000 | HAN Δ: 0.000000 | HAN Metapaths: 0
2026-07-30 09:20:22,165 | INFO |   Phase | Rollout: 29.58s | PPO update: 6.58s
2026-07-30 09:20:22,165 | INFO |   Env | HO: 62.27% | Cont: 98.66% | Task: 94.33% | Resolved: 99.98% | Delay: 1.317s | Energy: 1709.52J | MEC fair: 0.952
2026-07-30 09:20:22,165 | INFO |   Reward | Success: 335.24 | Delay: -48.86 | Energy: -0.52 | TaskFail: -20.16 | Interrupt: -4.10 | HOFail: -0.98
2026-07-30 09:21:01,956 | INFO | Update   98 | Steps: 100,352 | Episodes:   196 | EpReward:   133.33 | FPS:     26 | Actor Loss: -0.0011 | Critic Loss: 0.0408 | HAN Grad: 0.0000 | HAN Δ: 0.000000 | HAN Metapaths: 0
2026-07-30 09:21:01,956 | INFO |   Phase | Rollout: 31.08s | PPO update: 8.71s
2026-07-30 09:21:01,956 | INFO |   Env | HO: 69.75% | Cont: 98.00% | Task: 95.45% | Resolved: 99.99% | Delay: 1.226s | Energy: 1631.88J | MEC fair: 0.952
2026-07-30 09:21:01,956 | INFO |   Reward | Success: 341.72 | Delay: -49.13 | Energy: -0.54 | TaskFail: -16.28 | Interrupt: -6.14 | HOFail: -1.18
2026-07-30 09:21:01,956 | INFO | ----------------------------------------
2026-07-30 09:21:01,956 | INFO | 开始评估...
2026-07-30 09:23:27,358 | INFO | 评估结果: 奖励 = 138.05 ± 2.75, 长度 = 512, 时延 = 1.159s, 能耗 = 8407.15J, MEC公平性 = 0.953
2026-07-30 09:23:27,359 | INFO | 新的最佳模型 (reward): score = 138.0464, delay = 1.159s, completion = 95.60%, continuity = 98.63%, mec_fairness = 0.953
2026-07-30 09:23:27,379 | INFO | 模型已保存: /home/pjpjq/LEO_switch/results/baseline_compare/multiuser_scaling_multiuser_single_seed_v5_20260728/u25/learned_baselines/attn_mappo/best_model.pt
2026-07-30 09:23:27,380 | INFO | 新的最佳奖励: 138.05
2026-07-30 09:23:27,380 | INFO | ----------------------------------------
2026-07-30 09:23:27,403 | INFO | 模型已保存: /home/pjpjq/LEO_switch/results/baseline_compare/multiuser_scaling_multiuser_single_seed_v5_20260728/u25/learned_baselines/attn_mappo/checkpoint_100352.pt
2026-07-30 09:24:07,037 | INFO | Update   99 | Steps: 101,376 | Episodes:   198 | EpReward:   133.42 | FPS:     26 | Actor Loss: -0.0016 | Critic Loss: 0.0387 | HAN Grad: 0.0000 | HAN Δ: 0.000000 | HAN Metapaths: 0
2026-07-30 09:24:07,037 | INFO |   Phase | Rollout: 30.79s | PPO update: 8.84s
2026-07-30 09:24:07,037 | INFO |   Env | HO: 65.77% | Cont: 97.93% | Task: 96.08% | Resolved: 99.98% | Delay: 1.164s | Energy: 1567.60J | MEC fair: 0.952
2026-07-30 09:24:07,037 | INFO |   Reward | Success: 342.04 | Delay: -47.64 | Energy: -0.53 | TaskFail: -13.96 | Interrupt: -6.36 | HOFail: -1.52
2026-07-30 09:24:45,757 | INFO | Update  100 | Steps: 102,400 | Episodes:   200 | EpReward:   133.38 | FPS:     26 | Actor Loss: -0.0017 | Critic Loss: 0.0390 | HAN Grad: 0.0000 | HAN Δ: 0.000000 | HAN Metapaths: 0
2026-07-30 09:24:45,758 | INFO |   Phase | Rollout: 30.68s | PPO update: 8.04s
2026-07-30 09:24:45,758 | INFO |   Env | HO: 60.81% | Cont: 98.17% | Task: 94.73% | Resolved: 99.99% | Delay: 1.248s | Energy: 1648.96J | MEC fair: 0.954
2026-07-30 09:24:45,758 | INFO |   Reward | Success: 339.40 | Delay: -47.72 | Energy: -0.53 | TaskFail: -18.88 | Interrupt: -5.63 | HOFail: -1.09
2026-07-30 09:25:23,743 | INFO | Update  101 | Steps: 103,424 | Episodes:   202 | EpReward:   133.32 | FPS:     27 | Actor Loss: -0.0005 | Critic Loss: 0.0319 | HAN Grad: 0.0000 | HAN Δ: 0.000000 | HAN Metapaths: 0
2026-07-30 09:25:23,743 | INFO |   Phase | Rollout: 29.30s | PPO update: 8.68s
2026-07-30 09:25:23,743 | INFO |   Env | HO: 61.31% | Cont: 98.45% | Task: 94.68% | Resolved: 99.99% | Delay: 1.268s | Energy: 1673.10J | MEC fair: 0.953
2026-07-30 09:25:23,743 | INFO |   Reward | Success: 341.08 | Delay: -48.75 | Energy: -0.53 | TaskFail: -19.16 | Interrupt: -4.76 | HOFail: -1.04
2026-07-30 09:26:04,705 | INFO | Update  102 | Steps: 104,448 | Episodes:   204 | EpReward:   133.42 | FPS:     25 | Actor Loss: -0.0012 | Critic Loss: 0.0402 | HAN Grad: 0.0000 | HAN Δ: 0.000000 | HAN Metapaths: 0
2026-07-30 09:26:04,705 | INFO |   Phase | Rollout: 30.78s | PPO update: 10.18s
2026-07-30 09:26:04,705 | INFO |   Env | HO: 55.20% | Cont: 98.41% | Task: 95.51% | Resolved: 99.97% | Delay: 1.225s | Energy: 1616.75J | MEC fair: 0.952
2026-07-30 09:26:04,705 | INFO |   Reward | Success: 341.40 | Delay: -48.98 | Energy: -0.52 | TaskFail: -16.04 | Interrupt: -4.87 | HOFail: -1.34
2026-07-30 09:26:45,896 | INFO | Update  103 | Steps: 105,472 | Episodes:   206 | EpReward:   133.39 | FPS:     25 | Actor Loss: -0.0021 | Critic Loss: 0.0473 | HAN Grad: 0.0000 | HAN Δ: 0.000000 | HAN Metapaths: 0
2026-07-30 09:26:45,896 | INFO |   Phase | Rollout: 31.32s | PPO update: 9.87s
2026-07-30 09:26:45,896 | INFO |   Env | HO: 51.95% | Cont: 98.57% | Task: 94.48% | Resolved: 99.97% | Delay: 1.317s | Energy: 1716.80J | MEC fair: 0.952
2026-07-30 09:26:45,896 | INFO |   Reward | Success: 339.08 | Delay: -49.57 | Energy: -0.53 | TaskFail: -19.80 | Interrupt: -4.40 | HOFail: -1.18
2026-07-30 09:27:25,483 | INFO | Update  104 | Steps: 106,496 | Episodes:   208 | EpReward:   133.31 | FPS:     26 | Actor Loss: -0.0020 | Critic Loss: 0.0428 | HAN Grad: 0.0000 | HAN Δ: 0.000000 | HAN Metapaths: 0
2026-07-30 09:27:25,484 | INFO |   Phase | Rollout: 29.42s | PPO update: 10.17s
2026-07-30 09:27:25,484 | INFO |   Env | HO: 63.87% | Cont: 98.66% | Task: 94.73% | Resolved: 99.99% | Delay: 1.292s | Energy: 1685.73J | MEC fair: 0.951
2026-07-30 09:27:25,484 | INFO |   Reward | Success: 335.48 | Delay: -48.97 | Energy: -0.52 | TaskFail: -18.68 | Interrupt: -4.12 | HOFail: -0.79
2026-07-30 09:28:07,135 | INFO | Update  105 | Steps: 107,520 | Episodes:   210 | EpReward:   133.32 | FPS:     25 | Actor Loss: -0.0012 | Critic Loss: 0.0325 | HAN Grad: 0.0000 | HAN Δ: 0.000000 | HAN Metapaths: 0
2026-07-30 09:28:07,136 | INFO |   Phase | Rollout: 31.58s | PPO update: 10.07s
2026-07-30 09:28:07,136 | INFO |   Env | HO: 53.98% | Cont: 98.79% | Task: 95.30% | Resolved: 99.95% | Delay: 1.233s | Energy: 1620.98J | MEC fair: 0.951
2026-07-30 09:28:07,136 | INFO |   Reward | Success: 337.60 | Delay: -47.86 | Energy: -0.51 | TaskFail: -16.64 | Interrupt: -3.73 | HOFail: -1.06
2026-07-30 09:28:48,162 | INFO | Update  106 | Steps: 108,544 | Episodes:   212 | EpReward:   133.23 | FPS:     25 | Actor Loss: -0.0012 | Critic Loss: 0.0399 | HAN Grad: 0.0000 | HAN Δ: 0.000000 | HAN Metapaths: 0
2026-07-30 09:28:48,163 | INFO |   Phase | Rollout: 30.87s | PPO update: 10.16s
2026-07-30 09:28:48,163 | INFO |   Env | HO: 50.13% | Cont: 98.84% | Task: 94.53% | Resolved: 99.98% | Delay: 1.319s | Energy: 1742.05J | MEC fair: 0.951
2026-07-30 09:28:48,163 | INFO |   Reward | Success: 338.32 | Delay: -49.77 | Energy: -0.53 | TaskFail: -19.56 | Interrupt: -3.57 | HOFail: -1.50
2026-07-30 09:29:31,343 | INFO | Update  107 | Steps: 109,568 | Episodes:   214 | EpReward:   133.22 | FPS:     24 | Actor Loss: -0.0018 | Critic Loss: 0.0509 | HAN Grad: 0.0000 | HAN Δ: 0.000000 | HAN Metapaths: 0
2026-07-30 09:29:31,343 | INFO |   Phase | Rollout: 32.99s | PPO update: 10.18s
2026-07-30 09:29:31,343 | INFO |   Env | HO: 50.59% | Cont: 98.40% | Task: 95.19% | Resolved: 99.99% | Delay: 1.229s | Energy: 1654.08J | MEC fair: 0.952
2026-07-30 09:29:31,343 | INFO |   Reward | Success: 346.08 | Delay: -48.42 | Energy: -0.53 | TaskFail: -17.48 | Interrupt: -4.91 | HOFail: -1.69
2026-07-30 09:30:09,720 | INFO | Update  108 | Steps: 110,592 | Episodes:   216 | EpReward:   133.11 | FPS:     27 | Actor Loss: -0.0017 | Critic Loss: 0.0407 | HAN Grad: 0.0000 | HAN Δ: 0.000000 | HAN Metapaths: 0
2026-07-30 09:30:09,721 | INFO |   Phase | Rollout: 29.99s | PPO update: 8.39s
2026-07-30 09:30:09,721 | INFO |   Env | HO: 64.49% | Cont: 98.43% | Task: 93.55% | Resolved: 99.97% | Delay: 1.381s | Energy: 1820.47J | MEC fair: 0.952
2026-07-30 09:30:09,721 | INFO |   Reward | Success: 337.16 | Delay: -49.71 | Energy: -0.53 | TaskFail: -23.24 | Interrupt: -4.83 | HOFail: -1.52
2026-07-30 09:30:48,392 | INFO | Update  109 | Steps: 111,616 | Episodes:   218 | EpReward:   133.09 | FPS:     26 | Actor Loss: -0.0014 | Critic Loss: 0.0349 | HAN Grad: 0.0000 | HAN Δ: 0.000000 | HAN Metapaths: 0
2026-07-30 09:30:48,392 | INFO |   Phase | Rollout: 30.44s | PPO update: 8.23s
2026-07-30 09:30:48,392 | INFO |   Env | HO: 51.23% | Cont: 98.10% | Task: 95.13% | Resolved: 100.00% | Delay: 1.233s | Energy: 1651.90J | MEC fair: 0.953
2026-07-30 09:30:48,393 | INFO |   Reward | Success: 339.64 | Delay: -48.08 | Energy: -0.53 | TaskFail: -17.40 | Interrupt: -5.83 | HOFail: -2.06
2026-07-30 09:31:28,125 | INFO | Update  110 | Steps: 112,640 | Episodes:   220 | EpReward:   132.85 | FPS:     26 | Actor Loss: -0.0011 | Critic Loss: 0.0361 | HAN Grad: 0.0000 | HAN Δ: 0.000000 | HAN Metapaths: 0
2026-07-30 09:31:28,126 | INFO |   Phase | Rollout: 29.93s | PPO update: 9.80s
2026-07-30 09:31:28,126 | INFO |   Env | HO: 45.54% | Cont: 98.76% | Task: 94.55% | Resolved: 99.97% | Delay: 1.330s | Energy: 1732.08J | MEC fair: 0.952
2026-07-30 09:31:28,126 | INFO |   Reward | Success: 332.56 | Delay: -49.58 | Energy: -0.53 | TaskFail: -19.16 | Interrupt: -3.82 | HOFail: -1.86
2026-07-30 09:32:08,760 | INFO | Update  111 | Steps: 113,664 | Episodes:   222 | EpReward:   132.72 | FPS:     25 | Actor Loss: -0.0023 | Critic Loss: 0.0392 | HAN Grad: 0.0000 | HAN Δ: 0.000000 | HAN Metapaths: 0
2026-07-30 09:32:08,760 | INFO |   Phase | Rollout: 30.37s | PPO update: 10.26s
2026-07-30 09:32:08,760 | INFO |   Env | HO: 55.12% | Cont: 98.45% | Task: 94.91% | Resolved: 99.99% | Delay: 1.277s | Energy: 1693.91J | MEC fair: 0.951
2026-07-30 09:32:08,761 | INFO |   Reward | Success: 337.44 | Delay: -48.88 | Energy: -0.53 | TaskFail: -18.08 | Interrupt: -4.77 | HOFail: -1.37
2026-07-30 09:32:49,501 | INFO | Update  112 | Steps: 114,688 | Episodes:   224 | EpReward:   132.65 | FPS:     25 | Actor Loss: -0.0014 | Critic Loss: 0.0393 | HAN Grad: 0.0000 | HAN Δ: 0.000000 | HAN Metapaths: 0
2026-07-30 09:32:49,501 | INFO |   Phase | Rollout: 31.64s | PPO update: 9.10s
2026-07-30 09:32:49,501 | INFO |   Env | HO: 69.37% | Cont: 98.05% | Task: 95.10% | Resolved: 99.99% | Delay: 1.236s | Energy: 1637.84J | MEC fair: 0.952
2026-07-30 09:32:49,501 | INFO |   Reward | Success: 336.48 | Delay: -47.55 | Energy: -0.53 | TaskFail: -17.32 | Interrupt: -5.98 | HOFail: -1.36
2026-07-30 09:33:29,322 | INFO | Update  113 | Steps: 115,712 | Episodes:   226 | EpReward:   132.64 | FPS:     26 | Actor Loss: -0.0011 | Critic Loss: 0.0325 | HAN Grad: 0.0000 | HAN Δ: 0.000000 | HAN Metapaths: 0
2026-07-30 09:33:29,322 | INFO |   Phase | Rollout: 31.70s | PPO update: 8.12s
2026-07-30 09:33:29,322 | INFO |   Env | HO: 62.03% | Cont: 98.37% | Task: 94.81% | Resolved: 99.99% | Delay: 1.299s | Energy: 1745.10J | MEC fair: 0.953
2026-07-30 09:33:29,322 | INFO |   Reward | Success: 340.80 | Delay: -49.68 | Energy: -0.54 | TaskFail: -18.64 | Interrupt: -4.99 | HOFail: -1.46
2026-07-30 09:34:09,435 | INFO | Update  114 | Steps: 116,736 | Episodes:   228 | EpReward:   132.60 | FPS:     26 | Actor Loss: -0.0007 | Critic Loss: 0.0257 | HAN Grad: 0.0000 | HAN Δ: 0.000000 | HAN Metapaths: 0
2026-07-30 09:34:09,436 | INFO |   Phase | Rollout: 30.92s | PPO update: 9.19s
2026-07-30 09:34:09,436 | INFO |   Env | HO: 70.90% | Cont: 97.98% | Task: 95.17% | Resolved: 99.99% | Delay: 1.251s | Energy: 1707.57J | MEC fair: 0.952
2026-07-30 09:34:09,436 | INFO |   Reward | Success: 345.12 | Delay: -49.59 | Energy: -0.55 | TaskFail: -17.52 | Interrupt: -6.21 | HOFail: -1.32
2026-07-30 09:34:49,659 | INFO | Update  115 | Steps: 117,760 | Episodes:   230 | EpReward:   132.59 | FPS:     25 | Actor Loss: 0.0006 | Critic Loss: 0.0340 | HAN Grad: 0.0000 | HAN Δ: 0.000000 | HAN Metapaths: 0
2026-07-30 09:34:49,659 | INFO |   Phase | Rollout: 31.78s | PPO update: 8.44s
2026-07-30 09:34:49,659 | INFO |   Env | HO: 70.33% | Cont: 98.21% | Task: 94.52% | Resolved: 99.99% | Delay: 1.295s | Energy: 1709.55J | MEC fair: 0.954
2026-07-30 09:34:49,660 | INFO |   Reward | Success: 336.08 | Delay: -48.55 | Energy: -0.54 | TaskFail: -19.48 | Interrupt: -5.49 | HOFail: -1.02
2026-07-30 09:35:30,480 | INFO | Update  116 | Steps: 118,784 | Episodes:   232 | EpReward:   132.73 | FPS:     25 | Actor Loss: -0.0016 | Critic Loss: 0.0343 | HAN Grad: 0.0000 | HAN Δ: 0.000000 | HAN Metapaths: 0
2026-07-30 09:35:30,480 | INFO |   Phase | Rollout: 31.58s | PPO update: 9.24s
2026-07-30 09:35:30,480 | INFO |   Env | HO: 77.84% | Cont: 97.95% | Task: 95.72% | Resolved: 100.00% | Delay: 1.182s | Energy: 1594.59J | MEC fair: 0.955
2026-07-30 09:35:30,480 | INFO |   Reward | Success: 341.08 | Delay: -47.46 | Energy: -0.54 | TaskFail: -15.24 | Interrupt: -6.30 | HOFail: -0.66
2026-07-30 09:36:11,686 | INFO | Update  117 | Steps: 119,808 | Episodes:   234 | EpReward:   132.78 | FPS:     25 | Actor Loss: -0.0010 | Critic Loss: 0.0432 | HAN Grad: 0.0000 | HAN Δ: 0.000000 | HAN Metapaths: 0
2026-07-30 09:36:11,686 | INFO |   Phase | Rollout: 31.22s | PPO update: 9.98s
2026-07-30 09:36:11,686 | INFO |   Env | HO: 81.91% | Cont: 98.27% | Task: 93.81% | Resolved: 99.97% | Delay: 1.366s | Energy: 1820.15J | MEC fair: 0.951
2026-07-30 09:36:11,686 | INFO |   Reward | Success: 338.28 | Delay: -50.50 | Energy: -0.55 | TaskFail: -22.32 | Interrupt: -5.31 | HOFail: -0.54
2026-07-30 09:36:51,638 | INFO | Update  118 | Steps: 120,832 | Episodes:   236 | EpReward:   132.69 | FPS:     26 | Actor Loss: -0.0006 | Critic Loss: 0.0502 | HAN Grad: 0.0000 | HAN Δ: 0.000000 | HAN Metapaths: 0
2026-07-30 09:36:51,638 | INFO |   Phase | Rollout: 29.75s | PPO update: 10.20s
2026-07-30 09:36:51,638 | INFO |   Env | HO: 80.89% | Cont: 98.17% | Task: 93.84% | Resolved: 99.97% | Delay: 1.350s | Energy: 1787.21J | MEC fair: 0.952
2026-07-30 09:36:51,638 | INFO |   Reward | Success: 338.20 | Delay: -49.49 | Energy: -0.53 | TaskFail: -22.20 | Interrupt: -5.63 | HOFail: -0.76
2026-07-30 09:37:31,431 | INFO | Update  119 | Steps: 121,856 | Episodes:   238 | EpReward:   132.68 | FPS:     26 | Actor Loss: -0.0022 | Critic Loss: 0.0377 | HAN Grad: 0.0000 | HAN Δ: 0.000000 | HAN Metapaths: 0
2026-07-30 09:37:31,431 | INFO |   Phase | Rollout: 31.61s | PPO update: 8.18s
2026-07-30 09:37:31,431 | INFO |   Env | HO: 84.43% | Cont: 98.36% | Task: 94.86% | Resolved: 99.98% | Delay: 1.270s | Energy: 1695.71J | MEC fair: 0.952
2026-07-30 09:37:31,431 | INFO |   Reward | Success: 339.68 | Delay: -48.70 | Energy: -0.53 | TaskFail: -18.40 | Interrupt: -5.04 | HOFail: -0.46
2026-07-30 09:38:11,355 | INFO | Update  120 | Steps: 122,880 | Episodes:   240 | EpReward:   132.66 | FPS:     26 | Actor Loss: -0.0003 | Critic Loss: 0.0328 | HAN Grad: 0.0000 | HAN Δ: 0.000000 | HAN Metapaths: 0
2026-07-30 09:38:11,356 | INFO |   Phase | Rollout: 31.76s | PPO update: 8.16s
2026-07-30 09:38:11,356 | INFO |   Env | HO: 59.96% | Cont: 98.35% | Task: 93.93% | Resolved: 99.97% | Delay: 1.357s | Energy: 1794.95J | MEC fair: 0.953
2026-07-30 09:38:11,356 | INFO |   Reward | Success: 338.56 | Delay: -49.48 | Energy: -0.54 | TaskFail: -21.88 | Interrupt: -5.08 | HOFail: -1.58
2026-07-30 09:38:50,851 | INFO | Update  121 | Steps: 123,904 | Episodes:   242 | EpReward:   132.61 | FPS:     26 | Actor Loss: -0.0011 | Critic Loss: 0.0321 | HAN Grad: 0.0000 | HAN Δ: 0.000000 | HAN Metapaths: 0
2026-07-30 09:38:50,851 | INFO |   Phase | Rollout: 31.37s | PPO update: 8.13s
2026-07-30 09:38:50,851 | INFO |   Env | HO: 70.13% | Cont: 97.97% | Task: 94.15% | Resolved: 99.98% | Delay: 1.336s | Energy: 1766.00J | MEC fair: 0.954
2026-07-30 09:38:50,851 | INFO |   Reward | Success: 338.72 | Delay: -49.64 | Energy: -0.54 | TaskFail: -21.04 | Interrupt: -6.23 | HOFail: -1.45
2026-07-30 09:39:30,102 | INFO | Update  122 | Steps: 124,928 | Episodes:   244 | EpReward:   132.47 | FPS:     26 | Actor Loss: -0.0022 | Critic Loss: 0.0386 | HAN Grad: 0.0000 | HAN Δ: 0.000000 | HAN Metapaths: 0
2026-07-30 09:39:30,102 | INFO |   Phase | Rollout: 30.62s | PPO update: 8.63s
2026-07-30 09:39:30,102 | INFO |   Env | HO: 59.35% | Cont: 98.24% | Task: 93.78% | Resolved: 99.99% | Delay: 1.365s | Energy: 1801.26J | MEC fair: 0.952
2026-07-30 09:39:30,102 | INFO |   Reward | Success: 337.08 | Delay: -50.30 | Energy: -0.54 | TaskFail: -22.36 | Interrupt: -5.41 | HOFail: -1.91
2026-07-30 09:40:09,842 | INFO | Update  123 | Steps: 125,952 | Episodes:   246 | EpReward:   132.40 | FPS:     26 | Actor Loss: -0.0009 | Critic Loss: 0.0586 | HAN Grad: 0.0000 | HAN Δ: 0.000000 | HAN Metapaths: 0
2026-07-30 09:40:09,848 | INFO |   Phase | Rollout: 29.85s | PPO update: 9.89s
2026-07-30 09:40:09,848 | INFO |   Env | HO: 58.87% | Cont: 98.10% | Task: 94.25% | Resolved: 100.00% | Delay: 1.325s | Energy: 1738.38J | MEC fair: 0.952
2026-07-30 09:40:09,848 | INFO |   Reward | Success: 337.40 | Delay: -49.79 | Energy: -0.53 | TaskFail: -20.60 | Interrupt: -5.83 | HOFail: -1.69
2026-07-30 09:40:09,848 | INFO | ----------------------------------------
2026-07-30 09:40:09,848 | INFO | 开始评估...
2026-07-30 09:42:36,534 | INFO | 评估结果: 奖励 = 136.51 ± 3.76, 长度 = 512, 时延 = 1.188s, 能耗 = 8504.83J, MEC公平性 = 0.953
2026-07-30 09:42:36,535 | INFO | ----------------------------------------
2026-07-30 09:43:18,227 | INFO | Update  124 | Steps: 126,976 | Episodes:   248 | EpReward:   132.41 | FPS:     25 | Actor Loss: -0.0010 | Critic Loss: 0.0405 | HAN Grad: 0.0000 | HAN Δ: 0.000000 | HAN Metapaths: 0
2026-07-30 09:43:18,228 | INFO |   Phase | Rollout: 32.70s | PPO update: 8.99s
2026-07-30 09:43:18,228 | INFO |   Env | HO: 66.60% | Cont: 97.97% | Task: 94.97% | Resolved: 100.00% | Delay: 1.265s | Energy: 1685.21J | MEC fair: 0.953
2026-07-30 09:43:18,228 | INFO |   Reward | Success: 340.68 | Delay: -48.88 | Energy: -0.54 | TaskFail: -18.04 | Interrupt: -6.22 | HOFail: -1.39
2026-07-30 09:43:58,630 | INFO | Update  125 | Steps: 128,000 | Episodes:   250 | EpReward:   132.34 | FPS:     25 | Actor Loss: -0.0004 | Critic Loss: 0.0433 | HAN Grad: 0.0000 | HAN Δ: 0.000000 | HAN Metapaths: 0
2026-07-30 09:43:58,631 | INFO |   Phase | Rollout: 30.69s | PPO update: 9.71s
2026-07-30 09:43:58,631 | INFO |   Env | HO: 62.75% | Cont: 98.72% | Task: 94.82% | Resolved: 99.95% | Delay: 1.304s | Energy: 1720.07J | MEC fair: 0.951
2026-07-30 09:43:58,631 | INFO |   Reward | Success: 336.88 | Delay: -48.92 | Energy: -0.53 | TaskFail: -18.40 | Interrupt: -3.94 | HOFail: -1.22
2026-07-30 09:44:36,748 | INFO | Update  126 | Steps: 129,024 | Episodes:   252 | EpReward:   132.28 | FPS:     27 | Actor Loss: -0.0021 | Critic Loss: 0.0432 | HAN Grad: 0.0000 | HAN Δ: 0.000000 | HAN Metapaths: 0
2026-07-30 09:44:36,749 | INFO |   Phase | Rollout: 29.99s | PPO update: 8.13s
2026-07-30 09:44:36,749 | INFO |   Env | HO: 65.78% | Cont: 98.11% | Task: 95.03% | Resolved: 99.99% | Delay: 1.250s | Energy: 1656.03J | MEC fair: 0.953
2026-07-30 09:44:36,749 | INFO |   Reward | Success: 338.64 | Delay: -48.23 | Energy: -0.53 | TaskFail: -17.72 | Interrupt: -5.80 | HOFail: -1.54
2026-07-30 09:45:14,388 | INFO | Update  127 | Steps: 130,048 | Episodes:   254 | EpReward:   132.24 | FPS:     27 | Actor Loss: -0.0016 | Critic Loss: 0.0417 | HAN Grad: 0.0000 | HAN Δ: 0.000000 | HAN Metapaths: 0
2026-07-30 09:45:14,389 | INFO |   Phase | Rollout: 28.89s | PPO update: 8.75s
2026-07-30 09:45:14,389 | INFO |   Env | HO: 64.49% | Cont: 98.67% | Task: 93.85% | Resolved: 99.93% | Delay: 1.343s | Energy: 1762.41J | MEC fair: 0.954
2026-07-30 09:45:14,389 | INFO |   Reward | Success: 337.12 | Delay: -50.01 | Energy: -0.53 | TaskFail: -22.08 | Interrupt: -4.08 | HOFail: -1.00
2026-07-30 09:45:52,852 | INFO | Update  128 | Steps: 131,072 | Episodes:   256 | EpReward:   132.17 | FPS:     27 | Actor Loss: -0.0022 | Critic Loss: 0.0367 | HAN Grad: 0.0000 | HAN Δ: 0.000000 | HAN Metapaths: 0
2026-07-30 09:45:52,852 | INFO |   Phase | Rollout: 30.32s | PPO update: 8.14s
2026-07-30 09:45:52,852 | INFO |   Env | HO: 78.44% | Cont: 98.01% | Task: 95.27% | Resolved: 99.99% | Delay: 1.215s | Energy: 1601.68J | MEC fair: 0.954
2026-07-30 09:45:52,852 | INFO |   Reward | Success: 339.92 | Delay: -48.15 | Energy: -0.53 | TaskFail: -16.88 | Interrupt: -6.11 | HOFail: -0.66
2026-07-30 09:46:33,050 | INFO | Update  129 | Steps: 132,096 | Episodes:   258 | EpReward:   132.13 | FPS:     25 | Actor Loss: -0.0011 | Critic Loss: 0.0315 | HAN Grad: 0.0000 | HAN Δ: 0.000000 | HAN Metapaths: 0
2026-07-30 09:46:33,050 | INFO |   Phase | Rollout: 31.33s | PPO update: 8.87s
2026-07-30 09:46:33,050 | INFO |   Env | HO: 79.63% | Cont: 98.25% | Task: 95.12% | Resolved: 99.98% | Delay: 1.282s | Energy: 1720.42J | MEC fair: 0.952
2026-07-30 09:46:33,050 | INFO |   Reward | Success: 344.52 | Delay: -50.63 | Energy: -0.55 | TaskFail: -17.68 | Interrupt: -5.37 | HOFail: -0.62
2026-07-30 09:47:12,376 | INFO | Update  130 | Steps: 133,120 | Episodes:   260 | EpReward:   132.13 | FPS:     26 | Actor Loss: -0.0017 | Critic Loss: 0.0498 | HAN Grad: 0.0000 | HAN Δ: 0.000000 | HAN Metapaths: 0
2026-07-30 09:47:12,376 | INFO |   Phase | Rollout: 30.18s | PPO update: 9.14s
2026-07-30 09:47:12,376 | INFO |   Env | HO: 73.47% | Cont: 98.27% | Task: 94.45% | Resolved: 99.99% | Delay: 1.314s | Energy: 1740.07J | MEC fair: 0.952
2026-07-30 09:47:12,376 | INFO |   Reward | Success: 339.92 | Delay: -49.69 | Energy: -0.54 | TaskFail: -19.96 | Interrupt: -5.33 | HOFail: -0.83
2026-07-30 09:47:51,416 | INFO | Update  131 | Steps: 134,144 | Episodes:   262 | EpReward:   132.03 | FPS:     26 | Actor Loss: -0.0007 | Critic Loss: 0.0358 | HAN Grad: 0.0000 | HAN Δ: 0.000000 | HAN Metapaths: 0
2026-07-30 09:47:51,416 | INFO |   Phase | Rollout: 29.77s | PPO update: 9.27s
2026-07-30 09:47:51,417 | INFO |   Env | HO: 74.48% | Cont: 98.41% | Task: 93.77% | Resolved: 99.96% | Delay: 1.348s | Energy: 1746.11J | MEC fair: 0.952
2026-07-30 09:47:51,417 | INFO |   Reward | Success: 335.80 | Delay: -49.52 | Energy: -0.52 | TaskFail: -22.32 | Interrupt: -4.88 | HOFail: -0.78
2026-07-30 09:48:29,050 | INFO | Update  132 | Steps: 135,168 | Episodes:   264 | EpReward:   132.02 | FPS:     27 | Actor Loss: -0.0020 | Critic Loss: 0.0467 | HAN Grad: 0.0000 | HAN Δ: 0.000000 | HAN Metapaths: 0
2026-07-30 09:48:29,050 | INFO |   Phase | Rollout: 29.48s | PPO update: 8.15s
2026-07-30 09:48:29,050 | INFO |   Env | HO: 67.62% | Cont: 98.43% | Task: 94.35% | Resolved: 99.98% | Delay: 1.309s | Energy: 1705.54J | MEC fair: 0.953
2026-07-30 09:48:29,050 | INFO |   Reward | Success: 334.84 | Delay: -48.24 | Energy: -0.52 | TaskFail: -20.04 | Interrupt: -4.83 | HOFail: -0.82
2026-07-30 09:49:08,357 | INFO | Update  133 | Steps: 136,192 | Episodes:   266 | EpReward:   132.04 | FPS:     26 | Actor Loss: -0.0030 | Critic Loss: 0.0399 | HAN Grad: 0.0000 | HAN Δ: 0.000000 | HAN Metapaths: 0
2026-07-30 09:49:08,357 | INFO |   Phase | Rollout: 31.13s | PPO update: 8.17s
2026-07-30 09:49:08,358 | INFO |   Env | HO: 78.41% | Cont: 98.32% | Task: 95.00% | Resolved: 99.93% | Delay: 1.264s | Energy: 1661.05J | MEC fair: 0.954
2026-07-30 09:49:08,358 | INFO |   Reward | Success: 337.48 | Delay: -48.02 | Energy: -0.52 | TaskFail: -17.76 | Interrupt: -5.16 | HOFail: -0.67
2026-07-30 09:49:46,210 | INFO | Update  134 | Steps: 137,216 | Episodes:   268 | EpReward:   132.04 | FPS:     27 | Actor Loss: 0.0006 | Critic Loss: 0.0386 | HAN Grad: 0.0000 | HAN Δ: 0.000000 | HAN Metapaths: 0
2026-07-30 09:49:46,210 | INFO |   Phase | Rollout: 31.45s | PPO update: 6.40s
2026-07-30 09:49:46,210 | INFO |   Env | HO: 82.38% | Cont: 98.57% | Task: 95.05% | Resolved: 99.97% | Delay: 1.288s | Energy: 1671.84J | MEC fair: 0.952
2026-07-30 09:49:46,210 | INFO |   Reward | Success: 336.20 | Delay: -49.21 | Energy: -0.52 | TaskFail: -17.52 | Interrupt: -4.40 | HOFail: -0.57
2026-07-30 09:50:27,334 | INFO | Update  135 | Steps: 138,240 | Episodes:   270 | EpReward:   132.07 | FPS:     25 | Actor Loss: -0.0005 | Critic Loss: 0.0427 | HAN Grad: 0.0000 | HAN Δ: 0.000000 | HAN Metapaths: 0
2026-07-30 09:50:27,334 | INFO |   Phase | Rollout: 30.90s | PPO update: 10.22s
2026-07-30 09:50:27,334 | INFO |   Env | HO: 80.82% | Cont: 98.14% | Task: 94.40% | Resolved: 100.00% | Delay: 1.318s | Energy: 1717.31J | MEC fair: 0.954
2026-07-30 09:50:27,334 | INFO |   Reward | Success: 338.00 | Delay: -49.66 | Energy: -0.53 | TaskFail: -20.04 | Interrupt: -5.71 | HOFail: -0.67
2026-07-30 09:51:07,165 | INFO | Update  136 | Steps: 139,264 | Episodes:   272 | EpReward:   132.03 | FPS:     26 | Actor Loss: -0.0016 | Critic Loss: 0.0389 | HAN Grad: 0.0000 | HAN Δ: 0.000000 | HAN Metapaths: 0
2026-07-30 09:51:07,165 | INFO |   Phase | Rollout: 31.71s | PPO update: 8.12s
2026-07-30 09:51:07,165 | INFO |   Env | HO: 84.06% | Cont: 97.82% | Task: 94.47% | Resolved: 99.99% | Delay: 1.283s | Energy: 1703.60J | MEC fair: 0.953
2026-07-30 09:51:07,165 | INFO |   Reward | Success: 341.56 | Delay: -49.12 | Energy: -0.53 | TaskFail: -20.00 | Interrupt: -6.68 | HOFail: -0.73
2026-07-30 09:51:49,612 | INFO | Update  137 | Steps: 140,288 | Episodes:   274 | EpReward:   132.01 | FPS:     24 | Actor Loss: -0.0014 | Critic Loss: 0.0271 | HAN Grad: 0.0000 | HAN Δ: 0.000000 | HAN Metapaths: 0
2026-07-30 09:51:49,612 | INFO |   Phase | Rollout: 32.23s | PPO update: 10.21s
2026-07-30 09:51:49,612 | INFO |   Env | HO: 86.39% | Cont: 98.01% | Task: 95.05% | Resolved: 99.99% | Delay: 1.254s | Energy: 1640.82J | MEC fair: 0.952
2026-07-30 09:51:49,612 | INFO |   Reward | Success: 337.72 | Delay: -47.67 | Energy: -0.52 | TaskFail: -17.60 | Interrupt: -6.11 | HOFail: -0.50
2026-07-30 09:52:24,646 | INFO | Update  138 | Steps: 141,312 | Episodes:   276 | EpReward:   131.95 | FPS:     29 | Actor Loss: 0.0004 | Critic Loss: 0.0482 | HAN Grad: 0.0000 | HAN Δ: 0.000000 | HAN Metapaths: 0
2026-07-30 09:52:24,646 | INFO |   Phase | Rollout: 30.35s | PPO update: 4.69s
2026-07-30 09:52:24,646 | INFO |   Env | HO: 82.54% | Cont: 98.23% | Task: 94.28% | Resolved: 100.00% | Delay: 1.347s | Energy: 1755.90J | MEC fair: 0.953
2026-07-30 09:52:24,646 | INFO |   Reward | Success: 339.00 | Delay: -50.20 | Energy: -0.53 | TaskFail: -20.56 | Interrupt: -5.43 | HOFail: -0.56
2026-07-30 09:52:58,036 | INFO | Update  139 | Steps: 142,336 | Episodes:   278 | EpReward:   131.81 | FPS:     31 | Actor Loss: 0.0006 | Critic Loss: 0.0467 | HAN Grad: 0.0000 | HAN Δ: 0.000000 | HAN Metapaths: 0
2026-07-30 09:52:58,036 | INFO |   Phase | Rollout: 27.98s | PPO update: 5.41s
2026-07-30 09:52:58,036 | INFO |   Env | HO: 84.60% | Cont: 98.45% | Task: 93.59% | Resolved: 99.98% | Delay: 1.377s | Energy: 1765.76J | MEC fair: 0.953
2026-07-30 09:52:58,036 | INFO |   Reward | Success: 331.52 | Delay: -49.50 | Energy: -0.52 | TaskFail: -22.72 | Interrupt: -4.77 | HOFail: -0.47
2026-07-30 09:53:35,849 | INFO | Update  140 | Steps: 143,360 | Episodes:   280 | EpReward:   131.82 | FPS:     27 | Actor Loss: -0.0016 | Critic Loss: 0.0499 | HAN Grad: 0.0000 | HAN Δ: 0.000000 | HAN Metapaths: 0
2026-07-30 09:53:35,850 | INFO |   Phase | Rollout: 31.22s | PPO update: 6.59s
2026-07-30 09:53:35,850 | INFO |   Env | HO: 86.42% | Cont: 98.44% | Task: 93.99% | Resolved: 100.00% | Delay: 1.342s | Energy: 1756.89J | MEC fair: 0.953
2026-07-30 09:53:35,850 | INFO |   Reward | Success: 337.12 | Delay: -49.63 | Energy: -0.53 | TaskFail: -21.56 | Interrupt: -4.78 | HOFail: -0.29
2026-07-30 09:54:15,941 | INFO | Update  141 | Steps: 144,384 | Episodes:   282 | EpReward:   131.86 | FPS:     26 | Actor Loss: -0.0018 | Critic Loss: 0.0401 | HAN Grad: 0.0000 | HAN Δ: 0.000000 | HAN Metapaths: 0
2026-07-30 09:54:15,941 | INFO |   Phase | Rollout: 31.34s | PPO update: 8.75s
2026-07-30 09:54:15,941 | INFO |   Env | HO: 82.42% | Cont: 98.25% | Task: 94.48% | Resolved: 99.98% | Delay: 1.306s | Energy: 1712.63J | MEC fair: 0.952
2026-07-30 09:54:15,941 | INFO |   Reward | Success: 339.96 | Delay: -49.52 | Energy: -0.53 | TaskFail: -19.88 | Interrupt: -5.36 | HOFail: -0.51
2026-07-30 09:54:51,574 | INFO | Update  142 | Steps: 145,408 | Episodes:   284 | EpReward:   131.88 | FPS:     29 | Actor Loss: -0.0018 | Critic Loss: 0.0436 | HAN Grad: 0.0000 | HAN Δ: 0.000000 | HAN Metapaths: 0
2026-07-30 09:54:51,574 | INFO |   Phase | Rollout: 29.07s | PPO update: 6.56s
2026-07-30 09:54:51,574 | INFO |   Env | HO: 72.59% | Cont: 98.51% | Task: 94.54% | Resolved: 100.00% | Delay: 1.283s | Energy: 1669.11J | MEC fair: 0.953
2026-07-30 09:54:51,574 | INFO |   Reward | Success: 337.92 | Delay: -48.93 | Energy: -0.52 | TaskFail: -19.52 | Interrupt: -4.58 | HOFail: -0.75
2026-07-30 09:55:32,917 | INFO | Update  143 | Steps: 146,432 | Episodes:   286 | EpReward:   131.90 | FPS:     25 | Actor Loss: -0.0014 | Critic Loss: 0.0461 | HAN Grad: 0.0000 | HAN Δ: 0.000000 | HAN Metapaths: 0
2026-07-30 09:55:32,917 | INFO |   Phase | Rollout: 32.68s | PPO update: 8.66s
2026-07-30 09:55:32,917 | INFO |   Env | HO: 74.11% | Cont: 98.15% | Task: 94.84% | Resolved: 99.99% | Delay: 1.297s | Energy: 1713.12J | MEC fair: 0.952
2026-07-30 09:55:32,917 | INFO |   Reward | Success: 340.00 | Delay: -49.26 | Energy: -0.53 | TaskFail: -18.48 | Interrupt: -5.68 | HOFail: -0.98
2026-07-30 09:56:12,969 | INFO | Update  144 | Steps: 147,456 | Episodes:   288 | EpReward:   131.90 | FPS:     26 | Actor Loss: -0.0014 | Critic Loss: 0.0378 | HAN Grad: 0.0000 | HAN Δ: 0.000000 | HAN Metapaths: 0
2026-07-30 09:56:12,969 | INFO |   Phase | Rollout: 31.32s | PPO update: 8.73s
2026-07-30 09:56:12,969 | INFO |   Env | HO: 75.63% | Cont: 98.16% | Task: 95.58% | Resolved: 100.00% | Delay: 1.193s | Energy: 1574.31J | MEC fair: 0.954
2026-07-30 09:56:12,969 | INFO |   Reward | Success: 341.40 | Delay: -47.19 | Energy: -0.52 | TaskFail: -15.80 | Interrupt: -5.64 | HOFail: -0.62
2026-07-30 09:56:50,783 | INFO | Update  145 | Steps: 148,480 | Episodes:   290 | EpReward:   131.92 | FPS:     27 | Actor Loss: -0.0008 | Critic Loss: 0.0355 | HAN Grad: 0.0000 | HAN Δ: 0.000000 | HAN Metapaths: 0
2026-07-30 09:56:50,784 | INFO |   Phase | Rollout: 31.18s | PPO update: 6.63s
2026-07-30 09:56:50,784 | INFO |   Env | HO: 65.06% | Cont: 98.26% | Task: 94.74% | Resolved: 99.99% | Delay: 1.271s | Energy: 1674.60J | MEC fair: 0.953
2026-07-30 09:56:50,784 | INFO |   Reward | Success: 338.80 | Delay: -47.82 | Energy: -0.53 | TaskFail: -18.80 | Interrupt: -5.34 | HOFail: -0.87
2026-07-30 09:57:29,677 | INFO | Update  146 | Steps: 149,504 | Episodes:   292 | EpReward:   131.88 | FPS:     26 | Actor Loss: -0.0012 | Critic Loss: 0.0330 | HAN Grad: 0.0000 | HAN Δ: 0.000000 | HAN Metapaths: 0
2026-07-30 09:57:29,677 | INFO |   Phase | Rollout: 30.21s | PPO update: 8.69s
2026-07-30 09:57:29,677 | INFO |   Env | HO: 55.11% | Cont: 98.75% | Task: 93.81% | Resolved: 99.99% | Delay: 1.350s | Energy: 1746.82J | MEC fair: 0.952
2026-07-30 09:57:29,677 | INFO |   Reward | Success: 336.80 | Delay: -49.34 | Energy: -0.51 | TaskFail: -22.24 | Interrupt: -3.85 | HOFail: -1.34
2026-07-30 09:58:06,539 | INFO | Update  147 | Steps: 150,528 | Episodes:   294 | EpReward:   131.94 | FPS:     28 | Actor Loss: -0.0014 | Critic Loss: 0.0401 | HAN Grad: 0.0000 | HAN Δ: 0.000000 | HAN Metapaths: 0
2026-07-30 09:58:06,539 | INFO |   Phase | Rollout: 30.27s | PPO update: 6.59s
2026-07-30 09:58:06,539 | INFO |   Env | HO: 64.45% | Cont: 98.39% | Task: 94.83% | Resolved: 99.94% | Delay: 1.253s | Energy: 1646.41J | MEC fair: 0.952
2026-07-30 09:58:06,539 | INFO |   Reward | Success: 339.52 | Delay: -47.63 | Energy: -0.51 | TaskFail: -18.52 | Interrupt: -4.96 | HOFail: -0.98
2026-07-30 09:58:06,539 | INFO | ----------------------------------------
2026-07-30 09:58:06,539 | INFO | 开始评估...
2026-07-30 10:00:31,484 | INFO | 评估结果: 奖励 = 135.21 ± 4.67, 长度 = 512, 时延 = 1.225s, 能耗 = 8561.42J, MEC公平性 = 0.953
2026-07-30 10:00:31,484 | INFO | ----------------------------------------
2026-07-30 10:00:31,524 | INFO | 模型已保存: /home/pjpjq/LEO_switch/results/baseline_compare/multiuser_scaling_multiuser_single_seed_v5_20260728/u25/learned_baselines/attn_mappo/checkpoint_150528.pt
2026-07-30 10:01:09,213 | INFO | Update  148 | Steps: 151,552 | Episodes:   296 | EpReward:   131.90 | FPS:     27 | Actor Loss: -0.0020 | Critic Loss: 0.0398 | HAN Grad: 0.0000 | HAN Δ: 0.000000 | HAN Metapaths: 0
2026-07-30 10:01:09,213 | INFO |   Phase | Rollout: 30.72s | PPO update: 6.96s
2026-07-30 10:01:09,213 | INFO |   Env | HO: 63.25% | Cont: 98.40% | Task: 94.66% | Resolved: 99.98% | Delay: 1.275s | Energy: 1662.79J | MEC fair: 0.953
2026-07-30 10:01:09,213 | INFO |   Reward | Success: 337.52 | Delay: -47.88 | Energy: -0.52 | TaskFail: -19.04 | Interrupt: -4.90 | HOFail: -1.18
2026-07-30 10:01:48,894 | INFO | Update  149 | Steps: 152,576 | Episodes:   298 | EpReward:   131.87 | FPS:     26 | Actor Loss: -0.0010 | Critic Loss: 0.0418 | HAN Grad: 0.0000 | HAN Δ: 0.000000 | HAN Metapaths: 0
2026-07-30 10:01:48,894 | INFO |   Phase | Rollout: 31.35s | PPO update: 8.33s
2026-07-30 10:01:48,894 | INFO |   Env | HO: 73.59% | Cont: 98.47% | Task: 94.85% | Resolved: 99.99% | Delay: 1.250s | Energy: 1665.80J | MEC fair: 0.953
2026-07-30 10:01:48,894 | INFO |   Reward | Success: 342.76 | Delay: -48.35 | Energy: -0.52 | TaskFail: -18.60 | Interrupt: -4.70 | HOFail: -0.71
2026-07-30 10:02:26,426 | INFO | Update  150 | Steps: 153,600 | Episodes:   300 | EpReward:   131.88 | FPS:     27 | Actor Loss: -0.0003 | Critic Loss: 0.0384 | HAN Grad: 0.0000 | HAN Δ: 0.000000 | HAN Metapaths: 0
2026-07-30 10:02:26,426 | INFO |   Phase | Rollout: 28.85s | PPO update: 8.68s
2026-07-30 10:02:26,427 | INFO |   Env | HO: 70.08% | Cont: 98.63% | Task: 94.19% | Resolved: 100.00% | Delay: 1.336s | Energy: 1776.52J | MEC fair: 0.953
2026-07-30 10:02:26,427 | INFO |   Reward | Success: 342.20 | Delay: -49.92 | Energy: -0.53 | TaskFail: -21.12 | Interrupt: -4.22 | HOFail: -0.61
2026-07-30 10:03:04,627 | INFO | Update  151 | Steps: 154,624 | Episodes:   302 | EpReward:   131.89 | FPS:     27 | Actor Loss: -0.0009 | Critic Loss: 0.0374 | HAN Grad: 0.0000 | HAN Δ: 0.000000 | HAN Metapaths: 0
2026-07-30 10:03:04,627 | INFO |   Phase | Rollout: 31.58s | PPO update: 6.62s
2026-07-30 10:03:04,627 | INFO |   Env | HO: 57.35% | Cont: 98.47% | Task: 95.40% | Resolved: 100.00% | Delay: 1.187s | Energy: 1549.22J | MEC fair: 0.953
2026-07-30 10:03:04,627 | INFO |   Reward | Success: 336.64 | Delay: -46.12 | Energy: -0.51 | TaskFail: -16.24 | Interrupt: -4.70 | HOFail: -0.95
2026-07-30 10:03:43,911 | INFO | Update  152 | Steps: 155,648 | Episodes:   304 | EpReward:   131.84 | FPS:     26 | Actor Loss: -0.0014 | Critic Loss: 0.0430 | HAN Grad: 0.0000 | HAN Δ: 0.000000 | HAN Metapaths: 0
2026-07-30 10:03:43,911 | INFO |   Phase | Rollout: 30.61s | PPO update: 8.67s
2026-07-30 10:03:43,911 | INFO |   Env | HO: 46.39% | Cont: 98.88% | Task: 94.39% | Resolved: 99.98% | Delay: 1.302s | Energy: 1696.96J | MEC fair: 0.953
2026-07-30 10:03:43,911 | INFO |   Reward | Success: 338.80 | Delay: -49.10 | Energy: -0.51 | TaskFail: -20.12 | Interrupt: -3.45 | HOFail: -1.37
2026-07-30 10:04:24,619 | INFO | Update  153 | Steps: 156,672 | Episodes:   306 | EpReward:   131.93 | FPS:     25 | Actor Loss: -0.0020 | Critic Loss: 0.0308 | HAN Grad: 0.0000 | HAN Δ: 0.000000 | HAN Metapaths: 0
2026-07-30 10:04:24,619 | INFO |   Phase | Rollout: 32.02s | PPO update: 8.69s
2026-07-30 10:04:24,619 | INFO |   Env | HO: 62.30% | Cont: 98.58% | Task: 95.11% | Resolved: 99.99% | Delay: 1.232s | Energy: 1628.97J | MEC fair: 0.952
2026-07-30 10:04:24,620 | INFO |   Reward | Success: 344.48 | Delay: -48.47 | Energy: -0.52 | TaskFail: -17.72 | Interrupt: -4.35 | HOFail: -0.76
2026-07-30 10:05:05,518 | INFO | Update  154 | Steps: 157,696 | Episodes:   308 | EpReward:   131.87 | FPS:     25 | Actor Loss: -0.0011 | Critic Loss: 0.0442 | HAN Grad: 0.0000 | HAN Δ: 0.000000 | HAN Metapaths: 0
2026-07-30 10:05:05,519 | INFO |   Phase | Rollout: 32.14s | PPO update: 8.76s
2026-07-30 10:05:05,519 | INFO |   Env | HO: 59.04% | Cont: 98.70% | Task: 93.76% | Resolved: 99.98% | Delay: 1.353s | Energy: 1738.38J | MEC fair: 0.952
2026-07-30 10:05:05,519 | INFO |   Reward | Success: 333.92 | Delay: -49.46 | Energy: -0.51 | TaskFail: -22.24 | Interrupt: -4.00 | HOFail: -0.82
2026-07-30 10:05:46,055 | INFO | Update  155 | Steps: 158,720 | Episodes:   310 | EpReward:   131.87 | FPS:     25 | Actor Loss: -0.0021 | Critic Loss: 0.0509 | HAN Grad: 0.0000 | HAN Δ: 0.000000 | HAN Metapaths: 0
2026-07-30 10:05:46,055 | INFO |   Phase | Rollout: 31.80s | PPO update: 8.73s
2026-07-30 10:05:46,055 | INFO |   Env | HO: 66.21% | Cont: 98.59% | Task: 95.04% | Resolved: 99.99% | Delay: 1.266s | Energy: 1667.03J | MEC fair: 0.953
2026-07-30 10:05:46,055 | INFO |   Reward | Success: 340.72 | Delay: -49.38 | Energy: -0.53 | TaskFail: -17.80 | Interrupt: -4.34 | HOFail: -0.59
2026-07-30 10:06:24,752 | INFO | Update  156 | Steps: 159,744 | Episodes:   312 | EpReward:   131.87 | FPS:     26 | Actor Loss: -0.0018 | Critic Loss: 0.0367 | HAN Grad: 0.0000 | HAN Δ: 0.000000 | HAN Metapaths: 0
2026-07-30 10:06:24,753 | INFO |   Phase | Rollout: 32.11s | PPO update: 6.59s
2026-07-30 10:06:24,753 | INFO |   Env | HO: 68.52% | Cont: 98.45% | Task: 94.72% | Resolved: 99.98% | Delay: 1.275s | Energy: 1640.92J | MEC fair: 0.953
2026-07-30 10:06:24,753 | INFO |   Reward | Success: 336.16 | Delay: -48.48 | Energy: -0.52 | TaskFail: -18.72 | Interrupt: -4.75 | HOFail: -0.49
2026-07-30 10:07:02,399 | INFO | Update  157 | Steps: 160,768 | Episodes:   314 | EpReward:   131.75 | FPS:     27 | Actor Loss: -0.0012 | Critic Loss: 0.0413 | HAN Grad: 0.0000 | HAN Δ: 0.000000 | HAN Metapaths: 0
2026-07-30 10:07:02,400 | INFO |   Phase | Rollout: 29.91s | PPO update: 7.73s
2026-07-30 10:07:02,400 | INFO |   Env | HO: 59.53% | Cont: 98.89% | Task: 94.41% | Resolved: 99.97% | Delay: 1.340s | Energy: 1719.86J | MEC fair: 0.952
2026-07-30 10:07:02,400 | INFO |   Reward | Success: 334.88 | Delay: -50.04 | Energy: -0.52 | TaskFail: -19.84 | Interrupt: -3.40 | HOFail: -0.70
2026-07-30 10:07:39,967 | INFO | Update  158 | Steps: 161,792 | Episodes:   316 | EpReward:   131.79 | FPS:     27 | Actor Loss: -0.0012 | Critic Loss: 0.0516 | HAN Grad: 0.0000 | HAN Δ: 0.000000 | HAN Metapaths: 0
2026-07-30 10:07:39,967 | INFO |   Phase | Rollout: 30.96s | PPO update: 6.61s
2026-07-30 10:07:39,967 | INFO |   Env | HO: 58.74% | Cont: 98.94% | Task: 94.35% | Resolved: 99.99% | Delay: 1.316s | Energy: 1692.79J | MEC fair: 0.953
2026-07-30 10:07:39,967 | INFO |   Reward | Success: 336.52 | Delay: -49.71 | Energy: -0.51 | TaskFail: -20.16 | Interrupt: -3.27 | HOFail: -0.74
2026-07-30 10:08:17,527 | INFO | Update  159 | Steps: 162,816 | Episodes:   318 | EpReward:   131.79 | FPS:     27 | Actor Loss: 0.0002 | Critic Loss: 0.0436 | HAN Grad: 0.0000 | HAN Δ: 0.000000 | HAN Metapaths: 0
2026-07-30 10:08:17,527 | INFO |   Phase | Rollout: 30.97s | PPO update: 6.59s
2026-07-30 10:08:17,527 | INFO |   Env | HO: 47.30% | Cont: 99.04% | Task: 93.89% | Resolved: 99.99% | Delay: 1.364s | Energy: 1798.11J | MEC fair: 0.953
2026-07-30 10:08:17,527 | INFO |   Reward | Success: 342.20 | Delay: -50.56 | Energy: -0.53 | TaskFail: -22.28 | Interrupt: -2.94 | HOFail: -1.02
2026-07-30 10:08:55,130 | INFO | Update  160 | Steps: 163,840 | Episodes:   320 | EpReward:   131.90 | FPS:     27 | Actor Loss: -0.0006 | Critic Loss: 0.0353 | HAN Grad: 0.0000 | HAN Δ: 0.000000 | HAN Metapaths: 0
2026-07-30 10:08:55,130 | INFO |   Phase | Rollout: 30.95s | PPO update: 6.65s
2026-07-30 10:08:55,130 | INFO |   Env | HO: 68.63% | Cont: 98.82% | Task: 94.38% | Resolved: 99.95% | Delay: 1.323s | Energy: 1749.20J | MEC fair: 0.952
2026-07-30 10:08:55,130 | INFO |   Reward | Success: 344.52 | Delay: -50.84 | Energy: -0.53 | TaskFail: -20.52 | Interrupt: -3.63 | HOFail: -0.38
2026-07-30 10:09:33,286 | INFO | Update  161 | Steps: 164,864 | Episodes:   322 | EpReward:   131.83 | FPS:     27 | Actor Loss: -0.0035 | Critic Loss: 0.0385 | HAN Grad: 0.0000 | HAN Δ: 0.000000 | HAN Metapaths: 0
2026-07-30 10:09:33,286 | INFO |   Phase | Rollout: 31.60s | PPO update: 6.56s
2026-07-30 10:09:33,286 | INFO |   Env | HO: 48.61% | Cont: 98.99% | Task: 93.53% | Resolved: 99.99% | Delay: 1.389s | Energy: 1799.90J | MEC fair: 0.952
2026-07-30 10:09:33,286 | INFO |   Reward | Success: 334.36 | Delay: -49.34 | Energy: -0.52 | TaskFail: -23.12 | Interrupt: -3.09 | HOFail: -1.03
2026-07-30 10:10:13,661 | INFO | Update  162 | Steps: 165,888 | Episodes:   324 | EpReward:   131.80 | FPS:     25 | Actor Loss: -0.0023 | Critic Loss: 0.0312 | HAN Grad: 0.0000 | HAN Δ: 0.000000 | HAN Metapaths: 0
2026-07-30 10:10:13,661 | INFO |   Phase | Rollout: 31.73s | PPO update: 8.65s
2026-07-30 10:10:13,661 | INFO |   Env | HO: 52.14% | Cont: 98.91% | Task: 93.82% | Resolved: 100.00% | Delay: 1.337s | Energy: 1730.76J | MEC fair: 0.953
2026-07-30 10:10:13,661 | INFO |   Reward | Success: 337.20 | Delay: -49.32 | Energy: -0.52 | TaskFail: -22.20 | Interrupt: -3.35 | HOFail: -0.90
2026-07-30 10:10:54,161 | INFO | Update  163 | Steps: 166,912 | Episodes:   326 | EpReward:   131.76 | FPS:     25 | Actor Loss: 0.0001 | Critic Loss: 0.0398 | HAN Grad: 0.0000 | HAN Δ: 0.000000 | HAN Metapaths: 0
2026-07-30 10:10:54,161 | INFO |   Phase | Rollout: 31.88s | PPO update: 8.62s
2026-07-30 10:10:54,161 | INFO |   Env | HO: 48.02% | Cont: 98.98% | Task: 94.05% | Resolved: 99.98% | Delay: 1.379s | Energy: 1788.11J | MEC fair: 0.952
2026-07-30 10:10:54,161 | INFO |   Reward | Success: 337.24 | Delay: -50.34 | Energy: -0.52 | TaskFail: -21.32 | Interrupt: -3.12 | HOFail: -0.84
2026-07-30 10:11:33,545 | INFO | Update  164 | Steps: 167,936 | Episodes:   328 | EpReward:   131.67 | FPS:     26 | Actor Loss: -0.0004 | Critic Loss: 0.0392 | HAN Grad: 0.0000 | HAN Δ: 0.000000 | HAN Metapaths: 0
2026-07-30 10:11:33,545 | INFO |   Phase | Rollout: 30.63s | PPO update: 8.75s
2026-07-30 10:11:33,545 | INFO |   Env | HO: 63.95% | Cont: 98.59% | Task: 94.51% | Resolved: 100.00% | Delay: 1.315s | Energy: 1697.09J | MEC fair: 0.954
2026-07-30 10:11:33,545 | INFO |   Reward | Success: 336.44 | Delay: -50.11 | Energy: -0.53 | TaskFail: -19.56 | Interrupt: -4.32 | HOFail: -0.57
2026-07-30 10:12:13,947 | INFO | Update  165 | Steps: 168,960 | Episodes:   330 | EpReward:   131.68 | FPS:     25 | Actor Loss: -0.0010 | Critic Loss: 0.0378 | HAN Grad: 0.0000 | HAN Δ: 0.000000 | HAN Metapaths: 0
2026-07-30 10:12:13,947 | INFO |   Phase | Rollout: 31.78s | PPO update: 8.62s
2026-07-30 10:12:13,947 | INFO |   Env | HO: 53.73% | Cont: 98.83% | Task: 93.88% | Resolved: 99.98% | Delay: 1.359s | Energy: 1763.39J | MEC fair: 0.953
2026-07-30 10:12:13,947 | INFO |   Reward | Success: 338.68 | Delay: -50.24 | Energy: -0.52 | TaskFail: -22.08 | Interrupt: -3.59 | HOFail: -0.74
2026-07-30 10:12:49,428 | INFO | Update  166 | Steps: 169,984 | Episodes:   332 | EpReward:   131.47 | FPS:     29 | Actor Loss: -0.0011 | Critic Loss: 0.0404 | HAN Grad: 0.0000 | HAN Δ: 0.000000 | HAN Metapaths: 0
2026-07-30 10:12:49,428 | INFO |   Phase | Rollout: 28.86s | PPO update: 6.62s
2026-07-30 10:12:49,428 | INFO |   Env | HO: 61.57% | Cont: 98.85% | Task: 92.94% | Resolved: 99.99% | Delay: 1.446s | Energy: 1835.82J | MEC fair: 0.953
2026-07-30 10:12:49,428 | INFO |   Reward | Success: 330.88 | Delay: -50.94 | Energy: -0.53 | TaskFail: -25.12 | Interrupt: -3.54 | HOFail: -0.86
2026-07-30 10:13:28,373 | INFO | Update  167 | Steps: 171,008 | Episodes:   334 | EpReward:   131.45 | FPS:     26 | Actor Loss: -0.0004 | Critic Loss: 0.0336 | HAN Grad: 0.0000 | HAN Δ: 0.000000 | HAN Metapaths: 0
2026-07-30 10:13:28,374 | INFO |   Phase | Rollout: 32.34s | PPO update: 6.61s
2026-07-30 10:13:28,374 | INFO |   Env | HO: 53.99% | Cont: 98.96% | Task: 93.50% | Resolved: 100.00% | Delay: 1.424s | Energy: 1842.97J | MEC fair: 0.952
2026-07-30 10:13:28,374 | INFO |   Reward | Success: 337.04 | Delay: -51.32 | Energy: -0.53 | TaskFail: -23.44 | Interrupt: -3.20 | HOFail: -1.02
2026-07-30 10:14:07,843 | INFO | Update  168 | Steps: 172,032 | Episodes:   336 | EpReward:   131.49 | FPS:     26 | Actor Loss: -0.0005 | Critic Loss: 0.0286 | HAN Grad: 0.0000 | HAN Δ: 0.000000 | HAN Metapaths: 0
2026-07-30 10:14:07,843 | INFO |   Phase | Rollout: 30.93s | PPO update: 8.54s
2026-07-30 10:14:07,843 | INFO |   Env | HO: 50.00% | Cont: 98.29% | Task: 94.77% | Resolved: 99.97% | Delay: 1.286s | Energy: 1690.94J | MEC fair: 0.954
2026-07-30 10:14:07,843 | INFO |   Reward | Success: 338.64 | Delay: -49.70 | Energy: -0.54 | TaskFail: -18.68 | Interrupt: -5.25 | HOFail: -1.52
2026-07-30 10:14:45,625 | INFO | Update  169 | Steps: 173,056 | Episodes:   338 | EpReward:   131.38 | FPS:     27 | Actor Loss: -0.0010 | Critic Loss: 0.0321 | HAN Grad: 0.0000 | HAN Δ: 0.000000 | HAN Metapaths: 0
2026-07-30 10:14:45,625 | INFO |   Phase | Rollout: 30.83s | PPO update: 6.95s
2026-07-30 10:14:45,625 | INFO |   Env | HO: 53.38% | Cont: 98.69% | Task: 93.84% | Resolved: 99.99% | Delay: 1.363s | Energy: 1751.94J | MEC fair: 0.954
2026-07-30 10:14:45,625 | INFO |   Reward | Success: 333.60 | Delay: -49.93 | Energy: -0.52 | TaskFail: -21.88 | Interrupt: -4.03 | HOFail: -1.05
2026-07-30 10:15:25,445 | INFO | Update  170 | Steps: 174,080 | Episodes:   340 | EpReward:   131.36 | FPS:     26 | Actor Loss: -0.0018 | Critic Loss: 0.0436 | HAN Grad: 0.0000 | HAN Δ: 0.000000 | HAN Metapaths: 0
2026-07-30 10:15:25,445 | INFO |   Phase | Rollout: 31.08s | PPO update: 8.74s
2026-07-30 10:15:25,445 | INFO |   Env | HO: 43.12% | Cont: 98.71% | Task: 93.82% | Resolved: 99.96% | Delay: 1.367s | Energy: 1774.19J | MEC fair: 0.951
2026-07-30 10:15:25,445 | INFO |   Reward | Success: 336.84 | Delay: -50.40 | Energy: -0.53 | TaskFail: -22.20 | Interrupt: -3.95 | HOFail: -1.46
2026-07-30 10:16:01,667 | INFO | Update  171 | Steps: 175,104 | Episodes:   342 | EpReward:   131.41 | FPS:     28 | Actor Loss: -0.0012 | Critic Loss: 0.0335 | HAN Grad: 0.0000 | HAN Δ: 0.000000 | HAN Metapaths: 0
2026-07-30 10:16:01,667 | INFO |   Phase | Rollout: 29.65s | PPO update: 6.57s
2026-07-30 10:16:01,667 | INFO |   Env | HO: 46.25% | Cont: 98.71% | Task: 94.66% | Resolved: 99.96% | Delay: 1.330s | Energy: 1750.93J | MEC fair: 0.954
2026-07-30 10:16:01,667 | INFO |   Reward | Success: 340.68 | Delay: -50.88 | Energy: -0.54 | TaskFail: -19.20 | Interrupt: -3.96 | HOFail: -1.38
2026-07-30 10:16:01,667 | INFO | ----------------------------------------
2026-07-30 10:16:01,667 | INFO | 开始评估...
2026-07-30 10:18:33,309 | INFO | 评估结果: 奖励 = 132.52 ± 4.55, 长度 = 512, 时延 = 1.296s, 能耗 = 8984.75J, MEC公平性 = 0.954
2026-07-30 10:18:33,310 | INFO | ----------------------------------------
2026-07-30 10:19:11,795 | INFO | Update  172 | Steps: 176,128 | Episodes:   344 | EpReward:   131.42 | FPS:     27 | Actor Loss: -0.0007 | Critic Loss: 0.0456 | HAN Grad: 0.0000 | HAN Δ: 0.000000 | HAN Metapaths: 0
2026-07-30 10:19:11,795 | INFO |   Phase | Rollout: 31.16s | PPO update: 7.31s
2026-07-30 10:19:11,795 | INFO |   Env | HO: 54.02% | Cont: 98.90% | Task: 93.58% | Resolved: 99.98% | Delay: 1.380s | Energy: 1794.49J | MEC fair: 0.953
2026-07-30 10:19:11,795 | INFO |   Reward | Success: 334.72 | Delay: -49.46 | Energy: -0.51 | TaskFail: -22.96 | Interrupt: -3.37 | HOFail: -1.28
2026-07-30 10:19:51,481 | INFO | Update  173 | Steps: 177,152 | Episodes:   346 | EpReward:   131.44 | FPS:     26 | Actor Loss: -0.0014 | Critic Loss: 0.0391 | HAN Grad: 0.0000 | HAN Δ: 0.000000 | HAN Metapaths: 0
2026-07-30 10:19:51,481 | INFO |   Phase | Rollout: 30.95s | PPO update: 8.73s
2026-07-30 10:19:51,482 | INFO |   Env | HO: 45.12% | Cont: 98.78% | Task: 94.37% | Resolved: 99.96% | Delay: 1.304s | Energy: 1700.34J | MEC fair: 0.953
2026-07-30 10:19:51,482 | INFO |   Reward | Success: 335.60 | Delay: -48.69 | Energy: -0.52 | TaskFail: -20.04 | Interrupt: -3.75 | HOFail: -1.30
2026-07-30 10:20:33,111 | INFO | Update  174 | Steps: 178,176 | Episodes:   348 | EpReward:   131.40 | FPS:     25 | Actor Loss: -0.0021 | Critic Loss: 0.0474 | HAN Grad: 0.0000 | HAN Δ: 0.000000 | HAN Metapaths: 0
2026-07-30 10:20:33,112 | INFO |   Phase | Rollout: 32.89s | PPO update: 8.74s
2026-07-30 10:20:33,112 | INFO |   Env | HO: 50.74% | Cont: 98.38% | Task: 94.32% | Resolved: 99.97% | Delay: 1.351s | Energy: 1779.98J | MEC fair: 0.953
2026-07-30 10:20:33,112 | INFO |   Reward | Success: 340.64 | Delay: -51.73 | Energy: -0.56 | TaskFail: -20.52 | Interrupt: -4.99 | HOFail: -1.33
2026-07-30 10:21:11,533 | INFO | Update  175 | Steps: 179,200 | Episodes:   350 | EpReward:   131.32 | FPS:     27 | Actor Loss: -0.0006 | Critic Loss: 0.0403 | HAN Grad: 0.0000 | HAN Δ: 0.000000 | HAN Metapaths: 0
2026-07-30 10:21:11,533 | INFO |   Phase | Rollout: 31.09s | PPO update: 7.34s
2026-07-30 10:21:11,533 | INFO |   Env | HO: 46.04% | Cont: 98.85% | Task: 93.53% | Resolved: 99.98% | Delay: 1.371s | Energy: 1769.46J | MEC fair: 0.953
2026-07-30 10:21:11,534 | INFO |   Reward | Success: 333.56 | Delay: -49.53 | Energy: -0.52 | TaskFail: -23.08 | Interrupt: -3.53 | HOFail: -1.47
2026-07-30 10:21:47,967 | INFO | Update  176 | Steps: 180,224 | Episodes:   352 | EpReward:   131.37 | FPS:     28 | Actor Loss: -0.0001 | Critic Loss: 0.0462 | HAN Grad: 0.0000 | HAN Δ: 0.000000 | HAN Metapaths: 0
2026-07-30 10:21:47,967 | INFO |   Phase | Rollout: 29.84s | PPO update: 6.59s
2026-07-30 10:21:47,969 | INFO |   Env | HO: 60.91% | Cont: 98.59% | Task: 95.18% | Resolved: 99.99% | Delay: 1.245s | Energy: 1662.29J | MEC fair: 0.953
2026-07-30 10:21:47,969 | INFO |   Reward | Success: 342.72 | Delay: -49.79 | Energy: -0.54 | TaskFail: -17.36 | Interrupt: -4.34 | HOFail: -0.96
2026-07-30 10:22:26,873 | INFO | Update  177 | Steps: 181,248 | Episodes:   354 | EpReward:   131.37 | FPS:     26 | Actor Loss: -0.0014 | Critic Loss: 0.0475 | HAN Grad: 0.0000 | HAN Δ: 0.000000 | HAN Metapaths: 0
2026-07-30 10:22:26,879 | INFO |   Phase | Rollout: 31.31s | PPO update: 7.59s
2026-07-30 10:22:26,879 | INFO |   Env | HO: 58.67% | Cont: 98.67% | Task: 94.24% | Resolved: 99.97% | Delay: 1.314s | Energy: 1707.55J | MEC fair: 0.953
2026-07-30 10:22:26,879 | INFO |   Reward | Success: 334.24 | Delay: -48.52 | Energy: -0.52 | TaskFail: -20.44 | Interrupt: -4.08 | HOFail: -0.90
2026-07-30 10:23:04,595 | INFO | Update  178 | Steps: 182,272 | Episodes:   356 | EpReward:   131.29 | FPS:     27 | Actor Loss: -0.0011 | Critic Loss: 0.0490 | HAN Grad: 0.0000 | HAN Δ: 0.000000 | HAN Metapaths: 0
2026-07-30 10:23:04,595 | INFO |   Phase | Rollout: 30.45s | PPO update: 7.26s
2026-07-30 10:23:04,595 | INFO |   Env | HO: 65.20% | Cont: 98.60% | Task: 93.72% | Resolved: 99.99% | Delay: 1.395s | Energy: 1840.91J | MEC fair: 0.954
2026-07-30 10:23:04,595 | INFO |   Reward | Success: 339.60 | Delay: -51.23 | Energy: -0.55 | TaskFail: -22.76 | Interrupt: -4.32 | HOFail: -0.92
2026-07-30 10:23:42,059 | INFO | Update  179 | Steps: 183,296 | Episodes:   358 | EpReward:   131.27 | FPS:     27 | Actor Loss: -0.0015 | Critic Loss: 0.0482 | HAN Grad: 0.0000 | HAN Δ: 0.000000 | HAN Metapaths: 0
2026-07-30 10:23:42,060 | INFO |   Phase | Rollout: 30.87s | PPO update: 6.60s
2026-07-30 10:23:42,060 | INFO |   Env | HO: 56.43% | Cont: 98.75% | Task: 94.17% | Resolved: 99.97% | Delay: 1.341s | Energy: 1792.87J | MEC fair: 0.952
2026-07-30 10:23:42,060 | INFO |   Reward | Success: 344.28 | Delay: -50.43 | Energy: -0.54 | TaskFail: -21.32 | Interrupt: -3.83 | HOFail: -0.98
2026-07-30 10:24:18,719 | INFO | Update  180 | Steps: 184,320 | Episodes:   360 | EpReward:   131.23 | FPS:     28 | Actor Loss: -0.0013 | Critic Loss: 0.0406 | HAN Grad: 0.0000 | HAN Δ: 0.000000 | HAN Metapaths: 0
2026-07-30 10:24:18,719 | INFO |   Phase | Rollout: 30.08s | PPO update: 6.58s
2026-07-30 10:24:18,719 | INFO |   Env | HO: 55.00% | Cont: 99.03% | Task: 94.42% | Resolved: 99.93% | Delay: 1.337s | Energy: 1728.28J | MEC fair: 0.953
2026-07-30 10:24:18,719 | INFO |   Reward | Success: 333.48 | Delay: -49.78 | Energy: -0.52 | TaskFail: -19.72 | Interrupt: -2.97 | HOFail: -1.08
2026-07-30 10:24:58,973 | INFO | Update  181 | Steps: 185,344 | Episodes:   362 | EpReward:   131.27 | FPS:     25 | Actor Loss: -0.0007 | Critic Loss: 0.0393 | HAN Grad: 0.0000 | HAN Δ: 0.000000 | HAN Metapaths: 0
2026-07-30 10:24:58,973 | INFO |   Phase | Rollout: 31.51s | PPO update: 8.74s
2026-07-30 10:24:58,973 | INFO |   Env | HO: 76.85% | Cont: 97.75% | Task: 95.01% | Resolved: 99.97% | Delay: 1.246s | Energy: 1631.27J | MEC fair: 0.953
2026-07-30 10:24:58,973 | INFO |   Reward | Success: 337.36 | Delay: -48.48 | Energy: -0.52 | TaskFail: -17.72 | Interrupt: -6.92 | HOFail: -1.22
2026-07-30 10:25:40,621 | INFO | Update  182 | Steps: 186,368 | Episodes:   364 | EpReward:   131.32 | FPS:     25 | Actor Loss: -0.0014 | Critic Loss: 0.0327 | HAN Grad: 0.0000 | HAN Δ: 0.000000 | HAN Metapaths: 0
2026-07-30 10:25:40,622 | INFO |   Phase | Rollout: 32.91s | PPO update: 8.73s
2026-07-30 10:25:40,622 | INFO |   Env | HO: 73.82% | Cont: 97.82% | Task: 94.71% | Resolved: 100.00% | Delay: 1.317s | Energy: 1762.81J | MEC fair: 0.952
2026-07-30 10:25:40,622 | INFO |   Reward | Success: 344.16 | Delay: -50.76 | Energy: -0.55 | TaskFail: -19.24 | Interrupt: -6.71 | HOFail: -1.42
2026-07-30 10:26:20,843 | INFO | Update  183 | Steps: 187,392 | Episodes:   366 | EpReward:   131.28 | FPS:     25 | Actor Loss: -0.0012 | Critic Loss: 0.0475 | HAN Grad: 0.0000 | HAN Δ: 0.000000 | HAN Metapaths: 0
2026-07-30 10:26:20,843 | INFO |   Phase | Rollout: 31.58s | PPO update: 8.64s
2026-07-30 10:26:20,843 | INFO |   Env | HO: 67.43% | Cont: 98.40% | Task: 94.12% | Resolved: 99.98% | Delay: 1.366s | Energy: 1808.77J | MEC fair: 0.952
2026-07-30 10:26:20,843 | INFO |   Reward | Success: 340.16 | Delay: -51.37 | Energy: -0.55 | TaskFail: -21.24 | Interrupt: -4.92 | HOFail: -1.47
2026-07-30 10:26:59,051 | INFO | Update  184 | Steps: 188,416 | Episodes:   368 | EpReward:   131.24 | FPS:     27 | Actor Loss: 0.0001 | Critic Loss: 0.0426 | HAN Grad: 0.0000 | HAN Δ: 0.000000 | HAN Metapaths: 0
2026-07-30 10:26:59,051 | INFO |   Phase | Rollout: 29.43s | PPO update: 8.77s
2026-07-30 10:26:59,051 | INFO |   Env | HO: 71.67% | Cont: 98.68% | Task: 93.97% | Resolved: 99.98% | Delay: 1.361s | Energy: 1790.13J | MEC fair: 0.952
2026-07-30 10:26:59,051 | INFO |   Reward | Success: 337.72 | Delay: -50.29 | Energy: -0.54 | TaskFail: -21.68 | Interrupt: -4.07 | HOFail: -0.82
2026-07-30 10:27:38,365 | INFO | Update  185 | Steps: 189,440 | Episodes:   370 | EpReward:   131.25 | FPS:     26 | Actor Loss: -0.0023 | Critic Loss: 0.0386 | HAN Grad: 0.0000 | HAN Δ: 0.000000 | HAN Metapaths: 0
2026-07-30 10:27:38,366 | INFO |   Phase | Rollout: 30.67s | PPO update: 8.64s
2026-07-30 10:27:38,366 | INFO |   Env | HO: 67.82% | Cont: 98.46% | Task: 94.46% | Resolved: 99.99% | Delay: 1.334s | Energy: 1766.06J | MEC fair: 0.952
2026-07-30 10:27:38,366 | INFO |   Reward | Success: 339.84 | Delay: -51.24 | Energy: -0.55 | TaskFail: -19.92 | Interrupt: -4.73 | HOFail: -1.19
2026-07-30 10:28:15,977 | INFO | Update  186 | Steps: 190,464 | Episodes:   372 | EpReward:   131.20 | FPS:     27 | Actor Loss: -0.0009 | Critic Loss: 0.0424 | HAN Grad: 0.0000 | HAN Δ: 0.000000 | HAN Metapaths: 0
2026-07-30 10:28:15,978 | INFO |   Phase | Rollout: 31.05s | PPO update: 6.56s
2026-07-30 10:28:15,978 | INFO |   Env | HO: 54.78% | Cont: 98.84% | Task: 93.94% | Resolved: 99.97% | Delay: 1.384s | Energy: 1828.03J | MEC fair: 0.952
2026-07-30 10:28:15,978 | INFO |   Reward | Success: 338.20 | Delay: -50.80 | Energy: -0.54 | TaskFail: -21.80 | Interrupt: -3.55 | HOFail: -1.40
2026-07-30 10:28:53,401 | INFO | Update  187 | Steps: 191,488 | Episodes:   374 | EpReward:   131.13 | FPS:     27 | Actor Loss: -0.0011 | Critic Loss: 0.0510 | HAN Grad: 0.0000 | HAN Δ: 0.000000 | HAN Metapaths: 0
2026-07-30 10:28:53,402 | INFO |   Phase | Rollout: 30.85s | PPO update: 6.57s
2026-07-30 10:28:53,402 | INFO |   Env | HO: 60.42% | Cont: 98.83% | Task: 93.72% | Resolved: 99.99% | Delay: 1.385s | Energy: 1811.53J | MEC fair: 0.953
2026-07-30 10:28:53,402 | INFO |   Reward | Success: 335.60 | Delay: -50.54 | Energy: -0.53 | TaskFail: -22.48 | Interrupt: -3.59 | HOFail: -0.90
2026-07-30 10:29:30,983 | INFO | Update  188 | Steps: 192,512 | Episodes:   376 | EpReward:   131.10 | FPS:     27 | Actor Loss: -0.0017 | Critic Loss: 0.0430 | HAN Grad: 0.0000 | HAN Δ: 0.000000 | HAN Metapaths: 0
2026-07-30 10:29:30,989 | INFO |   Phase | Rollout: 30.98s | PPO update: 6.60s
2026-07-30 10:29:30,989 | INFO |   Env | HO: 73.46% | Cont: 97.86% | Task: 94.57% | Resolved: 99.97% | Delay: 1.328s | Energy: 1755.39J | MEC fair: 0.954
2026-07-30 10:29:30,990 | INFO |   Reward | Success: 336.96 | Delay: -50.17 | Energy: -0.55 | TaskFail: -19.36 | Interrupt: -6.58 | HOFail: -1.45
2026-07-30 10:30:10,110 | INFO | Update  189 | Steps: 193,536 | Episodes:   378 | EpReward:   131.10 | FPS:     26 | Actor Loss: -0.0015 | Critic Loss: 0.0433 | HAN Grad: 0.0000 | HAN Δ: 0.000000 | HAN Metapaths: 0
2026-07-30 10:30:10,110 | INFO |   Phase | Rollout: 30.90s | PPO update: 8.22s
2026-07-30 10:30:10,110 | INFO |   Env | HO: 76.90% | Cont: 97.76% | Task: 94.03% | Resolved: 99.99% | Delay: 1.359s | Energy: 1768.18J | MEC fair: 0.954
2026-07-30 10:30:10,110 | INFO |   Reward | Success: 333.68 | Delay: -49.85 | Energy: -0.54 | TaskFail: -21.20 | Interrupt: -6.87 | HOFail: -1.24
2026-07-30 10:30:48,767 | INFO | Update  190 | Steps: 194,560 | Episodes:   380 | EpReward:   131.09 | FPS:     26 | Actor Loss: -0.0013 | Critic Loss: 0.0370 | HAN Grad: 0.0000 | HAN Δ: 0.000000 | HAN Metapaths: 0
2026-07-30 10:30:48,767 | INFO |   Phase | Rollout: 31.53s | PPO update: 7.12s
2026-07-30 10:30:48,767 | INFO |   Env | HO: 68.08% | Cont: 98.51% | Task: 94.34% | Resolved: 99.99% | Delay: 1.324s | Energy: 1745.21J | MEC fair: 0.953
2026-07-30 10:30:48,767 | INFO |   Reward | Success: 334.64 | Delay: -49.40 | Energy: -0.53 | TaskFail: -20.08 | Interrupt: -4.56 | HOFail: -1.14
2026-07-30 10:31:26,881 | INFO | Update  191 | Steps: 195,584 | Episodes:   382 | EpReward:   131.10 | FPS:     27 | Actor Loss: -0.0010 | Critic Loss: 0.0364 | HAN Grad: 0.0000 | HAN Δ: 0.000000 | HAN Metapaths: 0
2026-07-30 10:31:26,882 | INFO |   Phase | Rollout: 31.18s | PPO update: 6.93s
2026-07-30 10:31:26,882 | INFO |   Env | HO: 73.82% | Cont: 98.21% | Task: 94.90% | Resolved: 100.00% | Delay: 1.270s | Energy: 1702.91J | MEC fair: 0.952
2026-07-30 10:31:26,882 | INFO |   Reward | Success: 340.28 | Delay: -49.40 | Energy: -0.54 | TaskFail: -18.28 | Interrupt: -5.51 | HOFail: -1.02
2026-07-30 10:32:04,006 | INFO | Update  192 | Steps: 196,608 | Episodes:   384 | EpReward:   131.08 | FPS:     28 | Actor Loss: -0.0012 | Critic Loss: 0.0506 | HAN Grad: 0.0000 | HAN Δ: 0.000000 | HAN Metapaths: 0
2026-07-30 10:32:04,006 | INFO |   Phase | Rollout: 30.50s | PPO update: 6.62s
2026-07-30 10:32:04,006 | INFO |   Env | HO: 73.47% | Cont: 97.85% | Task: 95.11% | Resolved: 99.99% | Delay: 1.267s | Energy: 1668.27J | MEC fair: 0.953
2026-07-30 10:32:04,006 | INFO |   Reward | Success: 336.40 | Delay: -49.31 | Energy: -0.54 | TaskFail: -17.28 | Interrupt: -6.61 | HOFail: -1.18
2026-07-30 10:32:44,159 | INFO | Update  193 | Steps: 197,632 | Episodes:   386 | EpReward:   131.07 | FPS:     26 | Actor Loss: 0.0000 | Critic Loss: 0.0424 | HAN Grad: 0.0000 | HAN Δ: 0.000000 | HAN Metapaths: 0
2026-07-30 10:32:44,159 | INFO |   Phase | Rollout: 31.52s | PPO update: 8.64s
2026-07-30 10:32:44,159 | INFO |   Env | HO: 77.86% | Cont: 98.38% | Task: 95.01% | Resolved: 99.95% | Delay: 1.280s | Energy: 1699.51J | MEC fair: 0.954
2026-07-30 10:32:44,159 | INFO |   Reward | Success: 336.72 | Delay: -48.84 | Energy: -0.54 | TaskFail: -17.68 | Interrupt: -4.97 | HOFail: -0.71
2026-07-30 10:33:21,764 | INFO | Update  194 | Steps: 198,656 | Episodes:   388 | EpReward:   130.96 | FPS:     27 | Actor Loss: -0.0020 | Critic Loss: 0.0447 | HAN Grad: 0.0000 | HAN Δ: 0.000000 | HAN Metapaths: 0
2026-07-30 10:33:21,765 | INFO |   Phase | Rollout: 30.98s | PPO update: 6.62s
2026-07-30 10:33:21,765 | INFO |   Env | HO: 74.74% | Cont: 98.75% | Task: 93.69% | Resolved: 99.99% | Delay: 1.370s | Energy: 1813.91J | MEC fair: 0.952
2026-07-30 10:33:21,765 | INFO |   Reward | Success: 337.60 | Delay: -49.61 | Energy: -0.53 | TaskFail: -22.72 | Interrupt: -3.83 | HOFail: -0.58
2026-07-30 10:33:58,320 | INFO | Update  195 | Steps: 199,680 | Episodes:   390 | EpReward:   130.95 | FPS:     28 | Actor Loss: -0.0008 | Critic Loss: 0.0503 | HAN Grad: 0.0000 | HAN Δ: 0.000000 | HAN Metapaths: 0
2026-07-30 10:33:58,320 | INFO |   Phase | Rollout: 29.97s | PPO update: 6.58s
2026-07-30 10:33:58,320 | INFO |   Env | HO: 64.49% | Cont: 98.63% | Task: 94.78% | Resolved: 99.98% | Delay: 1.293s | Energy: 1699.31J | MEC fair: 0.952
2026-07-30 10:33:58,320 | INFO |   Reward | Success: 337.80 | Delay: -48.94 | Energy: -0.52 | TaskFail: -18.60 | Interrupt: -4.21 | HOFail: -1.09
2026-07-30 10:34:36,269 | INFO | Update  196 | Steps: 200,704 | Episodes:   392 | EpReward:   130.99 | FPS:     27 | Actor Loss: -0.0020 | Critic Loss: 0.0444 | HAN Grad: 0.0000 | HAN Δ: 0.000000 | HAN Metapaths: 0
2026-07-30 10:34:36,270 | INFO |   Phase | Rollout: 30.10s | PPO update: 7.84s
2026-07-30 10:34:36,270 | INFO |   Env | HO: 68.76% | Cont: 98.40% | Task: 94.03% | Resolved: 99.99% | Delay: 1.346s | Energy: 1798.16J | MEC fair: 0.952
2026-07-30 10:34:36,270 | INFO |   Reward | Success: 342.52 | Delay: -50.51 | Energy: -0.54 | TaskFail: -21.76 | Interrupt: -4.93 | HOFail: -1.13
2026-07-30 10:34:36,270 | INFO | ----------------------------------------
2026-07-30 10:34:36,270 | INFO | 开始评估...
2026-07-30 10:36:57,740 | INFO | 评估结果: 奖励 = 125.43 ± 3.11, 长度 = 512, 时延 = 1.410s, 能耗 = 9625.43J, MEC公平性 = 0.954
2026-07-30 10:36:57,740 | INFO | ----------------------------------------
2026-07-30 10:36:57,781 | INFO | 模型已保存: /home/pjpjq/LEO_switch/results/baseline_compare/multiuser_scaling_multiuser_single_seed_v5_20260728/u25/learned_baselines/attn_mappo/checkpoint_200704.pt
2026-07-30 10:36:57,781 | INFO | ============================================================
2026-07-30 10:36:57,781 | INFO | 训练完成!
2026-07-30 10:36:57,782 | INFO |   总时间: 2.45 小时
2026-07-30 10:36:57,782 | INFO |   总步数: 200,704
2026-07-30 10:36:57,782 | INFO |   总episode: 392
2026-07-30 10:36:57,782 | INFO |   最佳奖励: 138.05
2026-07-30 10:36:57,782 | INFO |   最佳模型指标: reward = 138.0464
2026-07-30 10:36:57,782 | INFO | ============================================================
2026-07-30 10:36:57,820 | INFO | 模型已保存: /home/pjpjq/LEO_switch/results/baseline_compare/multiuser_scaling_multiuser_single_seed_v5_20260728/u25/learned_baselines/attn_mappo/final_model.pt
2026-07-30 10:36:57,848 | INFO | 训练历史已保存: /home/pjpjq/LEO_switch/results/baseline_compare/multiuser_scaling_multiuser_single_seed_v5_20260728/u25/learned_baselines/attn_mappo/training_history.json
2026-07-30 10:36:57,850 | INFO | Initializing environment for AttentionMAPPO...
2026-07-30 10:36:57,854 | INFO |   - Raw observation dim: 73
2026-07-30 10:36:57,854 | INFO |   - Satellite load feature dim: 8
2026-07-30 10:36:57,854 | INFO |   - Policy observation dim: 73
2026-07-30 10:36:57,854 | INFO |   - Global state dim: 1825
2026-07-30 10:36:57,854 | INFO | AttentionMAPPO skips heterogeneous graph construction.
2026-07-30 10:36:57,854 | INFO | AttentionMAPPO uses raw_obs + satellite load attention; no HAN encoder.
2026-07-30 10:36:57,854 | INFO | Initializing AttentionMAPPO...
2026-07-30 10:37:00,257 | INFO |   - Attention Actor params: 73,028
2026-07-30 10:37:00,257 | INFO |   - Critic params: 176,513
2026-07-30 10:37:00,257 | INFO | 初始化经验缓冲区...
2026-07-30 10:37:00,259 | INFO | 训练器初始化完成，设备: cuda
2026-07-30 10:37:00,259 | INFO | 环境: 25 用户, 66 卫星
2026-07-30 10:39:21,314 | INFO | 初始化环境...
2026-07-30 10:39:21,318 | INFO |   - 原始观测维度: 73
2026-07-30 10:39:21,318 | INFO |   - HAN嵌入维度: 64
2026-07-30 10:39:21,318 | INFO |   - 拼接后观测维度: 142 (raw 73 + HAN 64 + rvt_warning 1 + task 4)
2026-07-30 10:39:21,318 | INFO |   - 全局状态维度: 3550
2026-07-30 10:39:21,318 | INFO |   - HAN ablation: using raw environment observations
2026-07-30 10:39:21,318 | INFO |   - No-HAN observation dim: 73
2026-07-30 10:39:21,319 | INFO | 初始化图构建器...
2026-07-30 10:39:21,319 | INFO | 初始化MAPPO...
2026-07-30 10:39:23,860 | INFO |   - Actor参数量: 87,182
2026-07-30 10:39:23,860 | INFO |   - Critic参数量: 184,833
2026-07-30 10:39:23,860 | INFO | 初始化经验缓冲区...
2026-07-30 10:39:23,865 | INFO | 训练器初始化完成，设备: cuda
2026-07-30 10:39:23,866 | INFO | 环境: 25 用户, 66 卫星
2026-07-30 10:39:23,866 | INFO | ============================================================
2026-07-30 10:39:23,866 | INFO | 开始训练
2026-07-30 10:39:23,866 | INFO |   总步数: 200,000
2026-07-30 10:39:23,866 | INFO |   每轮步数: 1024
2026-07-30 10:39:23,866 | INFO |   图更新间隔: 1
2026-07-30 10:39:23,866 | INFO |   评估episodes: 10
2026-07-30 10:39:23,866 | INFO |   设备: cuda
2026-07-30 10:39:23,866 | INFO | ============================================================
2026-07-30 10:39:57,286 | INFO | Update    1 | Steps:   1,024 | Episodes:     2 | EpReward:    85.78 | FPS:     31 | Actor Loss: -0.0036 | Critic Loss: 1.9713 | HAN Grad: 0.0000 | HAN Δ: 0.000000 | HAN Metapaths: 0
2026-07-30 10:39:57,286 | INFO |   Phase | Rollout: 25.22s | PPO update: 8.20s
2026-07-30 10:39:57,286 | INFO |   Env | HO: 74.79% | Cont: 97.71% | Task: 86.09% | Resolved: 100.00% | Delay: 2.376s | Energy: 2893.67J | MEC fair: 0.958
2026-07-30 10:39:57,286 | INFO |   Reward | Success: 310.48 | Delay: -79.31 | Energy: -0.73 | TaskFail: -50.16 | Interrupt: -7.03 | HOFail: -1.69
2026-07-30 10:40:28,039 | INFO | Update    2 | Steps:   2,048 | Episodes:     4 | EpReward:    86.09 | FPS:     33 | Actor Loss: -0.0035 | Critic Loss: 1.5117 | HAN Grad: 0.0000 | HAN Δ: 0.000000 | HAN Metapaths: 0
2026-07-30 10:40:28,039 | INFO |   Phase | Rollout: 23.55s | PPO update: 7.20s
2026-07-30 10:40:28,039 | INFO |   Env | HO: 70.69% | Cont: 97.67% | Task: 86.33% | Resolved: 100.00% | Delay: 2.321s | Energy: 2800.30J | MEC fair: 0.958
2026-07-30 10:40:28,039 | INFO |   Reward | Success: 307.80 | Delay: -76.43 | Energy: -0.72 | TaskFail: -48.72 | Interrupt: -7.15 | HOFail: -1.96
2026-07-30 10:40:59,626 | INFO | Update    3 | Steps:   3,072 | Episodes:     6 | EpReward:    89.30 | FPS:     32 | Actor Loss: -0.0035 | Critic Loss: 1.1041 | HAN Grad: 0.0000 | HAN Δ: 0.000000 | HAN Metapaths: 0
2026-07-30 10:40:59,627 | INFO |   Phase | Rollout: 23.87s | PPO update: 7.71s
2026-07-30 10:40:59,627 | INFO |   Env | HO: 69.31% | Cont: 97.52% | Task: 88.54% | Resolved: 100.00% | Delay: 2.163s | Energy: 2654.37J | MEC fair: 0.958
2026-07-30 10:40:59,627 | INFO |   Reward | Success: 319.12 | Delay: -76.09 | Energy: -0.73 | TaskFail: -41.32 | Interrupt: -7.62 | HOFail: -1.92
2026-07-30 10:41:32,064 | INFO | Update    4 | Steps:   4,096 | Episodes:     8 | EpReward:    90.74 | FPS:     32 | Actor Loss: -0.0038 | Critic Loss: 0.7855 | HAN Grad: 0.0000 | HAN Δ: 0.000000 | HAN Metapaths: 0
2026-07-30 10:41:32,064 | INFO |   Phase | Rollout: 24.87s | PPO update: 7.57s
2026-07-30 10:41:32,064 | INFO |   Env | HO: 75.63% | Cont: 97.96% | Task: 88.39% | Resolved: 99.99% | Delay: 2.128s | Energy: 2589.49J | MEC fair: 0.958
2026-07-30 10:41:32,064 | INFO |   Reward | Success: 312.52 | Delay: -72.84 | Energy: -0.69 | TaskFail: -41.04 | Interrupt: -6.27 | HOFail: -1.54
2026-07-30 10:42:03,207 | INFO | Update    5 | Steps:   5,120 | Episodes:    10 | EpReward:    92.56 | FPS:     33 | Actor Loss: -0.0022 | Critic Loss: 0.6051 | HAN Grad: 0.0000 | HAN Δ: 0.000000 | HAN Metapaths: 0
2026-07-30 10:42:03,207 | INFO |   Phase | Rollout: 23.65s | PPO update: 7.49s
2026-07-30 10:42:03,207 | INFO |   Env | HO: 71.61% | Cont: 97.67% | Task: 89.53% | Resolved: 100.00% | Delay: 2.048s | Energy: 2516.91J | MEC fair: 0.957
2026-07-30 10:42:03,207 | INFO |   Reward | Success: 318.60 | Delay: -72.04 | Energy: -0.71 | TaskFail: -37.24 | Interrupt: -7.16 | HOFail: -1.79
2026-07-30 10:42:36,274 | INFO | Update    6 | Steps:   6,144 | Episodes:    12 | EpReward:    94.15 | FPS:     31 | Actor Loss: -0.0036 | Critic Loss: 0.7714 | HAN Grad: 0.0000 | HAN Δ: 0.000000 | HAN Metapaths: 0
2026-07-30 10:42:36,274 | INFO |   Phase | Rollout: 23.30s | PPO update: 9.77s
2026-07-30 10:42:36,274 | INFO |   Env | HO: 73.42% | Cont: 98.04% | Task: 89.65% | Resolved: 100.00% | Delay: 2.032s | Energy: 2524.67J | MEC fair: 0.957
2026-07-30 10:42:36,274 | INFO |   Reward | Success: 320.68 | Delay: -71.24 | Energy: -0.69 | TaskFail: -37.04 | Interrupt: -6.01 | HOFail: -1.48
2026-07-30 10:43:08,960 | INFO | Update    7 | Steps:   7,168 | Episodes:    14 | EpReward:    95.58 | FPS:     31 | Actor Loss: -0.0023 | Critic Loss: 0.4656 | HAN Grad: 0.0000 | HAN Δ: 0.000000 | HAN Metapaths: 0
2026-07-30 10:43:08,960 | INFO |   Phase | Rollout: 25.36s | PPO update: 7.33s
2026-07-30 10:43:08,960 | INFO |   Env | HO: 68.42% | Cont: 98.10% | Task: 90.22% | Resolved: 99.98% | Delay: 1.958s | Energy: 2403.29J | MEC fair: 0.956
2026-07-30 10:43:08,960 | INFO |   Reward | Success: 318.92 | Delay: -68.24 | Energy: -0.68 | TaskFail: -34.56 | Interrupt: -5.84 | HOFail: -1.34
2026-07-30 10:43:42,325 | INFO | Update    8 | Steps:   8,192 | Episodes:    16 | EpReward:    97.38 | FPS:     31 | Actor Loss: -0.0020 | Critic Loss: 0.4841 | HAN Grad: 0.0000 | HAN Δ: 0.000000 | HAN Metapaths: 0
2026-07-30 10:43:42,326 | INFO |   Phase | Rollout: 24.77s | PPO update: 8.59s
2026-07-30 10:43:42,326 | INFO |   Env | HO: 75.21% | Cont: 97.85% | Task: 90.83% | Resolved: 99.99% | Delay: 1.832s | Energy: 2327.11J | MEC fair: 0.956
2026-07-30 10:43:42,326 | INFO |   Reward | Success: 329.32 | Delay: -67.39 | Energy: -0.67 | TaskFail: -33.24 | Interrupt: -6.60 | HOFail: -1.42
2026-07-30 10:44:14,254 | INFO | Update    9 | Steps:   9,216 | Episodes:    18 | EpReward:    98.75 | FPS:     32 | Actor Loss: -0.0015 | Critic Loss: 0.4409 | HAN Grad: 0.0000 | HAN Δ: 0.000000 | HAN Metapaths: 0
2026-07-30 10:44:14,255 | INFO |   Phase | Rollout: 24.75s | PPO update: 7.18s
2026-07-30 10:44:14,255 | INFO |   Env | HO: 68.61% | Cont: 98.06% | Task: 91.01% | Resolved: 99.99% | Delay: 1.865s | Energy: 2351.09J | MEC fair: 0.956
2026-07-30 10:44:14,255 | INFO |   Reward | Success: 327.68 | Delay: -67.73 | Energy: -0.68 | TaskFail: -32.36 | Interrupt: -5.95 | HOFail: -1.55
2026-07-30 10:44:48,677 | INFO | Update   10 | Steps:  10,240 | Episodes:    20 | EpReward:    99.73 | FPS:     30 | Actor Loss: -0.0020 | Critic Loss: 0.2673 | HAN Grad: 0.0000 | HAN Δ: 0.000000 | HAN Metapaths: 0
2026-07-30 10:44:48,677 | INFO |   Phase | Rollout: 25.51s | PPO update: 8.91s
2026-07-30 10:44:48,677 | INFO |   Env | HO: 68.48% | Cont: 98.21% | Task: 90.46% | Resolved: 99.99% | Delay: 1.892s | Energy: 2397.25J | MEC fair: 0.956
2026-07-30 10:44:48,677 | INFO |   Reward | Success: 327.24 | Delay: -67.90 | Energy: -0.67 | TaskFail: -34.52 | Interrupt: -5.50 | HOFail: -1.53
2026-07-30 10:45:23,969 | INFO | Update   11 | Steps:  11,264 | Episodes:    22 | EpReward:   101.30 | FPS:     29 | Actor Loss: -0.0013 | Critic Loss: 0.2694 | HAN Grad: 0.0000 | HAN Δ: 0.000000 | HAN Metapaths: 0
2026-07-30 10:45:23,970 | INFO |   Phase | Rollout: 26.03s | PPO update: 9.26s
2026-07-30 10:45:23,970 | INFO |   Env | HO: 76.91% | Cont: 97.76% | Task: 92.76% | Resolved: 100.00% | Delay: 1.714s | Energy: 2186.72J | MEC fair: 0.956
2026-07-30 10:45:23,970 | INFO |   Reward | Success: 334.08 | Delay: -65.46 | Energy: -0.67 | TaskFail: -26.08 | Interrupt: -6.88 | HOFail: -1.02
2026-07-30 10:45:57,740 | INFO | Update   12 | Steps:  12,288 | Episodes:    24 | EpReward:   102.09 | FPS:     30 | Actor Loss: -0.0012 | Critic Loss: 0.1780 | HAN Grad: 0.0000 | HAN Δ: 0.000000 | HAN Metapaths: 0
2026-07-30 10:45:57,740 | INFO |   Phase | Rollout: 24.70s | PPO update: 9.06s
2026-07-30 10:45:57,740 | INFO |   Env | HO: 72.06% | Cont: 98.45% | Task: 91.19% | Resolved: 99.98% | Delay: 1.810s | Energy: 2268.19J | MEC fair: 0.955
2026-07-30 10:45:57,740 | INFO |   Reward | Success: 324.52 | Delay: -65.12 | Energy: -0.65 | TaskFail: -31.36 | Interrupt: -4.76 | HOFail: -1.16
2026-07-30 10:46:30,425 | INFO | Update   13 | Steps:  13,312 | Episodes:    26 | EpReward:   102.95 | FPS:     31 | Actor Loss: -0.0020 | Critic Loss: 0.1526 | HAN Grad: 0.0000 | HAN Δ: 0.000000 | HAN Metapaths: 0
2026-07-30 10:46:30,425 | INFO |   Phase | Rollout: 24.91s | PPO update: 7.77s
2026-07-30 10:46:30,425 | INFO |   Env | HO: 75.67% | Cont: 98.45% | Task: 91.13% | Resolved: 100.00% | Delay: 1.802s | Energy: 2305.55J | MEC fair: 0.955
2026-07-30 10:46:30,425 | INFO |   Reward | Success: 330.48 | Delay: -65.49 | Energy: -0.65 | TaskFail: -32.16 | Interrupt: -4.75 | HOFail: -0.87
2026-07-30 10:47:01,867 | INFO | Update   14 | Steps:  14,336 | Episodes:    28 | EpReward:   103.88 | FPS:     33 | Actor Loss: -0.0011 | Critic Loss: 0.1392 | HAN Grad: 0.0000 | HAN Δ: 0.000000 | HAN Metapaths: 0
2026-07-30 10:47:01,867 | INFO |   Phase | Rollout: 24.25s | PPO update: 7.19s
2026-07-30 10:47:01,868 | INFO |   Env | HO: 80.66% | Cont: 98.42% | Task: 91.88% | Resolved: 100.00% | Delay: 1.698s | Energy: 2155.66J | MEC fair: 0.955
2026-07-30 10:47:01,868 | INFO |   Reward | Success: 329.08 | Delay: -61.91 | Energy: -0.62 | TaskFail: -29.08 | Interrupt: -4.85 | HOFail: -0.61
2026-07-30 10:47:35,967 | INFO | Update   15 | Steps:  15,360 | Episodes:    30 | EpReward:   104.80 | FPS:     30 | Actor Loss: -0.0005 | Critic Loss: 0.1221 | HAN Grad: 0.0000 | HAN Δ: 0.000000 | HAN Metapaths: 0
2026-07-30 10:47:35,968 | INFO |   Phase | Rollout: 24.55s | PPO update: 9.55s
2026-07-30 10:47:35,968 | INFO |   Env | HO: 78.29% | Cont: 98.50% | Task: 92.39% | Resolved: 99.99% | Delay: 1.667s | Energy: 2126.48J | MEC fair: 0.955
2026-07-30 10:47:35,968 | INFO |   Reward | Success: 329.76 | Delay: -61.26 | Energy: -0.63 | TaskFail: -27.16 | Interrupt: -4.62 | HOFail: -0.57
2026-07-30 10:48:09,876 | INFO | Update   16 | Steps:  16,384 | Episodes:    32 | EpReward:   105.89 | FPS:     30 | Actor Loss: -0.0007 | Critic Loss: 0.1011 | HAN Grad: 0.0000 | HAN Δ: 0.000000 | HAN Metapaths: 0
2026-07-30 10:48:09,876 | INFO |   Phase | Rollout: 24.42s | PPO update: 9.48s
2026-07-30 10:48:09,876 | INFO |   Env | HO: 79.89% | Cont: 98.39% | Task: 93.63% | Resolved: 99.98% | Delay: 1.588s | Energy: 2046.15J | MEC fair: 0.955
2026-07-30 10:48:09,876 | INFO |   Reward | Success: 333.00 | Delay: -59.90 | Energy: -0.63 | TaskFail: -22.64 | Interrupt: -4.94 | HOFail: -0.56
2026-07-30 10:48:42,478 | INFO | Update   17 | Steps:  17,408 | Episodes:    34 | EpReward:   106.66 | FPS:     31 | Actor Loss: -0.0004 | Critic Loss: 0.0796 | HAN Grad: 0.0000 | HAN Δ: 0.000000 | HAN Metapaths: 0
2026-07-30 10:48:42,478 | INFO |   Phase | Rollout: 24.23s | PPO update: 8.37s
2026-07-30 10:48:42,478 | INFO |   Env | HO: 80.62% | Cont: 98.35% | Task: 92.33% | Resolved: 99.98% | Delay: 1.664s | Energy: 2127.75J | MEC fair: 0.955
2026-07-30 10:48:42,479 | INFO |   Reward | Success: 333.56 | Delay: -61.43 | Energy: -0.63 | TaskFail: -27.72 | Interrupt: -5.05 | HOFail: -0.60
2026-07-30 10:49:15,818 | INFO | Update   18 | Steps:  18,432 | Episodes:    36 | EpReward:   107.46 | FPS:     31 | Actor Loss: -0.0012 | Critic Loss: 0.0732 | HAN Grad: 0.0000 | HAN Δ: 0.000000 | HAN Metapaths: 0
2026-07-30 10:49:15,821 | INFO |   Phase | Rollout: 25.83s | PPO update: 7.51s
2026-07-30 10:49:15,821 | INFO |   Env | HO: 77.17% | Cont: 98.37% | Task: 92.91% | Resolved: 99.94% | Delay: 1.608s | Energy: 2058.46J | MEC fair: 0.955
2026-07-30 10:49:15,821 | INFO |   Reward | Success: 332.04 | Delay: -58.66 | Energy: -0.61 | TaskFail: -25.32 | Interrupt: -5.00 | HOFail: -0.50
2026-07-30 10:49:49,843 | INFO | Update   19 | Steps:  19,456 | Episodes:    38 | EpReward:   108.21 | FPS:     30 | Actor Loss: -0.0009 | Critic Loss: 0.0634 | HAN Grad: 0.0000 | HAN Δ: 0.000000 | HAN Metapaths: 0
2026-07-30 10:49:49,843 | INFO |   Phase | Rollout: 24.62s | PPO update: 9.40s
2026-07-30 10:49:49,843 | INFO |   Env | HO: 83.04% | Cont: 98.12% | Task: 93.00% | Resolved: 99.99% | Delay: 1.591s | Energy: 2055.25J | MEC fair: 0.955
2026-07-30 10:49:49,843 | INFO |   Reward | Success: 335.00 | Delay: -59.53 | Energy: -0.63 | TaskFail: -25.20 | Interrupt: -5.79 | HOFail: -0.52
2026-07-30 10:50:23,477 | INFO | Update   20 | Steps:  20,480 | Episodes:    40 | EpReward:   108.84 | FPS:     30 | Actor Loss: -0.0005 | Critic Loss: 0.0553 | HAN Grad: 0.0000 | HAN Δ: 0.000000 | HAN Metapaths: 0
2026-07-30 10:50:23,477 | INFO |   Phase | Rollout: 24.74s | PPO update: 8.89s
2026-07-30 10:50:23,477 | INFO |   Env | HO: 83.40% | Cont: 98.53% | Task: 92.36% | Resolved: 99.97% | Delay: 1.612s | Energy: 2086.32J | MEC fair: 0.954
2026-07-30 10:50:23,477 | INFO |   Reward | Success: 334.08 | Delay: -59.07 | Energy: -0.60 | TaskFail: -27.64 | Interrupt: -4.51 | HOFail: -0.35
2026-07-30 10:50:57,067 | INFO | Update   21 | Steps:  21,504 | Episodes:    42 | EpReward:   109.39 | FPS:     30 | Actor Loss: -0.0003 | Critic Loss: 0.0524 | HAN Grad: 0.0000 | HAN Δ: 0.000000 | HAN Metapaths: 0
2026-07-30 10:50:57,068 | INFO |   Phase | Rollout: 25.03s | PPO update: 8.56s
2026-07-30 10:50:57,068 | INFO |   Env | HO: 90.24% | Cont: 98.31% | Task: 92.94% | Resolved: 100.00% | Delay: 1.610s | Energy: 2050.59J | MEC fair: 0.955
2026-07-30 10:50:57,068 | INFO |   Reward | Success: 331.00 | Delay: -59.40 | Energy: -0.62 | TaskFail: -25.16 | Interrupt: -5.19 | HOFail: -0.22
2026-07-30 10:51:30,381 | INFO | Update   22 | Steps:  22,528 | Episodes:    44 | EpReward:   109.97 | FPS:     31 | Actor Loss: -0.0003 | Critic Loss: 0.0516 | HAN Grad: 0.0000 | HAN Δ: 0.000000 | HAN Metapaths: 0
2026-07-30 10:51:30,381 | INFO |   Phase | Rollout: 25.12s | PPO update: 8.20s
2026-07-30 10:51:30,381 | INFO |   Env | HO: 90.17% | Cont: 98.29% | Task: 93.43% | Resolved: 99.95% | Delay: 1.509s | Energy: 1921.59J | MEC fair: 0.955
2026-07-30 10:51:30,381 | INFO |   Reward | Success: 329.84 | Delay: -56.14 | Energy: -0.59 | TaskFail: -23.20 | Interrupt: -5.26 | HOFail: -0.14
2026-07-30 10:52:03,520 | INFO | Update   23 | Steps:  23,552 | Episodes:    46 | EpReward:   110.55 | FPS:     31 | Actor Loss: -0.0003 | Critic Loss: 0.0509 | HAN Grad: 0.0000 | HAN Δ: 0.000000 | HAN Metapaths: 0
2026-07-30 10:52:03,520 | INFO |   Phase | Rollout: 24.41s | PPO update: 8.72s
2026-07-30 10:52:03,520 | INFO |   Env | HO: 93.05% | Cont: 98.53% | Task: 93.60% | Resolved: 100.00% | Delay: 1.515s | Energy: 1939.24J | MEC fair: 0.954
2026-07-30 10:52:03,520 | INFO |   Reward | Success: 330.76 | Delay: -56.43 | Energy: -0.59 | TaskFail: -22.60 | Interrupt: -4.51 | HOFail: -0.10
2026-07-30 10:52:35,931 | INFO | Update   24 | Steps:  24,576 | Episodes:    48 | EpReward:   111.09 | FPS:     32 | Actor Loss: 0.0003 | Critic Loss: 0.0505 | HAN Grad: 0.0000 | HAN Δ: 0.000000 | HAN Metapaths: 0
2026-07-30 10:52:35,932 | INFO |   Phase | Rollout: 23.94s | PPO update: 8.48s
2026-07-30 10:52:35,932 | INFO |   Env | HO: 85.56% | Cont: 98.68% | Task: 93.94% | Resolved: 99.99% | Delay: 1.505s | Energy: 1919.75J | MEC fair: 0.953
2026-07-30 10:52:35,932 | INFO |   Reward | Success: 328.92 | Delay: -55.83 | Energy: -0.58 | TaskFail: -21.20 | Interrupt: -4.06 | HOFail: -0.21
2026-07-30 10:53:10,565 | INFO | Update   25 | Steps:  25,600 | Episodes:    50 | EpReward:   111.73 | FPS:     30 | Actor Loss: -0.0003 | Critic Loss: 0.0463 | HAN Grad: 0.0000 | HAN Δ: 0.000000 | HAN Metapaths: 0
2026-07-30 10:53:10,565 | INFO |   Phase | Rollout: 26.17s | PPO update: 8.46s
2026-07-30 10:53:10,565 | INFO |   Env | HO: 92.74% | Cont: 98.27% | Task: 94.15% | Resolved: 100.00% | Delay: 1.428s | Energy: 1857.17J | MEC fair: 0.956
2026-07-30 10:53:10,565 | INFO |   Reward | Success: 335.64 | Delay: -54.59 | Energy: -0.58 | TaskFail: -20.84 | Interrupt: -5.30 | HOFail: -0.10
2026-07-30 10:53:10,565 | INFO | ----------------------------------------
2026-07-30 10:53:10,565 | INFO | 开始评估...
2026-07-30 10:55:05,397 | INFO | 评估结果: 奖励 = 107.53 ± 4.41, 长度 = 512, 时延 = 1.850s, 能耗 = 12158.35J, MEC公平性 = 0.955
2026-07-30 10:55:05,397 | INFO | 新的最佳模型 (reward): score = 107.5250, delay = 1.850s, completion = 88.90%, continuity = 98.64%, mec_fairness = 0.955
2026-07-30 10:55:05,426 | INFO | 模型已保存: /home/pjpjq/LEO_switch/results/baseline_compare/multiuser_scaling_multiuser_single_seed_v5_20260728/u25/learned_baselines/mappo_no_han/best_model.pt
2026-07-30 10:55:05,427 | INFO | 新的最佳奖励: 107.53
2026-07-30 10:55:05,427 | INFO | ----------------------------------------
2026-07-30 10:55:39,336 | INFO | Update   26 | Steps:  26,624 | Episodes:    52 | EpReward:   112.17 | FPS:     30 | Actor Loss: 0.0001 | Critic Loss: 0.0432 | HAN Grad: 0.0000 | HAN Δ: 0.000000 | HAN Metapaths: 0
2026-07-30 10:55:39,337 | INFO |   Phase | Rollout: 25.23s | PPO update: 8.67s
2026-07-30 10:55:39,337 | INFO |   Env | HO: 88.62% | Cont: 98.63% | Task: 92.75% | Resolved: 99.97% | Delay: 1.579s | Energy: 2071.01J | MEC fair: 0.954
2026-07-30 10:55:39,337 | INFO |   Reward | Success: 335.40 | Delay: -57.88 | Energy: -0.60 | TaskFail: -26.20 | Interrupt: -4.21 | HOFail: -0.15
2026-07-30 10:56:11,472 | INFO | Update   27 | Steps:  27,648 | Episodes:    54 | EpReward:   112.67 | FPS:     32 | Actor Loss: -0.0009 | Critic Loss: 0.0290 | HAN Grad: 0.0000 | HAN Δ: 0.000000 | HAN Metapaths: 0
2026-07-30 10:56:11,472 | INFO |   Phase | Rollout: 24.67s | PPO update: 7.47s
2026-07-30 10:56:11,472 | INFO |   Env | HO: 90.91% | Cont: 98.42% | Task: 93.67% | Resolved: 99.98% | Delay: 1.462s | Energy: 1903.61J | MEC fair: 0.954
2026-07-30 10:56:11,472 | INFO |   Reward | Success: 334.04 | Delay: -54.72 | Energy: -0.59 | TaskFail: -22.56 | Interrupt: -4.84 | HOFail: -0.10
2026-07-30 10:56:46,417 | INFO | Update   28 | Steps:  28,672 | Episodes:    56 | EpReward:   113.22 | FPS:     29 | Actor Loss: -0.0002 | Critic Loss: 0.0423 | HAN Grad: 0.0000 | HAN Δ: 0.000000 | HAN Metapaths: 0
2026-07-30 10:56:46,417 | INFO |   Phase | Rollout: 25.49s | PPO update: 9.45s
2026-07-30 10:56:46,417 | INFO |   Env | HO: 92.16% | Cont: 98.70% | Task: 93.87% | Resolved: 99.98% | Delay: 1.421s | Energy: 1866.49J | MEC fair: 0.955
2026-07-30 10:56:46,417 | INFO |   Reward | Success: 336.36 | Delay: -53.67 | Energy: -0.57 | TaskFail: -21.96 | Interrupt: -3.98 | HOFail: -0.06
2026-07-30 10:57:21,967 | INFO | Update   29 | Steps:  29,696 | Episodes:    58 | EpReward:   113.52 | FPS:     29 | Actor Loss: -0.0002 | Critic Loss: 0.0403 | HAN Grad: 0.0000 | HAN Δ: 0.000000 | HAN Metapaths: 0
2026-07-30 10:57:21,967 | INFO |   Phase | Rollout: 25.85s | PPO update: 9.70s
2026-07-30 10:57:21,967 | INFO |   Env | HO: 85.33% | Cont: 98.54% | Task: 92.91% | Resolved: 99.98% | Delay: 1.538s | Energy: 1970.59J | MEC fair: 0.955
2026-07-30 10:57:21,967 | INFO |   Reward | Success: 330.12 | Delay: -55.68 | Energy: -0.58 | TaskFail: -25.20 | Interrupt: -4.47 | HOFail: -0.18
2026-07-30 10:57:53,738 | INFO | Update   30 | Steps:  30,720 | Episodes:    60 | EpReward:   113.86 | FPS:     32 | Actor Loss: -0.0003 | Critic Loss: 0.0302 | HAN Grad: 0.0000 | HAN Δ: 0.000000 | HAN Metapaths: 0
2026-07-30 10:57:53,739 | INFO |   Phase | Rollout: 24.08s | PPO update: 7.69s
2026-07-30 10:57:53,739 | INFO |   Env | HO: 91.95% | Cont: 98.86% | Task: 92.72% | Resolved: 99.96% | Delay: 1.535s | Energy: 1989.36J | MEC fair: 0.954
2026-07-30 10:57:53,739 | INFO |   Reward | Success: 333.36 | Delay: -55.88 | Energy: -0.57 | TaskFail: -26.16 | Interrupt: -3.49 | HOFail: -0.06
2026-07-30 10:58:28,665 | INFO | Update   31 | Steps:  31,744 | Episodes:    62 | EpReward:   114.04 | FPS:     29 | Actor Loss: 0.0002 | Critic Loss: 0.0425 | HAN Grad: 0.0000 | HAN Δ: 0.000000 | HAN Metapaths: 0
2026-07-30 10:58:28,665 | INFO |   Phase | Rollout: 25.37s | PPO update: 9.55s
2026-07-30 10:58:28,665 | INFO |   Env | HO: 89.86% | Cont: 98.39% | Task: 92.27% | Resolved: 99.99% | Delay: 1.585s | Energy: 2013.09J | MEC fair: 0.954
2026-07-30 10:58:28,665 | INFO |   Reward | Success: 327.36 | Delay: -55.20 | Energy: -0.57 | TaskFail: -27.44 | Interrupt: -4.95 | HOFail: -0.17
2026-07-30 10:59:00,485 | INFO | Update   32 | Steps:  32,768 | Episodes:    64 | EpReward:   114.34 | FPS:     32 | Actor Loss: 0.0001 | Critic Loss: 0.0429 | HAN Grad: 0.0000 | HAN Δ: 0.000000 | HAN Metapaths: 0
2026-07-30 10:59:00,485 | INFO |   Phase | Rollout: 24.57s | PPO update: 7.25s
2026-07-30 10:59:00,485 | INFO |   Env | HO: 90.74% | Cont: 98.77% | Task: 92.44% | Resolved: 99.99% | Delay: 1.566s | Energy: 2053.62J | MEC fair: 0.954
2026-07-30 10:59:00,485 | INFO |   Reward | Success: 335.36 | Delay: -55.97 | Energy: -0.58 | TaskFail: -27.44 | Interrupt: -3.77 | HOFail: -0.04
2026-07-30 10:59:36,479 | INFO | Update   33 | Steps:  33,792 | Episodes:    66 | EpReward:   114.54 | FPS:     28 | Actor Loss: 0.0003 | Critic Loss: 0.0268 | HAN Grad: 0.0000 | HAN Δ: 0.000000 | HAN Metapaths: 0
2026-07-30 10:59:36,480 | INFO |   Phase | Rollout: 25.73s | PPO update: 10.26s
2026-07-30 10:59:36,480 | INFO |   Env | HO: 86.15% | Cont: 98.82% | Task: 92.80% | Resolved: 99.98% | Delay: 1.536s | Energy: 1946.08J | MEC fair: 0.955
2026-07-30 10:59:36,480 | INFO |   Reward | Success: 326.00 | Delay: -54.48 | Energy: -0.56 | TaskFail: -25.28 | Interrupt: -3.63 | HOFail: -0.07
2026-07-30 11:00:08,469 | INFO | Update   34 | Steps:  34,816 | Episodes:    68 | EpReward:   115.15 | FPS:     32 | Actor Loss: -0.0004 | Critic Loss: 0.0389 | HAN Grad: 0.0000 | HAN Δ: 0.000000 | HAN Metapaths: 0
2026-07-30 11:00:08,470 | INFO |   Phase | Rollout: 24.67s | PPO update: 7.32s
2026-07-30 11:00:08,470 | INFO |   Env | HO: 91.36% | Cont: 98.15% | Task: 95.35% | Resolved: 99.96% | Delay: 1.263s | Energy: 1693.65J | MEC fair: 0.954
2026-07-30 11:00:08,470 | INFO |   Reward | Success: 343.88 | Delay: -50.51 | Energy: -0.56 | TaskFail: -16.76 | Interrupt: -5.67 | HOFail: -0.08
2026-07-30 11:00:43,212 | INFO | Update   35 | Steps:  35,840 | Episodes:    70 | EpReward:   115.42 | FPS:     29 | Actor Loss: -0.0007 | Critic Loss: 0.0257 | HAN Grad: 0.0000 | HAN Δ: 0.000000 | HAN Metapaths: 0
2026-07-30 11:00:43,212 | INFO |   Phase | Rollout: 25.85s | PPO update: 8.90s
2026-07-30 11:00:43,212 | INFO |   Env | HO: 90.74% | Cont: 98.47% | Task: 93.09% | Resolved: 99.96% | Delay: 1.469s | Energy: 1885.87J | MEC fair: 0.953
2026-07-30 11:00:43,213 | INFO |   Reward | Success: 332.04 | Delay: -52.94 | Energy: -0.56 | TaskFail: -24.64 | Interrupt: -4.70 | HOFail: -0.07
2026-07-30 11:01:15,989 | INFO | Update   36 | Steps:  36,864 | Episodes:    72 | EpReward:   115.60 | FPS:     31 | Actor Loss: -0.0002 | Critic Loss: 0.0166 | HAN Grad: 0.0000 | HAN Δ: 0.000000 | HAN Metapaths: 0
2026-07-30 11:01:15,989 | INFO |   Phase | Rollout: 25.56s | PPO update: 7.22s
2026-07-30 11:01:15,989 | INFO |   Env | HO: 98.00% | Cont: 98.88% | Task: 92.24% | Resolved: 99.93% | Delay: 1.542s | Energy: 2000.83J | MEC fair: 0.955
2026-07-30 11:01:15,989 | INFO |   Reward | Success: 329.24 | Delay: -53.90 | Energy: -0.56 | TaskFail: -27.68 | Interrupt: -3.45 | HOFail: -0.01
2026-07-30 11:01:50,840 | INFO | Update   37 | Steps:  37,888 | Episodes:    74 | EpReward:   115.87 | FPS:     29 | Actor Loss: -0.0004 | Critic Loss: 0.0248 | HAN Grad: 0.0000 | HAN Δ: 0.000000 | HAN Metapaths: 0
2026-07-30 11:01:50,840 | INFO |   Phase | Rollout: 25.24s | PPO update: 9.61s
2026-07-30 11:01:50,840 | INFO |   Env | HO: 92.31% | Cont: 98.51% | Task: 93.06% | Resolved: 99.99% | Delay: 1.441s | Energy: 1866.22J | MEC fair: 0.954
2026-07-30 11:01:50,840 | INFO |   Reward | Success: 334.44 | Delay: -52.45 | Energy: -0.55 | TaskFail: -24.96 | Interrupt: -4.58 | HOFail: -0.22
2026-07-30 11:02:23,582 | INFO | Update   38 | Steps:  38,912 | Episodes:    76 | EpReward:   115.94 | FPS:     31 | Actor Loss: 0.0000 | Critic Loss: 0.0480 | HAN Grad: 0.0000 | HAN Δ: 0.000000 | HAN Metapaths: 0
2026-07-30 11:02:23,582 | INFO |   Phase | Rollout: 25.03s | PPO update: 7.71s
2026-07-30 11:02:23,582 | INFO |   Env | HO: 86.21% | Cont: 98.87% | Task: 91.49% | Resolved: 99.99% | Delay: 1.622s | Energy: 2077.60J | MEC fair: 0.954
2026-07-30 11:02:23,582 | INFO |   Reward | Success: 327.40 | Delay: -55.89 | Energy: -0.57 | TaskFail: -30.44 | Interrupt: -3.47 | HOFail: -0.03
2026-07-30 11:02:55,577 | INFO | Update   39 | Steps:  39,936 | Episodes:    78 | EpReward:   116.40 | FPS:     32 | Actor Loss: -0.0002 | Critic Loss: 0.0390 | HAN Grad: 0.0000 | HAN Δ: 0.000000 | HAN Metapaths: 0
2026-07-30 11:02:55,578 | INFO |   Phase | Rollout: 23.12s | PPO update: 8.88s
2026-07-30 11:02:55,578 | INFO |   Env | HO: 92.20% | Cont: 98.23% | Task: 95.22% | Resolved: 100.00% | Delay: 1.291s | Energy: 1739.16J | MEC fair: 0.953
2026-07-30 11:02:55,578 | INFO |   Reward | Success: 342.72 | Delay: -51.80 | Energy: -0.57 | TaskFail: -17.20 | Interrupt: -5.43 | HOFail: -0.13
2026-07-30 11:03:31,501 | INFO | Update   40 | Steps:  40,960 | Episodes:    80 | EpReward:   116.78 | FPS:     29 | Actor Loss: -0.0003 | Critic Loss: 0.0258 | HAN Grad: 0.0000 | HAN Δ: 0.000000 | HAN Metapaths: 0
2026-07-30 11:03:31,501 | INFO |   Phase | Rollout: 25.63s | PPO update: 10.29s
2026-07-30 11:03:31,501 | INFO |   Env | HO: 89.74% | Cont: 98.37% | Task: 94.13% | Resolved: 99.98% | Delay: 1.363s | Energy: 1833.57J | MEC fair: 0.953
2026-07-30 11:03:31,501 | INFO |   Reward | Success: 341.80 | Delay: -51.98 | Energy: -0.56 | TaskFail: -21.32 | Interrupt: -5.02 | HOFail: -0.19
2026-07-30 11:04:04,987 | INFO | Update   41 | Steps:  41,984 | Episodes:    82 | EpReward:   117.10 | FPS:     31 | Actor Loss: -0.0004 | Critic Loss: 0.0412 | HAN Grad: 0.0000 | HAN Δ: 0.000000 | HAN Metapaths: 0
2026-07-30 11:04:04,988 | INFO |   Phase | Rollout: 25.27s | PPO update: 8.22s
2026-07-30 11:04:04,988 | INFO |   Env | HO: 92.56% | Cont: 98.15% | Task: 94.22% | Resolved: 100.00% | Delay: 1.374s | Energy: 1820.36J | MEC fair: 0.953
2026-07-30 11:04:04,988 | INFO |   Reward | Success: 340.16 | Delay: -52.38 | Energy: -0.56 | TaskFail: -20.88 | Interrupt: -5.68 | HOFail: -0.23
2026-07-30 11:04:37,050 | INFO | Update   42 | Steps:  43,008 | Episodes:    84 | EpReward:   117.41 | FPS:     32 | Actor Loss: 0.0001 | Critic Loss: 0.0355 | HAN Grad: 0.0000 | HAN Δ: 0.000000 | HAN Metapaths: 0
2026-07-30 11:04:37,062 | INFO |   Phase | Rollout: 24.43s | PPO update: 7.63s
2026-07-30 11:04:37,062 | INFO |   Env | HO: 94.38% | Cont: 98.49% | Task: 93.88% | Resolved: 100.00% | Delay: 1.400s | Energy: 1862.86J | MEC fair: 0.953
2026-07-30 11:04:37,062 | INFO |   Reward | Success: 339.12 | Delay: -52.12 | Energy: -0.56 | TaskFail: -22.12 | Interrupt: -4.63 | HOFail: -0.07
2026-07-30 11:05:12,258 | INFO | Update   43 | Steps:  44,032 | Episodes:    86 | EpReward:   117.66 | FPS:     29 | Actor Loss: 0.0000 | Critic Loss: 0.0262 | HAN Grad: 0.0000 | HAN Δ: 0.000000 | HAN Metapaths: 0
2026-07-30 11:05:12,265 | INFO |   Phase | Rollout: 25.52s | PPO update: 9.68s
2026-07-30 11:05:12,265 | INFO |   Env | HO: 95.83% | Cont: 98.55% | Task: 93.56% | Resolved: 100.00% | Delay: 1.420s | Energy: 1876.05J | MEC fair: 0.952
2026-07-30 11:05:12,265 | INFO |   Reward | Success: 337.04 | Delay: -52.38 | Energy: -0.56 | TaskFail: -23.20 | Interrupt: -4.46 | HOFail: -0.04
2026-07-30 11:05:45,351 | INFO | Update   44 | Steps:  45,056 | Episodes:    88 | EpReward:   117.90 | FPS:     31 | Actor Loss: 0.0001 | Critic Loss: 0.0391 | HAN Grad: 0.0000 | HAN Δ: 0.000000 | HAN Metapaths: 0
2026-07-30 11:05:45,352 | INFO |   Phase | Rollout: 24.89s | PPO update: 8.20s
2026-07-30 11:05:45,352 | INFO |   Env | HO: 92.37% | Cont: 98.73% | Task: 93.59% | Resolved: 99.99% | Delay: 1.400s | Energy: 1832.68J | MEC fair: 0.952
2026-07-30 11:05:45,352 | INFO |   Reward | Success: 335.24 | Delay: -50.99 | Energy: -0.55 | TaskFail: -22.96 | Interrupt: -3.91 | HOFail: -0.08
2026-07-30 11:06:19,417 | INFO | Update   45 | Steps:  46,080 | Episodes:    90 | EpReward:   118.14 | FPS:     30 | Actor Loss: -0.0001 | Critic Loss: 0.0480 | HAN Grad: 0.0000 | HAN Δ: 0.000000 | HAN Metapaths: 0
2026-07-30 11:06:19,417 | INFO |   Phase | Rollout: 26.17s | PPO update: 7.90s
2026-07-30 11:06:19,417 | INFO |   Env | HO: 87.30% | Cont: 98.66% | Task: 93.88% | Resolved: 99.97% | Delay: 1.388s | Energy: 1831.82J | MEC fair: 0.952
2026-07-30 11:06:19,417 | INFO |   Reward | Success: 336.00 | Delay: -51.90 | Energy: -0.55 | TaskFail: -21.92 | Interrupt: -4.12 | HOFail: -0.19
2026-07-30 11:06:52,906 | INFO | Update   46 | Steps:  47,104 | Episodes:    92 | EpReward:   118.45 | FPS:     31 | Actor Loss: -0.0001 | Critic Loss: 0.0488 | HAN Grad: 0.0000 | HAN Δ: 0.000000 | HAN Metapaths: 0
2026-07-30 11:06:52,906 | INFO |   Phase | Rollout: 25.79s | PPO update: 7.70s
2026-07-30 11:06:52,906 | INFO |   Env | HO: 93.98% | Cont: 98.12% | Task: 95.37% | Resolved: 99.99% | Delay: 1.249s | Energy: 1633.49J | MEC fair: 0.953
2026-07-30 11:06:52,906 | INFO |   Reward | Success: 335.44 | Delay: -47.98 | Energy: -0.54 | TaskFail: -16.28 | Interrupt: -5.76 | HOFail: -0.10
2026-07-30 11:07:25,443 | INFO | Update   47 | Steps:  48,128 | Episodes:    94 | EpReward:   118.76 | FPS:     31 | Actor Loss: 0.0004 | Critic Loss: 0.0430 | HAN Grad: 0.0000 | HAN Δ: 0.000000 | HAN Metapaths: 0
2026-07-30 11:07:25,443 | INFO |   Phase | Rollout: 25.35s | PPO update: 7.19s
2026-07-30 11:07:25,443 | INFO |   Env | HO: 91.77% | Cont: 98.24% | Task: 95.33% | Resolved: 99.99% | Delay: 1.234s | Energy: 1618.12J | MEC fair: 0.954
2026-07-30 11:07:25,443 | INFO |   Reward | Success: 336.64 | Delay: -47.75 | Energy: -0.52 | TaskFail: -16.48 | Interrupt: -5.40 | HOFail: -0.15
2026-07-30 11:08:01,620 | INFO | Update   48 | Steps:  49,152 | Episodes:    96 | EpReward:   119.09 | FPS:     28 | Actor Loss: -0.0002 | Critic Loss: 0.0462 | HAN Grad: 0.0000 | HAN Δ: 0.000000 | HAN Metapaths: 0
2026-07-30 11:08:01,621 | INFO |   Phase | Rollout: 25.89s | PPO update: 10.29s
2026-07-30 11:08:01,621 | INFO |   Env | HO: 90.76% | Cont: 98.24% | Task: 94.69% | Resolved: 99.96% | Delay: 1.256s | Energy: 1664.90J | MEC fair: 0.952
2026-07-30 11:08:01,621 | INFO |   Reward | Success: 342.52 | Delay: -48.05 | Energy: -0.52 | TaskFail: -19.20 | Interrupt: -5.41 | HOFail: -0.18
2026-07-30 11:08:34,675 | INFO | Update   49 | Steps:  50,176 | Episodes:    98 | EpReward:   119.31 | FPS:     31 | Actor Loss: -0.0000 | Critic Loss: 0.0439 | HAN Grad: 0.0000 | HAN Δ: 0.000000 | HAN Metapaths: 0
2026-07-30 11:08:34,675 | INFO |   Phase | Rollout: 25.86s | PPO update: 7.19s
2026-07-30 11:08:34,675 | INFO |   Env | HO: 88.10% | Cont: 98.49% | Task: 94.17% | Resolved: 100.00% | Delay: 1.344s | Energy: 1757.09J | MEC fair: 0.953
2026-07-30 11:08:34,675 | INFO |   Reward | Success: 334.68 | Delay: -49.21 | Energy: -0.52 | TaskFail: -20.72 | Interrupt: -4.65 | HOFail: -0.24
2026-07-30 11:08:34,675 | INFO | ----------------------------------------
2026-07-30 11:08:34,675 | INFO | 开始评估...
2026-07-30 11:10:31,780 | INFO | 评估结果: 奖励 = 118.38 ± 6.00, 长度 = 512, 时延 = 1.544s, 能耗 = 10457.74J, MEC公平性 = 0.954
2026-07-30 11:10:31,781 | INFO | 新的最佳模型 (reward): score = 118.3782, delay = 1.544s, completion = 90.43%, continuity = 98.64%, mec_fairness = 0.954
2026-07-30 11:10:31,810 | INFO | 模型已保存: /home/pjpjq/LEO_switch/results/baseline_compare/multiuser_scaling_multiuser_single_seed_v5_20260728/u25/learned_baselines/mappo_no_han/best_model.pt
2026-07-30 11:10:31,811 | INFO | 新的最佳奖励: 118.38
2026-07-30 11:10:31,811 | INFO | ----------------------------------------
2026-07-30 11:10:31,851 | INFO | 模型已保存: /home/pjpjq/LEO_switch/results/baseline_compare/multiuser_scaling_multiuser_single_seed_v5_20260728/u25/learned_baselines/mappo_no_han/checkpoint_50176.pt
2026-07-30 11:11:03,964 | INFO | Update   50 | Steps:  51,200 | Episodes:   100 | EpReward:   119.56 | FPS:     32 | Actor Loss: -0.0005 | Critic Loss: 0.0416 | HAN Grad: 0.0000 | HAN Δ: 0.000000 | HAN Metapaths: 0
2026-07-30 11:11:03,965 | INFO |   Phase | Rollout: 24.62s | PPO update: 7.49s
2026-07-30 11:11:03,965 | INFO |   Env | HO: 92.49% | Cont: 98.70% | Task: 94.46% | Resolved: 100.00% | Delay: 1.290s | Energy: 1704.20J | MEC fair: 0.953
2026-07-30 11:11:03,965 | INFO |   Reward | Success: 336.48 | Delay: -48.70 | Energy: -0.51 | TaskFail: -19.72 | Interrupt: -3.99 | HOFail: -0.10
2026-07-30 11:11:36,038 | INFO | Update   51 | Steps:  52,224 | Episodes:   102 | EpReward:   120.63 | FPS:     32 | Actor Loss: -0.0007 | Critic Loss: 0.0337 | HAN Grad: 0.0000 | HAN Δ: 0.000000 | HAN Metapaths: 0
2026-07-30 11:11:36,038 | INFO |   Phase | Rollout: 24.70s | PPO update: 7.38s
2026-07-30 11:11:36,039 | INFO |   Env | HO: 94.85% | Cont: 97.91% | Task: 96.07% | Resolved: 99.97% | Delay: 1.076s | Energy: 1458.50J | MEC fair: 0.953
2026-07-30 11:11:36,039 | INFO |   Reward | Success: 344.08 | Delay: -43.70 | Energy: -0.49 | TaskFail: -14.08 | Interrupt: -6.43 | HOFail: -0.26
2026-07-30 11:12:08,836 | INFO | Update   52 | Steps:  53,248 | Episodes:   104 | EpReward:   121.50 | FPS:     31 | Actor Loss: 0.0004 | Critic Loss: 0.0455 | HAN Grad: 0.0000 | HAN Δ: 0.000000 | HAN Metapaths: 0
2026-07-30 11:12:08,836 | INFO |   Phase | Rollout: 25.05s | PPO update: 7.75s
2026-07-30 11:12:08,836 | INFO |   Env | HO: 86.75% | Cont: 98.38% | Task: 94.26% | Resolved: 99.97% | Delay: 1.326s | Energy: 1722.93J | MEC fair: 0.953
2026-07-30 11:12:08,836 | INFO |   Reward | Success: 333.88 | Delay: -48.23 | Energy: -0.51 | TaskFail: -20.32 | Interrupt: -4.97 | HOFail: -0.26
2026-07-30 11:12:42,859 | INFO | Update   53 | Steps:  54,272 | Episodes:   106 | EpReward:   122.20 | FPS:     30 | Actor Loss: -0.0009 | Critic Loss: 0.0349 | HAN Grad: 0.0000 | HAN Δ: 0.000000 | HAN Metapaths: 0
2026-07-30 11:12:42,859 | INFO |   Phase | Rollout: 25.39s | PPO update: 8.63s
2026-07-30 11:12:42,859 | INFO |   Env | HO: 94.59% | Cont: 98.25% | Task: 94.11% | Resolved: 99.99% | Delay: 1.324s | Energy: 1742.30J | MEC fair: 0.952
2026-07-30 11:12:42,859 | INFO |   Reward | Success: 337.84 | Delay: -48.62 | Energy: -0.52 | TaskFail: -21.16 | Interrupt: -5.37 | HOFail: -0.22
2026-07-30 11:13:17,480 | INFO | Update   54 | Steps:  55,296 | Episodes:   108 | EpReward:   122.98 | FPS:     30 | Actor Loss: -0.0001 | Critic Loss: 0.0558 | HAN Grad: 0.0000 | HAN Δ: 0.000000 | HAN Metapaths: 0
2026-07-30 11:13:17,486 | INFO |   Phase | Rollout: 25.07s | PPO update: 9.55s
2026-07-30 11:13:17,487 | INFO |   Env | HO: 92.13% | Cont: 98.22% | Task: 94.84% | Resolved: 100.00% | Delay: 1.248s | Energy: 1663.88J | MEC fair: 0.953
2026-07-30 11:13:17,487 | INFO |   Reward | Success: 340.24 | Delay: -47.85 | Energy: -0.52 | TaskFail: -18.52 | Interrupt: -5.47 | HOFail: -0.11
2026-07-30 11:13:50,296 | INFO | Update   55 | Steps:  56,320 | Episodes:   110 | EpReward:   123.53 | FPS:     31 | Actor Loss: -0.0001 | Critic Loss: 0.0385 | HAN Grad: 0.0000 | HAN Δ: 0.000000 | HAN Metapaths: 0
2026-07-30 11:13:50,296 | INFO |   Phase | Rollout: 25.13s | PPO update: 7.67s
2026-07-30 11:13:50,296 | INFO |   Env | HO: 93.29% | Cont: 98.52% | Task: 93.90% | Resolved: 99.98% | Delay: 1.321s | Energy: 1690.10J | MEC fair: 0.953
2026-07-30 11:13:50,296 | INFO |   Reward | Success: 328.40 | Delay: -47.60 | Energy: -0.50 | TaskFail: -21.32 | Interrupt: -4.56 | HOFail: -0.08
2026-07-30 11:14:24,464 | INFO | Update   56 | Steps:  57,344 | Episodes:   112 | EpReward:   124.14 | FPS:     30 | Actor Loss: -0.0003 | Critic Loss: 0.0325 | HAN Grad: 0.0000 | HAN Δ: 0.000000 | HAN Metapaths: 0
2026-07-30 11:14:24,464 | INFO |   Phase | Rollout: 25.15s | PPO update: 9.02s
2026-07-30 11:14:24,464 | INFO |   Env | HO: 85.25% | Cont: 98.40% | Task: 94.30% | Resolved: 99.97% | Delay: 1.274s | Energy: 1681.31J | MEC fair: 0.954
2026-07-30 11:14:24,464 | INFO |   Reward | Success: 338.60 | Delay: -47.50 | Energy: -0.51 | TaskFail: -20.48 | Interrupt: -4.93 | HOFail: -0.15
2026-07-30 11:15:00,048 | INFO | Update   57 | Steps:  58,368 | Episodes:   114 | EpReward:   124.72 | FPS:     29 | Actor Loss: 0.0004 | Critic Loss: 0.0416 | HAN Grad: 0.0000 | HAN Δ: 0.000000 | HAN Metapaths: 0
2026-07-30 11:15:00,048 | INFO |   Phase | Rollout: 24.62s | PPO update: 10.96s
2026-07-30 11:15:00,048 | INFO |   Env | HO: 92.37% | Cont: 98.40% | Task: 94.39% | Resolved: 99.99% | Delay: 1.238s | Energy: 1649.05J | MEC fair: 0.953
2026-07-30 11:15:00,048 | INFO |   Reward | Success: 339.08 | Delay: -46.38 | Energy: -0.50 | TaskFail: -20.16 | Interrupt: -4.92 | HOFail: -0.07
2026-07-30 11:15:36,766 | INFO | Update   58 | Steps:  59,392 | Episodes:   116 | EpReward:   125.11 | FPS:     28 | Actor Loss: 0.0001 | Critic Loss: 0.0360 | HAN Grad: 0.0000 | HAN Δ: 0.000000 | HAN Metapaths: 0
2026-07-30 11:15:36,766 | INFO |   Phase | Rollout: 25.55s | PPO update: 11.16s
2026-07-30 11:15:36,766 | INFO |   Env | HO: 92.79% | Cont: 98.83% | Task: 93.61% | Resolved: 99.99% | Delay: 1.391s | Energy: 1802.41J | MEC fair: 0.951
2026-07-30 11:15:36,766 | INFO |   Reward | Success: 334.36 | Delay: -49.07 | Energy: -0.51 | TaskFail: -22.84 | Interrupt: -3.59 | HOFail: -0.06
2026-07-30 11:16:13,246 | INFO | Update   59 | Steps:  60,416 | Episodes:   118 | EpReward:   125.53 | FPS:     28 | Actor Loss: -0.0001 | Critic Loss: 0.0371 | HAN Grad: 0.0000 | HAN Δ: 0.000000 | HAN Metapaths: 0
2026-07-30 11:16:13,247 | INFO |   Phase | Rollout: 25.68s | PPO update: 10.80s
2026-07-30 11:16:13,247 | INFO |   Env | HO: 93.92% | Cont: 98.48% | Task: 94.27% | Resolved: 99.98% | Delay: 1.326s | Energy: 1748.02J | MEC fair: 0.953
2026-07-30 11:16:13,247 | INFO |   Reward | Success: 337.16 | Delay: -49.36 | Energy: -0.53 | TaskFail: -20.48 | Interrupt: -4.68 | HOFail: -0.07
2026-07-30 11:16:48,864 | INFO | Update   60 | Steps:  61,440 | Episodes:   120 | EpReward:   126.13 | FPS:     29 | Actor Loss: -0.0012 | Critic Loss: 0.0324 | HAN Grad: 0.0000 | HAN Δ: 0.000000 | HAN Metapaths: 0
2026-07-30 11:16:48,865 | INFO |   Phase | Rollout: 25.87s | PPO update: 9.74s
2026-07-30 11:16:48,865 | INFO |   Env | HO: 92.00% | Cont: 97.93% | Task: 95.90% | Resolved: 100.00% | Delay: 1.101s | Energy: 1475.08J | MEC fair: 0.953
2026-07-30 11:16:48,865 | INFO |   Reward | Success: 341.76 | Delay: -43.30 | Energy: -0.49 | TaskFail: -14.60 | Interrupt: -6.35 | HOFail: -0.19
2026-07-30 11:17:23,543 | INFO | Update   61 | Steps:  62,464 | Episodes:   122 | EpReward:   126.53 | FPS:     30 | Actor Loss: -0.0005 | Critic Loss: 0.0199 | HAN Grad: 0.0000 | HAN Δ: 0.000000 | HAN Metapaths: 0
2026-07-30 11:17:23,543 | INFO |   Phase | Rollout: 25.22s | PPO update: 9.46s
2026-07-30 11:17:23,543 | INFO |   Env | HO: 80.73% | Cont: 98.01% | Task: 95.65% | Resolved: 99.98% | Delay: 1.104s | Energy: 1461.17J | MEC fair: 0.953
2026-07-30 11:17:23,543 | INFO |   Reward | Success: 339.28 | Delay: -43.31 | Energy: -0.48 | TaskFail: -15.44 | Interrupt: -6.11 | HOFail: -0.42
2026-07-30 11:17:59,363 | INFO | Update   62 | Steps:  63,488 | Episodes:   124 | EpReward:   126.93 | FPS:     29 | Actor Loss: -0.0007 | Critic Loss: 0.0489 | HAN Grad: 0.0000 | HAN Δ: 0.000000 | HAN Metapaths: 0
2026-07-30 11:17:59,364 | INFO |   Phase | Rollout: 25.41s | PPO update: 10.41s
2026-07-30 11:17:59,364 | INFO |   Env | HO: 88.03% | Cont: 98.36% | Task: 93.92% | Resolved: 99.98% | Delay: 1.318s | Energy: 1732.44J | MEC fair: 0.953
2026-07-30 11:17:59,364 | INFO |   Reward | Success: 337.80 | Delay: -47.88 | Energy: -0.52 | TaskFail: -21.88 | Interrupt: -5.05 | HOFail: -0.11
2026-07-30 11:18:33,943 | INFO | Update   63 | Steps:  64,512 | Episodes:   126 | EpReward:   127.28 | FPS:     30 | Actor Loss: 0.0006 | Critic Loss: 0.0501 | HAN Grad: 0.0000 | HAN Δ: 0.000000 | HAN Metapaths: 0
2026-07-30 11:18:33,943 | INFO |   Phase | Rollout: 25.23s | PPO update: 9.35s
2026-07-30 11:18:33,943 | INFO |   Env | HO: 88.36% | Cont: 98.66% | Task: 93.73% | Resolved: 99.98% | Delay: 1.329s | Energy: 1753.10J | MEC fair: 0.954
2026-07-30 11:18:33,943 | INFO |   Reward | Success: 336.32 | Delay: -48.22 | Energy: -0.51 | TaskFail: -22.48 | Interrupt: -4.11 | HOFail: -0.14
2026-07-30 11:19:08,394 | INFO | Update   64 | Steps:  65,536 | Episodes:   128 | EpReward:   127.64 | FPS:     30 | Actor Loss: -0.0001 | Critic Loss: 0.0440 | HAN Grad: 0.0000 | HAN Δ: 0.000000 | HAN Metapaths: 0
2026-07-30 11:19:08,394 | INFO |   Phase | Rollout: 26.07s | PPO update: 8.38s
2026-07-30 11:19:08,394 | INFO |   Env | HO: 86.60% | Cont: 98.37% | Task: 94.46% | Resolved: 99.97% | Delay: 1.296s | Energy: 1733.83J | MEC fair: 0.953
2026-07-30 11:19:08,394 | INFO |   Reward | Success: 342.48 | Delay: -47.95 | Energy: -0.52 | TaskFail: -20.08 | Interrupt: -5.00 | HOFail: -0.22
2026-07-30 11:19:41,914 | INFO | Update   65 | Steps:  66,560 | Episodes:   130 | EpReward:   127.87 | FPS:     31 | Actor Loss: -0.0004 | Critic Loss: 0.0416 | HAN Grad: 0.0000 | HAN Δ: 0.000000 | HAN Metapaths: 0
2026-07-30 11:19:41,914 | INFO |   Phase | Rollout: 25.03s | PPO update: 8.49s
2026-07-30 11:19:41,915 | INFO |   Env | HO: 72.86% | Cont: 98.49% | Task: 93.37% | Resolved: 100.00% | Delay: 1.336s | Energy: 1758.24J | MEC fair: 0.954
2026-07-30 11:19:41,915 | INFO |   Reward | Success: 335.56 | Delay: -48.19 | Energy: -0.51 | TaskFail: -23.84 | Interrupt: -4.65 | HOFail: -0.30
2026-07-30 11:20:15,321 | INFO | Update   66 | Steps:  67,584 | Episodes:   132 | EpReward:   128.03 | FPS:     31 | Actor Loss: -0.0001 | Critic Loss: 0.0438 | HAN Grad: 0.0000 | HAN Δ: 0.000000 | HAN Metapaths: 0
2026-07-30 11:20:15,326 | INFO |   Phase | Rollout: 24.79s | PPO update: 8.62s
2026-07-30 11:20:15,326 | INFO |   Env | HO: 87.92% | Cont: 98.59% | Task: 93.38% | Resolved: 100.00% | Delay: 1.398s | Energy: 1857.22J | MEC fair: 0.953
2026-07-30 11:20:15,326 | INFO |   Reward | Success: 339.08 | Delay: -49.79 | Energy: -0.53 | TaskFail: -24.04 | Interrupt: -4.33 | HOFail: -0.14
2026-07-30 11:20:48,639 | INFO | Update   67 | Steps:  68,608 | Episodes:   134 | EpReward:   128.20 | FPS:     31 | Actor Loss: 0.0000 | Critic Loss: 0.0543 | HAN Grad: 0.0000 | HAN Δ: 0.000000 | HAN Metapaths: 0
2026-07-30 11:20:48,639 | INFO |   Phase | Rollout: 24.34s | PPO update: 8.97s
2026-07-30 11:20:48,639 | INFO |   Env | HO: 86.36% | Cont: 98.65% | Task: 93.69% | Resolved: 99.99% | Delay: 1.374s | Energy: 1782.64J | MEC fair: 0.953
2026-07-30 11:20:48,639 | INFO |   Reward | Success: 331.76 | Delay: -49.26 | Energy: -0.52 | TaskFail: -22.36 | Interrupt: -4.16 | HOFail: -0.17
2026-07-30 11:21:23,310 | INFO | Update   68 | Steps:  69,632 | Episodes:   136 | EpReward:   128.47 | FPS:     30 | Actor Loss: -0.0004 | Critic Loss: 0.0423 | HAN Grad: 0.0000 | HAN Δ: 0.000000 | HAN Metapaths: 0
2026-07-30 11:21:23,311 | INFO |   Phase | Rollout: 24.77s | PPO update: 9.90s
2026-07-30 11:21:23,311 | INFO |   Env | HO: 93.22% | Cont: 98.20% | Task: 95.01% | Resolved: 99.98% | Delay: 1.216s | Energy: 1609.99J | MEC fair: 0.952
2026-07-30 11:21:23,311 | INFO |   Reward | Success: 339.44 | Delay: -46.46 | Energy: -0.51 | TaskFail: -17.84 | Interrupt: -5.52 | HOFail: -0.10
2026-07-30 11:21:57,291 | INFO | Update   69 | Steps:  70,656 | Episodes:   138 | EpReward:   128.69 | FPS:     30 | Actor Loss: -0.0001 | Critic Loss: 0.0489 | HAN Grad: 0.0000 | HAN Δ: 0.000000 | HAN Metapaths: 0
2026-07-30 11:21:57,291 | INFO |   Phase | Rollout: 25.40s | PPO update: 8.58s
2026-07-30 11:21:57,291 | INFO |   Env | HO: 90.07% | Cont: 98.51% | Task: 94.06% | Resolved: 100.00% | Delay: 1.302s | Energy: 1725.78J | MEC fair: 0.952
2026-07-30 11:21:57,291 | INFO |   Reward | Success: 340.16 | Delay: -48.52 | Energy: -0.52 | TaskFail: -21.48 | Interrupt: -4.58 | HOFail: -0.12
2026-07-30 11:22:29,155 | INFO | Update   70 | Steps:  71,680 | Episodes:   140 | EpReward:   128.85 | FPS:     32 | Actor Loss: -0.0003 | Critic Loss: 0.0567 | HAN Grad: 0.0000 | HAN Δ: 0.000000 | HAN Metapaths: 0
2026-07-30 11:22:29,156 | INFO |   Phase | Rollout: 24.69s | PPO update: 7.17s
2026-07-30 11:22:29,156 | INFO |   Env | HO: 90.86% | Cont: 98.31% | Task: 93.32% | Resolved: 99.99% | Delay: 1.358s | Energy: 1775.08J | MEC fair: 0.952
2026-07-30 11:22:29,156 | INFO |   Reward | Success: 337.44 | Delay: -48.86 | Energy: -0.52 | TaskFail: -24.16 | Interrupt: -5.18 | HOFail: -0.22
2026-07-30 11:23:01,980 | INFO | Update   71 | Steps:  72,704 | Episodes:   142 | EpReward:   129.07 | FPS:     31 | Actor Loss: -0.0004 | Critic Loss: 0.0478 | HAN Grad: 0.0000 | HAN Δ: 0.000000 | HAN Metapaths: 0
2026-07-30 11:23:01,981 | INFO |   Phase | Rollout: 25.17s | PPO update: 7.66s
2026-07-30 11:23:01,981 | INFO |   Env | HO: 87.29% | Cont: 98.33% | Task: 94.04% | Resolved: 100.00% | Delay: 1.314s | Energy: 1733.98J | MEC fair: 0.953
2026-07-30 11:23:01,981 | INFO |   Reward | Success: 337.60 | Delay: -47.78 | Energy: -0.52 | TaskFail: -21.40 | Interrupt: -5.14 | HOFail: -0.26
2026-07-30 11:23:36,907 | INFO | Update   72 | Steps:  73,728 | Episodes:   144 | EpReward:   129.34 | FPS:     29 | Actor Loss: -0.0005 | Critic Loss: 0.0406 | HAN Grad: 0.0000 | HAN Δ: 0.000000 | HAN Metapaths: 0
2026-07-30 11:23:36,908 | INFO |   Phase | Rollout: 25.29s | PPO update: 9.64s
2026-07-30 11:23:36,908 | INFO |   Env | HO: 87.12% | Cont: 98.30% | Task: 95.17% | Resolved: 99.96% | Delay: 1.197s | Energy: 1648.58J | MEC fair: 0.954
2026-07-30 11:23:36,908 | INFO |   Reward | Success: 340.40 | Delay: -46.38 | Energy: -0.52 | TaskFail: -17.28 | Interrupt: -5.21 | HOFail: -0.17
2026-07-30 11:24:09,880 | INFO | Update   73 | Steps:  74,752 | Episodes:   146 | EpReward:   129.50 | FPS:     31 | Actor Loss: -0.0006 | Critic Loss: 0.0409 | HAN Grad: 0.0000 | HAN Δ: 0.000000 | HAN Metapaths: 0
2026-07-30 11:24:09,880 | INFO |   Phase | Rollout: 24.84s | PPO update: 8.13s
2026-07-30 11:24:09,880 | INFO |   Env | HO: 81.75% | Cont: 98.55% | Task: 94.12% | Resolved: 99.99% | Delay: 1.346s | Energy: 1794.18J | MEC fair: 0.952
2026-07-30 11:24:09,880 | INFO |   Reward | Success: 340.00 | Delay: -50.90 | Energy: -0.54 | TaskFail: -21.24 | Interrupt: -4.46 | HOFail: -0.38
2026-07-30 11:24:43,359 | INFO | Update   74 | Steps:  75,776 | Episodes:   148 | EpReward:   129.65 | FPS:     31 | Actor Loss: -0.0002 | Critic Loss: 0.0552 | HAN Grad: 0.0000 | HAN Δ: 0.000000 | HAN Metapaths: 0
2026-07-30 11:24:43,359 | INFO |   Phase | Rollout: 24.83s | PPO update: 8.65s
2026-07-30 11:24:43,359 | INFO |   Env | HO: 77.50% | Cont: 98.66% | Task: 94.71% | Resolved: 99.99% | Delay: 1.286s | Energy: 1683.07J | MEC fair: 0.952
2026-07-30 11:24:43,359 | INFO |   Reward | Success: 334.16 | Delay: -48.48 | Energy: -0.52 | TaskFail: -18.68 | Interrupt: -4.12 | HOFail: -0.36
2026-07-30 11:24:43,359 | INFO | ----------------------------------------
2026-07-30 11:24:43,359 | INFO | 开始评估...
2026-07-30 11:26:40,564 | INFO | 评估结果: 奖励 = 117.92 ± 7.24, 长度 = 512, 时延 = 1.553s, 能耗 = 10555.00J, MEC公平性 = 0.954
2026-07-30 11:26:40,564 | INFO | ----------------------------------------
2026-07-30 11:27:12,579 | INFO | Update   75 | Steps:  76,800 | Episodes:   150 | EpReward:   129.84 | FPS:     32 | Actor Loss: 0.0000 | Critic Loss: 0.0455 | HAN Grad: 0.0000 | HAN Δ: 0.000000 | HAN Metapaths: 0
2026-07-30 11:27:12,580 | INFO |   Phase | Rollout: 24.80s | PPO update: 7.21s
2026-07-30 11:27:12,580 | INFO |   Env | HO: 80.77% | Cont: 97.85% | Task: 95.47% | Resolved: 100.00% | Delay: 1.184s | Energy: 1627.57J | MEC fair: 0.953
2026-07-30 11:27:12,580 | INFO |   Reward | Success: 344.20 | Delay: -46.63 | Energy: -0.53 | TaskFail: -16.32 | Interrupt: -6.61 | HOFail: -0.52
2026-07-30 11:27:45,045 | INFO | Update   76 | Steps:  77,824 | Episodes:   152 | EpReward:   130.11 | FPS:     32 | Actor Loss: 0.0000 | Critic Loss: 0.0452 | HAN Grad: 0.0000 | HAN Δ: 0.000000 | HAN Metapaths: 0
2026-07-30 11:27:45,045 | INFO |   Phase | Rollout: 25.31s | PPO update: 7.15s
2026-07-30 11:27:45,045 | INFO |   Env | HO: 78.68% | Cont: 98.16% | Task: 95.38% | Resolved: 99.99% | Delay: 1.227s | Energy: 1657.89J | MEC fair: 0.954
2026-07-30 11:27:45,045 | INFO |   Reward | Success: 343.56 | Delay: -47.40 | Energy: -0.53 | TaskFail: -16.64 | Interrupt: -5.64 | HOFail: -0.46
2026-07-30 11:28:18,674 | INFO | Update   77 | Steps:  78,848 | Episodes:   154 | EpReward:   130.24 | FPS:     30 | Actor Loss: -0.0004 | Critic Loss: 0.0443 | HAN Grad: 0.0000 | HAN Δ: 0.000000 | HAN Metapaths: 0
2026-07-30 11:28:18,674 | INFO |   Phase | Rollout: 25.14s | PPO update: 8.49s
2026-07-30 11:28:18,674 | INFO |   Env | HO: 83.67% | Cont: 98.36% | Task: 94.34% | Resolved: 99.99% | Delay: 1.302s | Energy: 1734.42J | MEC fair: 0.952
2026-07-30 11:28:18,674 | INFO |   Reward | Success: 338.76 | Delay: -47.81 | Energy: -0.53 | TaskFail: -20.32 | Interrupt: -5.03 | HOFail: -0.45
2026-07-30 11:28:52,656 | INFO | Update   78 | Steps:  79,872 | Episodes:   156 | EpReward:   130.44 | FPS:     30 | Actor Loss: -0.0001 | Critic Loss: 0.0468 | HAN Grad: 0.0000 | HAN Δ: 0.000000 | HAN Metapaths: 0
2026-07-30 11:28:52,656 | INFO |   Phase | Rollout: 26.14s | PPO update: 7.84s
2026-07-30 11:28:52,656 | INFO |   Env | HO: 89.16% | Cont: 98.08% | Task: 95.07% | Resolved: 99.96% | Delay: 1.224s | Energy: 1691.84J | MEC fair: 0.952
2026-07-30 11:28:52,656 | INFO |   Reward | Success: 348.60 | Delay: -47.54 | Energy: -0.53 | TaskFail: -18.08 | Interrupt: -5.90 | HOFail: -0.25
2026-07-30 11:29:26,407 | INFO | Update   79 | Steps:  80,896 | Episodes:   158 | EpReward:   130.77 | FPS:     30 | Actor Loss: -0.0003 | Critic Loss: 0.0374 | HAN Grad: 0.0000 | HAN Δ: 0.000000 | HAN Metapaths: 0
2026-07-30 11:29:26,408 | INFO |   Phase | Rollout: 26.01s | PPO update: 7.74s
2026-07-30 11:29:26,408 | INFO |   Env | HO: 83.81% | Cont: 97.98% | Task: 95.83% | Resolved: 100.00% | Delay: 1.125s | Energy: 1538.49J | MEC fair: 0.954
2026-07-30 11:29:26,408 | INFO |   Reward | Success: 344.20 | Delay: -45.25 | Energy: -0.52 | TaskFail: -14.96 | Interrupt: -6.21 | HOFail: -0.36
2026-07-30 11:29:58,356 | INFO | Update   80 | Steps:  81,920 | Episodes:   160 | EpReward:   130.94 | FPS:     32 | Actor Loss: -0.0001 | Critic Loss: 0.0549 | HAN Grad: 0.0000 | HAN Δ: 0.000000 | HAN Metapaths: 0
2026-07-30 11:29:58,358 | INFO |   Phase | Rollout: 24.29s | PPO update: 7.66s
2026-07-30 11:29:58,358 | INFO |   Env | HO: 87.27% | Cont: 98.25% | Task: 94.44% | Resolved: 99.96% | Delay: 1.288s | Energy: 1715.39J | MEC fair: 0.953
2026-07-30 11:29:58,358 | INFO |   Reward | Success: 337.68 | Delay: -47.74 | Energy: -0.53 | TaskFail: -19.88 | Interrupt: -5.37 | HOFail: -0.22
2026-07-30 11:30:30,366 | INFO | Update   81 | Steps:  82,944 | Episodes:   162 | EpReward:   131.29 | FPS:     32 | Actor Loss: -0.0001 | Critic Loss: 0.0337 | HAN Grad: 0.0000 | HAN Δ: 0.000000 | HAN Metapaths: 0
2026-07-30 11:30:30,366 | INFO |   Phase | Rollout: 24.72s | PPO update: 7.29s
2026-07-30 11:30:30,366 | INFO |   Env | HO: 87.74% | Cont: 98.02% | Task: 95.41% | Resolved: 100.00% | Delay: 1.163s | Energy: 1602.35J | MEC fair: 0.954
2026-07-30 11:30:30,366 | INFO |   Reward | Success: 343.04 | Delay: -45.83 | Energy: -0.53 | TaskFail: -16.52 | Interrupt: -6.07 | HOFail: -0.26
2026-07-30 11:31:02,664 | INFO | Update   82 | Steps:  83,968 | Episodes:   164 | EpReward:   131.42 | FPS:     32 | Actor Loss: 0.0002 | Critic Loss: 0.0361 | HAN Grad: 0.0000 | HAN Δ: 0.000000 | HAN Metapaths: 0
2026-07-30 11:31:02,664 | INFO |   Phase | Rollout: 24.63s | PPO update: 7.67s
2026-07-30 11:31:02,664 | INFO |   Env | HO: 87.08% | Cont: 98.59% | Task: 94.35% | Resolved: 99.99% | Delay: 1.293s | Energy: 1715.19J | MEC fair: 0.954
2026-07-30 11:31:02,664 | INFO |   Reward | Success: 333.48 | Delay: -47.72 | Energy: -0.52 | TaskFail: -19.96 | Interrupt: -4.33 | HOFail: -0.22
2026-07-30 11:31:34,969 | INFO | Update   83 | Steps:  84,992 | Episodes:   166 | EpReward:   131.60 | FPS:     32 | Actor Loss: -0.0002 | Critic Loss: 0.0382 | HAN Grad: 0.0000 | HAN Δ: 0.000000 | HAN Metapaths: 0
2026-07-30 11:31:34,970 | INFO |   Phase | Rollout: 24.57s | PPO update: 7.74s
2026-07-30 11:31:34,970 | INFO |   Env | HO: 87.25% | Cont: 98.52% | Task: 94.10% | Resolved: 99.98% | Delay: 1.345s | Energy: 1793.65J | MEC fair: 0.954
2026-07-30 11:31:34,970 | INFO |   Reward | Success: 337.32 | Delay: -50.34 | Energy: -0.55 | TaskFail: -21.16 | Interrupt: -4.55 | HOFail: -0.26
2026-07-30 11:32:09,480 | INFO | Update   84 | Steps:  86,016 | Episodes:   168 | EpReward:   131.49 | FPS:     30 | Actor Loss: -0.0002 | Critic Loss: 0.0389 | HAN Grad: 0.0000 | HAN Δ: 0.000000 | HAN Metapaths: 0
2026-07-30 11:32:09,480 | INFO |   Phase | Rollout: 25.35s | PPO update: 9.16s
2026-07-30 11:32:09,480 | INFO |   Env | HO: 91.71% | Cont: 98.33% | Task: 93.93% | Resolved: 99.99% | Delay: 1.342s | Energy: 1802.10J | MEC fair: 0.952
2026-07-30 11:32:09,480 | INFO |   Reward | Success: 336.08 | Delay: -49.01 | Energy: -0.54 | TaskFail: -21.72 | Interrupt: -5.14 | HOFail: -0.24
2026-07-30 11:32:42,316 | INFO | Update   85 | Steps:  87,040 | Episodes:   170 | EpReward:   131.58 | FPS:     31 | Actor Loss: 0.0001 | Critic Loss: 0.0422 | HAN Grad: 0.0000 | HAN Δ: 0.000000 | HAN Metapaths: 0
2026-07-30 11:32:42,317 | INFO |   Phase | Rollout: 25.40s | PPO update: 7.44s
2026-07-30 11:32:42,317 | INFO |   Env | HO: 86.34% | Cont: 98.65% | Task: 93.81% | Resolved: 99.99% | Delay: 1.370s | Energy: 1824.10J | MEC fair: 0.954
2026-07-30 11:32:42,317 | INFO |   Reward | Success: 334.56 | Delay: -50.29 | Energy: -0.54 | TaskFail: -22.08 | Interrupt: -4.14 | HOFail: -0.20
2026-07-30 11:33:17,480 | INFO | Update   86 | Steps:  88,064 | Episodes:   172 | EpReward:   131.84 | FPS:     29 | Actor Loss: -0.0001 | Critic Loss: 0.0326 | HAN Grad: 0.0000 | HAN Δ: 0.000000 | HAN Metapaths: 0
2026-07-30 11:33:17,480 | INFO |   Phase | Rollout: 25.66s | PPO update: 9.50s
2026-07-30 11:33:17,480 | INFO |   Env | HO: 85.90% | Cont: 98.24% | Task: 95.49% | Resolved: 99.98% | Delay: 1.189s | Energy: 1628.61J | MEC fair: 0.954
2026-07-30 11:33:17,481 | INFO |   Reward | Success: 339.52 | Delay: -46.90 | Energy: -0.54 | TaskFail: -16.04 | Interrupt: -5.42 | HOFail: -0.32
2026-07-30 11:33:51,160 | INFO | Update   87 | Steps:  89,088 | Episodes:   174 | EpReward:   131.97 | FPS:     30 | Actor Loss: -0.0002 | Critic Loss: 0.0412 | HAN Grad: 0.0000 | HAN Δ: 0.000000 | HAN Metapaths: 0
2026-07-30 11:33:51,161 | INFO |   Phase | Rollout: 25.20s | PPO update: 8.48s
2026-07-30 11:33:51,161 | INFO |   Env | HO: 90.48% | Cont: 98.63% | Task: 94.21% | Resolved: 99.99% | Delay: 1.366s | Energy: 1865.27J | MEC fair: 0.954
2026-07-30 11:33:51,161 | INFO |   Reward | Success: 342.40 | Delay: -51.57 | Energy: -0.57 | TaskFail: -21.04 | Interrupt: -4.20 | HOFail: -0.11
2026-07-30 11:34:24,355 | INFO | Update   88 | Steps:  90,112 | Episodes:   176 | EpReward:   132.21 | FPS:     31 | Actor Loss: -0.0007 | Critic Loss: 0.0388 | HAN Grad: 0.0000 | HAN Δ: 0.000000 | HAN Metapaths: 0
2026-07-30 11:34:24,355 | INFO |   Phase | Rollout: 25.64s | PPO update: 7.55s
2026-07-30 11:34:24,355 | INFO |   Env | HO: 87.16% | Cont: 98.51% | Task: 93.71% | Resolved: 99.94% | Delay: 1.347s | Energy: 1816.64J | MEC fair: 0.954
2026-07-30 11:34:24,355 | INFO |   Reward | Success: 337.68 | Delay: -49.08 | Energy: -0.55 | TaskFail: -22.68 | Interrupt: -4.57 | HOFail: -0.32
2026-07-30 11:34:57,945 | INFO | Update   89 | Steps:  91,136 | Episodes:   178 | EpReward:   132.22 | FPS:     30 | Actor Loss: -0.0005 | Critic Loss: 0.0284 | HAN Grad: 0.0000 | HAN Δ: 0.000000 | HAN Metapaths: 0
2026-07-30 11:34:57,945 | INFO |   Phase | Rollout: 24.94s | PPO update: 8.65s
2026-07-30 11:34:57,945 | INFO |   Env | HO: 81.98% | Cont: 98.46% | Task: 95.19% | Resolved: 99.96% | Delay: 1.229s | Energy: 1653.79J | MEC fair: 0.954
2026-07-30 11:34:57,946 | INFO |   Reward | Success: 338.88 | Delay: -47.45 | Energy: -0.53 | TaskFail: -17.12 | Interrupt: -4.72 | HOFail: -0.25
2026-07-30 11:35:30,111 | INFO | Update   90 | Steps:  92,160 | Episodes:   180 | EpReward:   132.15 | FPS:     32 | Actor Loss: -0.0003 | Critic Loss: 0.0454 | HAN Grad: 0.0000 | HAN Δ: 0.000000 | HAN Metapaths: 0
2026-07-30 11:35:30,111 | INFO |   Phase | Rollout: 24.00s | PPO update: 8.16s
2026-07-30 11:35:30,111 | INFO |   Env | HO: 86.61% | Cont: 98.52% | Task: 93.68% | Resolved: 99.97% | Delay: 1.377s | Energy: 1834.45J | MEC fair: 0.953
2026-07-30 11:35:30,111 | INFO |   Reward | Success: 334.04 | Delay: -50.45 | Energy: -0.55 | TaskFail: -22.52 | Interrupt: -4.54 | HOFail: -0.24
2026-07-30 11:36:03,784 | INFO | Update   91 | Steps:  93,184 | Episodes:   182 | EpReward:   132.15 | FPS:     30 | Actor Loss: -0.0004 | Critic Loss: 0.0412 | HAN Grad: 0.0000 | HAN Δ: 0.000000 | HAN Metapaths: 0
2026-07-30 11:36:03,784 | INFO |   Phase | Rollout: 25.44s | PPO update: 8.23s
2026-07-30 11:36:03,784 | INFO |   Env | HO: 85.02% | Cont: 98.54% | Task: 94.38% | Resolved: 99.95% | Delay: 1.307s | Energy: 1742.41J | MEC fair: 0.953
2026-07-30 11:36:03,784 | INFO |   Reward | Success: 332.72 | Delay: -47.71 | Energy: -0.53 | TaskFail: -19.80 | Interrupt: -4.48 | HOFail: -0.25
2026-07-30 11:36:36,589 | INFO | Update   92 | Steps:  94,208 | Episodes:   184 | EpReward:   132.19 | FPS:     31 | Actor Loss: 0.0003 | Critic Loss: 0.0526 | HAN Grad: 0.0000 | HAN Δ: 0.000000 | HAN Metapaths: 0
2026-07-30 11:36:36,590 | INFO |   Phase | Rollout: 24.52s | PPO update: 8.28s
2026-07-30 11:36:36,590 | INFO |   Env | HO: 88.96% | Cont: 98.37% | Task: 94.34% | Resolved: 99.98% | Delay: 1.301s | Energy: 1750.05J | MEC fair: 0.953
2026-07-30 11:36:36,590 | INFO |   Reward | Success: 338.08 | Delay: -47.86 | Energy: -0.54 | TaskFail: -20.28 | Interrupt: -5.00 | HOFail: -0.22
2026-07-30 11:37:09,981 | INFO | Update   93 | Steps:  95,232 | Episodes:   186 | EpReward:   132.25 | FPS:     31 | Actor Loss: 0.0002 | Critic Loss: 0.0518 | HAN Grad: 0.0000 | HAN Δ: 0.000000 | HAN Metapaths: 0
2026-07-30 11:37:09,982 | INFO |   Phase | Rollout: 25.56s | PPO update: 7.83s
2026-07-30 11:37:09,982 | INFO |   Env | HO: 89.77% | Cont: 98.66% | Task: 94.19% | Resolved: 99.97% | Delay: 1.326s | Energy: 1788.78J | MEC fair: 0.952
2026-07-30 11:37:09,982 | INFO |   Reward | Success: 337.40 | Delay: -49.38 | Energy: -0.54 | TaskFail: -20.80 | Interrupt: -4.10 | HOFail: -0.14
2026-07-30 11:37:45,325 | INFO | Update   94 | Steps:  96,256 | Episodes:   188 | EpReward:   132.43 | FPS:     29 | Actor Loss: 0.0002 | Critic Loss: 0.0390 | HAN Grad: 0.0000 | HAN Δ: 0.000000 | HAN Metapaths: 0
2026-07-30 11:37:45,325 | INFO |   Phase | Rollout: 26.02s | PPO update: 9.32s
2026-07-30 11:37:45,325 | INFO |   Env | HO: 90.86% | Cont: 98.10% | Task: 95.93% | Resolved: 99.97% | Delay: 1.170s | Energy: 1613.58J | MEC fair: 0.953
2026-07-30 11:37:45,325 | INFO |   Reward | Success: 342.64 | Delay: -47.36 | Energy: -0.54 | TaskFail: -14.52 | Interrupt: -5.83 | HOFail: -0.30
2026-07-30 11:38:19,516 | INFO | Update   95 | Steps:  97,280 | Episodes:   190 | EpReward:   132.47 | FPS:     30 | Actor Loss: -0.0001 | Critic Loss: 0.0378 | HAN Grad: 0.0000 | HAN Δ: 0.000000 | HAN Metapaths: 0
2026-07-30 11:38:19,516 | INFO |   Phase | Rollout: 26.33s | PPO update: 7.87s
2026-07-30 11:38:19,516 | INFO |   Env | HO: 88.05% | Cont: 98.57% | Task: 93.71% | Resolved: 99.97% | Delay: 1.355s | Energy: 1837.09J | MEC fair: 0.953
2026-07-30 11:38:19,516 | INFO |   Reward | Success: 338.64 | Delay: -49.60 | Energy: -0.54 | TaskFail: -22.72 | Interrupt: -4.39 | HOFail: -0.22
2026-07-30 11:38:54,393 | INFO | Update   96 | Steps:  98,304 | Episodes:   192 | EpReward:   132.43 | FPS:     29 | Actor Loss: -0.0005 | Critic Loss: 0.0359 | HAN Grad: 0.0000 | HAN Δ: 0.000000 | HAN Metapaths: 0
2026-07-30 11:38:54,393 | INFO |   Phase | Rollout: 25.85s | PPO update: 9.03s
2026-07-30 11:38:54,393 | INFO |   Env | HO: 85.60% | Cont: 98.44% | Task: 94.53% | Resolved: 100.00% | Delay: 1.308s | Energy: 1753.77J | MEC fair: 0.952
2026-07-30 11:38:54,393 | INFO |   Reward | Success: 335.12 | Delay: -48.60 | Energy: -0.54 | TaskFail: -19.40 | Interrupt: -4.80 | HOFail: -0.30
2026-07-30 11:39:25,739 | INFO | Update   97 | Steps:  99,328 | Episodes:   194 | EpReward:   132.39 | FPS:     33 | Actor Loss: -0.0001 | Critic Loss: 0.0449 | HAN Grad: 0.0000 | HAN Δ: 0.000000 | HAN Metapaths: 0
2026-07-30 11:39:25,739 | INFO |   Phase | Rollout: 23.51s | PPO update: 7.83s
2026-07-30 11:39:25,739 | INFO |   Env | HO: 92.37% | Cont: 98.45% | Task: 94.55% | Resolved: 99.98% | Delay: 1.316s | Energy: 1763.38J | MEC fair: 0.953
2026-07-30 11:39:25,739 | INFO |   Reward | Success: 336.04 | Delay: -49.50 | Energy: -0.55 | TaskFail: -19.36 | Interrupt: -4.76 | HOFail: -0.14
2026-07-30 11:39:58,227 | INFO | Update   98 | Steps: 100,352 | Episodes:   196 | EpReward:   132.41 | FPS:     32 | Actor Loss: -0.0002 | Critic Loss: 0.0367 | HAN Grad: 0.0000 | HAN Δ: 0.000000 | HAN Metapaths: 0
2026-07-30 11:39:58,227 | INFO |   Phase | Rollout: 25.26s | PPO update: 7.23s
2026-07-30 11:39:58,228 | INFO |   Env | HO: 89.96% | Cont: 98.04% | Task: 95.36% | Resolved: 99.98% | Delay: 1.190s | Energy: 1640.82J | MEC fair: 0.953
2026-07-30 11:39:58,228 | INFO |   Reward | Success: 341.36 | Delay: -46.76 | Energy: -0.54 | TaskFail: -16.60 | Interrupt: -6.02 | HOFail: -0.22
2026-07-30 11:39:58,228 | INFO | ----------------------------------------
2026-07-30 11:39:58,228 | INFO | 开始评估...
2026-07-30 11:41:53,002 | INFO | 评估结果: 奖励 = 123.61 ± 5.99, 长度 = 512, 时延 = 1.442s, 能耗 = 10021.73J, MEC公平性 = 0.954
2026-07-30 11:41:53,002 | INFO | 新的最佳模型 (reward): score = 123.6132, delay = 1.442s, completion = 91.81%, continuity = 98.63%, mec_fairness = 0.954
2026-07-30 11:41:53,032 | INFO | 模型已保存: /home/pjpjq/LEO_switch/results/baseline_compare/multiuser_scaling_multiuser_single_seed_v5_20260728/u25/learned_baselines/mappo_no_han/best_model.pt
2026-07-30 11:41:53,032 | INFO | 新的最佳奖励: 123.61
2026-07-30 11:41:53,032 | INFO | ----------------------------------------
2026-07-30 11:41:53,067 | INFO | 模型已保存: /home/pjpjq/LEO_switch/results/baseline_compare/multiuser_scaling_multiuser_single_seed_v5_20260728/u25/learned_baselines/mappo_no_han/checkpoint_100352.pt
2026-07-30 11:42:24,817 | INFO | Update   99 | Steps: 101,376 | Episodes:   198 | EpReward:   132.61 | FPS:     32 | Actor Loss: 0.0003 | Critic Loss: 0.0340 | HAN Grad: 0.0000 | HAN Δ: 0.000000 | HAN Metapaths: 0
2026-07-30 11:42:24,818 | INFO |   Phase | Rollout: 23.63s | PPO update: 8.12s
2026-07-30 11:42:24,818 | INFO |   Env | HO: 94.44% | Cont: 97.94% | Task: 96.56% | Resolved: 99.98% | Delay: 1.077s | Energy: 1522.57J | MEC fair: 0.953
2026-07-30 11:42:24,818 | INFO |   Reward | Success: 343.76 | Delay: -44.74 | Energy: -0.53 | TaskFail: -12.24 | Interrupt: -6.32 | HOFail: -0.38
2026-07-30 11:42:58,812 | INFO | Update  100 | Steps: 102,400 | Episodes:   200 | EpReward:   132.67 | FPS:     30 | Actor Loss: -0.0003 | Critic Loss: 0.0401 | HAN Grad: 0.0000 | HAN Δ: 0.000000 | HAN Metapaths: 0
2026-07-30 11:42:58,812 | INFO |   Phase | Rollout: 24.95s | PPO update: 9.04s
2026-07-30 11:42:58,813 | INFO |   Env | HO: 89.35% | Cont: 98.10% | Task: 94.93% | Resolved: 99.99% | Delay: 1.204s | Energy: 1656.21J | MEC fair: 0.954
2026-07-30 11:42:58,813 | INFO |   Reward | Success: 340.12 | Delay: -45.98 | Energy: -0.53 | TaskFail: -18.16 | Interrupt: -5.83 | HOFail: -0.18
2026-07-30 11:43:32,103 | INFO | Update  101 | Steps: 103,424 | Episodes:   202 | EpReward:   132.58 | FPS:     31 | Actor Loss: -0.0006 | Critic Loss: 0.0375 | HAN Grad: 0.0000 | HAN Δ: 0.000000 | HAN Metapaths: 0
2026-07-30 11:43:32,103 | INFO |   Phase | Rollout: 25.03s | PPO update: 8.26s
2026-07-30 11:43:32,103 | INFO |   Env | HO: 87.50% | Cont: 98.33% | Task: 94.90% | Resolved: 99.98% | Delay: 1.235s | Energy: 1689.93J | MEC fair: 0.953
2026-07-30 11:43:32,103 | INFO |   Reward | Success: 341.84 | Delay: -47.71 | Energy: -0.54 | TaskFail: -18.36 | Interrupt: -5.13 | HOFail: -0.19
2026-07-30 11:44:06,958 | INFO | Update  102 | Steps: 104,448 | Episodes:   204 | EpReward:   132.66 | FPS:     29 | Actor Loss: 0.0000 | Critic Loss: 0.0500 | HAN Grad: 0.0000 | HAN Δ: 0.000000 | HAN Metapaths: 0
2026-07-30 11:44:06,958 | INFO |   Phase | Rollout: 25.85s | PPO update: 9.01s
2026-07-30 11:44:06,958 | INFO |   Env | HO: 91.06% | Cont: 98.33% | Task: 95.15% | Resolved: 99.96% | Delay: 1.247s | Energy: 1703.56J | MEC fair: 0.953
2026-07-30 11:44:06,958 | INFO |   Reward | Success: 340.08 | Delay: -48.65 | Energy: -0.54 | TaskFail: -17.32 | Interrupt: -5.12 | HOFail: -0.13
2026-07-30 11:44:38,545 | INFO | Update  103 | Steps: 105,472 | Episodes:   206 | EpReward:   132.62 | FPS:     32 | Actor Loss: -0.0001 | Critic Loss: 0.0450 | HAN Grad: 0.0000 | HAN Δ: 0.000000 | HAN Metapaths: 0
2026-07-30 11:44:38,546 | INFO |   Phase | Rollout: 24.16s | PPO update: 7.43s
2026-07-30 11:44:38,546 | INFO |   Env | HO: 87.13% | Cont: 98.47% | Task: 93.59% | Resolved: 100.00% | Delay: 1.374s | Energy: 1844.94J | MEC fair: 0.953
2026-07-30 11:44:38,546 | INFO |   Reward | Success: 336.00 | Delay: -49.74 | Energy: -0.55 | TaskFail: -23.00 | Interrupt: -4.69 | HOFail: -0.18
2026-07-30 11:45:13,053 | INFO | Update  104 | Steps: 106,496 | Episodes:   208 | EpReward:   132.51 | FPS:     30 | Actor Loss: -0.0000 | Critic Loss: 0.0404 | HAN Grad: 0.0000 | HAN Δ: 0.000000 | HAN Metapaths: 0
2026-07-30 11:45:13,054 | INFO |   Phase | Rollout: 25.42s | PPO update: 9.09s
2026-07-30 11:45:13,060 | INFO |   Env | HO: 89.66% | Cont: 98.58% | Task: 93.87% | Resolved: 99.99% | Delay: 1.354s | Energy: 1811.33J | MEC fair: 0.952
2026-07-30 11:45:13,060 | INFO |   Reward | Success: 332.44 | Delay: -49.14 | Energy: -0.54 | TaskFail: -21.72 | Interrupt: -4.36 | HOFail: -0.14
2026-07-30 11:45:47,913 | INFO | Update  105 | Steps: 107,520 | Episodes:   210 | EpReward:   132.55 | FPS:     29 | Actor Loss: 0.0001 | Critic Loss: 0.0330 | HAN Grad: 0.0000 | HAN Δ: 0.000000 | HAN Metapaths: 0
2026-07-30 11:45:47,913 | INFO |   Phase | Rollout: 26.56s | PPO update: 8.29s
2026-07-30 11:45:47,913 | INFO |   Env | HO: 90.23% | Cont: 98.64% | Task: 94.07% | Resolved: 99.97% | Delay: 1.354s | Energy: 1813.71J | MEC fair: 0.953
2026-07-30 11:45:47,913 | INFO |   Reward | Success: 333.28 | Delay: -49.08 | Energy: -0.54 | TaskFail: -21.00 | Interrupt: -4.17 | HOFail: -0.14
2026-07-30 11:46:22,365 | INFO | Update  106 | Steps: 108,544 | Episodes:   212 | EpReward:   132.51 | FPS:     30 | Actor Loss: -0.0001 | Critic Loss: 0.0406 | HAN Grad: 0.0000 | HAN Δ: 0.000000 | HAN Metapaths: 0
2026-07-30 11:46:22,365 | INFO |   Phase | Rollout: 26.03s | PPO update: 8.42s
2026-07-30 11:46:22,365 | INFO |   Env | HO: 91.91% | Cont: 98.65% | Task: 94.09% | Resolved: 99.98% | Delay: 1.368s | Energy: 1856.46J | MEC fair: 0.953
2026-07-30 11:46:22,366 | INFO |   Reward | Success: 336.72 | Delay: -49.92 | Energy: -0.56 | TaskFail: -21.16 | Interrupt: -4.15 | HOFail: -0.09
2026-07-30 11:46:55,128 | INFO | Update  107 | Steps: 109,568 | Episodes:   214 | EpReward:   132.56 | FPS:     31 | Actor Loss: -0.0002 | Critic Loss: 0.0528 | HAN Grad: 0.0000 | HAN Δ: 0.000000 | HAN Metapaths: 0
2026-07-30 11:46:55,128 | INFO |   Phase | Rollout: 25.32s | PPO update: 7.44s
2026-07-30 11:46:55,128 | INFO |   Env | HO: 80.98% | Cont: 98.31% | Task: 94.82% | Resolved: 99.99% | Delay: 1.234s | Energy: 1713.98J | MEC fair: 0.953
2026-07-30 11:46:55,128 | INFO |   Reward | Success: 344.72 | Delay: -47.17 | Energy: -0.54 | TaskFail: -18.84 | Interrupt: -5.20 | HOFail: -0.28
2026-07-30 11:47:29,816 | INFO | Update  108 | Steps: 110,592 | Episodes:   216 | EpReward:   132.65 | FPS:     30 | Actor Loss: -0.0001 | Critic Loss: 0.0425 | HAN Grad: 0.0000 | HAN Δ: 0.000000 | HAN Metapaths: 0
2026-07-30 11:47:29,817 | INFO |   Phase | Rollout: 25.73s | PPO update: 8.95s
2026-07-30 11:47:29,817 | INFO |   Env | HO: 83.77% | Cont: 98.68% | Task: 94.59% | Resolved: 99.97% | Delay: 1.316s | Energy: 1797.44J | MEC fair: 0.951
2026-07-30 11:47:29,817 | INFO |   Reward | Success: 340.92 | Delay: -50.32 | Energy: -0.56 | TaskFail: -19.48 | Interrupt: -4.04 | HOFail: -0.20
2026-07-30 11:48:03,721 | INFO | Update  109 | Steps: 111,616 | Episodes:   218 | EpReward:   132.68 | FPS:     30 | Actor Loss: 0.0001 | Critic Loss: 0.0288 | HAN Grad: 0.0000 | HAN Δ: 0.000000 | HAN Metapaths: 0
2026-07-30 11:48:03,721 | INFO |   Phase | Rollout: 26.28s | PPO update: 7.62s
2026-07-30 11:48:03,721 | INFO |   Env | HO: 89.23% | Cont: 98.10% | Task: 94.69% | Resolved: 100.00% | Delay: 1.254s | Energy: 1715.33J | MEC fair: 0.953
2026-07-30 11:48:03,721 | INFO |   Reward | Success: 338.08 | Delay: -47.25 | Energy: -0.54 | TaskFail: -18.96 | Interrupt: -5.83 | HOFail: -0.29
2026-07-30 11:48:36,949 | INFO | Update  110 | Steps: 112,640 | Episodes:   220 | EpReward:   132.50 | FPS:     31 | Actor Loss: -0.0003 | Critic Loss: 0.0346 | HAN Grad: 0.0000 | HAN Δ: 0.000000 | HAN Metapaths: 0
2026-07-30 11:48:36,949 | INFO |   Phase | Rollout: 25.35s | PPO update: 7.88s
2026-07-30 11:48:36,949 | INFO |   Env | HO: 86.23% | Cont: 98.60% | Task: 94.51% | Resolved: 99.97% | Delay: 1.319s | Energy: 1756.22J | MEC fair: 0.953
2026-07-30 11:48:36,949 | INFO |   Reward | Success: 332.40 | Delay: -48.64 | Energy: -0.54 | TaskFail: -19.32 | Interrupt: -4.29 | HOFail: -0.28
2026-07-30 11:49:09,683 | INFO | Update  111 | Steps: 113,664 | Episodes:   222 | EpReward:   132.33 | FPS:     31 | Actor Loss: -0.0008 | Critic Loss: 0.0364 | HAN Grad: 0.0000 | HAN Δ: 0.000000 | HAN Metapaths: 0
2026-07-30 11:49:09,684 | INFO |   Phase | Rollout: 24.62s | PPO update: 8.12s
2026-07-30 11:49:09,684 | INFO |   Env | HO: 79.83% | Cont: 98.48% | Task: 93.82% | Resolved: 99.99% | Delay: 1.361s | Energy: 1825.14J | MEC fair: 0.953
2026-07-30 11:49:09,684 | INFO |   Reward | Success: 333.56 | Delay: -49.76 | Energy: -0.55 | TaskFail: -21.96 | Interrupt: -4.67 | HOFail: -0.19
2026-07-30 11:49:41,799 | INFO | Update  112 | Steps: 114,688 | Episodes:   224 | EpReward:   132.35 | FPS:     32 | Actor Loss: -0.0000 | Critic Loss: 0.0380 | HAN Grad: 0.0000 | HAN Δ: 0.000000 | HAN Metapaths: 0
2026-07-30 11:49:41,799 | INFO |   Phase | Rollout: 24.69s | PPO update: 7.43s
2026-07-30 11:49:41,799 | INFO |   Env | HO: 86.84% | Cont: 98.19% | Task: 94.78% | Resolved: 99.98% | Delay: 1.229s | Energy: 1665.14J | MEC fair: 0.953
2026-07-30 11:49:41,799 | INFO |   Reward | Success: 335.28 | Delay: -46.26 | Energy: -0.53 | TaskFail: -18.48 | Interrupt: -5.58 | HOFail: -0.20
2026-07-30 11:50:15,400 | INFO | Update  113 | Steps: 115,712 | Episodes:   226 | EpReward:   132.42 | FPS:     30 | Actor Loss: -0.0003 | Critic Loss: 0.0310 | HAN Grad: 0.0000 | HAN Δ: 0.000000 | HAN Metapaths: 0
2026-07-30 11:50:15,400 | INFO |   Phase | Rollout: 25.30s | PPO update: 8.30s
2026-07-30 11:50:15,400 | INFO |   Env | HO: 90.85% | Cont: 98.49% | Task: 94.78% | Resolved: 99.98% | Delay: 1.275s | Energy: 1760.88J | MEC fair: 0.953
2026-07-30 11:50:15,400 | INFO |   Reward | Success: 340.64 | Delay: -48.98 | Energy: -0.55 | TaskFail: -18.76 | Interrupt: -4.63 | HOFail: -0.10
2026-07-30 11:50:49,607 | INFO | Update  114 | Steps: 116,736 | Episodes:   228 | EpReward:   132.44 | FPS:     30 | Actor Loss: -0.0006 | Critic Loss: 0.0214 | HAN Grad: 0.0000 | HAN Δ: 0.000000 | HAN Metapaths: 0
2026-07-30 11:50:49,607 | INFO |   Phase | Rollout: 26.30s | PPO update: 7.91s
2026-07-30 11:50:49,607 | INFO |   Env | HO: 84.94% | Cont: 98.28% | Task: 94.99% | Resolved: 99.99% | Delay: 1.265s | Energy: 1761.99J | MEC fair: 0.952
2026-07-30 11:50:49,607 | INFO |   Reward | Success: 344.48 | Delay: -48.84 | Energy: -0.56 | TaskFail: -18.16 | Interrupt: -5.29 | HOFail: -0.20
2026-07-30 11:51:24,008 | INFO | Update  115 | Steps: 117,760 | Episodes:   230 | EpReward:   132.50 | FPS:     30 | Actor Loss: -0.0003 | Critic Loss: 0.0365 | HAN Grad: 0.0000 | HAN Δ: 0.000000 | HAN Metapaths: 0
2026-07-30 11:51:24,008 | INFO |   Phase | Rollout: 24.20s | PPO update: 10.20s
2026-07-30 11:51:24,008 | INFO |   Env | HO: 88.37% | Cont: 98.34% | Task: 94.62% | Resolved: 100.00% | Delay: 1.261s | Energy: 1698.86J | MEC fair: 0.953
2026-07-30 11:51:24,008 | INFO |   Reward | Success: 336.48 | Delay: -47.55 | Energy: -0.54 | TaskFail: -19.12 | Interrupt: -5.09 | HOFail: -0.12
2026-07-30 11:51:58,044 | INFO | Update  116 | Steps: 118,784 | Episodes:   232 | EpReward:   132.65 | FPS:     30 | Actor Loss: 0.0003 | Critic Loss: 0.0341 | HAN Grad: 0.0000 | HAN Δ: 0.000000 | HAN Metapaths: 0
2026-07-30 11:51:58,048 | INFO |   Phase | Rollout: 25.93s | PPO update: 8.10s
2026-07-30 11:51:58,048 | INFO |   Env | HO: 82.24% | Cont: 98.04% | Task: 95.94% | Resolved: 99.99% | Delay: 1.133s | Energy: 1563.67J | MEC fair: 0.954
2026-07-30 11:51:58,048 | INFO |   Reward | Success: 341.80 | Delay: -45.65 | Energy: -0.53 | TaskFail: -14.48 | Interrupt: -6.03 | HOFail: -0.30
2026-07-30 11:52:30,157 | INFO | Update  117 | Steps: 119,808 | Episodes:   234 | EpReward:   132.65 | FPS:     32 | Actor Loss: -0.0002 | Critic Loss: 0.0466 | HAN Grad: 0.0000 | HAN Δ: 0.000000 | HAN Metapaths: 0
2026-07-30 11:52:30,158 | INFO |   Phase | Rollout: 24.35s | PPO update: 7.76s
2026-07-30 11:52:30,158 | INFO |   Env | HO: 83.33% | Cont: 98.49% | Task: 93.15% | Resolved: 99.99% | Delay: 1.412s | Energy: 1898.92J | MEC fair: 0.952
2026-07-30 11:52:30,158 | INFO |   Reward | Success: 335.96 | Delay: -50.54 | Energy: -0.56 | TaskFail: -24.72 | Interrupt: -4.62 | HOFail: -0.26
2026-07-30 11:53:02,996 | INFO | Update  118 | Steps: 120,832 | Episodes:   236 | EpReward:   132.52 | FPS:     31 | Actor Loss: -0.0006 | Critic Loss: 0.0460 | HAN Grad: 0.0000 | HAN Δ: 0.000000 | HAN Metapaths: 0
2026-07-30 11:53:02,996 | INFO |   Phase | Rollout: 25.39s | PPO update: 7.45s
2026-07-30 11:53:02,996 | INFO |   Env | HO: 84.44% | Cont: 98.60% | Task: 93.11% | Resolved: 99.98% | Delay: 1.405s | Energy: 1885.81J | MEC fair: 0.953
2026-07-30 11:53:02,996 | INFO |   Reward | Success: 335.60 | Delay: -49.49 | Energy: -0.54 | TaskFail: -24.84 | Interrupt: -4.30 | HOFail: -0.22
2026-07-30 11:53:36,409 | INFO | Update  119 | Steps: 121,856 | Episodes:   238 | EpReward:   132.43 | FPS:     31 | Actor Loss: 0.0000 | Critic Loss: 0.0372 | HAN Grad: 0.0000 | HAN Δ: 0.000000 | HAN Metapaths: 0
2026-07-30 11:53:36,409 | INFO |   Phase | Rollout: 25.88s | PPO update: 7.53s
2026-07-30 11:53:36,409 | INFO |   Env | HO: 84.56% | Cont: 98.63% | Task: 93.20% | Resolved: 99.99% | Delay: 1.391s | Energy: 1856.87J | MEC fair: 0.954
2026-07-30 11:53:36,409 | INFO |   Reward | Success: 333.76 | Delay: -49.16 | Energy: -0.53 | TaskFail: -24.36 | Interrupt: -4.21 | HOFail: -0.17
2026-07-30 11:54:10,538 | INFO | Update  120 | Steps: 122,880 | Episodes:   240 | EpReward:   132.48 | FPS:     30 | Actor Loss: 0.0000 | Critic Loss: 0.0324 | HAN Grad: 0.0000 | HAN Δ: 0.000000 | HAN Metapaths: 0
2026-07-30 11:54:10,538 | INFO |   Phase | Rollout: 25.77s | PPO update: 8.36s
2026-07-30 11:54:10,539 | INFO |   Env | HO: 93.48% | Cont: 98.46% | Task: 94.03% | Resolved: 100.00% | Delay: 1.325s | Energy: 1803.25J | MEC fair: 0.954
2026-07-30 11:54:10,539 | INFO |   Reward | Success: 339.04 | Delay: -48.19 | Energy: -0.54 | TaskFail: -21.52 | Interrupt: -4.74 | HOFail: -0.05
2026-07-30 11:54:42,701 | INFO | Update  121 | Steps: 123,904 | Episodes:   242 | EpReward:   132.45 | FPS:     32 | Actor Loss: -0.0005 | Critic Loss: 0.0347 | HAN Grad: 0.0000 | HAN Δ: 0.000000 | HAN Metapaths: 0
2026-07-30 11:54:42,702 | INFO |   Phase | Rollout: 24.53s | PPO update: 7.63s
2026-07-30 11:54:42,702 | INFO |   Env | HO: 77.48% | Cont: 98.32% | Task: 93.53% | Resolved: 99.98% | Delay: 1.337s | Energy: 1799.78J | MEC fair: 0.954
2026-07-30 11:54:42,702 | INFO |   Reward | Success: 336.48 | Delay: -48.00 | Energy: -0.54 | TaskFail: -23.28 | Interrupt: -5.17 | HOFail: -0.22
2026-07-30 11:55:14,754 | INFO | Update  122 | Steps: 124,928 | Episodes:   244 | EpReward:   132.29 | FPS:     32 | Actor Loss: -0.0001 | Critic Loss: 0.0328 | HAN Grad: 0.0000 | HAN Δ: 0.000000 | HAN Metapaths: 0
2026-07-30 11:55:14,755 | INFO |   Phase | Rollout: 24.33s | PPO update: 7.72s
2026-07-30 11:55:14,755 | INFO |   Env | HO: 85.54% | Cont: 98.42% | Task: 93.12% | Resolved: 99.99% | Delay: 1.398s | Energy: 1871.09J | MEC fair: 0.954
2026-07-30 11:55:14,755 | INFO |   Reward | Success: 334.72 | Delay: -49.54 | Energy: -0.55 | TaskFail: -24.72 | Interrupt: -4.85 | HOFail: -0.18
2026-07-30 11:55:47,818 | INFO | Update  123 | Steps: 125,952 | Episodes:   246 | EpReward:   132.25 | FPS:     31 | Actor Loss: -0.0001 | Critic Loss: 0.0585 | HAN Grad: 0.0000 | HAN Δ: 0.000000 | HAN Metapaths: 0
2026-07-30 11:55:47,818 | INFO |   Phase | Rollout: 25.87s | PPO update: 7.19s
2026-07-30 11:55:47,819 | INFO |   Env | HO: 96.25% | Cont: 98.10% | Task: 93.73% | Resolved: 100.00% | Delay: 1.331s | Energy: 1787.59J | MEC fair: 0.953
2026-07-30 11:55:47,819 | INFO |   Reward | Success: 335.56 | Delay: -48.36 | Energy: -0.54 | TaskFail: -22.44 | Interrupt: -5.85 | HOFail: -0.14
2026-07-30 11:55:47,819 | INFO | ----------------------------------------
2026-07-30 11:55:47,819 | INFO | 开始评估...
2026-07-30 11:57:44,050 | INFO | 评估结果: 奖励 = 114.60 ± 5.63, 长度 = 512, 时延 = 1.631s, 能耗 = 11014.42J, MEC公平性 = 0.954
2026-07-30 11:57:44,051 | INFO | ----------------------------------------
2026-07-30 11:58:17,226 | INFO | Update  124 | Steps: 126,976 | Episodes:   248 | EpReward:   132.28 | FPS:     31 | Actor Loss: -0.0002 | Critic Loss: 0.0339 | HAN Grad: 0.0000 | HAN Δ: 0.000000 | HAN Metapaths: 0
2026-07-30 11:58:17,226 | INFO |   Phase | Rollout: 25.98s | PPO update: 7.19s
2026-07-30 11:58:17,226 | INFO |   Env | HO: 88.10% | Cont: 98.06% | Task: 94.46% | Resolved: 100.00% | Delay: 1.266s | Energy: 1725.40J | MEC fair: 0.955
2026-07-30 11:58:17,226 | INFO |   Reward | Success: 338.84 | Delay: -47.15 | Energy: -0.54 | TaskFail: -19.88 | Interrupt: -5.96 | HOFail: -0.24
2026-07-30 11:58:51,313 | INFO | Update  125 | Steps: 128,000 | Episodes:   250 | EpReward:   131.98 | FPS:     30 | Actor Loss: 0.0000 | Critic Loss: 0.0472 | HAN Grad: 0.0000 | HAN Δ: 0.000000 | HAN Metapaths: 0
2026-07-30 11:58:51,313 | INFO |   Phase | Rollout: 25.56s | PPO update: 8.53s
2026-07-30 11:58:51,314 | INFO |   Env | HO: 81.01% | Cont: 98.80% | Task: 92.21% | Resolved: 99.95% | Delay: 1.533s | Energy: 2027.89J | MEC fair: 0.954
2026-07-30 11:58:51,314 | INFO |   Reward | Success: 327.60 | Delay: -51.65 | Energy: -0.56 | TaskFail: -27.68 | Interrupt: -3.70 | HOFail: -0.12
2026-07-30 11:59:25,324 | INFO | Update  126 | Steps: 129,024 | Episodes:   252 | EpReward:   131.89 | FPS:     30 | Actor Loss: -0.0002 | Critic Loss: 0.0358 | HAN Grad: 0.0000 | HAN Δ: 0.000000 | HAN Metapaths: 0
2026-07-30 11:59:25,324 | INFO |   Phase | Rollout: 25.61s | PPO update: 8.40s
2026-07-30 11:59:25,324 | INFO |   Env | HO: 89.39% | Cont: 98.17% | Task: 94.48% | Resolved: 100.00% | Delay: 1.254s | Energy: 1716.97J | MEC fair: 0.954
2026-07-30 11:59:25,324 | INFO |   Reward | Success: 336.72 | Delay: -46.95 | Energy: -0.53 | TaskFail: -19.68 | Interrupt: -5.61 | HOFail: -0.11
2026-07-30 11:59:57,778 | INFO | Update  127 | Steps: 130,048 | Episodes:   254 | EpReward:   131.84 | FPS:     32 | Actor Loss: 0.0002 | Critic Loss: 0.0351 | HAN Grad: 0.0000 | HAN Δ: 0.000000 | HAN Metapaths: 0
2026-07-30 11:59:57,778 | INFO |   Phase | Rollout: 24.08s | PPO update: 8.37s
2026-07-30 11:59:57,778 | INFO |   Env | HO: 89.81% | Cont: 98.51% | Task: 93.69% | Resolved: 99.93% | Delay: 1.343s | Energy: 1822.79J | MEC fair: 0.953
2026-07-30 11:59:57,778 | INFO |   Reward | Success: 336.52 | Delay: -49.11 | Energy: -0.54 | TaskFail: -22.68 | Interrupt: -4.57 | HOFail: -0.09
2026-07-30 12:00:29,669 | INFO | Update  128 | Steps: 131,072 | Episodes:   256 | EpReward:   131.81 | FPS:     32 | Actor Loss: 0.0000 | Critic Loss: 0.0329 | HAN Grad: 0.0000 | HAN Δ: 0.000000 | HAN Metapaths: 0
2026-07-30 12:00:29,669 | INFO |   Phase | Rollout: 24.71s | PPO update: 7.18s
2026-07-30 12:00:29,669 | INFO |   Env | HO: 87.14% | Cont: 98.05% | Task: 95.33% | Resolved: 99.99% | Delay: 1.126s | Energy: 1549.71J | MEC fair: 0.953
2026-07-30 12:00:29,669 | INFO |   Reward | Success: 340.12 | Delay: -43.59 | Energy: -0.51 | TaskFail: -16.68 | Interrupt: -5.99 | HOFail: -0.15
2026-07-30 12:01:03,746 | INFO | Update  129 | Steps: 132,096 | Episodes:   258 | EpReward:   131.73 | FPS:     30 | Actor Loss: -0.0004 | Critic Loss: 0.0287 | HAN Grad: 0.0000 | HAN Δ: 0.000000 | HAN Metapaths: 0
2026-07-30 12:01:03,747 | INFO |   Phase | Rollout: 25.63s | PPO update: 8.45s
2026-07-30 12:01:03,747 | INFO |   Env | HO: 92.66% | Cont: 98.33% | Task: 94.37% | Resolved: 99.99% | Delay: 1.264s | Energy: 1757.91J | MEC fair: 0.953
2026-07-30 12:01:03,747 | INFO |   Reward | Success: 341.84 | Delay: -46.89 | Energy: -0.54 | TaskFail: -20.40 | Interrupt: -5.14 | HOFail: -0.08
2026-07-30 12:01:36,159 | INFO | Update  130 | Steps: 133,120 | Episodes:   260 | EpReward:   131.76 | FPS:     32 | Actor Loss: 0.0000 | Critic Loss: 0.0476 | HAN Grad: 0.0000 | HAN Δ: 0.000000 | HAN Metapaths: 0
2026-07-30 12:01:36,159 | INFO |   Phase | Rollout: 25.02s | PPO update: 7.39s
2026-07-30 12:01:36,159 | INFO |   Env | HO: 83.00% | Cont: 98.21% | Task: 94.38% | Resolved: 99.99% | Delay: 1.246s | Energy: 1721.56J | MEC fair: 0.952
2026-07-30 12:01:36,159 | INFO |   Reward | Success: 339.64 | Delay: -46.06 | Energy: -0.53 | TaskFail: -20.24 | Interrupt: -5.51 | HOFail: -0.27
2026-07-30 12:02:09,176 | INFO | Update  131 | Steps: 134,144 | Episodes:   262 | EpReward:   131.58 | FPS:     31 | Actor Loss: -0.0001 | Critic Loss: 0.0348 | HAN Grad: 0.0000 | HAN Δ: 0.000000 | HAN Metapaths: 0
2026-07-30 12:02:09,176 | INFO |   Phase | Rollout: 24.97s | PPO update: 8.05s
2026-07-30 12:02:09,176 | INFO |   Env | HO: 77.33% | Cont: 98.49% | Task: 93.28% | Resolved: 99.96% | Delay: 1.371s | Energy: 1830.68J | MEC fair: 0.954
2026-07-30 12:02:09,176 | INFO |   Reward | Success: 334.04 | Delay: -48.61 | Energy: -0.53 | TaskFail: -24.08 | Interrupt: -4.64 | HOFail: -0.27
2026-07-30 12:02:41,719 | INFO | Update  132 | Steps: 135,168 | Episodes:   264 | EpReward:   131.60 | FPS:     31 | Actor Loss: -0.0002 | Critic Loss: 0.0494 | HAN Grad: 0.0000 | HAN Δ: 0.000000 | HAN Metapaths: 0
2026-07-30 12:02:41,719 | INFO |   Phase | Rollout: 25.37s | PPO update: 7.18s
2026-07-30 12:02:41,719 | INFO |   Env | HO: 75.69% | Cont: 98.36% | Task: 94.49% | Resolved: 99.95% | Delay: 1.281s | Energy: 1731.95J | MEC fair: 0.953
2026-07-30 12:02:41,719 | INFO |   Reward | Success: 335.24 | Delay: -46.91 | Energy: -0.53 | TaskFail: -19.56 | Interrupt: -5.05 | HOFail: -0.28
2026-07-30 12:03:14,638 | INFO | Update  133 | Steps: 136,192 | Episodes:   266 | EpReward:   131.63 | FPS:     31 | Actor Loss: 0.0004 | Critic Loss: 0.0367 | HAN Grad: 0.0000 | HAN Δ: 0.000000 | HAN Metapaths: 0
2026-07-30 12:03:14,639 | INFO |   Phase | Rollout: 25.64s | PPO update: 7.28s
2026-07-30 12:03:14,639 | INFO |   Env | HO: 75.61% | Cont: 98.50% | Task: 94.43% | Resolved: 99.93% | Delay: 1.271s | Energy: 1731.74J | MEC fair: 0.954
2026-07-30 12:03:14,639 | INFO |   Reward | Success: 335.44 | Delay: -46.83 | Energy: -0.53 | TaskFail: -19.80 | Interrupt: -4.60 | HOFail: -0.24
2026-07-30 12:03:46,844 | INFO | Update  134 | Steps: 137,216 | Episodes:   268 | EpReward:   131.64 | FPS:     32 | Actor Loss: 0.0001 | Critic Loss: 0.0410 | HAN Grad: 0.0000 | HAN Δ: 0.000000 | HAN Metapaths: 0
2026-07-30 12:03:46,845 | INFO |   Phase | Rollout: 24.89s | PPO update: 7.31s
2026-07-30 12:03:46,845 | INFO |   Env | HO: 83.18% | Cont: 98.82% | Task: 94.16% | Resolved: 99.95% | Delay: 1.331s | Energy: 1784.09J | MEC fair: 0.952
2026-07-30 12:03:46,845 | INFO |   Reward | Success: 333.04 | Delay: -47.76 | Energy: -0.53 | TaskFail: -20.64 | Interrupt: -3.61 | HOFail: -0.14
2026-07-30 12:04:20,172 | INFO | Update  135 | Steps: 138,240 | Episodes:   270 | EpReward:   131.75 | FPS:     31 | Actor Loss: 0.0000 | Critic Loss: 0.0402 | HAN Grad: 0.0000 | HAN Δ: 0.000000 | HAN Metapaths: 0
2026-07-30 12:04:20,172 | INFO |   Phase | Rollout: 26.17s | PPO update: 7.16s
2026-07-30 12:04:20,172 | INFO |   Env | HO: 85.85% | Cont: 98.38% | Task: 94.84% | Resolved: 100.00% | Delay: 1.235s | Energy: 1692.04J | MEC fair: 0.953
2026-07-30 12:04:20,172 | INFO |   Reward | Success: 339.56 | Delay: -46.88 | Energy: -0.54 | TaskFail: -18.48 | Interrupt: -4.98 | HOFail: -0.12
2026-07-30 12:04:53,945 | INFO | Update  136 | Steps: 139,264 | Episodes:   272 | EpReward:   131.72 | FPS:     30 | Actor Loss: 0.0001 | Critic Loss: 0.0355 | HAN Grad: 0.0000 | HAN Δ: 0.000000 | HAN Metapaths: 0
2026-07-30 12:04:53,945 | INFO |   Phase | Rollout: 26.59s | PPO update: 7.18s
2026-07-30 12:04:53,945 | INFO |   Env | HO: 87.65% | Cont: 98.37% | Task: 94.17% | Resolved: 100.00% | Delay: 1.246s | Energy: 1715.95J | MEC fair: 0.952
2026-07-30 12:04:53,945 | INFO |   Reward | Success: 340.52 | Delay: -46.19 | Energy: -0.53 | TaskFail: -21.08 | Interrupt: -5.01 | HOFail: -0.21
2026-07-30 12:05:27,147 | INFO | Update  137 | Steps: 140,288 | Episodes:   274 | EpReward:   131.74 | FPS:     31 | Actor Loss: 0.0003 | Critic Loss: 0.0276 | HAN Grad: 0.0000 | HAN Δ: 0.000000 | HAN Metapaths: 0
2026-07-30 12:05:27,147 | INFO |   Phase | Rollout: 26.05s | PPO update: 7.15s
2026-07-30 12:05:27,147 | INFO |   Env | HO: 86.46% | Cont: 98.44% | Task: 94.70% | Resolved: 99.94% | Delay: 1.225s | Energy: 1682.42J | MEC fair: 0.952
2026-07-30 12:05:27,148 | INFO |   Reward | Success: 336.32 | Delay: -45.21 | Energy: -0.52 | TaskFail: -18.84 | Interrupt: -4.78 | HOFail: -0.10
2026-07-30 12:06:01,553 | INFO | Update  138 | Steps: 141,312 | Episodes:   276 | EpReward:   131.70 | FPS:     30 | Actor Loss: -0.0005 | Critic Loss: 0.0323 | HAN Grad: 0.0000 | HAN Δ: 0.000000 | HAN Metapaths: 0
2026-07-30 12:06:01,554 | INFO |   Phase | Rollout: 26.26s | PPO update: 8.15s
2026-07-30 12:06:01,554 | INFO |   Env | HO: 84.15% | Cont: 98.46% | Task: 93.23% | Resolved: 100.00% | Delay: 1.396s | Energy: 1884.08J | MEC fair: 0.954
2026-07-30 12:06:01,554 | INFO |   Reward | Success: 335.20 | Delay: -49.17 | Energy: -0.55 | TaskFail: -24.36 | Interrupt: -4.72 | HOFail: -0.22
2026-07-30 12:06:36,977 | INFO | Update  139 | Steps: 142,336 | Episodes:   278 | EpReward:   131.49 | FPS:     29 | Actor Loss: -0.0002 | Critic Loss: 0.0428 | HAN Grad: 0.0000 | HAN Δ: 0.000000 | HAN Metapaths: 0
2026-07-30 12:06:36,978 | INFO |   Phase | Rollout: 25.29s | PPO update: 10.13s
2026-07-30 12:06:36,978 | INFO |   Env | HO: 79.12% | Cont: 98.65% | Task: 92.55% | Resolved: 99.98% | Delay: 1.432s | Energy: 1899.65J | MEC fair: 0.954
2026-07-30 12:06:36,978 | INFO |   Reward | Success: 327.84 | Delay: -49.03 | Energy: -0.53 | TaskFail: -26.40 | Interrupt: -4.15 | HOFail: -0.15
2026-07-30 12:07:09,455 | INFO | Update  140 | Steps: 143,360 | Episodes:   280 | EpReward:   131.57 | FPS:     32 | Actor Loss: 0.0002 | Critic Loss: 0.0495 | HAN Grad: 0.0000 | HAN Δ: 0.000000 | HAN Metapaths: 0
2026-07-30 12:07:09,459 | INFO |   Phase | Rollout: 24.74s | PPO update: 7.74s
2026-07-30 12:07:09,459 | INFO |   Env | HO: 84.62% | Cont: 98.40% | Task: 94.18% | Resolved: 100.00% | Delay: 1.293s | Energy: 1773.63J | MEC fair: 0.954
2026-07-30 12:07:09,459 | INFO |   Reward | Success: 337.80 | Delay: -47.69 | Energy: -0.54 | TaskFail: -20.88 | Interrupt: -4.92 | HOFail: -0.14
2026-07-30 12:07:43,900 | INFO | Update  141 | Steps: 144,384 | Episodes:   282 | EpReward:   131.58 | FPS:     30 | Actor Loss: -0.0002 | Critic Loss: 0.0336 | HAN Grad: 0.0000 | HAN Δ: 0.000000 | HAN Metapaths: 0
2026-07-30 12:07:43,900 | INFO |   Phase | Rollout: 25.20s | PPO update: 9.24s
2026-07-30 12:07:43,901 | INFO |   Env | HO: 76.84% | Cont: 98.43% | Task: 93.88% | Resolved: 99.99% | Delay: 1.335s | Energy: 1815.19J | MEC fair: 0.952
2026-07-30 12:07:43,901 | INFO |   Reward | Success: 337.84 | Delay: -48.99 | Energy: -0.55 | TaskFail: -22.04 | Interrupt: -4.83 | HOFail: -0.18
2026-07-30 12:08:15,070 | INFO | Update  142 | Steps: 145,408 | Episodes:   284 | EpReward:   131.44 | FPS:     33 | Actor Loss: -0.0001 | Critic Loss: 0.0392 | HAN Grad: 0.0000 | HAN Δ: 0.000000 | HAN Metapaths: 0
2026-07-30 12:08:15,070 | INFO |   Phase | Rollout: 23.44s | PPO update: 7.73s
2026-07-30 12:08:15,070 | INFO |   Env | HO: 80.23% | Cont: 98.55% | Task: 92.69% | Resolved: 100.00% | Delay: 1.420s | Energy: 1878.03J | MEC fair: 0.954
2026-07-30 12:08:15,070 | INFO |   Reward | Success: 331.32 | Delay: -50.09 | Energy: -0.54 | TaskFail: -26.12 | Interrupt: -4.44 | HOFail: -0.14
2026-07-30 12:08:48,367 | INFO | Update  143 | Steps: 146,432 | Episodes:   286 | EpReward:   131.53 | FPS:     31 | Actor Loss: -0.0009 | Critic Loss: 0.0387 | HAN Grad: 0.0000 | HAN Δ: 0.000000 | HAN Metapaths: 0
2026-07-30 12:08:48,367 | INFO |   Phase | Rollout: 25.17s | PPO update: 8.13s
2026-07-30 12:08:48,367 | INFO |   Env | HO: 90.91% | Cont: 98.20% | Task: 95.16% | Resolved: 99.99% | Delay: 1.205s | Energy: 1692.56J | MEC fair: 0.951
2026-07-30 12:08:48,367 | INFO |   Reward | Success: 341.12 | Delay: -45.96 | Energy: -0.54 | TaskFail: -17.36 | Interrupt: -5.53 | HOFail: -0.32
2026-07-30 12:09:21,560 | INFO | Update  144 | Steps: 147,456 | Episodes:   288 | EpReward:   131.52 | FPS:     31 | Actor Loss: -0.0008 | Critic Loss: 0.0342 | HAN Grad: 0.0000 | HAN Δ: 0.000000 | HAN Metapaths: 0
2026-07-30 12:09:21,561 | INFO |   Phase | Rollout: 25.52s | PPO update: 7.67s
2026-07-30 12:09:21,561 | INFO |   Env | HO: 82.61% | Cont: 98.14% | Task: 95.40% | Resolved: 99.99% | Delay: 1.147s | Energy: 1584.17J | MEC fair: 0.953
2026-07-30 12:09:21,561 | INFO |   Reward | Success: 340.72 | Delay: -44.02 | Energy: -0.52 | TaskFail: -16.44 | Interrupt: -5.73 | HOFail: -0.13
2026-07-30 12:09:56,700 | INFO | Update  145 | Steps: 148,480 | Episodes:   290 | EpReward:   131.61 | FPS:     29 | Actor Loss: -0.0001 | Critic Loss: 0.0319 | HAN Grad: 0.0000 | HAN Δ: 0.000000 | HAN Metapaths: 0
2026-07-30 12:09:56,700 | INFO |   Phase | Rollout: 25.44s | PPO update: 9.69s
2026-07-30 12:09:56,700 | INFO |   Env | HO: 78.57% | Cont: 98.12% | Task: 94.78% | Resolved: 99.97% | Delay: 1.192s | Energy: 1643.83J | MEC fair: 0.953
2026-07-30 12:09:56,700 | INFO |   Reward | Success: 338.84 | Delay: -44.08 | Energy: -0.52 | TaskFail: -18.68 | Interrupt: -5.78 | HOFail: -0.29
2026-07-30 12:10:27,138 | INFO | Update  146 | Steps: 149,504 | Episodes:   292 | EpReward:   131.58 | FPS:     34 | Actor Loss: 0.0001 | Critic Loss: 0.0405 | HAN Grad: 0.0000 | HAN Δ: 0.000000 | HAN Metapaths: 0
2026-07-30 12:10:27,138 | INFO |   Phase | Rollout: 22.99s | PPO update: 7.45s
2026-07-30 12:10:27,138 | INFO |   Env | HO: 81.74% | Cont: 98.62% | Task: 93.64% | Resolved: 99.99% | Delay: 1.363s | Energy: 1821.41J | MEC fair: 0.952
2026-07-30 12:10:27,138 | INFO |   Reward | Success: 336.20 | Delay: -49.34 | Energy: -0.53 | TaskFail: -22.84 | Interrupt: -4.24 | HOFail: -0.17
2026-07-30 12:10:59,938 | INFO | Update  147 | Steps: 150,528 | Episodes:   294 | EpReward:   131.65 | FPS:     31 | Actor Loss: -0.0001 | Critic Loss: 0.0412 | HAN Grad: 0.0000 | HAN Δ: 0.000000 | HAN Metapaths: 0
2026-07-30 12:10:59,939 | INFO |   Phase | Rollout: 25.54s | PPO update: 7.26s
2026-07-30 12:10:59,939 | INFO |   Env | HO: 86.32% | Cont: 98.28% | Task: 94.64% | Resolved: 99.96% | Delay: 1.219s | Energy: 1664.25J | MEC fair: 0.952
2026-07-30 12:10:59,939 | INFO |   Reward | Success: 338.88 | Delay: -45.36 | Energy: -0.52 | TaskFail: -19.20 | Interrupt: -5.28 | HOFail: -0.19
2026-07-30 12:10:59,939 | INFO | ----------------------------------------
2026-07-30 12:10:59,939 | INFO | 开始评估...
2026-07-30 12:12:53,160 | INFO | 评估结果: 奖励 = 123.63 ± 7.27, 长度 = 512, 时延 = 1.430s, 能耗 = 9858.22J, MEC公平性 = 0.954
2026-07-30 12:12:53,164 | INFO | 新的最佳模型 (reward): score = 123.6324, delay = 1.430s, completion = 91.66%, continuity = 98.63%, mec_fairness = 0.954
2026-07-30 12:12:53,182 | INFO | 模型已保存: /home/pjpjq/LEO_switch/results/baseline_compare/multiuser_scaling_multiuser_single_seed_v5_20260728/u25/learned_baselines/mappo_no_han/best_model.pt
2026-07-30 12:12:53,182 | INFO | 新的最佳奖励: 123.63
2026-07-30 12:12:53,183 | INFO | ----------------------------------------
2026-07-30 12:12:53,202 | INFO | 模型已保存: /home/pjpjq/LEO_switch/results/baseline_compare/multiuser_scaling_multiuser_single_seed_v5_20260728/u25/learned_baselines/mappo_no_han/checkpoint_150528.pt
2026-07-30 12:13:28,939 | INFO | Update  148 | Steps: 151,552 | Episodes:   296 | EpReward:   131.57 | FPS:     29 | Actor Loss: 0.0002 | Critic Loss: 0.0360 | HAN Grad: 0.0000 | HAN Δ: 0.000000 | HAN Metapaths: 0
2026-07-30 12:13:28,939 | INFO |   Phase | Rollout: 27.01s | PPO update: 8.72s
2026-07-30 12:13:28,939 | INFO |   Env | HO: 74.81% | Cont: 98.40% | Task: 94.19% | Resolved: 100.00% | Delay: 1.273s | Energy: 1718.92J | MEC fair: 0.953
2026-07-30 12:13:28,939 | INFO |   Reward | Success: 335.92 | Delay: -46.29 | Energy: -0.52 | TaskFail: -20.72 | Interrupt: -4.91 | HOFail: -0.26
2026-07-30 12:14:01,994 | INFO | Update  149 | Steps: 152,576 | Episodes:   298 | EpReward:   131.43 | FPS:     31 | Actor Loss: -0.0003 | Critic Loss: 0.0355 | HAN Grad: 0.0000 | HAN Δ: 0.000000 | HAN Metapaths: 0
2026-07-30 12:14:01,994 | INFO |   Phase | Rollout: 25.61s | PPO update: 7.44s
2026-07-30 12:14:01,994 | INFO |   Env | HO: 88.17% | Cont: 98.51% | Task: 93.99% | Resolved: 99.98% | Delay: 1.281s | Energy: 1751.71J | MEC fair: 0.954
2026-07-30 12:14:01,994 | INFO |   Reward | Success: 339.60 | Delay: -47.10 | Energy: -0.52 | TaskFail: -21.72 | Interrupt: -4.56 | HOFail: -0.09
2026-07-30 12:14:34,692 | INFO | Update  150 | Steps: 153,600 | Episodes:   300 | EpReward:   131.32 | FPS:     31 | Actor Loss: 0.0000 | Critic Loss: 0.0323 | HAN Grad: 0.0000 | HAN Δ: 0.000000 | HAN Metapaths: 0
2026-07-30 12:14:34,692 | INFO |   Phase | Rollout: 24.97s | PPO update: 7.73s
2026-07-30 12:14:34,692 | INFO |   Env | HO: 88.99% | Cont: 98.45% | Task: 92.87% | Resolved: 100.00% | Delay: 1.390s | Energy: 1884.06J | MEC fair: 0.953
2026-07-30 12:14:34,693 | INFO |   Reward | Success: 337.40 | Delay: -48.08 | Energy: -0.53 | TaskFail: -25.92 | Interrupt: -4.77 | HOFail: -0.10
2026-07-30 12:15:09,158 | INFO | Update  151 | Steps: 154,624 | Episodes:   302 | EpReward:   131.26 | FPS:     30 | Actor Loss: 0.0001 | Critic Loss: 0.0340 | HAN Grad: 0.0000 | HAN Δ: 0.000000 | HAN Metapaths: 0
2026-07-30 12:15:09,159 | INFO |   Phase | Rollout: 26.28s | PPO update: 8.18s
2026-07-30 12:15:09,159 | INFO |   Env | HO: 93.07% | Cont: 98.20% | Task: 94.41% | Resolved: 100.00% | Delay: 1.202s | Energy: 1604.70J | MEC fair: 0.954
2026-07-30 12:15:09,159 | INFO |   Reward | Success: 333.16 | Delay: -43.44 | Energy: -0.49 | TaskFail: -19.72 | Interrupt: -5.53 | HOFail: -0.20
2026-07-30 12:15:42,783 | INFO | Update  152 | Steps: 155,648 | Episodes:   304 | EpReward:   131.17 | FPS:     30 | Actor Loss: -0.0000 | Critic Loss: 0.0368 | HAN Grad: 0.0000 | HAN Δ: 0.000000 | HAN Metapaths: 0
2026-07-30 12:15:42,783 | INFO |   Phase | Rollout: 24.57s | PPO update: 9.05s
2026-07-30 12:15:42,784 | INFO |   Env | HO: 76.47% | Cont: 98.60% | Task: 93.66% | Resolved: 99.98% | Delay: 1.338s | Energy: 1810.10J | MEC fair: 0.954
2026-07-30 12:15:42,784 | INFO |   Reward | Success: 336.16 | Delay: -48.34 | Energy: -0.53 | TaskFail: -22.76 | Interrupt: -4.29 | HOFail: -0.22
2026-07-30 12:16:15,181 | INFO | Update  153 | Steps: 156,672 | Episodes:   306 | EpReward:   131.34 | FPS:     32 | Actor Loss: -0.0004 | Critic Loss: 0.0281 | HAN Grad: 0.0000 | HAN Δ: 0.000000 | HAN Metapaths: 0
2026-07-30 12:16:15,181 | INFO |   Phase | Rollout: 23.84s | PPO update: 8.55s
2026-07-30 12:16:15,182 | INFO |   Env | HO: 84.15% | Cont: 98.28% | Task: 95.03% | Resolved: 99.99% | Delay: 1.182s | Energy: 1644.56J | MEC fair: 0.952
2026-07-30 12:16:15,182 | INFO |   Reward | Success: 344.20 | Delay: -45.84 | Energy: -0.52 | TaskFail: -18.00 | Interrupt: -5.29 | HOFail: -0.26
2026-07-30 12:16:51,019 | INFO | Update  154 | Steps: 157,696 | Episodes:   308 | EpReward:   131.33 | FPS:     29 | Actor Loss: 0.0001 | Critic Loss: 0.0415 | HAN Grad: 0.0000 | HAN Δ: 0.000000 | HAN Metapaths: 0
2026-07-30 12:16:51,020 | INFO |   Phase | Rollout: 26.29s | PPO update: 9.55s
2026-07-30 12:16:51,020 | INFO |   Env | HO: 78.00% | Cont: 98.41% | Task: 93.47% | Resolved: 99.97% | Delay: 1.345s | Energy: 1786.24J | MEC fair: 0.953
2026-07-30 12:16:51,020 | INFO |   Reward | Success: 332.88 | Delay: -48.05 | Energy: -0.53 | TaskFail: -23.24 | Interrupt: -4.87 | HOFail: -0.27
2026-07-30 12:17:26,693 | INFO | Update  155 | Steps: 158,720 | Episodes:   310 | EpReward:   131.50 | FPS:     29 | Actor Loss: -0.0000 | Critic Loss: 0.0461 | HAN Grad: 0.0000 | HAN Δ: 0.000000 | HAN Metapaths: 0
2026-07-30 12:17:26,693 | INFO |   Phase | Rollout: 26.04s | PPO update: 9.63s
2026-07-30 12:17:26,693 | INFO |   Env | HO: 87.50% | Cont: 98.29% | Task: 95.60% | Resolved: 99.97% | Delay: 1.142s | Energy: 1597.96J | MEC fair: 0.952
2026-07-30 12:17:26,693 | INFO |   Reward | Success: 342.68 | Delay: -45.25 | Energy: -0.53 | TaskFail: -15.76 | Interrupt: -5.26 | HOFail: -0.15
2026-07-30 12:17:59,288 | INFO | Update  156 | Steps: 159,744 | Episodes:   312 | EpReward:   131.54 | FPS:     31 | Actor Loss: -0.0011 | Critic Loss: 0.0358 | HAN Grad: 0.0000 | HAN Δ: 0.000000 | HAN Metapaths: 0
2026-07-30 12:17:59,288 | INFO |   Phase | Rollout: 24.45s | PPO update: 8.14s
2026-07-30 12:17:59,288 | INFO |   Env | HO: 83.12% | Cont: 98.11% | Task: 94.66% | Resolved: 99.99% | Delay: 1.231s | Energy: 1668.37J | MEC fair: 0.954
2026-07-30 12:17:59,289 | INFO |   Reward | Success: 335.96 | Delay: -45.92 | Energy: -0.53 | TaskFail: -18.96 | Interrupt: -5.80 | HOFail: -0.27
2026-07-30 12:18:31,615 | INFO | Update  157 | Steps: 160,768 | Episodes:   314 | EpReward:   131.39 | FPS:     32 | Actor Loss: -0.0003 | Critic Loss: 0.0424 | HAN Grad: 0.0000 | HAN Δ: 0.000000 | HAN Metapaths: 0
2026-07-30 12:18:31,615 | INFO |   Phase | Rollout: 24.46s | PPO update: 7.87s
2026-07-30 12:18:31,615 | INFO |   Env | HO: 96.85% | Cont: 98.51% | Task: 93.99% | Resolved: 99.98% | Delay: 1.357s | Energy: 1821.13J | MEC fair: 0.952
2026-07-30 12:18:31,615 | INFO |   Reward | Success: 333.44 | Delay: -49.52 | Energy: -0.55 | TaskFail: -21.32 | Interrupt: -4.56 | HOFail: -0.03
2026-07-30 12:19:05,199 | INFO | Update  158 | Steps: 161,792 | Episodes:   316 | EpReward:   131.34 | FPS:     30 | Actor Loss: -0.0009 | Critic Loss: 0.0536 | HAN Grad: 0.0000 | HAN Δ: 0.000000 | HAN Metapaths: 0
2026-07-30 12:19:05,199 | INFO |   Phase | Rollout: 26.16s | PPO update: 7.42s
2026-07-30 12:19:05,199 | INFO |   Env | HO: 82.27% | Cont: 98.56% | Task: 94.19% | Resolved: 99.98% | Delay: 1.310s | Energy: 1774.14J | MEC fair: 0.954
2026-07-30 12:19:05,199 | INFO |   Reward | Success: 335.92 | Delay: -48.67 | Energy: -0.54 | TaskFail: -20.72 | Interrupt: -4.44 | HOFail: -0.20
2026-07-30 12:19:37,487 | INFO | Update  159 | Steps: 162,816 | Episodes:   318 | EpReward:   131.37 | FPS:     32 | Actor Loss: 0.0001 | Critic Loss: 0.0454 | HAN Grad: 0.0000 | HAN Δ: 0.000000 | HAN Metapaths: 0
2026-07-30 12:19:37,488 | INFO |   Phase | Rollout: 24.89s | PPO update: 7.40s
2026-07-30 12:19:37,494 | INFO |   Env | HO: 77.68% | Cont: 98.78% | Task: 94.24% | Resolved: 99.98% | Delay: 1.328s | Energy: 1840.66J | MEC fair: 0.952
2026-07-30 12:19:37,494 | INFO |   Reward | Success: 343.44 | Delay: -49.98 | Energy: -0.55 | TaskFail: -21.00 | Interrupt: -3.76 | HOFail: -0.20
2026-07-30 12:20:12,425 | INFO | Update  160 | Steps: 163,840 | Episodes:   320 | EpReward:   131.47 | FPS:     29 | Actor Loss: -0.0012 | Critic Loss: 0.0396 | HAN Grad: 0.0000 | HAN Δ: 0.000000 | HAN Metapaths: 0
2026-07-30 12:20:12,425 | INFO |   Phase | Rollout: 24.78s | PPO update: 10.15s
2026-07-30 12:20:12,426 | INFO |   Env | HO: 87.07% | Cont: 98.46% | Task: 94.36% | Resolved: 99.95% | Delay: 1.287s | Energy: 1784.44J | MEC fair: 0.953
2026-07-30 12:20:12,426 | INFO |   Reward | Success: 344.44 | Delay: -48.59 | Energy: -0.54 | TaskFail: -20.60 | Interrupt: -4.74 | HOFail: -0.26
2026-07-30 12:20:45,205 | INFO | Update  161 | Steps: 164,864 | Episodes:   322 | EpReward:   131.43 | FPS:     31 | Actor Loss: 0.0002 | Critic Loss: 0.0486 | HAN Grad: 0.0000 | HAN Δ: 0.000000 | HAN Metapaths: 0
2026-07-30 12:20:45,206 | INFO |   Phase | Rollout: 24.01s | PPO update: 8.76s
2026-07-30 12:20:45,206 | INFO |   Env | HO: 80.82% | Cont: 98.69% | Task: 92.97% | Resolved: 99.99% | Delay: 1.435s | Energy: 1916.42J | MEC fair: 0.953
2026-07-30 12:20:45,206 | INFO |   Reward | Success: 332.36 | Delay: -49.66 | Energy: -0.54 | TaskFail: -25.12 | Interrupt: -4.02 | HOFail: -0.22
2026-07-30 12:21:19,284 | INFO | Update  162 | Steps: 165,888 | Episodes:   324 | EpReward:   131.38 | FPS:     30 | Actor Loss: -0.0003 | Critic Loss: 0.0383 | HAN Grad: 0.0000 | HAN Δ: 0.000000 | HAN Metapaths: 0
2026-07-30 12:21:19,284 | INFO |   Phase | Rollout: 25.65s | PPO update: 8.42s
2026-07-30 12:21:19,284 | INFO |   Env | HO: 81.82% | Cont: 98.59% | Task: 93.53% | Resolved: 99.97% | Delay: 1.338s | Energy: 1816.59J | MEC fair: 0.953
2026-07-30 12:21:19,284 | INFO |   Reward | Success: 336.04 | Delay: -48.43 | Energy: -0.54 | TaskFail: -23.24 | Interrupt: -4.33 | HOFail: -0.24
2026-07-30 12:21:55,568 | INFO | Update  163 | Steps: 166,912 | Episodes:   326 | EpReward:   131.28 | FPS:     28 | Actor Loss: -0.0004 | Critic Loss: 0.0413 | HAN Grad: 0.0000 | HAN Δ: 0.000000 | HAN Metapaths: 0
2026-07-30 12:21:55,568 | INFO |   Phase | Rollout: 25.81s | PPO update: 10.47s
2026-07-30 12:21:55,568 | INFO |   Env | HO: 74.40% | Cont: 98.65% | Task: 93.42% | Resolved: 99.96% | Delay: 1.382s | Energy: 1875.89J | MEC fair: 0.952
2026-07-30 12:21:55,568 | INFO |   Reward | Success: 334.88 | Delay: -48.74 | Energy: -0.54 | TaskFail: -23.60 | Interrupt: -4.15 | HOFail: -0.34
2026-07-30 12:22:28,507 | INFO | Update  164 | Steps: 167,936 | Episodes:   328 | EpReward:   131.19 | FPS:     31 | Actor Loss: -0.0006 | Critic Loss: 0.0349 | HAN Grad: 0.0000 | HAN Δ: 0.000000 | HAN Metapaths: 0
2026-07-30 12:22:28,507 | INFO |   Phase | Rollout: 25.47s | PPO update: 7.47s
2026-07-30 12:22:28,507 | INFO |   Env | HO: 82.05% | Cont: 98.34% | Task: 94.33% | Resolved: 99.99% | Delay: 1.282s | Energy: 1727.79J | MEC fair: 0.954
2026-07-30 12:22:28,507 | INFO |   Reward | Success: 335.76 | Delay: -47.26 | Energy: -0.53 | TaskFail: -20.20 | Interrupt: -5.10 | HOFail: -0.29
2026-07-30 12:23:00,592 | INFO | Update  165 | Steps: 168,960 | Episodes:   330 | EpReward:   131.20 | FPS:     32 | Actor Loss: -0.0003 | Critic Loss: 0.0391 | HAN Grad: 0.0000 | HAN Δ: 0.000000 | HAN Metapaths: 0
2026-07-30 12:23:00,592 | INFO |   Phase | Rollout: 24.47s | PPO update: 7.62s
2026-07-30 12:23:00,592 | INFO |   Env | HO: 78.23% | Cont: 98.47% | Task: 94.05% | Resolved: 99.98% | Delay: 1.302s | Energy: 1783.74J | MEC fair: 0.953
2026-07-30 12:23:00,592 | INFO |   Reward | Success: 339.28 | Delay: -47.80 | Energy: -0.53 | TaskFail: -21.48 | Interrupt: -4.71 | HOFail: -0.33
2026-07-30 12:23:33,859 | INFO | Update  166 | Steps: 169,984 | Episodes:   332 | EpReward:   131.04 | FPS:     31 | Actor Loss: -0.0006 | Critic Loss: 0.0375 | HAN Grad: 0.0000 | HAN Δ: 0.000000 | HAN Metapaths: 0
2026-07-30 12:23:33,859 | INFO |   Phase | Rollout: 24.58s | PPO update: 8.68s
2026-07-30 12:23:33,859 | INFO |   Env | HO: 82.58% | Cont: 98.62% | Task: 93.90% | Resolved: 99.99% | Delay: 1.328s | Energy: 1779.08J | MEC fair: 0.952
2026-07-30 12:23:33,859 | INFO |   Reward | Success: 334.28 | Delay: -47.89 | Energy: -0.53 | TaskFail: -21.72 | Interrupt: -4.23 | HOFail: -0.18
2026-07-30 12:24:08,737 | INFO | Update  167 | Steps: 171,008 | Episodes:   334 | EpReward:   131.13 | FPS:     29 | Actor Loss: -0.0001 | Critic Loss: 0.0406 | HAN Grad: 0.0000 | HAN Δ: 0.000000 | HAN Metapaths: 0
2026-07-30 12:24:08,737 | INFO |   Phase | Rollout: 25.25s | PPO update: 9.63s
2026-07-30 12:24:08,737 | INFO |   Env | HO: 76.80% | Cont: 98.76% | Task: 94.07% | Resolved: 99.99% | Delay: 1.361s | Energy: 1844.86J | MEC fair: 0.952
2026-07-30 12:24:08,737 | INFO |   Reward | Success: 339.08 | Delay: -49.48 | Energy: -0.55 | TaskFail: -21.36 | Interrupt: -3.81 | HOFail: -0.23
2026-07-30 12:24:42,741 | INFO | Update  168 | Steps: 172,032 | Episodes:   336 | EpReward:   131.35 | FPS:     30 | Actor Loss: -0.0007 | Critic Loss: 0.0299 | HAN Grad: 0.0000 | HAN Δ: 0.000000 | HAN Metapaths: 0
2026-07-30 12:24:42,741 | INFO |   Phase | Rollout: 25.34s | PPO update: 8.66s
2026-07-30 12:24:42,741 | INFO |   Env | HO: 76.19% | Cont: 97.96% | Task: 95.97% | Resolved: 99.96% | Delay: 1.088s | Energy: 1530.08J | MEC fair: 0.953
2026-07-30 12:24:42,742 | INFO |   Reward | Success: 342.88 | Delay: -43.07 | Energy: -0.51 | TaskFail: -14.40 | Interrupt: -6.28 | HOFail: -0.46
2026-07-30 12:25:17,102 | INFO | Update  169 | Steps: 173,056 | Episodes:   338 | EpReward:   131.46 | FPS:     30 | Actor Loss: -0.0001 | Critic Loss: 0.0351 | HAN Grad: 0.0000 | HAN Δ: 0.000000 | HAN Metapaths: 0
2026-07-30 12:25:17,102 | INFO |   Phase | Rollout: 25.20s | PPO update: 9.16s
2026-07-30 12:25:17,102 | INFO |   Env | HO: 84.17% | Cont: 98.39% | Task: 94.70% | Resolved: 99.99% | Delay: 1.221s | Energy: 1670.41J | MEC fair: 0.954
2026-07-30 12:25:17,102 | INFO |   Reward | Success: 336.64 | Delay: -45.46 | Energy: -0.52 | TaskFail: -18.84 | Interrupt: -4.94 | HOFail: -0.18
2026-07-30 12:25:49,117 | INFO | Update  170 | Steps: 174,080 | Episodes:   340 | EpReward:   131.52 | FPS:     32 | Actor Loss: -0.0003 | Critic Loss: 0.0442 | HAN Grad: 0.0000 | HAN Δ: 0.000000 | HAN Metapaths: 0
2026-07-30 12:25:49,118 | INFO |   Phase | Rollout: 24.71s | PPO update: 7.31s
2026-07-30 12:25:49,118 | INFO |   Env | HO: 73.15% | Cont: 98.45% | Task: 94.72% | Resolved: 99.97% | Delay: 1.217s | Energy: 1666.06J | MEC fair: 0.953
2026-07-30 12:25:49,118 | INFO |   Reward | Success: 340.12 | Delay: -45.55 | Energy: -0.52 | TaskFail: -18.96 | Interrupt: -4.75 | HOFail: -0.32
2026-07-30 12:26:22,468 | INFO | Update  171 | Steps: 175,104 | Episodes:   342 | EpReward:   131.63 | FPS:     31 | Actor Loss: -0.0006 | Critic Loss: 0.0335 | HAN Grad: 0.0000 | HAN Δ: 0.000000 | HAN Metapaths: 0
2026-07-30 12:26:22,469 | INFO |   Phase | Rollout: 25.55s | PPO update: 7.80s
2026-07-30 12:26:22,469 | INFO |   Env | HO: 82.22% | Cont: 98.50% | Task: 94.78% | Resolved: 99.96% | Delay: 1.237s | Energy: 1699.63J | MEC fair: 0.953
2026-07-30 12:26:22,469 | INFO |   Reward | Success: 341.08 | Delay: -47.01 | Energy: -0.53 | TaskFail: -18.80 | Interrupt: -4.60 | HOFail: -0.19
2026-07-30 12:26:22,469 | INFO | ----------------------------------------
2026-07-30 12:26:22,469 | INFO | 开始评估...
2026-07-30 12:28:16,621 | INFO | 评估结果: 奖励 = 116.98 ± 7.21, 长度 = 512, 时延 = 1.567s, 能耗 = 10557.77J, MEC公平性 = 0.954
2026-07-30 12:28:16,621 | INFO | ----------------------------------------
2026-07-30 12:28:49,797 | INFO | Update  172 | Steps: 176,128 | Episodes:   344 | EpReward:   131.74 | FPS:     31 | Actor Loss: -0.0006 | Critic Loss: 0.0401 | HAN Grad: 0.0000 | HAN Δ: 0.000000 | HAN Metapaths: 0
2026-07-30 12:28:49,798 | INFO |   Phase | Rollout: 24.89s | PPO update: 8.29s
2026-07-30 12:28:49,798 | INFO |   Env | HO: 89.47% | Cont: 98.71% | Task: 94.34% | Resolved: 99.98% | Delay: 1.284s | Energy: 1758.22J | MEC fair: 0.953
2026-07-30 12:28:49,798 | INFO |   Reward | Success: 337.44 | Delay: -46.85 | Energy: -0.52 | TaskFail: -20.24 | Interrupt: -3.96 | HOFail: -0.10
2026-07-30 12:29:22,628 | INFO | Update  173 | Steps: 177,152 | Episodes:   346 | EpReward:   131.78 | FPS:     31 | Actor Loss: -0.0002 | Critic Loss: 0.0400 | HAN Grad: 0.0000 | HAN Δ: 0.000000 | HAN Metapaths: 0
2026-07-30 12:29:22,628 | INFO |   Phase | Rollout: 24.60s | PPO update: 8.23s
2026-07-30 12:29:22,628 | INFO |   Env | HO: 83.46% | Cont: 98.39% | Task: 94.12% | Resolved: 99.96% | Delay: 1.262s | Energy: 1703.41J | MEC fair: 0.953
2026-07-30 12:29:22,628 | INFO |   Reward | Success: 334.72 | Delay: -45.65 | Energy: -0.51 | TaskFail: -20.92 | Interrupt: -4.95 | HOFail: -0.18
2026-07-30 12:29:55,948 | INFO | Update  174 | Steps: 178,176 | Episodes:   348 | EpReward:   131.86 | FPS:     31 | Actor Loss: -0.0004 | Critic Loss: 0.0397 | HAN Grad: 0.0000 | HAN Δ: 0.000000 | HAN Metapaths: 0
2026-07-30 12:29:55,948 | INFO |   Phase | Rollout: 25.94s | PPO update: 7.38s
2026-07-30 12:29:55,948 | INFO |   Env | HO: 77.11% | Cont: 98.00% | Task: 94.97% | Resolved: 99.97% | Delay: 1.172s | Energy: 1625.91J | MEC fair: 0.953
2026-07-30 12:29:55,948 | INFO |   Reward | Success: 343.00 | Delay: -44.34 | Energy: -0.52 | TaskFail: -18.16 | Interrupt: -6.14 | HOFail: -0.42
2026-07-30 12:30:28,592 | INFO | Update  175 | Steps: 179,200 | Episodes:   350 | EpReward:   132.02 | FPS:     31 | Actor Loss: -0.0005 | Critic Loss: 0.0436 | HAN Grad: 0.0000 | HAN Δ: 0.000000 | HAN Metapaths: 0
2026-07-30 12:30:28,593 | INFO |   Phase | Rollout: 24.12s | PPO update: 8.52s
2026-07-30 12:30:28,593 | INFO |   Env | HO: 89.54% | Cont: 98.42% | Task: 93.75% | Resolved: 99.98% | Delay: 1.318s | Energy: 1768.16J | MEC fair: 0.953
2026-07-30 12:30:28,593 | INFO |   Reward | Success: 334.36 | Delay: -47.06 | Energy: -0.52 | TaskFail: -22.28 | Interrupt: -4.86 | HOFail: -0.13
2026-07-30 12:31:03,071 | INFO | Update  176 | Steps: 180,224 | Episodes:   352 | EpReward:   132.16 | FPS:     30 | Actor Loss: -0.0004 | Critic Loss: 0.0456 | HAN Grad: 0.0000 | HAN Δ: 0.000000 | HAN Metapaths: 0
2026-07-30 12:31:03,071 | INFO |   Phase | Rollout: 24.92s | PPO update: 9.55s
2026-07-30 12:31:03,071 | INFO |   Env | HO: 83.78% | Cont: 98.28% | Task: 95.52% | Resolved: 100.00% | Delay: 1.125s | Energy: 1574.42J | MEC fair: 0.952
2026-07-30 12:31:03,071 | INFO |   Reward | Success: 344.00 | Delay: -44.49 | Energy: -0.51 | TaskFail: -16.12 | Interrupt: -5.28 | HOFail: -0.22
2026-07-30 12:31:37,324 | INFO | Update  177 | Steps: 181,248 | Episodes:   354 | EpReward:   132.20 | FPS:     30 | Actor Loss: -0.0003 | Critic Loss: 0.0513 | HAN Grad: 0.0000 | HAN Δ: 0.000000 | HAN Metapaths: 0
2026-07-30 12:31:37,324 | INFO |   Phase | Rollout: 24.98s | PPO update: 9.28s
2026-07-30 12:31:37,324 | INFO |   Env | HO: 81.62% | Cont: 98.45% | Task: 94.36% | Resolved: 99.97% | Delay: 1.251s | Energy: 1681.61J | MEC fair: 0.952
2026-07-30 12:31:37,325 | INFO |   Reward | Success: 334.68 | Delay: -45.33 | Energy: -0.51 | TaskFail: -20.00 | Interrupt: -4.76 | HOFail: -0.20
2026-07-30 12:32:09,165 | INFO | Update  178 | Steps: 182,272 | Episodes:   356 | EpReward:   132.12 | FPS:     32 | Actor Loss: -0.0004 | Critic Loss: 0.0473 | HAN Grad: 0.0000 | HAN Δ: 0.000000 | HAN Metapaths: 0
2026-07-30 12:32:09,165 | INFO |   Phase | Rollout: 24.00s | PPO update: 7.84s
2026-07-30 12:32:09,166 | INFO |   Env | HO: 86.92% | Cont: 98.46% | Task: 93.77% | Resolved: 100.00% | Delay: 1.304s | Energy: 1790.52J | MEC fair: 0.953
2026-07-30 12:32:09,166 | INFO |   Reward | Success: 339.84 | Delay: -46.89 | Energy: -0.53 | TaskFail: -22.56 | Interrupt: -4.72 | HOFail: -0.20
2026-07-30 12:32:41,304 | INFO | Update  179 | Steps: 183,296 | Episodes:   358 | EpReward:   132.06 | FPS:     32 | Actor Loss: -0.0000 | Critic Loss: 0.0505 | HAN Grad: 0.0000 | HAN Δ: 0.000000 | HAN Metapaths: 0
2026-07-30 12:32:41,304 | INFO |   Phase | Rollout: 23.50s | PPO update: 8.64s
2026-07-30 12:32:41,304 | INFO |   Env | HO: 76.64% | Cont: 98.64% | Task: 93.25% | Resolved: 99.99% | Delay: 1.361s | Energy: 1857.35J | MEC fair: 0.953
2026-07-30 12:32:41,305 | INFO |   Reward | Success: 341.00 | Delay: -48.60 | Energy: -0.53 | TaskFail: -24.68 | Interrupt: -4.19 | HOFail: -0.26
2026-07-30 12:33:11,999 | INFO | Update  180 | Steps: 184,320 | Episodes:   360 | EpReward:   132.02 | FPS:     33 | Actor Loss: -0.0002 | Critic Loss: 0.0409 | HAN Grad: 0.0000 | HAN Δ: 0.000000 | HAN Metapaths: 0
2026-07-30 12:33:11,999 | INFO |   Phase | Rollout: 23.33s | PPO update: 7.36s
2026-07-30 12:33:11,999 | INFO |   Env | HO: 84.38% | Cont: 98.84% | Task: 94.61% | Resolved: 99.93% | Delay: 1.285s | Energy: 1737.35J | MEC fair: 0.953
2026-07-30 12:33:11,999 | INFO |   Reward | Success: 334.16 | Delay: -47.67 | Energy: -0.53 | TaskFail: -19.04 | Interrupt: -3.57 | HOFail: -0.20
2026-07-30 12:33:45,684 | INFO | Update  181 | Steps: 185,344 | Episodes:   362 | EpReward:   132.18 | FPS:     30 | Actor Loss: 0.0000 | Critic Loss: 0.0312 | HAN Grad: 0.0000 | HAN Δ: 0.000000 | HAN Metapaths: 0
2026-07-30 12:33:45,685 | INFO |   Phase | Rollout: 24.81s | PPO update: 8.87s
2026-07-30 12:33:45,685 | INFO |   Env | HO: 84.78% | Cont: 98.31% | Task: 95.17% | Resolved: 99.98% | Delay: 1.141s | Energy: 1562.27J | MEC fair: 0.954
2026-07-30 12:33:45,685 | INFO |   Reward | Success: 337.96 | Delay: -43.09 | Energy: -0.49 | TaskFail: -17.16 | Interrupt: -5.19 | HOFail: -0.17
2026-07-30 12:34:17,591 | INFO | Update  182 | Steps: 186,368 | Episodes:   364 | EpReward:   132.29 | FPS:     32 | Actor Loss: -0.0003 | Critic Loss: 0.0255 | HAN Grad: 0.0000 | HAN Δ: 0.000000 | HAN Metapaths: 0
2026-07-30 12:34:17,592 | INFO |   Phase | Rollout: 24.36s | PPO update: 7.55s
2026-07-30 12:34:17,592 | INFO |   Env | HO: 86.39% | Cont: 98.25% | Task: 94.87% | Resolved: 99.99% | Delay: 1.215s | Energy: 1709.47J | MEC fair: 0.952
2026-07-30 12:34:17,592 | INFO |   Reward | Success: 344.72 | Delay: -45.67 | Energy: -0.53 | TaskFail: -18.64 | Interrupt: -5.39 | HOFail: -0.16
2026-07-30 12:34:51,120 | INFO | Update  183 | Steps: 187,392 | Episodes:   366 | EpReward:   132.28 | FPS:     31 | Actor Loss: -0.0002 | Critic Loss: 0.0420 | HAN Grad: 0.0000 | HAN Δ: 0.000000 | HAN Metapaths: 0
2026-07-30 12:34:51,120 | INFO |   Phase | Rollout: 24.83s | PPO update: 8.70s
2026-07-30 12:34:51,120 | INFO |   Env | HO: 78.95% | Cont: 98.71% | Task: 93.62% | Resolved: 99.98% | Delay: 1.340s | Energy: 1827.75J | MEC fair: 0.952
2026-07-30 12:34:51,121 | INFO |   Reward | Success: 338.36 | Delay: -48.09 | Energy: -0.53 | TaskFail: -23.04 | Interrupt: -3.96 | HOFail: -0.22
2026-07-30 12:35:22,819 | INFO | Update  184 | Steps: 188,416 | Episodes:   368 | EpReward:   132.30 | FPS:     32 | Actor Loss: 0.0007 | Critic Loss: 0.0348 | HAN Grad: 0.0000 | HAN Δ: 0.000000 | HAN Metapaths: 0
2026-07-30 12:35:22,819 | INFO |   Phase | Rollout: 24.31s | PPO update: 7.39s
2026-07-30 12:35:22,819 | INFO |   Env | HO: 90.15% | Cont: 98.64% | Task: 93.80% | Resolved: 99.98% | Delay: 1.324s | Energy: 1809.81J | MEC fair: 0.952
2026-07-30 12:35:22,820 | INFO |   Reward | Success: 337.12 | Delay: -47.52 | Energy: -0.53 | TaskFail: -22.28 | Interrupt: -4.18 | HOFail: -0.10
2026-07-30 12:35:56,703 | INFO | Update  185 | Steps: 189,440 | Episodes:   370 | EpReward:   132.36 | FPS:     30 | Actor Loss: -0.0001 | Critic Loss: 0.0242 | HAN Grad: 0.0000 | HAN Δ: 0.000000 | HAN Metapaths: 0
2026-07-30 12:35:56,703 | INFO |   Phase | Rollout: 25.20s | PPO update: 8.69s
2026-07-30 12:35:56,703 | INFO |   Env | HO: 93.00% | Cont: 98.65% | Task: 95.11% | Resolved: 99.99% | Delay: 1.195s | Energy: 1668.25J | MEC fair: 0.952
2026-07-30 12:35:56,703 | INFO |   Reward | Success: 342.16 | Delay: -45.47 | Energy: -0.52 | TaskFail: -17.60 | Interrupt: -4.15 | HOFail: -0.06
