num_users,method,display_name,seed_count,active_load_balance_score,active_load_balance_score_ci_low,active_load_balance_score_ci_high,active_mec_load_fairness,active_mec_load_fairness_ci_low,active_mec_load_fairness_ci_high,avg_delay,avg_delay_ci_low,avg_delay_ci_high,avg_load_balance_score,avg_load_balance_score_ci_low,avg_load_balance_score_ci_high,avg_success_delay,avg_success_delay_ci_low,avg_success_delay_ci_high,avg_success_delay_sample_count,blocked_time_ratio,blocked_time_ratio_ci_low,blocked_time_ratio_ci_high,blocked_user_seconds,blocked_user_seconds_ci_low,blocked_user_seconds_ci_high,completed_tasks,completed_tasks_ci_low,completed_tasks_ci_high,deadline_violation_rate,deadline_violation_rate_ci_low,deadline_violation_rate_ci_high,deadline_violations,deadline_violations_ci_low,deadline_violations_ci_high,energy_per_resolved_task,energy_per_resolved_task_ci_low,energy_per_resolved_task_ci_high,energy_per_successful_task,energy_per_successful_task_ci_low,energy_per_successful_task_ci_high,energy_per_successful_task_sample_count,episodes,episodes_ci_low,episodes_ci_high,failed_handovers,failed_handovers_ci_low,failed_handovers_ci_high,failed_tasks,failed_tasks_ci_low,failed_tasks_ci_high,forced_termination_rate,forced_termination_rate_ci_low,forced_termination_rate_ci_high,handover_aborted,handover_aborted_ci_low,handover_aborted_ci_high,handover_action_rate,handover_action_rate_ci_low,handover_action_rate_ci_high,handover_attempts,handover_attempts_ci_low,handover_attempts_ci_high,handover_committed,handover_committed_ci_low,handover_committed_ci_high,handover_failure_rate,handover_failure_rate_ci_low,handover_failure_rate_ci_high,handover_frequency,handover_frequency_ci_low,handover_frequency_ci_high,handover_interruption_seconds,handover_interruption_seconds_ci_low,handover_interruption_seconds_ci_high,handover_radio_failures,handover_radio_failures_ci_low,handover_radio_failures_ci_high,handover_success_rate,handover_success_rate_ci_low,handover_success_rate_ci_high,handovers_per_user_minute,handovers_per_user_minute_ci_low,handovers_per_user_minute_ci_high,is_system,jain_mec_load_fairness,jain_mec_load_fairness_ci_low,jain_mec_load_fairness_ci_high,load_balance_coefficient,load_balance_coefficient_ci_low,load_balance_coefficient_ci_high,load_balance_variance,load_balance_variance_ci_low,load_balance_variance_ci_high,load_variance_sample_count,load_variance_sample_count_ci_low,load_variance_sample_count_ci_high,local_compute_rate,local_compute_rate_ci_low,local_compute_rate_ci_high,mean_offload_ratio,mean_offload_ratio_ci_low,mean_offload_ratio_ci_high,mean_reward,mean_reward_ci_low,mean_reward_ci_high,mec_load_fairness,mec_load_fairness_ci_low,mec_load_fairness_ci_high,migration_rejections,migration_rejections_ci_low,migration_rejections_ci_high,p95_success_delay,p95_success_delay_ci_low,p95_success_delay_ci_high,p95_success_delay_sample_count,penalty_delay,penalty_delay_ci_low,penalty_delay_ci_high,penalty_energy,penalty_energy_ci_low,penalty_energy_ci_high,penalty_failed_handover,penalty_failed_handover_ci_low,penalty_failed_handover_ci_high,penalty_service_interruption,penalty_service_interruption_ci_low,penalty_service_interruption_ci_high,penalty_task_failure,penalty_task_failure_ci_low,penalty_task_failure_ci_high,pending_task_rate,pending_task_rate_ci_low,pending_task_rate_ci_high,pending_tasks,pending_tasks_ci_low,pending_tasks_ci_high,primary_metric_win_count,primary_metric_win_count_ci_low,primary_metric_win_count_ci_high,primary_metric_wins_text,reachable_jain_mec_load_fairness,reachable_jain_mec_load_fairness_ci_low,reachable_jain_mec_load_fairness_ci_high,reconnection_attempts,reconnection_attempts_ci_low,reconnection_attempts_ci_high,reconnections,reconnections_ci_low,reconnections_ci_high,resolved_tasks,resolved_tasks_ci_low,resolved_tasks_ci_high,reward_load_balance,reward_load_balance_ci_low,reward_load_balance_ci_high,reward_task_success,reward_task_success_ci_low,reward_task_success_ci_high,selection_metric,selection_score,selection_score_ci_low,selection_score_ci_high,service_availability_rate,service_availability_rate_ci_low,service_availability_rate_ci_high,service_continuity_rate,service_continuity_rate_ci_low,service_continuity_rate_ci_high,service_interruption_seconds,service_interruption_seconds_ci_low,service_interruption_seconds_ci_high,source,source_is_system,source_method,std_reward,std_reward_ci_low,std_reward_ci_high,successful_task_throughput,successful_task_throughput_ci_low,successful_task_throughput_ci_high,task_completion_rate,task_completion_rate_ci_low,task_completion_rate_ci_high,task_failure_rate,task_failure_rate_ci_low,task_failure_rate_ci_high,task_resolution_rate,task_resolution_rate_ci_low,task_resolution_rate_ci_high,task_settlement_rate,task_settlement_rate_ci_low,task_settlement_rate_ci_high,task_success_rate,task_success_rate_ci_low,task_success_rate_ci_high,total_energy,total_energy_ci_low,total_energy_ci_high,total_handovers,total_handovers_ci_low,total_handovers_ci_high,total_tasks,total_tasks_ci_low,total_tasks_ci_high,total_user_seconds,total_user_seconds_ci_low,total_user_seconds_ci_high,training_history,checkpoint,trained_timesteps,trained_timesteps_ci_low,trained_timesteps_ci_high,training_log,best_training_eval_reward,best_training_eval_reward_ci_low,best_training_eval_reward_ci_high,method_variant,selected_offload,selected_offload_ci_low,selected_offload_ci_high
20,han_pdqn,HAN+PDQN,1,0.5278339371875589,0.5278339371875589,0.5278339371875589,0.3140679727179384,0.3140679727179384,0.3140679727179384,1.658337722367694,1.658337722367694,1.658337722367694,0.5278339371875589,0.5278339371875589,0.5278339371875589,1.5421469396802263,1.5421469396802263,1.5421469396802263,1,0.018925781250000002,0.018925781250000002,0.018925781250000002,193.8,193.8,193.8,3432.4,3432.4,3432.4,0.03621081280074297,0.03621081280074297,0.03621081280074297,129.0,129.0,129.0,0.9274483907212264,0.9274483907212264,0.9274483907212264,0.9624668359599722,0.9624668359599722,0.9624668359599722,1,5.0,5.0,5.0,0.0,0.0,0.0,0.6,0.6,0.6,0.04920899779197635,0.04920899779197635,0.04920899779197635,0.0,0.0,0.0,0.01390625,0.01390625,0.01390625,135.4,135.4,135.4,135.4,135.4,135.4,0.0,0.0,0.0,0.013222656250000001,0.013222656250000001,0.013222656250000001,85.44000322818756,85.44000322818756,85.44000322818756,0.0,0.0,0.0,1.0,1.0,1.0,0.793359375,0.793359375,0.793359375,True,0.5964811784203182,0.5964811784203182,0.5964811784203182,0.5278339371875589,0.5278339371875589,0.5278339371875589,0.07726069753392274,0.07726069753392274,0.07726069753392274,2287.0,2287.0,2287.0,0.43509765625,0.43509765625,0.43509765625,0.540608823299408,0.540608823299408,0.540608823299408,107.63400921341963,107.63400921341963,107.63400921341963,0.5278339371875589,0.5278339371875589,0.5278339371875589,0.0,0.0,0.0,3.51846312414611,3.51846312414611,3.51846312414611,1,-39.53960281501958,-39.53960281501958,-39.53960281501958,-27.43518245926049,-27.43518245926049,-27.43518245926049,0.0,0.0,0.0,-4.188600167073309,-4.188600167073309,-4.188600167073309,-6.479999999999985,-6.479999999999985,-6.479999999999985,0.0008429674194282571,0.0008429674194282571,0.0008429674194282571,3.0,3.0,3.0,6.0,6.0,6.0,Successful-Task Delay | P95 Successful-Task Delay | Task Success | Deadline Violation | Successful Task Throughput | Energy per Successful Task,0.5964811784203182,0.5964811784203182,0.5964811784203182,7.0,7.0,7.0,7.0,7.0,7.0,3562.0,3562.0,3562.0,13.657391737719289,13.657391737719289,13.657391737719289,171.62000000000478,171.62000000000478,171.62000000000478,reward,107.63400921341963,107.63400921341963,107.63400921341963,0.9810742187500001,0.9810742187500001,0.9810742187500001,0.9727304685791023,0.9727304685791023,0.9727304685791023,279.24000174999236,279.24000174999236,279.24000174999236,checkpoint_eval,True,han_pdqn_multiuser_u20,4.853743265486484,4.853743265486484,4.853743265486484,20.11171875,20.11171875,20.11171875,0.963586259601785,0.963586259601785,0.963586259601785,0.03637995111511352,0.03637995111511352,0.03637995111511352,0.9991570325805718,0.9991570325805718,0.9991570325805718,0.9991570325805718,0.9991570325805718,0.9991570325805718,0.9627770814654582,0.9627770814654582,0.9627770814654582,3303.5711677490085,3303.5711677490085,3303.5711677490085,135.4,135.4,135.4,3565.0,3565.0,3565.0,10240.0,10240.0,10240.0,/home/pjpjq/LEO_switch/results/multiseed_0907/seed43/u20/learned_baselines/han_pdqn/training_history.json,,,,,,,,,,,,
20,han_mappo,HAN+MAPPO,1,0.4439467478052287,0.4439467478052287,0.4439467478052287,0.3662274746888598,0.3662274746888598,0.3662274746888598,1.8033926673749925,1.8033926673749925,1.8033926673749925,0.4439467478052287,0.4439467478052287,0.4439467478052287,1.5616157051588626,1.5616157051588626,1.5616157051588626,1,0.020488281249999997,0.020488281249999997,0.020488281249999997,209.8,209.8,209.8,3368.6,3368.6,3368.6,0.05367827162338913,0.05367827162338913,0.05367827162338913,191.8,191.8,191.8,1.092537895720729,1.092537895720729,1.092537895720729,1.1553281755436622,1.1553281755436622,1.1553281755436622,1,5.0,5.0,5.0,0.0,0.0,0.0,1.8,1.8,1.8,0.4853846898359094,0.4853846898359094,0.4853846898359094,0.0,0.0,0.0,0.0047265625,0.0047265625,0.0047265625,25.0,25.0,25.0,25.0,25.0,25.0,0.0,0.0,0.0,0.0024414062500000004,0.0024414062500000004,0.0024414062500000004,29.040001130104066,29.040001130104066,29.040001130104066,0.0,0.0,0.0,1.0,1.0,1.0,0.146484375,0.146484375,0.146484375,False,0.6093794122223779,0.6093794122223779,0.6093794122223779,0.4439467478052287,0.4439467478052287,0.4439467478052287,0.09627315776013927,0.09627315776013927,0.09627315776013927,2442.0,2442.0,2442.0,0.69419921875,0.69419921875,0.69419921875,0.23174253106117249,0.23174253106117249,0.23174253106117249,99.39433806792367,99.39433806792367,99.39433806792367,0.4439467478052287,0.4439467478052287,0.4439467478052287,0.0,0.0,0.0,3.5847789371710532,3.5847789371710532,3.5847789371710532,1,-39.52790838933689,-39.52790838933689,-39.52790838933689,-31.171744083204942,-31.171744083204942,-31.171744083204942,0.0,0.0,0.0,-3.5826001444831492,-3.5826001444831492,-3.5826001444831492,-9.680000000000021,-9.680000000000021,-9.680000000000021,0.0007859256507011705,0.0007859256507011705,0.0007859256507011705,2.8,2.8,2.8,0.0,0.0,0.0,,0.6093794122223779,0.6093794122223779,0.6093794122223779,23.4,23.4,23.4,23.4,23.4,23.4,3562.2,3562.2,3562.2,14.92658851961409,14.92658851961409,14.92658851961409,168.43000000000404,168.43000000000404,168.43000000000404,reward,99.39433806792367,99.39433806792367,99.39433806792367,0.9795117187500001,0.9795117187500001,0.9795117187500001,0.9766757811745629,0.9766757811745629,0.9766757811745629,238.8400007724762,238.8400007724762,238.8400007724762,han_mappo_checkpoint_eval,False,,6.450042243001259,6.450042243001259,6.450042243001259,19.737890625,19.737890625,19.737890625,0.9457749424352455,0.9457749424352455,0.9457749424352455,0.05418090772515853,0.05418090772515853,0.05418090772515853,0.9992140743492989,0.9992140743492989,0.9992140743492989,0.9992140743492989,0.9992140743492989,0.9992140743492989,0.9450331666241404,0.9450331666241404,0.9450331666241404,3891.8384921363804,3891.8384921363804,3891.8384921363804,25.0,25.0,25.0,3565.0,3565.0,3565.0,10240.0,10240.0,10240.0,/home/pjpjq/LEO_switch/results/multiseed_0907/seed43/u20/learned_baselines/han_mappo/training_history.json,/home/pjpjq/LEO_switch/results/multiseed_0907/seed43/u20/learned_baselines/han_mappo/best_model.pt,,,,,,,,,,,
20,pdqn,PDQN,1,0.456067931882669,0.456067931882669,0.456067931882669,0.17350927348180806,0.17350927348180806,0.17350927348180806,1.7240086665615926,1.7240086665615926,1.7240086665615926,0.456067931882669,0.456067931882669,0.456067931882669,1.585813426850002,1.585813426850002,1.585813426850002,1,0.0194921875,0.0194921875,0.0194921875,199.6,199.6,199.6,3400.4,3400.4,3400.4,0.045753794769116556,0.045753794769116556,0.045753794769116556,163.0,163.0,163.0,1.0080338440836532,1.0080338440836532,1.0080338440836532,1.0565323551094399,1.0565323551094399,1.0565323551094399,1,5.0,5.0,5.0,50.0,50.0,50.0,0.6,0.6,0.6,0.06328874421394222,0.06328874421394222,0.06328874421394222,50.0,50.0,50.0,0.01994140625,0.01994140625,0.01994140625,195.6,195.6,195.6,145.6,145.6,145.6,0.22767745549318746,0.22767745549318746,0.22767745549318746,0.014218749999999999,0.014218749999999999,0.014218749999999999,92.52000362873078,92.52000362873078,92.52000362873078,50.0,50.0,50.0,0.7723225445068126,0.7723225445068126,0.7723225445068126,0.853125,0.853125,0.853125,False,0.549458629536624,0.549458629536624,0.549458629536624,0.456067931882669,0.456067931882669,0.456067931882669,0.09339057199996789,0.09339057199996789,0.09339057199996789,1865.0,1865.0,1865.0,0.55216796875,0.55216796875,0.55216796875,0.4273967742919922,0.4273967742919922,0.4273967742919922,97.66964704596612,97.66964704596612,97.66964704596612,0.456067931882669,0.456067931882669,0.456067931882669,0.0,0.0,0.0,3.617092309053396,3.617092309053396,3.617092309053396,1,-40.31151127735269,-40.31151127735269,-40.31151127735269,-29.22741596698061,-29.22741596698061,-29.22741596698061,-0.5000000000000003,-0.5000000000000003,-0.5000000000000003,-4.381800171732903,-4.381800171732903,-4.381800171732903,-8.179999999999989,-8.179999999999989,-8.179999999999989,0.000283079583113203,0.000283079583113203,0.000283079583113203,1.0,1.0,1.0,0.0,0.0,0.0,,0.549458629536624,0.549458629536624,0.549458629536624,8.6,8.6,8.6,8.6,8.6,8.6,3564.0,3564.0,3564.0,10.250372509512573,10.250372509512573,10.250372509512573,170.0200000000044,170.0200000000044,170.0200000000044,reward,97.66964704596612,97.66964704596612,97.66964704596612,0.9805078125,0.9805078125,0.9805078125,0.9714726560586133,0.9714726560586133,0.9714726560586133,292.12000195980073,292.12000195980073,292.12000195980073,pdqn_train_eval,False,,3.2041131188596768,3.2041131188596768,3.2041131188596768,19.92421875,19.92421875,19.92421875,0.9540643325070347,0.9540643325070347,0.9540643325070347,0.04592287527700429,0.04592287527700429,0.04592287527700429,0.9997169204168868,0.9997169204168868,0.9997169204168868,0.9997169204168868,0.9997169204168868,0.9997169204168868,0.9537940451398825,0.9537940451398825,0.9537940451398825,3592.63262031414,3592.63262031414,3592.63262031414,195.6,195.6,195.6,3565.0,3565.0,3565.0,10240.0,10240.0,10240.0,/home/pjpjq/LEO_switch/results/multiseed_0907/seed43/u20/learned_baselines/pdqn/training_history.json,/home/pjpjq/LEO_switch/results/multiseed_0907/seed43/u20/learned_baselines/pdqn/best_model.pt,150000.0,150000.0,150000.0,/home/pjpjq/LEO_switch/results/multiseed_0907/seed43/u20/learned_baselines/pdqn/pdqn_training.log,,,,,,,
20,mappo_no_han,MAPPO,1,0.4808414919290716,0.4808414919290716,0.4808414919290716,0.5042820057700302,0.5042820057700302,0.5042820057700302,2.1146494974782315,2.1146494974782315,2.1146494974782315,0.4808414919290716,0.4808414919290716,0.4808414919290716,1.7567503942768403,1.7567503942768403,1.7567503942768403,1,0.020371093749999996,0.020371093749999996,0.020371093749999996,208.6,208.6,208.6,3249.4,3249.4,3249.4,0.08654207125123749,0.08654207125123749,0.08654207125123749,309.4,309.4,309.4,1.0463774000520871,1.0463774000520871,1.0463774000520871,1.1469769875994102,1.1469769875994102,1.1469769875994102,1,5.0,5.0,5.0,0.0,0.0,0.0,3.0,3.0,3.0,0.3185826673326673,0.3185826673326673,0.3185826673326673,0.0,0.0,0.0,0.007578125,0.007578125,0.007578125,55.8,55.8,55.8,55.8,55.8,55.8,0.0,0.0,0.0,0.00544921875,0.00544921875,0.00544921875,46.560001850128174,46.560001850128174,46.560001850128174,0.0,0.0,0.0,1.0,1.0,1.0,0.326953125,0.326953125,0.326953125,False,0.6734366122475032,0.6734366122475032,0.6734366122475032,0.4808414919290716,0.4808414919290716,0.4808414919290716,0.08764586063067219,0.08764586063067219,0.08764586063067219,2480.0,2480.0,2480.0,0.775703125,0.775703125,0.775703125,0.1890859454870224,0.1890859454870224,0.1890859454870224,89.64559000019453,89.64559000019453,89.64559000019453,0.4808414919290716,0.4808414919290716,0.4808414919290716,0.0,0.0,0.0,3.939557358567709,3.939557358567709,3.939557358567709,1,-41.94039454809594,-41.94039454809594,-41.94039454809594,-28.18523320939487,-28.18523320939487,-28.18523320939487,0.0,0.0,0.0,-3.8274001616984608,-3.8274001616984608,-3.8274001616984608,-15.620000000000093,-15.620000000000093,-15.620000000000093,0.0008979577961123374,0.0008979577961123374,0.0008979577961123374,3.2,3.2,3.2,0.0,0.0,0.0,,0.6734366122475032,0.6734366122475032,0.6734366122475032,21.8,21.8,21.8,21.8,21.8,21.8,3561.8,3561.8,3561.8,16.748615709836535,16.748615709836535,16.748615709836535,162.4700000000027,162.4700000000027,162.4700000000027,reward,89.64559000019453,89.64559000019453,89.64559000019453,0.97962890625,0.97962890625,0.97962890625,0.9750820311391726,0.9750820311391726,0.9750820311391726,255.16000113487243,255.16000113487243,255.16000113487243,mappo_no_han_checkpoint_eval,False,,8.759411018089182,8.759411018089182,8.759411018089182,19.039453125,19.039453125,19.039453125,0.912532227161073,0.912532227161073,0.912532227161073,0.08738194593793432,0.08738194593793432,0.08738194593793432,0.9991020422038878,0.9991020422038878,0.9991020422038878,0.9991020422038878,0.9991020422038878,0.9991020422038878,0.9117200962659535,0.9117200962659535,0.9117200962659535,3726.987023505524,3726.987023505524,3726.987023505524,55.8,55.8,55.8,3565.0,3565.0,3565.0,10240.0,10240.0,10240.0,/home/pjpjq/LEO_switch/results/multiseed_0907/seed43/u20/learned_baselines/mappo_no_han/training_history.json,/home/pjpjq/LEO_switch/results/multiseed_0907/seed43/u20/learned_baselines/mappo_no_han/best_model.pt,,,,,,,,,,,
20,maddpg,MADDPG,1,0.558499347752947,0.558499347752947,0.558499347752947,0.7693602897096209,0.7693602897096209,0.7693602897096209,2.817653148794651,2.817653148794651,2.817653148794651,0.558499347752947,0.558499347752947,0.558499347752947,2.252885575387208,2.252885575387208,2.252885575387208,1,0.02,0.02,0.02,204.8,204.8,204.8,2824.6,2824.6,2824.6,0.20448022369058197,0.20448022369058197,0.20448022369058197,729.6,729.6,729.6,1.0280806891687246,1.0280806891687246,1.0280806891687246,1.2949463555634386,1.2949463555634386,1.2949463555634386,1,5.0,5.0,5.0,0.6,0.6,0.6,3.6,3.6,3.6,0.22925806299787027,0.22925806299787027,0.22925806299787027,0.6,0.6,0.6,0.01736328125,0.01736328125,0.01736328125,159.4,159.4,159.4,158.8,158.8,158.8,0.0012244897959183673,0.0012244897959183673,0.0012244897959183673,0.015507812499999999,0.015507812499999999,0.015507812499999999,106.32000079154969,106.32000079154969,106.32000079154969,0.0,0.0,0.0,0.9987755102040816,0.9987755102040816,0.9987755102040816,0.93046875,0.93046875,0.93046875,False,0.7904247872767372,0.7904247872767372,0.7904247872767372,0.558499347752947,0.558499347752947,0.558499347752947,0.07082143680130684,0.07082143680130684,0.07082143680130684,2559.0,2559.0,2559.0,0.0,0.0,0.0,1.0,1.0,1.0,53.36472317694133,53.36472317694133,53.36472317694133,0.558499347752947,0.558499347752947,0.558499347752947,0.6,0.6,0.6,4.420126718004128,4.420126718004128,4.420126718004128,1,-46.910211872112924,-46.910211872112924,-46.910211872112924,-19.849461534809954,-19.849461534809954,-19.849461534809954,-0.006000000000000001,-0.006000000000000001,-0.006000000000000001,-4.666800233907997,-4.666800233907997,-4.666800233907997,-36.66000000000001,-36.66000000000001,-36.66000000000001,0.002022665871640256,0.002022665871640256,0.002022665871640256,7.2,7.2,7.2,0.0,0.0,0.0,,0.7904247872767372,0.7904247872767372,0.7904247872767372,18.4,18.4,18.4,18.4,18.4,18.4,3557.8,3557.8,3557.8,20.227195564826854,20.227195564826854,20.227195564826854,141.22999999999786,141.22999999999786,141.22999999999786,reward,53.36472317694133,53.36472317694133,53.36472317694133,0.9800000000000001,0.9800000000000001,0.9800000000000001,0.9696171872806735,0.9696171872806735,0.9696171872806735,311.12000224590304,311.12000224590304,311.12000224590304,maddpg_train_eval,False,,5.610019583881835,5.610019583881835,5.610019583881835,16.550390625,16.550390625,16.550390625,0.7940963073729067,0.7940963073729067,0.7940963073729067,0.20548678031152626,0.20548678031152626,0.20548678031152626,0.9979773341283596,0.9979773341283596,0.9979773341283596,0.9979773341283596,0.9979773341283596,0.9979773341283596,0.7924905538168335,0.7924905538168335,0.7924905538168335,3657.7054759244884,3657.7054759244884,3657.7054759244884,159.4,159.4,159.4,3565.0,3565.0,3565.0,10240.0,10240.0,10240.0,/home/pjpjq/LEO_switch/results/multiseed_0907/seed43/u20/learned_baselines/maddpg/training_history.json,/home/pjpjq/LEO_switch/results/multiseed_0907/seed43/u20/learned_baselines/maddpg/maddpg_model.pt,150000.0,150000.0,150000.0,/home/pjpjq/LEO_switch/results/multiseed_0907/seed43/u20/learned_baselines/maddpg/maddpg_training.log,53.36472317694133,53.36472317694133,53.36472317694133,,,,
20,min_distance,Min-Distance,1,0.3152833612730793,0.3152833612730793,0.3152833612730793,0.27967932475118723,0.27967932475118723,0.27967932475118723,3.468947162646065,3.468947162646065,3.468947162646065,0.3152833612730793,0.3152833612730793,0.3152833612730793,2.275642935049443,2.275642935049443,2.275642935049443,1,0.018515625,0.018515625,0.018515625,189.6,189.6,189.6,2545.2,2545.2,2545.2,0.28436614767498536,0.28436614767498536,0.28436614767498536,1014.0,1014.0,1014.0,1.3597217530742227,1.3597217530742227,1.3597217530742227,1.9016444885443202,1.9016444885443202,1.9016444885443202,1,5.0,5.0,5.0,0.0,0.0,0.0,0.4,0.4,0.4,0.0863371266002845,0.0863371266002845,0.0863371266002845,0.0,0.0,0.0,0.00365234375,0.00365234375,0.00365234375,34.2,34.2,34.2,34.2,34.2,34.2,0.0,0.0,0.0,0.0033398437499999995,0.0033398437499999995,0.0033398437499999995,22.440000891685486,22.440000891685486,22.440000891685486,0.0,0.0,0.0,1.0,1.0,1.0,0.200390625,0.200390625,0.200390625,False,0.5589537333222798,0.5589537333222798,0.5589537333222798,0.3152833612730793,0.3152833612730793,0.3152833612730793,0.13014622150776978,0.13014622150776978,0.13014622150776978,2560.0,2560.0,2560.0,0.0,0.0,0.0,1.0,1.0,1.0,24.76163846833806,24.76163846833806,24.76163846833806,0.3152833612730793,0.3152833612730793,0.3152833612730793,0.0,0.0,0.0,4.590804791947306,4.590804791947306,4.590804791947306,1,-42.57621399102102,-42.57621399102102,-42.57621399102102,-20.330762564189133,-20.330762564189133,-20.330762564189133,0.0,0.0,0.0,-3.1806001257151366,-3.1806001257151366,-3.1806001257151366,-50.71999999999925,-50.71999999999925,-50.71999999999925,0.0015185022757483544,0.0015185022757483544,0.0015185022757483544,5.4,5.4,5.4,0.0,0.0,0.0,,0.5589537333222798,0.5589537333222798,0.5589537333222798,3.2,3.2,3.2,3.2,3.2,3.2,3559.6,3559.6,3559.6,14.309215573050437,14.309215573050437,14.309215573050437,127.25999999999496,127.25999999999496,127.25999999999496,reward,24.76163846833806,24.76163846833806,24.76163846833806,0.981484375,0.981484375,0.981484375,0.9792929687537253,0.9792929687537253,0.9792929687537253,212.03999996185303,212.03999996185303,212.03999996185303,heuristic_eval,False,,1.7886704645063072,1.7886704645063072,1.7886704645063072,14.91328125,14.91328125,14.91328125,0.7150915675891667,0.7150915675891667,0.7150915675891667,0.28447787564032195,0.28447787564032195,0.28447787564032195,0.9984814977242517,0.9984814977242517,0.9984814977242517,0.9984814977242517,0.9984814977242517,0.9984814977242517,0.7140036220839298,0.7140036220839298,0.7140036220839298,4840.065552243003,4840.065552243003,4840.065552243003,34.2,34.2,34.2,3565.0,3565.0,3565.0,10240.0,10240.0,10240.0,,,,,,,,,,min_distance(best_offload=1.00),1.0,1.0,1.0
20,full_local,Full-Local,1,1.0,1.0,1.0,0.0,0.0,0.0,5.281066135823208,5.281066135823208,5.281066135823208,1.0,1.0,1.0,2.229730250876382,2.229730250876382,2.229730250876382,1,0.72744140625,0.72744140625,0.72744140625,7449.0,7449.0,7449.0,1825.2,1825.2,1825.2,0.4879828805960411,0.4879828805960411,0.4879828805960411,1739.8,1739.8,1739.8,2.1002121297589498,2.1002121297589498,2.1002121297589498,4.102156608914451,4.102156608914451,4.102156608914451,1,5.0,5.0,5.0,0.0,0.0,0.0,0.0,0.0,0.0,1.0,1.0,1.0,0.0,0.0,0.0,0.0,0.0,0.0,0.0,0.0,0.0,0.0,0.0,0.0,0.0,0.0,0.0,0.0,0.0,0.0,0.0,0.0,0.0,0.0,0.0,0.0,0.0,0.0,0.0,0.0,0.0,0.0,False,0.0,0.0,0.0,1.0,1.0,1.0,0.0,0.0,0.0,0.0,0.0,0.0,1.0,1.0,1.0,0.0,0.0,0.0,-157.8711084552342,-157.8711084552342,-157.8711084552342,1.0,1.0,1.0,0.0,0.0,0.0,5.335894044477059,5.335894044477059,5.335894044477059,1,-29.359211502818575,-29.359211502818575,-29.359211502818575,-21.04689141017721,-21.04689141017721,-21.04689141017721,0.0,0.0,0.0,-111.73501254171133,-111.73501254171133,-111.73501254171133,-86.98999999999721,-86.98999999999721,-86.98999999999721,0.0,0.0,0.0,0.0,0.0,0.0,0.0,0.0,0.0,,0.0,0.0,0.0,0.0,0.0,0.0,0.0,0.0,0.0,3565.0,3565.0,3565.0,0.0,0.0,0.0,91.25999999999696,91.25999999999696,91.25999999999696,reward,-157.8711084552342,-157.8711084552342,-157.8711084552342,0.27255859375,0.27255859375,0.27255859375,0.27255859375,0.27255859375,0.27255859375,7449.0,7449.0,7449.0,heuristic_eval,False,,10.296189392203628,10.296189392203628,10.296189392203628,10.69453125,10.69453125,10.69453125,0.5120171194039589,0.5120171194039589,0.5120171194039589,0.4879828805960411,0.4879828805960411,0.4879828805960411,1.0,1.0,1.0,1.0,1.0,1.0,0.5120171194039589,0.5120171194039589,0.5120171194039589,7487.256242590656,7487.256242590656,7487.256242590656,0.0,0.0,0.0,3565.0,3565.0,3565.0,10240.0,10240.0,10240.0,,,,,,,,,,,,,
25,han_pdqn,HAN+PDQN,1,0.5429403563262418,0.5429403563262418,0.5429403563262418,0.5118972370893059,0.5118972370893059,0.5118972370893059,1.863771909753752,1.863771909753752,1.863771909753752,0.5429403563262418,0.5429403563262418,0.5429403563262418,1.6860047377265015,1.6860047377265015,1.6860047377265015,1,0.019796875,0.019796875,0.019796875,253.4,253.4,253.4,4209.0,4209.0,4209.0,0.055922513920984664,0.055922513920984664,0.055922513920984664,249.6,249.6,249.6,1.0382103063671029,1.0382103063671029,1.0382103063671029,1.1003203931200696,1.1003203931200696,1.1003203931200696,1,5.0,5.0,5.0,0.0,0.0,0.0,2.2,2.2,2.2,0.09188283573357134,0.09188283573357134,0.09188283573357134,0.0,0.0,0.0,0.0090625,0.0090625,0.0090625,106.0,106.0,106.0,106.0,106.0,106.0,0.0,0.0,0.0,0.00828125,0.00828125,0.00828125,69.6000027179718,69.6000027179718,69.6000027179718,0.0,0.0,0.0,1.0,1.0,1.0,0.496875,0.496875,0.496875,True,0.6678546511399228,0.6678546511399228,0.6678546511399228,0.5429403563262418,0.5429403563262418,0.5429403563262418,0.0740565961930671,0.0740565961930671,0.0740565961930671,2464.0,2464.0,2464.0,0.49709375,0.49709375,0.49709375,0.48888441920280457,0.48888441920280457,0.48888441920280457,100.18341434044996,100.18341434044996,100.18341434044996,0.5429403563262418,0.5429403563262418,0.5429403563262418,0.0,0.0,0.0,3.862714577332697,3.862714577332697,3.862714577332697,1,-41.86909714315494,-41.86909714315494,-41.86909714315494,-28.824849102893477,-28.824849102893477,-28.824849102893477,0.0,0.0,0.0,-3.876000102329999,-3.876000102329999,-3.876000102329999,-10.071999999999955,-10.071999999999955,-10.071999999999955,0.0004473085786026338,0.0004473085786026338,0.0004473085786026338,2.0,2.0,2.0,5.0,5.0,5.0,Successful-Task Delay | Task Success | Deadline Violation | Successful Task Throughput | Energy per Successful Task,0.6678546511399228,0.6678546511399228,0.6678546511399228,10.0,10.0,10.0,10.0,10.0,10.0,4460.8,4460.8,4460.8,16.465360943449223,16.465360943449223,16.465360943449223,168.3600000000008,168.3600000000008,168.3600000000008,reward,100.18341434044996,100.18341434044996,100.18341434044996,0.9802031249999998,0.9802031249999998,0.9802031249999998,0.9747656249124557,0.9747656249124557,0.9747656249124557,323.00000112056733,323.00000112056733,323.00000112056733,checkpoint_eval,True,han_pdqn_multiuser_u25,4.157187831438048,4.157187831438048,4.157187831438048,19.7296875,19.7296875,19.7296875,0.9435629496085859,0.9435629496085859,0.9435629496085859,0.05641487537319746,0.05641487537319746,0.05641487537319746,0.9995526914213974,0.9995526914213974,0.9995526914213974,0.9995526914213974,0.9995526914213974,0.9995526914213974,0.9431378160482,0.9431378160482,0.9431378160482,4631.248534642373,4631.248534642373,4631.248534642373,106.0,106.0,106.0,4462.8,4462.8,4462.8,12800.0,12800.0,12800.0,/home/pjpjq/LEO_switch/results/multiseed_0907/seed43/u25/learned_baselines/han_pdqn/training_history.json,,,,,,,,,,,,
25,pdqn,PDQN,1,0.4281884434694532,0.4281884434694532,0.4281884434694532,0.2202381256811572,0.2202381256811572,0.2202381256811572,1.9075226371852576,1.9075226371852576,1.9075226371852576,0.4281884434694532,0.4281884434694532,0.4281884434694532,1.6950600483348104,1.6950600483348104,1.6950600483348104,1,0.020562500000000004,0.020562500000000004,0.020562500000000004,263.2,263.2,263.2,4175.6,4175.6,4175.6,0.06376105103628552,0.06376105103628552,0.06376105103628552,284.6,284.6,284.6,1.1321302667954216,1.1321302667954216,1.1321302667954216,1.2098361137308482,1.2098361137308482,1.2098361137308482,1,5.0,5.0,5.0,27.6,27.6,27.6,2.0,2.0,2.0,0.14566076161783986,0.14566076161783986,0.14566076161783986,27.6,27.6,27.6,0.01196875,0.01196875,0.01196875,136.4,136.4,136.4,108.8,108.8,108.8,0.201764865217598,0.201764865217598,0.201764865217598,0.008499999999999999,0.008499999999999999,0.008499999999999999,75.36000294685364,75.36000294685364,75.36000294685364,27.6,27.6,27.6,0.7982351347824019,0.7982351347824019,0.7982351347824019,0.51,0.51,0.51,False,0.5509042539947706,0.5509042539947706,0.5509042539947706,0.4281884434694532,0.4281884434694532,0.4281884434694532,0.10009385651193602,0.10009385651193602,0.10009385651193602,2023.0,2023.0,2023.0,0.406734375,0.406734375,0.406734375,0.5743475556373596,0.5743475556373596,0.5743475556373596,89.71534303971566,89.71534303971566,89.71534303971566,0.4281884434694532,0.4281884434694532,0.4281884434694532,0.0,0.0,0.0,3.839919981252412,3.839919981252412,3.839919981252412,1,-42.00485839340745,-42.00485839340745,-42.00485839340745,-30.72061654704053,-30.72061654704053,-30.72061654704053,-0.22080000000000016,-0.22080000000000016,-0.22080000000000016,-4.06272009704262,-4.06272009704262,-4.06272009704262,-11.463999999999931,-11.463999999999931,-11.463999999999931,0.0001336369778054679,0.0001336369778054679,0.0001336369778054679,0.6,0.6,0.6,1.0,1.0,1.0,P95 Successful-Task Delay,0.5509042539947706,0.5509042539947706,0.5509042539947706,16.8,16.8,16.8,16.8,16.8,16.8,4462.2,4462.2,4462.2,11.164338716396184,11.164338716396184,11.164338716396184,167.02400000000105,167.02400000000105,167.02400000000105,reward,89.71534303971566,89.71534303971566,89.71534303971566,0.9794375000000001,0.9794375000000001,0.9794375000000001,0.9735499998442828,0.9735499998442828,0.9735499998442828,338.5600019931793,338.5600019931793,338.5600019931793,pdqn_train_eval,False,,2.5093988406352516,2.5093988406352516,2.5093988406352516,19.573124999999997,19.573124999999997,19.573124999999997,0.9357828422097183,0.9357828422097183,0.9357828422097183,0.06420878419476762,0.06420878419476762,0.06420878419476762,0.9998663630221947,0.9998663630221947,0.9998663630221947,0.9998663630221947,0.9998663630221947,0.9998663630221947,0.9356575788274268,0.9356575788274268,0.9356575788274268,5051.79167649453,5051.79167649453,5051.79167649453,136.4,136.4,136.4,4462.8,4462.8,4462.8,12800.0,12800.0,12800.0,/home/pjpjq/LEO_switch/results/multiseed_0907/seed43/u25/learned_baselines/pdqn/training_history.json,/home/pjpjq/LEO_switch/results/multiseed_0907/seed43/u25/learned_baselines/pdqn/best_model.pt,150000.0,150000.0,150000.0,/home/pjpjq/LEO_switch/results/multiseed_0907/seed43/u25/learned_baselines/pdqn/pdqn_training.log,,,,,,,
25,han_mappo,HAN+MAPPO,1,0.526551426694112,0.526551426694112,0.526551426694112,0.7029511984773928,0.7029511984773928,0.7029511984773928,2.3290904516044306,2.3290904516044306,2.3290904516044306,0.526551426694112,0.526551426694112,0.526551426694112,1.8259546705266836,1.8259546705266836,1.8259546705266836,1,0.021968750000000002,0.021968750000000002,0.021968750000000002,281.2,281.2,281.2,4006.4,4006.4,4006.4,0.10009012987001564,0.10009012987001564,0.10009012987001564,447.0,447.0,447.0,1.2357181827758645,1.2357181827758645,1.2357181827758645,1.3750079020604045,1.3750079020604045,1.3750079020604045,1,5.0,5.0,5.0,0.0,0.0,0.0,4.6,4.6,4.6,0.3967995036131559,0.3967995036131559,0.3967995036131559,0.0,0.0,0.0,0.005484375,0.005484375,0.005484375,42.6,42.6,42.6,42.6,42.6,42.6,0.0,0.0,0.0,0.003328125,0.003328125,0.003328125,42.120001673698425,42.120001673698425,42.120001673698425,0.0,0.0,0.0,1.0,1.0,1.0,0.1996875,0.1996875,0.1996875,False,0.7485263891795293,0.7485263891795293,0.7485263891795293,0.526551426694112,0.526551426694112,0.526551426694112,0.07753564095956868,0.07753564095956868,0.07753564095956868,2544.0,2544.0,2544.0,0.69528125,0.69528125,0.69528125,0.22336110472679138,0.22336110472679138,0.22336110472679138,83.35716227259545,83.35716227259545,83.35716227259545,0.526551426694112,0.526551426694112,0.526551426694112,0.0,0.0,0.0,3.9101050156231003,3.9101050156231003,3.9101050156231003,1,-43.1626155711657,-43.1626155711657,-43.1626155711657,-30.84190896903119,-30.84190896903119,-30.84190896903119,0.0,0.0,0.0,-3.879840093664825,-3.879840093664825,-3.879840093664825,-18.06399999999979,-18.06399999999979,-18.06399999999979,0.0010758912593549885,0.0010758912593549885,0.0010758912593549885,4.8,4.8,4.8,0.0,0.0,0.0,,0.7485263891795293,0.7485263891795293,0.7485263891795293,27.6,27.6,27.6,27.6,27.6,27.6,4458.0,4458.0,4458.0,19.0495263814745,19.0495263814745,19.0495263814745,160.2560000000024,160.2560000000024,160.2560000000024,reward,83.35716227259545,83.35716227259545,83.35716227259545,0.9780312500000001,0.9780312500000001,0.9780312500000001,0.9747406249493361,0.9747406249493361,0.9747406249493361,323.32000064849854,323.32000064849854,323.32000064849854,han_mappo_checkpoint_eval,False,,8.623537364513275,8.623537364513275,8.623537364513275,18.78,18.78,18.78,0.8987706368880428,0.8987706368880428,0.8987706368880428,0.10111883983352285,0.10111883983352285,0.10111883983352285,0.998924108740645,0.998924108740645,0.998924108740645,0.998924108740645,0.998924108740645,0.998924108740645,0.8978052689071221,0.8978052689071221,0.8978052689071221,5508.8316588148045,5508.8316588148045,5508.8316588148045,42.6,42.6,42.6,4462.8,4462.8,4462.8,12800.0,12800.0,12800.0,/home/pjpjq/LEO_switch/results/multiseed_0907/seed43/u25/learned_baselines/han_mappo/training_history.json,/home/pjpjq/LEO_switch/results/multiseed_0907/seed43/u25/learned_baselines/han_mappo/best_model.pt,,,,,,,,,,,
25,mappo_no_han,MAPPO,1,0.545370323030365,0.545370323030365,0.545370323030365,0.755601816829147,0.755601816829147,0.755601816829147,2.704101502874201,2.704101502874201,2.704101502874201,0.545370323030365,0.545370323030365,0.545370323030365,1.995650419753107,1.995650419753107,1.995650419753107,1,0.021859374999999997,0.021859374999999997,0.021859374999999997,279.8,279.8,279.8,3764.8,3764.8,3764.8,0.15368500021288237,0.15368500021288237,0.15368500021288237,686.2,686.2,686.2,1.1914595218859412,1.1914595218859412,1.1914595218859412,1.4108389684890366,1.4108389684890366,1.4108389684890366,1,5.0,5.0,5.0,0.0,0.0,0.0,7.0,7.0,7.0,0.40964342188041136,0.40964342188041136,0.40964342188041136,0.0,0.0,0.0,0.0059375,0.0059375,0.0059375,48.6,48.6,48.6,48.6,48.6,48.6,0.0,0.0,0.0,0.0037968749999999995,0.0037968749999999995,0.0037968749999999995,45.600001788139345,45.600001788139345,45.600001788139345,0.0,0.0,0.0,1.0,1.0,1.0,0.22781249999999997,0.22781249999999997,0.22781249999999997,False,0.7809432239661047,0.7809432239661047,0.7809432239661047,0.545370323030365,0.545370323030365,0.545370323030365,0.07354704406354481,0.07354704406354481,0.07354704406354481,2558.0,2558.0,2558.0,0.75803125,0.75803125,0.75803125,0.20367832481861115,0.20367832481861115,0.20367832481861115,68.5771108149027,68.5771108149027,68.5771108149027,0.545370323030365,0.545370323030365,0.545370323030365,0.0,0.0,0.0,4.294737828674651,4.294737828674651,4.294737828674651,1,-43.52638561526709,-43.52638561526709,-43.52638561526709,-26.832871829298654,-26.832871829298654,-26.832871829298654,0.0,0.0,0.0,-3.904800090007484,-3.904800090007484,-3.904800090007484,-27.72799999999959,-27.72799999999959,-27.72799999999959,0.0010763158392344614,0.0010763158392344614,0.0010763158392344614,4.8,4.8,4.8,0.0,0.0,0.0,,0.7809432239661047,0.7809432239661047,0.7809432239661047,27.4,27.4,27.4,27.4,27.4,27.4,4458.0,4458.0,4458.0,19.9771678203678,19.9771678203678,19.9771678203678,150.5920000000043,150.5920000000043,150.5920000000043,reward,68.5771108149027,68.5771108149027,68.5771108149027,0.978140625,0.978140625,0.978140625,0.9745781249552966,0.9745781249552966,0.9745781249552966,325.4000005722046,325.4000005722046,325.4000005722046,mappo_no_han_checkpoint_eval,False,,9.246013006264215,9.246013006264215,9.246013006264215,17.6475,17.6475,17.6475,0.8445771469905521,0.8445771469905521,0.8445771469905521,0.1552525917006627,0.1552525917006627,0.1552525917006627,0.9989236841607655,0.9989236841607655,0.9989236841607655,0.9989236841607655,0.9989236841607655,0.9989236841607655,0.8436710924601029,0.8436710924601029,0.8436710924601029,5311.526548567525,5311.526548567525,5311.526548567525,48.6,48.6,48.6,4462.8,4462.8,4462.8,12800.0,12800.0,12800.0,/home/pjpjq/LEO_switch/results/multiseed_0907/seed43/u25/learned_baselines/mappo_no_han/training_history.json,/home/pjpjq/LEO_switch/results/multiseed_0907/seed43/u25/learned_baselines/mappo_no_han/best_model.pt,,,,,,,,,,,
25,maddpg,MADDPG,1,0.565600975404112,0.565600975404112,0.565600975404112,0.8129352638346294,0.8129352638346294,0.8129352638346294,3.280052852350491,3.280052852350491,3.280052852350491,0.565600975404112,0.565600975404112,0.565600975404112,2.2987219713337064,2.2987219713337064,2.2987219713337064,1,0.021765625,0.021765625,0.021765625,278.6,278.6,278.6,3303.2,3303.2,3303.2,0.2564980328082668,0.2564980328082668,0.2564980328082668,1144.8,1144.8,1144.8,1.2264490390761766,1.2264490390761766,1.2264490390761766,1.6545477742586758,1.6545477742586758,1.6545477742586758,1,5.0,5.0,5.0,0.6,0.6,0.6,8.2,8.2,8.2,0.2850874720246326,0.2850874720246326,0.2850874720246326,0.6,0.6,0.6,0.01271875,0.01271875,0.01271875,137.0,137.0,137.0,136.4,136.4,136.4,0.0012987012987012987,0.0012987012987012987,0.0012987012987012987,0.010656249999999999,0.010656249999999999,0.010656249999999999,97.32000341415406,97.32000341415406,97.32000341415406,0.0,0.0,0.0,0.9987012987012986,0.9987012987012986,0.9987012987012986,0.6393749999999999,0.6393749999999999,0.6393749999999999,False,0.807141851674389,0.807141851674389,0.807141851674389,0.565600975404112,0.565600975404112,0.565600975404112,0.06936617813548582,0.06936617813548582,0.06936617813548582,2559.0,2559.0,2559.0,0.024421875,0.024421875,0.024421875,0.9703137278556824,0.9703137278556824,0.9703137278556824,37.25390280824577,37.25390280824577,37.25390280824577,0.565600975404112,0.565600975404112,0.565600975404112,0.6,0.6,0.6,4.628748111173401,4.628748111173401,4.628748111173401,1,-44.368801034146614,-44.368801034146614,-44.368801034146614,-20.52428449114819,-20.52428449114819,-20.52428449114819,-0.0048000000000000004,-0.0048000000000000004,-0.0048000000000000004,-4.511040110141039,-4.511040110141039,-4.511040110141039,-46.119999999999195,-46.119999999999195,-46.119999999999195,0.001478799458475162,0.001478799458475162,0.001478799458475162,6.6,6.6,6.6,0.0,0.0,0.0,,0.807141851674389,0.807141851674389,0.807141851674389,25.8,25.8,25.8,25.8,25.8,25.8,4456.2,4456.2,4456.2,20.65482754896283,20.65482754896283,20.65482754896283,132.12800000000794,132.12800000000794,132.12800000000794,reward,37.25390280824577,37.25390280824577,37.25390280824577,0.9782343749999999,0.9782343749999999,0.9782343749999999,0.9706312497388572,0.9706312497388572,0.9706312497388572,375.9200033426285,375.9200033426285,375.9200033426285,maddpg_train_eval,False,,7.016712461109202,7.016712461109202,7.016712461109202,15.48375,15.48375,15.48375,0.74128680857822,0.74128680857822,0.74128680857822,0.2583312432744175,0.2583312432744175,0.2583312432744175,0.9985212005415249,0.9985212005415249,0.9985212005415249,0.9985212005415249,0.9985212005415249,0.9985212005415249,0.7401899572671073,0.7401899572671073,0.7401899572671073,5465.302207931258,5465.302207931258,5465.302207931258,137.0,137.0,137.0,4462.8,4462.8,4462.8,12800.0,12800.0,12800.0,/home/pjpjq/LEO_switch/results/multiseed_0907/seed43/u25/learned_baselines/maddpg/training_history.json,/home/pjpjq/LEO_switch/results/multiseed_0907/seed43/u25/learned_baselines/maddpg/maddpg_model.pt,150000.0,150000.0,150000.0,/home/pjpjq/LEO_switch/results/multiseed_0907/seed43/u25/learned_baselines/maddpg/maddpg_training.log,37.25390280824577,37.25390280824577,37.25390280824577,,,,
25,min_distance,Min-Distance,1,0.3315425735009179,0.3315425735009179,0.3315425735009179,0.3404125428309379,0.3404125428309379,0.3404125428309379,3.7318481732039794,3.7318481732039794,3.7318481732039794,0.3315425735009179,0.3315425735009179,0.3315425735009179,2.284073806990863,2.284073806990863,2.284073806990863,1,0.019953125,0.019953125,0.019953125,255.4,255.4,255.4,3043.4,3043.4,3043.4,0.31669883317317427,0.31669883317317427,0.31669883317317427,1413.2,1413.2,1413.2,1.4826186394299021,1.4826186394299021,1.4826186394299021,2.171558404127861,2.171558404127861,2.171558404127861,1,5.0,5.0,5.0,0.0,0.0,0.0,1.0,1.0,1.0,0.0917364953886693,0.0917364953886693,0.0917364953886693,0.0,0.0,0.0,0.003609375,0.003609375,0.003609375,42.0,42.0,42.0,42.0,42.0,42.0,0.0,0.0,0.0,0.0032812499999999994,0.0032812499999999994,0.0032812499999999994,27.720001101493835,27.720001101493835,27.720001101493835,0.0,0.0,0.0,1.0,1.0,1.0,0.196875,0.196875,0.196875,False,0.5778457915796323,0.5778457915796323,0.5778457915796323,0.3315425735009179,0.3315425735009179,0.3315425735009179,0.1255043285513509,0.1255043285513509,0.1255043285513509,2560.0,2560.0,2560.0,0.0,0.0,0.0,1.0,1.0,1.0,15.301571385341958,15.301571385341958,15.301571385341958,0.3315425735009179,0.3315425735009179,0.3315425735009179,0.0,0.0,0.0,4.793065342732197,4.793065342732197,4.793065342732197,1,-40.58148989704684,-40.58148989704684,-40.58148989704684,-20.680349759326237,-20.680349759326237,-20.680349759326237,0.0,0.0,0.0,-3.3974400904029607,-3.3974400904029607,-3.3974400904029607,-56.567999999998975,-56.567999999998975,-56.567999999998975,0.0011662158390266194,0.0011662158390266194,0.0011662158390266194,5.2,5.2,5.2,0.0,0.0,0.0,,0.5778457915796323,0.5778457915796323,0.5778457915796323,4.2,4.2,4.2,4.2,4.2,4.2,4457.6,4457.6,4457.6,14.792852264438665,14.792852264438665,14.792852264438665,121.73600000000783,121.73600000000783,121.73600000000783,reward,15.301571385341958,15.301571385341958,15.301571385341958,0.980046875,0.980046875,0.980046875,0.9778812500368803,0.9778812500368803,0.9778812500368803,283.1199995279312,283.1199995279312,283.1199995279312,heuristic_eval,False,,4.5798197189992305,4.5798197189992305,4.5798197189992305,14.265937500000001,14.265937500000001,14.265937500000001,0.6827062032768911,0.6827062032768911,0.6827062032768911,0.31692247243132654,0.31692247243132654,0.31692247243132654,0.9988337841609732,0.9988337841609732,0.9988337841609732,0.9988337841609732,0.9988337841609732,0.9988337841609732,0.6819113117296468,0.6819113117296468,0.6819113117296468,6608.920847122732,6608.920847122732,6608.920847122732,42.0,42.0,42.0,4462.8,4462.8,4462.8,12800.0,12800.0,12800.0,,,,,,,,,,min_distance(best_offload=1.00),1.0,1.0,1.0
25,full_local,Full-Local,1,1.0,1.0,1.0,0.0,0.0,0.0,5.361538116755285,5.361538116755285,5.361538116755285,1.0,1.0,1.0,2.224597484357775,2.224597484357775,2.224597484357775,1,0.7305781249999999,0.7305781249999999,0.7305781249999999,9351.4,9351.4,9351.4,2238.0,2238.0,2238.0,0.4985128799697772,0.4985128799697772,0.4985128799697772,2224.8,2224.8,2224.8,2.1046341153141284,2.1046341153141284,2.1046341153141284,4.196854839063402,4.196854839063402,4.196854839063402,1,5.0,5.0,5.0,0.0,0.0,0.0,0.0,0.0,0.0,1.0,1.0,1.0,0.0,0.0,0.0,0.0,0.0,0.0,0.0,0.0,0.0,0.0,0.0,0.0,0.0,0.0,0.0,0.0,0.0,0.0,0.0,0.0,0.0,0.0,0.0,0.0,0.0,0.0,0.0,0.0,0.0,0.0,False,0.0,0.0,0.0,1.0,1.0,1.0,0.0,0.0,0.0,0.0,0.0,0.0,1.0,1.0,1.0,0.0,0.0,0.0,-161.10281168122893,-161.10281168122893,-161.10281168122893,1.0,1.0,1.0,0.0,0.0,0.0,5.3707126144481165,5.3707126144481165,5.3707126144481165,1,-28.80411957058294,-28.80411957058294,-28.80411957058294,-20.60989254084647,-20.60989254084647,-20.60989254084647,0.0,0.0,0.0,-112.216804792732,-112.216804792732,-112.216804792732,-88.99200000000272,-88.99200000000272,-88.99200000000272,0.0,0.0,0.0,0.0,0.0,0.0,0.0,0.0,0.0,,0.0,0.0,0.0,0.0,0.0,0.0,0.0,0.0,0.0,4462.8,4462.8,4462.8,0.0,0.0,0.0,89.5200000000028,89.5200000000028,89.5200000000028,reward,-161.10281168122893,-161.10281168122893,-161.10281168122893,0.26942187500000003,0.26942187500000003,0.26942187500000003,0.26942187500000003,0.26942187500000003,0.26942187500000003,9351.4,9351.4,9351.4,heuristic_eval,False,,9.802904439603882,9.802904439603882,9.802904439603882,10.490625,10.490625,10.490625,0.5014871200302228,0.5014871200302228,0.5014871200302228,0.4985128799697772,0.4985128799697772,0.4985128799697772,1.0,1.0,1.0,1.0,1.0,1.0,0.5014871200302228,0.5014871200302228,0.5014871200302228,9392.561129823893,9392.561129823893,9392.561129823893,0.0,0.0,0.0,4462.8,4462.8,4462.8,12800.0,12800.0,12800.0,,,,,,,,,,,,,
30,han_pdqn,HAN+PDQN,1,0.5711526695779092,0.5711526695779092,0.5711526695779092,0.6143681858836955,0.6143681858836955,0.6143681858836955,1.996623334986797,1.996623334986797,1.996623334986797,0.5711526695779092,0.5711526695779092,0.5711526695779092,1.7758411728931605,1.7758411728931605,1.7758411728931605,1,0.020013020833333336,0.020013020833333336,0.020013020833333336,307.4,307.4,307.4,4971.8,4971.8,4971.8,0.06957557208742333,0.06957557208742333,0.06957557208742333,372.4,372.4,372.4,1.1463272257420425,1.1463272257420425,1.1463272257420425,1.2325127354130623,1.2325127354130623,1.2325127354130623,1,5.0,5.0,5.0,0.0,0.0,0.0,1.4,1.4,1.4,0.04210659385721156,0.04210659385721156,0.04210659385721156,0.0,0.0,0.0,0.008489583333333333,0.008489583333333333,0.008489583333333333,125.4,125.4,125.4,125.4,125.4,125.4,0.0,0.0,0.0,0.0081640625,0.0081640625,0.0081640625,78.24000298976898,78.24000298976898,78.24000298976898,0.0,0.0,0.0,1.0,1.0,1.0,0.48984375,0.48984375,0.48984375,True,0.7121785202387593,0.7121785202387593,0.7121785202387593,0.5711526695779092,0.5711526695779092,0.5711526695779092,0.06823769241618333,0.06823769241618333,0.06823769241618333,2499.0,2499.0,2499.0,0.5875520833333333,0.5875520833333333,0.5875520833333333,0.4004073739051819,0.4004073739051819,0.4004073739051819,93.92092690806021,93.92092690806021,93.92092690806021,0.5711526695779092,0.5711526695779092,0.5711526695779092,0.0,0.0,0.0,4.055379605845394,4.055379605845394,4.055379605845394,1,-43.27529924412356,-43.27529924412356,-43.27529924412356,-30.020027306905728,-30.020027306905728,-30.020027306905728,0.0,0.0,0.0,-3.8564001325517894,-3.8564001325517894,-3.8564001325517894,-12.459999999999967,-12.459999999999967,-12.459999999999967,0.0008212246304883412,0.0008212246304883412,0.0008212246304883412,4.4,4.4,4.4,6.0,6.0,6.0,Successful-Task Delay | P95 Successful-Task Delay | Task Success | Deadline Violation | Successful Task Throughput | Energy per Successful Task,0.7121785202387593,0.7121785202387593,0.7121785202387593,5.0,5.0,5.0,5.0,5.0,5.0,5345.6,5345.6,5345.6,17.80598321420131,17.80598321420131,17.80598321420131,165.72666666665984,165.72666666665984,165.72666666665984,reward,93.92092690806021,93.92092690806021,93.92092690806021,0.9799869791666668,0.9799869791666668,0.9799869791666668,0.9748932290775703,0.9748932290775703,0.9748932290775703,385.64000136852263,385.64000136852263,385.64000136852263,checkpoint_eval,True,han_pdqn_multiuser_u30,4.306330033287385,4.306330033287385,4.306330033287385,19.42109375,19.42109375,19.42109375,0.9301052780970128,0.9301052780970128,0.9301052780970128,0.06983810647304718,0.06983810647304718,0.06983810647304718,0.9991787753695117,0.9991787753695117,0.9991787753695117,0.9991787753695117,0.9991787753695117,0.9991787753695117,0.9293406688964645,0.9293406688964645,0.9293406688964645,6127.806817926663,6127.806817926663,6127.806817926663,125.4,125.4,125.4,5350.0,5350.0,5350.0,15360.0,15360.0,15360.0,/home/pjpjq/LEO_switch/results/multiseed_0907/seed43/u30/learned_baselines/han_pdqn/training_history.json,,,,,,,,,,,,
30,pdqn,PDQN,1,0.42457357057256523,0.42457357057256523,0.42457357057256523,0.40687528514510174,0.40687528514510174,0.40687528514510174,2.092279685602194,2.092279685602194,2.092279685602194,0.42457357057256523,0.42457357057256523,0.42457357057256523,1.8020977574634283,1.8020977574634283,1.8020977574634283,1,0.021640625,0.021640625,0.021640625,332.4,332.4,332.4,4860.0,4860.0,4860.0,0.09014211572386215,0.09014211572386215,0.09014211572386215,482.4,482.4,482.4,1.1858405360329503,1.1858405360329503,1.1858405360329503,1.3041317895038915,1.3041317895038915,1.3041317895038915,1,5.0,5.0,5.0,41.4,41.4,41.4,2.4,2.4,2.4,0.1490356226001753,0.1490356226001753,0.1490356226001753,41.4,41.4,41.4,0.013489583333333333,0.013489583333333333,0.013489583333333333,184.2,184.2,184.2,142.8,142.8,142.8,0.1888495337302904,0.1888495337302904,0.1888495337302904,0.009296875000000001,0.009296875000000001,0.009296875000000001,98.52000381946564,98.52000381946564,98.52000381946564,42.8,42.8,42.8,0.8111504662697095,0.8111504662697095,0.8111504662697095,0.5578125,0.5578125,0.5578125,False,0.6148887904308673,0.6148887904308673,0.6148887904308673,0.42457357057256523,0.42457357057256523,0.42457357057256523,0.10098222396407351,0.10098222396407351,0.10098222396407351,2393.0,2393.0,2393.0,0.5201041666666667,0.5201041666666667,0.5201041666666667,0.4690072536468506,0.4690072536468506,0.4690072536468506,83.16483539288166,83.16483539288166,83.16483539288166,0.42457357057256523,0.42457357057256523,0.42457357057256523,0.2,0.2,0.2,4.124628167376919,4.124628167376919,4.124628167376919,1,-42.726521711961254,-42.726521711961254,-42.726521711961254,-30.07732425041989,-30.07732425041989,-30.07732425041989,-0.2866666666666669,-0.2866666666666669,-0.2866666666666669,-4.309200159087777,-4.309200159087777,-4.309200159087777,-16.160000000000007,-16.160000000000007,-16.160000000000007,0.0009717551467588997,0.0009717551467588997,0.0009717551467588997,5.2,5.2,5.2,0.0,0.0,0.0,,0.6148887904308673,0.6148887904308673,0.6148887904308673,23.0,23.0,23.0,21.4,21.4,21.4,5344.8,5344.8,5344.8,14.724545385652394,14.724545385652394,14.724545385652394,161.99999999999335,161.99999999999335,161.99999999999335,reward,83.16483539288166,83.16483539288166,83.16483539288166,0.9783593749999999,0.9783593749999999,0.9783593749999999,0.9719453124096618,0.9719453124096618,0.9719453124096618,430.92000138759613,430.92000138759613,430.92000138759613,pdqn_train_eval,False,,3.9501838526655315,3.9501838526655315,3.9501838526655315,18.984375,18.984375,18.984375,0.9093243752285964,0.9093243752285964,0.9093243752285964,0.09059009950059638,0.09059009950059638,0.09059009950059638,0.9990282448532412,0.9990282448532412,0.9990282448532412,0.9990282448532412,0.9990282448532412,0.9990282448532412,0.9084381453526447,0.9084381453526447,0.9084381453526447,6338.080496988913,6338.080496988913,6338.080496988913,184.2,184.2,184.2,5350.0,5350.0,5350.0,15360.0,15360.0,15360.0,/home/pjpjq/LEO_switch/results/multiseed_0907/seed43/u30/learned_baselines/pdqn/training_history.json,/home/pjpjq/LEO_switch/results/multiseed_0907/seed43/u30/learned_baselines/pdqn/best_model.pt,150000.0,150000.0,150000.0,/home/pjpjq/LEO_switch/results/multiseed_0907/seed43/u30/learned_baselines/pdqn/pdqn_training.log,,,,,,,
30,han_mappo,HAN+MAPPO,1,0.6053725417129032,0.6053725417129032,0.6053725417129032,0.8554649647001351,0.8554649647001351,0.8554649647001351,2.8229946230009366,2.8229946230009366,2.8229946230009366,0.6053725417129032,0.6053725417129032,0.6053725417129032,2.037230685765657,2.037230685765657,2.037230685765657,1,0.0224609375,0.0224609375,0.0224609375,345.0,345.0,345.0,4413.4,4413.4,4413.4,0.17247409743738876,0.17247409743738876,0.17247409743738876,923.4,923.4,923.4,1.3868824700053828,1.3868824700053828,1.3868824700053828,1.6790032712282505,1.6790032712282505,1.6790032712282505,1,5.0,5.0,5.0,0.0,0.0,0.0,6.2,6.2,6.2,0.4035403034909336,0.4035403034909336,0.4035403034909336,0.0,0.0,0.0,0.005078125,0.005078125,0.005078125,47.0,47.0,47.0,47.0,47.0,47.0,0.0,0.0,0.0,0.003059895833333333,0.003059895833333333,0.003059895833333333,46.80000183582306,46.80000183582306,46.80000183582306,0.0,0.0,0.0,1.0,1.0,1.0,0.18359375,0.18359375,0.18359375,False,0.8316255897472875,0.8316255897472875,0.8316255897472875,0.6053725417129032,0.6053725417129032,0.6053725417129032,0.06145418711753292,0.06145418711753292,0.06145418711753292,2560.0,2560.0,2560.0,0.6301692708333333,0.6301692708333333,0.6301692708333333,0.254719614982605,0.254719614982605,0.254719614982605,61.11117720383627,61.11117720383627,61.11117720383627,0.6053725417129032,0.6053725417129032,0.6053725417129032,0.0,0.0,0.0,4.325196663852224,4.325196663852224,4.325196663852224,1,-43.660307812602014,-43.660307812602014,-43.660307812602014,-28.72679901402924,-28.72679901402924,-28.72679901402924,0.0,0.0,0.0,-3.918000144138932,-3.918000144138932,-3.918000144138932,-30.98666666666719,-30.98666666666719,-30.98666666666719,0.001308997041320516,0.001308997041320516,0.001308997041320516,7.0,7.0,7.0,0.0,0.0,0.0,,0.8316255897472875,0.8316255897472875,0.8316255897472875,31.0,31.0,31.0,31.0,31.0,31.0,5343.0,5343.0,5343.0,21.28961509753063,21.28961509753063,21.28961509753063,147.11333333332757,147.11333333332757,147.11333333332757,reward,61.11117720383627,61.11117720383627,61.11117720383627,0.9775390625,0.9775390625,0.9775390625,0.9744921874487773,0.9744921874487773,0.9744921874487773,391.8000007867813,391.8000007867813,391.8000007867813,han_mappo_train_eval,False,,8.257940180694444,8.257940180694444,8.257940180694444,17.23984375,17.23984375,17.23984375,0.8261466009078051,0.8261466009078051,0.8261466009078051,0.17363446065657312,0.17363446065657312,0.17363446065657312,0.9986910029586795,0.9986910029586795,0.9986910029586795,0.9986910029586795,0.9986910029586795,0.9986910029586795,0.8250565423021063,0.8250565423021063,0.8250565423021063,7410.113037238761,7410.113037238761,7410.113037238761,47.0,47.0,47.0,5350.0,5350.0,5350.0,15360.0,15360.0,15360.0,/home/pjpjq/LEO_switch/results/multiseed_0907/seed43/u30/learned_baselines/han_mappo/training_history.json,/home/pjpjq/LEO_switch/results/multiseed_0907/seed43/u30/learned_baselines/han_mappo/best_model.pt,150000.0,150000.0,150000.0,,,,,,,,
30,mappo_no_han,MAPPO,1,0.5612106716220602,0.5612106716220602,0.5612106716220602,0.78360474100469,0.78360474100469,0.78360474100469,2.9376382704189785,2.9376382704189785,2.9376382704189785,0.5612106716220602,0.5612106716220602,0.5612106716220602,2.038243291818854,2.038243291818854,2.038243291818854,1,0.02223958333333333,0.02223958333333333,0.02223958333333333,341.6,341.6,341.6,4314.4,4314.4,4314.4,0.19062812512673827,0.19062812512673827,0.19062812512673827,1020.4,1020.4,1020.4,1.3634307339064782,1.3634307339064782,1.3634307339064782,1.688297875213696,1.688297875213696,1.688297875213696,1,5.0,5.0,5.0,0.0,0.0,0.0,7.6,7.6,7.6,0.4965266408737296,0.4965266408737296,0.4965266408737296,0.0,0.0,0.0,0.004401041666666667,0.004401041666666667,0.004401041666666667,34.8,34.8,34.8,34.8,34.8,34.8,0.0,0.0,0.0,0.002265625,0.002265625,0.002265625,40.56000144481659,40.56000144481659,40.56000144481659,0.0,0.0,0.0,1.0,1.0,1.0,0.1359375,0.1359375,0.1359375,False,0.7985525901003643,0.7985525901003643,0.7985525901003643,0.5612106716220602,0.5612106716220602,0.5612106716220602,0.07026427252160151,0.07026427252160151,0.07026427252160151,2559.0,2559.0,2559.0,0.7433854166666667,0.7433854166666667,0.7433854166666667,0.1984812617301941,0.1984812617301941,0.1984812617301941,56.19517931647806,56.19517931647806,56.19517931647806,0.5612106716220602,0.5612106716220602,0.5612106716220602,0.0,0.0,0.0,4.3819579050132536,4.3819579050132536,4.3819579050132536,1,-42.66112997118587,-42.66112997118587,-42.66112997118587,-27.304006825686116,-27.304006825686116,-27.304006825686116,0.0,0.0,0.0,-3.8216001465916634,-3.8216001465916634,-3.8216001465916634,-34.26666666666713,-34.26666666666713,-34.26666666666713,0.001421576366892481,0.001421576366892481,0.001421576366892481,7.6,7.6,7.6,0.0,0.0,0.0,,0.7985525901003643,0.7985525901003643,0.7985525901003643,32.8,32.8,32.8,32.8,32.8,32.8,5342.4,5342.4,5342.4,20.435247358400083,20.435247358400083,20.435247358400083,143.81333333332776,143.81333333332776,143.81333333332776,reward,56.19517931647806,56.19517931647806,56.19517931647806,0.9777604166666667,0.9777604166666667,0.9777604166666667,0.9751197916393478,0.9751197916393478,0.9751197916393478,382.1600004196167,382.1600004196167,382.1600004196167,mappo_no_han_train_eval,False,,8.119587808381704,8.119587808381704,8.119587808381704,16.853125,16.853125,16.853125,0.8076839825817045,0.8076839825817045,0.8076839825817045,0.19204950581577465,0.19204950581577465,0.19204950581577465,0.9985784236331074,0.9985784236331074,0.9985784236331074,0.9985784236331074,0.9985784236331074,0.9985784236331074,0.8065289178173328,0.8065289178173328,0.8065289178173328,7283.992352821969,7283.992352821969,7283.992352821969,34.8,34.8,34.8,5350.0,5350.0,5350.0,15360.0,15360.0,15360.0,/home/pjpjq/LEO_switch/results/multiseed_0907/seed43/u30/learned_baselines/mappo_no_han/training_history.json,/home/pjpjq/LEO_switch/results/multiseed_0907/seed43/u30/learned_baselines/mappo_no_han/best_model.pt,150000.0,150000.0,150000.0,,,,,,,,
30,maddpg,MADDPG,1,0.6275877008522277,0.6275877008522277,0.6275877008522277,0.8723140604621118,0.8723140604621118,0.8723140604621118,3.395834253473865,3.395834253473865,3.395834253473865,0.6275877008522277,0.6275877008522277,0.6275877008522277,2.3164200946916664,2.3164200946916664,2.3164200946916664,1,0.022083333333333337,0.022083333333333337,0.022083333333333337,339.2,339.2,339.2,3850.4,3850.4,3850.4,0.2774364445395355,0.2774364445395355,0.2774364445395355,1484.8,1484.8,1484.8,1.3389294127143805,1.3389294127143805,1.3389294127143805,1.8577541280088576,1.8577541280088576,1.8577541280088576,1,5.0,5.0,5.0,0.2,0.2,0.2,7.2,7.2,7.2,0.3786346347583557,0.3786346347583557,0.3786346347583557,0.2,0.2,0.2,0.020559895833333335,0.020559895833333335,0.020559895833333335,285.4,285.4,285.4,285.2,285.2,285.2,0.0019801980198019802,0.0019801980198019802,0.0019801980198019802,0.018567708333333335,0.018567708333333335,0.018567708333333335,189.36001420021057,189.36001420021057,189.36001420021057,0.0,0.0,0.0,0.998019801980198,0.998019801980198,0.998019801980198,1.1140625,1.1140625,1.1140625,False,0.8467341680595315,0.8467341680595315,0.8467341680595315,0.6275877008522277,0.6275877008522277,0.6275877008522277,0.05720310784985229,0.05720310784985229,0.05720310784985229,2560.0,2560.0,2560.0,0.019440104166666666,0.019440104166666666,0.019440104166666666,0.9805051684379578,0.9805051684379578,0.9805051684379578,30.751892310578114,30.751892310578114,30.751892310578114,0.6275877008522277,0.6275877008522277,0.6275877008522277,0.2,0.2,0.2,4.725120651057489,4.725120651057489,4.725120651057489,1,-43.37948371562898,-43.37948371562898,-43.37948371562898,-20.87142010921513,-20.87142010921513,-20.87142010921513,-0.0013333333333333335,-0.0013333333333333335,-0.0013333333333333335,-5.285600293427706,-5.285600293427706,-5.285600293427706,-49.73333333333307,-49.73333333333307,-49.73333333333307,0.001422161884775816,0.001422161884775816,0.001422161884775816,7.6,7.6,7.6,0.0,0.0,0.0,,0.8467341680595315,0.8467341680595315,0.8467341680595315,30.4,30.4,30.4,30.4,30.4,30.4,5342.4,5342.4,5342.4,21.67639470232409,21.67639470232409,21.67639470232409,128.34666666666195,128.34666666666195,128.34666666666195,reward,30.751892310578114,30.751892310578114,30.751892310578114,0.9779166666666667,0.9779166666666667,0.9779166666666667,0.9655885407778746,0.9655885407778746,0.9655885407778746,528.5600136518478,528.5600136518478,528.5600136518478,maddpg_train_eval,False,,2.3476364013487707,2.3476364013487707,2.3476364013487707,15.040625,15.040625,15.040625,0.72082445105145,0.72082445105145,0.72082445105145,0.2787826824038998,0.2787826824038998,0.2787826824038998,0.9985778381152242,0.9985778381152242,0.9985778381152242,0.9985778381152242,0.9985778381152242,0.9985778381152242,0.7197951557113244,0.7197951557113244,0.7197951557113244,7153.096494485306,7153.096494485306,7153.096494485306,285.4,285.4,285.4,5350.0,5350.0,5350.0,15360.0,15360.0,15360.0,/home/pjpjq/LEO_switch/results/multiseed_0907/seed43/u30/learned_baselines/maddpg/training_history.json,/home/pjpjq/LEO_switch/results/multiseed_0907/seed43/u30/learned_baselines/maddpg/maddpg_model.pt,150000.0,150000.0,150000.0,/home/pjpjq/LEO_switch/results/multiseed_0907/seed43/u30/learned_baselines/maddpg/maddpg_training.log,30.751892310578114,30.751892310578114,30.751892310578114,,,,
30,min_distance,Min-Distance,1,0.33820920559770246,0.33820920559770246,0.33820920559770246,0.36696274410778507,0.36696274410778507,0.36696274410778507,3.894410127097325,3.894410127097325,3.894410127097325,0.33820920559770246,0.33820920559770246,0.33820920559770246,2.296030655128086,2.296030655128086,2.296030655128086,1,0.020651041666666668,0.020651041666666668,0.020651041666666668,317.2,317.2,317.2,3546.6,3546.6,3546.6,0.33570345666457435,0.33570345666457435,0.33570345666457435,1796.2,1796.2,1796.2,1.5759275869516893,1.5759275869516893,1.5759275869516893,2.3742447083404574,2.3742447083404574,2.3742447083404574,1,5.0,5.0,5.0,0.2,0.2,0.2,0.4,0.4,0.4,0.09491659284112114,0.09491659284112114,0.09491659284112114,0.2,0.2,0.2,0.00359375,0.00359375,0.00359375,50.2,50.2,50.2,50.0,50.0,50.0,0.004081632653061224,0.004081632653061224,0.004081632653061224,0.0032552083333333335,0.0032552083333333335,0.0032552083333333335,33.000001311302185,33.000001311302185,33.000001311302185,0.0,0.0,0.0,0.9959183673469388,0.9959183673469388,0.9959183673469388,0.1953125,0.1953125,0.1953125,False,0.5873973565006081,0.5873973565006081,0.5873973565006081,0.33820920559770246,0.33820920559770246,0.33820920559770246,0.12363365750923694,0.12363365750923694,0.12363365750923694,2560.0,2560.0,2560.0,0.0,0.0,0.0,1.0,1.0,1.0,9.287282698078707,9.287282698078707,9.287282698078707,0.33820920559770246,0.33820920559770246,0.33820920559770246,0.2,0.2,0.2,4.890687111949612,4.890687111949612,4.890687111949612,1,-39.54014450751671,-39.54014450751671,-39.54014450751671,-21.039944772236787,-21.039944772236787,-21.039944772236787,-0.0013333333333333335,-0.0013333333333333335,-0.0013333333333333335,-3.502000135555863,-3.502000135555863,-3.502000135555863,-59.886666666665825,-59.886666666665825,-59.886666666665825,0.001272206824723937,0.001272206824723937,0.001272206824723937,6.8,6.8,6.8,0.0,0.0,0.0,,0.5873973565006081,0.5873973565006081,0.5873973565006081,5.0,5.0,5.0,5.0,5.0,5.0,5343.2,5343.2,5343.2,15.037372326415646,15.037372326415646,15.037372326415646,118.21999999999586,118.21999999999586,118.21999999999586,reward,9.287282698078707,9.287282698078707,9.287282698078707,0.9793489583333332,0.9793489583333332,0.9793489583333332,0.9772005208923172,0.9772005208923172,0.9772005208923172,350.1999990940094,350.1999990940094,350.1999990940094,heuristic_eval,False,,3.3261550053863917,3.3261550053863917,3.3261550053863917,13.85390625,13.85390625,13.85390625,0.663792676636717,0.663792676636717,0.663792676636717,0.33577858942758165,0.33577858942758165,0.33577858942758165,0.998727793175276,0.998727793175276,0.998727793175276,0.998727793175276,0.998727793175276,0.998727793175276,0.6629492037476944,0.6629492037476944,0.6629492037476944,8420.496282600267,8420.496282600267,8420.496282600267,50.2,50.2,50.2,5350.0,5350.0,5350.0,15360.0,15360.0,15360.0,,,,,,,,,,min_distance(best_offload=1.00),1.0,1.0,1.0
30,full_local,Full-Local,1,1.0,1.0,1.0,0.0,0.0,0.0,5.366894454791564,5.366894454791564,5.366894454791564,1.0,1.0,1.0,2.242908758395688,2.242908758395688,2.242908758395688,1,0.7209765625000001,0.7209765625000001,0.7209765625000001,11074.2,11074.2,11074.2,2701.4,2701.4,2701.4,0.49502386537236764,0.49502386537236764,0.49502386537236764,2648.6,2648.6,2648.6,2.1067954669003854,2.1067954669003854,2.1067954669003854,4.1724127296650115,4.1724127296650115,4.1724127296650115,1,5.0,5.0,5.0,0.0,0.0,0.0,0.0,0.0,0.0,1.0,1.0,1.0,0.0,0.0,0.0,0.0,0.0,0.0,0.0,0.0,0.0,0.0,0.0,0.0,0.0,0.0,0.0,0.0,0.0,0.0,0.0,0.0,0.0,0.0,0.0,0.0,0.0,0.0,0.0,0.0,0.0,0.0,False,0.0,0.0,0.0,1.0,1.0,1.0,0.0,0.0,0.0,0.0,0.0,0.0,1.0,1.0,1.0,0.0,0.0,0.0,-158.98387048768345,-158.98387048768345,-158.98387048768345,1.0,1.0,1.0,0.0,0.0,0.0,5.419647142122327,5.419647142122327,5.419647142122327,1,-29.214765790336116,-29.214765790336116,-29.214765790336116,-20.78709729038963,-20.78709729038963,-20.78709729038963,0.0,0.0,0.0,-110.74201500732451,-110.74201500732451,-110.74201500732451,-88.28666666666422,-88.28666666666422,-88.28666666666422,0.0,0.0,0.0,0.0,0.0,0.0,0.0,0.0,0.0,,0.0,0.0,0.0,0.0,0.0,0.0,0.0,0.0,0.0,5350.0,5350.0,5350.0,0.0,0.0,0.0,90.04666666666412,90.04666666666412,90.04666666666412,reward,-158.98387048768345,-158.98387048768345,-158.98387048768345,0.27902343749999997,0.27902343749999997,0.27902343749999997,0.27902343749999997,0.27902343749999997,0.27902343749999997,11074.2,11074.2,11074.2,heuristic_eval,False,,8.13696685524064,8.13696685524064,8.13696685524064,10.55234375,10.55234375,10.55234375,0.5049761346276325,0.5049761346276325,0.5049761346276325,0.49502386537236764,0.49502386537236764,0.49502386537236764,1.0,1.0,1.0,1.0,1.0,1.0,0.5049761346276325,0.5049761346276325,0.5049761346276325,11271.355747917063,11271.355747917063,11271.355747917063,0.0,0.0,0.0,5350.0,5350.0,5350.0,15360.0,15360.0,15360.0,,,,,,,,,,,,,
35,han_pdqn,HAN+PDQN,1,0.5529984630564079,0.5529984630564079,0.5529984630564079,0.5829509676351884,0.5829509676351884,0.5829509676351884,2.109277016258117,2.109277016258117,2.109277016258117,0.5529984630564079,0.5529984630564079,0.5529984630564079,1.8233504147114554,1.8233504147114554,1.8233504147114554,1,0.02010044642857143,0.02010044642857143,0.02010044642857143,360.2,360.2,360.2,5687.6,5687.6,5687.6,0.0877164878734807,0.0877164878734807,0.0877164878734807,547.4,547.4,547.4,1.2481678964093708,1.2481678964093708,1.2481678964093708,1.3685604887101972,1.3685604887101972,1.3685604887101972,1,5.0,5.0,5.0,0.0,0.0,0.0,1.2,1.2,1.2,0.07256978973618175,0.07256978973618175,0.07256978973618175,0.0,0.0,0.0,0.009743303571428571,0.009743303571428571,0.009743303571428571,162.6,162.6,162.6,162.6,162.6,162.6,0.0,0.0,0.0,0.009073660714285715,0.009073660714285715,0.009073660714285715,104.76000413894653,104.76000413894653,104.76000413894653,0.0,0.0,0.0,1.0,1.0,1.0,0.5444196428571428,0.5444196428571428,0.5444196428571428,True,0.6953775086821989,0.6953775086821989,0.6953775086821989,0.5529984630564079,0.5529984630564079,0.5529984630564079,0.0719578202388981,0.0719578202388981,0.0719578202388981,2471.0,2471.0,2471.0,0.523046875,0.523046875,0.523046875,0.4656883776187897,0.4656883776187897,0.4656883776187897,85.76280850761104,85.76280850761104,85.76280850761104,0.5529984630564079,0.5529984630564079,0.5529984630564079,0.0,0.0,0.0,4.198322213339321,4.198322213339321,4.198322213339321,1,-43.47111519653231,-43.47111519653231,-43.47111519653231,-30.804280825147497,-30.804280825147497,-30.804280825147497,0.0,0.0,0.0,-3.9853715892881154,-3.9853715892881154,-3.9853715892881154,-15.674285714285665,-15.674285714285665,-15.674285714285665,0.0006410632185961743,0.0006410632185961743,0.0006410632185961743,4.0,4.0,4.0,6.0,6.0,6.0,Successful-Task Delay | P95 Successful-Task Delay | Task Success | Deadline Violation | Successful Task Throughput | Energy per Successful Task,0.6953775086821989,0.6953775086821989,0.6953775086821989,12.0,12.0,12.0,12.0,12.0,12.0,6236.2,6236.2,6236.2,17.195003763389963,17.195003763389963,17.195003763389963,162.50285714286548,162.50285714286548,162.50285714286548,reward,85.76280850761104,85.76280850761104,85.76280850761104,0.9798995535714285,0.9798995535714285,0.9798995535714285,0.9740535713812071,0.9740535713812071,0.9740535713812071,464.96000084877016,464.96000084877016,464.96000084877016,checkpoint_eval,True,han_pdqn_multiuser_u35,4.78183448090929,4.78183448090929,4.78183448090929,19.043303571428574,19.043303571428574,19.043303571428574,0.9120367015437415,0.9120367015437415,0.9120367015437415,0.08790821559779158,0.08790821559779158,0.08790821559779158,0.9993589367814039,0.9993589367814039,0.9993589367814039,0.9993589367814039,0.9993589367814039,0.9993589367814039,0.9114507211836124,0.9114507211836124,0.9114507211836124,7783.824635588118,7783.824635588118,7783.824635588118,162.6,162.6,162.6,6240.2,6240.2,6240.2,17920.0,17920.0,17920.0,/home/pjpjq/LEO_switch/results/multiseed_0907/seed43/u35/learned_baselines/han_pdqn/training_history.json,,,,,,,,,,,,
35,pdqn,PDQN,1,0.4766188231717388,0.4766188231717388,0.4766188231717388,0.5032038684901605,0.5032038684901605,0.5032038684901605,2.220065900120679,2.220065900120679,2.220065900120679,0.4766188231717388,0.4766188231717388,0.4766188231717388,1.8687217891785817,1.8687217891785817,1.8687217891785817,1,0.023917410714285714,0.023917410714285714,0.023917410714285714,428.6,428.6,428.6,5557.8,5557.8,5557.8,0.10810977080098569,0.10810977080098569,0.10810977080098569,674.8,674.8,674.8,1.2643543072654968,1.2643543072654968,1.2643543072654968,1.4188667844137794,1.4188667844137794,1.4188667844137794,1,5.0,5.0,5.0,21.2,21.2,21.2,4.4,4.4,4.4,0.08108561845518344,0.08108561845518344,0.08108561845518344,21.2,21.2,21.2,0.020848214285714286,0.020848214285714286,0.020848214285714286,347.4,347.4,347.4,326.2,326.2,326.2,0.058350317797251236,0.058350317797251236,0.058350317797251236,0.018203125,0.018203125,0.018203125,211.44000737667085,211.44000737667085,211.44000737667085,20.4,20.4,20.4,0.9416496822027488,0.9416496822027488,0.9416496822027488,1.0921875,1.0921875,1.0921875,False,0.6618177431238628,0.6618177431238628,0.6618177431238628,0.4766188231717388,0.4766188231717388,0.4766188231717388,0.08861142236153606,0.08861142236153606,0.08861142236153606,2428.0,2428.0,2428.0,0.40296875,0.40296875,0.40296875,0.585787832736969,0.585787832736969,0.585787832736969,76.15200975150802,76.15200975150802,76.15200975150802,0.4766188231717388,0.4766188231717388,0.4766188231717388,0.8,0.8,0.8,4.301119060993,4.301119060993,4.301119060993,1,-43.24722156775868,-43.24722156775868,-43.24722156775868,-30.481214182271163,-30.481214182271163,-30.481214182271163,-0.12114285714285725,-0.12114285714285725,-0.12114285714285725,-5.486057359911501,-5.486057359911501,-5.486057359911501,-19.405714285714225,-19.405714285714225,-19.405714285714225,0.0005117888192078939,0.0005117888192078939,0.0005117888192078939,3.2,3.2,3.2,0.0,0.0,0.0,,0.6618177431238628,0.6618177431238628,0.6618177431238628,26.2,26.2,26.2,26.2,26.2,26.2,6237.0,6237.0,6237.0,16.09907401111017,16.09907401111017,16.09907401111017,158.79428571429267,158.79428571429267,158.79428571429267,reward,76.15200975150802,76.15200975150802,76.15200975150802,0.9760825892857143,0.9760825892857143,0.9760825892857143,0.964283482058506,0.964283482058506,0.964283482058506,640.0400015115738,640.0400015115738,640.0400015115738,pdqn_train_eval,False,,3.7479463281945695,3.7479463281945695,3.7479463281945695,18.60870535714286,18.60870535714286,18.60870535714286,0.8911295880563476,0.8911295880563476,0.8911295880563476,0.10881341607747604,0.10881341607747604,0.10881341607747604,0.9994882111807921,0.9994882111807921,0.9994882111807921,0.9994882111807921,0.9994882111807921,0.9994882111807921,0.890674795103316,0.890674795103316,0.890674795103316,7885.777814414903,7885.777814414903,7885.777814414903,347.4,347.4,347.4,6240.2,6240.2,6240.2,17920.0,17920.0,17920.0,/home/pjpjq/LEO_switch/results/multiseed_0907/seed43/u35/learned_baselines/pdqn/training_history.json,/home/pjpjq/LEO_switch/results/multiseed_0907/seed43/u35/learned_baselines/pdqn/best_model.pt,150000.0,150000.0,150000.0,/home/pjpjq/LEO_switch/results/multiseed_0907/seed43/u35/learned_baselines/pdqn/pdqn_training.log,,,,,,,
35,han_mappo,HAN+MAPPO,1,0.6267710724665643,0.6267710724665643,0.6267710724665643,0.8671300631621607,0.8671300631621607,0.8671300631621607,3.0099759033776463,3.0099759033776463,3.0099759033776463,0.6267710724665643,0.6267710724665643,0.6267710724665643,2.039322343585729,2.039322343585729,2.039322343585729,1,0.022254464285714287,0.022254464285714287,0.022254464285714287,398.8,398.8,398.8,4987.2,4987.2,4987.2,0.19826455633639273,0.19826455633639273,0.19826455633639273,1237.4,1237.4,1237.4,1.5163946780372162,1.5163946780372162,1.5163946780372162,1.8949460443662853,1.8949460443662853,1.8949460443662853,1,5.0,5.0,5.0,0.0,0.0,0.0,7.6,7.6,7.6,0.485009159134386,0.485009159134386,0.485009159134386,0.0,0.0,0.0,0.004441964285714286,0.004441964285714286,0.004441964285714286,41.2,41.2,41.2,41.2,41.2,41.2,0.0,0.0,0.0,0.0022991071428571427,0.0022991071428571427,0.0022991071428571427,47.76000180244446,47.76000180244446,47.76000180244446,0.0,0.0,0.0,1.0,1.0,1.0,0.13794642857142858,0.13794642857142858,0.13794642857142858,False,0.8415756523861038,0.8415756523861038,0.8415756523861038,0.6267710724665643,0.6267710724665643,0.6267710724665643,0.057357321790756595,0.057357321790756595,0.057357321790756595,2559.0,2559.0,2559.0,0.5220982142857142,0.5220982142857142,0.5220982142857142,0.2993994951248169,0.2993994951248169,0.2993994951248169,52.850893967190586,52.850893967190586,52.850893967190586,0.6267710724665643,0.6267710724665643,0.6267710724665643,0.0,0.0,0.0,4.264853264422095,4.264853264422095,4.264853264422095,1,-42.668560987469945,-42.668560987469945,-42.668560987469945,-29.10910964637394,-29.10910964637394,-29.10910964637394,0.0,0.0,0.0,-3.8276573181152345,-3.8276573181152345,-3.8276573181152345,-35.57142857142906,-35.57142857142906,-35.57142857142906,0.0012826503250090088,0.0012826503250090088,0.0012826503250090088,8.0,8.0,8.0,0.0,0.0,0.0,,0.8415756523861038,0.8415756523861038,0.8415756523861038,38.4,38.4,38.4,38.4,38.4,38.4,6232.2,6232.2,6232.2,21.5362199351978,21.5362199351978,21.5362199351978,142.49142857142948,142.49142857142948,142.49142857142948,reward,52.850893967190586,52.850893967190586,52.850893967190586,0.9777455357142857,0.9777455357142857,0.9777455357142857,0.9750803571008145,0.9750803571008145,0.9750803571008145,446.56000075340273,446.56000075340273,446.56000075340273,han_mappo_train_eval,False,,8.085504216256808,8.085504216256808,8.085504216256808,16.69821428571429,16.69821428571429,16.69821428571429,0.8002625302889997,0.8002625302889997,0.8002625302889997,0.19948242083716317,0.19948242083716317,0.19948242083716317,0.9987173496749909,0.9987173496749909,0.9987173496749909,0.9987173496749909,0.9987173496749909,0.9987173496749909,0.7992349288378279,0.7992349288378279,0.7992349288378279,9450.474912463538,9450.474912463538,9450.474912463538,41.2,41.2,41.2,6240.2,6240.2,6240.2,17920.0,17920.0,17920.0,/home/pjpjq/LEO_switch/results/multiseed_0907/seed43/u35/learned_baselines/han_mappo/training_history.json,/home/pjpjq/LEO_switch/results/multiseed_0907/seed43/u35/learned_baselines/han_mappo/best_model.pt,150000.0,150000.0,150000.0,,,,,,,,
35,mappo_no_han,MAPPO,1,0.601066435897876,0.601066435897876,0.601066435897876,0.8410208837878248,0.8410208837878248,0.8410208837878248,3.105861703682826,3.105861703682826,3.105861703682826,0.601066435897876,0.601066435897876,0.601066435897876,2.0510138765778447,2.0510138765778447,2.0510138765778447,1,0.0221875,0.0221875,0.0221875,397.6,397.6,397.6,4890.2,4890.2,4890.2,0.21344422266125873,0.21344422266125873,0.21344422266125873,1332.2,1332.2,1332.2,1.4974683998490637,1.4974683998490637,1.4974683998490637,1.9083520240193375,1.9083520240193375,1.9083520240193375,1,5.0,5.0,5.0,0.0,0.0,0.0,9.6,9.6,9.6,0.5380405949313063,0.5380405949313063,0.5380405949313063,0.0,0.0,0.0,0.004151785714285715,0.004151785714285715,0.004151785714285715,34.8,34.8,34.8,34.8,34.8,34.8,0.0,0.0,0.0,0.0019419642857142858,0.0019419642857142858,0.0019419642857142858,44.640001440048216,44.640001440048216,44.640001440048216,0.0,0.0,0.0,1.0,1.0,1.0,0.11651785714285716,0.11651785714285716,0.11651785714285716,False,0.8280474695603948,0.8280474695603948,0.8280474695603948,0.601066435897876,0.601066435897876,0.601066435897876,0.06229185047502456,0.06229185047502456,0.06229185047502456,2559.0,2559.0,2559.0,0.741953125,0.741953125,0.741953125,0.17921864986419678,0.17921864986419678,0.17921864986419678,48.84823247473687,48.84823247473687,48.84823247473687,0.601066435897876,0.601066435897876,0.601066435897876,0.0,0.0,0.0,4.37801567950591,4.37801567950591,4.37801567950591,1,-41.93431067240697,-41.93431067240697,-41.93431067240697,-27.999565691105232,-27.999565691105232,-27.999565691105232,0.0,0.0,0.0,-3.790628741309047,-3.790628741309047,-3.790628741309047,-38.337142857143604,-38.337142857143604,-38.337142857143604,0.0013154629426279727,0.0013154629426279727,0.0013154629426279727,8.2,8.2,8.2,0.0,0.0,0.0,,0.8280474695603948,0.8280474695603948,0.8280474695603948,39.6,39.6,39.6,39.6,39.6,39.6,6232.0,6232.0,6232.0,21.189878621569317,21.189878621569317,21.189878621569317,139.71999999999989,139.71999999999989,139.71999999999989,reward,48.84823247473687,48.84823247473687,48.84823247473687,0.9778125,0.9778125,0.9778125,0.9753214285629136,0.9753214285629136,0.9753214285629136,442.24000015258787,442.24000015258787,442.24000015258787,mappo_no_han_train_eval,False,,8.489233471059663,8.489233471059663,8.489233471059663,16.3734375,16.3734375,16.3734375,0.7847416175794597,0.7847416175794597,0.7847416175794597,0.21498199249430666,0.21498199249430666,0.21498199249430666,0.998684537057372,0.998684537057372,0.998684537057372,0.998684537057372,0.998684537057372,0.998684537057372,0.7837025445630654,0.7837025445630654,0.7837025445630654,9332.223067859364,9332.223067859364,9332.223067859364,34.8,34.8,34.8,6240.2,6240.2,6240.2,17920.0,17920.0,17920.0,/home/pjpjq/LEO_switch/results/multiseed_0907/seed43/u35/learned_baselines/mappo_no_han/training_history.json,/home/pjpjq/LEO_switch/results/multiseed_0907/seed43/u35/learned_baselines/mappo_no_han/best_model.pt,150000.0,150000.0,150000.0,,,,,,,,
35,maddpg,MADDPG,1,0.672351950870284,0.672351950870284,0.672351950870284,0.90688154512681,0.90688154512681,0.90688154512681,3.5609566736301614,3.5609566736301614,3.5609566736301614,0.672351950870284,0.672351950870284,0.672351950870284,2.3196178969305565,2.3196178969305565,2.3196178969305565,1,0.021729910714285715,0.021729910714285715,0.021729910714285715,389.4,389.4,389.4,4389.8,4389.8,4389.8,0.2937483720980588,0.2937483720980588,0.2937483720980588,1833.4,1833.4,1833.4,1.426862860439644,1.426862860439644,1.426862860439644,2.0255874922975474,2.0255874922975474,2.0255874922975474,1,5.0,5.0,5.0,0.0,0.0,0.0,8.6,8.6,8.6,0.5098854158004207,0.5098854158004207,0.5098854158004207,0.0,0.0,0.0,0.0039955357142857145,0.0039955357142857145,0.0039955357142857145,35.4,35.4,35.4,35.4,35.4,35.4,0.0,0.0,0.0,0.0019754464285714284,0.0019754464285714284,0.0019754464285714284,42.96000165939331,42.96000165939331,42.96000165939331,0.0,0.0,0.0,1.0,1.0,1.0,0.11852678571428572,0.11852678571428572,0.11852678571428572,False,0.8716046709933988,0.8716046709933988,0.8716046709933988,0.672351950870284,0.672351950870284,0.672351950870284,0.04898012780132938,0.04898012780132938,0.04898012780132938,2560.0,2560.0,2560.0,0.0,0.0,0.0,1.0,1.0,1.0,27.62826940456871,27.62826940456871,27.62826940456871,0.672351950870284,0.672351950870284,0.672351950870284,0.0,0.0,0.0,4.758115616693389,4.758115616693389,4.758115616693389,1,-42.50960172150403,-42.50960172150403,-42.50960172150403,-21.263552749878237,-21.263552749878237,-21.263552749878237,0.0,0.0,0.0,-3.70594302918762,-3.70594302918762,-3.70594302918762,-52.62857142857381,-52.62857142857381,-52.62857142857381,0.0013469406087627319,0.0013469406087627319,0.0013469406087627319,8.4,8.4,8.4,0.0,0.0,0.0,,0.8716046709933988,0.8716046709933988,0.8716046709933988,36.2,36.2,36.2,36.2,36.2,36.2,6231.8,6231.8,6231.8,22.313079577431072,22.313079577431072,22.313079577431072,125.42285714285345,125.42285714285345,125.42285714285345,reward,27.62826940456871,27.62826940456871,27.62826940456871,0.9782700892857144,0.9782700892857144,0.9782700892857144,0.9758727677924824,0.9758727677924824,0.9758727677924824,432.3600011587143,432.3600011587143,432.3600011587143,maddpg_train_eval,False,,5.3416737699678,5.3416737699678,5.3416737699678,14.697991071428572,14.697991071428572,14.697991071428572,0.7044801197069244,0.7044801197069244,0.7044801197069244,0.295124321335973,0.295124321335973,0.295124321335973,0.9986530593912372,0.9986530593912372,0.9986530593912372,0.9986530593912372,0.9986530593912372,0.9986530593912372,0.7035287380552642,0.7035287380552642,0.7035287380552642,8891.923973687773,8891.923973687773,8891.923973687773,35.4,35.4,35.4,6240.2,6240.2,6240.2,17920.0,17920.0,17920.0,/home/pjpjq/LEO_switch/results/multiseed_0907/seed43/u35/learned_baselines/maddpg/training_history.json,/home/pjpjq/LEO_switch/results/multiseed_0907/seed43/u35/learned_baselines/maddpg/maddpg_model.pt,150000.0,150000.0,150000.0,/home/pjpjq/LEO_switch/results/multiseed_0907/seed43/u35/learned_baselines/maddpg/maddpg_training.log,27.62826940456871,27.62826940456871,27.62826940456871,,,,
35,min_distance,Min-Distance,1,0.3455785338350231,0.3455785338350231,0.3455785338350231,0.3845613847856627,0.3845613847856627,0.3845613847856627,4.061545144128379,4.061545144128379,4.061545144128379,0.3455785338350231,0.3455785338350231,0.3455785338350231,2.3014078179396362,2.3014078179396362,2.3014078179396362,1,0.020212053571428572,0.020212053571428572,0.020212053571428572,362.2,362.2,362.2,4023.2,4023.2,4023.2,0.3540959741479662,0.3540959741479662,0.3540959741479662,2209.8,2209.8,2209.8,1.6486030440090933,1.6486030440090933,1.6486030440090933,2.5546135158484518,2.5546135158484518,2.5546135158484518,1,5.0,5.0,5.0,0.0,0.0,0.0,1.2,1.2,1.2,0.09016792347437508,0.09016792347437508,0.09016792347437508,0.0,0.0,0.0,0.0035825892857142857,0.0035825892857142857,0.0035825892857142857,58.6,58.6,58.6,58.6,58.6,58.6,0.0,0.0,0.0,0.003270089285714286,0.003270089285714286,0.003270089285714286,38.52000153064728,38.52000153064728,38.52000153064728,0.0,0.0,0.0,1.0,1.0,1.0,0.19620535714285714,0.19620535714285714,0.19620535714285714,False,0.5926857004074768,0.5926857004074768,0.5926857004074768,0.3455785338350231,0.3455785338350231,0.3455785338350231,0.12158737853446115,0.12158737853446115,0.12158737853446115,2560.0,2560.0,2560.0,0.0,0.0,0.0,1.0,1.0,1.0,3.776549700132455,3.776549700132455,3.776549700132455,0.3455785338350231,0.3455785338350231,0.3455785338350231,0.0,0.0,0.0,4.948788113875629,4.948788113875629,4.948788113875629,1,-38.54423945141216,-38.54423945141216,-38.54423945141216,-21.194363882022014,-21.194363882022014,-21.194363882022014,0.0,0.0,0.0,-3.4347429972141983,-3.4347429972141983,-3.4347429972141983,-63.17142857143212,-63.17142857143212,-63.17142857143212,0.0009628672588410202,0.0009628672588410202,0.0009628672588410202,6.0,6.0,6.0,0.0,0.0,0.0,,0.5926857004074768,0.5926857004074768,0.5926857004074768,5.6,5.6,5.6,5.6,5.6,5.6,6234.2,6234.2,6234.2,15.17275393043148,15.17275393043148,15.17275393043148,114.94857142856867,114.94857142856867,114.94857142856867,reward,3.776549700132455,3.776549700132455,3.776549700132455,0.9797879464285716,0.9797879464285716,0.9797879464285716,0.977638392938035,0.977638392938035,0.977638392938035,400.719998550415,400.719998550415,400.719998550415,heuristic_eval,False,,2.3249486331231135,2.3249486331231135,2.3249486331231135,13.470535714285713,13.470535714285713,13.470535714285713,0.6453713207985536,0.6453713207985536,0.6453713207985536,0.3542876285116929,0.3542876285116929,0.3542876285116929,0.9990371327411591,0.9990371327411591,0.9990371327411591,0.9990371327411591,0.9990371327411591,0.9990371327411591,0.6447495042294661,0.6447495042294661,0.6447495042294661,10277.72109696149,10277.72109696149,10277.72109696149,58.6,58.6,58.6,6240.2,6240.2,6240.2,17920.0,17920.0,17920.0,,,,,,,,,,min_distance(best_offload=1.00),1.0,1.0,1.0
35,full_local,Full-Local,1,1.0,1.0,1.0,0.0,0.0,0.0,5.22310677386834,5.22310677386834,5.22310677386834,1.0,1.0,1.0,2.243332067198799,2.243332067198799,2.243332067198799,1,0.7159374999999999,0.7159374999999999,0.7159374999999999,12829.6,12829.6,12829.6,3228.4,3228.4,3228.4,0.4825620192110436,0.4825620192110436,0.4825620192110436,3011.8,3011.8,3011.8,2.0975962529788923,2.0975962529788923,2.0975962529788923,4.054460456523009,4.054460456523009,4.054460456523009,1,5.0,5.0,5.0,0.0,0.0,0.0,0.0,0.0,0.0,1.0,1.0,1.0,0.0,0.0,0.0,0.0,0.0,0.0,0.0,0.0,0.0,0.0,0.0,0.0,0.0,0.0,0.0,0.0,0.0,0.0,0.0,0.0,0.0,0.0,0.0,0.0,0.0,0.0,0.0,0.0,0.0,0.0,False,0.0,0.0,0.0,1.0,1.0,1.0,0.0,0.0,0.0,0.0,0.0,0.0,1.0,1.0,1.0,0.0,0.0,0.0,-154.93724140893409,-154.93724140893409,-154.93724140893409,1.0,1.0,1.0,0.0,0.0,0.0,5.409914988512458,5.409914988512458,5.409914988512458,1,-29.86685172907961,-29.86685172907961,-29.86685172907961,-21.290961899072013,-21.290961899072013,-21.290961899072013,0.0,0.0,0.0,-109.96801281012594,-109.96801281012594,-109.96801281012594,-86.05142857142951,-86.05142857142951,-86.05142857142951,0.0,0.0,0.0,0.0,0.0,0.0,0.0,0.0,0.0,,0.0,0.0,0.0,0.0,0.0,0.0,0.0,0.0,0.0,6240.2,6240.2,6240.2,0.0,0.0,0.0,92.24000000000014,92.24000000000014,92.24000000000014,reward,-154.93724140893409,-154.93724140893409,-154.93724140893409,0.2840625,0.2840625,0.2840625,0.2840625,0.2840625,0.2840625,12829.6,12829.6,12829.6,heuristic_eval,False,,11.359596687230583,11.359596687230583,11.359596687230583,10.809375,10.809375,10.809375,0.5174379807889565,0.5174379807889565,0.5174379807889565,0.4825620192110436,0.4825620192110436,0.4825620192110436,1.0,1.0,1.0,1.0,1.0,1.0,0.5174379807889565,0.5174379807889565,0.5174379807889565,13089.420137838884,13089.420137838884,13089.420137838884,0.0,0.0,0.0,6240.2,6240.2,6240.2,17920.0,17920.0,17920.0,,,,,,,,,,,,,
40,han_pdqn,HAN+PDQN,1,0.4838196250969179,0.4838196250969179,0.4838196250969179,0.516362548681134,0.516362548681134,0.516362548681134,2.2579721687416736,2.2579721687416736,2.2579721687416736,0.4838196250969179,0.4838196250969179,0.4838196250969179,1.8775429357429474,1.8775429357429474,1.8775429357429474,1,0.020439453125,0.020439453125,0.020439453125,418.6,418.6,418.6,6327.8,6327.8,6327.8,0.11159435598451588,0.11159435598451588,0.11159435598451588,796.2,796.2,796.2,1.348289338456474,1.348289338456474,1.348289338456474,1.5182797354697448,1.5182797354697448,1.5182797354697448,1,5.0,5.0,5.0,0.0,0.0,0.0,1.6,1.6,1.6,0.08262819691467231,0.08262819691467231,0.08262819691467231,0.0,0.0,0.0,0.01759765625,0.01759765625,0.01759765625,336.2,336.2,336.2,336.2,336.2,336.2,0.0,0.0,0.0,0.016416015625,0.016416015625,0.016416015625,216.24000737667083,216.24000737667083,216.24000737667083,0.0,0.0,0.0,1.0,1.0,1.0,0.9849609375,0.9849609375,0.9849609375,True,0.6609968400948671,0.6609968400948671,0.6609968400948671,0.4838196250969179,0.4838196250969179,0.4838196250969179,0.08696818099931906,0.08696818099931906,0.08696818099931906,2461.0,2461.0,2461.0,0.617431640625,0.617431640625,0.617431640625,0.35228022933006287,0.35228022933006287,0.35228022933006287,74.55249842898047,74.55249842898047,74.55249842898047,0.4838196250969179,0.4838196250969179,0.4838196250969179,0.0,0.0,0.0,4.262087892674975,4.262087892674975,4.262087892674975,1,-43.700600691039924,-43.700600691039924,-43.700600691039924,-31.520879340814314,-31.520879340814314,-31.520879340814314,0.0,0.0,0.0,-4.761300178524107,-4.761300178524107,-4.761300178524107,-19.9449999999999,-19.9449999999999,-19.9449999999999,0.0008408062908704196,0.0008408062908704196,0.0008408062908704196,6.0,6.0,6.0,2.0,2.0,2.0,Successful-Task Delay | P95 Successful-Task Delay,0.6609968400948671,0.6609968400948671,0.6609968400948671,24.2,24.2,24.2,24.2,24.2,24.2,7125.6,7125.6,7125.6,16.285280258542098,16.285280258542098,16.285280258542098,158.19500000001884,158.19500000001884,158.19500000001884,reward,74.55249842898047,74.55249842898047,74.55249842898047,0.9795605468749999,0.9795605468749999,0.9795605468749999,0.9690019530162681,0.9690019530162681,0.9690019530162681,634.8400022268295,634.8400022268295,634.8400022268295,checkpoint_eval,True,han_pdqn_multiuser_u40,4.501250986568404,4.501250986568404,4.501250986568404,18.5384765625,18.5384765625,18.5384765625,0.8880910368133408,0.8880910368133408,0.8880910368133408,0.11181788425058836,0.11181788425058836,0.11181788425058836,0.9991591937091295,0.9991591937091295,0.9991591937091295,0.9991591937091295,0.9991591937091295,0.9991591937091295,0.8873413094585413,0.8873413094585413,0.8873413094585413,9607.370510105451,9607.370510105451,9607.370510105451,336.2,336.2,336.2,7131.6,7131.6,7131.6,20480.0,20480.0,20480.0,/home/pjpjq/LEO_switch/results/multiseed_0907/seed43/u40/learned_baselines/han_pdqn/training_history.json,,,,,,,,,,,,
40,pdqn,PDQN,1,0.4473166750853459,0.4473166750853459,0.4473166750853459,0.4892081808378667,0.4892081808378667,0.4892081808378667,2.254649145339083,2.254649145339083,2.254649145339083,0.4473166750853459,0.4473166750853459,0.4473166750853459,1.912785513277208,1.912785513277208,1.912785513277208,1,0.022392578125,0.022392578125,0.022392578125,458.6,458.6,458.6,6351.0,6351.0,6351.0,0.10806117681048714,0.10806117681048714,0.10806117681048714,770.6,770.6,770.6,1.3459146184353825,1.3459146184353825,1.3459146184353825,1.509984386596723,1.509984386596723,1.509984386596723,1,5.0,5.0,5.0,28.0,28.0,28.0,3.6,3.6,3.6,0.17572050451602902,0.17572050451602902,0.17572050451602902,28.0,28.0,28.0,0.01296875,0.01296875,0.01296875,221.4,221.4,221.4,193.4,193.4,193.4,0.10790651358244722,0.10790651358244722,0.10790651358244722,0.009443359375,0.009443359375,0.009443359375,140.28000540733336,140.28000540733336,140.28000540733336,31.8,31.8,31.8,0.8920934864175527,0.8920934864175527,0.8920934864175527,0.5666015625,0.5666015625,0.5666015625,False,0.6507250286720794,0.6507250286720794,0.6507250286720794,0.4473166750853459,0.4473166750853459,0.4473166750853459,0.09546689650384622,0.09546689650384622,0.09546689650384622,2417.0,2417.0,2417.0,0.41681640625,0.41681640625,0.41681640625,0.568488359451294,0.568488359451294,0.568488359451294,73.70491254403314,73.70491254403314,73.70491254403314,0.4473166750853459,0.4473166750853459,0.4473166750853459,0.0,0.0,0.0,4.311765359046783,4.311765359046783,4.311765359046783,1,-44.824646099426595,-44.824646099426595,-44.824646099426595,-31.973498910063235,-31.973498910063235,-31.973498910063235,-0.1590000000000001,-0.1590000000000001,-0.1590000000000001,-4.491600151360035,-4.491600151360035,-4.491600151360035,-19.354999999999958,-19.354999999999958,-19.354999999999958,0.0008974027242288805,0.0008974027242288805,0.0008974027242288805,6.4,6.4,6.4,4.0,4.0,4.0,Task Success | Deadline Violation | Successful Task Throughput | Energy per Successful Task,0.6507250286720794,0.6507250286720794,0.6507250286720794,44.2,44.2,44.2,40.4,40.4,40.4,7125.2,7125.2,7125.2,15.733659131726771,15.733659131726771,15.733659131726771,158.77500000001893,158.77500000001893,158.77500000001893,reward,73.70491254403314,73.70491254403314,73.70491254403314,0.9776074218749999,0.9776074218749999,0.9776074218749999,0.9707578124583233,0.9707578124583233,0.9707578124583233,598.8800008535385,598.8800008535385,598.8800008535385,pdqn_train_eval,False,,3.167559994685057,3.167559994685057,3.167559994685057,18.6064453125,18.6064453125,18.6064453125,0.8913406370183011,0.8913406370183011,0.8913406370183011,0.10856635971504298,0.10856635971504298,0.10856635971504298,0.9991025972757711,0.9991025972757711,0.9991025972757711,0.9991025972757711,0.9991025972757711,0.9991025972757711,0.8905362375607281,0.8905362375607281,0.8905362375607281,9589.910839275788,9589.910839275788,9589.910839275788,221.4,221.4,221.4,7131.6,7131.6,7131.6,20480.0,20480.0,20480.0,/home/pjpjq/LEO_switch/results/multiseed_0907/seed43/u40/learned_baselines/pdqn/training_history.json,/home/pjpjq/LEO_switch/results/multiseed_0907/seed43/u40/learned_baselines/pdqn/best_model.pt,150000.0,150000.0,150000.0,/home/pjpjq/LEO_switch/results/multiseed_0907/seed43/u40/learned_baselines/pdqn/pdqn_training.log,,,,,,,
40,han_mappo,HAN+MAPPO,1,0.6385274536942875,0.6385274536942875,0.6385274536942875,0.8870897635659144,0.8870897635659144,0.8870897635659144,3.31519669401222,3.31519669401222,3.31519669401222,0.6385274536942875,0.6385274536942875,0.6385274536942875,2.0673873840815475,2.0673873840815475,2.0673873840815475,1,0.021992187500000003,0.021992187500000003,0.021992187500000003,450.4,450.4,450.4,5420.6,5420.6,5420.6,0.23720049669806526,0.23720049669806526,0.23720049669806526,1692.6,1692.6,1692.6,1.5788417562983466,1.5788417562983466,1.5788417562983466,2.0745781451150433,2.0745781451150433,2.0745781451150433,1,5.0,5.0,5.0,0.0,0.0,0.0,9.4,9.4,9.4,0.3993558165971959,0.3993558165971959,0.3993558165971959,0.0,0.0,0.0,0.0059375,0.0059375,0.0059375,76.6,76.6,76.6,76.6,76.6,76.6,0.0,0.0,0.0,0.0037402343749999996,0.0037402343749999996,0.0037402343749999996,72.96000304222108,72.96000304222108,72.96000304222108,0.0,0.0,0.0,1.0,1.0,1.0,0.2244140625,0.2244140625,0.2244140625,False,0.8506844498006334,0.8506844498006334,0.8506844498006334,0.6385274536942875,0.6385274536942875,0.6385274536942875,0.05515204299609423,0.05515204299609423,0.05515204299609423,2560.0,2560.0,2560.0,0.292275390625,0.292275390625,0.292275390625,0.4403625726699829,0.4403625726699829,0.4403625726699829,41.98076260976486,41.98076260976486,41.98076260976486,0.6385274536942875,0.6385274536942875,0.6385274536942875,0.0,0.0,0.0,4.468068952533364,4.468068952533364,4.468068952533364,1,-41.133735934433325,-41.133735934433325,-41.133735934433325,-27.702824187241653,-27.702824187241653,-27.702824187241653,0.0,0.0,0.0,-3.9252001262269913,-3.9252001262269913,-3.9252001262269913,-42.54999999999866,-42.54999999999866,-42.54999999999866,0.0012629529420636683,0.0012629529420636683,0.0012629529420636683,9.0,9.0,9.0,0.0,0.0,0.0,,0.8506844498006334,0.8506844498006334,0.8506844498006334,45.0,45.0,45.0,45.0,45.0,45.0,7122.6,7122.6,7122.6,21.77752191489629,21.77752191489629,21.77752191489629,135.51500000001369,135.51500000001369,135.51500000001369,reward,41.98076260976486,41.98076260976486,41.98076260976486,0.9780078124999999,0.9780078124999999,0.9780078124999999,0.9744453124422578,0.9744453124422578,0.9744453124422578,523.3600011825562,523.3600011825562,523.3600011825562,han_mappo_train_eval,False,,7.867218195281522,7.867218195281522,7.867218195281522,15.8806640625,15.8806640625,15.8806640625,0.7611866909980056,0.7611866909980056,0.7611866909980056,0.23851816230852027,0.23851816230852027,0.23851816230852027,0.9987370470579364,0.9987370470579364,0.9987370470579364,0.9987370470579364,0.9987370470579364,0.9987370470579364,0.7602188847494161,0.7602188847494161,0.7602188847494161,11245.458293410604,11245.458293410604,11245.458293410604,76.6,76.6,76.6,7131.6,7131.6,7131.6,20480.0,20480.0,20480.0,/home/pjpjq/LEO_switch/results/multiseed_0907/seed43/u40/learned_baselines/han_mappo/training_history.json,/home/pjpjq/LEO_switch/results/multiseed_0907/seed43/u40/learned_baselines/han_mappo/best_model.pt,150000.0,150000.0,150000.0,,,,,,,,
40,mappo_no_han,MAPPO,1,0.6252834724635412,0.6252834724635412,0.6252834724635412,0.861102604330859,0.861102604330859,0.861102604330859,3.3659423896909764,3.3659423896909764,3.3659423896909764,0.6252834724635412,0.6252834724635412,0.6252834724635412,2.062630038937122,2.062630038937122,2.062630038937122,1,0.022773437500000004,0.022773437500000004,0.022773437500000004,466.4,466.4,466.4,5369.2,5369.2,5369.2,0.2447687725127646,0.2447687725127646,0.2447687725127646,1746.4,1746.4,1746.4,1.569516516326811,1.569516516326811,1.569516516326811,2.0821847101608943,2.0821847101608943,2.0821847101608943,1,5.0,5.0,5.0,0.0,0.0,0.0,7.4,7.4,7.4,0.49752252934859376,0.49752252934859376,0.49752252934859376,0.0,0.0,0.0,0.004453125,0.004453125,0.004453125,46.8,46.8,46.8,46.8,46.8,46.8,0.0,0.0,0.0,0.00228515625,0.00228515625,0.00228515625,54.72000217437744,54.72000217437744,54.72000217437744,0.0,0.0,0.0,1.0,1.0,1.0,0.137109375,0.137109375,0.137109375,False,0.8394299502733299,0.8394299502733299,0.8394299502733299,0.6252834724635412,0.6252834724635412,0.6252834724635412,0.05763864179466462,0.05763864179466462,0.05763864179466462,2560.0,2560.0,2560.0,0.75896484375,0.75896484375,0.75896484375,0.17016465961933136,0.17016465961933136,0.17016465961933136,40.2126613338085,40.2126613338085,40.2126613338085,0.6252834724635412,0.6252834724635412,0.6252834724635412,0.0,0.0,0.0,4.488042405315972,4.488042405315972,4.488042405315972,1,-40.61402390149963,-40.61402390149963,-40.61402390149963,-27.139322072480844,-27.139322072480844,-27.139322072480844,0.0,0.0,0.0,-3.9084001276642084,-3.9084001276642084,-3.9084001276642084,-43.844999999998585,-43.844999999998585,-43.844999999998585,0.001206387252427856,0.001206387252427856,0.001206387252427856,8.6,8.6,8.6,0.0,0.0,0.0,,0.8394299502733299,0.8394299502733299,0.8394299502733299,44.4,44.4,44.4,44.4,44.4,44.4,7123.0,7123.0,7123.0,21.489406726997323,21.489406726997323,21.489406726997323,134.23000000001338,134.23000000001338,134.23000000001338,reward,40.2126613338085,40.2126613338085,40.2126613338085,0.9772265625,0.9772265625,0.9772265625,0.974554687460186,0.974554687460186,0.974554687460186,521.1200008153916,521.1200008153916,521.1200008153916,mappo_no_han_train_eval,False,,6.198134580498121,6.198134580498121,6.198134580498121,15.730078125,15.730078125,15.730078125,0.7539047186492653,0.7539047186492653,0.7539047186492653,0.24580477014253677,0.24580477014253677,0.24580477014253677,0.9987936127475722,0.9987936127475722,0.9987936127475722,0.9987936127475722,0.9987936127475722,0.9987936127475722,0.7529888426050354,0.7529888426050354,0.7529888426050354,11179.666145795874,11179.666145795874,11179.666145795874,46.8,46.8,46.8,7131.6,7131.6,7131.6,20480.0,20480.0,20480.0,/home/pjpjq/LEO_switch/results/multiseed_0907/seed43/u40/learned_baselines/mappo_no_han/training_history.json,/home/pjpjq/LEO_switch/results/multiseed_0907/seed43/u40/learned_baselines/mappo_no_han/best_model.pt,150000.0,150000.0,150000.0,,,,,,,,
40,maddpg,MADDPG,1,0.6811248599162139,0.6811248599162139,0.6811248599162139,0.918691826496479,0.918691826496479,0.918691826496479,3.7637689966396968,3.7637689966396968,3.7637689966396968,0.6811248599162139,0.6811248599162139,0.6811248599162139,2.295084152700496,2.295084152700496,2.295084152700496,1,0.021621093749999997,0.021621093749999997,0.021621093749999997,442.8,442.8,442.8,4851.4,4851.4,4851.4,0.31731491704440984,0.31731491704440984,0.31731491704440984,2263.8,2263.8,2263.8,1.5061030562395805,1.5061030562395805,1.5061030562395805,2.2119355805967373,2.2119355805967373,2.2119355805967373,1,5.0,5.0,5.0,1.8,1.8,1.8,9.8,9.8,9.8,0.28185774652914625,0.28185774652914625,0.28185774652914625,1.8,1.8,1.8,0.01701171875,0.01701171875,0.01701171875,306.6,306.6,306.6,304.8,304.8,304.8,0.0026861783209999723,0.0026861783209999723,0.0026861783209999723,0.014882812499999998,0.014882812499999998,0.014882812499999998,207.96000640392305,207.96000640392305,207.96000640392305,0.0,0.0,0.0,0.997313821679,0.997313821679,0.997313821679,0.89296875,0.89296875,0.89296875,False,0.8757089707107248,0.8757089707107248,0.8757089707107248,0.6811248599162139,0.6811248599162139,0.6811248599162139,0.047419907302375906,0.047419907302375906,0.047419907302375906,2560.0,2560.0,2560.0,0.0,0.0,0.0,1.0,1.0,1.0,20.03073393224331,20.03073393224331,20.03073393224331,0.6811248599162139,0.6811248599162139,0.6811248599162139,1.8,1.8,1.8,4.8440595949931895,4.8440595949931895,4.8440595949931895,1,-40.78128310661294,-40.78128310661294,-40.78128310661294,-21.16143341191725,-21.16143341191725,-21.16143341191725,-0.009000000000000003,-0.009000000000000003,-0.009000000000000003,-4.880700184497982,-4.880700184497982,-4.880700184497982,-56.83999999999785,-56.83999999999785,-56.83999999999785,0.0009261176932092345,0.0009261176932092345,0.0009261176932092345,6.6,6.6,6.6,0.0,0.0,0.0,,0.8757089707107248,0.8757089707107248,0.8757089707107248,41.8,41.8,41.8,41.8,41.8,41.8,7125.0,7125.0,7125.0,22.418149650194614,22.418149650194614,22.418149650194614,121.28500000001046,121.28500000001046,121.28500000001046,reward,20.03073393224331,20.03073393224331,20.03073393224331,0.9783789062499999,0.9783789062499999,0.9783789062499999,0.9682246091146954,0.9682246091146954,0.9682246091146954,650.7600053310395,650.7600053310395,650.7600053310395,maddpg_train_eval,False,,4.001631044827773,4.001631044827773,4.001631044827773,14.2130859375,14.2130859375,14.2130859375,0.6810148497739958,0.6810148497739958,0.6810148497739958,0.31868759528629914,0.31868759528629914,0.31868759528629914,0.9990738823067907,0.9990738823067907,0.9990738823067907,0.9990738823067907,0.9990738823067907,0.9990738823067907,0.6803862870204916,0.6803862870204916,0.6803862870204916,10730.984275707011,10730.984275707011,10730.984275707011,306.6,306.6,306.6,7131.6,7131.6,7131.6,20480.0,20480.0,20480.0,/home/pjpjq/LEO_switch/results/multiseed_0907/seed43/u40/learned_baselines/maddpg/training_history.json,/home/pjpjq/LEO_switch/results/multiseed_0907/seed43/u40/learned_baselines/maddpg/maddpg_model.pt,150000.0,150000.0,150000.0,/home/pjpjq/LEO_switch/results/multiseed_0907/seed43/u40/learned_baselines/maddpg/maddpg_training.log,20.03073393224331,20.03073393224331,20.03073393224331,,,,
40,min_distance,Min-Distance,1,0.3505892714141028,0.3505892714141028,0.3505892714141028,0.3986664141551352,0.3986664141551352,0.3986664141551352,4.257220543557326,4.257220543557326,4.257220543557326,0.3505892714141028,0.3505892714141028,0.3505892714141028,2.2805094047247296,2.2805094047247296,2.2805094047247296,1,0.020048828125,0.020048828125,0.020048828125,410.6,410.6,410.6,4464.2,4464.2,4464.2,0.37300937387577304,0.37300937387577304,0.37300937387577304,2660.6,2660.6,2660.6,1.7033987133228095,1.7033987133228095,1.7033987133228095,2.7187528587804493,2.7187528587804493,2.7187528587804493,1,5.0,5.0,5.0,0.0,0.0,0.0,0.4,0.4,0.4,0.08708345419580796,0.08708345419580796,0.08708345419580796,0.0,0.0,0.0,0.00357421875,0.00357421875,0.00357421875,67.0,67.0,67.0,67.0,67.0,67.0,0.0,0.0,0.0,0.003271484375,0.003271484375,0.003271484375,43.92000172138214,43.92000172138214,43.92000172138214,0.0,0.0,0.0,1.0,1.0,1.0,0.1962890625,0.1962890625,0.1962890625,False,0.5972641083205367,0.5972641083205367,0.5972641083205367,0.3505892714141028,0.3505892714141028,0.3505892714141028,0.12020877522334139,0.12020877522334139,0.12020877522334139,2560.0,2560.0,2560.0,0.0,0.0,0.0,1.0,1.0,1.0,-1.2577421867594238,-1.2577421867594238,-1.2577421867594238,0.3505892714141028,0.3505892714141028,0.3505892714141028,0.0,0.0,0.0,4.976288439250777,4.976288439250777,4.976288439250777,1,-37.19235970095561,-37.19235970095561,-37.19235970095561,-21.026442126138953,-21.026442126138953,-21.026442126138953,0.0,0.0,0.0,-3.408900117315352,-3.408900117315352,-3.408900117315352,-66.52499999999802,-66.52499999999802,-66.52499999999802,0.0008981440258950179,0.0008981440258950179,0.0008981440258950179,6.4,6.4,6.4,0.0,0.0,0.0,,0.5972641083205367,0.5972641083205367,0.5972641083205367,6.2,6.2,6.2,6.2,6.2,6.2,7125.2,7125.2,7125.2,15.28996117300579,15.28996117300579,15.28996117300579,111.60500000000825,111.60500000000825,111.60500000000825,reward,-1.2577421867594238,-1.2577421867594238,-1.2577421867594238,0.979951171875,0.979951171875,0.979951171875,0.9778066407213919,0.9778066407213919,0.9778066407213919,454.51999802589415,454.51999802589415,454.51999802589415,heuristic_eval,False,,3.7349849458616746,3.7349849458616746,3.7349849458616746,13.0787109375,13.0787109375,13.0787109375,0.6265988495612924,0.6265988495612924,0.6265988495612924,0.37306530228740614,0.37306530228740614,0.37306530228740614,0.9991018559741051,0.9991018559741051,0.9991018559741051,0.9991018559741051,0.9991018559741051,0.9991018559741051,0.6260365536866989,0.6260365536866989,0.6260365536866989,12137.056512167681,12137.056512167681,12137.056512167681,67.0,67.0,67.0,7131.6,7131.6,7131.6,20480.0,20480.0,20480.0,,,,,,,,,,min_distance(best_offload=1.00),1.0,1.0,1.0
40,full_local,Full-Local,1,1.0,1.0,1.0,0.0,0.0,0.0,5.231948281492384,5.231948281492384,5.231948281492384,1.0,1.0,1.0,2.221198891725501,2.221198891725501,2.221198891725501,1,0.7155957031250001,0.7155957031250001,0.7155957031250001,14655.4,14655.4,14655.4,3695.2,3695.2,3695.2,0.48175667195513217,0.48175667195513217,0.48175667195513217,3436.4,3436.4,3436.4,2.099895567329094,2.099895567329094,2.099895567329094,4.052721159332152,4.052721159332152,4.052721159332152,1,5.0,5.0,5.0,0.0,0.0,0.0,0.0,0.0,0.0,1.0,1.0,1.0,0.0,0.0,0.0,0.0,0.0,0.0,0.0,0.0,0.0,0.0,0.0,0.0,0.0,0.0,0.0,0.0,0.0,0.0,0.0,0.0,0.0,0.0,0.0,0.0,0.0,0.0,0.0,0.0,0.0,0.0,False,0.0,0.0,0.0,1.0,1.0,1.0,0.0,0.0,0.0,0.0,0.0,0.0,1.0,1.0,1.0,0.0,0.0,0.0,-154.4494868280577,-154.4494868280577,-154.4494868280577,1.0,1.0,1.0,0.0,0.0,0.0,5.385321329369944,5.385321329369944,5.385321329369944,1,-29.779812500301354,-29.779812500301354,-29.779812500301354,-21.224176829452382,-21.224176829452382,-21.224176829452382,0.0,0.0,0.0,-109.91550392210483,-109.91550392210483,-109.91550392210483,-85.9100000000024,-85.9100000000024,-85.9100000000024,0.0,0.0,0.0,0.0,0.0,0.0,0.0,0.0,0.0,,0.0,0.0,0.0,0.0,0.0,0.0,0.0,0.0,0.0,7131.6,7131.6,7131.6,0.0,0.0,0.0,92.38000000000388,92.38000000000388,92.38000000000388,reward,-154.4494868280577,-154.4494868280577,-154.4494868280577,0.284404296875,0.284404296875,0.284404296875,0.284404296875,0.284404296875,0.284404296875,14655.4,14655.4,14655.4,heuristic_eval,False,,10.825503647031828,10.825503647031828,10.825503647031828,10.82578125,10.82578125,10.82578125,0.5182433280448678,0.5182433280448678,0.5182433280448678,0.48175667195513217,0.48175667195513217,0.48175667195513217,1.0,1.0,1.0,1.0,1.0,1.0,0.5182433280448678,0.5182433280448678,0.5182433280448678,14975.615227964168,14975.615227964168,14975.615227964168,0.0,0.0,0.0,7131.6,7131.6,7131.6,20480.0,20480.0,20480.0,,,,,,,,,,,,,
