num_users,method,display_name,seed_count,active_load_balance_score,active_load_balance_score_ci_low,active_load_balance_score_ci_high,active_mec_load_fairness,active_mec_load_fairness_ci_low,active_mec_load_fairness_ci_high,avg_delay,avg_delay_ci_low,avg_delay_ci_high,avg_load_balance_score,avg_load_balance_score_ci_low,avg_load_balance_score_ci_high,avg_success_delay,avg_success_delay_ci_low,avg_success_delay_ci_high,avg_success_delay_sample_count,blocked_time_ratio,blocked_time_ratio_ci_low,blocked_time_ratio_ci_high,blocked_user_seconds,blocked_user_seconds_ci_low,blocked_user_seconds_ci_high,completed_tasks,completed_tasks_ci_low,completed_tasks_ci_high,deadline_violation_rate,deadline_violation_rate_ci_low,deadline_violation_rate_ci_high,deadline_violations,deadline_violations_ci_low,deadline_violations_ci_high,energy_per_resolved_task,energy_per_resolved_task_ci_low,energy_per_resolved_task_ci_high,energy_per_successful_task,energy_per_successful_task_ci_low,energy_per_successful_task_ci_high,energy_per_successful_task_sample_count,episodes,episodes_ci_low,episodes_ci_high,failed_handovers,failed_handovers_ci_low,failed_handovers_ci_high,failed_tasks,failed_tasks_ci_low,failed_tasks_ci_high,forced_termination_rate,forced_termination_rate_ci_low,forced_termination_rate_ci_high,handover_aborted,handover_aborted_ci_low,handover_aborted_ci_high,handover_action_rate,handover_action_rate_ci_low,handover_action_rate_ci_high,handover_attempts,handover_attempts_ci_low,handover_attempts_ci_high,handover_committed,handover_committed_ci_low,handover_committed_ci_high,handover_failure_rate,handover_failure_rate_ci_low,handover_failure_rate_ci_high,handover_frequency,handover_frequency_ci_low,handover_frequency_ci_high,handover_interruption_seconds,handover_interruption_seconds_ci_low,handover_interruption_seconds_ci_high,handover_radio_failures,handover_radio_failures_ci_low,handover_radio_failures_ci_high,handover_success_rate,handover_success_rate_ci_low,handover_success_rate_ci_high,handovers_per_user_minute,handovers_per_user_minute_ci_low,handovers_per_user_minute_ci_high,is_system,jain_mec_load_fairness,jain_mec_load_fairness_ci_low,jain_mec_load_fairness_ci_high,load_balance_coefficient,load_balance_coefficient_ci_low,load_balance_coefficient_ci_high,load_balance_variance,load_balance_variance_ci_low,load_balance_variance_ci_high,load_variance_sample_count,load_variance_sample_count_ci_low,load_variance_sample_count_ci_high,local_compute_rate,local_compute_rate_ci_low,local_compute_rate_ci_high,mean_offload_ratio,mean_offload_ratio_ci_low,mean_offload_ratio_ci_high,mean_reward,mean_reward_ci_low,mean_reward_ci_high,mec_load_fairness,mec_load_fairness_ci_low,mec_load_fairness_ci_high,migration_rejections,migration_rejections_ci_low,migration_rejections_ci_high,p95_success_delay,p95_success_delay_ci_low,p95_success_delay_ci_high,p95_success_delay_sample_count,penalty_delay,penalty_delay_ci_low,penalty_delay_ci_high,penalty_energy,penalty_energy_ci_low,penalty_energy_ci_high,penalty_failed_handover,penalty_failed_handover_ci_low,penalty_failed_handover_ci_high,penalty_service_interruption,penalty_service_interruption_ci_low,penalty_service_interruption_ci_high,penalty_task_failure,penalty_task_failure_ci_low,penalty_task_failure_ci_high,pending_task_rate,pending_task_rate_ci_low,pending_task_rate_ci_high,pending_tasks,pending_tasks_ci_low,pending_tasks_ci_high,primary_metric_win_count,primary_metric_win_count_ci_low,primary_metric_win_count_ci_high,primary_metric_wins_text,reachable_jain_mec_load_fairness,reachable_jain_mec_load_fairness_ci_low,reachable_jain_mec_load_fairness_ci_high,reconnection_attempts,reconnection_attempts_ci_low,reconnection_attempts_ci_high,reconnections,reconnections_ci_low,reconnections_ci_high,resolved_tasks,resolved_tasks_ci_low,resolved_tasks_ci_high,reward_load_balance,reward_load_balance_ci_low,reward_load_balance_ci_high,reward_task_success,reward_task_success_ci_low,reward_task_success_ci_high,selection_metric,selection_score,selection_score_ci_low,selection_score_ci_high,service_availability_rate,service_availability_rate_ci_low,service_availability_rate_ci_high,service_continuity_rate,service_continuity_rate_ci_low,service_continuity_rate_ci_high,service_interruption_seconds,service_interruption_seconds_ci_low,service_interruption_seconds_ci_high,source,source_is_system,std_reward,std_reward_ci_low,std_reward_ci_high,successful_task_throughput,successful_task_throughput_ci_low,successful_task_throughput_ci_high,task_completion_rate,task_completion_rate_ci_low,task_completion_rate_ci_high,task_failure_rate,task_failure_rate_ci_low,task_failure_rate_ci_high,task_resolution_rate,task_resolution_rate_ci_low,task_resolution_rate_ci_high,task_settlement_rate,task_settlement_rate_ci_low,task_settlement_rate_ci_high,task_success_rate,task_success_rate_ci_low,task_success_rate_ci_high,total_energy,total_energy_ci_low,total_energy_ci_high,total_handovers,total_handovers_ci_low,total_handovers_ci_high,total_tasks,total_tasks_ci_low,total_tasks_ci_high,total_user_seconds,total_user_seconds_ci_low,total_user_seconds_ci_high,training_history,checkpoint,trained_timesteps,trained_timesteps_ci_low,trained_timesteps_ci_high,training_log,best_training_eval_reward,best_training_eval_reward_ci_low,best_training_eval_reward_ci_high,method_variant,selected_offload,selected_offload_ci_low,selected_offload_ci_high,decision_time_mean_ms,decision_time_mean_ms_ci_low,decision_time_mean_ms_ci_high,decision_time_p95_ms,decision_time_p95_ms_ci_low,decision_time_p95_ms_ci_high
20,han_mappo_latency_priority_multiuser_u20,HAN+MAPPO,1,0.541468345624879,0.541468345624879,0.541468345624879,0.6324407813568624,0.6324407813568624,0.6324407813568624,2.0144237966869736,2.0144237966869736,2.0144237966869736,0.541468345624879,0.541468345624879,0.541468345624879,1.720971860341478,1.720971860341478,1.720971860341478,1,0.02103515625,0.02103515625,0.02103515625,215.4,215.4,215.4,3289.8,3289.8,3289.8,0.07237251910430748,0.07237251910430748,0.07237251910430748,257.6,257.6,257.6,1.092809600387285,1.092809600387285,1.092809600387285,1.1795753209846338,1.1795753209846338,1.1795753209846338,1,5.0,5.0,5.0,0.0,0.0,0.0,3.6,3.6,3.6,0.3922391853609828,0.3922391853609828,0.3922391853609828,0.0,0.0,0.0,0.004921875,0.004921875,0.004921875,30.8,30.8,30.8,30.8,30.8,30.8,0.0,0.0,0.0,0.0030078124999999996,0.0030078124999999996,0.0030078124999999996,30.24000120162964,30.24000120162964,30.24000120162964,0.0,0.0,0.0,1.0,1.0,1.0,0.18046875,0.18046875,0.18046875,False,0.7254264584858724,0.7254264584858724,0.7254264584858724,0.541468345624879,0.541468345624879,0.541468345624879,0.07436605099231568,0.07436605099231568,0.07436605099231568,2534.0,2534.0,2534.0,0.65859375,0.65859375,0.65859375,0.25450098514556885,0.25450098514556885,0.25450098514556885,94.4983577659179,94.4983577659179,94.4983577659179,0.541468345624879,0.541468345624879,0.541468345624879,0.0,0.0,0.0,3.81548816753721,3.81548816753721,3.81548816753721,1,-41.86894979908349,-41.86894979908349,-41.86894979908349,-29.77312431504597,-29.77312431504597,-29.77312431504597,0.0,0.0,0.0,-3.6846001485362647,-3.6846001485362647,-3.6846001485362647,-13.06000000000006,-13.06000000000006,-13.06000000000006,0.0013529733514982979,0.0013529733514982979,0.0013529733514982979,4.8,4.8,4.8,0.0,0.0,0.0,,0.7254264584858724,0.7254264584858724,0.7254264584858724,19.6,19.6,19.6,19.6,19.6,19.6,3551.0,3551.0,3551.0,18.395029671015244,18.395029671015244,18.395029671015244,164.49000000000314,164.49000000000314,164.49000000000314,reward,94.4983577659179,94.4983577659179,94.4983577659179,0.97896484375,0.97896484375,0.97896484375,0.9760117186745628,0.9760117186745628,0.9760117186745628,245.64000077247618,245.64000077247618,245.64000077247618,checkpoint_eval,True,7.1465222036337765,7.1465222036337765,7.1465222036337765,19.276171875,19.276171875,19.276171875,0.9265145079647699,0.9265145079647699,0.9265145079647699,0.0733813148346713,0.0733813148346713,0.0733813148346713,0.9986470266485018,0.9986470266485018,0.9986470266485018,0.9986470266485018,0.9986470266485018,0.9986470266485018,0.9252657118138305,0.9252657118138305,0.9252657118138305,3880.5668909752485,3880.5668909752485,3880.5668909752485,30.8,30.8,30.8,3555.8,3555.8,3555.8,10240.0,10240.0,10240.0,/home/pjpjq/LEO_switch/results/full_train_latency_priority_multiuser_u20_multiuser_single_seed_150k_20260804/training_history.json,,,,,,,,,,,,,,,,,,
20,han_pdqn,HAN+PDQN,1,0.5478781006180684,0.5478781006180684,0.5478781006180684,0.36772300383660644,0.36772300383660644,0.36772300383660644,1.6578600398403947,1.6578600398403947,1.6578600398403947,0.5478781006180684,0.5478781006180684,0.5478781006180684,1.5413930127897264,1.5413930127897264,1.5413930127897264,1,0.019785156249999998,0.019785156249999998,0.019785156249999998,202.6,202.6,202.6,3423.0,3423.0,3423.0,0.03656999954103062,0.03656999954103062,0.03656999954103062,130.0,130.0,130.0,0.911961581248916,0.911961581248916,0.911961581248916,0.9468095435122401,0.9468095435122401,0.9468095435122401,1,5.0,5.0,5.0,0.0,0.0,0.0,0.8,0.8,0.8,0.060607195142940454,0.060607195142940454,0.060607195142940454,0.0,0.0,0.0,0.01044921875,0.01044921875,0.01044921875,101.0,101.0,101.0,101.0,101.0,101.0,0.0,0.0,0.0,0.00986328125,0.00986328125,0.00986328125,64.20000250339508,64.20000250339508,64.20000250339508,0.0,0.0,0.0,1.0,1.0,1.0,0.591796875,0.591796875,0.591796875,True,0.6198394025414291,0.6198394025414291,0.6198394025414291,0.5478781006180684,0.5478781006180684,0.5478781006180684,0.0730228528980091,0.0730228528980091,0.0730228528980091,2338.0,2338.0,2338.0,0.49888671875,0.49888671875,0.49888671875,0.4880737066268921,0.4880737066268921,0.4880737066268921,108.96153841475025,108.96153841475025,108.96153841475025,0.5478781006180684,0.5478781006180684,0.5478781006180684,0.0,0.0,0.0,3.5582008086929897,3.5582008086929897,3.5582008086929897,1,-39.390374300261854,-39.390374300261854,-39.390374300261854,-26.7761971472929,-26.7761971472929,-26.7761971472929,0.0,0.0,0.0,-4.002000157348812,-4.002000157348812,-4.002000157348812,-6.539999999999987,-6.539999999999987,-6.539999999999987,0.0005646630257913158,0.0005646630257913158,0.0005646630257913158,2.0,2.0,2.0,6.0,6.0,6.0,Successful-Task Delay | P95 Successful-Task Delay | Task Success | Deadline Violation | Successful Task Throughput | Energy per Successful Task,0.6198394025414291,0.6198394025414291,0.6198394025414291,6.0,6.0,6.0,6.0,6.0,6.0,3553.8,3553.8,3553.8,14.520107208723596,14.520107208723596,14.520107208723596,171.1500000000047,171.1500000000047,171.1500000000047,reward,108.96153841475025,108.96153841475025,108.96153841475025,0.98021484375,0.98021484375,0.98021484375,0.9739453124161809,0.9739453124161809,0.9739453124161809,266.8000008583069,266.8000008583069,266.8000008583069,han_pdqn_train_eval,False,4.258117220653691,4.258117220653691,4.258117220653691,20.056640625,20.056640625,20.056640625,0.9631841429465091,0.9631841429465091,0.9631841429465091,0.03679628513007531,0.03679628513007531,0.03679628513007531,0.9994353369742086,0.9994353369742086,0.9994353369742086,0.9994353369742086,0.9994353369742086,0.9994353369742086,0.9626390518441335,0.9626390518441335,0.9626390518441335,3240.929067442398,3240.929067442398,3240.929067442398,101.0,101.0,101.0,3555.8,3555.8,3555.8,10240.0,10240.0,10240.0,D:\python_code\LEO_switch\results\multiseed_0907\seed42\u20\learned_baselines\han_pdqn\training_history.json,/home/pjpjq/LEO_switch/results/baseline_compare/multiuser_scaling_multiuser_single_seed_150k_20260804/u20/learned_baselines/han_pdqn/best_model.pt,150000.0,150000.0,150000.0,,,,,,,,,,,,,,
20,pdqn,PDQN,1,0.4679565063730335,0.4679565063730335,0.4679565063730335,0.31488216554200693,0.31488216554200693,0.31488216554200693,1.8168839617985533,1.8168839617985533,1.8168839617985533,0.4679565063730335,0.4679565063730335,0.4679565063730335,1.6343071727325806,1.6343071727325806,1.6343071727325806,1,0.021503906250000003,0.021503906250000003,0.021503906250000003,220.2,220.2,220.2,3352.2,3352.2,3352.2,0.05667622609229171,0.05667622609229171,0.05667622609229171,201.4,201.4,201.4,0.9206407427023697,0.9206407427023697,0.9206407427023697,0.9761175728514893,0.9761175728514893,0.9761175728514893,1,5.0,5.0,5.0,18.2,18.2,18.2,0.6,0.6,0.6,0.11367731539509092,0.11367731539509092,0.11367731539509092,18.2,18.2,18.2,0.0128125,0.0128125,0.0128125,118.8,118.8,118.8,100.6,100.6,100.6,0.14780247067425994,0.14780247067425994,0.14780247067425994,0.00982421875,0.00982421875,0.00982421875,67.80000271797181,67.80000271797181,67.80000271797181,18.0,18.0,18.0,0.8521975293257402,0.8521975293257402,0.8521975293257402,0.589453125,0.589453125,0.589453125,False,0.6078939201183458,0.6078939201183458,0.6078939201183458,0.4679565063730335,0.4679565063730335,0.4679565063730335,0.0906095465562392,0.0906095465562392,0.0906095465562392,2217.0,2217.0,2217.0,0.3686328125,0.3686328125,0.3686328125,0.6029826998710632,0.6029826998710632,0.6029826998710632,98.8993690910509,98.8993690910509,98.8993690910509,0.4679565063730335,0.4679565063730335,0.4679565063730335,0.2,0.2,0.2,3.8746211599234917,3.8746211599234917,3.8746211599234917,1,-40.587435963372954,-40.587435963372954,-40.587435963372954,-27.009300188503897,-27.009300188503897,-27.009300188503897,-0.1820000000000001,-0.1820000000000001,-0.1820000000000001,-4.320000170730054,-4.320000170730054,-4.320000170730054,-10.100000000000014,-10.100000000000014,-10.100000000000014,0.00045307922497422475,0.00045307922497422475,0.00045307922497422475,1.6,1.6,1.6,0.0,0.0,0.0,,0.6078939201183458,0.6078939201183458,0.6078939201183458,12.4,12.4,12.4,12.4,12.4,12.4,3554.2,3554.2,3554.2,13.488103554607596,13.488103554607596,13.488103554607596,167.61000000000388,167.61000000000388,167.61000000000388,reward,98.8993690910509,98.8993690910509,98.8993690910509,0.9784960937500001,0.9784960937500001,0.9784960937500001,0.9718749999324791,0.9718749999324791,0.9718749999324791,288.0000006914139,288.0000006914139,288.0000006914139,pdqn_train_eval,False,5.727381511858641,5.727381511858641,5.727381511858641,19.641796875,19.641796875,19.641796875,0.9431264717431687,0.9431264717431687,0.9431264717431687,0.056846137975049296,0.056846137975049296,0.056846137975049296,0.9995469207750258,0.9995469207750258,0.9995469207750258,0.9995469207750258,0.9995469207750258,0.9995469207750258,0.9427007827999766,0.9427007827999766,0.9427007827999766,3272.141327712762,3272.141327712762,3272.141327712762,118.8,118.8,118.8,3555.8,3555.8,3555.8,10240.0,10240.0,10240.0,D:\python_code\LEO_switch\results\multiseed_0907\seed42\u20\learned_baselines\pdqn\training_history.json,/home/pjpjq/LEO_switch/results/baseline_compare/multiuser_scaling_multiuser_single_seed_150k_20260804/u20/learned_baselines/pdqn/best_model.pt,150000.0,150000.0,150000.0,/home/pjpjq/LEO_switch/results/baseline_compare/multiuser_scaling_multiuser_single_seed_150k_20260804/u20/learned_baselines/pdqn/pdqn_training.log,,,,,,,,,,,,,
20,mappo_no_han,MAPPO,1,0.4823261550208471,0.4823261550208471,0.4823261550208471,0.5541251640831213,0.5541251640831213,0.5541251640831213,2.1934830131830347,2.1934830131830347,2.1934830131830347,0.4823261550208471,0.4823261550208471,0.4823261550208471,1.801739744159553,1.801739744159553,1.801739744159553,1,0.021269531249999998,0.021269531249999998,0.021269531249999998,217.8,217.8,217.8,3192.6,3192.6,3192.6,0.09940329627732972,0.09940329627732972,0.09940329627732972,354.2,354.2,354.2,1.0320728480200672,1.0320728480200672,1.0320728480200672,1.1478036253148063,1.1478036253148063,1.1478036253148063,1,5.0,5.0,5.0,0.0,0.0,0.0,3.8,3.8,3.8,0.34533043894948956,0.34533043894948956,0.34533043894948956,0.0,0.0,0.0,0.00642578125,0.00642578125,0.00642578125,45.4,45.4,45.4,45.4,45.4,45.4,0.0,0.0,0.0,0.00443359375,0.00443359375,0.00443359375,39.48000156879425,39.48000156879425,39.48000156879425,0.0,0.0,0.0,1.0,1.0,1.0,0.266015625,0.266015625,0.266015625,False,0.6935515984227886,0.6935515984227886,0.6935515984227886,0.4823261550208471,0.4823261550208471,0.4823261550208471,0.08730768246005086,0.08730768246005086,0.08730768246005086,2521.0,2521.0,2521.0,0.7640625,0.7640625,0.7640625,0.19844917953014374,0.19844917953014374,0.19844917953014374,85.85761235901154,85.85761235901154,85.85761235901154,0.4823261550208471,0.4823261550208471,0.4823261550208471,0.0,0.0,0.0,4.010822766821513,4.010822766821513,4.010822766821513,1,-42.207780704559525,-42.207780704559525,-42.207780704559525,-27.30769897886109,-27.30769897886109,-27.30769897886109,0.0,0.0,0.0,-3.8592001570388677,-3.8592001570388677,-3.8592001570388677,-17.90000000000012,-17.90000000000012,-17.90000000000012,0.0014613669084531894,0.0014613669084531894,0.0014613669084531894,5.2,5.2,5.2,0.0,0.0,0.0,,0.6935515984227886,0.6935515984227886,0.6935515984227886,20.4,20.4,20.4,20.4,20.4,20.4,3550.6,3550.6,3550.6,17.502290288797717,17.502290288797717,17.502290288797717,159.63000000000204,159.63000000000204,159.63000000000204,reward,85.85761235901154,85.85761235901154,85.85761235901154,0.97873046875,0.97873046875,0.97873046875,0.9748749999282882,0.9748749999282882,0.9748749999282882,257.28000073432924,257.28000073432924,257.28000073432924,mappo_no_han_train_eval,False,9.577997720784243,9.577997720784243,9.577997720784243,18.706640625,18.706640625,18.706640625,0.8993778679055275,0.8993778679055275,0.8993778679055275,0.10046857262099448,0.10046857262099448,0.10046857262099448,0.9985386330915468,0.9985386330915468,0.9985386330915468,0.9985386330915468,0.9985386330915468,0.9985386330915468,0.8980700604705524,0.8980700604705524,0.8980700604705524,3664.47785418005,3664.47785418005,3664.47785418005,45.4,45.4,45.4,3555.8,3555.8,3555.8,10240.0,10240.0,10240.0,D:\python_code\LEO_switch\results\multiseed_0907\seed42\u20\learned_baselines\mappo_no_han\training_history.json,/home/pjpjq/LEO_switch/results/baseline_compare/multiuser_scaling_multiuser_single_seed_150k_20260804/u20/learned_baselines/mappo_no_han/best_model.pt,150000.0,150000.0,150000.0,,,,,,,,,,,,,,
20,maddpg,MADDPG,1,0.4755552699801591,0.4755552699801591,0.4755552699801591,0.6064918396997916,0.6064918396997916,0.6064918396997916,2.980088121219692,2.980088121219692,2.980088121219692,0.4755552699801591,0.4755552699801591,0.4755552699801591,2.222117452426704,2.222117452426704,2.222117452426704,1,0.022343750000000002,0.022343750000000002,0.022343750000000002,228.8,228.8,228.8,2742.8,2742.8,2742.8,0.22552920842871224,0.22552920842871224,0.22552920842871224,802.2,802.2,802.2,1.1334994479794998,1.1334994479794998,1.1334994479794998,1.4668378812375806,1.4668378812375806,1.4668378812375806,1,5.0,5.0,5.0,0.0,0.0,0.0,4.4,4.4,4.4,0.4180011609519806,0.4180011609519806,0.4180011609519806,0.0,0.0,0.0,0.00435546875,0.00435546875,0.00435546875,27.0,27.0,27.0,27.0,27.0,27.0,0.0,0.0,0.0,0.00263671875,0.00263671875,0.00263671875,26.760001039505006,26.760001039505006,26.760001039505006,0.0,0.0,0.0,1.0,1.0,1.0,0.158203125,0.158203125,0.158203125,False,0.712866408581849,0.712866408581849,0.712866408581849,0.4755552699801591,0.4755552699801591,0.4755552699801591,0.08885548726800534,0.08885548726800534,0.08885548726800534,2560.0,2560.0,2560.0,0.0,0.0,0.0,1.0,1.0,1.0,46.26350657142084,46.26350657142084,46.26350657142084,0.4755552699801591,0.4755552699801591,0.4755552699801591,0.0,0.0,0.0,4.452158862186003,4.452158862186003,4.452158862186003,1,-44.90027530803383,-44.90027530803383,-44.90027530803383,-20.0621986722511,-20.0621986722511,-20.0621986722511,0.0,0.0,0.0,-3.833400150388479,-3.833400150388479,-3.833400150388479,-40.32999999999985,-40.32999999999985,-40.32999999999985,0.0018016862232854984,0.0018016862232854984,0.0018016862232854984,6.4,6.4,6.4,0.0,0.0,0.0,,0.712866408581849,0.712866408581849,0.712866408581849,17.6,17.6,17.6,17.6,17.6,17.6,3549.4,3549.4,3549.4,18.249380059695405,18.249380059695405,18.249380059695405,137.13999999999695,137.13999999999695,137.13999999999695,reward,46.26350657142084,46.26350657142084,46.26350657142084,0.9776562500000001,0.9776562500000001,0.9776562500000001,0.9750429686740972,0.9750429686740972,0.9750429686740972,255.56000077724457,255.56000077724457,255.56000077724457,maddpg_train_eval,False,4.706143894349143,4.706143894349143,4.706143894349143,16.07109375,16.07109375,16.07109375,0.7728301433244995,0.7728301433244995,0.7728301433244995,0.22676212224837095,0.22676212224837095,0.22676212224837095,0.9981983137767145,0.9981983137767145,0.9981983137767145,0.9981983137767145,0.9981983137767145,0.9981983137767145,0.7714361915283435,0.7714361915283435,0.7714361915283435,4023.2429406584365,4023.2429406584365,4023.2429406584365,27.0,27.0,27.0,3555.8,3555.8,3555.8,10240.0,10240.0,10240.0,D:\python_code\LEO_switch\results\multiseed_0907\seed42\u20\learned_baselines\maddpg\training_history.json,/home/pjpjq/LEO_switch/results/baseline_compare/multiuser_scaling_multiuser_single_seed_150k_20260804/u20/learned_baselines/maddpg/maddpg_model.pt,150000.0,150000.0,150000.0,/home/pjpjq/LEO_switch/results/baseline_compare/multiuser_scaling_multiuser_single_seed_150k_20260804/u20/learned_baselines/maddpg/maddpg_training.log,46.26350657142084,46.26350657142084,46.26350657142084,,,,,,,,,,
20,min_distance,Min-Distance,1,0.30616185950124863,0.30616185950124863,0.30616185950124863,0.2648354070370469,0.2648354070370469,0.2648354070370469,3.400820141046995,3.400820141046995,3.400820141046995,0.30616185950124863,0.30616185950124863,0.30616185950124863,2.2650847444138926,2.2650847444138926,2.2650847444138926,1,0.019453124999999998,0.019453124999999998,0.019453124999999998,199.2,199.2,199.2,2557.8,2557.8,2557.8,0.2788927035325632,0.2788927035325632,0.2788927035325632,991.8,991.8,991.8,1.357197910893153,1.357197910893153,1.357197910893153,1.883882814463621,1.883882814463621,1.883882814463621,1,5.0,5.0,5.0,0.0,0.0,0.0,0.8,0.8,0.8,0.09133712660028451,0.09133712660028451,0.09133712660028451,0.0,0.0,0.0,0.00365234375,0.00365234375,0.00365234375,34.0,34.0,34.0,34.0,34.0,34.0,0.0,0.0,0.0,0.0033203125,0.0033203125,0.0033203125,22.440000891685486,22.440000891685486,22.440000891685486,0.0,0.0,0.0,1.0,1.0,1.0,0.19921875,0.19921875,0.19921875,False,0.5530902581000159,0.5530902581000159,0.5530902581000159,0.30616185950124863,0.30616185950124863,0.30616185950124863,0.13280094948640017,0.13280094948640017,0.13280094948640017,2560.0,2560.0,2560.0,0.0,0.0,0.0,1.0,1.0,1.0,26.020196170999405,26.020196170999405,26.020196170999405,0.30616185950124863,0.30616185950124863,0.30616185950124863,0.0,0.0,0.0,4.613392185452939,4.613392185452939,4.613392185452939,1,-42.53558005710836,-42.53558005710836,-42.53558005710836,-20.538733742523853,-20.538733742523853,-20.538733742523853,0.0,0.0,0.0,-3.3246001336723565,-3.3246001336723565,-3.3246001336723565,-49.62999999999931,-49.62999999999931,-49.62999999999931,0.0015213577401333809,0.0015213577401333809,0.0015213577401333809,5.4,5.4,5.4,0.0,0.0,0.0,,0.5530902581000159,0.5530902581000159,0.5530902581000159,3.4,3.4,3.4,3.4,3.4,3.4,3550.4,3550.4,3550.4,14.159110607360494,14.159110607360494,14.159110607360494,127.8899999999951,127.8899999999951,127.8899999999951,reward,26.020196170999405,26.020196170999405,26.020196170999405,0.9805468750000002,0.9805468750000002,0.9805468750000002,0.9783554687676951,0.9783554687676951,0.9783554687676951,221.63999981880187,221.63999981880187,221.63999981880187,heuristic_eval,False,3.4797336348755965,3.4797336348755965,3.4797336348755965,14.987109375,14.987109375,14.987109375,0.7204580590537722,0.7204580590537722,0.7204580590537722,0.2791165705503248,0.2791165705503248,0.2791165705503248,0.9984786422598667,0.9984786422598667,0.9984786422598667,0.9984786422598667,0.9984786422598667,0.9984786422598667,0.7193620717095419,0.7193620717095419,0.7193620717095419,4818.59546283505,4818.59546283505,4818.59546283505,34.0,34.0,34.0,3555.8,3555.8,3555.8,10240.0,10240.0,10240.0,,,,,,,,,,min_distance(best_offload=1.00),1.0,1.0,1.0,,,,,,
20,full_local,Full-Local,1,1.0,1.0,1.0,0.0,0.0,0.0,5.210027497995298,5.210027497995298,5.210027497995298,1.0,1.0,1.0,2.2263040300955135,2.2263040300955135,2.2263040300955135,1,0.7007421875000001,0.7007421875000001,0.7007421875000001,7175.6,7175.6,7175.6,1822.0,1822.0,1822.0,0.4875893231134091,0.4875893231134091,0.4875893231134091,1733.8,1733.8,1733.8,2.102439063650098,2.102439063650098,2.102439063650098,4.10310253706203,4.10310253706203,4.10310253706203,1,5.0,5.0,5.0,0.0,0.0,0.0,0.0,0.0,0.0,1.0,1.0,1.0,0.0,0.0,0.0,0.0,0.0,0.0,0.0,0.0,0.0,0.0,0.0,0.0,0.0,0.0,0.0,0.0,0.0,0.0,0.0,0.0,0.0,0.0,0.0,0.0,0.0,0.0,0.0,0.0,0.0,0.0,False,0.0,0.0,0.0,1.0,1.0,1.0,0.0,0.0,0.0,0.0,0.0,0.0,1.0,1.0,1.0,0.0,0.0,0.0,-153.59378848189954,-153.59378848189954,-153.59378848189954,1.0,1.0,1.0,0.0,0.0,0.0,5.343375714258426,5.343375714258426,5.343375714258426,1,-29.353267072751624,-29.353267072751624,-29.353267072751624,-21.016516330085615,-21.016516330085615,-21.016516330085615,0.0,0.0,0.0,-107.63401204496623,-107.63401204496623,-107.63401204496623,-86.68999999999721,-86.68999999999721,-86.68999999999721,0.0,0.0,0.0,0.0,0.0,0.0,0.0,0.0,0.0,,0.0,0.0,0.0,0.0,0.0,0.0,0.0,0.0,0.0,3555.8,3555.8,3555.8,0.0,0.0,0.0,91.09999999999697,91.09999999999697,91.09999999999697,reward,-153.59378848189954,-153.59378848189954,-153.59378848189954,0.29925781249999994,0.29925781249999994,0.29925781249999994,0.29925781249999994,0.29925781249999994,0.29925781249999994,7175.6,7175.6,7175.6,heuristic_eval,False,3.989589033807859,3.989589033807859,3.989589033807859,10.67578125,10.67578125,10.67578125,0.5124106768865909,0.5124106768865909,0.5124106768865909,0.4875893231134091,0.4875893231134091,0.4875893231134091,1.0,1.0,1.0,1.0,1.0,1.0,0.5124106768865909,0.5124106768865909,0.5124106768865909,7475.852822527018,7475.852822527018,7475.852822527018,0.0,0.0,0.0,3555.8,3555.8,3555.8,10240.0,10240.0,10240.0,,,,,,,,,,,,,,,,,,,
20,han_pdqn_sca,SCA,1,0.5374613359953793,0.5374613359953793,0.5374613359953793,0.3578874048843659,0.3578874048843659,0.3578874048843659,1.6141409619480107,1.6141409619480107,1.6141409619480107,0.5374613359953793,0.5374613359953793,0.5374613359953793,1.5199790053860516,1.5199790053860516,1.5199790053860516,1,0.01974609375,0.01974609375,0.01974609375,202.2,202.2,202.2,3440.2,3440.2,3440.2,0.031831605930906684,0.031831605930906684,0.031831605930906684,113.2,113.2,113.2,,,,0.9428896284039329,0.9428896284039329,0.9428896284039329,1,5.0,5.0,5.0,0.0,0.0,0.0,0.8,0.8,0.8,0.06215383191449825,0.06215383191449825,0.06215383191449825,0.0,0.0,0.0,0.01029296875,0.01029296875,0.01029296875,99.4,99.4,99.4,99.4,99.4,99.4,0.0,0.0,0.0,0.00970703125,0.00970703125,0.00970703125,63.24000246524811,63.24000246524811,63.24000246524811,0.0,0.0,0.0,1.0,1.0,1.0,0.582421875,0.582421875,0.582421875,False,0.6133232058704493,0.6133232058704493,0.6133232058704493,0.5374613359953793,0.5374613359953793,0.5374613359953793,0.07521143022844948,0.07521143022844948,0.07521143022844948,2345.0,2345.0,2345.0,0.50046875,0.50046875,0.50046875,0.48347318172454834,0.48347318172454834,0.48347318172454834,110.59205299401656,110.59205299401656,110.59205299401656,0.5374613359953793,0.5374613359953793,0.5374613359953793,0.0,0.0,0.0,3.4840346643828113,3.4840346643828113,3.4840346643828113,1,-39.07713099761514,-39.07713099761514,-39.07713099761514,-27.057475198555675,-27.057475198555675,-27.057475198555675,0.0,0.0,0.0,-3.9816001607105136,-3.9816001607105136,-3.9816001607105136,-5.699999999999988,-5.699999999999988,-5.699999999999988,0.00045287535816398284,0.00045287535816398284,0.00045287535816398284,1.6,1.6,1.6,,,,,0.6133232058704493,0.6133232058704493,0.6133232058704493,6.0,6.0,6.0,6.0,6.0,6.0,3554.2,3554.2,3554.2,14.398256499831835,14.398256499831835,14.398256499831835,172.01000000000485,172.01000000000485,172.01000000000485,,,,,0.98025390625,0.98025390625,0.98025390625,0.974078124947846,0.974078124947846,0.974078124947846,265.4400005340576,265.4400005340576,265.4400005340576,frozen_checkpoint_paired_eval,False,3.596358652024766,3.596358652024766,3.596358652024766,20.157421875,20.157421875,20.157421875,0.9679264821285101,0.9679264821285101,0.9679264821285101,0.03205789151995137,0.03205789151995137,0.03205789151995137,0.9995471246418359,0.9995471246418359,0.9995471246418359,0.9995471246418359,0.9995471246418359,0.9995471246418359,0.9674892331218847,0.9674892331218847,0.9674892331218847,3243.2108412573416,3243.2108412573416,3243.2108412573416,99.4,99.4,99.4,3555.8,3555.8,3555.8,10240.0,10240.0,10240.0,,D:\python_code\LEO_switch\han_pdqn\best_model_u20.pt,,,,,,,,,,,,12.529128789185506,12.529128789185506,12.529128789185506,13.991720004923991,13.991720004923991,13.991720004923991
25,han_mappo_latency_priority_multiuser_u25,HAN+MAPPO,1,0.5712538670974113,0.5712538670974113,0.5712538670974113,0.7849622561401898,0.7849622561401898,0.7849622561401898,2.5946171558968394,2.5946171558968394,2.5946171558968394,0.5712538670974113,0.5712538670974113,0.5712538670974113,1.951441331870758,1.951441331870758,1.951441331870758,1,0.02246875,0.02246875,0.02246875,287.6,287.6,287.6,3848.0,3848.0,3848.0,0.13365860749740938,0.13365860749740938,0.13365860749740938,595.6,595.6,595.6,1.259742462938211,1.259742462938211,1.259742462938211,1.4568882298772416,1.4568882298772416,1.4568882298772416,1,5.0,5.0,5.0,0.0,0.0,0.0,6.6,6.6,6.6,0.35894320245053035,0.35894320245053035,0.35894320245053035,0.0,0.0,0.0,0.005671875,0.005671875,0.005671875,46.6,46.6,46.6,46.6,46.6,46.6,0.0,0.0,0.0,0.003640625,0.003640625,0.003640625,43.56000158786774,43.56000158786774,43.56000158786774,0.0,0.0,0.0,1.0,1.0,1.0,0.2184375,0.2184375,0.2184375,False,0.7985821336186847,0.7985821336186847,0.7985821336186847,0.5712538670974113,0.5712538670974113,0.5712538670974113,0.06821719613244526,0.06821719613244526,0.06821719613244526,2557.0,2557.0,2557.0,0.704765625,0.704765625,0.704765625,0.21929417550563812,0.21929417550563812,0.21929417550563812,73.59089474461216,73.59089474461216,73.59089474461216,0.5712538670974113,0.5712538670974113,0.5712538670974113,0.0,0.0,0.0,4.165032094394051,4.165032094394051,4.165032094394051,1,-43.844476890721424,-43.844476890721424,-43.844476890721424,-28.843701528564075,-28.843701528564075,-28.843701528564075,0.0,0.0,0.0,-3.973920083232224,-3.973920083232224,-3.973920083232224,-24.087999999999667,-24.087999999999667,-24.087999999999667,0.0012558229234567125,0.0012558229234567125,0.0012558229234567125,5.6,5.6,5.6,0.0,0.0,0.0,,0.7985821336186847,0.7985821336186847,0.7985821336186847,26.0,26.0,26.0,26.0,26.0,26.0,4450.2,4450.2,4450.2,20.420992275054214,20.420992275054214,20.420992275054214,153.92000000000365,153.92000000000365,153.92000000000365,reward,73.59089474461216,73.59089474461216,73.59089474461216,0.97753125,0.97753125,0.97753125,0.9741281249392777,0.9741281249392777,0.9741281249392777,331.1600007772446,331.1600007772446,331.1600007772446,checkpoint_eval,True,7.816723801129505,7.816723801129505,7.816723801129505,18.0375,18.0375,18.0375,0.864691373763583,0.864691373763583,0.864691373763583,0.13513500263562908,0.13513500263562908,0.13513500263562908,0.9987441770765434,0.9987441770765434,0.9987441770765434,0.9987441770765434,0.9987441770765434,0.9987441770765434,0.8636091744409142,0.8636091744409142,0.8636091744409142,5606.105908567626,5606.105908567626,5606.105908567626,46.6,46.6,46.6,4455.8,4455.8,4455.8,12800.0,12800.0,12800.0,/home/pjpjq/LEO_switch/results/full_train_latency_priority_multiuser_u25_multiuser_single_seed_150k_20260804/training_history.json,,,,,,,,,,,,,,,,,,
25,han_pdqn,HAN+PDQN,1,0.5537457057733031,0.5537457057733031,0.5537457057733031,0.47599243899692156,0.47599243899692156,0.47599243899692156,1.8425055645363464,1.8425055645363464,1.8425055645363464,0.5537457057733031,0.5537457057733031,0.5537457057733031,1.679384441969458,1.679384441969458,1.679384441969458,1,0.02196875,0.02196875,0.02196875,281.2,281.2,281.2,4216.2,4216.2,4216.2,0.05254026537421745,0.05254026537421745,0.05254026537421745,234.2,234.2,234.2,1.0452625314522097,1.0452625314522097,1.0452625314522097,1.1040681555830536,1.1040681555830536,1.1040681555830536,1,5.0,5.0,5.0,0.0,0.0,0.0,3.0,3.0,3.0,0.13318282642671486,0.13318282642671486,0.13318282642671486,0.0,0.0,0.0,0.012859375,0.012859375,0.012859375,144.0,144.0,144.0,144.0,144.0,144.0,0.0,0.0,0.0,0.01125,0.01125,0.01125,98.7600037097931,98.7600037097931,98.7600037097931,0.0,0.0,0.0,1.0,1.0,1.0,0.6749999999999999,0.6749999999999999,0.6749999999999999,True,0.6612369687921376,0.6612369687921376,0.6612369687921376,0.5537457057733031,0.5537457057733031,0.5537457057733031,0.0718029811069687,0.0718029811069687,0.0718029811069687,2388.0,2388.0,2388.0,0.471984375,0.471984375,0.471984375,0.5071768760681152,0.5071768760681152,0.5071768760681152,99.46954164355994,99.46954164355994,99.46954164355994,0.5537457057733031,0.5537457057733031,0.5537457057733031,0.0,0.0,0.0,3.8390239679568916,3.8390239679568916,3.8390239679568916,1,-41.968873275647994,-41.968873275647994,-41.968873275647994,-28.970450361687767,-28.970450361687767,-28.970450361687767,0.0,0.0,0.0,-4.559520127438009,-4.559520127438009,-4.559520127438009,-9.487999999999971,-9.487999999999971,-9.487999999999971,0.0005394973544468055,0.0005394973544468055,0.0005394973544468055,2.4,2.4,2.4,6.0,6.0,6.0,Successful-Task Delay | P95 Successful-Task Delay | Task Success | Deadline Violation | Successful Task Throughput | Energy per Successful Task,0.6612369687921376,0.6612369687921376,0.6612369687921376,20.6,20.6,20.6,20.6,20.6,20.6,4453.4,4453.4,4453.4,15.808385474087746,15.808385474087746,15.808385474087746,168.64800000000074,168.64800000000074,168.64800000000074,reward,99.46954164355994,99.46954164355994,99.46954164355994,0.9780312499999999,0.9780312499999999,0.9780312499999999,0.9703156248722227,0.9703156248722227,0.9703156248722227,379.96000163555146,379.96000163555146,379.96000163555146,han_pdqn_train_eval,False,2.8268767620992286,2.8268767620992286,2.8268767620992286,19.7634375,19.7634375,19.7634375,0.9467617314973034,0.9467617314973034,0.9467617314973034,0.05321198336413664,0.05321198336413664,0.05321198336413664,0.9994605026455533,0.9994605026455533,0.9994605026455533,0.9994605026455533,0.9994605026455533,0.9994605026455533,0.9462485192814165,0.9462485192814165,0.9462485192814165,4654.97215756927,4654.97215756927,4654.97215756927,144.0,144.0,144.0,4455.8,4455.8,4455.8,12800.0,12800.0,12800.0,D:\python_code\LEO_switch\results\multiseed_0907\seed42\u25\learned_baselines\han_pdqn\training_history.json,/home/pjpjq/LEO_switch/results/baseline_compare/multiuser_scaling_multiuser_single_seed_150k_20260804/u25/learned_baselines/han_pdqn/best_model.pt,150000.0,150000.0,150000.0,,,,,,,,,,,,,,
25,pdqn,PDQN,1,0.4395456090925065,0.4395456090925065,0.4395456090925065,0.21302744946178218,0.21302744946178218,0.21302744946178218,1.930189553654338,1.930189553654338,1.930189553654338,0.4395456090925065,0.4395456090925065,0.4395456090925065,1.707005570654045,1.707005570654045,1.707005570654045,1,0.024031249999999997,0.024031249999999997,0.024031249999999997,307.6,307.6,307.6,4149.0,4149.0,4149.0,0.06862308660342595,0.06862308660342595,0.06862308660342595,305.8,305.8,305.8,1.153533185524744,1.153533185524744,1.153533185524744,1.2387762018375632,1.2387762018375632,1.2387762018375632,1,5.0,5.0,5.0,63.8,63.8,63.8,0.8,0.8,0.8,0.04267858480285633,0.04267858480285633,0.04267858480285633,63.8,63.8,63.8,0.019046875,0.019046875,0.019046875,236.8,236.8,236.8,173.0,173.0,173.0,0.27967534196498633,0.27967534196498633,0.27967534196498633,0.013515625,0.013515625,0.013515625,108.00000417232513,108.00000417232513,108.00000417232513,63.8,63.8,63.8,0.7203246580350137,0.7203246580350137,0.7203246580350137,0.8109375,0.8109375,0.8109375,False,0.5586597824188934,0.5586597824188934,0.5586597824188934,0.4395456090925065,0.4395456090925065,0.4395456090925065,0.09733182251530145,0.09733182251530145,0.09733182251530145,1973.0,1973.0,1973.0,0.519015625,0.519015625,0.519015625,0.4636639952659607,0.4636639952659607,0.4636639952659607,86.68102575256489,86.68102575256489,86.68102575256489,0.4395456090925065,0.4395456090925065,0.4395456090925065,0.0,0.0,0.0,3.927701268268103,3.927701268268103,3.927701268268103,1,-41.93973049099287,-41.93973049099287,-41.93973049099287,-30.638760974352444,-30.638760974352444,-30.638760974352444,-0.5104000000000004,-0.5104000000000004,-0.5104000000000004,-4.987200140580535,-4.987200140580535,-4.987200140580535,-12.263999999999914,-12.263999999999914,-12.263999999999914,4.4101433296582143e-05,4.4101433296582143e-05,4.4101433296582143e-05,0.2,0.2,0.2,0.0,0.0,0.0,,0.5586597824188934,0.5586597824188934,0.5586597824188934,7.0,7.0,7.0,7.0,7.0,7.0,4455.6,4455.6,4455.6,11.061118347371222,11.061118347371222,11.061118347371222,165.96000000000126,165.96000000000126,165.96000000000126,reward,86.68102575256489,86.68102575256489,86.68102575256489,0.97596875,0.97596875,0.97596875,0.9675312498826534,0.9675312498826534,0.9675312498826534,415.60000150203706,415.60000150203706,415.60000150203706,pdqn_train_eval,False,3.3358270983071456,3.3358270983071456,3.3358270983071456,19.4484375,19.4484375,19.4484375,0.931194219239526,0.931194219239526,0.931194219239526,0.06880235691739497,0.06880235691739497,0.06880235691739497,0.9999558985667034,0.9999558985667034,0.9999558985667034,0.9999558985667034,0.9999558985667034,0.9999558985667034,0.9311535416493084,0.9311535416493084,0.9311535416493084,5139.6824614240495,5139.6824614240495,5139.6824614240495,236.8,236.8,236.8,4455.8,4455.8,4455.8,12800.0,12800.0,12800.0,D:\python_code\LEO_switch\results\multiseed_0907\seed42\u25\learned_baselines\pdqn\training_history.json,/home/pjpjq/LEO_switch/results/baseline_compare/multiuser_scaling_multiuser_single_seed_150k_20260804/u25/learned_baselines/pdqn/best_model.pt,150000.0,150000.0,150000.0,/home/pjpjq/LEO_switch/results/baseline_compare/multiuser_scaling_multiuser_single_seed_150k_20260804/u25/learned_baselines/pdqn/pdqn_training.log,,,,,,,,,,,,,
25,mappo_no_han,MAPPO,1,0.5331294562859978,0.5331294562859978,0.5331294562859978,0.7322677042806638,0.7322677042806638,0.7322677042806638,2.623368012347845,2.623368012347845,2.623368012347845,0.5331294562859978,0.5331294562859978,0.5331294562859978,1.9359814339912274,1.9359814339912274,1.9359814339912274,1,0.022531249999999996,0.022531249999999996,0.022531249999999996,288.4,288.4,288.4,3810.8,3810.8,3810.8,0.14226900143613475,0.14226900143613475,0.14226900143613475,634.2,634.2,634.2,1.256842441188397,1.256842441188397,1.256842441188397,1.4678552977729296,1.4678552977729296,1.4678552977729296,1,5.0,5.0,5.0,0.0,0.0,0.0,5.6,5.6,5.6,0.3866547322110641,0.3866547322110641,0.3866547322110641,0.0,0.0,0.0,0.00615625,0.00615625,0.00615625,52.6,52.6,52.6,52.6,52.6,52.6,0.0,0.0,0.0,0.004109375,0.004109375,0.004109375,47.28000178337097,47.28000178337097,47.28000178337097,0.0,0.0,0.0,1.0,1.0,1.0,0.24656250000000002,0.24656250000000002,0.24656250000000002,False,0.7701235999204339,0.7701235999204339,0.7701235999204339,0.5331294562859978,0.5331294562859978,0.5331294562859978,0.07613031988260713,0.07613031988260713,0.07613031988260713,2555.0,2555.0,2555.0,0.759640625,0.759640625,0.759640625,0.18579718470573425,0.18579718470573425,0.18579718470573425,70.79161818257562,70.79161818257562,70.79161818257562,0.5331294562859978,0.5331294562859978,0.5331294562859978,0.0,0.0,0.0,4.113586329154642,4.113586329154642,4.113586329154642,1,-43.16313147124383,-43.16313147124383,-43.16313147124383,-28.53444577000234,-28.53444577000234,-28.53444577000234,0.0,0.0,0.0,-4.028160085249692,-4.028160085249692,-4.028160085249692,-25.591999999999636,-25.591999999999636,-25.591999999999636,0.0011659336443237867,0.0011659336443237867,0.0011659336443237867,5.2,5.2,5.2,0.0,0.0,0.0,,0.7701235999204339,0.7701235999204339,0.7701235999204339,26.2,26.2,26.2,26.2,26.2,26.2,4450.6,4450.6,4450.6,19.677354962731755,19.677354962731755,19.677354962731755,152.43200000000394,152.43200000000394,152.43200000000394,reward,70.79161818257562,70.79161818257562,70.79161818257562,0.9774687499999999,0.9774687499999999,0.9774687499999999,0.9737749999240041,0.9737749999240041,0.9737749999240041,335.6800009727478,335.6800009727478,335.6800009727478,mappo_no_han_train_eval,False,8.245287379670955,8.245287379670955,8.245287379670955,17.863125,17.863125,17.863125,0.8563014297445573,0.8563014297445573,0.8563014297445573,0.14352514204825984,0.14352514204825984,0.14352514204825984,0.9988340663556763,0.9988340663556763,0.9988340663556763,0.9988340663556763,0.9988340663556763,0.9988340663556763,0.8553089243074163,0.8553089243074163,0.8553089243074163,5593.70296875308,5593.70296875308,5593.70296875308,52.6,52.6,52.6,4455.8,4455.8,4455.8,12800.0,12800.0,12800.0,D:\python_code\LEO_switch\results\multiseed_0907\seed42\u25\learned_baselines\mappo_no_han\training_history.json,/home/pjpjq/LEO_switch/results/baseline_compare/multiuser_scaling_multiuser_single_seed_150k_20260804/u25/learned_baselines/mappo_no_han/best_model.pt,150000.0,150000.0,150000.0,,,,,,,,,,,,,,
25,maddpg,MADDPG,1,0.612659473046872,0.612659473046872,0.612659473046872,0.8236649163212851,0.8236649163212851,0.8236649163212851,3.1963082830095972,3.1963082830095972,3.1963082830095972,0.612659473046872,0.612659473046872,0.612659473046872,2.290547524325796,2.290547524325796,2.290547524325796,1,0.021015625000000003,0.021015625000000003,0.021015625000000003,269.0,269.0,269.0,3342.6,3342.6,3342.6,0.2468870272722851,0.2468870272722851,0.2468870272722851,1100.4,1100.4,1100.4,1.2097765692768347,1.2097765692768347,1.2097765692768347,1.609922855099987,1.609922855099987,1.609922855099987,1,5.0,5.0,5.0,0.0,0.0,0.0,5.2,5.2,5.2,0.2745209563329214,0.2745209563329214,0.2745209563329214,0.0,0.0,0.0,0.00503125,0.00503125,0.00503125,47.4,47.4,47.4,47.4,47.4,47.4,0.0,0.0,0.0,0.0037031250000000003,0.0037031250000000003,0.0037031250000000003,38.64000146389007,38.64000146389007,38.64000146389007,0.0,0.0,0.0,1.0,1.0,1.0,0.22218749999999998,0.22218749999999998,0.22218749999999998,False,0.827577599629546,0.827577599629546,0.827577599629546,0.612659473046872,0.612659473046872,0.612659473046872,0.06004685636163905,0.06004685636163905,0.06004685636163905,2560.0,2560.0,2560.0,0.0,0.0,0.0,1.0,1.0,1.0,41.580451087809706,41.580451087809706,41.580451087809706,0.612659473046872,0.612659473046872,0.612659473046872,0.0,0.0,0.0,4.587280550812639,4.587280550812639,4.587280550812639,1,-44.92153223672506,-44.92153223672506,-44.92153223672506,-20.472323913620272,-20.472323913620272,-20.472323913620272,0.0,0.0,0.0,-3.691680067498237,-3.691680067498237,-3.691680067498237,-44.223999999999236,-44.223999999999236,-44.223999999999236,0.001705330170396031,0.001705330170396031,0.001705330170396031,7.6,7.6,7.6,0.0,0.0,0.0,,0.827577599629546,0.827577599629546,0.827577599629546,17.0,17.0,17.0,17.0,17.0,17.0,4448.2,4448.2,4448.2,21.185986550516446,21.185986550516446,21.185986550516446,133.70400000000768,133.70400000000768,133.70400000000768,reward,41.580451087809706,41.580451087809706,41.580451087809706,0.9789843749999999,0.9789843749999999,0.9789843749999999,0.9759656249191613,0.9759656249191613,0.9759656249191613,307.64000103473666,307.64000103473666,307.64000103473666,maddpg_train_eval,False,5.973345526405808,5.973345526405808,5.973345526405808,15.6684375,15.6684375,15.6684375,0.7515296947576948,0.7515296947576948,0.7515296947576948,0.24805387512464794,0.24805387512464794,0.24805387512464794,0.998294669829604,0.998294669829604,0.998294669829604,0.998294669829604,0.998294669829604,0.998294669829604,0.7502407947049561,0.7502407947049561,0.7502407947049561,5381.328135457216,5381.328135457216,5381.328135457216,47.4,47.4,47.4,4455.8,4455.8,4455.8,12800.0,12800.0,12800.0,D:\python_code\LEO_switch\results\multiseed_0907\seed42\u25\learned_baselines\maddpg\training_history.json,/home/pjpjq/LEO_switch/results/baseline_compare/multiuser_scaling_multiuser_single_seed_150k_20260804/u25/learned_baselines/maddpg/maddpg_model.pt,150000.0,150000.0,150000.0,/home/pjpjq/LEO_switch/results/baseline_compare/multiuser_scaling_multiuser_single_seed_150k_20260804/u25/learned_baselines/maddpg/maddpg_training.log,41.580451087809706,41.580451087809706,41.580451087809706,,,,,,,,,,
25,min_distance,Min-Distance,1,0.3198726908408729,0.3198726908408729,0.3198726908408729,0.3222501782314159,0.3222501782314159,0.3222501782314159,3.727916078791626,3.727916078791626,3.727916078791626,0.3198726908408729,0.3198726908408729,0.3198726908408729,2.284367839446875,2.284367839446875,2.284367839446875,1,0.020703125,0.020703125,0.020703125,265.0,265.0,265.0,3038.6,3038.6,3038.6,0.3166393350094107,0.3166393350094107,0.3166393350094107,1410.8,1410.8,1410.8,1.4917096515982569,1.4917096515982569,1.4917096515982569,2.184790572458659,2.184790572458659,2.184790572458659,1,5.0,5.0,5.0,0.2,0.2,0.2,1.0,1.0,1.0,0.0957364953886693,0.0957364953886693,0.0957364953886693,0.2,0.2,0.2,0.003625,0.003625,0.003625,42.0,42.0,42.0,41.8,41.8,41.8,0.00425531914893617,0.00425531914893617,0.00425531914893617,0.003265625,0.003265625,0.003265625,27.720001101493835,27.720001101493835,27.720001101493835,0.0,0.0,0.0,0.9957446808510639,0.9957446808510639,0.9957446808510639,0.1959375,0.1959375,0.1959375,False,0.5716605897817713,0.5716605897817713,0.5716605897817713,0.3198726908408729,0.3198726908408729,0.3198726908408729,0.12882441501343347,0.12882441501343347,0.12882441501343347,2560.0,2560.0,2560.0,0.0,0.0,0.0,1.0,1.0,1.0,14.896074844357646,14.896074844357646,14.896074844357646,0.3198726908408729,0.3198726908408729,0.3198726908408729,0.2,0.2,0.2,4.8065983482511925,4.8065983482511925,4.8065983482511925,1,-40.53891216684193,-40.53891216684193,-40.53891216684193,-20.757282721948776,-20.757282721948776,-20.757282721948776,-0.0016,-0.0016,-0.0016,-3.512640090845525,-3.512640090845525,-3.512640090845525,-56.47199999999897,-56.47199999999897,-56.47199999999897,0.0012124135809262735,0.0012124135809262735,0.0012124135809262735,5.4,5.4,5.4,0.0,0.0,0.0,,0.5716605897817713,0.5716605897817713,0.5716605897817713,4.4,4.4,4.4,4.4,4.4,4.4,4450.4,4450.4,4450.4,14.634511098413427,14.634511098413427,14.634511098413427,121.5440000000078,121.5440000000078,121.5440000000078,reward,14.896074844357646,14.896074844357646,14.896074844357646,0.979296875,0.979296875,0.979296875,0.9771312500536442,0.9771312500536442,0.9771312500536442,292.7199993133545,292.7199993133545,292.7199993133545,heuristic_eval,False,3.9304518611895167,3.9304518611895167,3.9304518611895167,14.2434375,14.2434375,14.2434375,0.6827516336637565,0.6827516336637565,0.6827516336637565,0.316862974267563,0.316862974267563,0.316862974267563,0.9987875864190737,0.9987875864190737,0.9987875864190737,0.9987875864190737,0.9987875864190737,0.9987875864190737,0.6819246121515108,0.6819246121515108,0.6819246121515108,6638.704633472882,6638.704633472882,6638.704633472882,42.0,42.0,42.0,4455.8,4455.8,4455.8,12800.0,12800.0,12800.0,,,,,,,,,,min_distance(best_offload=1.00),1.0,1.0,1.0,,,,,,
25,full_local,Full-Local,1,1.0,1.0,1.0,0.0,0.0,0.0,5.237226773313578,5.237226773313578,5.237226773313578,1.0,1.0,1.0,2.2279736098036915,2.2279736098036915,2.2279736098036915,1,0.7046875,0.7046875,0.7046875,9020.0,9020.0,9020.0,2270.8,2270.8,2270.8,0.49033863878360595,0.49033863878360595,0.49033863878360595,2185.0,2185.0,2185.0,2.1052992691648775,2.1052992691648775,2.1052992691648775,4.13105182470709,4.13105182470709,4.13105182470709,1,5.0,5.0,5.0,0.0,0.0,0.0,0.0,0.0,0.0,1.0,1.0,1.0,0.0,0.0,0.0,0.0,0.0,0.0,0.0,0.0,0.0,0.0,0.0,0.0,0.0,0.0,0.0,0.0,0.0,0.0,0.0,0.0,0.0,0.0,0.0,0.0,0.0,0.0,0.0,0.0,0.0,0.0,False,0.0,0.0,0.0,1.0,1.0,1.0,0.0,0.0,0.0,0.0,0.0,0.0,1.0,1.0,1.0,0.0,0.0,0.0,-155.02199596720456,-155.02199596720456,-155.02199596720456,1.0,1.0,1.0,0.0,0.0,0.0,5.402670809675828,5.402670809675828,5.402670809675828,1,-29.303395119061594,-29.303395119061594,-29.303395119061594,-20.910601065858447,-20.910601065858447,-20.910601065858447,0.0,0.0,0.0,-108.2400045517832,-108.2400045517832,-108.2400045517832,-87.40000000000245,-87.40000000000245,-87.40000000000245,0.0,0.0,0.0,0.0,0.0,0.0,0.0,0.0,0.0,,0.0,0.0,0.0,0.0,0.0,0.0,0.0,0.0,0.0,4455.8,4455.8,4455.8,0.0,0.0,0.0,90.83200000000299,90.83200000000299,90.83200000000299,reward,-155.02199596720456,-155.02199596720456,-155.02199596720456,0.2953125,0.2953125,0.2953125,0.2953125,0.2953125,0.2953125,9020.0,9020.0,9020.0,heuristic_eval,False,6.149931607882449,6.149931607882449,6.149931607882449,10.644375,10.644375,10.644375,0.509661361216394,0.509661361216394,0.509661361216394,0.49033863878360595,0.49033863878360595,0.49033863878360595,1.0,1.0,1.0,1.0,1.0,1.0,0.509661361216394,0.509661361216394,0.509661361216394,9380.792483544861,9380.792483544861,9380.792483544861,0.0,0.0,0.0,4455.8,4455.8,4455.8,12800.0,12800.0,12800.0,,,,,,,,,,,,,,,,,,,
25,han_pdqn_sca,SCA,1,0.5535264078384058,0.5535264078384058,0.5535264078384058,0.4706806442038826,0.4706806442038826,0.4706806442038826,1.8220205418467643,1.8220205418467643,1.8220205418467643,0.5535264078384058,0.5535264078384058,0.5535264078384058,1.6611226841346145,1.6611226841346145,1.6611226841346145,1,0.022250000000000002,0.022250000000000002,0.022250000000000002,284.8,284.8,284.8,4220.2,4220.2,4220.2,0.05171140544352777,0.05171140544352777,0.05171140544352777,230.4,230.4,230.4,,,,1.1243113479218023,1.1243113479218023,1.1243113479218023,1,5.0,5.0,5.0,0.0,0.0,0.0,2.8,2.8,2.8,0.1399925986636207,0.1399925986636207,0.1399925986636207,0.0,0.0,0.0,0.01296875,0.01296875,0.01296875,143.6,143.6,143.6,143.6,143.6,143.6,0.0,0.0,0.0,0.011218750000000001,0.011218750000000001,0.011218750000000001,99.60000376701355,99.60000376701355,99.60000376701355,0.0,0.0,0.0,1.0,1.0,1.0,0.673125,0.673125,0.673125,False,0.659044108229255,0.659044108229255,0.659044108229255,0.5535264078384058,0.5535264078384058,0.5535264078384058,0.07184840726055354,0.07184840726055354,0.07184840726055354,2384.0,2384.0,2384.0,0.472015625,0.472015625,0.472015625,0.5020244717597961,0.5020244717597961,0.5020244717597961,99.84320516120643,99.84320516120643,99.84320516120643,0.5535264078384058,0.5535264078384058,0.5535264078384058,0.0,0.0,0.0,3.791035607570727,3.791035607570727,3.791035607570727,1,-41.5683705724459,-41.5683705724459,-41.5683705724459,-29.19116703829861,-29.19116703829861,-29.19116703829861,0.0,0.0,0.0,-4.612800126336515,-4.612800126336515,-4.612800126336515,-9.327999999999971,-9.327999999999971,-9.327999999999971,0.000539011276970024,0.000539011276970024,0.000539011276970024,2.4,2.4,2.4,,,,,0.659044108229255,0.659044108229255,0.659044108229255,22.4,22.4,22.4,22.4,22.4,22.4,4453.4,4453.4,4453.4,15.73554300596777,15.73554300596777,15.73554300596777,168.80800000000067,168.80800000000067,168.80800000000067,,,,,0.97775,0.97775,0.97775,0.9699687498752028,0.9699687498752028,0.9699687498752028,384.40000159740447,384.40000159740447,384.40000159740447,frozen_checkpoint_paired_eval,False,2.9508479015582547,2.9508479015582547,2.9508479015582547,19.7821875,19.7821875,19.7821875,0.9476350635668034,0.9476350635668034,0.9476350635668034,0.05233902200015036,0.05233902200015036,0.05233902200015036,0.99946098872303,0.99946098872303,0.99946098872303,0.99946098872303,0.99946098872303,0.99946098872303,0.9471219667228796,0.9471219667228796,0.9471219667228796,4743.313728695013,4743.313728695013,4743.313728695013,143.6,143.6,143.6,4455.8,4455.8,4455.8,12800.0,12800.0,12800.0,,D:\python_code\LEO_switch\han_pdqn\best_model_u25.pt,,,,,,,,,,,,14.904043984299165,14.904043984299165,14.904043984299165,19.79426999823772,19.79426999823772,19.79426999823772
30,han_mappo_latency_priority_multiuser_u30,HAN+MAPPO,1,0.6320701962385163,0.6320701962385163,0.6320701962385163,0.869249104861115,0.869249104861115,0.869249104861115,2.898367347094594,2.898367347094594,2.898367347094594,0.6320701962385163,0.6320701962385163,0.6320701962385163,2.0513559532769046,2.0513559532769046,2.0513559532769046,1,0.02299479166666667,0.02299479166666667,0.02299479166666667,353.2,353.2,353.2,4361.4,4361.4,4361.4,0.17927686448879832,0.17927686448879832,0.17927686448879832,956.6,956.6,956.6,1.3682937511123379,1.3682937511123379,1.3682937511123379,1.6710413711021133,1.6710413711021133,1.6710413711021133,1,5.0,5.0,5.0,0.0,0.0,0.0,8.4,8.4,8.4,0.45991193522883667,0.45991193522883667,0.45991193522883667,0.0,0.0,0.0,0.004466145833333333,0.004466145833333333,0.004466145833333333,37.2,37.2,37.2,37.2,37.2,37.2,0.0,0.0,0.0,0.002421875,0.002421875,0.002421875,41.16000151634216,41.16000151634216,41.16000151634216,0.0,0.0,0.0,1.0,1.0,1.0,0.1453125,0.1453125,0.1453125,False,0.8481310431307078,0.8481310431307078,0.8481310431307078,0.6320701962385163,0.6320701962385163,0.6320701962385163,0.05635937176744342,0.05635937176744342,0.05635937176744342,2560.0,2560.0,2560.0,0.7031770833333333,0.7031770833333333,0.7031770833333333,0.2185756415128708,0.2185756415128708,0.2185756415128708,59.66724617848522,59.66724617848522,59.66724617848522,0.6320701962385163,0.6320701962385163,0.6320701962385163,0.0,0.0,0.0,4.340773402200858,4.340773402200858,4.340773402200858,1,-43.51816024726859,-43.51816024726859,-43.51816024726859,-27.79648408612287,-27.79648408612287,-27.79648408612287,0.0,0.0,0.0,-3.943600152619183,-3.943600152619183,-3.943600152619183,-32.16666666666718,-32.16666666666718,-32.16666666666718,0.0015759657617033644,0.0015759657617033644,0.0015759657617033644,8.4,8.4,8.4,0.0,0.0,0.0,,0.8481310431307078,0.8481310431307078,0.8481310431307078,31.4,31.4,31.4,31.4,31.4,31.4,5326.4,5326.4,5326.4,21.71215470414622,21.71215470414622,21.71215470414622,145.37999999999434,145.37999999999434,145.37999999999434,reward,59.66724617848522,59.66724617848522,59.66724617848522,0.9770052083333335,0.9770052083333335,0.9770052083333335,0.974325520793597,0.974325520793597,0.974325520793597,394.36000061035156,394.36000061035156,394.36000061035156,checkpoint_eval,True,8.185720643566771,8.185720643566771,8.185720643566771,17.03671875,17.03671875,17.03671875,0.8188705812219969,0.8188705812219969,0.8188705812219969,0.18085385451491853,0.18085385451491853,0.18085385451491853,0.9984240342382966,0.9984240342382966,0.9984240342382966,0.9984240342382966,0.9984240342382966,0.9984240342382966,0.8175701797233781,0.8175701797233781,0.8175701797233781,7288.0798359247565,7288.0798359247565,7288.0798359247565,37.2,37.2,37.2,5334.8,5334.8,5334.8,15360.0,15360.0,15360.0,/home/pjpjq/LEO_switch/results/full_train_latency_priority_multiuser_u30_multiuser_single_seed_150k_20260804/training_history.json,,,,,,,,,,,,,,,,,,
30,han_pdqn,HAN+PDQN,1,0.5562289634417407,0.5562289634417407,0.5562289634417407,0.6252652255195611,0.6252652255195611,0.6252652255195611,1.9924188229505304,1.9924188229505304,1.9924188229505304,0.5562289634417407,0.5562289634417407,0.5562289634417407,1.7714850866005374,1.7714850866005374,1.7714850866005374,1,0.022239583333333333,0.022239583333333333,0.022239583333333333,341.6,341.6,341.6,4964.2,4964.2,4964.2,0.06804466120831464,0.06804466120831464,0.06804466120831464,363.2,363.2,363.2,1.1255711717689134,1.1255711717689134,1.1255711717689134,1.2085118136916944,1.2085118136916944,1.2085118136916944,1,5.0,5.0,5.0,0.0,0.0,0.0,2.6,2.6,2.6,0.1399203873655512,0.1399203873655512,0.1399203873655512,0.0,0.0,0.0,0.01,0.01,0.01,134.8,134.8,134.8,134.8,134.8,134.8,0.0,0.0,0.0,0.008776041666666666,0.008776041666666666,0.008776041666666666,92.16000328063964,92.16000328063964,92.16000328063964,0.0,0.0,0.0,1.0,1.0,1.0,0.5265625,0.5265625,0.5265625,True,0.7169684655772132,0.7169684655772132,0.7169684655772132,0.5562289634417407,0.5562289634417407,0.5562289634417407,0.07128948358229044,0.07128948358229044,0.07128948358229044,2520.0,2520.0,2520.0,0.45239583333333333,0.45239583333333333,0.45239583333333333,0.5354549884796143,0.5354549884796143,0.5354549884796143,94.06817252899054,94.06817252899054,94.06817252899054,0.5562289634417407,0.5562289634417407,0.5562289634417407,0.0,0.0,0.0,4.055915582217901,4.055915582217901,4.055915582217901,1,-43.13021706684638,-43.13021706684638,-43.13021706684638,-29.81480294320911,-29.81480294320911,-29.81480294320911,0.0,0.0,0.0,-4.337600158341229,-4.337600158341229,-4.337600158341229,-12.193333333333301,-12.193333333333301,-12.193333333333301,0.000898518795321849,0.000898518795321849,0.000898518795321849,4.8,4.8,4.8,6.0,6.0,6.0,Successful-Task Delay | P95 Successful-Task Delay | Task Success | Deadline Violation | Successful Task Throughput | Energy per Successful Task,0.7169684655772132,0.7169684655772132,0.7169684655772132,18.8,18.8,18.8,18.8,18.8,18.8,5330.0,5330.0,5330.0,18.0707890644759,18.0707890644759,18.0707890644759,165.4733333333265,165.4733333333265,165.4733333333265,reward,94.06817252899054,94.06817252899054,94.06817252899054,0.9777604166666667,0.9777604166666667,0.9777604166666667,0.9717604166377957,0.9717604166377957,0.9717604166377957,433.7600004434586,433.7600004434586,433.7600004434586,han_pdqn_train_eval,False,4.833247265772679,4.833247265772679,4.833247265772679,19.39140625,19.39140625,19.39140625,0.931405385524607,0.931405385524607,0.931405385524607,0.06853294999842965,0.06853294999842965,0.06853294999842965,0.9991014812046781,0.9991014812046781,0.9991014812046781,0.9991014812046781,0.9991014812046781,0.9991014812046781,0.9305685312062485,0.9305685312062485,0.9305685312062485,5999.294345528308,5999.294345528308,5999.294345528308,134.8,134.8,134.8,5334.8,5334.8,5334.8,15360.0,15360.0,15360.0,D:\python_code\LEO_switch\results\multiseed_0907\seed42\u30\learned_baselines\han_pdqn\training_history.json,/home/pjpjq/LEO_switch/results/baseline_compare/multiuser_scaling_multiuser_single_seed_150k_20260804/u30/learned_baselines/han_pdqn/best_model.pt,150000.0,150000.0,150000.0,,,,,,,,,,,,,,
30,pdqn,PDQN,1,0.45513115019883144,0.45513115019883144,0.45513115019883144,0.4507296542696479,0.4507296542696479,0.4507296542696479,2.142471116661988,2.142471116661988,2.142471116661988,0.45513115019883144,0.45513115019883144,0.45513115019883144,1.8228680520632499,1.8228680520632499,1.8228680520632499,1,0.022578125,0.022578125,0.022578125,346.8,346.8,346.8,4810.2,4810.2,4810.2,0.09650017413941027,0.09650017413941027,0.09650017413941027,515.0,515.0,515.0,1.183749340949908,1.183749340949908,1.183749340949908,1.3114708302753002,1.3114708302753002,1.3114708302753002,1,5.0,5.0,5.0,40.0,40.0,40.0,4.0,4.0,4.0,0.17200354274099444,0.17200354274099444,0.17200354274099444,40.0,40.0,40.0,0.013385416666666667,0.013385416666666667,0.013385416666666667,181.6,181.6,181.6,141.6,141.6,141.6,0.21228472003854595,0.21228472003854595,0.21228472003854595,0.00921875,0.00921875,0.00921875,98.64000360965728,98.64000360965728,98.64000360965728,41.2,41.2,41.2,0.7877152799614541,0.7877152799614541,0.7877152799614541,0.553125,0.553125,0.553125,False,0.6449177583188268,0.6449177583188268,0.6449177583188268,0.45513115019883144,0.45513115019883144,0.45513115019883144,0.0936116393575103,0.0936116393575103,0.0936116393575103,2390.0,2390.0,2390.0,0.6797005208333333,0.6797005208333333,0.6797005208333333,0.3101304769515991,0.3101304769515991,0.3101304769515991,81.4628550467547,81.4628550467547,81.4628550467547,0.45513115019883144,0.45513115019883144,0.45513115019883144,0.0,0.0,0.0,4.240141360212496,4.240141360212496,4.240141360212496,1,-42.75741182278852,-42.75741182278852,-42.75741182278852,-29.554092475843323,-29.554092475843323,-29.554092475843323,-0.2746666666666666,-0.2746666666666666,-0.2746666666666666,-4.454400162585079,-4.454400162585079,-4.454400162585079,-17.300000000000043,-17.300000000000043,-17.300000000000043,0.0010494693935476005,0.0010494693935476005,0.0010494693935476005,5.6,5.6,5.6,0.0,0.0,0.0,,0.6449177583188268,0.6449177583188268,0.6449177583188268,24.0,24.0,24.0,22.8,22.8,22.8,5329.2,5329.2,5329.2,15.46342347950789,15.46342347950789,15.46342347950789,160.33999999999347,160.33999999999347,160.33999999999347,reward,81.4628550467547,81.4628550467547,81.4628550467547,0.9774218749999999,0.9774218749999999,0.9774218749999999,0.9709999999885136,0.9709999999885136,0.9709999999885136,445.44000017642975,445.44000017642975,445.44000017642975,pdqn_train_eval,False,2.484513880352266,2.484513880352266,2.484513880352266,18.78984375,18.78984375,18.78984375,0.9026453903080425,0.9026453903080425,0.9026453903080425,0.09725162848253874,0.09725162848253874,0.09725162848253874,0.9989505306064524,0.9989505306064524,0.9989505306064524,0.9989505306064524,0.9989505306064524,0.9989505306064524,0.9016989021239137,0.9016989021239137,0.9016989021239137,6308.436987790249,6308.436987790249,6308.436987790249,181.6,181.6,181.6,5334.8,5334.8,5334.8,15360.0,15360.0,15360.0,D:\python_code\LEO_switch\results\multiseed_0907\seed42\u30\learned_baselines\pdqn\training_history.json,/home/pjpjq/LEO_switch/results/baseline_compare/multiuser_scaling_multiuser_single_seed_150k_20260804/u30/learned_baselines/pdqn/best_model.pt,150000.0,150000.0,150000.0,/home/pjpjq/LEO_switch/results/baseline_compare/multiuser_scaling_multiuser_single_seed_150k_20260804/u30/learned_baselines/pdqn/pdqn_training.log,,,,,,,,,,,,,
30,mappo_no_han,MAPPO,1,0.5889531571484038,0.5889531571484038,0.5889531571484038,0.8148461409939907,0.8148461409939907,0.8148461409939907,2.9013402820875536,2.9013402820875536,2.9013402820875536,0.5889531571484038,0.5889531571484038,0.5889531571484038,2.027136838097198,2.027136838097198,2.027136838097198,1,0.022825520833333335,0.022825520833333335,0.022825520833333335,350.6,350.6,350.6,4346.2,4346.2,4346.2,0.18221033865522315,0.18221033865522315,0.18221033865522315,972.4,972.4,972.4,1.3556696277655036,1.3556696277655036,1.3556696277655036,1.6613518870288124,1.6613518870288124,1.6613518870288124,1,5.0,5.0,5.0,0.0,0.0,0.0,7.6,7.6,7.6,0.409165916051162,0.409165916051162,0.409165916051162,0.0,0.0,0.0,0.004830729166666666,0.004830729166666666,0.004830729166666666,45.0,45.0,45.0,45.0,45.0,45.0,0.0,0.0,0.0,0.0029296875,0.0029296875,0.0029296875,44.52000150680542,44.52000150680542,44.52000150680542,0.0,0.0,0.0,1.0,1.0,1.0,0.17578125,0.17578125,0.17578125,False,0.8179245629457617,0.8179245629457617,0.8179245629457617,0.5889531571484038,0.5889531571484038,0.5889531571484038,0.06467258663390629,0.06467258663390629,0.06467258663390629,2559.0,2559.0,2559.0,0.7601432291666667,0.7601432291666667,0.7601432291666667,0.18929162621498108,0.18929162621498108,0.18929162621498108,58.788018135083256,58.788018135083256,58.788018135083256,0.5889531571484038,0.5889531571484038,0.5889531571484038,0.0,0.0,0.0,4.302058214207824,4.302058214207824,4.302058214207824,1,-42.909831436603895,-42.909831436603895,-42.909831436603895,-27.4887461070918,-27.4887461070918,-27.4887461070918,0.0,0.0,0.0,-3.951200158894062,-3.951200158894062,-3.951200158894062,-32.66666666666718,-32.66666666666718,-32.66666666666718,0.0016131659985904809,0.0016131659985904809,0.0016131659985904809,8.6,8.6,8.6,0.0,0.0,0.0,,0.8179245629457617,0.8179245629457617,0.8179245629457617,29.2,29.2,29.2,29.2,29.2,29.2,5326.2,5326.2,5326.2,20.93112649233335,20.93112649233335,20.93112649233335,144.8733333333277,144.8733333333277,144.8733333333277,reward,58.788018135083256,58.788018135083256,58.788018135083256,0.9771744791666667,0.9771744791666667,0.9771744791666667,0.9742760416275511,0.9742760416275511,0.9742760416275511,395.1200006008148,395.1200006008148,395.1200006008148,mappo_no_han_train_eval,False,8.314504387790475,8.314504387790475,8.314504387790475,16.97734375,16.97734375,16.97734375,0.8160729347634236,0.8160729347634236,0.8160729347634236,0.1836361671714825,0.1836361671714825,0.1836361671714825,0.9983868340014096,0.9983868340014096,0.9983868340014096,0.9983868340014096,0.9983868340014096,0.9983868340014096,0.8147506668299271,0.8147506668299271,0.8147506668299271,7220.567571404625,7220.567571404625,7220.567571404625,45.0,45.0,45.0,5334.8,5334.8,5334.8,15360.0,15360.0,15360.0,D:\python_code\LEO_switch\results\multiseed_0907\seed42\u30\learned_baselines\mappo_no_han\training_history.json,/home/pjpjq/LEO_switch/results/baseline_compare/multiuser_scaling_multiuser_single_seed_150k_20260804/u30/learned_baselines/mappo_no_han/best_model.pt,150000.0,150000.0,150000.0,,,,,,,,,,,,,,
30,maddpg,MADDPG,1,0.6372343365777823,0.6372343365777823,0.6372343365777823,0.8837600313562218,0.8837600313562218,0.8837600313562218,3.430244622629277,3.430244622629277,3.430244622629277,0.6372343365777823,0.6372343365777823,0.6372343365777823,2.3269818780494553,2.3269818780494553,2.3269818780494553,1,0.022656249999999996,0.022656249999999996,0.022656249999999996,348.0,348.0,348.0,3834.6,3834.6,3834.6,0.2779782954111839,0.2779782954111839,0.2779782954111839,1483.2,1483.2,1483.2,1.3399985943631003,1.3399985943631003,1.3399985943631003,1.8608179510205782,1.8608179510205782,1.8608179510205782,1,5.0,5.0,5.0,0.0,0.0,0.0,7.2,7.2,7.2,0.5340665348866552,0.5340665348866552,0.5340665348866552,0.0,0.0,0.0,0.003671875,0.003671875,0.003671875,26.6,26.6,26.6,26.6,26.6,26.6,0.0,0.0,0.0,0.0017317708333333334,0.0017317708333333334,0.0017317708333333334,33.84000115394592,33.84000115394592,33.84000115394592,0.0,0.0,0.0,1.0,1.0,1.0,0.10390625,0.10390625,0.10390625,False,0.854182799487835,0.854182799487835,0.854182799487835,0.6372343365777823,0.6372343365777823,0.6372343365777823,0.055393057566286784,0.055393057566286784,0.055393057566286784,2560.0,2560.0,2560.0,0.0,0.0,0.0,1.0,1.0,1.0,31.927613353679043,31.927613353679043,31.927613353679043,0.6372343365777823,0.6372343365777823,0.6372343365777823,0.0,0.0,0.0,4.691363249538685,4.691363249538685,4.691363249538685,1,-43.48796741045241,-43.48796741045241,-43.48796741045241,-20.773100878732308,-20.773100878732308,-20.773100878732308,0.0,0.0,0.0,-3.818400155194104,-3.818400155194104,-3.818400155194104,-49.67999999999974,-49.67999999999974,-49.67999999999974,0.0018392493598235918,0.0018392493598235918,0.0018392493598235918,9.8,9.8,9.8,0.0,0.0,0.0,,0.854182799487835,0.854182799487835,0.854182799487835,29.8,29.8,29.8,29.8,29.8,29.8,5325.0,5325.0,5325.0,21.86707966688865,21.86707966688865,21.86707966688865,127.81999999999532,127.81999999999532,127.81999999999532,reward,31.927613353679043,31.927613353679043,31.927613353679043,0.97734375,0.97734375,0.97734375,0.9751406249621262,0.9751406249621262,0.9751406249621262,381.8400005817413,381.8400005817413,381.8400005817413,maddpg_train_eval,False,5.72623139035887,5.72623139035887,5.72623139035887,14.97890625,14.97890625,14.97890625,0.7201621341366801,0.7201621341366801,0.7201621341366801,0.2793280310403043,0.2793280310403043,0.2793280310403043,0.9981607506401764,0.9981607506401764,0.9981607506401764,0.9981607506401764,0.9981607506401764,0.9981607506401764,0.7188327195998722,0.7188327195998722,0.7188327195998722,7135.492514983509,7135.492514983509,7135.492514983509,26.6,26.6,26.6,5334.8,5334.8,5334.8,15360.0,15360.0,15360.0,D:\python_code\LEO_switch\results\multiseed_0907\seed42\u30\learned_baselines\maddpg\training_history.json,/home/pjpjq/LEO_switch/results/baseline_compare/multiuser_scaling_multiuser_single_seed_150k_20260804/u30/learned_baselines/maddpg/maddpg_model.pt,150000.0,150000.0,150000.0,/home/pjpjq/LEO_switch/results/baseline_compare/multiuser_scaling_multiuser_single_seed_150k_20260804/u30/learned_baselines/maddpg/maddpg_training.log,31.927613353679043,31.927613353679043,31.927613353679043,,,,,,,,,,
30,min_distance,Min-Distance,1,0.33039534097730033,0.33039534097730033,0.33039534097730033,0.35732097832333265,0.35732097832333265,0.35732097832333265,3.8902845936610833,3.8902845936610833,3.8902845936610833,0.33039534097730033,0.33039534097730033,0.33039534097730033,2.290094535127339,2.290094535127339,2.290094535127339,1,0.02127604166666667,0.02127604166666667,0.02127604166666667,326.8,326.8,326.8,3544.0,3544.0,3544.0,0.3342260047982174,0.3342260047982174,0.3342260047982174,1783.4,1783.4,1783.4,1.5746598857959,1.5746598857959,1.5746598857959,2.367321634176229,2.367321634176229,2.367321634176229,1,5.0,5.0,5.0,0.2,0.2,0.2,0.6,0.6,0.6,0.09824992617445447,0.09824992617445447,0.09824992617445447,0.2,0.2,0.2,0.00359375,0.00359375,0.00359375,50.0,50.0,50.0,49.8,49.8,49.8,0.004081632653061224,0.004081632653061224,0.004081632653061224,0.0032421874999999994,0.0032421874999999994,0.0032421874999999994,33.000001311302185,33.000001311302185,33.000001311302185,0.0,0.0,0.0,0.9959183673469388,0.9959183673469388,0.9959183673469388,0.19453125,0.19453125,0.19453125,False,0.5852425693372828,0.5852425693372828,0.5852425693372828,0.33039534097730033,0.33039534097730033,0.33039534097730033,0.12582813514117017,0.12582813514117017,0.12582813514117017,2560.0,2560.0,2560.0,0.0,0.0,0.0,1.0,1.0,1.0,9.546008378786428,9.546008378786428,9.546008378786428,0.33039534097730033,0.33039534097730033,0.33039534097730033,0.2,0.2,0.2,4.892521541996176,4.892521541996176,4.892521541996176,1,-39.468179359183814,-39.468179359183814,-39.468179359183814,-21.03535485659401,-21.03535485659401,-21.03535485659401,-0.0013333333333333335,-0.0013333333333333335,-0.0013333333333333335,-3.598000142350793,-3.598000142350793,-3.598000142350793,-59.46666666666586,-59.46666666666586,-59.46666666666586,0.0012743463049716959,0.0012743463049716959,0.0012743463049716959,6.8,6.8,6.8,0.0,0.0,0.0,,0.5852425693372828,0.5852425693372828,0.5852425693372828,5.2,5.2,5.2,5.2,5.2,5.2,5328.0,5328.0,5328.0,14.982209775034523,14.982209775034523,14.982209775034523,118.13333333332919,118.13333333332919,118.13333333332919,reward,9.546008378786428,9.546008378786428,9.546008378786428,0.9787239583333334,0.9787239583333334,0.9787239583333334,0.9765755209078391,0.9765755209078391,0.9765755209078391,359.79999885559084,359.79999885559084,359.79999885559084,heuristic_eval,False,3.8301142041607337,3.8301142041607337,3.8301142041607337,13.84375,13.84375,13.84375,0.6652327295556363,0.6652327295556363,0.6652327295556363,0.3343389233159952,0.3343389233159952,0.3343389233159952,0.9987256536950282,0.9987256536950282,0.9987256536950282,0.9987256536950282,0.9987256536950282,0.9987256536950282,0.6643867303790331,0.6643867303790331,0.6643867303790331,8389.787871520555,8389.787871520555,8389.787871520555,50.0,50.0,50.0,5334.8,5334.8,5334.8,15360.0,15360.0,15360.0,,,,,,,,,,min_distance(best_offload=1.00),1.0,1.0,1.0,,,,,,
30,full_local,Full-Local,1,1.0,1.0,1.0,0.0,0.0,0.0,5.421711820144391,5.421711820144391,5.421711820144391,1.0,1.0,1.0,2.2284377342198116,2.2284377342198116,2.2284377342198116,1,0.6982552083333334,0.6982552083333334,0.6982552083333334,10725.2,10725.2,10725.2,2704.4,2704.4,2704.4,0.4929824422900431,0.4929824422900431,0.4929824422900431,2630.4,2630.4,2630.4,2.1065813730014535,2.1065813730014535,2.1065813730014535,4.155520747185385,4.155520747185385,4.155520747185385,1,5.0,5.0,5.0,0.0,0.0,0.0,0.0,0.0,0.0,1.0,1.0,1.0,0.0,0.0,0.0,0.0,0.0,0.0,0.0,0.0,0.0,0.0,0.0,0.0,0.0,0.0,0.0,0.0,0.0,0.0,0.0,0.0,0.0,0.0,0.0,0.0,0.0,0.0,0.0,0.0,0.0,0.0,False,0.0,0.0,0.0,1.0,1.0,1.0,0.0,0.0,0.0,0.0,0.0,0.0,1.0,1.0,1.0,0.0,0.0,0.0,-154.71335575394332,-154.71335575394332,-154.71335575394332,1.0,1.0,1.0,0.0,0.0,0.0,5.402742558197561,5.402742558197561,5.402742558197561,1,-29.189520146276237,-29.189520146276237,-29.189520146276237,-20.738494967209327,-20.738494967209327,-20.738494967209327,0.0,0.0,0.0,-107.25201444402337,-107.25201444402337,-107.25201444402337,-87.67999999999759,-87.67999999999759,-87.67999999999759,0.0,0.0,0.0,0.0,0.0,0.0,0.0,0.0,0.0,,0.0,0.0,0.0,0.0,0.0,0.0,0.0,0.0,0.0,5334.8,5334.8,5334.8,0.0,0.0,0.0,90.14666666666412,90.14666666666412,90.14666666666412,reward,-154.71335575394332,-154.71335575394332,-154.71335575394332,0.3017447916666667,0.3017447916666667,0.3017447916666667,0.3017447916666667,0.3017447916666667,0.3017447916666667,10725.2,10725.2,10725.2,heuristic_eval,False,6.339244920783949,6.339244920783949,6.339244920783949,10.5640625,10.5640625,10.5640625,0.5070175577099569,0.5070175577099569,0.5070175577099569,0.4929824422900431,0.4929824422900431,0.4929824422900431,1.0,1.0,1.0,1.0,1.0,1.0,0.5070175577099569,0.5070175577099569,0.5070175577099569,11238.190308688156,11238.190308688156,11238.190308688156,0.0,0.0,0.0,5334.8,5334.8,5334.8,15360.0,15360.0,15360.0,,,,,,,,,,,,,,,,,,,
30,han_pdqn_sca,SCA,1,0.5554623063927603,0.5554623063927603,0.5554623063927603,0.6298528507813355,0.6298528507813355,0.6298528507813355,1.9752980881082745,1.9752980881082745,1.9752980881082745,0.5554623063927603,0.5554623063927603,0.5554623063927603,1.759753921876764,1.759753921876764,1.759753921876764,1,0.022135416666666664,0.022135416666666664,0.022135416666666664,340.0,340.0,340.0,4972.2,4972.2,4972.2,0.06654256116718885,0.06654256116718885,0.06654256116718885,355.2,355.2,355.2,,,,1.226113470802553,1.226113470802553,1.226113470802553,1,5.0,5.0,5.0,0.0,0.0,0.0,2.0,2.0,2.0,0.13845932196627125,0.13845932196627125,0.13845932196627125,0.0,0.0,0.0,0.01015625,0.01015625,0.01015625,137.4,137.4,137.4,137.4,137.4,137.4,0.0,0.0,0.0,0.0089453125,0.0089453125,0.0089453125,93.60000343322754,93.60000343322754,93.60000343322754,0.0,0.0,0.0,1.0,1.0,1.0,0.53671875,0.53671875,0.53671875,False,0.7174621301230739,0.7174621301230739,0.7174621301230739,0.5554623063927603,0.5554623063927603,0.5554623063927603,0.0714478409056015,0.0714478409056015,0.0714478409056015,2522.0,2522.0,2522.0,0.45287760416666667,0.45287760416666667,0.45287760416666667,0.5319111347198486,0.5319111347198486,0.5319111347198486,94.56305620749481,94.56305620749481,94.56305620749481,0.5554623063927603,0.5554623063927603,0.5554623063927603,0.0,0.0,0.0,4.022488507073437,4.022488507073437,4.022488507073437,1,-42.98722902974993,-42.98722902974993,-42.98722902974993,-30.046304503440364,-30.046304503440364,-30.046304503440364,0.0,0.0,0.0,-4.336000163853169,-4.336000163853169,-4.336000163853169,-11.906666666666634,-11.906666666666634,-11.906666666666634,0.0010109159355016768,0.0010109159355016768,0.0010109159355016768,5.4,5.4,5.4,,,,,0.7174621301230739,0.7174621301230739,0.7174621301230739,18.6,18.6,18.6,18.6,18.6,18.6,5329.4,5329.4,5329.4,18.09925301904839,18.09925301904839,18.09925301904839,165.73999999999316,165.73999999999316,165.73999999999316,,,,,0.9778645833333333,0.9778645833333333,0.9778645833333333,0.9717708332976326,0.9717708332976326,0.9717708332976326,433.60000054836274,433.60000054836274,433.60000054836274,frozen_checkpoint_paired_eval,False,4.664542207713788,4.664542207713788,4.664542207713788,19.42265625,19.42265625,19.42265625,0.9330134579188746,0.9330134579188746,0.9330134579188746,0.06691755683327787,0.06691755683327787,0.06691755683327787,0.9989890840644984,0.9989890840644984,0.9989890840644984,0.9989890840644984,0.9989890840644984,0.9989890840644984,0.9320715272312203,0.9320715272312203,0.9320715272312203,6089.539342174061,6089.539342174061,6089.539342174061,137.4,137.4,137.4,5334.8,5334.8,5334.8,15360.0,15360.0,15360.0,,D:\python_code\LEO_switch\han_pdqn\best_model_u30.pt,,,,,,,,,,,,16.241679687414035,16.241679687414035,16.241679687414035,21.652140003425302,21.652140003425302,21.652140003425302
35,han_mappo_latency_priority_multiuser_u35,HAN+MAPPO,1,0.6227904706322422,0.6227904706322422,0.6227904706322422,0.8705781868676661,0.8705781868676661,0.8705781868676661,3.000730027019099,3.000730027019099,3.000730027019099,0.6227904706322422,0.6227904706322422,0.6227904706322422,2.049299487073248,2.049299487073248,2.049299487073248,1,0.020491071428571428,0.020491071428571428,0.020491071428571428,367.2,367.2,367.2,4961.2,4961.2,4961.2,0.1994041116578396,0.1994041116578396,0.1994041116578396,1239.4,1239.4,1239.4,1.50267110093291,1.50267110093291,1.50267110093291,1.8806710876224753,1.8806710876224753,1.8806710876224753,1,5.0,5.0,5.0,0.0,0.0,0.0,8.6,8.6,8.6,0.5208737200499214,0.5208737200499214,0.5208737200499214,0.0,0.0,0.0,0.0039955357142857145,0.0039955357142857145,0.0039955357142857145,34.4,34.4,34.4,34.4,34.4,34.4,0.0,0.0,0.0,0.0019196428571428572,0.0019196428571428572,0.0019196428571428572,42.96000161170959,42.96000161170959,42.96000161170959,0.0,0.0,0.0,1.0,1.0,1.0,0.11517857142857142,0.11517857142857142,0.11517857142857142,False,0.8417598504270163,0.8417598504270163,0.8417598504270163,0.6227904706322422,0.6227904706322422,0.6227904706322422,0.05811124975684571,0.05811124975684571,0.05811124975684571,2559.0,2559.0,2559.0,0.7618303571428572,0.7618303571428572,0.7618303571428572,0.16041699051856995,0.16041699051856995,0.16041699051856995,52.705788292514264,52.705788292514264,52.705788292514264,0.6227904706322422,0.6227904706322422,0.6227904706322422,0.0,0.0,0.0,4.301672329975443,4.301672329975443,4.301672329975443,1,-42.69094894290405,-42.69094894290405,-42.69094894290405,-28.720087423061123,-28.720087423061123,-28.720087423061123,0.0,0.0,0.0,-3.5156573042273522,-3.5156573042273522,-3.5156573042273522,-35.65714285714332,-35.65714285714332,-35.65714285714332,0.0012241995781585586,0.0012241995781585586,0.0012241995781585586,7.6,7.6,7.6,0.0,0.0,0.0,,0.8417598504270163,0.8417598504270163,0.8417598504270163,37.2,37.2,37.2,37.2,37.2,37.2,6209.2,6209.2,6209.2,21.54105118586255,21.54105118586255,21.54105118586255,141.7485714285721,141.7485714285721,141.7485714285721,reward,52.705788292514264,52.705788292514264,52.705788292514264,0.9795089285714285,0.9795089285714285,0.9795089285714285,0.9771116071034756,0.9771116071034756,0.9771116071034756,410.16000070571897,410.16000070571897,410.16000070571897,checkpoint_eval,True,7.955065115203415,7.955065115203415,7.955065115203415,16.611160714285713,16.611160714285713,16.611160714285713,0.7989666414688537,0.7989666414688537,0.7989666414688537,0.20078595760167822,0.20078595760167822,0.20078595760167822,0.9987758004218413,0.9987758004218413,0.9987758004218413,0.9987758004218413,0.9987758004218413,0.9987758004218413,0.7979898428201632,0.7979898428201632,0.7979898428201632,9330.385399912624,9330.385399912624,9330.385399912624,34.4,34.4,34.4,6216.8,6216.8,6216.8,17920.0,17920.0,17920.0,/home/pjpjq/LEO_switch/results/full_train_latency_priority_multiuser_u35_multiuser_single_seed_150k_20260804/training_history.json,,,,,,,,,,,,,,,,,,
35,han_pdqn,HAN+PDQN,1,0.5443147315320721,0.5443147315320721,0.5443147315320721,0.6318095576461771,0.6318095576461771,0.6318095576461771,2.0953525180758,2.0953525180758,2.0953525180758,0.5443147315320721,0.5443147315320721,0.5443147315320721,1.8244328376848167,1.8244328376848167,1.8244328376848167,1,0.018828124999999998,0.018828124999999998,0.018828124999999998,337.4,337.4,337.4,5680.0,5680.0,5680.0,0.08549825230042196,0.08549825230042196,0.08549825230042196,531.4,531.4,531.4,1.2170890393544334,1.2170890393544334,1.2170890393544334,1.3313411301614375,1.3313411301614375,1.3313411301614375,1,5.0,5.0,5.0,0.0,0.0,0.0,1.8,1.8,1.8,0.15122411314606998,0.15122411314606998,0.15122411314606998,0.0,0.0,0.0,0.007667410714285714,0.007667410714285714,0.007667410714285714,118.8,118.8,118.8,118.8,118.8,118.8,0.0,0.0,0.0,0.006629464285714285,0.006629464285714285,0.006629464285714285,82.44000313282012,82.44000313282012,82.44000313282012,0.0,0.0,0.0,1.0,1.0,1.0,0.3977678571428571,0.3977678571428571,0.3977678571428571,True,0.7173741325351111,0.7173741325351111,0.7173741325351111,0.5443147315320721,0.5443147315320721,0.5443147315320721,0.07376819944206824,0.07376819944206824,0.07376819944206824,2513.0,2513.0,2513.0,0.5839620535714286,0.5839620535714286,0.5839620535714286,0.40312668681144714,0.40312668681144714,0.40312668681144714,87.4791245294502,87.4791245294502,87.4791245294502,0.5443147315320721,0.5443147315320721,0.5443147315320721,0.0,0.0,0.0,4.178802896474812,4.178802896474812,4.178802896474812,1,-43.504310699275216,-43.504310699275216,-43.504310699275216,-30.504329755034377,-30.504329755034377,-30.504329755034377,0.0,0.0,0.0,-3.5986287191510202,-3.5986287191510202,-3.5986287191510202,-15.234285714285667,-15.234285714285667,-15.234285714285667,0.0005808055244049461,0.0005808055244049461,0.0005808055244049461,3.6,3.6,3.6,6.0,6.0,6.0,Successful-Task Delay | P95 Successful-Task Delay | Task Success | Deadline Violation | Successful Task Throughput | Energy per Successful Task,0.7173741325351111,0.7173741325351111,0.7173741325351111,18.6,18.6,18.6,18.6,18.6,18.6,6213.2,6213.2,6213.2,18.0349644273169,18.0349644273169,18.0349644273169,162.28571428572252,162.28571428572252,162.28571428572252,reward,87.4791245294502,87.4791245294502,87.4791245294502,0.981171875,0.981171875,0.981171875,0.976571428549609,0.976571428549609,0.976571428549609,419.84000039100647,419.84000039100647,419.84000039100647,han_pdqn_train_eval,False,5.1709229304973645,5.1709229304973645,5.1709229304973645,19.017857142857142,19.017857142857142,19.017857142857142,0.9141627129192379,0.9141627129192379,0.9141627129192379,0.08578819810580776,0.08578819810580776,0.08578819810580776,0.999419194475595,0.999419194475595,0.999419194475595,0.999419194475595,0.999419194475595,0.999419194475595,0.9136309963697873,0.9136309963697873,0.9136309963697873,7562.0176193169655,7562.0176193169655,7562.0176193169655,118.8,118.8,118.8,6216.8,6216.8,6216.8,17920.0,17920.0,17920.0,D:\python_code\LEO_switch\results\multiseed_0907\seed42\u35\learned_baselines\han_pdqn\training_history.json,/home/pjpjq/LEO_switch/results/baseline_compare/multiuser_scaling_multiuser_single_seed_150k_20260804/u35/learned_baselines/han_pdqn/best_model.pt,150000.0,150000.0,150000.0,,,,,,,,,,,,,,
35,pdqn,PDQN,1,0.45236889085800186,0.45236889085800186,0.45236889085800186,0.4984879076762809,0.4984879076762809,0.4984879076762809,2.2215518680670003,2.2215518680670003,2.2215518680670003,0.45236889085800186,0.45236889085800186,0.45236889085800186,1.8627189146379748,1.8627189146379748,1.8627189146379748,1,0.02060267857142857,0.02060267857142857,0.02060267857142857,369.2,369.2,369.2,5536.4,5536.4,5536.4,0.10844544923560051,0.10844544923560051,0.10844544923560051,674.2,674.2,674.2,1.2550234916371923,1.2550234916371923,1.2550234916371923,1.4086711548536668,1.4086711548536668,1.4086711548536668,1,5.0,5.0,5.0,45.6,45.6,45.6,3.6,3.6,3.6,0.14838493982292347,0.14838493982292347,0.14838493982292347,45.6,45.6,45.6,0.014497767857142857,0.014497767857142857,0.014497767857142857,229.0,229.0,229.0,183.4,183.4,183.4,0.18218320578272956,0.18218320578272956,0.18218320578272956,0.010234375,0.010234375,0.010234375,128.40000493526458,128.40000493526458,128.40000493526458,45.8,45.8,45.8,0.8178167942172705,0.8178167942172705,0.8178167942172705,0.6140625,0.6140625,0.6140625,False,0.6571058531481293,0.6571058531481293,0.6571058531481293,0.45236889085800186,0.45236889085800186,0.45236889085800186,0.09426515408535077,0.09426515408535077,0.09426515408535077,2461.0,2461.0,2461.0,0.39934151785714284,0.39934151785714284,0.39934151785714284,0.589252769947052,0.589252769947052,0.589252769947052,77.19572979990626,77.19572979990626,77.19572979990626,0.45236889085800186,0.45236889085800186,0.45236889085800186,0.0,0.0,0.0,4.271590837280509,4.271590837280509,4.271590837280509,1,-43.05774773877203,-43.05774773877203,-43.05774773877203,-30.225825156125193,-30.225825156125193,-30.225825156125193,-0.261714285714286,-0.261714285714286,-0.261714285714286,-4.265143029391766,-4.265143029391766,-4.265143029391766,-19.365714285714226,-19.365714285714226,-19.365714285714226,0.00041952442647941494,0.00041952442647941494,0.00041952442647941494,2.6,2.6,2.6,0.0,0.0,0.0,,0.6571058531481293,0.6571058531481293,0.6571058531481293,30.8,30.8,30.8,30.6,30.6,30.6,6214.2,6214.2,6214.2,16.18901682921696,16.18901682921696,16.18901682921696,158.18285714286387,158.18285714286387,158.18285714286387,reward,77.19572979990626,77.19572979990626,77.19572979990626,0.9793973214285714,0.9793973214285714,0.9793973214285714,0.9722321427134532,0.9722321427134532,0.9722321427134532,497.60000257492067,497.60000257492067,497.60000257492067,pdqn_train_eval,False,4.845076198629822,4.845076198629822,4.845076198629822,18.537053571428572,18.537053571428572,18.537053571428572,0.8909365356014545,0.8909365356014545,0.8909365356014545,0.10902105421515455,0.10902105421515455,0.10902105421515455,0.9995804755735206,0.9995804755735206,0.9995804755735206,0.9995804755735206,0.9995804755735206,0.9995804755735206,0.890559421358366,0.890559421358366,0.890559421358366,7798.96698173184,7798.96698173184,7798.96698173184,229.0,229.0,229.0,6216.8,6216.8,6216.8,17920.0,17920.0,17920.0,D:\python_code\LEO_switch\results\multiseed_0907\seed42\u35\learned_baselines\pdqn\training_history.json,/home/pjpjq/LEO_switch/results/baseline_compare/multiuser_scaling_multiuser_single_seed_150k_20260804/u35/learned_baselines/pdqn/best_model.pt,150000.0,150000.0,150000.0,/home/pjpjq/LEO_switch/results/baseline_compare/multiuser_scaling_multiuser_single_seed_150k_20260804/u35/learned_baselines/pdqn/pdqn_training.log,,,,,,,,,,,,,
35,mappo_no_han,MAPPO,1,0.6250815681202945,0.6250815681202945,0.6250815681202945,0.8575690646786989,0.8575690646786989,0.8575690646786989,3.0101907937941146,3.0101907937941146,3.0101907937941146,0.6250815681202945,0.6250815681202945,0.6250815681202945,2.0378246909400666,2.0378246909400666,2.0378246909400666,1,0.021071428571428574,0.021071428571428574,0.021071428571428574,377.6,377.6,377.6,4953.2,4953.2,4953.2,0.20044770134898768,0.20044770134898768,0.20044770134898768,1246.0,1246.0,1246.0,1.5005993437937786,1.5005993437937786,1.5005993437937786,1.880929719348715,1.880929719348715,1.880929719348715,1,5.0,5.0,5.0,0.0,0.0,0.0,9.4,9.4,9.4,0.5275334055615747,0.5275334055615747,0.5275334055615747,0.0,0.0,0.0,0.0040625,0.0040625,0.0040625,34.6,34.6,34.6,34.6,34.6,34.6,0.0,0.0,0.0,0.0019308035714285716,0.0019308035714285716,0.0019308035714285716,43.68000156879425,43.68000156879425,43.68000156879425,0.0,0.0,0.0,1.0,1.0,1.0,0.11584821428571428,0.11584821428571428,0.11584821428571428,False,0.8379533544469246,0.8379533544469246,0.8379533544469246,0.6250815681202945,0.6250815681202945,0.6250815681202945,0.0576768636163549,0.0576768636163549,0.0576768636163549,2559.0,2559.0,2559.0,0.75765625,0.75765625,0.75765625,0.16658678650856018,0.16658678650856018,0.16658678650856018,52.467401579738365,52.467401579738365,52.467401579738365,0.6250815681202945,0.6250815681202945,0.6250815681202945,0.0,0.0,0.0,4.263571095581772,4.263571095581772,4.263571095581772,1,-42.46151346558984,-42.46151346558984,-42.46151346558984,-28.55510009709176,-28.55510009709176,-28.55510009709176,0.0,0.0,0.0,-3.6109715938568114,-3.6109715938568114,-3.6109715938568114,-35.86857142857191,-35.86857142857191,-35.86857142857191,0.001318943323846519,0.001318943323846519,0.001318943323846519,8.2,8.2,8.2,0.0,0.0,0.0,,0.8379533544469246,0.8379533544469246,0.8379533544469246,38.2,38.2,38.2,38.2,38.2,38.2,6208.6,6208.6,6208.6,21.443555886617723,21.443555886617723,21.443555886617723,141.52000000000058,141.52000000000058,141.52000000000058,reward,52.467401579738365,52.467401579738365,52.467401579738365,0.9789285714285715,0.9789285714285715,0.9789285714285715,0.9764910714142024,0.9764910714142024,0.9764910714142024,421.2800002574921,421.2800002574921,421.2800002574921,mappo_no_han_train_eval,False,7.8783946741218065,7.8783946741218065,7.8783946741218065,16.584375,16.584375,16.584375,0.7977766559543034,0.7977766559543034,0.7977766559543034,0.20196088601997766,0.20196088601997766,0.20196088601997766,0.9986810566761536,0.9986810566761536,0.9986810566761536,0.9986810566761536,0.9986810566761536,0.9986810566761536,0.7967201706561758,0.7967201706561758,0.7967201706561758,9316.621085878054,9316.621085878054,9316.621085878054,34.6,34.6,34.6,6216.8,6216.8,6216.8,17920.0,17920.0,17920.0,D:\python_code\LEO_switch\results\multiseed_0907\seed42\u35\learned_baselines\mappo_no_han\training_history.json,/home/pjpjq/LEO_switch/results/baseline_compare/multiuser_scaling_multiuser_single_seed_150k_20260804/u35/learned_baselines/mappo_no_han/best_model.pt,150000.0,150000.0,150000.0,,,,,,,,,,,,,,
35,maddpg,MADDPG,1,0.6857413458348253,0.6857413458348253,0.6857413458348253,0.9253590337448324,0.9253590337448324,0.9253590337448324,3.4792295653601557,3.4792295653601557,3.4792295653601557,0.6857413458348253,0.6857413458348253,0.6857413458348253,2.313311524181587,2.313311524181587,2.313311524181587,1,0.01997767857142857,0.01997767857142857,0.01997767857142857,358.0,358.0,358.0,4389.2,4389.2,4389.2,0.2915390280421921,0.2915390280421921,0.2915390280421921,1812.8,1812.8,1812.8,1.4157368071829368,1.4157368071829368,1.4157368071829368,2.0029069711754226,2.0029069711754226,2.0029069711754226,1,5.0,5.0,5.0,0.8,0.8,0.8,7.6,7.6,7.6,0.3319208338669057,0.3319208338669057,0.3319208338669057,0.8,0.8,0.8,0.014330357142857143,0.014330357142857143,0.014330357142857143,225.2,225.2,225.2,224.4,224.4,224.4,0.0009864364981504315,0.0009864364981504315,0.0009864364981504315,0.012522321428571428,0.012522321428571428,0.012522321428571428,153.60000431537628,153.60000431537628,153.60000431537628,0.0,0.0,0.0,0.9990135635018496,0.9990135635018496,0.9990135635018496,0.7513392857142857,0.7513392857142857,0.7513392857142857,False,0.879833777712341,0.879833777712341,0.879833777712341,0.6857413458348253,0.6857413458348253,0.6857413458348253,0.04660540819943307,0.04660540819943307,0.04660540819943307,2560.0,2560.0,2560.0,0.0,0.0,0.0,1.0,1.0,1.0,27.770627282597708,27.770627282597708,27.770627282597708,0.6857413458348253,0.6857413458348253,0.6857413458348253,0.8,0.8,0.8,4.758032879594612,4.758032879594612,4.758032879594612,1,-42.4928818084505,-42.4928818084505,-42.4928818084505,-21.26480845226806,-21.26480845226806,-21.26480845226806,-0.004571428571428572,-0.004571428571428572,-0.004571428571428572,-4.385143039189279,-4.385143039189279,-4.385143039189279,-52.01142857143088,-52.01142857143088,-52.01142857143088,0.0011586396312004512,0.0011586396312004512,0.0011586396312004512,7.2,7.2,7.2,0.0,0.0,0.0,,0.879833777712341,0.879833777712341,0.879833777712341,31.6,31.6,31.6,31.6,31.6,31.6,6209.6,6209.6,6209.6,22.523744709436023,22.523744709436023,22.523744709436023,125.40571428571056,125.40571428571056,125.40571428571056,reward,27.770627282597708,27.770627282597708,27.770627282597708,0.9800223214285714,0.9800223214285714,0.9800223214285714,0.9714508926376169,0.9714508926376169,0.9714508926376169,511.6000039339066,511.6000039339066,511.6000039339066,maddpg_train_eval,False,4.341259020710353,4.341259020710353,4.341259020710353,14.695982142857144,14.695982142857144,14.695982142857144,0.7068982987921331,0.7068982987921331,0.7068982987921331,0.2927622256111829,0.2927622256111829,0.2927622256111829,0.9988413603687996,0.9988413603687996,0.9988413603687996,0.9988413603687996,0.9988413603687996,0.9988413603687996,0.7060791347576167,0.7060791347576167,0.7060791347576167,8791.159277883165,8791.159277883165,8791.159277883165,225.2,225.2,225.2,6216.8,6216.8,6216.8,17920.0,17920.0,17920.0,D:\python_code\LEO_switch\results\multiseed_0907\seed42\u35\learned_baselines\maddpg\training_history.json,/home/pjpjq/LEO_switch/results/baseline_compare/multiuser_scaling_multiuser_single_seed_150k_20260804/u35/learned_baselines/maddpg/maddpg_model.pt,150000.0,150000.0,150000.0,/home/pjpjq/LEO_switch/results/baseline_compare/multiuser_scaling_multiuser_single_seed_150k_20260804/u35/learned_baselines/maddpg/maddpg_training.log,27.770627282597708,27.770627282597708,27.770627282597708,,,,,,,,,,
35,min_distance,Min-Distance,1,0.34273994752354164,0.34273994752354164,0.34273994752354164,0.382748127158828,0.382748127158828,0.382748127158828,3.980201708035467,3.980201708035467,3.980201708035467,0.34273994752354164,0.34273994752354164,0.34273994752354164,2.2961647112153916,2.2961647112153916,2.2961647112153916,1,0.01870535714285714,0.01870535714285714,0.01870535714285714,335.2,335.2,335.2,4034.2,4034.2,4034.2,0.34990566026534425,0.34990566026534425,0.34990566026534425,2175.8,2175.8,2175.8,1.6410311816755598,1.6410311816755598,1.6410311816755598,2.526428155061863,2.526428155061863,2.526428155061863,1,5.0,5.0,5.0,0.0,0.0,0.0,0.8,0.8,0.8,0.08731078061723223,0.08731078061723223,0.08731078061723223,0.0,0.0,0.0,0.0035825892857142857,0.0035825892857142857,0.0035825892857142857,58.8,58.8,58.8,58.8,58.8,58.8,0.0,0.0,0.0,0.0032812500000000003,0.0032812500000000003,0.0032812500000000003,38.52000153064728,38.52000153064728,38.52000153064728,0.0,0.0,0.0,1.0,1.0,1.0,0.196875,0.196875,0.196875,False,0.5932161923269896,0.5932161923269896,0.5932161923269896,0.34273994752354164,0.34273994752354164,0.34273994752354164,0.12237292367905346,0.12237292367905346,0.12237292367905346,2560.0,2560.0,2560.0,0.0,0.0,0.0,1.0,1.0,1.0,5.201707961081411,5.201707961081411,5.201707961081411,0.34273994752354164,0.34273994752354164,0.34273994752354164,0.0,0.0,0.0,4.964584045423837,4.964584045423837,4.964584045423837,1,-38.61683128271801,-38.61683128271801,-38.61683128271801,-21.23876580071348,-21.23876580071348,-21.23876580071348,0.0,0.0,0.0,-3.2033144190907477,-3.2033144190907477,-3.2033144190907477,-62.18857142857486,-62.18857142857486,-62.18857142857486,0.0009652856360272486,0.0009652856360272486,0.0009652856360272486,6.0,6.0,6.0,0.0,0.0,0.0,,0.5932161923269896,0.5932161923269896,0.5932161923269896,5.4,5.4,5.4,5.4,5.4,5.4,6210.8,6210.8,6210.8,15.186334523571011,15.186334523571011,15.186334523571011,115.26285714285434,115.26285714285434,115.26285714285434,reward,5.201707961081411,5.201707961081411,5.201707961081411,0.981294642857143,0.981294642857143,0.981294642857143,0.9791450893559626,0.9791450893559626,0.9791450893559626,373.7199987411499,373.7199987411499,373.7199987411499,heuristic_eval,False,5.14457862693067,5.14457862693067,5.14457862693067,13.50736607142857,13.50736607142857,13.50736607142857,0.6496272449897682,0.6496272449897682,0.6496272449897682,0.350033620361555,0.350033620361555,0.350033620361555,0.9990347143639727,0.9990347143639727,0.9990347143639727,0.9990347143639727,0.9990347143639727,0.9990347143639727,0.6490010940024177,0.6490010940024177,0.6490010940024177,10192.116463150567,10192.116463150567,10192.116463150567,58.8,58.8,58.8,6216.8,6216.8,6216.8,17920.0,17920.0,17920.0,,,,,,,,,,min_distance(best_offload=1.00),1.0,1.0,1.0,,,,,,
35,full_local,Full-Local,1,1.0,1.0,1.0,0.0,0.0,0.0,5.127386149035944,5.127386149035944,5.127386149035944,1.0,1.0,1.0,2.2316401802929464,2.2316401802929464,2.2316401802929464,1,0.693984375,0.693984375,0.693984375,12436.2,12436.2,12436.2,3243.8,3243.8,3243.8,0.47814123088209054,0.47814123088209054,0.47814123088209054,2973.0,2973.0,2973.0,2.092369550019281,2.092369550019281,2.092369550019281,4.010063203206075,4.010063203206075,4.010063203206075,1,5.0,5.0,5.0,0.0,0.0,0.0,0.0,0.0,0.0,1.0,1.0,1.0,0.0,0.0,0.0,0.0,0.0,0.0,0.0,0.0,0.0,0.0,0.0,0.0,0.0,0.0,0.0,0.0,0.0,0.0,0.0,0.0,0.0,0.0,0.0,0.0,0.0,0.0,0.0,0.0,0.0,0.0,False,0.0,0.0,0.0,1.0,1.0,1.0,0.0,0.0,0.0,0.0,0.0,0.0,1.0,1.0,1.0,0.0,0.0,0.0,-150.14985473959914,-150.14985473959914,-150.14985473959914,1.0,1.0,1.0,0.0,0.0,0.0,5.405586696770746,5.405586696770746,5.405586696770746,1,-29.956146712585365,-29.956146712585365,-29.956146712585365,-21.334851293999574,-21.334851293999574,-21.334851293999574,0.0,0.0,0.0,-106.59601243548096,-106.59601243548096,-106.59601243548096,-84.9428571428582,-84.9428571428582,-84.9428571428582,0.0,0.0,0.0,0.0,0.0,0.0,0.0,0.0,0.0,,0.0,0.0,0.0,0.0,0.0,0.0,0.0,0.0,0.0,6216.8,6216.8,6216.8,0.0,0.0,0.0,92.68000000000009,92.68000000000009,92.68000000000009,reward,-150.14985473959914,-150.14985473959914,-150.14985473959914,0.306015625,0.306015625,0.306015625,0.306015625,0.306015625,0.306015625,12436.2,12436.2,12436.2,heuristic_eval,False,7.341974793410803,7.341974793410803,7.341974793410803,10.8609375,10.8609375,10.8609375,0.5218587691179095,0.5218587691179095,0.5218587691179095,0.47814123088209054,0.47814123088209054,0.47814123088209054,1.0,1.0,1.0,1.0,1.0,1.0,0.5218587691179095,0.5218587691179095,0.5218587691179095,13007.843018559866,13007.843018559866,13007.843018559866,0.0,0.0,0.0,6216.8,6216.8,6216.8,17920.0,17920.0,17920.0,,,,,,,,,,,,,,,,,,,
35,han_pdqn_sca,SCA,1,0.5388781012495888,0.5388781012495888,0.5388781012495888,0.6237197334699586,0.6237197334699586,0.6237197334699586,2.0876466769402495,2.0876466769402495,2.0876466769402495,0.5388781012495888,0.5388781012495888,0.5388781012495888,1.812827463671042,1.812827463671042,1.812827463671042,1,0.018839285714285715,0.018839285714285715,0.018839285714285715,337.6,337.6,337.6,5687.2,5687.2,5687.2,0.08440968960913649,0.08440968960913649,0.08440968960913649,524.6,524.6,524.6,,,,1.3484425579147483,1.3484425579147483,1.3484425579147483,1,5.0,5.0,5.0,0.0,0.0,0.0,1.8,1.8,1.8,0.15367252100987422,0.15367252100987422,0.15367252100987422,0.0,0.0,0.0,0.0076227678571428575,0.0076227678571428575,0.0076227678571428575,117.6,117.6,117.6,117.6,117.6,117.6,0.0,0.0,0.0,0.006562500000000001,0.006562500000000001,0.006562500000000001,81.96000318527221,81.96000318527221,81.96000318527221,0.0,0.0,0.0,1.0,1.0,1.0,0.39375,0.39375,0.39375,False,0.7114401099461717,0.7114401099461717,0.7114401099461717,0.5388781012495888,0.5388781012495888,0.5388781012495888,0.07491202493166522,0.07491202493166522,0.07491202493166522,2515.0,2515.0,2515.0,0.5843191964285714,0.5843191964285714,0.5843191964285714,0.3995247483253479,0.3995247483253479,0.3995247483253479,87.67798012534622,87.67798012534622,87.67798012534622,0.5388781012495888,0.5388781012495888,0.5388781012495888,0.0,0.0,0.0,4.146379887470214,4.146379887470214,4.146379887470214,1,-43.37170042549306,-43.37170042549306,-43.37170042549306,-30.70261907133181,-30.70261907133181,-30.70261907133181,0.0,0.0,0.0,-3.5962287168949842,-3.5962287168949842,-3.5962287168949842,-15.039999999999953,-15.039999999999953,-15.039999999999953,0.0005159862082487316,0.0005159862082487316,0.0005159862082487316,3.2,3.2,3.2,,,,,0.7114401099461717,0.7114401099461717,0.7114401099461717,19.0,19.0,19.0,19.0,19.0,19.0,6213.6,6213.6,6213.6,17.89709895145098,17.89709895145098,17.89709895145098,162.49142857143687,162.49142857143687,162.49142857143687,,,,,0.9811607142857144,0.9811607142857144,0.9811607142857144,0.9765870535426906,0.9765870535426906,0.9765870535426906,419.56000051498415,419.56000051498415,419.56000051498415,frozen_checkpoint_paired_eval,False,5.057953066342931,5.057953066342931,5.057953066342931,19.041964285714286,19.041964285714286,19.041964285714286,0.9152577981005449,0.9152577981005449,0.9152577981005449,0.08469970877510645,0.08469970877510645,0.08469970877510645,0.9994840137917512,0.9994840137917512,0.9994840137917512,0.9994840137917512,0.9994840137917512,0.9994840137917512,0.9147843050166449,0.9147843050166449,0.9147843050166449,7661.764534123637,7661.764534123637,7661.764534123637,117.6,117.6,117.6,6216.8,6216.8,6216.8,17920.0,17920.0,17920.0,,D:\python_code\LEO_switch\han_pdqn\best_model_u35.pt,,,,,,,,,,,,18.331019648411484,18.331019648411484,18.331019648411484,24.511789997632143,24.511789997632143,24.511789997632143
40,han_mappo_latency_priority_multiuser_u40,HAN+MAPPO,1,0.6299534300504105,0.6299534300504105,0.6299534300504105,0.8717817892672794,0.8717817892672794,0.8717817892672794,3.16084416593835,3.16084416593835,3.16084416593835,0.6299534300504105,0.6299534300504105,0.6299534300504105,2.0571688994748243,2.0571688994748243,2.0571688994748243,1,0.0203125,0.0203125,0.0203125,416.0,416.0,416.0,5544.8,5544.8,5544.8,0.21738844651116196,0.21738844651116196,0.21738844651116196,1544.8,1544.8,1544.8,1.52882146029607,1.52882146029607,1.52882146029607,1.9563554662719547,1.9563554662719547,1.9563554662719547,1,5.0,5.0,5.0,0.0,0.0,0.0,5.8,5.8,5.8,0.4244013182928881,0.4244013182928881,0.4244013182928881,0.0,0.0,0.0,0.004853515625,0.004853515625,0.004853515625,57.4,57.4,57.4,57.4,57.4,57.4,0.0,0.0,0.0,0.002802734375,0.002802734375,0.002802734375,59.6400022983551,59.6400022983551,59.6400022983551,0.0,0.0,0.0,1.0,1.0,1.0,0.1681640625,0.1681640625,0.1681640625,False,0.8459401399476348,0.8459401399476348,0.8459401399476348,0.6299534300504105,0.6299534300504105,0.6299534300504105,0.05675723047163147,0.05675723047163147,0.05675723047163147,2560.0,2560.0,2560.0,0.7358203125,0.7358203125,0.7358203125,0.18539875745773315,0.18539875745773315,0.18539875745773315,48.18751681511785,48.18751681511785,48.18751681511785,0.6299534300504105,0.6299534300504105,0.6299534300504105,0.0,0.0,0.0,4.43049283093293,4.43049283093293,4.43049283093293,1,-41.75910989882082,-41.75910989882082,-41.75910989882082,-27.9971417034614,-27.9971417034614,-27.9971417034614,0.0,0.0,0.0,-3.5673001126386223,-3.5673001126386223,-3.5673001126386223,-38.764999999998864,-38.764999999998864,-38.764999999998864,0.0012383583092239433,0.0012383583092239433,0.0012383583092239433,8.8,8.8,8.8,0.0,0.0,0.0,,0.8459401399476348,0.8459401399476348,0.8459401399476348,42.0,42.0,42.0,42.0,42.0,42.0,7095.4,7095.4,7095.4,21.656067582659528,21.656067582659528,21.656067582659528,138.6200000000144,138.6200000000144,138.6200000000144,reward,48.18751681511785,48.18751681511785,48.18751681511785,0.9796875,0.9796875,0.9796875,0.9767753906117287,0.9767753906117287,0.9767753906117287,475.6400002717972,475.6400002717972,475.6400002717972,checkpoint_eval,True,6.721812686361325,6.721812686361325,6.721812686361325,16.24453125,16.24453125,16.24453125,0.7815283084550332,0.7815283084550332,0.7815283084550332,0.21820650671827102,0.21820650671827102,0.21820650671827102,0.9987616416907761,0.9987616416907761,0.9987616416907761,0.9987616416907761,0.9987616416907761,0.9987616416907761,0.7805551349725051,0.7805551349725051,0.7805551349725051,10847.599789384734,10847.599789384734,10847.599789384734,57.4,57.4,57.4,7104.2,7104.2,7104.2,20480.0,20480.0,20480.0,/home/pjpjq/LEO_switch/results/full_train_latency_priority_multiuser_u40_multiuser_single_seed_150k_20260804/training_history.json,,,,,,,,,,,,,,,,,,
40,han_pdqn,HAN+PDQN,1,0.5382430199672333,0.5382430199672333,0.5382430199672333,0.6563979233712939,0.6563979233712939,0.6563979233712939,2.2446827022189053,2.2446827022189053,2.2446827022189053,0.5382430199672333,0.5382430199672333,0.5382430199672333,1.8863789379975013,1.8863789379975013,1.8863789379975013,1,0.018779296875,0.018779296875,0.018779296875,384.6,384.6,384.6,6346.6,6346.6,6346.6,0.10573287963431166,0.10573287963431166,0.10573287963431166,751.2,751.2,751.2,1.3074213083125505,1.3074213083125505,1.3074213083125505,1.4623358805009723,1.4623358805009723,1.4623358805009723,1,5.0,5.0,5.0,0.4,0.4,0.4,0.8,0.8,0.8,0.06073897225406248,0.06073897225406248,0.06073897225406248,0.4,0.4,0.4,0.010244140625,0.010244140625,0.010244140625,198.2,198.2,198.2,197.8,197.8,197.8,0.001941747572815534,0.001941747572815534,0.001941747572815534,0.009658203125,0.009658203125,0.009658203125,125.64000487327576,125.64000487327576,125.64000487327576,0.0,0.0,0.0,0.9980582524271846,0.9980582524271846,0.9980582524271846,0.5794921875,0.5794921875,0.5794921875,True,0.7260469999185036,0.7260469999185036,0.7260469999185036,0.5382430199672333,0.5382430199672333,0.5382430199672333,0.07504616858957089,0.07504616858957089,0.07504616858957089,2523.0,2523.0,2523.0,0.5730078125,0.5730078125,0.5730078125,0.41350772976875305,0.41350772976875305,0.41350772976875305,79.45581286954693,79.45581286954693,79.45581286954693,0.5382430199672333,0.5382430199672333,0.5382430199672333,0.4,0.4,0.4,4.3366865095616856,4.3366865095616856,4.3366865095616856,1,-43.93611073298208,-43.93611073298208,-43.93611073298208,-30.968025737421478,-30.968025737421478,-30.968025737421478,-0.0020000000000000005,-0.0020000000000000005,-0.0020000000000000005,-3.826800134591758,-3.826800134591758,-3.826800134591758,-18.799999999999955,-18.799999999999955,-18.799999999999955,0.0007878212808306457,0.0007878212808306457,0.0007878212808306457,5.6,5.6,5.6,6.0,6.0,6.0,Successful-Task Delay | P95 Successful-Task Delay | Task Success | Deadline Violation | Successful Task Throughput | Energy per Successful Task,0.7260469999185036,0.7260469999185036,0.7260469999185036,11.6,11.6,11.6,11.6,11.6,11.6,7098.6,7098.6,7098.6,18.32375083478295,18.32375083478295,18.32375083478295,158.66500000001895,158.66500000001895,158.66500000001895,reward,79.45581286954693,79.45581286954693,79.45581286954693,0.9812207031250001,0.9812207031250001,0.9812207031250001,0.9750859374308494,0.9750859374308494,0.9750859374308494,510.2400014162064,510.2400014162064,510.2400014162064,han_pdqn_train_eval,False,5.360605041193744,5.360605041193744,5.360605041193744,18.5935546875,18.5935546875,18.5935546875,0.8940733238517959,0.8940733238517959,0.8940733238517959,0.10584568906825276,0.10584568906825276,0.10584568906825276,0.9992121787191692,0.9992121787191692,0.9992121787191692,0.9992121787191692,0.9992121787191692,0.9992121787191692,0.8933664896509166,0.8933664896509166,0.8933664896509166,9280.860899187472,9280.860899187472,9280.860899187472,198.2,198.2,198.2,7104.2,7104.2,7104.2,20480.0,20480.0,20480.0,D:\python_code\LEO_switch\results\multiseed_0907\seed42\u40\learned_baselines\han_pdqn\training_history.json,/home/pjpjq/LEO_switch/results/baseline_compare/multiuser_scaling_multiuser_single_seed_150k_20260804/u40/learned_baselines/han_pdqn/best_model.pt,150000.0,150000.0,150000.0,,,,,,,,,,,,,,
40,pdqn,PDQN,1,0.4822474554034377,0.4822474554034377,0.4822474554034377,0.6429631526915429,0.6429631526915429,0.6429631526915429,2.3881094331131147,2.3881094331131147,2.3881094331131147,0.4822474554034377,0.4822474554034377,0.4822474554034377,1.9274855664550874,1.9274855664550874,1.9274855664550874,1,0.018173828125,0.018173828125,0.018173828125,372.2,372.2,372.2,6149.0,6149.0,6149.0,0.13326235288349234,0.13326235288349234,0.13326235288349234,946.8,946.8,946.8,1.3150833303292369,1.3150833303292369,1.3150833303292369,1.5178743555070189,1.5178743555070189,1.5178743555070189,1,5.0,5.0,5.0,60.8,60.8,60.8,1.4,1.4,1.4,0.03391243735174511,0.03391243735174511,0.03391243735174511,60.8,60.8,60.8,0.016552734375,0.016552734375,0.016552734375,330.2,330.2,330.2,269.4,269.4,269.4,0.1611901809702927,0.1611901809702927,0.1611901809702927,0.013154296874999999,0.013154296874999999,0.013154296874999999,166.8000062942505,166.8000062942505,166.8000062942505,60.6,60.6,60.6,0.8388098190297073,0.8388098190297073,0.8388098190297073,0.7892578125,0.7892578125,0.7892578125,False,0.7163876170452593,0.7163876170452593,0.7163876170452593,0.4822474554034377,0.4822474554034377,0.4822474554034377,0.08732559174062479,0.08732559174062479,0.08732559174062479,2517.0,2517.0,2517.0,0.412353515625,0.412353515625,0.412353515625,0.5714237093925476,0.5714237093925476,0.5714237093925476,70.73945207333891,70.73945207333891,70.73945207333891,0.4822474554034377,0.4822474554034377,0.4822474554034377,0.4,0.4,0.4,4.473899381579651,4.473899381579651,4.473899381579651,1,-43.091395362241144,-43.091395362241144,-43.091395362241144,-29.882438292492488,-29.882438292492488,-29.882438292492488,-0.30500000000000027,-0.30500000000000027,-0.30500000000000027,-4.042500147316605,-4.042500147316605,-4.042500147316605,-23.70499999999972,-23.70499999999972,-23.70499999999972,0.0009849560877610239,0.0009849560877610239,0.0009849560877610239,7.0,7.0,7.0,0.0,0.0,0.0,,0.7163876170452593,0.7163876170452593,0.7163876170452593,8.8,8.8,8.8,8.6,8.6,8.6,7097.2,7097.2,7097.2,18.040786719586215,18.040786719586215,18.040786719586215,153.72500000001781,153.72500000001781,153.72500000001781,reward,70.73945207333891,70.73945207333891,70.73945207333891,0.981826171875,0.981826171875,0.981826171875,0.9736816404759884,0.9736816404759884,0.9736816404759884,539.0000030517579,539.0000030517579,539.0000030517579,pdqn_train_eval,False,3.0454454549878003,3.0454454549878003,3.0454454549878003,18.0146484375,18.0146484375,18.0146484375,0.8664104602266353,0.8664104602266353,0.8664104602266353,0.13345981991866038,0.13345981991866038,0.13345981991866038,0.9990150439122389,0.9990150439122389,0.9990150439122389,0.9990150439122389,0.9990150439122389,0.9990150439122389,0.8655552239935786,0.8655552239935786,0.8655552239935786,9333.40941201266,9333.40941201266,9333.40941201266,330.2,330.2,330.2,7104.2,7104.2,7104.2,20480.0,20480.0,20480.0,D:\python_code\LEO_switch\results\multiseed_0907\seed42\u40\learned_baselines\pdqn\training_history.json,/home/pjpjq/LEO_switch/results/baseline_compare/multiuser_scaling_multiuser_single_seed_150k_20260804/u40/learned_baselines/pdqn/best_model.pt,150000.0,150000.0,150000.0,/home/pjpjq/LEO_switch/results/baseline_compare/multiuser_scaling_multiuser_single_seed_150k_20260804/u40/learned_baselines/pdqn/pdqn_training.log,,,,,,,,,,,,,
40,mappo_no_han,MAPPO,1,0.6395609604416312,0.6395609604416312,0.6395609604416312,0.8835081825354244,0.8835081825354244,0.8835081825354244,3.3640253980715107,3.3640253980715107,3.3640253980715107,0.6395609604416312,0.6395609604416312,0.6395609604416312,2.0917532124298366,2.0917532124298366,2.0917532124298366,1,0.020302734375,0.020302734375,0.020302734375,415.8,415.8,415.8,5345.6,5345.6,5345.6,0.24510362267134575,0.24510362267134575,0.24510362267134575,1741.8,1741.8,1741.8,1.5224989213094018,1.5224989213094018,1.5224989213094018,2.020808580229435,2.020808580229435,2.020808580229435,1,5.0,5.0,5.0,0.0,0.0,0.0,7.8,7.8,7.8,0.5093522124851239,0.5093522124851239,0.5093522124851239,0.0,0.0,0.0,0.004208984375,0.004208984375,0.004208984375,43.0,43.0,43.0,43.0,43.0,43.0,0.0,0.0,0.0,0.002099609375,0.002099609375,0.002099609375,51.720001983642575,51.720001983642575,51.720001983642575,0.0,0.0,0.0,1.0,1.0,1.0,0.1259765625,0.1259765625,0.1259765625,False,0.8527537714294773,0.8527537714294773,0.8527537714294773,0.6395609604416312,0.6395609604416312,0.6395609604416312,0.05495968863842689,0.05495968863842689,0.05495968863842689,2560.0,2560.0,2560.0,0.75044921875,0.75044921875,0.75044921875,0.1902305632829666,0.1902305632829666,0.1902305632829666,41.10639638005523,41.10639638005523,41.10639638005523,0.6395609604416312,0.6395609604416312,0.6395609604416312,0.0,0.0,0.0,4.554976466306661,4.554976466306661,4.554976466306661,1,-40.80699405284601,-40.80699405284601,-40.80699405284601,-26.31070683622218,-26.31070683622218,-26.31070683622218,0.0,0.0,0.0,-3.5064001137390735,-3.5064001137390735,-3.5064001137390735,-43.73999999999859,-43.73999999999859,-43.73999999999859,0.001267500080491727,0.001267500080491727,0.001267500080491727,9.0,9.0,9.0,0.0,0.0,0.0,,0.8527537714294773,0.8527537714294773,0.8527537714294773,43.2,43.2,43.2,43.2,43.2,43.2,7095.2,7095.2,7095.2,21.830496548594684,21.830496548594684,21.830496548594684,133.64000000001323,133.64000000001323,133.64000000001323,reward,41.10639638005523,41.10639638005523,41.10639638005523,0.979697265625,0.979697265625,0.979697265625,0.9771718749683351,0.9771718749683351,0.9771718749683351,467.5200006484985,467.5200006484985,467.5200006484985,mappo_no_han_train_eval,False,6.0179476790601445,6.0179476790601445,6.0179476790601445,15.6609375,15.6609375,15.6609375,0.7534863812776955,0.7534863812776955,0.7534863812776955,0.24620257253316086,0.24620257253316086,0.24620257253316086,0.9987324999195083,0.9987324999195083,0.9987324999195083,0.9987324999195083,0.9987324999195083,0.9987324999195083,0.7525299273863475,0.7525299273863475,0.7525299273863475,10802.434346474467,10802.434346474467,10802.434346474467,43.0,43.0,43.0,7104.2,7104.2,7104.2,20480.0,20480.0,20480.0,D:\python_code\LEO_switch\results\multiseed_0907\seed42\u40\learned_baselines\mappo_no_han\training_history.json,/home/pjpjq/LEO_switch/results/baseline_compare/multiuser_scaling_multiuser_single_seed_150k_20260804/u40/learned_baselines/mappo_no_han/best_model.pt,150000.0,150000.0,150000.0,,,,,,,,,,,,,,
40,maddpg,MADDPG,1,0.7111362887403584,0.7111362887403584,0.7111362887403584,0.9413153511762815,0.9413153511762815,0.9413153511762815,3.7489813942226142,3.7489813942226142,3.7489813942226142,0.7111362887403584,0.7111362887403584,0.7111362887403584,2.309600650408216,2.309600650408216,2.309600650408216,1,0.0203515625,0.0203515625,0.0203515625,416.8,416.8,416.8,4837.6,4837.6,4837.6,0.31611400871858375,0.31611400871858375,0.31611400871858375,2246.4,2246.4,2246.4,1.495794115703957,1.495794115703957,1.495794115703957,2.193971541133826,2.193971541133826,2.193971541133826,1,5.0,5.0,5.0,0.0,0.0,0.0,11.6,11.6,11.6,0.4662159057927334,0.4662159057927334,0.4662159057927334,0.0,0.0,0.0,0.004951171875,0.004951171875,0.004951171875,54.8,54.8,54.8,54.8,54.8,54.8,0.0,0.0,0.0,0.0026757812499999998,0.0026757812499999998,0.0026757812499999998,60.84000244140625,60.84000244140625,60.84000244140625,0.0,0.0,0.0,1.0,1.0,1.0,0.160546875,0.160546875,0.160546875,False,0.8938881775317171,0.8938881775317171,0.8938881775317171,0.7111362887403584,0.7111362887403584,0.7111362887403584,0.042203492667478706,0.042203492667478706,0.042203492667478706,2560.0,2560.0,2560.0,0.0,0.0,0.0,1.0,1.0,1.0,21.854870332206154,21.854870332206154,21.854870332206154,0.7111362887403584,0.7111362887403584,0.7111362887403584,0.0,0.0,0.0,4.833114018243667,4.833114018243667,4.833114018243667,1,-40.91068558325395,-40.91068558325395,-40.91068558325395,-21.025682447991528,-21.025682447991528,-21.025682447991528,0.0,0.0,0.0,-3.582300119008869,-3.582300119008869,-3.582300119008869,-56.449999999997864,-56.449999999997864,-56.449999999997864,0.0012105788529634112,0.0012105788529634112,0.0012105788529634112,8.6,8.6,8.6,0.0,0.0,0.0,,0.8938881775317171,0.8938881775317171,0.8938881775317171,46.6,46.6,46.6,46.6,46.6,46.6,7095.6,7095.6,7095.6,22.88353734481201,22.88353734481201,22.88353734481201,120.94000000001037,120.94000000001037,120.94000000001037,reward,21.854870332206154,21.854870332206154,21.854870332206154,0.9796484375000001,0.9796484375000001,0.9796484375000001,0.9766777343337891,0.9766777343337891,0.9766777343337891,477.64000084400175,477.64000084400175,477.64000084400175,maddpg_train_eval,False,4.279079469846378,4.279079469846378,4.279079469846378,14.17265625,14.17265625,14.17265625,0.6818723668739655,0.6818723668739655,0.6818723668739655,0.3177468109548687,0.3177468109548687,0.3177468109548687,0.9987894211470365,0.9987894211470365,0.9987894211470365,0.9987894211470365,0.9987894211470365,0.9987894211470365,0.6810426101921678,0.6810426101921678,0.6810426101921678,10613.556727388997,10613.556727388997,10613.556727388997,54.8,54.8,54.8,7104.2,7104.2,7104.2,20480.0,20480.0,20480.0,D:\python_code\LEO_switch\results\multiseed_0907\seed42\u40\learned_baselines\maddpg\training_history.json,/home/pjpjq/LEO_switch/results/baseline_compare/multiuser_scaling_multiuser_single_seed_150k_20260804/u40/learned_baselines/maddpg/maddpg_model.pt,150000.0,150000.0,150000.0,/home/pjpjq/LEO_switch/results/baseline_compare/multiuser_scaling_multiuser_single_seed_150k_20260804/u40/learned_baselines/maddpg/maddpg_training.log,21.854870332206154,21.854870332206154,21.854870332206154,,,,,,,,,,
40,min_distance,Min-Distance,1,0.3494543471864018,0.3494543471864018,0.3494543471864018,0.3971919791033941,0.3971919791033941,0.3971919791033941,4.252558657555777,4.252558657555777,4.252558657555777,0.3494543471864018,0.3494543471864018,0.3494543471864018,2.2793794640742195,2.2793794640742195,2.2793794640742195,1,0.01853515625,0.01853515625,0.01853515625,379.6,379.6,379.6,4442.8,4442.8,4442.8,0.37360211624938094,0.37360211624938094,0.37360211624938094,2654.8,2654.8,2654.8,1.7004937504504243,1.7004937504504243,1.7004937504504243,2.716931853380141,2.716931853380141,2.716931853380141,1,5.0,5.0,5.0,0.0,0.0,0.0,0.8,0.8,0.8,0.08458345419580796,0.08458345419580796,0.08458345419580796,0.0,0.0,0.0,0.00357421875,0.00357421875,0.00357421875,67.2,67.2,67.2,67.2,67.2,67.2,0.0,0.0,0.0,0.0032812500000000003,0.0032812500000000003,0.0032812500000000003,43.92000172138214,43.92000172138214,43.92000172138214,0.0,0.0,0.0,1.0,1.0,1.0,0.196875,0.196875,0.196875,False,0.5984550113762797,0.5984550113762797,0.5984550113762797,0.3494543471864018,0.3494543471864018,0.3494543471864018,0.1205201298899031,0.1205201298899031,0.1205201298899031,2560.0,2560.0,2560.0,0.0,0.0,0.0,1.0,1.0,1.0,-1.1256308230294962,-1.1256308230294962,-1.1256308230294962,0.3494543471864018,0.3494543471864018,0.3494543471864018,0.0,0.0,0.0,5.005802530718164,5.005802530718164,5.005802530718164,1,-37.065591353710055,-37.065591353710055,-37.065591353710055,-20.884086247513856,-20.884086247513856,-20.884086247513856,0.0,0.0,0.0,-3.176400109194219,-3.176400109194219,-3.176400109194219,-66.38999999999798,-66.38999999999798,-66.38999999999798,0.0008152351067970773,0.0008152351067970773,0.0008152351067970773,5.8,5.8,5.8,0.0,0.0,0.0,,0.5984550113762797,0.5984550113762797,0.5984550113762797,6.0,6.0,6.0,6.0,6.0,6.0,7098.4,7098.4,7098.4,15.320448291232827,15.320448291232827,15.320448291232827,111.07000000000812,111.07000000000812,111.07000000000812,reward,-1.1256308230294962,-1.1256308230294962,-1.1256308230294962,0.9814648437499999,0.9814648437499999,0.9814648437499999,0.9793203125766012,0.9793203125766012,0.9793203125766012,423.51999843120575,423.51999843120575,423.51999843120575,heuristic_eval,False,3.9248786491531793,3.9248786491531793,3.9248786491531793,13.016015625,13.016015625,13.016015625,0.6259795227963706,0.6259795227963706,0.6259795227963706,0.3737147581162814,0.3737147581162814,0.3737147581162814,0.999184764893203,0.999184764893203,0.999184764893203,0.999184764893203,0.999184764893203,0.999184764893203,0.6254700067769215,0.6254700067769215,0.6254700067769215,12070.78483819729,12070.78483819729,12070.78483819729,67.2,67.2,67.2,7104.2,7104.2,7104.2,20480.0,20480.0,20480.0,,,,,,,,,,min_distance(best_offload=1.00),1.0,1.0,1.0,,,,,,
40,full_local,Full-Local,1,1.0,1.0,1.0,0.0,0.0,0.0,5.237622336297564,5.237622336297564,5.237622336297564,1.0,1.0,1.0,2.2089379405587057,2.2089379405587057,2.2089379405587057,1,0.6948046875,0.6948046875,0.6948046875,14229.6,14229.6,14229.6,3679.8,3679.8,3679.8,0.48191557611550584,0.48191557611550584,0.48191557611550584,3424.4,3424.4,3424.4,2.0969334872312695,2.0969334872312695,2.0969334872312695,4.0483273221339156,4.0483273221339156,4.0483273221339156,1,5.0,5.0,5.0,0.0,0.0,0.0,0.0,0.0,0.0,1.0,1.0,1.0,0.0,0.0,0.0,0.0,0.0,0.0,0.0,0.0,0.0,0.0,0.0,0.0,0.0,0.0,0.0,0.0,0.0,0.0,0.0,0.0,0.0,0.0,0.0,0.0,0.0,0.0,0.0,0.0,0.0,0.0,False,0.0,0.0,0.0,1.0,1.0,1.0,0.0,0.0,0.0,0.0,0.0,0.0,1.0,1.0,1.0,0.0,0.0,0.0,-150.9715515150725,-150.9715515150725,-150.9715515150725,1.0,1.0,1.0,0.0,0.0,0.0,5.396961233221859,5.396961233221859,5.396961233221859,1,-29.55018758977537,-29.55018758977537,-29.55018758977537,-21.084366437557183,-21.084366437557183,-21.084366437557183,0.0,0.0,0.0,-106.72200375944377,-106.72200375944377,-106.72200375944377,-85.61000000000233,-85.61000000000233,-85.61000000000233,0.0,0.0,0.0,0.0,0.0,0.0,0.0,0.0,0.0,,0.0,0.0,0.0,0.0,0.0,0.0,0.0,0.0,0.0,7104.2,7104.2,7104.2,0.0,0.0,0.0,91.99500000000378,91.99500000000378,91.99500000000378,reward,-150.9715515150725,-150.9715515150725,-150.9715515150725,0.3051953125,0.3051953125,0.3051953125,0.3051953125,0.3051953125,0.3051953125,14229.6,14229.6,14229.6,heuristic_eval,False,8.158908190138096,8.158908190138096,8.158908190138096,10.7806640625,10.7806640625,10.7806640625,0.5180844238844942,0.5180844238844942,0.5180844238844942,0.48191557611550584,0.48191557611550584,0.48191557611550584,1.0,1.0,1.0,1.0,1.0,1.0,0.5180844238844942,0.5180844238844942,0.5180844238844942,14897.034879988383,14897.034879988383,14897.034879988383,0.0,0.0,0.0,7104.2,7104.2,7104.2,20480.0,20480.0,20480.0,,,,,,,,,,,,,,,,,,,
40,han_pdqn_sca,SCA,1,0.5348335529197588,0.5348335529197588,0.5348335529197588,0.656422701759118,0.656422701759118,0.656422701759118,2.241260636502737,2.241260636502737,2.241260636502737,0.5348335529197588,0.5348335529197588,0.5348335529197588,1.8810493211111008,1.8810493211111008,1.8810493211111008,1,0.018916015624999998,0.018916015624999998,0.018916015624999998,387.4,387.4,387.4,6353.6,6353.6,6353.6,0.10469489074111948,0.10469489074111948,0.10469489074111948,743.8,743.8,743.8,,,,1.4828534635766615,1.4828534635766615,1.4828534635766615,1,5.0,5.0,5.0,0.0,0.0,0.0,0.6,0.6,0.6,0.05450859501935843,0.05450859501935843,0.05450859501935843,0.0,0.0,0.0,0.010556640625,0.010556640625,0.010556640625,205.4,205.4,205.4,205.4,205.4,205.4,0.0,0.0,0.0,0.010029296875,0.010029296875,0.010029296875,129.72000496387483,129.72000496387483,129.72000496387483,0.0,0.0,0.0,1.0,1.0,1.0,0.6017578125,0.6017578125,0.6017578125,False,0.7230451019916664,0.7230451019916664,0.7230451019916664,0.5348335529197588,0.5348335529197588,0.5348335529197588,0.07576822356328825,0.07576822356328825,0.07576822356328825,2533.0,2533.0,2533.0,0.57548828125,0.57548828125,0.57548828125,0.40848320722579956,0.40848320722579956,0.40848320722579956,79.56111942116112,79.56111942116112,79.56111942116112,0.5348335529197588,0.5348335529197588,0.5348335529197588,0.0,0.0,0.0,4.306644385617966,4.306644385617966,4.306644385617966,1,-43.950763429554186,-43.950763429554186,-43.950763429554186,-31.15807335485095,-31.15807335485095,-31.15807335485095,0.0,0.0,0.0,-3.878400137089193,-3.878400137089193,-3.878400137089193,-18.609999999999967,-18.609999999999967,-18.609999999999967,0.0008724587651963645,0.0008724587651963645,0.0008724587651963645,6.2,6.2,6.2,,,,,0.7230451019916664,0.7230451019916664,0.7230451019916664,10.8,10.8,10.8,10.8,10.8,10.8,7098.0,7098.0,7098.0,18.31835765550982,18.31835765550982,18.31835765550982,158.840000000019,158.840000000019,158.840000000019,,,,,0.9810839843749999,0.9810839843749999,0.9810839843749999,0.9747499999264255,0.9747499999264255,0.9747499999264255,517.1200015068055,517.1200015068055,517.1200015068055,frozen_checkpoint_paired_eval,False,4.8567876050584395,4.8567876050584395,4.8567876050584395,18.6140625,18.6140625,18.6140625,0.8951315409919273,0.8951315409919273,0.8951315409919273,0.1047799609240204,0.1047799609240204,0.1047799609240204,0.9991275412348036,0.9991275412348036,0.9991275412348036,0.9991275412348036,0.9991275412348036,0.9991275412348036,0.8943475803107832,0.8943475803107832,0.8943475803107832,9412.21137653475,9412.21137653475,9412.21137653475,205.4,205.4,205.4,7104.2,7104.2,7104.2,20480.0,20480.0,20480.0,,D:\python_code\LEO_switch\han_pdqn\best_model_u40.pt,,,,,,,,,,,,17.060523476590106,17.060523476590106,17.060523476590106,19.319679992986487,19.319679992986487,19.319679992986487
