num_users,method,display_name,seed_count,active_load_balance_score,active_load_balance_score_ci_low,active_load_balance_score_ci_high,active_mec_load_fairness,active_mec_load_fairness_ci_low,active_mec_load_fairness_ci_high,avg_delay,avg_delay_ci_low,avg_delay_ci_high,avg_load_balance_score,avg_load_balance_score_ci_low,avg_load_balance_score_ci_high,avg_success_delay,avg_success_delay_ci_low,avg_success_delay_ci_high,avg_success_delay_sample_count,blocked_time_ratio,blocked_time_ratio_ci_low,blocked_time_ratio_ci_high,blocked_user_seconds,blocked_user_seconds_ci_low,blocked_user_seconds_ci_high,completed_tasks,completed_tasks_ci_low,completed_tasks_ci_high,deadline_violation_rate,deadline_violation_rate_ci_low,deadline_violation_rate_ci_high,deadline_violations,deadline_violations_ci_low,deadline_violations_ci_high,energy_per_resolved_task,energy_per_resolved_task_ci_low,energy_per_resolved_task_ci_high,energy_per_successful_task,energy_per_successful_task_ci_low,energy_per_successful_task_ci_high,energy_per_successful_task_sample_count,episodes,episodes_ci_low,episodes_ci_high,failed_handovers,failed_handovers_ci_low,failed_handovers_ci_high,failed_tasks,failed_tasks_ci_low,failed_tasks_ci_high,forced_termination_rate,forced_termination_rate_ci_low,forced_termination_rate_ci_high,handover_aborted,handover_aborted_ci_low,handover_aborted_ci_high,handover_action_rate,handover_action_rate_ci_low,handover_action_rate_ci_high,handover_attempts,handover_attempts_ci_low,handover_attempts_ci_high,handover_committed,handover_committed_ci_low,handover_committed_ci_high,handover_failure_rate,handover_failure_rate_ci_low,handover_failure_rate_ci_high,handover_frequency,handover_frequency_ci_low,handover_frequency_ci_high,handover_interruption_seconds,handover_interruption_seconds_ci_low,handover_interruption_seconds_ci_high,handover_radio_failures,handover_radio_failures_ci_low,handover_radio_failures_ci_high,handover_success_rate,handover_success_rate_ci_low,handover_success_rate_ci_high,handovers_per_user_minute,handovers_per_user_minute_ci_low,handovers_per_user_minute_ci_high,is_system,jain_mec_load_fairness,jain_mec_load_fairness_ci_low,jain_mec_load_fairness_ci_high,load_balance_coefficient,load_balance_coefficient_ci_low,load_balance_coefficient_ci_high,load_balance_variance,load_balance_variance_ci_low,load_balance_variance_ci_high,load_variance_sample_count,load_variance_sample_count_ci_low,load_variance_sample_count_ci_high,local_compute_rate,local_compute_rate_ci_low,local_compute_rate_ci_high,mean_offload_ratio,mean_offload_ratio_ci_low,mean_offload_ratio_ci_high,mean_reward,mean_reward_ci_low,mean_reward_ci_high,mec_load_fairness,mec_load_fairness_ci_low,mec_load_fairness_ci_high,migration_rejections,migration_rejections_ci_low,migration_rejections_ci_high,p95_success_delay,p95_success_delay_ci_low,p95_success_delay_ci_high,p95_success_delay_sample_count,penalty_delay,penalty_delay_ci_low,penalty_delay_ci_high,penalty_energy,penalty_energy_ci_low,penalty_energy_ci_high,penalty_failed_handover,penalty_failed_handover_ci_low,penalty_failed_handover_ci_high,penalty_service_interruption,penalty_service_interruption_ci_low,penalty_service_interruption_ci_high,penalty_task_failure,penalty_task_failure_ci_low,penalty_task_failure_ci_high,pending_task_rate,pending_task_rate_ci_low,pending_task_rate_ci_high,pending_tasks,pending_tasks_ci_low,pending_tasks_ci_high,primary_metric_win_count,primary_metric_win_count_ci_low,primary_metric_win_count_ci_high,primary_metric_wins_text,reachable_jain_mec_load_fairness,reachable_jain_mec_load_fairness_ci_low,reachable_jain_mec_load_fairness_ci_high,reconnection_attempts,reconnection_attempts_ci_low,reconnection_attempts_ci_high,reconnections,reconnections_ci_low,reconnections_ci_high,resolved_tasks,resolved_tasks_ci_low,resolved_tasks_ci_high,reward_load_balance,reward_load_balance_ci_low,reward_load_balance_ci_high,reward_task_success,reward_task_success_ci_low,reward_task_success_ci_high,selection_metric,selection_score,selection_score_ci_low,selection_score_ci_high,service_availability_rate,service_availability_rate_ci_low,service_availability_rate_ci_high,service_continuity_rate,service_continuity_rate_ci_low,service_continuity_rate_ci_high,service_interruption_seconds,service_interruption_seconds_ci_low,service_interruption_seconds_ci_high,source,source_is_system,source_method,std_reward,std_reward_ci_low,std_reward_ci_high,successful_task_throughput,successful_task_throughput_ci_low,successful_task_throughput_ci_high,task_completion_rate,task_completion_rate_ci_low,task_completion_rate_ci_high,task_failure_rate,task_failure_rate_ci_low,task_failure_rate_ci_high,task_resolution_rate,task_resolution_rate_ci_low,task_resolution_rate_ci_high,task_settlement_rate,task_settlement_rate_ci_low,task_settlement_rate_ci_high,task_success_rate,task_success_rate_ci_low,task_success_rate_ci_high,total_energy,total_energy_ci_low,total_energy_ci_high,total_handovers,total_handovers_ci_low,total_handovers_ci_high,total_tasks,total_tasks_ci_low,total_tasks_ci_high,total_user_seconds,total_user_seconds_ci_low,total_user_seconds_ci_high,training_history,checkpoint,trained_timesteps,trained_timesteps_ci_low,trained_timesteps_ci_high,training_log,best_training_eval_reward,best_training_eval_reward_ci_low,best_training_eval_reward_ci_high,method_variant,selected_offload,selected_offload_ci_low,selected_offload_ci_high
20,han_pdqn,HAN+PDQN,1,0.5456265375726532,0.5456265375726532,0.5456265375726532,0.4287240371128804,0.4287240371128804,0.4287240371128804,1.6857037946008078,1.6857037946008078,1.6857037946008078,0.5456265375726532,0.5456265375726532,0.5456265375726532,1.5792695534653376,1.5792695534653376,1.5792695534653376,1,0.017480468750000002,0.017480468750000002,0.017480468750000002,179.0,179.0,179.0,3447.0,3447.0,3447.0,0.035480708713652234,0.035480708713652234,0.035480708713652234,127.0,127.0,127.0,0.9019668301259366,0.9019668301259366,0.9019668301259366,0.93525089766061,0.93525089766061,0.93525089766061,1,5.0,5.0,5.0,0.0,0.0,0.0,0.2,0.2,0.2,0.052915755929248146,0.052915755929248146,0.052915755929248146,0.0,0.0,0.0,0.011171875,0.011171875,0.011171875,108.8,108.8,108.8,108.8,108.8,108.8,0.0,0.0,0.0,0.010624999999999999,0.010624999999999999,0.010624999999999999,68.64000263214112,68.64000263214112,68.64000263214112,0.0,0.0,0.0,1.0,1.0,1.0,0.6375,0.6375,0.6375,True,0.6360705993003323,0.6360705993003323,0.6360705993003323,0.5456265375726532,0.5456265375726532,0.5456265375726532,0.07349341050085147,0.07349341050085147,0.07349341050085147,2387.0,2387.0,2387.0,0.47869140625,0.47869140625,0.47869140625,0.5140195488929749,0.5140195488929749,0.5140195488929749,109.83208970593986,109.83208970593986,109.83208970593986,0.5456265375726532,0.5456265375726532,0.5456265375726532,0.0,0.0,0.0,3.6045498520277435,3.6045498520277435,3.6045498520277435,1,-40.51488041002898,-40.51488041002898,-40.51488041002898,-27.121505351608658,-27.121505351608658,-27.121505351608658,0.0,0.0,0.0,-3.7146001528948545,-3.7146001528948545,-3.7146001528948545,-6.359999999999985,-6.359999999999985,-6.359999999999985,0.0008961195892288941,0.0008961195892288941,0.0008961195892288941,3.2,3.2,3.2,6.0,6.0,6.0,Successful-Task Delay | P95 Successful-Task Delay | Task Success | Deadline Violation | Successful Task Throughput | Energy per Successful Task,0.6360705993003323,0.6360705993003323,0.6360705993003323,5.6,5.6,5.6,5.6,5.6,5.6,3574.2,3574.2,3574.2,15.193072801434573,15.193072801434573,15.193072801434573,172.35000000000497,172.35000000000497,172.35000000000497,reward,109.83208970593986,109.83208970593986,109.83208970593986,0.98251953125,0.98251953125,0.98251953125,0.9758164060628042,0.9758164060628042,0.9758164060628042,247.64000191688538,247.64000191688538,247.64000191688538,checkpoint_eval,True,han_pdqn_multiuser_u20,3.966780186393456,3.966780186393456,3.966780186393456,20.197265625,20.197265625,20.197265625,0.9644298538772501,0.9644298538772501,0.9644298538772501,0.03553606437376849,0.03553606437376849,0.03553606437376849,0.9991038804107711,0.9991038804107711,0.9991038804107711,0.9991038804107711,0.9991038804107711,0.9991038804107711,0.9635678160370025,0.9635678160370025,0.9635678160370025,3223.8098442361224,3223.8098442361224,3223.8098442361224,108.8,108.8,108.8,3577.4,3577.4,3577.4,10240.0,10240.0,10240.0,/home/pjpjq/LEO_switch/results/multiseed_0907/seed44/u20/learned_baselines/han_pdqn/training_history.json,,,,,,,,,,,,
20,han_mappo,HAN+MAPPO,1,0.4621853019783042,0.4621853019783042,0.4621853019783042,0.4603331905487444,0.4603331905487444,0.4603331905487444,1.8188847982580778,1.8188847982580778,1.8188847982580778,0.4621853019783042,0.4621853019783042,0.4621853019783042,1.5911334406850186,1.5911334406850186,1.5911334406850186,1,0.019609375,0.019609375,0.019609375,200.8,200.8,200.8,3390.4,3390.4,3390.4,0.05076590555637619,0.05076590555637619,0.05076590555637619,181.8,181.8,181.8,1.058834234723563,1.058834234723563,1.058834234723563,1.116360563780925,1.116360563780925,1.116360563780925,1,5.0,5.0,5.0,0.0,0.0,0.0,2.4,2.4,2.4,0.349828124594082,0.349828124594082,0.349828124594082,0.0,0.0,0.0,0.00609375,0.00609375,0.00609375,42.6,42.6,42.6,42.6,42.6,42.6,0.0,0.0,0.0,0.00416015625,0.00416015625,0.00416015625,37.4400012254715,37.4400012254715,37.4400012254715,0.0,0.0,0.0,1.0,1.0,1.0,0.249609375,0.249609375,0.249609375,False,0.6423443718433509,0.6423443718433509,0.6423443718433509,0.4621853019783042,0.4621853019783042,0.4621853019783042,0.09195392288755133,0.09195392288755133,0.09195392288755133,2473.0,2473.0,2473.0,0.7952734375,0.7952734375,0.7952734375,0.1582554429769516,0.1582554429769516,0.1582554429769516,101.1332344736904,101.1332344736904,101.1332344736904,0.4621853019783042,0.4621853019783042,0.4621853019783042,0.0,0.0,0.0,3.605434224395906,3.605434224395906,3.605434224395906,1,-40.40965240643283,-40.40965240643283,-40.40965240643283,-31.139451281310507,-31.139451281310507,-31.139451281310507,0.0,0.0,0.0,-3.573600141890347,-3.573600141890347,-3.573600141890347,-9.210000000000013,-9.210000000000013,-9.210000000000013,0.0007850897754352775,0.0007850897754352775,0.0007850897754352775,2.8,2.8,2.8,0.0,0.0,0.0,,0.6423443718433509,0.6423443718433509,0.6423443718433509,19.8,19.8,19.8,19.8,19.8,19.8,3574.6,3574.6,3574.6,15.94593608825339,15.94593608825339,15.94593608825339,169.5200000000043,169.5200000000043,169.5200000000043,reward,101.1332344736904,101.1332344736904,101.1332344736904,0.9803906249999998,0.9803906249999998,0.9803906249999998,0.9767343749222347,0.9767343749222347,0.9767343749222347,238.24000079631804,238.24000079631804,238.24000079631804,han_mappo_checkpoint_eval,False,,6.778335013423131,6.778335013423131,6.778335013423131,19.865625,19.865625,19.865625,0.9485198939171786,0.9485198939171786,0.9485198939171786,0.051436442344981737,0.051436442344981737,0.051436442344981737,0.9992149102245647,0.9992149102245647,0.9992149102245647,0.9992149102245647,0.9992149102245647,0.9992149102245647,0.947778467879583,0.947778467879583,0.947778467879583,3784.908855442848,3784.908855442848,3784.908855442848,42.6,42.6,42.6,3577.4,3577.4,3577.4,10240.0,10240.0,10240.0,/home/pjpjq/LEO_switch/results/multiseed_0907/seed44/u20/learned_baselines/han_mappo/training_history.json,/home/pjpjq/LEO_switch/results/multiseed_0907/seed44/u20/learned_baselines/han_mappo/best_model.pt,,,,,,,,,,,
20,pdqn,PDQN,1,0.4370268504779254,0.4370268504779254,0.4370268504779254,0.3128225966547548,0.3128225966547548,0.3128225966547548,1.8334069111608993,1.8334069111608993,1.8334069111608993,0.4370268504779254,0.4370268504779254,0.4370268504779254,1.654153006165569,1.654153006165569,1.654153006165569,1,0.018203125,0.018203125,0.018203125,186.4,186.4,186.4,3365.6,3365.6,3365.6,0.0581026161326223,0.0581026161326223,0.0581026161326223,208.0,208.0,208.0,0.92994629167774,0.92994629167774,0.92994629167774,0.9878054411540055,0.9878054411540055,0.9878054411540055,1,5.0,5.0,5.0,40.2,40.2,40.2,1.4,1.4,1.4,0.11352236317369577,0.11352236317369577,0.11352236317369577,40.2,40.2,40.2,0.0141796875,0.0141796875,0.0141796875,133.8,133.8,133.8,93.6,93.6,93.6,0.28560640160953643,0.28560640160953643,0.28560640160953643,0.009140625000000001,0.009140625000000001,0.009140625000000001,63.00000252723694,63.00000252723694,63.00000252723694,40.2,40.2,40.2,0.7143935983904635,0.7143935983904635,0.7143935983904635,0.5484375,0.5484375,0.5484375,False,0.5919042746862155,0.5919042746862155,0.5919042746862155,0.4370268504779254,0.4370268504779254,0.4370268504779254,0.09794061073647327,0.09794061073647327,0.09794061073647327,2213.0,2213.0,2213.0,0.547109375,0.547109375,0.547109375,0.4350792169570923,0.4350792169570923,0.4350792169570923,98.41645005525788,98.41645005525788,98.41645005525788,0.4370268504779254,0.4370268504779254,0.4370268504779254,0.0,0.0,0.0,3.884212040249628,3.884212040249628,3.884212040249628,1,-41.11440584267335,-41.11440584267335,-41.11440584267335,-27.246991680158356,-27.246991680158356,-27.246991680158356,-0.4020000000000003,-0.4020000000000003,-0.4020000000000003,-3.7410001484677196,-3.7410001484677196,-3.7410001484677196,-10.470000000000013,-10.470000000000013,-10.470000000000013,0.0006711271079830215,0.0006711271079830215,0.0006711271079830215,2.4,2.4,2.4,0.0,0.0,0.0,,0.5919042746862155,0.5919042746862155,0.5919042746862155,11.4,11.4,11.4,11.4,11.4,11.4,3575.0,3575.0,3575.0,13.110845728572329,13.110845728572329,13.110845728572329,168.280000000004,168.280000000004,168.280000000004,reward,98.41645005525788,98.41645005525788,98.41645005525788,0.981796875,0.981796875,0.981796875,0.9756445311242714,0.9756445311242714,0.9756445311242714,249.40000128746033,249.40000128746033,249.40000128746033,pdqn_train_eval,False,,2.9417343910262295,2.9417343910262295,2.9417343910262295,19.7203125,19.7203125,19.7203125,0.9414631579795374,0.9414631579795374,0.9414631579795374,0.05849506817001758,0.05849506817001758,0.05849506817001758,0.999328872892017,0.999328872892017,0.999328872892017,0.999328872892017,0.999328872892017,0.999328872892017,0.9408338047219995,0.9408338047219995,0.9408338047219995,3324.5579927479207,3324.5579927479207,3324.5579927479207,133.8,133.8,133.8,3577.4,3577.4,3577.4,10240.0,10240.0,10240.0,/home/pjpjq/LEO_switch/results/multiseed_0907/seed44/u20/learned_baselines/pdqn/training_history.json,/home/pjpjq/LEO_switch/results/multiseed_0907/seed44/u20/learned_baselines/pdqn/best_model.pt,150000.0,150000.0,150000.0,/home/pjpjq/LEO_switch/results/multiseed_0907/seed44/u20/learned_baselines/pdqn/pdqn_training.log,,,,,,,
20,mappo_no_han,MAPPO,1,0.45501939378371703,0.45501939378371703,0.45501939378371703,0.5491805015391557,0.5491805015391557,0.5491805015391557,2.254380841765829,2.254380841765829,2.254380841765829,0.45501939378371703,0.45501939378371703,0.45501939378371703,1.8081957408838647,1.8081957408838647,1.8081957408838647,1,0.019179687499999997,0.019179687499999997,0.019179687499999997,196.4,196.4,196.4,3191.8,3191.8,3191.8,0.10530426243826807,0.10530426243826807,0.10530426243826807,377.6,377.6,377.6,1.077448161637115,1.077448161637115,1.077448161637115,1.205926377790723,1.205926377790723,1.205926377790723,1,5.0,5.0,5.0,0.0,0.0,0.0,3.0,3.0,3.0,0.3616551788682936,0.3616551788682936,0.3616551788682936,0.0,0.0,0.0,0.00705078125,0.00705078125,0.00705078125,49.2,49.2,49.2,49.2,49.2,49.2,0.0,0.0,0.0,0.0048046875,0.0048046875,0.0048046875,43.32000172138214,43.32000172138214,43.32000172138214,0.0,0.0,0.0,1.0,1.0,1.0,0.28828125,0.28828125,0.28828125,False,0.6794224306243535,0.6794224306243535,0.6794224306243535,0.45501939378371703,0.45501939378371703,0.45501939378371703,0.09363803131157651,0.09363803131157651,0.09363803131157651,2530.0,2530.0,2530.0,0.75853515625,0.75853515625,0.75853515625,0.1986982226371765,0.1986982226371765,0.1986982226371765,84.07998290453106,84.07998290453106,84.07998290453106,0.45501939378371703,0.45501939378371703,0.45501939378371703,0.0,0.0,0.0,3.9835259472336717,3.9835259472336717,3.9835259472336717,1,-42.2216305427752,-42.2216305427752,-42.2216305427752,-27.87263783610802,-27.87263783610802,-27.87263783610802,0.0,0.0,0.0,-3.595800142735243,-3.595800142735243,-3.595800142735243,-19.030000000000136,-19.030000000000136,-19.030000000000136,0.0014006037720353539,0.0014006037720353539,0.0014006037720353539,5.0,5.0,5.0,0.0,0.0,0.0,,0.6794224306243535,0.6794224306243535,0.6794224306243535,23.0,23.0,23.0,23.0,23.0,23.0,3572.4,3572.4,3572.4,17.210049691206457,17.210049691206457,17.210049691206457,159.59000000000202,159.59000000000202,159.59000000000202,reward,84.07998290453106,84.07998290453106,84.07998290453106,0.9808203125,0.9808203125,0.9808203125,0.976589843670372,0.976589843670372,0.976589843670372,239.72000081539153,239.72000081539153,239.72000081539153,mappo_no_han_checkpoint_eval,False,,9.75381767534926,9.75381767534926,9.75381767534926,18.701953125,18.701953125,18.701953125,0.8937074542067244,0.8937074542067244,0.8937074542067244,0.1061428527686226,0.1061428527686226,0.1061428527686226,0.9985993962279647,0.9985993962279647,0.9985993962279647,0.9985993962279647,0.9985993962279647,0.9985993962279647,0.892456543459342,0.892456543459342,0.892456543459342,3849.07581263243,3849.07581263243,3849.07581263243,49.2,49.2,49.2,3577.4,3577.4,3577.4,10240.0,10240.0,10240.0,/home/pjpjq/LEO_switch/results/multiseed_0907/seed44/u20/learned_baselines/mappo_no_han/training_history.json,/home/pjpjq/LEO_switch/results/multiseed_0907/seed44/u20/learned_baselines/mappo_no_han/best_model.pt,,,,,,,,,,,
20,maddpg,MADDPG,1,0.5295600108475859,0.5295600108475859,0.5295600108475859,0.7441955499338876,0.7441955499338876,0.7441955499338876,2.8748562845712713,2.8748562845712713,2.8748562845712713,0.5295600108475859,0.5295600108475859,0.5295600108475859,2.240641723113953,2.240641723113953,2.240641723113953,1,0.018808593749999998,0.018808593749999998,0.018808593749999998,192.6,192.6,192.6,2820.4,2820.4,2820.4,0.20919587382304386,0.20919587382304386,0.20919587382304386,749.0,749.0,749.0,1.0476168138772248,1.0476168138772248,1.0476168138772248,1.3268673885024187,1.3268673885024187,1.3268673885024187,1,5.0,5.0,5.0,0.0,0.0,0.0,2.8,2.8,2.8,0.17151384511647602,0.17151384511647602,0.17151384511647602,0.0,0.0,0.0,0.009765625,0.009765625,0.009765625,86.4,86.4,86.4,86.4,86.4,86.4,0.0,0.0,0.0,0.008437499999999999,0.008437499999999999,0.008437499999999999,60.00000178813934,60.00000178813934,60.00000178813934,0.0,0.0,0.0,1.0,1.0,1.0,0.50625,0.50625,0.50625,False,0.7734253103884197,0.7734253103884197,0.7734253103884197,0.5295600108475859,0.5295600108475859,0.5295600108475859,0.07689139128508694,0.07689139128508694,0.07689139128508694,2560.0,2560.0,2560.0,0.0,0.0,0.0,1.0,1.0,1.0,52.94540028470219,52.94540028470219,52.94540028470219,0.5295600108475859,0.5295600108475859,0.5295600108475859,0.0,0.0,0.0,4.43252541778377,4.43252541778377,4.43252541778377,1,-46.548347878897104,-46.548347878897104,-46.548347878897104,-19.946940598478783,-19.946940598478783,-19.946940598478783,0.0,0.0,0.0,-3.789000160805881,-3.789000160805881,-3.789000160805881,-37.58999999999996,-37.58999999999996,-37.58999999999996,0.0014493358677101595,0.0014493358677101595,0.0014493358677101595,5.2,5.2,5.2,0.0,0.0,0.0,,0.7734253103884197,0.7734253103884197,0.7734253103884197,13.6,13.6,13.6,13.6,13.6,13.6,3572.2,3572.2,3572.2,19.799687945943532,19.799687945943532,19.799687945943532,141.01999999999782,141.01999999999782,141.01999999999782,reward,52.94540028470219,52.94540028470219,52.94540028470219,0.98119140625,0.98119140625,0.98119140625,0.9753320311103015,0.9753320311103015,0.9753320311103015,252.60000143051147,252.60000143051147,252.60000143051147,maddpg_train_eval,False,,6.314182361166431,6.314182361166431,6.314182361166431,16.52578125,16.52578125,16.52578125,0.7897130389744146,0.7897130389744146,0.7897130389744146,0.20997701409971642,0.20997701409971642,0.20997701409971642,0.9985506641322898,0.9985506641322898,0.9985506641322898,0.9985506641322898,0.9985506641322898,0.9985506641322898,0.7885736500325734,0.7885736500325734,0.7885736500325734,3742.296782532222,3742.296782532222,3742.296782532222,86.4,86.4,86.4,3577.4,3577.4,3577.4,10240.0,10240.0,10240.0,/home/pjpjq/LEO_switch/results/multiseed_0907/seed44/u20/learned_baselines/maddpg/training_history.json,/home/pjpjq/LEO_switch/results/multiseed_0907/seed44/u20/learned_baselines/maddpg/maddpg_model.pt,150000.0,150000.0,150000.0,/home/pjpjq/LEO_switch/results/multiseed_0907/seed44/u20/learned_baselines/maddpg/maddpg_training.log,52.94540028470219,52.94540028470219,52.94540028470219,,,,
20,min_distance,Min-Distance,1,0.3122854858253007,0.3122854858253007,0.3122854858253007,0.2979083156210309,0.2979083156210309,0.2979083156210309,3.4902891213485616,3.4902891213485616,3.4902891213485616,0.3122854858253007,0.3122854858253007,0.3122854858253007,2.2706309451699838,2.2706309451699838,2.2706309451699838,1,0.017226562499999997,0.017226562499999997,0.017226562499999997,176.4,176.4,176.4,2554.8,2554.8,2554.8,0.28430050108323623,0.28430050108323623,0.28430050108323623,1017.2,1017.2,1017.2,1.3451019719013975,1.3451019719013975,1.3451019719013975,1.880868281047656,1.880868281047656,1.880868281047656,1,5.0,5.0,5.0,0.0,0.0,0.0,0.4,0.4,0.4,0.0805263157894737,0.0805263157894737,0.0805263157894737,0.0,0.0,0.0,0.0037109375,0.0037109375,0.0037109375,35.0,35.0,35.0,35.0,35.0,35.0,0.0,0.0,0.0,0.00341796875,0.00341796875,0.00341796875,22.8000009059906,22.8000009059906,22.8000009059906,0.0,0.0,0.0,1.0,1.0,1.0,0.205078125,0.205078125,0.205078125,False,0.560949910340008,0.560949910340008,0.560949910340008,0.3122854858253007,0.3122854858253007,0.3122854858253007,0.13101465374780727,0.13101465374780727,0.13101465374780727,2560.0,2560.0,2560.0,0.0,0.0,0.0,1.0,1.0,1.0,25.340322523304348,25.340322523304348,25.340322523304348,0.3122854858253007,0.3122854858253007,0.3122854858253007,0.0,0.0,0.0,4.586653186404208,4.586653186404208,4.586653186404208,1,-42.62330568853322,-42.62330568853322,-42.62330568853322,-20.268688974030702,-20.268688974030702,-20.268688974030702,0.0,0.0,0.0,-2.9880001178011297,-2.9880001178011297,-2.9880001178011297,-50.87999999999925,-50.87999999999925,-50.87999999999925,0.0014014383827168056,0.0014014383827168056,0.0014014383827168056,5.0,5.0,5.0,0.0,0.0,0.0,,0.560949910340008,0.560949910340008,0.560949910340008,3.0,3.0,3.0,3.0,3.0,3.0,3572.4,3572.4,3572.4,14.360317704704272,14.360317704704272,14.360317704704272,127.73999999999498,127.73999999999498,127.73999999999498,reward,25.340322523304348,25.340322523304348,25.340322523304348,0.9827734375,0.9827734375,0.9827734375,0.9805468749790454,0.9805468749790454,0.9805468749790454,199.20000021457673,199.20000021457673,199.20000021457673,heuristic_eval,False,,2.5550045065582223,2.5550045065582223,2.5550045065582223,14.96953125,14.96953125,14.96953125,0.7151897643376011,0.7151897643376011,0.7151897643376011,0.2844122290485728,0.2844122290485728,0.2844122290485728,0.9985985616172831,0.9985985616172831,0.9985985616172831,0.9985985616172831,0.9985985616172831,0.9985985616172831,0.7141863325687104,0.7141863325687104,0.7141863325687104,4805.242284420552,4805.242284420552,4805.242284420552,35.0,35.0,35.0,3577.4,3577.4,3577.4,10240.0,10240.0,10240.0,,,,,,,,,,min_distance(best_offload=1.00),1.0,1.0,1.0
20,full_local,Full-Local,1,1.0,1.0,1.0,0.0,0.0,0.0,5.2434322110841105,5.2434322110841105,5.2434322110841105,1.0,1.0,1.0,2.229229859681415,2.229229859681415,2.229229859681415,1,0.75705078125,0.75705078125,0.75705078125,7752.2,7752.2,7752.2,1840.8,1840.8,1840.8,0.48538007157422325,0.48538007157422325,0.48538007157422325,1736.6,1736.6,1736.6,2.094157753972778,2.094157753972778,2.094157753972778,4.069773983627888,4.069773983627888,4.069773983627888,1,5.0,5.0,5.0,0.0,0.0,0.0,0.0,0.0,0.0,1.0,1.0,1.0,0.0,0.0,0.0,0.0,0.0,0.0,0.0,0.0,0.0,0.0,0.0,0.0,0.0,0.0,0.0,0.0,0.0,0.0,0.0,0.0,0.0,0.0,0.0,0.0,0.0,0.0,0.0,0.0,0.0,0.0,False,0.0,0.0,0.0,1.0,1.0,1.0,0.0,0.0,0.0,0.0,0.0,0.0,1.0,1.0,1.0,0.0,0.0,0.0,-161.9091216923436,-161.9091216923436,-161.9091216923436,1.0,1.0,1.0,0.0,0.0,0.0,5.3572092138797425,5.3572092138797425,5.3572092138797425,1,-29.621474581491007,-29.621474581491007,-29.621474581491007,-21.214641666152474,-21.214641666152474,-21.214641666152474,0.0,0.0,0.0,-116.28301396816968,-116.28301396816968,-116.28301396816968,-86.8299999999972,-86.8299999999972,-86.8299999999972,0.0,0.0,0.0,0.0,0.0,0.0,0.0,0.0,0.0,,0.0,0.0,0.0,0.0,0.0,0.0,0.0,0.0,0.0,3577.4,3577.4,3577.4,0.0,0.0,0.0,92.03999999999692,92.03999999999692,92.03999999999692,reward,-161.9091216923436,-161.9091216923436,-161.9091216923436,0.24294921875000003,0.24294921875000003,0.24294921875000003,0.24294921875000003,0.24294921875000003,0.24294921875000003,7752.2,7752.2,7752.2,heuristic_eval,False,,10.555639699156597,10.555639699156597,10.555639699156597,10.7859375,10.7859375,10.7859375,0.5146199284257768,0.5146199284257768,0.5146199284257768,0.48538007157422325,0.48538007157422325,0.48538007157422325,1.0,1.0,1.0,1.0,1.0,1.0,0.5146199284257768,0.5146199284257768,0.5146199284257768,7491.639949062216,7491.639949062216,7491.639949062216,0.0,0.0,0.0,3577.4,3577.4,3577.4,10240.0,10240.0,10240.0,,,,,,,,,,,,,
25,han_pdqn,HAN+PDQN,1,0.5318113119618361,0.5318113119618361,0.5318113119618361,0.3921089461666295,0.3921089461666295,0.3921089461666295,1.8144790547212337,1.8144790547212337,1.8144790547212337,0.5318113119618361,0.5318113119618361,0.5318113119618361,1.6446299863095912,1.6446299863095912,1.6446299863095912,1,0.018140625,0.018140625,0.018140625,232.2,232.2,232.2,4230.4,4230.4,4230.4,0.05442396961799352,0.05442396961799352,0.05442396961799352,243.6,243.6,243.6,1.0660811270791235,1.0660811270791235,1.0660811270791235,1.1279735071875372,1.1279735071875372,1.1279735071875372,1,5.0,5.0,5.0,0.0,0.0,0.0,2.0,2.0,2.0,0.12412360329033759,0.12412360329033759,0.12412360329033759,0.0,0.0,0.0,0.00896875,0.00896875,0.00896875,101.4,101.4,101.4,101.4,101.4,101.4,0.0,0.0,0.0,0.007921875,0.007921875,0.007921875,68.88000268936158,68.88000268936158,68.88000268936158,0.0,0.0,0.0,1.0,1.0,1.0,0.47531249999999997,0.47531249999999997,0.47531249999999997,True,0.6240608601511836,0.6240608601511836,0.6240608601511836,0.5318113119618361,0.5318113119618361,0.5318113119618361,0.07641095942791754,0.07641095942791754,0.07641095942791754,2303.0,2303.0,2303.0,0.527578125,0.527578125,0.527578125,0.46445512771606445,0.46445512771606445,0.46445512771606445,99.83006500808987,99.83006500808987,99.83006500808987,0.5318113119618361,0.5318113119618361,0.5318113119618361,0.0,0.0,0.0,3.84070713080166,3.84070713080166,3.84070713080166,1,-41.15629953689553,-41.15629953689553,-41.15629953689553,-29.18317379410208,-29.18317379410208,-29.18317379410208,0.0,0.0,0.0,-3.6129600956104695,-3.6129600956104695,-3.6129600956104695,-9.823999999999963,-9.823999999999963,-9.823999999999963,0.00039986191176842053,0.00039986191176842053,0.00039986191176842053,1.8,1.8,1.8,6.0,6.0,6.0,Successful-Task Delay | P95 Successful-Task Delay | Task Success | Deadline Violation | Successful Task Throughput | Energy per Successful Task,0.6240608601511836,0.6240608601511836,0.6240608601511836,13.4,13.4,13.4,13.4,13.4,13.4,4476.0,4476.0,4476.0,14.390498619560216,14.390498619560216,14.390498619560216,169.21600000000063,169.21600000000063,169.21600000000063,reward,99.83006500808987,99.83006500808987,99.83006500808987,0.981859375,0.981859375,0.981859375,0.9764781248793006,0.9764781248793006,0.9764781248793006,301.0800015449524,301.0800015449524,301.0800015449524,checkpoint_eval,True,han_pdqn_multiuser_u25,3.8978646545092452,3.8978646545092452,3.8978646545092452,19.83,19.83,19.83,0.9451073745387987,0.9451073745387987,0.9451073745387987,0.05487029884781523,0.05487029884781523,0.05487029884781523,0.9996001380882316,0.9996001380882316,0.9996001380882316,0.9996001380882316,0.9996001380882316,0.9996001380882316,0.9447298392404164,0.9447298392404164,0.9447298392404164,4771.779124806157,4771.779124806157,4771.779124806157,101.4,101.4,101.4,4477.8,4477.8,4477.8,12800.0,12800.0,12800.0,/home/pjpjq/LEO_switch/results/multiseed_0907/seed44/u25/learned_baselines/han_pdqn/training_history.json,,,,,,,,,,,,
25,pdqn,PDQN,1,0.42577933843495414,0.42577933843495414,0.42577933843495414,0.32481069836897253,0.32481069836897253,0.32481069836897253,1.984096669153472,1.984096669153472,1.984096669153472,0.42577933843495414,0.42577933843495414,0.42577933843495414,1.730100925053307,1.730100925053307,1.730100925053307,1,0.020625,0.020625,0.020625,264.0,264.0,264.0,4108.2,4108.2,4108.2,0.08170936633051423,0.08170936633051423,0.08170936633051423,366.0,366.0,366.0,1.1066184079802683,1.1066184079802683,1.1066184079802683,1.205799776418595,1.205799776418595,1.205799776418595,1,5.0,5.0,5.0,89.0,89.0,89.0,2.2,2.2,2.2,0.07182994908688592,0.07182994908688592,0.07182994908688592,89.0,89.0,89.0,0.0208125,0.0208125,0.0208125,254.6,254.6,254.6,165.6,165.6,165.6,0.3439263707112029,0.3439263707112029,0.3439263707112029,0.012937500000000001,0.012937500000000001,0.012937500000000001,106.44000415802002,106.44000415802002,106.44000415802002,89.0,89.0,89.0,0.6560736292887972,0.6560736292887972,0.6560736292887972,0.7762500000000001,0.7762500000000001,0.7762500000000001,False,0.5904144485853445,0.5904144485853445,0.5904144485853445,0.42577933843495414,0.42577933843495414,0.42577933843495414,0.10068540167571703,0.10068540167571703,0.10068540167571703,2224.0,2224.0,2224.0,0.471546875,0.471546875,0.471546875,0.5083093643188477,0.5083093643188477,0.5083093643188477,86.5079076822949,86.5079076822949,86.5079076822949,0.42577933843495414,0.42577933843495414,0.42577933843495414,0.0,0.0,0.0,3.974390858397263,3.974390858397263,3.974390858397263,1,-41.74435491831771,-41.74435491831771,-41.74435491831771,-29.317261358344716,-29.317261358344716,-29.317261358344716,-0.7120000000000005,-0.7120000000000005,-0.7120000000000005,-4.445280136633665,-4.445280136633665,-4.445280136633665,-14.727999999999863,-14.727999999999863,-14.727999999999863,0.0003119918602828015,0.0003119918602828015,0.0003119918602828015,1.4,1.4,1.4,0.0,0.0,0.0,,0.5904144485853445,0.5904144485853445,0.5904144485853445,11.8,11.8,11.8,11.8,11.8,11.8,4476.4,4476.4,4476.4,13.126804773081151,13.126804773081151,13.126804773081151,164.32800000000157,164.32800000000157,164.32800000000157,reward,86.5079076822949,86.5079076822949,86.5079076822949,0.9793749999999999,0.9793749999999999,0.9793749999999999,0.9710593748223036,0.9710593748223036,0.9710593748223036,370.44000227451323,370.44000227451323,370.44000227451323,pdqn_train_eval,False,,2.337770737793172,2.337770737793172,2.337770737793172,19.2571875,19.2571875,19.2571875,0.9177743106364904,0.9177743106364904,0.9177743106364904,0.08220097516187544,0.08220097516187544,0.08220097516187544,0.999688008139717,0.999688008139717,0.999688008139717,0.999688008139717,0.999688008139717,0.999688008139717,0.9174870329778418,0.9174870329778418,0.9174870329778418,4953.666641482872,4953.666641482872,4953.666641482872,254.6,254.6,254.6,4477.8,4477.8,4477.8,12800.0,12800.0,12800.0,/home/pjpjq/LEO_switch/results/multiseed_0907/seed44/u25/learned_baselines/pdqn/training_history.json,/home/pjpjq/LEO_switch/results/multiseed_0907/seed44/u25/learned_baselines/pdqn/best_model.pt,150000.0,150000.0,150000.0,/home/pjpjq/LEO_switch/results/multiseed_0907/seed44/u25/learned_baselines/pdqn/pdqn_training.log,,,,,,,
25,han_mappo,HAN+MAPPO,1,0.5517177749011816,0.5517177749011816,0.5517177749011816,0.8137022657499859,0.8137022657499859,0.8137022657499859,2.63006324703239,2.63006324703239,2.63006324703239,0.5517177749011816,0.5517177749011816,0.5517177749011816,1.9927138136607294,1.9927138136607294,1.9927138136607294,1,0.018953125,0.018953125,0.018953125,242.6,242.6,242.6,3788.2,3788.2,3788.2,0.151051171193416,0.151051171193416,0.151051171193416,676.6,676.6,676.6,1.2608033389571538,1.2608033389571538,1.2608033389571538,1.488188598757462,1.488188598757462,1.488188598757462,1,5.0,5.0,5.0,0.0,0.0,0.0,6.6,6.6,6.6,0.3190973378919377,0.3190973378919377,0.3190973378919377,0.0,0.0,0.0,0.006234375,0.006234375,0.006234375,56.0,56.0,56.0,56.0,56.0,56.0,0.0,0.0,0.0,0.0043749999999999995,0.0043749999999999995,0.0043749999999999995,47.880001759529115,47.880001759529115,47.880001759529115,0.0,0.0,0.0,1.0,1.0,1.0,0.2625,0.2625,0.2625,False,0.8010396624489708,0.8010396624489708,0.8010396624489708,0.5517177749011816,0.5517177749011816,0.5517177749011816,0.07222354353828395,0.07222354353828395,0.07222354353828395,2558.0,2558.0,2558.0,0.655171875,0.655171875,0.655171875,0.2630281150341034,0.2630281150341034,0.2630281150341034,69.27058102333903,69.27058102333903,69.27058102333903,0.5517177749011816,0.5517177749011816,0.5517177749011816,0.0,0.0,0.0,4.193222358891917,4.193222358891917,4.193222358891917,1,-43.94245909796638,-43.94245909796638,-43.94245909796638,-27.9916991833,-27.9916991833,-27.9916991833,0.0,0.0,0.0,-3.4857600662857293,-3.4857600662857293,-3.4857600662857293,-27.327999999999594,-27.327999999999594,-27.327999999999594,0.0014293938752720523,0.0014293938752720523,0.0014293938752720523,6.4,6.4,6.4,0.0,0.0,0.0,,0.8010396624489708,0.8010396624489708,0.8010396624489708,23.8,23.8,23.8,23.8,23.8,23.8,4471.4,4471.4,4471.4,20.490498360511488,20.490498360511488,20.490498360511488,151.52800000000417,151.52800000000417,151.52800000000417,reward,69.27058102333903,69.27058102333903,69.27058102333903,0.981046875,0.981046875,0.981046875,0.9773062499146908,0.9773062499146908,0.9773062499146908,290.4800010919571,290.4800010919571,290.4800010919571,han_mappo_checkpoint_eval,False,,9.46458421947885,9.46458421947885,9.46458421947885,17.7571875,17.7571875,17.7571875,0.8472586377438273,0.8472586377438273,0.8472586377438273,0.15252278644960754,0.15252278644960754,0.15252278644960754,0.9985706061247279,0.9985706061247279,0.9985706061247279,0.9985706061247279,0.9985706061247279,0.9985706061247279,0.8460478196751204,0.8460478196751204,0.8460478196751204,5637.556049813017,5637.556049813017,5637.556049813017,56.0,56.0,56.0,4477.8,4477.8,4477.8,12800.0,12800.0,12800.0,/home/pjpjq/LEO_switch/results/multiseed_0907/seed44/u25/learned_baselines/han_mappo/training_history.json,/home/pjpjq/LEO_switch/results/multiseed_0907/seed44/u25/learned_baselines/han_mappo/best_model.pt,,,,,,,,,,,
25,mappo_no_han,MAPPO,1,0.5139911297020456,0.5139911297020456,0.5139911297020456,0.7410949923105905,0.7410949923105905,0.7410949923105905,2.642753335782429,2.642753335782429,2.642753335782429,0.5139911297020456,0.5139911297020456,0.5139911297020456,1.9703511988064986,1.9703511988064986,1.9703511988064986,1,0.01928125,0.01928125,0.01928125,246.8,246.8,246.8,3759.4,3759.4,3759.4,0.15760467889801566,0.15760467889801566,0.15760467889801566,706.0,706.0,706.0,1.2325826797265036,1.2325826797265036,1.2325826797265036,1.4662861787181116,1.4662861787181116,1.4662861787181116,1,5.0,5.0,5.0,0.0,0.0,0.0,6.8,6.8,6.8,0.40389172513310445,0.40389172513310445,0.40389172513310445,0.0,0.0,0.0,0.00615625,0.00615625,0.00615625,51.8,51.8,51.8,51.8,51.8,51.8,0.0,0.0,0.0,0.004046875,0.004046875,0.004046875,47.28000190258026,47.28000190258026,47.28000190258026,0.0,0.0,0.0,1.0,1.0,1.0,0.24281250000000001,0.24281250000000001,0.24281250000000001,False,0.7654110344389382,0.7654110344389382,0.7654110344389382,0.5139911297020456,0.5139911297020456,0.5139911297020456,0.08025292565511946,0.08025292565511946,0.08025292565511946,2558.0,2558.0,2558.0,0.755859375,0.755859375,0.755859375,0.19775693118572235,0.19775693118572235,0.19775693118572235,67.42321235702839,67.42321235702839,67.42321235702839,0.5139911297020456,0.5139911297020456,0.5139911297020456,0.0,0.0,0.0,4.2084045382560795,4.2084045382560795,4.2084045382560795,1,-43.059954949724634,-43.059954949724634,-43.059954949724634,-27.43104311290842,-27.43104311290842,-27.43104311290842,0.0,0.0,0.0,-3.5289600763469933,-3.5289600763469933,-3.5289600763469933,-28.511999999999567,-28.511999999999567,-28.511999999999567,0.0012510041563611918,0.0012510041563611918,0.0012510041563611918,5.6,5.6,5.6,0.0,0.0,0.0,,0.7654110344389382,0.7654110344389382,0.7654110344389382,27.0,27.0,27.0,27.0,27.0,27.0,4472.2,4472.2,4472.2,19.579169874280957,19.579169874280957,19.579169874280957,150.37600000000435,150.37600000000435,150.37600000000435,reward,67.42321235702839,67.42321235702839,67.42321235702839,0.98071875,0.98071875,0.98071875,0.9770249999258667,0.9770249999258667,0.9770249999258667,294.08000094890593,294.08000094890593,294.08000094890593,mappo_no_han_checkpoint_eval,False,,9.67039619299621,9.67039619299621,9.67039619299621,17.622187500000003,17.622187500000003,17.622187500000003,0.8406748971149256,0.8406748971149256,0.8406748971149256,0.15912058165187543,0.15912058165187543,0.15912058165187543,0.9987489958436389,0.9987489958436389,0.9987489958436389,0.9987489958436389,0.9987489958436389,0.9987489958436389,0.8396284141917635,0.8396284141917635,0.8396284141917635,5512.356260272869,5512.356260272869,5512.356260272869,51.8,51.8,51.8,4477.8,4477.8,4477.8,12800.0,12800.0,12800.0,/home/pjpjq/LEO_switch/results/multiseed_0907/seed44/u25/learned_baselines/mappo_no_han/training_history.json,/home/pjpjq/LEO_switch/results/multiseed_0907/seed44/u25/learned_baselines/mappo_no_han/best_model.pt,,,,,,,,,,,
25,maddpg,MADDPG,1,0.5696576267422258,0.5696576267422258,0.5696576267422258,0.8301124626250118,0.8301124626250118,0.8301124626250118,3.1962059974577874,3.1962059974577874,3.1962059974577874,0.5696576267422258,0.5696576267422258,0.5696576267422258,2.2900773003304957,2.2900773003304957,2.2900773003304957,1,0.018640625,0.018640625,0.018640625,238.6,238.6,238.6,3337.4,3337.4,3337.4,0.2516980083898041,0.2516980083898041,0.2516980083898041,1127.2,1127.2,1127.2,1.2173462201582312,1.2173462201582312,1.2173462201582312,1.6306180088078612,1.6306180088078612,1.6306180088078612,1,5.0,5.0,5.0,0.0,0.0,0.0,5.8,5.8,5.8,0.3383278095957981,0.3383278095957981,0.3383278095957981,0.0,0.0,0.0,0.004671875,0.004671875,0.004671875,39.8,39.8,39.8,39.8,39.8,39.8,0.0,0.0,0.0,0.003109375,0.003109375,0.003109375,35.88000121116638,35.88000121116638,35.88000121116638,0.0,0.0,0.0,1.0,1.0,1.0,0.18656250000000002,0.18656250000000002,0.18656250000000002,False,0.8156466656627666,0.8156466656627666,0.8156466656627666,0.5696576267422258,0.5696576267422258,0.5696576267422258,0.06854080245367523,0.06854080245367523,0.06854080245367523,2560.0,2560.0,2560.0,0.0,0.0,0.0,1.0,1.0,1.0,40.492686904190485,40.492686904190485,40.492686904190485,0.5696576267422258,0.5696576267422258,0.5696576267422258,0.0,0.0,0.0,4.586756582165487,4.586756582165487,4.586756582165487,1,-44.85085454973358,-44.85085454973358,-44.85085454973358,-20.419253970261547,-20.419253970261547,-20.419253970261547,0.0,0.0,0.0,-3.2937600584700704,-3.2937600584700704,-3.2937600584700704,-45.31999999999921,-45.31999999999921,-45.31999999999921,0.0016525363352883054,0.0016525363352883054,0.0016525363352883054,7.4,7.4,7.4,0.0,0.0,0.0,,0.8156466656627666,0.8156466656627666,0.8156466656627666,20.0,20.0,20.0,20.0,20.0,20.0,4470.4,4470.4,4470.4,20.88055464096684,20.88055464096684,20.88055464096684,133.49600000000774,133.49600000000774,133.49600000000774,reward,40.492686904190485,40.492686904190485,40.492686904190485,0.9813593749999999,0.9813593749999999,0.9813593749999999,0.9785562499202788,0.9785562499202788,0.9785562499202788,274.48000102043153,274.48000102043153,274.48000102043153,maddpg_train_eval,False,,6.741995678869007,6.741995678869007,6.741995678869007,15.644062499999999,15.644062499999999,15.644062499999999,0.7465946419399059,0.7465946419399059,0.7465946419399059,0.25299171854608354,0.25299171854608354,0.25299171854608354,0.9983474636647116,0.9983474636647116,0.9983474636647116,0.9983474636647116,0.9983474636647116,0.9983474636647116,0.7453557451186281,0.7453557451186281,0.7453557451186281,5442.024542595356,5442.024542595356,5442.024542595356,39.8,39.8,39.8,4477.8,4477.8,4477.8,12800.0,12800.0,12800.0,/home/pjpjq/LEO_switch/results/multiseed_0907/seed44/u25/learned_baselines/maddpg/training_history.json,/home/pjpjq/LEO_switch/results/multiseed_0907/seed44/u25/learned_baselines/maddpg/maddpg_model.pt,150000.0,150000.0,150000.0,/home/pjpjq/LEO_switch/results/multiseed_0907/seed44/u25/learned_baselines/maddpg/maddpg_training.log,40.492686904190485,40.492686904190485,40.492686904190485,,,,
25,min_distance,Min-Distance,1,0.3354994935220168,0.3354994935220168,0.3354994935220168,0.3625862546031501,0.3625862546031501,0.3625862546031501,3.683041381212005,3.683041381212005,3.683041381212005,0.3354994935220168,0.3354994935220168,0.3354994935220168,2.2766373962865254,2.2766373962865254,2.2766373962865254,1,0.017374999999999998,0.017374999999999998,0.017374999999999998,222.4,222.4,222.4,3062.8,3062.8,3062.8,0.31466332492279403,0.31466332492279403,0.31466332492279403,1409.0,1409.0,1409.0,1.4688711183046674,1.4688711183046674,1.4688711183046674,2.145085130584144,2.145085130584144,2.145085130584144,1,5.0,5.0,5.0,0.2,0.2,0.2,1.0,1.0,1.0,0.08240316205533596,0.08240316205533596,0.08240316205533596,0.2,0.2,0.2,0.003703125,0.003703125,0.003703125,43.6,43.6,43.6,43.4,43.4,43.4,0.004,0.004,0.004,0.003390625,0.003390625,0.003390625,28.320001125335693,28.320001125335693,28.320001125335693,0.0,0.0,0.0,0.9960000000000001,0.9960000000000001,0.9960000000000001,0.2034375,0.2034375,0.2034375,False,0.5879238136523861,0.5879238136523861,0.5879238136523861,0.3354994935220168,0.3354994935220168,0.3354994935220168,0.12439175561301483,0.12439175561301483,0.12439175561301483,2560.0,2560.0,2560.0,0.0,0.0,0.0,1.0,1.0,1.0,16.722358717936732,16.722358717936732,16.722358717936732,0.3354994935220168,0.3354994935220168,0.3354994935220168,0.2,0.2,0.2,4.752445336925581,4.752445336925581,4.752445336925581,1,-40.71886154151777,-40.71886154151777,-40.71886154151777,-20.711388148950427,-20.711388148950427,-20.711388148950427,-0.0016,-0.0016,-0.0016,-3.0086400717496873,-3.0086400717496873,-3.0086400717496873,-56.399999999998975,-56.399999999998975,-56.399999999998975,0.0011180280346353877,0.0011180280346353877,0.0011180280346353877,5.0,5.0,5.0,0.0,0.0,0.0,,0.5879238136523861,0.5879238136523861,0.5879238136523861,3.8,3.8,3.8,3.8,3.8,3.8,4472.8,4472.8,4472.8,15.050849629501158,15.050849629501158,15.050849629501158,122.51200000000794,122.51200000000794,122.51200000000794,reward,16.722358717936732,16.722358717936732,16.722358717936732,0.9826250000000002,0.9826250000000002,0.9826250000000002,0.980412500012666,0.980412500012666,0.980412500012666,250.71999983787538,250.71999983787538,250.71999983787538,heuristic_eval,False,,3.673157883898819,3.673157883898819,3.673157883898819,14.356874999999999,14.356874999999999,14.356874999999999,0.684759500395325,0.684759500395325,0.684759500395325,0.31488696418094625,0.31488696418094625,0.31488696418094625,0.9988819719653647,0.9988819719653647,0.9988819719653647,0.9988819719653647,0.9988819719653647,0.9988819719653647,0.6839950077844185,0.6839950077844185,0.6839950077844185,6569.9667379531165,6569.9667379531165,6569.9667379531165,43.6,43.6,43.6,4477.8,4477.8,4477.8,12800.0,12800.0,12800.0,,,,,,,,,,min_distance(best_offload=1.00),1.0,1.0,1.0
25,full_local,Full-Local,1,1.0,1.0,1.0,0.0,0.0,0.0,5.282897630005405,5.282897630005405,5.282897630005405,1.0,1.0,1.0,2.222187392549478,2.222187392549478,2.222187392549478,1,0.757578125,0.757578125,0.757578125,9697.0,9697.0,9697.0,2256.0,2256.0,2256.0,0.4961771964189482,0.4961771964189482,0.4961771964189482,2221.8,2221.8,2221.8,2.0959571732684705,2.0959571732684705,2.0959571732684705,4.160140527686861,4.160140527686861,4.160140527686861,1,5.0,5.0,5.0,0.0,0.0,0.0,0.0,0.0,0.0,1.0,1.0,1.0,0.0,0.0,0.0,0.0,0.0,0.0,0.0,0.0,0.0,0.0,0.0,0.0,0.0,0.0,0.0,0.0,0.0,0.0,0.0,0.0,0.0,0.0,0.0,0.0,0.0,0.0,0.0,0.0,0.0,0.0,False,0.0,0.0,0.0,1.0,1.0,1.0,0.0,0.0,0.0,0.0,0.0,0.0,1.0,1.0,1.0,0.0,0.0,0.0,-164.71655357832205,-164.71655357832205,-164.71655357832205,1.0,1.0,1.0,0.0,0.0,0.0,5.347952546623297,5.347952546623297,5.347952546623297,1,-28.957898483393812,-28.957898483393812,-28.957898483393812,-20.76265565303806,-20.76265565303806,-20.76265565303806,0.0,0.0,0.0,-116.36400489546358,-116.36400489546358,-116.36400489546358,-88.8720000000027,-88.8720000000027,-88.8720000000027,0.0,0.0,0.0,0.0,0.0,0.0,0.0,0.0,0.0,,0.0,0.0,0.0,0.0,0.0,0.0,0.0,0.0,0.0,4477.8,4477.8,4477.8,0.0,0.0,0.0,90.24000000000291,90.24000000000291,90.24000000000291,reward,-164.71655357832205,-164.71655357832205,-164.71655357832205,0.24242187499999995,0.24242187499999995,0.24242187499999995,0.24242187499999995,0.24242187499999995,0.24242187499999995,9697.0,9697.0,9697.0,heuristic_eval,False,,10.459342324464068,10.459342324464068,10.459342324464068,10.575,10.575,10.575,0.5038228035810518,0.5038228035810518,0.5038228035810518,0.4961771964189482,0.4961771964189482,0.4961771964189482,1.0,1.0,1.0,1.0,1.0,1.0,0.5038228035810518,0.5038228035810518,0.5038228035810518,9385.277030461557,9385.277030461557,9385.277030461557,0.0,0.0,0.0,4477.8,4477.8,4477.8,12800.0,12800.0,12800.0,,,,,,,,,,,,,
30,han_pdqn,HAN+PDQN,1,0.5511931860088234,0.5511931860088234,0.5511931860088234,0.5974586839779135,0.5974586839779135,0.5974586839779135,1.9718686526761862,1.9718686526761862,1.9718686526761862,0.5511931860088234,0.5511931860088234,0.5511931860088234,1.7801837705486083,1.7801837705486083,1.7801837705486083,1,0.019895833333333335,0.019895833333333335,0.019895833333333335,305.6,305.6,305.6,5012.0,5012.0,5012.0,0.06407873085214746,0.06407873085214746,0.06407873085214746,343.8,343.8,343.8,1.1535763189366228,1.1535763189366228,1.1535763189366228,1.2329825100844949,1.2329825100844949,1.2329825100844949,1,5.0,5.0,5.0,0.0,0.0,0.0,1.2,1.2,1.2,0.09041846913729681,0.09041846913729681,0.09041846913729681,0.0,0.0,0.0,0.016627604166666667,0.016627604166666667,0.016627604166666667,238.4,238.4,238.4,238.4,238.4,238.4,0.0,0.0,0.0,0.015520833333333334,0.015520833333333334,0.015520833333333334,153.24000465869904,153.24000465869904,153.24000465869904,0.0,0.0,0.0,1.0,1.0,1.0,0.93125,0.93125,0.93125,True,0.7033048020964137,0.7033048020964137,0.7033048020964137,0.5511931860088234,0.5511931860088234,0.5511931860088234,0.07233251442167948,0.07233251442167948,0.07233251442167948,2496.0,2496.0,2496.0,0.611328125,0.611328125,0.611328125,0.3788958489894867,0.3788958489894867,0.3788958489894867,94.06310343676014,94.06310343676014,94.06310343676014,0.5511931860088234,0.5511931860088234,0.5511931860088234,0.0,0.0,0.0,4.008780019625391,4.008780019625391,4.008780019625391,1,-43.941170261245375,-43.941170261245375,-43.941170261245375,-30.528001985601513,-30.528001985601513,-30.528001985601513,0.0,0.0,0.0,-4.588400166481733,-4.588400166481733,-4.588400166481733,-11.499999999999968,-11.499999999999968,-11.499999999999968,0.0009321641889429126,0.0009321641889429126,0.0009321641889429126,5.0,5.0,5.0,6.0,6.0,6.0,Successful-Task Delay | P95 Successful-Task Delay | Task Success | Deadline Violation | Successful Task Throughput | Energy per Successful Task,0.7033048020964137,0.7033048020964137,0.7033048020964137,17.0,17.0,17.0,17.0,17.0,17.0,5357.0,5357.0,5357.0,17.554005842177354,17.554005842177354,17.554005842177354,167.06666666665976,167.06666666665976,167.06666666665976,reward,94.06310343676014,94.06310343676014,94.06310343676014,0.9801041666666668,0.9801041666666668,0.9801041666666668,0.9701276040077209,0.9701276040077209,0.9701276040077209,458.8400024414062,458.8400024414062,458.8400024414062,checkpoint_eval,True,han_pdqn_multiuser_u30,4.706015414543341,4.706015414543341,4.706015414543341,19.578125,19.578125,19.578125,0.9356365510334752,0.9356365510334752,0.9356365510334752,0.06430258779111267,0.06430258779111267,0.06430258779111267,0.9990678358110572,0.9990678358110572,0.9990678358110572,0.9990678358110572,0.9990678358110572,0.9990678358110572,0.9347652480199444,0.9347652480199444,0.9347652480199444,6179.708340543489,6179.708340543489,6179.708340543489,238.4,238.4,238.4,5362.0,5362.0,5362.0,15360.0,15360.0,15360.0,/home/pjpjq/LEO_switch/results/multiseed_0907/seed44/u30/learned_baselines/han_pdqn/training_history.json,,,,,,,,,,,,
30,pdqn,PDQN,1,0.4458203297104726,0.4458203297104726,0.4458203297104726,0.428998486507851,0.428998486507851,0.428998486507851,2.076516717993646,2.076516717993646,2.076516717993646,0.4458203297104726,0.4458203297104726,0.4458203297104726,1.8083868035602273,1.8083868035602273,1.8083868035602273,1,0.0211328125,0.0211328125,0.0211328125,324.6,324.6,324.6,4879.8,4879.8,4879.8,0.08811612677741806,0.08811612677741806,0.08811612677741806,472.6,472.6,472.6,1.184684415257669,1.184684415257669,1.184684415257669,1.3002929890815351,1.3002929890815351,1.3002929890815351,1,5.0,5.0,5.0,34.0,34.0,34.0,3.6,3.6,3.6,0.15047892991019438,0.15047892991019438,0.15047892991019438,34.0,34.0,34.0,0.0140625,0.0140625,0.0140625,191.2,191.2,191.2,157.2,157.2,157.2,0.16351887594453318,0.16351887594453318,0.16351887594453318,0.010234375,0.010234375,0.010234375,109.20000410079956,109.20000410079956,109.20000410079956,34.0,34.0,34.0,0.8364811240554669,0.8364811240554669,0.8364811240554669,0.6140625,0.6140625,0.6140625,False,0.6292792474978167,0.6292792474978167,0.6292792474978167,0.4458203297104726,0.4458203297104726,0.4458203297104726,0.0958244359450428,0.0958244359450428,0.0958244359450428,2385.0,2385.0,2385.0,0.47759114583333334,0.47759114583333334,0.47759114583333334,0.5054196119308472,0.5054196119308472,0.5054196119308472,83.89652588577883,83.89652588577883,83.89652588577883,0.4458203297104726,0.4458203297104726,0.4458203297104726,0.0,0.0,0.0,4.165597466912672,4.165597466912672,4.165597466912672,1,-43.052818919314355,-43.052818919314355,-43.052818919314355,-30.29815638085796,-30.29815638085796,-30.29815638085796,-0.2266666666666665,-0.2266666666666665,-0.2266666666666665,-4.338000162877142,-4.338000162877142,-4.338000162877142,-15.873333333333338,-15.873333333333338,-15.873333333333338,0.0011193033784020652,0.0011193033784020652,0.0011193033784020652,6.0,6.0,6.0,0.0,0.0,0.0,,0.6292792474978167,0.6292792474978167,0.6292792474978167,24.8,24.8,24.8,24.8,24.8,24.8,5356.0,5356.0,5356.0,15.025498738878246,15.025498738878246,15.025498738878246,162.65999999999335,162.65999999999335,162.65999999999335,reward,83.89652588577883,83.89652588577883,83.89652588577883,0.9788671874999999,0.9788671874999999,0.9788671874999999,0.9717578123835846,0.9717578123835846,0.9717578123835846,433.80000178813935,433.80000178813935,433.80000178813935,pdqn_train_eval,False,,4.536972155343017,4.536972155343017,4.536972155343017,19.06171875,19.06171875,19.06171875,0.9111109386370504,0.9111109386370504,0.9111109386370504,0.08878745819460776,0.08878745819460776,0.08878745819460776,0.9988806966215981,0.9988806966215981,0.9988806966215981,0.9988806966215981,0.9988806966215981,0.9988806966215981,0.9100932384269903,0.9100932384269903,0.9100932384269903,6345.169728120075,6345.169728120075,6345.169728120075,191.2,191.2,191.2,5362.0,5362.0,5362.0,15360.0,15360.0,15360.0,/home/pjpjq/LEO_switch/results/multiseed_0907/seed44/u30/learned_baselines/pdqn/training_history.json,/home/pjpjq/LEO_switch/results/multiseed_0907/seed44/u30/learned_baselines/pdqn/best_model.pt,150000.0,150000.0,150000.0,/home/pjpjq/LEO_switch/results/multiseed_0907/seed44/u30/learned_baselines/pdqn/pdqn_training.log,,,,,,,
30,han_mappo,HAN+MAPPO,1,0.5774072237989245,0.5774072237989245,0.5774072237989245,0.8551168588575659,0.8551168588575659,0.8551168588575659,2.8910885033486964,2.8910885033486964,2.8910885033486964,0.5774072237989245,0.5774072237989245,0.5774072237989245,2.040160503895581,2.040160503895581,2.040160503895581,1,0.02059895833333333,0.02059895833333333,0.02059895833333333,316.4,316.4,316.4,4373.8,4373.8,4373.8,0.1817403349064058,0.1817403349064058,0.1817403349064058,975.2,975.2,975.2,1.4130535948369936,1.4130535948369936,1.4130535948369936,1.7299875142057555,1.7299875142057555,1.7299875142057555,1,5.0,5.0,5.0,0.0,0.0,0.0,5.8,5.8,5.8,0.37599792086446515,0.37599792086446515,0.37599792086446515,0.0,0.0,0.0,0.005104166666666667,0.005104166666666667,0.005104166666666667,49.6,49.6,49.6,49.6,49.6,49.6,0.0,0.0,0.0,0.003229166666666666,0.003229166666666666,0.003229166666666666,47.04000182151795,47.04000182151795,47.04000182151795,0.0,0.0,0.0,1.0,1.0,1.0,0.19375,0.19375,0.19375,False,0.8232035869804518,0.8232035869804518,0.8232035869804518,0.5774072237989245,0.5774072237989245,0.5774072237989245,0.06697585281486962,0.06697585281486962,0.06697585281486962,2560.0,2560.0,2560.0,0.690390625,0.690390625,0.690390625,0.21196651458740234,0.21196651458740234,0.21196651458740234,58.55987200884065,58.55987200884065,58.55987200884065,0.5774072237989245,0.5774072237989245,0.5774072237989245,0.0,0.0,0.0,4.3303103306869914,4.3303103306869914,4.3303103306869914,1,-43.32292975997676,-43.32292975997676,-43.32292975997676,-28.65014577892619,-28.65014577892619,-28.65014577892619,0.0,0.0,0.0,-3.634400131367147,-3.634400131367147,-3.634400131367147,-32.70000000000046,-32.70000000000046,-32.70000000000046,0.0013433418607752452,0.0013433418607752452,0.0013433418607752452,7.2,7.2,7.2,0.0,0.0,0.0,,0.8232035869804518,0.8232035869804518,0.8232035869804518,28.8,28.8,28.8,28.8,28.8,28.8,5354.8,5354.8,5354.8,21.074011826699582,21.074011826699582,21.074011826699582,145.79333333332764,145.79333333332764,145.79333333332764,reward,58.55987200884065,58.55987200884065,58.55987200884065,0.9794010416666667,0.9794010416666667,0.9794010416666667,0.9763385416194797,0.9763385416194797,0.9763385416194797,363.44000072479247,363.44000072479247,363.44000072479247,han_mappo_train_eval,False,,8.973854001409418,8.973854001409418,8.973854001409418,17.08515625,17.08515625,17.08515625,0.8169382040653577,0.8169382040653577,0.8169382040653577,0.1828231930301238,0.1828231930301238,0.1828231930301238,0.9986566581392247,0.9986566581392247,0.9986566581392247,0.9986566581392247,0.9986566581392247,0.9986566581392247,0.815833465109101,0.815833465109101,0.815833465109101,7566.619389633133,7566.619389633133,7566.619389633133,49.6,49.6,49.6,5362.0,5362.0,5362.0,15360.0,15360.0,15360.0,/home/pjpjq/LEO_switch/results/multiseed_0907/seed44/u30/learned_baselines/han_mappo/training_history.json,/home/pjpjq/LEO_switch/results/multiseed_0907/seed44/u30/learned_baselines/han_mappo/best_model.pt,150000.0,150000.0,150000.0,,,,,,,,
30,mappo_no_han,MAPPO,1,0.5452823463241888,0.5452823463241888,0.5452823463241888,0.7895309490150199,0.7895309490150199,0.7895309490150199,2.9477495348398417,2.9477495348398417,2.9477495348398417,0.5452823463241888,0.5452823463241888,0.5452823463241888,2.0326494817173013,2.0326494817173013,2.0326494817173013,1,0.020651041666666665,0.020651041666666665,0.020651041666666665,317.2,317.2,317.2,4307.8,4307.8,4307.8,0.1938638959040591,0.1938638959040591,0.1938638959040591,1040.0,1040.0,1040.0,1.397741382145541,1.397741382145541,1.397741382145541,1.7373940305577122,1.7373940305577122,1.7373940305577122,1,5.0,5.0,5.0,0.0,0.0,0.0,6.8,6.8,6.8,0.4751248456371796,0.4751248456371796,0.4751248456371796,0.0,0.0,0.0,0.004674479166666667,0.004674479166666667,0.004674479166666667,38.6,38.6,38.6,38.6,38.6,38.6,0.0,0.0,0.0,0.0025130208333333333,0.0025130208333333333,0.0025130208333333333,43.08000156879425,43.08000156879425,43.08000156879425,0.0,0.0,0.0,1.0,1.0,1.0,0.15078125,0.15078125,0.15078125,False,0.7947084796757562,0.7947084796757562,0.7947084796757562,0.5452823463241888,0.5452823463241888,0.5452823463241888,0.07356546438867015,0.07356546438867015,0.07356546438867015,2560.0,2560.0,2560.0,0.7553125,0.7553125,0.7553125,0.18411006033420563,0.18411006033420563,0.18411006033420563,55.15030231962301,55.15030231962301,55.15030231962301,0.5452823463241888,0.5452823463241888,0.5452823463241888,0.0,0.0,0.0,4.362858777986814,4.362858777986814,4.362858777986814,1,-42.48899896234439,-42.48899896234439,-42.48899896234439,-27.802438050723577,-27.802438050723577,-27.802438050723577,0.0,0.0,0.0,-3.602800135873258,-3.602800135873258,-3.602800135873258,-34.89333333333373,-34.89333333333373,-34.89333333333373,0.00138016749141417,0.00138016749141417,0.00138016749141417,7.4,7.4,7.4,0.0,0.0,0.0,,0.7947084796757562,0.7947084796757562,0.7947084796757562,33.2,33.2,33.2,33.2,33.2,33.2,5354.6,5354.6,5354.6,20.344537079699364,20.344537079699364,20.344537079699364,143.59333333332773,143.59333333332773,143.59333333332773,reward,55.15030231962301,55.15030231962301,55.15030231962301,0.9793489583333332,0.9793489583333332,0.9793489583333332,0.976544270796391,0.976544270796391,0.976544270796391,360.2800005674362,360.2800005674362,360.2800005674362,mappo_no_han_train_eval,False,,9.15348452134308,9.15348452134308,9.15348452134308,16.82734375,16.82734375,16.82734375,0.8046071221991491,0.8046071221991491,0.8046071221991491,0.1951315370112548,0.1951315370112548,0.1951315370112548,0.9986198325085859,0.9986198325085859,0.9986198325085859,0.9986198325085859,0.9986198325085859,0.9986198325085859,0.803488295497331,0.803488295497331,0.803488295497331,7484.346004836513,7484.346004836513,7484.346004836513,38.6,38.6,38.6,5362.0,5362.0,5362.0,15360.0,15360.0,15360.0,/home/pjpjq/LEO_switch/results/multiseed_0907/seed44/u30/learned_baselines/mappo_no_han/training_history.json,/home/pjpjq/LEO_switch/results/multiseed_0907/seed44/u30/learned_baselines/mappo_no_han/best_model.pt,150000.0,150000.0,150000.0,,,,,,,,
30,maddpg,MADDPG,1,0.6155054034643808,0.6155054034643808,0.6155054034643808,0.8918291585464531,0.8918291585464531,0.8918291585464531,3.4222157805237616,3.4222157805237616,3.4222157805237616,0.6155054034643808,0.6155054034643808,0.6155054034643808,2.3201578764215633,2.3201578764215633,2.3201578764215633,1,0.020755208333333334,0.020755208333333334,0.020755208333333334,318.8,318.8,318.8,3842.2,3842.2,3842.2,0.2802942236898988,0.2802942236898988,0.2802942236898988,1503.4,1503.4,1503.4,1.3367350627964183,1.3367350627964183,1.3367350627964183,1.8627035360501858,1.8627035360501858,1.8627035360501858,1,5.0,5.0,5.0,0.0,0.0,0.0,8.4,8.4,8.4,0.5014807180434966,0.5014807180434966,0.5014807180434966,0.0,0.0,0.0,0.004609375,0.004609375,0.004609375,36.2,36.2,36.2,36.2,36.2,36.2,0.0,0.0,0.0,0.002356770833333333,0.002356770833333333,0.002356770833333333,42.48000116348267,42.48000116348267,42.48000116348267,0.0,0.0,0.0,1.0,1.0,1.0,0.14140625,0.14140625,0.14140625,False,0.8488930615599415,0.8488930615599415,0.8488930615599415,0.6155054034643808,0.6155054034643808,0.6155054034643808,0.05950066705302988,0.05950066705302988,0.05950066705302988,2560.0,2560.0,2560.0,0.0,0.0,0.0,0.9999991655349731,0.9999991655349731,0.9999991655349731,31.778779371700512,31.778779371700512,31.778779371700512,0.6155054034643808,0.6155054034643808,0.6155054034643808,0.0,0.0,0.0,4.711288889915895,4.711288889915895,4.711288889915895,1,-43.29470861235971,-43.29470861235971,-43.29470861235971,-20.725376362551447,-20.725376362551447,-20.725376362551447,0.0,0.0,0.0,-3.6128001460805534,-3.6128001460805534,-3.6128001460805534,-50.39333333333303,-50.39333333333303,-50.39333333333303,0.0014939178527528046,0.0014939178527528046,0.0014939178527528046,8.0,8.0,8.0,0.0,0.0,0.0,,0.8488930615599415,0.8488930615599415,0.8488930615599415,34.6,34.6,34.6,34.6,34.6,34.6,5354.0,5354.0,5354.0,21.731662375934526,21.731662375934526,21.731662375934526,128.07333333332863,128.07333333332863,128.07333333332863,reward,31.778779371700512,31.778779371700512,31.778779371700512,0.9792447916666667,0.9792447916666667,0.9792447916666667,0.9764791666374852,0.9764791666374852,0.9764791666374852,361.28000044822693,361.28000044822693,361.28000044822693,maddpg_train_eval,False,,5.460579391368487,5.460579391368487,5.460579391368487,15.00859375,15.00859375,15.00859375,0.7177228966415063,0.7177228966415063,0.7177228966415063,0.281860896222491,0.281860896222491,0.281860896222491,0.9985060821472471,0.9985060821472471,0.9985060821472471,0.9985060821472471,0.9985060821472471,0.9985060821472471,0.7166451859247561,0.7166451859247561,0.7166451859247561,7156.879526212024,7156.879526212024,7156.879526212024,36.2,36.2,36.2,5362.0,5362.0,5362.0,15360.0,15360.0,15360.0,/home/pjpjq/LEO_switch/results/multiseed_0907/seed44/u30/learned_baselines/maddpg/training_history.json,/home/pjpjq/LEO_switch/results/multiseed_0907/seed44/u30/learned_baselines/maddpg/maddpg_model.pt,150000.0,150000.0,150000.0,/home/pjpjq/LEO_switch/results/multiseed_0907/seed44/u30/learned_baselines/maddpg/maddpg_training.log,31.778779371700512,31.778779371700512,31.778779371700512,,,,
30,min_distance,Min-Distance,1,0.3388418368755559,0.3388418368755559,0.3388418368755559,0.38334054455290745,0.38334054455290745,0.38334054455290745,3.9055431770966336,3.9055431770966336,3.9055431770966336,0.3388418368755559,0.3388418368755559,0.3388418368755559,2.2905999593361286,2.2905999593361286,2.2905999593361286,1,0.019010416666666665,0.019010416666666665,0.019010416666666665,292.0,292.0,292.0,3557.0,3557.0,3557.0,0.3354336366716684,0.3354336366716684,0.3354336366716684,1798.8,1798.8,1798.8,1.5651791825377246,1.5651791825377246,1.5651791825377246,2.3569653565771906,2.3569653565771906,2.3569653565771906,1,5.0,5.0,5.0,0.2,0.2,0.2,0.6,0.6,0.6,0.08703780496233325,0.08703780496233325,0.08703780496233325,0.2,0.2,0.2,0.0036588541666666666,0.0036588541666666666,0.0036588541666666666,51.6,51.6,51.6,51.4,51.4,51.4,0.004081632653061224,0.004081632653061224,0.004081632653061224,0.0033463541666666667,0.0033463541666666667,0.0033463541666666667,33.60000133514404,33.60000133514404,33.60000133514404,0.0,0.0,0.0,0.9959183673469388,0.9959183673469388,0.9959183673469388,0.20078125,0.20078125,0.20078125,False,0.5946085963805917,0.5946085963805917,0.5946085963805917,0.3388418368755559,0.3388418368755559,0.3388418368755559,0.12345710764973243,0.12345710764973243,0.12345710764973243,2560.0,2560.0,2560.0,0.0,0.0,0.0,1.0,1.0,1.0,10.045615742427618,10.045615742427618,10.045615742427618,0.3388418368755559,0.3388418368755559,0.3388418368755559,0.2,0.2,0.2,4.875594581802474,4.875594581802474,4.875594581802474,1,-39.53742793280939,-39.53742793280939,-39.53742793280939,-20.968269451662234,-20.968269451662234,-20.968269451662234,-0.0013333333333333335,-0.0013333333333333335,-0.0013333333333333335,-3.2560001207515596,-3.2560001207515596,-3.2560001207515596,-59.97999999999915,-59.97999999999915,-59.97999999999915,0.0010446108396769483,0.0010446108396769483,0.0010446108396769483,5.6,5.6,5.6,0.0,0.0,0.0,,0.5946085963805917,0.5946085963805917,0.5946085963805917,4.6,4.6,4.6,4.6,4.6,4.6,5356.4,5356.4,5356.4,15.221980067343225,15.221980067343225,15.221980067343225,118.56666666666248,118.56666666666248,118.56666666666248,reward,10.045615742427618,10.045615742427618,10.045615742427618,0.9809895833333332,0.9809895833333332,0.9809895833333332,0.978802083376795,0.978802083376795,0.978802083376795,325.59999933242796,325.59999933242796,325.59999933242796,heuristic_eval,False,,3.314723741149222,3.314723741149222,3.314723741149222,13.89453125,13.89453125,13.89453125,0.6641022533019442,0.6641022533019442,0.6641022533019442,0.3355460689497821,0.3355460689497821,0.3355460689497821,0.9989553891603231,0.9989553891603231,0.9989553891603231,0.9989553891603231,0.9989553891603231,0.9989553891603231,0.663409320210541,0.663409320210541,0.663409320210541,8383.725773345068,8383.725773345068,8383.725773345068,51.6,51.6,51.6,5362.0,5362.0,5362.0,15360.0,15360.0,15360.0,,,,,,,,,,min_distance(best_offload=1.00),1.0,1.0,1.0
30,full_local,Full-Local,1,1.0,1.0,1.0,0.0,0.0,0.0,5.311498276222919,5.311498276222919,5.311498276222919,1.0,1.0,1.0,2.2428090082050565,2.2428090082050565,2.2428090082050565,1,0.7481640625,0.7481640625,0.7481640625,11491.8,11491.8,11491.8,2716.2,2716.2,2716.2,0.49338564140334185,0.49338564140334185,0.49338564140334185,2645.8,2645.8,2645.8,2.1008599200992686,2.1008599200992686,2.1008599200992686,4.147268570639968,4.147268570639968,4.147268570639968,1,5.0,5.0,5.0,0.0,0.0,0.0,0.0,0.0,0.0,1.0,1.0,1.0,0.0,0.0,0.0,0.0,0.0,0.0,0.0,0.0,0.0,0.0,0.0,0.0,0.0,0.0,0.0,0.0,0.0,0.0,0.0,0.0,0.0,0.0,0.0,0.0,0.0,0.0,0.0,0.0,0.0,0.0,False,0.0,0.0,0.0,1.0,1.0,1.0,0.0,0.0,0.0,0.0,0.0,0.0,1.0,1.0,1.0,0.0,0.0,0.0,-162.7918307441054,-162.7918307441054,-162.7918307441054,1.0,1.0,1.0,0.0,0.0,0.0,5.427632523937532,5.427632523937532,5.427632523937532,1,-29.31768335770417,-29.31768335770417,-29.31768335770417,-20.90280622488985,-20.90280622488985,-20.90280622488985,0.0,0.0,0.0,-114.91801538392902,-114.91801538392902,-114.91801538392902,-88.19333333333088,-88.19333333333088,-88.19333333333088,0.0,0.0,0.0,0.0,0.0,0.0,0.0,0.0,0.0,,0.0,0.0,0.0,0.0,0.0,0.0,0.0,0.0,0.0,5362.0,5362.0,5362.0,0.0,0.0,0.0,90.53999999999743,90.53999999999743,90.53999999999743,reward,-162.7918307441054,-162.7918307441054,-162.7918307441054,0.2518359375,0.2518359375,0.2518359375,0.2518359375,0.2518359375,0.2518359375,11491.8,11491.8,11491.8,heuristic_eval,False,,9.583486143847892,9.583486143847892,9.583486143847892,10.61015625,10.61015625,10.61015625,0.5066143585966583,0.5066143585966583,0.5066143585966583,0.49338564140334185,0.49338564140334185,0.49338564140334185,1.0,1.0,1.0,1.0,1.0,1.0,0.5066143585966583,0.5066143585966583,0.5066143585966583,11264.810891572279,11264.810891572279,11264.810891572279,0.0,0.0,0.0,5362.0,5362.0,5362.0,15360.0,15360.0,15360.0,,,,,,,,,,,,,
35,han_pdqn,HAN+PDQN,1,0.5610540772513045,0.5610540772513045,0.5610540772513045,0.6488933694505155,0.6488933694505155,0.6488933694505155,2.0882812008876352,2.0882812008876352,2.0882812008876352,0.5610540772513045,0.5610540772513045,0.5610540772513045,1.8436087353288961,1.8436087353288961,1.8436087353288961,1,0.018984374999999998,0.018984374999999998,0.018984374999999998,340.2,340.2,340.2,5741.2,5741.2,5741.2,0.08176740317339512,0.08176740317339512,0.08176740317339512,511.6,511.6,511.6,1.242793356533209,1.242793356533209,1.242793356533209,1.353842090578624,1.353842090578624,1.353842090578624,1,5.0,5.0,5.0,0.0,0.0,0.0,1.4,1.4,1.4,0.056629234976388707,0.056629234976388707,0.056629234976388707,0.0,0.0,0.0,0.011238839285714286,0.011238839285714286,0.011238839285714286,191.0,191.0,191.0,191.0,191.0,191.0,0.0,0.0,0.0,0.010658482142857143,0.010658482142857143,0.010658482142857143,120.84000461101532,120.84000461101532,120.84000461101532,0.0,0.0,0.0,1.0,1.0,1.0,0.6395089285714286,0.6395089285714286,0.6395089285714286,True,0.7232520372492803,0.7232520372492803,0.7232520372492803,0.5610540772513045,0.5610540772513045,0.5610540772513045,0.07029639926401347,0.07029639926401347,0.07029639926401347,2501.0,2501.0,2501.0,0.5762946428571428,0.5762946428571428,0.5762946428571428,0.41615936160087585,0.41615936160087585,0.41615936160087585,87.77954202340916,87.77954202340916,87.77954202340916,0.5610540772513045,0.5610540772513045,0.5610540772513045,0.0,0.0,0.0,4.176262437653807,4.176262437653807,4.176262437653807,1,-44.475236015137995,-44.475236015137995,-44.475236015137995,-31.26749548362316,-31.26749548362316,-31.26749548362316,0.0,0.0,0.0,-3.9517715774476527,-3.9517715774476527,-3.9517715774476527,-14.65714285714281,-14.65714285714281,-14.65714285714281,0.0007039286235745441,0.0007039286235745441,0.0007039286235745441,4.4,4.4,4.4,4.0,4.0,4.0,Task Success | Deadline Violation | Successful Task Throughput | Energy per Successful Task,0.7232520372492803,0.7232520372492803,0.7232520372492803,10.4,10.4,10.4,10.4,10.4,10.4,6254.2,6254.2,6254.2,18.096901303662815,18.096901303662815,18.096901303662815,164.0342857142946,164.0342857142946,164.0342857142946,reward,87.77954202340916,87.77954202340916,87.77954202340916,0.9810156250000001,0.9810156250000001,0.9810156250000001,0.9742723213322462,0.9742723213322462,0.9742723213322462,461.04000172615054,461.04000172615054,461.04000172615054,checkpoint_eval,True,han_pdqn_multiuser_u35,5.460351186963541,5.460351186963541,5.460351186963541,19.222767857142856,19.222767857142856,19.222767857142856,0.9179520494118396,0.9179520494118396,0.9179520494118396,0.08199123141239653,0.08199123141239653,0.08199123141239653,0.9992960713764255,0.9992960713764255,0.9992960713764255,0.9992960713764255,0.9992960713764255,0.9992960713764255,0.917304839964029,0.917304839964029,0.917304839964029,7772.6782104299955,7772.6782104299955,7772.6782104299955,191.0,191.0,191.0,6258.6,6258.6,6258.6,17920.0,17920.0,17920.0,/home/pjpjq/LEO_switch/results/multiseed_0907/seed44/u35/learned_baselines/han_pdqn/training_history.json,,,,,,,,,,,,
35,pdqn,PDQN,1,0.41205030481970867,0.41205030481970867,0.41205030481970867,0.350396899678162,0.350396899678162,0.350396899678162,2.1298355315660578,2.1298355315660578,2.1298355315660578,0.41205030481970867,0.41205030481970867,0.41205030481970867,1.8367464113542702,1.8367464113542702,1.8367464113542702,1,0.02280133928571429,0.02280133928571429,0.02280133928571429,408.6,408.6,408.6,5671.6,5671.6,5671.6,0.09230355500171415,0.09230355500171415,0.09230355500171415,577.6,577.6,577.6,1.2989149447496677,1.2989149447496677,1.2989149447496677,1.4325257386644281,1.4325257386644281,1.4325257386644281,1,5.0,5.0,5.0,45.2,45.2,45.2,5.8,5.8,5.8,0.21805439769078924,0.21805439769078924,0.21805439769078924,45.2,45.2,45.2,0.01421875,0.01421875,0.01421875,206.8,206.8,206.8,161.6,161.6,161.6,0.20582409794208573,0.20582409794208573,0.20582409794208573,0.009017857142857143,0.009017857142857143,0.009017857142857143,123.1200046300888,123.1200046300888,123.1200046300888,49.6,49.6,49.6,0.7941759020579143,0.7941759020579143,0.7941759020579143,0.5410714285714286,0.5410714285714286,0.5410714285714286,False,0.5886125226385486,0.5886125226385486,0.5886125226385486,0.41205030481970867,0.41205030481970867,0.41205030481970867,0.10409503350791759,0.10409503350791759,0.10409503350791759,2359.0,2359.0,2359.0,0.47042410714285715,0.47042410714285715,0.47042410714285715,0.49059033393859863,0.49059033393859863,0.49059033393859863,78.24541045441292,78.24541045441292,78.24541045441292,0.41205030481970867,0.41205030481970867,0.41205030481970867,0.0,0.0,0.0,4.1362995685757635,4.1362995685757635,4.1362995685757635,1,-44.05592264887337,-44.05592264887337,-44.05592264887337,-32.147539406003624,-32.147539406003624,-32.147539406003624,-0.2834285714285717,-0.2834285714285717,-0.2834285714285717,-4.557600196264684,-4.557600196264684,-4.557600196264684,-16.668571428571376,-16.668571428571376,-16.668571428571376,0.0005759867984113715,0.0005759867984113715,0.0005759867984113715,3.6,3.6,3.6,2.0,2.0,2.0,Successful-Task Delay | P95 Successful-Task Delay,0.5886125226385486,0.5886125226385486,0.5886125226385486,48.0,48.0,48.0,43.6,43.6,43.6,6255.0,6255.0,6255.0,13.912758016599241,13.912758016599241,13.912758016599241,162.04571428572245,162.04571428572245,162.04571428572245,reward,78.24541045441292,78.24541045441292,78.24541045441292,0.9771986607142857,0.9771986607142857,0.9771986607142857,0.9703281248906361,0.9703281248906361,0.9703281248906361,531.7200019598007,531.7200019598007,531.7200019598007,pdqn_train_eval,False,,4.405188730300599,4.405188730300599,4.405188730300599,18.989732142857143,18.989732142857143,18.989732142857143,0.9067193967879044,0.9067193967879044,0.9067193967879044,0.09322747323726271,0.09322747323726271,0.09322747323726271,0.9994240132015886,0.9994240132015886,0.9994240132015886,0.9994240132015886,0.9994240132015886,0.9994240132015886,0.9061965399643258,0.9061965399643258,0.9061965399643258,8124.712979409172,8124.712979409172,8124.712979409172,206.8,206.8,206.8,6258.6,6258.6,6258.6,17920.0,17920.0,17920.0,/home/pjpjq/LEO_switch/results/multiseed_0907/seed44/u35/learned_baselines/pdqn/training_history.json,/home/pjpjq/LEO_switch/results/multiseed_0907/seed44/u35/learned_baselines/pdqn/best_model.pt,150000.0,150000.0,150000.0,/home/pjpjq/LEO_switch/results/multiseed_0907/seed44/u35/learned_baselines/pdqn/pdqn_training.log,,,,,,,
35,han_mappo,HAN+MAPPO,1,0.5930000990621394,0.5930000990621394,0.5930000990621394,0.891656919155652,0.891656919155652,0.891656919155652,2.9510035551402662,2.9510035551402662,2.9510035551402662,0.5930000990621394,0.5930000990621394,0.5930000990621394,2.0465921001973326,2.0465921001973326,2.0465921001973326,1,0.020558035714285716,0.020558035714285716,0.020558035714285716,368.4,368.4,368.4,5043.2,5043.2,5043.2,0.19190778113285065,0.19190778113285065,0.19190778113285065,1201.2,1201.2,1201.2,1.495317610624133,1.495317610624133,1.495317610624133,1.8537289224345812,1.8537289224345812,1.8537289224345812,1,5.0,5.0,5.0,0.0,0.0,0.0,7.6,7.6,7.6,0.4646472120967541,0.4646472120967541,0.4646472120967541,0.0,0.0,0.0,0.004486607142857143,0.004486607142857143,0.004486607142857143,44.0,44.0,44.0,44.0,44.0,44.0,0.0,0.0,0.0,0.0024553571428571432,0.0024553571428571432,0.0024553571428571432,48.24000198841095,48.24000198841095,48.24000198841095,0.0,0.0,0.0,1.0,1.0,1.0,0.14732142857142855,0.14732142857142855,0.14732142857142855,False,0.8399382208297469,0.8399382208297469,0.8399382208297469,0.5930000990621394,0.5930000990621394,0.5930000990621394,0.06387317571064137,0.06387317571064137,0.06387317571064137,2560.0,2560.0,2560.0,0.7426339285714286,0.7426339285714286,0.7426339285714286,0.1716436743736267,0.1716436743736267,0.1716436743736267,55.09069559765631,55.09069559765631,55.09069559765631,0.5930000990621394,0.5930000990621394,0.5930000990621394,0.0,0.0,0.0,4.341631248225826,4.341631248225826,4.341631248225826,1,-43.097049055882124,-43.097049055882124,-43.097049055882124,-29.297761545149534,-29.297761545149534,-29.297761545149534,0.0,0.0,0.0,-3.5712001578882338,-3.5712001578882338,-3.5712001578882338,-34.5371428571433,-34.5371428571433,-34.5371428571433,0.0010547422407368987,0.0010547422407368987,0.0010547422407368987,6.6,6.6,6.6,0.0,0.0,0.0,,0.8399382208297469,0.8399382208297469,0.8399382208297469,36.4,36.4,36.4,36.4,36.4,36.4,6252.0,6252.0,6252.0,21.502418453241532,21.502418453241532,21.502418453241532,144.09142857143007,144.09142857143007,144.09142857143007,reward,55.09069559765631,55.09069559765631,55.09069559765631,0.9794419642857143,0.9794419642857143,0.9794419642857143,0.9767499999395971,0.9767499999395971,0.9767499999395971,416.6400010824203,416.6400010824203,416.6400010824203,han_mappo_train_eval,False,,9.835078802686107,9.835078802686107,9.835078802686107,16.885714285714286,16.885714285714286,16.885714285714286,0.8066827572543817,0.8066827572543817,0.8066827572543817,0.19312068052200326,0.19312068052200326,0.19312068052200326,0.998945257759263,0.998945257759263,0.998945257759263,0.998945257759263,0.998945257759263,0.998945257759263,0.8058245772372598,0.8058245772372598,0.8058245772372598,9348.72570162208,9348.72570162208,9348.72570162208,44.0,44.0,44.0,6258.6,6258.6,6258.6,17920.0,17920.0,17920.0,/home/pjpjq/LEO_switch/results/multiseed_0907/seed44/u35/learned_baselines/han_mappo/training_history.json,/home/pjpjq/LEO_switch/results/multiseed_0907/seed44/u35/learned_baselines/han_mappo/best_model.pt,150000.0,150000.0,150000.0,,,,,,,,
35,mappo_no_han,MAPPO,1,0.5823538195058264,0.5823538195058264,0.5823538195058264,0.882403990360563,0.882403990360563,0.882403990360563,3.081434308614205,3.081434308614205,3.081434308614205,0.5823538195058264,0.5823538195058264,0.5823538195058264,2.0883429119752033,2.0883429119752033,2.0883429119752033,1,0.020636160714285715,0.020636160714285715,0.020636160714285715,369.8,369.8,369.8,4913.6,4913.6,4913.6,0.21214844932816543,0.21214844932816543,0.21214844932816543,1328.0,1328.0,1328.0,1.4735171897208679,1.4735171897208679,1.4735171897208679,1.8746439792378475,1.8746439792378475,1.8746439792378475,1,5.0,5.0,5.0,0.0,0.0,0.0,9.6,9.6,9.6,0.47881361797499944,0.47881361797499944,0.47881361797499944,0.0,0.0,0.0,0.004944196428571429,0.004944196428571429,0.004944196428571429,47.4,47.4,47.4,47.4,47.4,47.4,0.0,0.0,0.0,0.0026450892857142858,0.0026450892857142858,0.0026450892857142858,53.160002040863034,53.160002040863034,53.160002040863034,0.0,0.0,0.0,1.0,1.0,1.0,0.15870535714285713,0.15870535714285713,0.15870535714285713,False,0.8342197174359877,0.8342197174359877,0.8342197174359877,0.5823538195058264,0.5823538195058264,0.5823538195058264,0.06598495471521751,0.06598495471521751,0.06598495471521751,2560.0,2560.0,2560.0,0.7424665178571429,0.7424665178571429,0.7424665178571429,0.19167882204055786,0.19167882204055786,0.19167882204055786,49.53992602387807,49.53992602387807,49.53992602387807,0.5823538195058264,0.5823538195058264,0.5823538195058264,0.0,0.0,0.0,4.464980835657934,4.464980835657934,4.464980835657934,1,-42.72159897521607,-42.72159897521607,-42.72159897521607,-27.640558838996572,-27.640558838996572,-27.640558838996572,0.0,0.0,0.0,-3.6253715889528393,-3.6253715889528393,-3.6253715889528393,-38.2171428571436,-38.2171428571436,-38.2171428571436,0.0011820146890781018,0.0011820146890781018,0.0011820146890781018,7.4,7.4,7.4,0.0,0.0,0.0,,0.8342197174359877,0.8342197174359877,0.8342197174359877,41.2,41.2,41.2,41.2,41.2,41.2,6251.2,6251.2,6251.2,21.356024766361266,21.356024766361266,21.356024766361266,140.38857142857154,140.38857142857154,140.38857142857154,reward,49.53992602387807,49.53992602387807,49.53992602387807,0.9793638392857142,0.9793638392857142,0.9793638392857142,0.9763973213745547,0.9763973213745547,0.9763973213745547,422.96000096797945,422.96000096797945,422.96000096797945,mappo_no_han_train_eval,False,,8.121765709225908,8.121765709225908,8.121765709225908,16.451785714285712,16.451785714285712,16.451785714285712,0.7860687940094669,0.7860687940094669,0.7860687940094669,0.21368218299136132,0.21368218299136132,0.21368218299136132,0.9988179853109219,0.9988179853109219,0.9988179853109219,0.9988179853109219,0.9988179853109219,0.9988179853109219,0.7851358023195606,0.7851358023195606,0.7851358023195606,9211.250656383088,9211.250656383088,9211.250656383088,47.4,47.4,47.4,6258.6,6258.6,6258.6,17920.0,17920.0,17920.0,/home/pjpjq/LEO_switch/results/multiseed_0907/seed44/u35/learned_baselines/mappo_no_han/training_history.json,/home/pjpjq/LEO_switch/results/multiseed_0907/seed44/u35/learned_baselines/mappo_no_han/best_model.pt,150000.0,150000.0,150000.0,,,,,,,,
35,maddpg,MADDPG,1,0.6453277503529093,0.6453277503529093,0.6453277503529093,0.9256930268345327,0.9256930268345327,0.9256930268345327,3.5269286314499886,3.5269286314499886,3.5269286314499886,0.6453277503529093,0.6453277503529093,0.6453277503529093,2.323031876008927,2.323031876008927,2.323031876008927,1,0.020558035714285713,0.020558035714285713,0.020558035714285713,368.4,368.4,368.4,4414.8,4414.8,4414.8,0.29198943271218253,0.29198943271218253,0.29198943271218253,1827.8,1827.8,1827.8,1.4324173168453262,1.4324173168453262,1.4324173168453262,2.02844672045248,2.02844672045248,2.02844672045248,1,5.0,5.0,5.0,0.0,0.0,0.0,9.2,9.2,9.2,0.4486159623159951,0.4486159623159951,0.4486159623159951,0.0,0.0,0.0,0.0053125,0.0053125,0.0053125,55.2,55.2,55.2,55.2,55.2,55.2,0.0,0.0,0.0,0.003080357142857143,0.003080357142857143,0.003080357142857143,57.120002031326294,57.120002031326294,57.120002031326294,0.0,0.0,0.0,1.0,1.0,1.0,0.18482142857142855,0.18482142857142855,0.18482142857142855,False,0.8681577107375104,0.8681577107375104,0.8681577107375104,0.6453277503529093,0.6453277503529093,0.6453277503529093,0.0538908204719419,0.0538908204719419,0.0538908204719419,2560.0,2560.0,2560.0,0.0,0.0,0.0,1.0,1.0,1.0,27.9025059075655,27.9025059075655,27.9025059075655,0.6453277503529093,0.6453277503529093,0.6453277503529093,0.0,0.0,0.0,4.753474996779223,4.753474996779223,4.753474996779223,1,-42.83386111484729,-42.83386111484729,-42.83386111484729,-21.492586366358086,-21.492586366358086,-21.492586366358086,0.0,0.0,0.0,-3.647314450517297,-3.647314450517297,-3.647314450517297,-52.485714285716654,-52.485714285716654,-52.485714285716654,0.0010861894651315672,0.0010861894651315672,0.0010861894651315672,6.8,6.8,6.8,0.0,0.0,0.0,,0.8681577107375104,0.8681577107375104,0.8681577107375104,40.0,40.0,40.0,40.0,40.0,40.0,6251.8,6251.8,6251.8,22.22483739488031,22.22483739488031,22.22483739488031,126.13714285713915,126.13714285713915,126.13714285713915,reward,27.9025059075655,27.9025059075655,27.9025059075655,0.9794419642857143,0.9794419642857143,0.9794419642857143,0.9762544642042901,0.9762544642042901,0.9762544642042901,425.5200014591217,425.5200014591217,425.5200014591217,maddpg_train_eval,False,,5.576557551058385,5.576557551058385,5.576557551058385,14.781696428571431,14.781696428571431,14.781696428571431,0.7062239965250275,0.7062239965250275,0.7062239965250275,0.2934574340949011,0.2934574340949011,0.2934574340949011,0.9989138105348683,0.9989138105348683,0.9989138105348683,0.9989138105348683,0.9989138105348683,0.9989138105348683,0.7054563764399674,0.7054563764399674,0.7054563764399674,8955.18658145361,8955.18658145361,8955.18658145361,55.2,55.2,55.2,6258.6,6258.6,6258.6,17920.0,17920.0,17920.0,/home/pjpjq/LEO_switch/results/multiseed_0907/seed44/u35/learned_baselines/maddpg/training_history.json,/home/pjpjq/LEO_switch/results/multiseed_0907/seed44/u35/learned_baselines/maddpg/maddpg_model.pt,150000.0,150000.0,150000.0,/home/pjpjq/LEO_switch/results/multiseed_0907/seed44/u35/learned_baselines/maddpg/maddpg_training.log,27.9025059075655,27.9025059075655,27.9025059075655,,,,
35,min_distance,Min-Distance,1,0.34415597265487113,0.34415597265487113,0.34415597265487113,0.4176318259644393,0.4176318259644393,0.4176318259644393,4.002027659882266,4.002027659882266,4.002027659882266,0.34415597265487113,0.34415597265487113,0.34415597265487113,2.2984795080181755,2.2984795080181755,2.2984795080181755,1,0.018805803571428574,0.018805803571428574,0.018805803571428574,337.0,337.0,337.0,4061.6,4061.6,4061.6,0.35003680289631006,0.35003680289631006,0.35003680289631006,2190.8,2190.8,2190.8,1.6412702315034207,1.6412702315034207,1.6412702315034207,2.526964562163554,2.526964562163554,2.526964562163554,1,5.0,5.0,5.0,0.0,0.0,0.0,1.0,1.0,1.0,0.0833822091886608,0.0833822091886608,0.0833822091886608,0.0,0.0,0.0,0.0036495535714285714,0.0036495535714285714,0.0036495535714285714,60.2,60.2,60.2,60.2,60.2,60.2,0.0,0.0,0.0,0.003359375,0.003359375,0.003359375,39.24000155925751,39.24000155925751,39.24000155925751,0.0,0.0,0.0,1.0,1.0,1.0,0.2015625,0.2015625,0.2015625,False,0.604436149385489,0.604436149385489,0.604436149385489,0.34415597265487113,0.34415597265487113,0.34415597265487113,0.12198064076778184,0.12198064076778184,0.12198064076778184,2560.0,2560.0,2560.0,0.0,0.0,0.0,1.0,1.0,1.0,5.520667419058737,5.520667419058737,5.520667419058737,0.34415597265487113,0.34415597265487113,0.34415597265487113,0.0,0.0,0.0,4.930072027959791,4.930072027959791,4.930072027959791,1,-38.87532551147038,-38.87532551147038,-38.87532551147038,-21.27551455014356,-21.27551455014356,-21.27551455014356,0.0,0.0,0.0,-3.224914412945509,-3.224914412945509,-3.224914412945509,-62.62285714286063,-62.62285714286063,-62.62285714286063,0.0008321002402674827,0.0008321002402674827,0.0008321002402674827,5.2,5.2,5.2,0.0,0.0,0.0,,0.604436149385489,0.604436149385489,0.604436149385489,5.2,5.2,5.2,5.2,5.2,5.2,6253.4,6253.4,6253.4,15.47356542426859,15.47356542426859,15.47356542426859,116.04571428571137,116.04571428571137,116.04571428571137,reward,5.520667419058737,5.520667419058737,5.520667419058737,0.9811941964285713,0.9811941964285713,0.9811941964285713,0.9790044643463833,0.9790044643463833,0.9790044643463833,376.2399989128113,376.2399989128113,376.2399989128113,heuristic_eval,False,,3.953969530740681,3.953969530740681,3.953969530740681,13.599107142857141,13.599107142857141,13.599107142857141,0.6495109287506347,0.6495109287506347,0.6495109287506347,0.3501961209625428,0.3501961209625428,0.3501961209625428,0.9991678997597326,0.9991678997597326,0.9991678997597326,0.9991678997597326,0.9991678997597326,0.9991678997597326,0.6489717787971896,0.6489717787971896,0.6489717787971896,10263.51926568349,10263.51926568349,10263.51926568349,60.2,60.2,60.2,6258.6,6258.6,6258.6,17920.0,17920.0,17920.0,,,,,,,,,,min_distance(best_offload=1.00),1.0,1.0,1.0
35,full_local,Full-Local,1,1.0,1.0,1.0,0.0,0.0,0.0,5.191024544434309,5.191024544434309,5.191024544434309,1.0,1.0,1.0,2.2372241391852836,2.2372241391852836,2.2372241391852836,1,0.7440513392857143,0.7440513392857143,0.7440513392857143,13333.4,13333.4,13333.4,3247.4,3247.4,3247.4,0.4810943675502924,0.4810943675502924,0.4810943675502924,3011.2,3011.2,3011.2,2.0952741425784702,2.0952741425784702,2.0952741425784702,4.038148287473552,4.038148287473552,4.038148287473552,1,5.0,5.0,5.0,0.0,0.0,0.0,0.0,0.0,0.0,1.0,1.0,1.0,0.0,0.0,0.0,0.0,0.0,0.0,0.0,0.0,0.0,0.0,0.0,0.0,0.0,0.0,0.0,0.0,0.0,0.0,0.0,0.0,0.0,0.0,0.0,0.0,0.0,0.0,0.0,0.0,0.0,0.0,False,0.0,0.0,0.0,1.0,1.0,1.0,0.0,0.0,0.0,0.0,0.0,0.0,1.0,1.0,1.0,0.0,0.0,0.0,-158.90118851734533,-158.90118851734533,-158.90118851734533,1.0,1.0,1.0,0.0,0.0,0.0,5.397397574055348,5.397397574055348,5.397397574055348,1,-29.97575104607218,-29.97575104607218,-29.97575104607218,-21.387724032861207,-21.387724032861207,-21.387724032861207,0.0,0.0,0.0,-114.2862994633615,-114.2862994633615,-114.2862994633615,-86.03428571428664,-86.03428571428664,-86.03428571428664,0.0,0.0,0.0,0.0,0.0,0.0,0.0,0.0,0.0,,0.0,0.0,0.0,0.0,0.0,0.0,0.0,0.0,0.0,6258.6,6258.6,6258.6,0.0,0.0,0.0,92.78285714285721,92.78285714285721,92.78285714285721,reward,-158.90118851734533,-158.90118851734533,-158.90118851734533,0.25594866071428574,0.25594866071428574,0.25594866071428574,0.25594866071428574,0.25594866071428574,0.25594866071428574,13333.4,13333.4,13333.4,heuristic_eval,False,,10.337862269334709,10.337862269334709,10.337862269334709,10.872991071428572,10.872991071428572,10.872991071428572,0.5189056324497076,0.5189056324497076,0.5189056324497076,0.4810943675502924,0.4810943675502924,0.4810943675502924,1.0,1.0,1.0,1.0,1.0,1.0,0.5189056324497076,0.5189056324497076,0.5189056324497076,13113.482748741613,13113.482748741613,13113.482748741613,0.0,0.0,0.0,6258.6,6258.6,6258.6,17920.0,17920.0,17920.0,,,,,,,,,,,,,
40,han_pdqn,HAN+PDQN,1,0.5004587211576619,0.5004587211576619,0.5004587211576619,0.5916267941598476,0.5916267941598476,0.5916267941598476,2.2209226991650306,2.2209226991650306,2.2209226991650306,0.5004587211576619,0.5004587211576619,0.5004587211576619,1.8953018273237519,1.8953018273237519,1.8953018273237519,1,0.020361328125,0.020361328125,0.020361328125,417.0,417.0,417.0,6425.6,6425.6,6425.6,0.1009840230081255,0.1009840230081255,0.1009840230081255,722.8,722.8,722.8,1.328475670977863,1.328475670977863,1.328475670977863,1.4782020904440867,1.4782020904440867,1.4782020904440867,1,5.0,5.0,5.0,0.0,0.0,0.0,1.4,1.4,1.4,0.0855576513348392,0.0855576513348392,0.0855576513348392,0.0,0.0,0.0,0.015322265625,0.015322265625,0.015322265625,287.6,287.6,287.6,287.6,287.6,287.6,0.0,0.0,0.0,0.01404296875,0.01404296875,0.01404296875,188.28000700473785,188.28000700473785,188.28000700473785,0.0,0.0,0.0,1.0,1.0,1.0,0.842578125,0.842578125,0.842578125,True,0.6893367612114092,0.6893367612114092,0.6893367612114092,0.5004587211576619,0.5004587211576619,0.5004587211576619,0.08323142646285575,0.08323142646285575,0.08323142646285575,2519.0,2519.0,2519.0,0.51900390625,0.51900390625,0.51900390625,0.46460238099098206,0.46460238099098206,0.46460238099098206,78.6602043005405,78.6602043005405,78.6602043005405,0.5004587211576619,0.5004587211576619,0.5004587211576619,0.0,0.0,0.0,4.291580239440229,4.291580239440229,4.291580239440229,1,-44.756796401344936,-44.756796401344936,-44.756796401344936,-31.94686487054681,-31.94686487054681,-31.94686487054681,0.0,0.0,0.0,-4.539600162487477,-4.539600162487477,-4.539600162487477,-18.104999999999993,-18.104999999999993,-18.104999999999993,0.0007286372051447216,0.0007286372051447216,0.0007286372051447216,5.2,5.2,5.2,6.0,6.0,6.0,Successful-Task Delay | P95 Successful-Task Delay | Task Success | Deadline Violation | Successful Task Throughput | Energy per Successful Task,0.6893367612114092,0.6893367612114092,0.6893367612114092,26.2,26.2,26.2,26.2,26.2,26.2,7149.8,7149.8,7149.8,17.36846723095379,17.36846723095379,17.36846723095379,160.64000000001937,160.64000000001937,160.64000000001937,reward,78.6602043005405,78.6602043005405,78.6602043005405,0.979638671875,0.979638671875,0.979638671875,0.9704453123558776,0.9704453123558776,0.9704453123558776,605.280002951622,605.280002951622,605.280002951622,checkpoint_eval,True,han_pdqn_multiuser_u40,4.3549684102700725,4.3549684102700725,4.3549684102700725,18.825,18.825,18.825,0.8987490366159527,0.8987490366159527,0.8987490366159527,0.1011793499483431,0.1011793499483431,0.1011793499483431,0.9992713627948554,0.9992713627948554,0.9992713627948554,0.9992713627948554,0.9992713627948554,0.9992713627948554,0.8980920128465122,0.8980920128465122,0.8980920128465122,9498.335352357524,9498.335352357524,9498.335352357524,287.6,287.6,287.6,7155.0,7155.0,7155.0,20480.0,20480.0,20480.0,/home/pjpjq/LEO_switch/results/multiseed_0907/seed44/u40/learned_baselines/han_pdqn/training_history.json,,,,,,,,,,,,
40,pdqn,PDQN,1,0.4707441075399723,0.4707441075399723,0.4707441075399723,0.6250482000039239,0.6250482000039239,0.6250482000039239,2.4034776881161957,2.4034776881161957,2.4034776881161957,0.4707441075399723,0.4707441075399723,0.4707441075399723,1.9446814345800252,1.9446814345800252,1.9446814345800252,1,0.02060546875,0.02060546875,0.02060546875,422.0,422.0,422.0,6178.6,6178.6,6178.6,0.1355250352982341,0.1355250352982341,0.1355250352982341,970.0,970.0,970.0,1.3414845664138904,1.3414845664138904,1.3414845664138904,1.5523494566642981,1.5523494566642981,1.5523494566642981,1,5.0,5.0,5.0,61.2,61.2,61.2,1.2,1.2,1.2,0.0742866638180696,0.0742866638180696,0.0742866638180696,61.2,61.2,61.2,0.016279296875,0.016279296875,0.016279296875,312.2,312.2,312.2,251.0,251.0,251.0,0.1798675104707986,0.1798675104707986,0.1798675104707986,0.012255859375,0.012255859375,0.012255859375,161.64000627994537,161.64000627994537,161.64000627994537,63.8,63.8,63.8,0.8201324895292015,0.8201324895292015,0.8201324895292015,0.7353515625,0.7353515625,0.7353515625,False,0.7048159224475233,0.7048159224475233,0.7048159224475233,0.4707441075399723,0.4707441075399723,0.4707441075399723,0.0899639661560982,0.0899639661560982,0.0899639661560982,2502.0,2502.0,2502.0,0.373876953125,0.373876953125,0.373876953125,0.6132777333259583,0.6132777333259583,0.6132777333259583,69.24701956695644,69.24701956695644,69.24701956695644,0.4707441075399723,0.4707441075399723,0.4707441075399723,0.2,0.2,0.2,4.492907385174257,4.492907385174257,4.492907385174257,1,-43.53274280858107,-43.53274280858107,-43.53274280858107,-30.34937937807457,-30.34937937807457,-30.34937937807457,-0.32000000000000023,-0.32000000000000023,-0.32000000000000023,-4.377300167456269,-4.377300167456269,-4.377300167456269,-24.27999999999969,-24.27999999999969,-24.27999999999969,0.0007288164878579706,0.0007288164878579706,0.0007288164878579706,5.2,5.2,5.2,0.0,0.0,0.0,,0.7048159224475233,0.7048159224475233,0.7048159224475233,21.2,21.2,21.2,18.4,18.4,18.4,7149.8,7149.8,7149.8,17.64144296203231,17.64144296203231,17.64144296203231,154.46500000001797,154.46500000001797,154.46500000001797,reward,69.24701956695644,69.24701956695644,69.24701956695644,0.97939453125,0.97939453125,0.97939453125,0.9715019530418795,0.9715019530418795,0.9715019530418795,583.6400017023086,583.6400017023086,583.6400017023086,pdqn_train_eval,False,,3.8892770128149365,3.8892770128149365,3.8892770128149365,18.1013671875,18.1013671875,18.1013671875,0.8642108862751003,0.8642108862751003,0.8642108862751003,0.13569417549957946,0.13569417549957946,0.13569417549957946,0.9992711835121421,0.9992711835121421,0.9992711835121421,0.9992711835121421,0.9992711835121421,0.9992711835121421,0.8635770080125627,0.8635770080125627,0.8635770080125627,9591.346352946033,9591.346352946033,9591.346352946033,312.2,312.2,312.2,7155.0,7155.0,7155.0,20480.0,20480.0,20480.0,/home/pjpjq/LEO_switch/results/multiseed_0907/seed44/u40/learned_baselines/pdqn/training_history.json,/home/pjpjq/LEO_switch/results/multiseed_0907/seed44/u40/learned_baselines/pdqn/best_model.pt,150000.0,150000.0,150000.0,/home/pjpjq/LEO_switch/results/multiseed_0907/seed44/u40/learned_baselines/pdqn/pdqn_training.log,,,,,,,
40,han_mappo,HAN+MAPPO,1,0.5984575177707482,0.5984575177707482,0.5984575177707482,0.8986360751015627,0.8986360751015627,0.8986360751015627,3.3587837581615902,3.3587837581615902,3.3587837581615902,0.5984575177707482,0.5984575177707482,0.5984575177707482,2.0998279582508372,2.0998279582508372,2.0998279582508372,1,0.021318359375000002,0.021318359375000002,0.021318359375000002,436.6,436.6,436.6,5378.6,5378.6,5378.6,0.24611470428812893,0.24611470428812893,0.24611470428812893,1761.6,1761.6,1761.6,1.5577300534499732,1.5577300534499732,1.5577300534499732,2.0698874599351056,2.0698874599351056,2.0698874599351056,1,5.0,5.0,5.0,0.0,0.0,0.0,6.8,6.8,6.8,0.46792389917689486,0.46792389917689486,0.46792389917689486,0.0,0.0,0.0,0.004541015625,0.004541015625,0.004541015625,50.4,50.4,50.4,50.4,50.4,50.4,0.0,0.0,0.0,0.0024609375000000005,0.0024609375000000005,0.0024609375000000005,55.80000228881836,55.80000228881836,55.80000228881836,0.0,0.0,0.0,1.0,1.0,1.0,0.14765625,0.14765625,0.14765625,False,0.8445267915645294,0.8445267915645294,0.8445267915645294,0.5984575177707482,0.5984575177707482,0.5984575177707482,0.06280155677663139,0.06280155677663139,0.06280155677663139,2560.0,2560.0,2560.0,0.55841796875,0.55841796875,0.55841796875,0.30250492691993713,0.30250492691993713,0.30250492691993713,40.035919534617825,40.035919534617825,40.035919534617825,0.5984575177707482,0.5984575177707482,0.5984575177707482,0.0,0.0,0.0,4.575310463394136,4.575310463394136,4.575310463394136,1,-41.15956947143679,-41.15956947143679,-41.15956947143679,-26.986397762343984,-26.986397762343984,-26.986397762343984,0.0,0.0,0.0,-3.69300012011081,-3.69300012011081,-3.69300012011081,-44.20999999999856,-44.20999999999856,-44.20999999999856,0.0011174927367329241,0.0011174927367329241,0.0011174927367329241,8.0,8.0,8.0,0.0,0.0,0.0,,0.8445267915645294,0.8445267915645294,0.8445267915645294,42.6,42.6,42.6,42.6,42.6,42.6,7147.0,7147.0,7147.0,21.619885864051962,21.619885864051962,21.619885864051962,134.46500000001345,134.46500000001345,134.46500000001345,reward,40.035919534617825,40.035919534617825,40.035919534617825,0.9786816406249998,0.9786816406249998,0.9786816406249998,0.9759570312057623,0.9759570312057623,0.9759570312057623,492.4000009059906,492.4000009059906,492.4000009059906,han_mappo_train_eval,False,,6.603620639243597,6.603620639243597,6.603620639243597,15.7576171875,15.7576171875,15.7576171875,0.7526636720696107,0.7526636720696107,0.7526636720696107,0.24706396000637273,0.24706396000637273,0.24706396000637273,0.998882507263267,0.998882507263267,0.998882507263267,0.998882507263267,0.998882507263267,0.998882507263267,0.7518185472568943,0.7518185472568943,0.7518185472568943,11133.096692006959,11133.096692006959,11133.096692006959,50.4,50.4,50.4,7155.0,7155.0,7155.0,20480.0,20480.0,20480.0,/home/pjpjq/LEO_switch/results/multiseed_0907/seed44/u40/learned_baselines/han_mappo/training_history.json,/home/pjpjq/LEO_switch/results/multiseed_0907/seed44/u40/learned_baselines/han_mappo/best_model.pt,150000.0,150000.0,150000.0,,,,,,,,
40,mappo_no_han,MAPPO,1,0.5875619641615893,0.5875619641615893,0.5875619641615893,0.8827254354595391,0.8827254354595391,0.8827254354595391,3.4162396103954316,3.4162396103954316,3.4162396103954316,0.5875619641615893,0.5875619641615893,0.5875619641615893,2.1065646001690164,2.1065646001690164,2.1065646001690164,1,0.021210937500000002,0.021210937500000002,0.021210937500000002,434.4,434.4,434.4,5321.4,5321.4,5321.4,0.2540143665008614,0.2540143665008614,0.2540143665008614,1818.2,1818.2,1818.2,1.5467711421979917,1.5467711421979917,1.5467711421979917,2.077418227024664,2.077418227024664,2.077418227024664,1,5.0,5.0,5.0,0.0,0.0,0.0,7.4,7.4,7.4,0.5362919380893325,0.5362919380893325,0.5362919380893325,0.0,0.0,0.0,0.0042578125,0.0042578125,0.0042578125,41.4,41.4,41.4,41.4,41.4,41.4,0.0,0.0,0.0,0.0020214843750000003,0.0020214843750000003,0.0020214843750000003,52.32000172138214,52.32000172138214,52.32000172138214,0.0,0.0,0.0,1.0,1.0,1.0,0.1212890625,0.1212890625,0.1212890625,False,0.8364968464072738,0.8364968464072738,0.8364968464072738,0.5875619641615893,0.5875619641615893,0.5875619641615893,0.0649483366868493,0.0649483366868493,0.0649483366868493,2560.0,2560.0,2560.0,0.753740234375,0.753740234375,0.753740234375,0.18896189332008362,0.18896189332008362,0.18896189332008362,37.955571161443366,37.955571161443366,37.955571161443366,0.5875619641615893,0.5875619641615893,0.5875619641615893,0.0,0.0,0.0,4.611345959026144,4.611345959026144,4.611345959026144,1,-40.795214743611574,-40.795214743611574,-40.795214743611574,-26.40813421222122,-26.40813421222122,-26.40813421222122,0.0,0.0,0.0,-3.6504001187160613,-3.6504001187160613,-3.6504001187160613,-45.63999999999848,-45.63999999999848,-45.63999999999848,0.0011182781243212563,0.0011182781243212563,0.0011182781243212563,8.0,8.0,8.0,0.0,0.0,0.0,,0.8364968464072738,0.8364968464072738,0.8364968464072738,45.8,45.8,45.8,45.8,45.8,45.8,7147.0,7147.0,7147.0,21.41431926802623,21.41431926802623,21.41431926802623,133.0350000000131,133.0350000000131,133.0350000000131,reward,37.955571161443366,37.955571161443366,37.955571161443366,0.9787890625,0.9787890625,0.9787890625,0.976234374983469,0.976234374983469,0.976234374983469,486.72000033855437,486.72000033855437,486.72000033855437,mappo_no_han_train_eval,False,,5.987494352030847,5.987494352030847,5.987494352030847,15.5900390625,15.5900390625,15.5900390625,0.7446735833154097,0.7446735833154097,0.7446735833154097,0.255046815010798,0.255046815010798,0.255046815010798,0.9988817218756786,0.9988817218756786,0.9988817218756786,0.9988817218756786,0.9988817218756786,0.9988817218756786,0.7438349068648809,0.7438349068648809,0.7438349068648809,11054.773353289047,11054.773353289047,11054.773353289047,41.4,41.4,41.4,7155.0,7155.0,7155.0,20480.0,20480.0,20480.0,/home/pjpjq/LEO_switch/results/multiseed_0907/seed44/u40/learned_baselines/mappo_no_han/training_history.json,/home/pjpjq/LEO_switch/results/multiseed_0907/seed44/u40/learned_baselines/mappo_no_han/best_model.pt,150000.0,150000.0,150000.0,,,,,,,,
40,maddpg,MADDPG,1,0.62719605870672,0.62719605870672,0.62719605870672,0.8959872909289643,0.8959872909289643,0.8959872909289643,3.866419710106725,3.866419710106725,3.866419710106725,0.62719605870672,0.62719605870672,0.62719605870672,2.313257040960498,2.313257040960498,2.313257040960498,1,0.021328125,0.021328125,0.021328125,436.8,436.8,436.8,4805.6,4805.6,4805.6,0.32587627489772686,0.32587627489772686,0.32587627489772686,2332.4,2332.4,2332.4,1.53361223228593,1.53361223228593,1.53361223228593,2.281015230457573,2.281015230457573,2.281015230457573,1,5.0,5.0,5.0,0.0,0.0,0.0,9.6,9.6,9.6,0.5248879730481144,0.5248879730481144,0.5248879730481144,0.0,0.0,0.0,0.00392578125,0.00392578125,0.00392578125,38.6,38.6,38.6,38.6,38.6,38.6,0.0,0.0,0.0,0.0018847656249999997,0.0018847656249999997,0.0018847656249999997,48.2400016784668,48.2400016784668,48.2400016784668,0.0,0.0,0.0,1.0,1.0,1.0,0.1130859375,0.1130859375,0.1130859375,False,0.8510147235164736,0.8510147235164736,0.8510147235164736,0.62719605870672,0.62719605870672,0.62719605870672,0.0572770471171097,0.0572770471171097,0.0572770471171097,2560.0,2560.0,2560.0,0.0,0.0,0.0,0.9999948740005493,0.9999948740005493,0.9999948740005493,17.977241183726257,17.977241183726257,17.977241183726257,0.62719605870672,0.62719605870672,0.62719605870672,0.0,0.0,0.0,4.8505406264526725,4.8505406264526725,4.8505406264526725,1,-40.61357774623776,-40.61357774623776,-40.61357774623776,-21.147358899986507,-21.147358899986507,-21.147358899986507,0.0,0.0,0.0,-3.6378001164644957,-3.6378001164644957,-3.6378001164644957,-58.54999999999774,-58.54999999999774,-58.54999999999774,0.0010341206623269163,0.0010341206623269163,0.0010341206623269163,7.4,7.4,7.4,0.0,0.0,0.0,,0.8510147235164736,0.8510147235164736,0.8510147235164736,41.8,41.8,41.8,41.8,41.8,41.8,7147.6,7147.6,7147.6,21.785976922021735,21.785976922021735,21.785976922021735,120.14000000001019,120.14000000001019,120.14000000001019,reward,17.977241183726257,17.977241183726257,17.977241183726257,0.9786718750000001,0.9786718750000001,0.9786718750000001,0.9763164062274153,0.9763164062274153,0.9763164062274153,485.040000462532,485.040000462532,485.040000462532,maddpg_train_eval,False,,3.829658015549475,3.829658015549475,3.829658015549475,14.07890625,14.07890625,14.07890625,0.6724482453766072,0.6724482453766072,0.6724482453766072,0.32721515106665044,0.32721515106665044,0.32721515106665044,0.9989658793376732,0.9989658793376732,0.9989658793376732,0.9989658793376732,0.9989658793376732,0.9989658793376732,0.6717507282710227,0.6717507282710227,0.6717507282710227,10961.646791486914,10961.646791486914,10961.646791486914,38.6,38.6,38.6,7155.0,7155.0,7155.0,20480.0,20480.0,20480.0,/home/pjpjq/LEO_switch/results/multiseed_0907/seed44/u40/learned_baselines/maddpg/training_history.json,/home/pjpjq/LEO_switch/results/multiseed_0907/seed44/u40/learned_baselines/maddpg/maddpg_model.pt,150000.0,150000.0,150000.0,/home/pjpjq/LEO_switch/results/multiseed_0907/seed44/u40/learned_baselines/maddpg/maddpg_training.log,17.977241183726257,17.977241183726257,17.977241183726257,,,,
40,min_distance,Min-Distance,1,0.3566557709066337,0.3566557709066337,0.3566557709066337,0.44103887483993437,0.44103887483993437,0.44103887483993437,4.28935188858116,4.28935188858116,4.28935188858116,0.3566557709066337,0.3566557709066337,0.3566557709066337,2.286993290456198,2.286993290456198,2.286993290456198,1,0.019443359375000004,0.019443359375000004,0.019443359375000004,398.2,398.2,398.2,4472.2,4472.2,4472.2,0.37409123319373877,0.37409123319373877,0.37409123319373877,2676.8,2676.8,2676.8,1.6958672242551351,1.6958672242551351,1.6958672242551351,2.7110668425136764,2.7110668425136764,2.7110668425136764,1,5.0,5.0,5.0,0.0,0.0,0.0,0.4,0.4,0.4,0.08549894715355442,0.08549894715355442,0.08549894715355442,0.0,0.0,0.0,0.003662109375,0.003662109375,0.003662109375,68.8,68.8,68.8,68.8,68.8,68.8,0.0,0.0,0.0,0.003359375,0.003359375,0.003359375,45.00000178813934,45.00000178813934,45.00000178813934,0.0,0.0,0.0,1.0,1.0,1.0,0.2015625,0.2015625,0.2015625,False,0.6155135962982212,0.6155135962982212,0.6155135962982212,0.3566557709066337,0.3566557709066337,0.3566557709066337,0.11855332850267324,0.11855332850267324,0.11855332850267324,2560.0,2560.0,2560.0,0.0,0.0,0.0,1.0,1.0,1.0,-1.0344255442658323,-1.0344255442658323,-1.0344255442658323,0.3566557709066337,0.3566557709066337,0.3566557709066337,0.0,0.0,0.0,4.94845941838277,4.94845941838277,4.94845941838277,1,-37.34470343886189,-37.34470343886189,-37.34470343886189,-20.997868816686765,-20.997868816686765,-20.997868816686765,0.0,0.0,0.0,-3.324000111129135,-3.324000111129135,-3.324000111129135,-66.9299999999981,-66.9299999999981,-66.9299999999981,0.000782949169538083,0.000782949169538083,0.000782949169538083,5.6,5.6,5.6,0.0,0.0,0.0,,0.6155135962982212,0.6155135962982212,0.6155135962982212,6.2,6.2,6.2,6.2,6.2,6.2,7149.4,7149.4,7149.4,15.75714806523452,15.75714806523452,15.75714806523452,111.80500000000829,111.80500000000829,111.80500000000829,reward,-1.0344255442658323,-1.0344255442658323,-1.0344255442658323,0.9805566406249999,0.9805566406249999,0.9805566406249999,0.9783593750896399,0.9783593750896399,0.9783593750896399,443.1999981641769,443.1999981641769,443.1999981641769,heuristic_eval,False,,3.870104743360471,3.870104743360471,3.870104743360471,13.1021484375,13.1021484375,13.1021484375,0.6255579945018578,0.6255579945018578,0.6255579945018578,0.37414716160537187,0.37414716160537187,0.37414716160537187,0.999217050830462,0.999217050830462,0.999217050830462,0.999217050830462,0.999217050830462,0.999217050830462,0.6250698892250901,0.6250698892250901,0.6250698892250901,12124.433133089662,12124.433133089662,12124.433133089662,68.8,68.8,68.8,7155.0,7155.0,7155.0,20480.0,20480.0,20480.0,,,,,,,,,,min_distance(best_offload=1.00),1.0,1.0,1.0
40,full_local,Full-Local,1,1.0,1.0,1.0,0.0,0.0,0.0,5.274555007896818,5.274555007896818,5.274555007896818,1.0,1.0,1.0,2.227412891235555,2.227412891235555,2.227412891235555,1,0.74595703125,0.74595703125,0.74595703125,15277.2,15277.2,15277.2,3680.6,3680.6,3680.6,0.48553492343638804,0.48553492343638804,0.48553492343638804,3474.4,3474.4,3474.4,2.100614467198961,2.100614467198961,2.100614467198961,4.083545213500127,4.083545213500127,4.083545213500127,1,5.0,5.0,5.0,0.0,0.0,0.0,0.0,0.0,0.0,1.0,1.0,1.0,0.0,0.0,0.0,0.0,0.0,0.0,0.0,0.0,0.0,0.0,0.0,0.0,0.0,0.0,0.0,0.0,0.0,0.0,0.0,0.0,0.0,0.0,0.0,0.0,0.0,0.0,0.0,0.0,0.0,0.0,False,0.0,0.0,0.0,1.0,1.0,1.0,0.0,0.0,0.0,0.0,0.0,0.0,1.0,1.0,1.0,0.0,0.0,0.0,-160.28854885165347,-160.28854885165347,-160.28854885165347,1.0,1.0,1.0,0.0,0.0,0.0,5.3882017915421105,5.3882017915421105,5.3882017915421105,1,-29.687688550867154,-29.687688550867154,-29.687688550867154,-21.17686295375081,-21.17686295375081,-21.17686295375081,0.0,0.0,0.0,-114.57900411635637,-114.57900411635637,-114.57900411635637,-86.86000000000261,-86.86000000000261,-86.86000000000261,0.0,0.0,0.0,0.0,0.0,0.0,0.0,0.0,0.0,,0.0,0.0,0.0,0.0,0.0,0.0,0.0,0.0,0.0,7155.0,7155.0,7155.0,0.0,0.0,0.0,92.0150000000038,92.0150000000038,92.0150000000038,reward,-160.28854885165347,-160.28854885165347,-160.28854885165347,0.25404296875,0.25404296875,0.25404296875,0.25404296875,0.25404296875,0.25404296875,15277.2,15277.2,15277.2,heuristic_eval,False,,10.051551781564125,10.051551781564125,10.051551781564125,10.7830078125,10.7830078125,10.7830078125,0.5144650765636121,0.5144650765636121,0.5144650765636121,0.48553492343638804,0.48553492343638804,0.48553492343638804,1.0,1.0,1.0,1.0,1.0,1.0,0.5144650765636121,0.5144650765636121,0.5144650765636121,15029.896512808566,15029.896512808566,15029.896512808566,0.0,0.0,0.0,7155.0,7155.0,7155.0,20480.0,20480.0,20480.0,,,,,,,,,,,,,
