2026-09-28 12:14:16,037 | INFO | 初始化环境...
2026-09-28 12:14:16,039 | INFO |   - 原始观测维度: 76
2026-09-28 12:14:16,039 | INFO |   - HAN嵌入维度: 64
2026-09-28 12:14:16,039 | INFO |   - 拼接后观测维度: 140 (raw 76 + HAN 64)
2026-09-28 12:14:16,039 | INFO |   - 全局状态维度: 2800
2026-09-28 12:14:16,039 | INFO | 初始化图构建器...
2026-09-28 12:14:16,039 | INFO | 初始化HAN编码器...
2026-09-28 12:14:16,186 | INFO |   - HAN参数量: 200,832
2026-09-28 12:14:16,187 | INFO | 初始化 HAN+PDQN...
2026-09-28 12:14:16,223 | INFO |   - Loaded frozen pretrained HAN: /home/pjpjq/LEO_switch/results/full_train_latency_priority_multiuser_u20_multiuser_single_seed_150k_20260804/best_model.pt
2026-09-28 12:14:16,704 | INFO |   - PDQN Q参数量: 72,473
2026-09-28 12:14:16,704 | INFO |   - PDQN 参数网络参数量: 293,139
2026-09-28 12:14:16,704 | INFO | 初始化 off-policy replay buffer...
2026-09-28 12:14:16,704 | INFO | 训练器初始化完成，设备: cuda
2026-09-28 12:14:16,704 | INFO | 环境: 20 用户, 66 卫星
2026-09-28 12:14:16,704 | INFO | ============================================================
2026-09-28 12:14:16,704 | INFO | 开始训练 HAN+PDQN
2026-09-28 12:14:16,704 | INFO |   总步数: 150,000
2026-09-28 12:14:16,704 | INFO |   warmup: 1,000
2026-09-28 12:14:16,704 | INFO |   replay_size: 50,000
2026-09-28 12:14:16,704 | INFO |   设备: cuda
2026-09-28 12:14:16,704 | INFO | ============================================================
2026-09-28 12:14:23,632 | INFO | Update    1 | Steps:     512 | Episodes:     1 | EpReward:    -1.78 | FPS:  72413 | Actor Loss: 0.0000 | Critic Loss: 0.0000 | HAN Grad: 0.0000 | HAN Δ: 0.000000 | HAN Metapaths: 0
2026-09-28 12:14:23,632 | INFO |   Phase | Rollout: 0.00s | PPO update: 0.00s
2026-09-28 12:14:23,632 | INFO |   Env | HO: 99.33% | Throughput: 14.20/user-min | Task: 66.99% | Resolved: 99.92% | Delay: 3.783s | Energy: 6075.02J | MEC fair: 0.371
2026-09-28 12:14:23,632 | INFO |   Reward | Success: 121.15 | Load: 15.59 | Delay: -39.29 | Energy: -25.22 | TaskFail: -59.70 | Interrupt: -14.23 | HOFail: -0.09
2026-09-28 12:14:31,117 | INFO | Update    2 | Steps:   1,024 | Episodes:     2 | EpReward:     2.08 | FPS:  26479 | Actor Loss: 0.0000 | Critic Loss: 0.0000 | HAN Grad: 0.0000 | HAN Δ: 0.000000 | HAN Metapaths: 0
2026-09-28 12:14:31,117 | INFO |   Phase | Rollout: 0.00s | PPO update: 0.00s
2026-09-28 12:14:31,117 | INFO |   Env | HO: 99.10% | Throughput: 14.20/user-min | Task: 68.74% | Resolved: 99.91% | Delay: 3.511s | Energy: 5827.23J | MEC fair: 0.412
2026-09-28 12:14:31,117 | INFO |   Reward | Success: 121.15 | Load: 17.26 | Delay: -39.06 | Energy: -24.89 | TaskFail: -55.10 | Interrupt: -13.32 | HOFail: -0.11
2026-09-28 12:14:50,062 | INFO | Update    3 | Steps:   1,536 | Episodes:     3 | EpReward:     5.55 | FPS:  26878 | Actor Loss: 0.0000 | Critic Loss: 0.0000 | HAN Grad: 0.0000 | HAN Δ: 0.000000 | HAN Metapaths: 0
2026-09-28 12:14:50,062 | INFO |   Phase | Rollout: 0.00s | PPO update: 0.00s
2026-09-28 12:14:50,062 | INFO |   Env | HO: 99.89% | Throughput: 15.84/user-min | Task: 73.87% | Resolved: 99.89% | Delay: 3.038s | Energy: 5500.02J | MEC fair: 0.435
2026-09-28 12:14:50,062 | INFO |   Reward | Success: 135.15 | Load: 15.27 | Delay: -41.81 | Energy: -26.75 | TaskFail: -47.80 | Interrupt: -21.54 | HOFail: -0.02
2026-09-28 12:15:08,820 | INFO | Update    4 | Steps:   2,048 | Episodes:     4 | EpReward:     6.84 | FPS:  27134 | Actor Loss: 0.0000 | Critic Loss: 0.0000 | HAN Grad: 0.0000 | HAN Δ: 0.000000 | HAN Metapaths: 0
2026-09-28 12:15:08,820 | INFO |   Phase | Rollout: 0.00s | PPO update: 0.00s
2026-09-28 12:15:08,820 | INFO |   Env | HO: 99.22% | Throughput: 14.72/user-min | Task: 69.77% | Resolved: 99.89% | Delay: 3.524s | Energy: 5850.91J | MEC fair: 0.438
2026-09-28 12:15:08,820 | INFO |   Reward | Success: 125.65 | Load: 17.78 | Delay: -41.04 | Energy: -25.87 | TaskFail: -54.45 | Interrupt: -11.29 | HOFail: -0.09
2026-09-28 12:15:27,592 | INFO | Update    5 | Steps:   2,560 | Episodes:     5 | EpReward:     8.70 | FPS:  27249 | Actor Loss: 0.0000 | Critic Loss: 0.0000 | HAN Grad: 0.0000 | HAN Δ: 0.000000 | HAN Metapaths: 0
2026-09-28 12:15:27,592 | INFO |   Phase | Rollout: 0.00s | PPO update: 0.00s
2026-09-28 12:15:27,592 | INFO |   Env | HO: 99.59% | Throughput: 15.03/user-min | Task: 71.41% | Resolved: 99.92% | Delay: 3.219s | Energy: 5672.12J | MEC fair: 0.373
2026-09-28 12:15:27,592 | INFO |   Reward | Success: 128.25 | Load: 16.81 | Delay: -41.09 | Energy: -26.03 | TaskFail: -51.35 | Interrupt: -10.39 | HOFail: -0.04
2026-09-28 12:15:46,345 | INFO | Update    6 | Steps:   3,072 | Episodes:     6 | EpReward:     7.94 | FPS:  26969 | Actor Loss: 0.0000 | Critic Loss: 0.0000 | HAN Grad: 0.0000 | HAN Δ: 0.000000 | HAN Metapaths: 0
2026-09-28 12:15:46,345 | INFO |   Phase | Rollout: 0.00s | PPO update: 0.00s
2026-09-28 12:15:46,345 | INFO |   Env | HO: 98.93% | Throughput: 14.05/user-min | Task: 67.10% | Resolved: 99.89% | Delay: 3.763s | Energy: 5946.74J | MEC fair: 0.456
2026-09-28 12:15:46,345 | INFO |   Reward | Success: 119.90 | Load: 18.03 | Delay: -38.97 | Energy: -24.60 | TaskFail: -58.80 | Interrupt: -11.33 | HOFail: -0.12
2026-09-28 12:16:05,106 | INFO | Update    7 | Steps:   3,584 | Episodes:     7 | EpReward:     8.80 | FPS:  26728 | Actor Loss: 0.0000 | Critic Loss: 0.0000 | HAN Grad: 0.0000 | HAN Δ: 0.000000 | HAN Metapaths: 0
2026-09-28 12:16:05,106 | INFO |   Phase | Rollout: 0.00s | PPO update: 0.00s
2026-09-28 12:16:05,106 | INFO |   Env | HO: 99.70% | Throughput: 14.92/user-min | Task: 71.36% | Resolved: 99.89% | Delay: 3.382s | Energy: 5682.14J | MEC fair: 0.417
2026-09-28 12:16:05,106 | INFO |   Reward | Success: 127.35 | Load: 17.21 | Delay: -40.84 | Energy: -25.60 | TaskFail: -51.10 | Interrupt: -13.00 | HOFail: -0.03
2026-09-28 12:16:23,930 | INFO | Update    8 | Steps:   4,096 | Episodes:     8 | EpReward:    10.77 | FPS:  26264 | Actor Loss: 0.0000 | Critic Loss: 0.0000 | HAN Grad: 0.0000 | HAN Δ: 0.000000 | HAN Metapaths: 0
2026-09-28 12:16:23,930 | INFO |   Phase | Rollout: 0.00s | PPO update: 0.00s
2026-09-28 12:16:23,930 | INFO |   Env | HO: 99.78% | Throughput: 15.58/user-min | Task: 75.07% | Resolved: 99.80% | Delay: 3.076s | Energy: 5643.18J | MEC fair: 0.324
2026-09-28 12:16:23,930 | INFO |   Reward | Success: 132.95 | Load: 14.89 | Delay: -42.05 | Energy: -26.89 | TaskFail: -44.15 | Interrupt: -10.15 | HOFail: -0.02
2026-09-28 12:16:42,808 | INFO | Update    9 | Steps:   4,608 | Episodes:     9 | EpReward:    10.89 | FPS:  26699 | Actor Loss: 0.0000 | Critic Loss: 0.0000 | HAN Grad: 0.0000 | HAN Δ: 0.000000 | HAN Metapaths: 0
2026-09-28 12:16:42,808 | INFO |   Phase | Rollout: 0.00s | PPO update: 0.00s
2026-09-28 12:16:42,808 | INFO |   Env | HO: 99.62% | Throughput: 14.92/user-min | Task: 71.07% | Resolved: 99.89% | Delay: 3.271s | Energy: 5652.03J | MEC fair: 0.489
2026-09-28 12:16:42,808 | INFO |   Reward | Success: 127.35 | Load: 18.40 | Delay: -41.05 | Energy: -25.93 | TaskFail: -51.85 | Interrupt: -15.01 | HOFail: -0.05
2026-09-28 12:17:01,633 | INFO | Update   10 | Steps:   5,120 | Episodes:    10 | EpReward:    11.83 | FPS:  26493 | Actor Loss: 0.0000 | Critic Loss: 0.0000 | HAN Grad: 0.0000 | HAN Δ: 0.000000 | HAN Metapaths: 0
2026-09-28 12:17:01,633 | INFO |   Phase | Rollout: 0.00s | PPO update: 0.00s
2026-09-28 12:17:01,633 | INFO |   Env | HO: 99.64% | Throughput: 15.48/user-min | Task: 74.80% | Resolved: 99.89% | Delay: 3.014s | Energy: 5528.29J | MEC fair: 0.298
2026-09-28 12:17:01,633 | INFO |   Reward | Success: 132.10 | Load: 13.51 | Delay: -41.13 | Energy: -26.60 | TaskFail: -44.50 | Interrupt: -13.13 | HOFail: -0.03
2026-09-28 12:17:20,538 | INFO | Update   11 | Steps:   5,632 | Episodes:    11 | EpReward:    12.82 | FPS:  26409 | Actor Loss: 0.0000 | Critic Loss: 0.0000 | HAN Grad: 0.0000 | HAN Δ: 0.000000 | HAN Metapaths: 0
2026-09-28 12:17:20,539 | INFO |   Phase | Rollout: 0.00s | PPO update: 0.00s
2026-09-28 12:17:20,539 | INFO |   Env | HO: 99.58% | Throughput: 15.70/user-min | Task: 74.79% | Resolved: 99.83% | Delay: 3.024s | Energy: 5553.49J | MEC fair: 0.471
2026-09-28 12:17:20,539 | INFO |   Reward | Success: 133.95 | Load: 17.62 | Delay: -42.54 | Energy: -27.02 | TaskFail: -45.15 | Interrupt: -14.05 | HOFail: -0.05
2026-09-28 12:17:39,746 | INFO | Update   12 | Steps:   6,144 | Episodes:    12 | EpReward:    13.27 | FPS:  26358 | Actor Loss: 0.0000 | Critic Loss: 0.0000 | HAN Grad: 0.0000 | HAN Δ: 0.000000 | HAN Metapaths: 0
2026-09-28 12:17:39,746 | INFO |   Phase | Rollout: 0.00s | PPO update: 0.00s
2026-09-28 12:17:39,746 | INFO |   Env | HO: 99.71% | Throughput: 16.37/user-min | Task: 78.02% | Resolved: 99.78% | Delay: 2.804s | Energy: 5064.13J | MEC fair: 0.467
2026-09-28 12:17:39,746 | INFO |   Reward | Success: 139.65 | Load: 16.81 | Delay: -41.88 | Energy: -26.81 | TaskFail: -39.35 | Interrupt: -30.12 | HOFail: -0.07
2026-09-28 12:17:58,746 | INFO | Update   13 | Steps:   6,656 | Episodes:    13 | EpReward:    13.47 | FPS:  26565 | Actor Loss: 0.0000 | Critic Loss: 0.0000 | HAN Grad: 0.0000 | HAN Δ: 0.000000 | HAN Metapaths: 0
2026-09-28 12:17:58,746 | INFO |   Phase | Rollout: 0.00s | PPO update: 0.00s
2026-09-28 12:17:58,746 | INFO |   Env | HO: 99.59% | Throughput: 15.61/user-min | Task: 73.51% | Resolved: 99.92% | Delay: 3.587s | Energy: 5516.50J | MEC fair: 0.351
2026-09-28 12:17:58,746 | INFO |   Reward | Success: 133.20 | Load: 12.58 | Delay: -39.88 | Energy: -25.73 | TaskFail: -48.00 | Interrupt: -16.28 | HOFail: -0.04
2026-09-28 12:18:17,828 | INFO | Update   14 | Steps:   7,168 | Episodes:    14 | EpReward:    13.79 | FPS:  26728 | Actor Loss: 0.0000 | Critic Loss: 0.0000 | HAN Grad: 0.0000 | HAN Δ: 0.000000 | HAN Metapaths: 0
2026-09-28 12:18:17,828 | INFO |   Phase | Rollout: 0.00s | PPO update: 0.00s
2026-09-28 12:18:17,828 | INFO |   Env | HO: 99.69% | Throughput: 15.46/user-min | Task: 73.06% | Resolved: 99.89% | Delay: 3.193s | Energy: 5605.96J | MEC fair: 0.435
2026-09-28 12:18:17,828 | INFO |   Reward | Success: 131.95 | Load: 17.23 | Delay: -42.02 | Energy: -26.22 | TaskFail: -48.65 | Interrupt: -14.31 | HOFail: -0.04
2026-09-28 12:18:36,788 | INFO | Update   15 | Steps:   7,680 | Episodes:    15 | EpReward:    14.21 | FPS:  26093 | Actor Loss: 0.0000 | Critic Loss: 0.0000 | HAN Grad: 0.0000 | HAN Δ: 0.000000 | HAN Metapaths: 0
2026-09-28 12:18:36,788 | INFO |   Phase | Rollout: 0.00s | PPO update: 0.00s
2026-09-28 12:18:36,788 | INFO |   Env | HO: 99.76% | Throughput: 15.33/user-min | Task: 72.01% | Resolved: 99.89% | Delay: 3.249s | Energy: 5616.97J | MEC fair: 0.368
2026-09-28 12:18:36,788 | INFO |   Reward | Success: 130.80 | Load: 14.83 | Delay: -40.27 | Energy: -25.53 | TaskFail: -50.85 | Interrupt: -8.89 | HOFail: -0.02
2026-09-28 12:18:55,660 | INFO | Update   16 | Steps:   8,192 | Episodes:    16 | EpReward:    14.14 | FPS:  26292 | Actor Loss: 0.0000 | Critic Loss: 0.0000 | HAN Grad: 0.0000 | HAN Δ: 0.000000 | HAN Metapaths: 0
2026-09-28 12:18:55,660 | INFO |   Phase | Rollout: 0.00s | PPO update: 0.00s
2026-09-28 12:18:55,660 | INFO |   Env | HO: 99.80% | Throughput: 14.81/user-min | Task: 70.83% | Resolved: 99.94% | Delay: 3.536s | Energy: 5608.43J | MEC fair: 0.402
2026-09-28 12:18:55,660 | INFO |   Reward | Success: 126.40 | Load: 17.04 | Delay: -40.14 | Energy: -25.12 | TaskFail: -52.05 | Interrupt: -13.05 | HOFail: -0.02
2026-09-28 12:19:14,765 | INFO | Update   17 | Steps:   8,704 | Episodes:    17 | EpReward:    15.44 | FPS:  26554 | Actor Loss: 0.0000 | Critic Loss: 0.0000 | HAN Grad: 0.0000 | HAN Δ: 0.000000 | HAN Metapaths: 0
2026-09-28 12:19:14,765 | INFO |   Phase | Rollout: 0.00s | PPO update: 0.00s
2026-09-28 12:19:14,765 | INFO |   Env | HO: 99.84% | Throughput: 16.60/user-min | Task: 79.47% | Resolved: 99.89% | Delay: 2.760s | Energy: 5100.32J | MEC fair: 0.402
2026-09-28 12:19:14,765 | INFO |   Reward | Success: 141.65 | Load: 15.20 | Delay: -41.99 | Energy: -26.94 | TaskFail: -36.60 | Interrupt: -14.91 | HOFail: -0.02
2026-09-28 12:19:33,894 | INFO | Update   18 | Steps:   9,216 | Episodes:    18 | EpReward:    16.52 | FPS:  26240 | Actor Loss: 0.0000 | Critic Loss: 0.0000 | HAN Grad: 0.0000 | HAN Δ: 0.000000 | HAN Metapaths: 0
2026-09-28 12:19:33,894 | INFO |   Phase | Rollout: 0.00s | PPO update: 0.00s
2026-09-28 12:19:33,894 | INFO |   Env | HO: 99.63% | Throughput: 16.56/user-min | Task: 79.05% | Resolved: 99.89% | Delay: 2.765s | Energy: 5084.80J | MEC fair: 0.366
2026-09-28 12:19:33,894 | INFO |   Reward | Success: 141.30 | Load: 14.50 | Delay: -42.53 | Energy: -27.20 | TaskFail: -37.45 | Interrupt: -13.80 | HOFail: -0.04
2026-09-28 12:19:52,996 | INFO | Update   19 | Steps:   9,728 | Episodes:    19 | EpReward:    16.69 | FPS:  26751 | Actor Loss: 0.0000 | Critic Loss: 0.0000 | HAN Grad: 0.0000 | HAN Δ: 0.000000 | HAN Metapaths: 0
2026-09-28 12:19:52,996 | INFO |   Phase | Rollout: 0.00s | PPO update: 0.00s
2026-09-28 12:19:52,996 | INFO |   Env | HO: 99.59% | Throughput: 15.21/user-min | Task: 72.59% | Resolved: 99.89% | Delay: 3.241s | Energy: 5505.18J | MEC fair: 0.447
2026-09-28 12:19:52,996 | INFO |   Reward | Success: 129.75 | Load: 17.56 | Delay: -41.77 | Energy: -25.65 | TaskFail: -49.00 | Interrupt: -11.12 | HOFail: -0.05
2026-09-28 12:20:12,075 | INFO | Update   20 | Steps:  10,240 | Episodes:    20 | EpReward:    16.56 | FPS:  26113 | Actor Loss: 0.0000 | Critic Loss: 0.0000 | HAN Grad: 0.0000 | HAN Δ: 0.000000 | HAN Metapaths: 0
2026-09-28 12:20:12,075 | INFO |   Phase | Rollout: 0.00s | PPO update: 0.00s
2026-09-28 12:20:12,075 | INFO |   Env | HO: 99.31% | Throughput: 14.92/user-min | Task: 70.38% | Resolved: 99.89% | Delay: 3.555s | Energy: 5824.10J | MEC fair: 0.435
2026-09-28 12:20:12,075 | INFO |   Reward | Success: 127.35 | Load: 17.31 | Delay: -41.59 | Energy: -25.54 | TaskFail: -53.60 | Interrupt: -9.79 | HOFail: -0.07
2026-09-28 12:20:31,143 | INFO | Update   21 | Steps:  10,752 | Episodes:    21 | EpReward:    16.52 | FPS:  26223 | Actor Loss: 0.0000 | Critic Loss: 0.0000 | HAN Grad: 0.0000 | HAN Δ: 0.000000 | HAN Metapaths: 0
2026-09-28 12:20:31,143 | INFO |   Phase | Rollout: 0.00s | PPO update: 0.00s
2026-09-28 12:20:31,143 | INFO |   Env | HO: 99.15% | Throughput: 15.29/user-min | Task: 70.46% | Resolved: 99.84% | Delay: 3.486s | Energy: 5852.73J | MEC fair: 0.439
2026-09-28 12:20:31,143 | INFO |   Reward | Success: 130.45 | Load: 17.26 | Delay: -41.42 | Energy: -25.92 | TaskFail: -54.70 | Interrupt: -9.79 | HOFail: -0.09
2026-09-28 12:20:50,090 | INFO | Update   22 | Steps:  11,264 | Episodes:    22 | EpReward:    17.29 | FPS:  26612 | Actor Loss: 0.0000 | Critic Loss: 0.0000 | HAN Grad: 0.0000 | HAN Δ: 0.000000 | HAN Metapaths: 0
2026-09-28 12:20:50,090 | INFO |   Phase | Rollout: 0.00s | PPO update: 0.00s
2026-09-28 12:20:50,090 | INFO |   Env | HO: 99.78% | Throughput: 16.13/user-min | Task: 76.66% | Resolved: 99.89% | Delay: 3.130s | Energy: 5412.70J | MEC fair: 0.427
2026-09-28 12:20:50,090 | INFO |   Reward | Success: 137.65 | Load: 17.26 | Delay: -43.03 | Energy: -26.91 | TaskFail: -41.90 | Interrupt: -9.50 | HOFail: -0.02
2026-09-28 12:21:09,120 | INFO | Update   23 | Steps:  11,776 | Episodes:    23 | EpReward:    17.21 | FPS:  26227 | Actor Loss: 0.0000 | Critic Loss: 0.0000 | HAN Grad: 0.0000 | HAN Δ: 0.000000 | HAN Metapaths: 0
2026-09-28 12:21:09,120 | INFO |   Phase | Rollout: 0.00s | PPO update: 0.00s
2026-09-28 12:21:09,120 | INFO |   Env | HO: 99.66% | Throughput: 15.11/user-min | Task: 70.50% | Resolved: 99.89% | Delay: 3.403s | Energy: 5618.97J | MEC fair: 0.489
2026-09-28 12:21:09,120 | INFO |   Reward | Success: 128.95 | Load: 18.75 | Delay: -41.28 | Energy: -25.04 | TaskFail: -53.95 | Interrupt: -12.09 | HOFail: -0.04
2026-09-28 12:21:28,178 | INFO | Update   24 | Steps:  12,288 | Episodes:    24 | EpReward:    17.63 | FPS:  26076 | Actor Loss: 0.0000 | Critic Loss: 0.0000 | HAN Grad: 0.0000 | HAN Δ: 0.000000 | HAN Metapaths: 0
2026-09-28 12:21:28,178 | INFO |   Phase | Rollout: 0.00s | PPO update: 0.00s
2026-09-28 12:21:28,178 | INFO |   Env | HO: 99.63% | Throughput: 16.42/user-min | Task: 77.68% | Resolved: 99.94% | Delay: 2.855s | Energy: 5184.11J | MEC fair: 0.365
2026-09-28 12:21:28,178 | INFO |   Reward | Success: 140.10 | Load: 14.29 | Delay: -42.29 | Energy: -26.82 | TaskFail: -40.25 | Interrupt: -17.53 | HOFail: -0.04
2026-09-28 12:21:47,396 | INFO | Update   25 | Steps:  12,800 | Episodes:    25 | EpReward:    17.98 | FPS:  25814 | Actor Loss: 0.0000 | Critic Loss: 0.0000 | HAN Grad: 0.0000 | HAN Δ: 0.000000 | HAN Metapaths: 0
2026-09-28 12:21:47,396 | INFO |   Phase | Rollout: 0.00s | PPO update: 0.00s
2026-09-28 12:21:47,396 | INFO |   Env | HO: 99.83% | Throughput: 16.14/user-min | Task: 76.88% | Resolved: 99.89% | Delay: 3.076s | Energy: 5120.75J | MEC fair: 0.389
2026-09-28 12:21:47,396 | INFO |   Reward | Success: 137.70 | Load: 14.26 | Delay: -40.83 | Energy: -26.26 | TaskFail: -41.40 | Interrupt: -17.16 | HOFail: -0.02
2026-09-28 12:22:06,469 | INFO | Update   26 | Steps:  13,312 | Episodes:    26 | EpReward:    18.13 | FPS:  26464 | Actor Loss: 0.0000 | Critic Loss: 0.0000 | HAN Grad: 0.0000 | HAN Δ: 0.000000 | HAN Metapaths: 0
2026-09-28 12:22:06,469 | INFO |   Phase | Rollout: 0.00s | PPO update: 0.00s
2026-09-28 12:22:06,470 | INFO |   Env | HO: 99.61% | Throughput: 15.73/user-min | Task: 72.29% | Resolved: 99.89% | Delay: 3.291s | Energy: 5712.12J | MEC fair: 0.489
2026-09-28 12:22:06,470 | INFO |   Reward | Success: 134.20 | Load: 18.78 | Delay: -43.51 | Energy: -26.47 | TaskFail: -51.45 | Interrupt: -9.63 | HOFail: -0.04
2026-09-28 12:22:25,559 | INFO | Update   27 | Steps:  13,824 | Episodes:    27 | EpReward:    18.35 | FPS:  26452 | Actor Loss: 0.0000 | Critic Loss: 0.0000 | HAN Grad: 0.0000 | HAN Δ: 0.000000 | HAN Metapaths: 0
2026-09-28 12:22:25,559 | INFO |   Phase | Rollout: 0.00s | PPO update: 0.00s
2026-09-28 12:22:25,559 | INFO |   Env | HO: 99.73% | Throughput: 15.46/user-min | Task: 74.08% | Resolved: 99.86% | Delay: 3.131s | Energy: 5336.64J | MEC fair: 0.436
2026-09-28 12:22:25,559 | INFO |   Reward | Success: 131.90 | Load: 17.51 | Delay: -40.87 | Energy: -25.58 | TaskFail: -46.15 | Interrupt: -12.68 | HOFail: -0.03
2026-09-28 12:22:44,675 | INFO | Update   28 | Steps:  14,336 | Episodes:    28 | EpReward:    18.35 | FPS:  26207 | Actor Loss: 0.0000 | Critic Loss: 0.0000 | HAN Grad: 0.0000 | HAN Δ: 0.000000 | HAN Metapaths: 0
2026-09-28 12:22:44,675 | INFO |   Phase | Rollout: 0.00s | PPO update: 0.00s
2026-09-28 12:22:44,675 | INFO |   Env | HO: 99.48% | Throughput: 15.12/user-min | Task: 71.99% | Resolved: 99.94% | Delay: 3.283s | Energy: 5457.98J | MEC fair: 0.396
2026-09-28 12:22:44,676 | INFO |   Reward | Success: 129.00 | Load: 17.19 | Delay: -41.22 | Energy: -25.33 | TaskFail: -50.20 | Interrupt: -11.22 | HOFail: -0.05
2026-09-28 12:23:03,715 | INFO | Update   29 | Steps:  14,848 | Episodes:    29 | EpReward:    18.63 | FPS:  26660 | Actor Loss: 0.0000 | Critic Loss: 0.0000 | HAN Grad: 0.0000 | HAN Δ: 0.000000 | HAN Metapaths: 0
2026-09-28 12:23:03,715 | INFO |   Phase | Rollout: 0.00s | PPO update: 0.00s
2026-09-28 12:23:03,715 | INFO |   Env | HO: 99.51% | Throughput: 15.76/user-min | Task: 74.41% | Resolved: 99.92% | Delay: 3.124s | Energy: 5470.77J | MEC fair: 0.434
2026-09-28 12:23:03,715 | INFO |   Reward | Success: 134.45 | Load: 17.54 | Delay: -42.17 | Energy: -26.50 | TaskFail: -46.25 | Interrupt: -10.44 | HOFail: -0.04
2026-09-28 12:23:22,904 | INFO | Update   30 | Steps:  15,360 | Episodes:    30 | EpReward:    19.25 | FPS:  26319 | Actor Loss: 0.0000 | Critic Loss: 0.0000 | HAN Grad: 0.0000 | HAN Δ: 0.000000 | HAN Metapaths: 0
2026-09-28 12:23:22,904 | INFO |   Phase | Rollout: 0.00s | PPO update: 0.00s
2026-09-28 12:23:22,905 | INFO |   Env | HO: 99.67% | Throughput: 16.21/user-min | Task: 78.53% | Resolved: 99.83% | Delay: 2.807s | Energy: 5011.18J | MEC fair: 0.368
2026-09-28 12:23:22,905 | INFO |   Reward | Success: 138.30 | Load: 14.50 | Delay: -40.72 | Energy: -26.42 | TaskFail: -37.80 | Interrupt: -10.48 | HOFail: -0.03
2026-09-28 12:23:42,006 | INFO | Update   31 | Steps:  15,872 | Episodes:    31 | EpReward:    19.57 | FPS:  25600 | Actor Loss: 0.0000 | Critic Loss: 0.0000 | HAN Grad: 0.0000 | HAN Δ: 0.000000 | HAN Metapaths: 0
2026-09-28 12:23:42,006 | INFO |   Phase | Rollout: 0.00s | PPO update: 0.00s
2026-09-28 12:23:42,006 | INFO |   Env | HO: 99.29% | Throughput: 15.73/user-min | Task: 74.52% | Resolved: 99.89% | Delay: 3.138s | Energy: 5473.58J | MEC fair: 0.435
2026-09-28 12:23:42,006 | INFO |   Reward | Success: 134.25 | Load: 17.55 | Delay: -42.41 | Energy: -26.40 | TaskFail: -45.90 | Interrupt: -7.88 | HOFail: -0.06
2026-09-28 12:24:01,102 | INFO | Update   32 | Steps:  16,384 | Episodes:    32 | EpReward:    20.18 | FPS:  25753 | Actor Loss: 0.0000 | Critic Loss: 0.0000 | HAN Grad: 0.0000 | HAN Δ: 0.000000 | HAN Metapaths: 0
2026-09-28 12:24:01,102 | INFO |   Phase | Rollout: 0.00s | PPO update: 0.00s
2026-09-28 12:24:01,102 | INFO |   Env | HO: 99.69% | Throughput: 17.00/user-min | Task: 80.95% | Resolved: 99.89% | Delay: 2.705s | Energy: 4888.95J | MEC fair: 0.417
2026-09-28 12:24:01,102 | INFO |   Reward | Success: 145.10 | Load: 15.04 | Delay: -41.67 | Energy: -26.97 | TaskFail: -34.15 | Interrupt: -18.20 | HOFail: -0.03
2026-09-28 12:24:20,225 | INFO | Update   33 | Steps:  16,896 | Episodes:    33 | EpReward:    20.42 | FPS:  26342 | Actor Loss: 0.0000 | Critic Loss: 0.0000 | HAN Grad: 0.0000 | HAN Δ: 0.000000 | HAN Metapaths: 0
2026-09-28 12:24:20,225 | INFO |   Phase | Rollout: 0.00s | PPO update: 0.00s
2026-09-28 12:24:20,225 | INFO |   Env | HO: 99.69% | Throughput: 15.54/user-min | Task: 74.96% | Resolved: 99.86% | Delay: 3.024s | Energy: 5327.57J | MEC fair: 0.434
2026-09-28 12:24:20,226 | INFO |   Reward | Success: 132.60 | Load: 17.61 | Delay: -41.31 | Energy: -26.04 | TaskFail: -44.30 | Interrupt: -10.44 | HOFail: -0.03
2026-09-28 12:24:39,320 | INFO | Update   34 | Steps:  17,408 | Episodes:    34 | EpReward:    20.99 | FPS:  26377 | Actor Loss: 0.0000 | Critic Loss: 0.0000 | HAN Grad: 0.0000 | HAN Δ: 0.000000 | HAN Metapaths: 0
2026-09-28 12:24:39,320 | INFO |   Phase | Rollout: 0.00s | PPO update: 0.00s
2026-09-28 12:24:39,320 | INFO |   Env | HO: 99.87% | Throughput: 16.51/user-min | Task: 78.45% | Resolved: 99.83% | Delay: 2.858s | Energy: 5249.35J | MEC fair: 0.357
2026-09-28 12:24:39,320 | INFO |   Reward | Success: 140.90 | Load: 15.00 | Delay: -42.35 | Energy: -27.34 | TaskFail: -38.70 | Interrupt: -7.81 | HOFail: -0.01
2026-09-28 12:24:58,563 | INFO | Update   35 | Steps:  17,920 | Episodes:    35 | EpReward:    21.92 | FPS:  26315 | Actor Loss: 0.0000 | Critic Loss: 0.0000 | HAN Grad: 0.0000 | HAN Δ: 0.000000 | HAN Metapaths: 0
2026-09-28 12:24:58,563 | INFO |   Phase | Rollout: 0.00s | PPO update: 0.00s
2026-09-28 12:24:58,563 | INFO |   Env | HO: 100.00% | Throughput: 17.23/user-min | Task: 83.78% | Resolved: 99.91% | Delay: 2.466s | Energy: 4613.59J | MEC fair: 0.381
2026-09-28 12:24:58,563 | INFO |   Reward | Success: 147.00 | Load: 13.57 | Delay: -42.54 | Energy: -27.18 | TaskFail: -28.45 | Interrupt: -8.96 | HOFail: 0.00
2026-09-28 12:25:17,792 | INFO | Update   36 | Steps:  18,432 | Episodes:    36 | EpReward:    22.19 | FPS:  26636 | Actor Loss: 0.0000 | Critic Loss: 0.0000 | HAN Grad: 0.0000 | HAN Δ: 0.000000 | HAN Metapaths: 0
2026-09-28 12:25:17,792 | INFO |   Phase | Rollout: 0.00s | PPO update: 0.00s
2026-09-28 12:25:17,792 | INFO |   Env | HO: 100.00% | Throughput: 15.64/user-min | Task: 75.35% | Resolved: 99.89% | Delay: 3.139s | Energy: 5260.05J | MEC fair: 0.449
2026-09-28 12:25:17,792 | INFO |   Reward | Success: 133.45 | Load: 17.65 | Delay: -41.02 | Energy: -25.83 | TaskFail: -43.65 | Interrupt: -8.82 | HOFail: 0.00
2026-09-28 12:25:36,908 | INFO | Update   37 | Steps:  18,944 | Episodes:    37 | EpReward:    22.40 | FPS:  26905 | Actor Loss: 0.0000 | Critic Loss: 0.0000 | HAN Grad: 0.0000 | HAN Δ: 0.000000 | HAN Metapaths: 0
2026-09-28 12:25:36,908 | INFO |   Phase | Rollout: 0.00s | PPO update: 0.00s
2026-09-28 12:25:36,908 | INFO |   Env | HO: 99.88% | Throughput: 16.05/user-min | Task: 76.75% | Resolved: 99.89% | Delay: 3.071s | Energy: 5238.27J | MEC fair: 0.372
2026-09-28 12:25:36,908 | INFO |   Reward | Success: 137.00 | Load: 15.47 | Delay: -41.69 | Energy: -26.21 | TaskFail: -41.50 | Interrupt: -13.13 | HOFail: -0.01
2026-09-28 12:25:55,939 | INFO | Update   38 | Steps:  19,456 | Episodes:    38 | EpReward:    22.58 | FPS:  26608 | Actor Loss: 0.0000 | Critic Loss: 0.0000 | HAN Grad: 0.0000 | HAN Δ: 0.000000 | HAN Metapaths: 0
2026-09-28 12:25:55,940 | INFO |   Phase | Rollout: 0.00s | PPO update: 0.00s
2026-09-28 12:25:55,940 | INFO |   Env | HO: 99.82% | Throughput: 15.76/user-min | Task: 75.69% | Resolved: 99.89% | Delay: 3.168s | Energy: 5368.13J | MEC fair: 0.367
2026-09-28 12:25:55,940 | INFO |   Reward | Success: 134.50 | Load: 16.25 | Delay: -41.40 | Energy: -26.16 | TaskFail: -43.20 | Interrupt: -10.59 | HOFail: -0.01
2026-09-28 12:26:15,253 | INFO | Update   39 | Steps:  19,968 | Episodes:    39 | EpReward:    23.22 | FPS:  25747 | Actor Loss: 0.0000 | Critic Loss: 0.0000 | HAN Grad: 0.0000 | HAN Δ: 0.000000 | HAN Metapaths: 0
2026-09-28 12:26:15,253 | INFO |   Phase | Rollout: 0.00s | PPO update: 0.00s
2026-09-28 12:26:15,253 | INFO |   Env | HO: 99.85% | Throughput: 17.70/user-min | Task: 83.22% | Resolved: 99.92% | Delay: 2.469s | Energy: 4590.76J | MEC fair: 0.398
2026-09-28 12:26:15,253 | INFO |   Reward | Success: 151.00 | Load: 14.35 | Delay: -42.99 | Energy: -27.48 | TaskFail: -30.45 | Interrupt: -17.00 | HOFail: -0.02
2026-09-28 12:26:34,483 | INFO | Update   40 | Steps:  20,480 | Episodes:    40 | EpReward:    23.40 | FPS:  26927 | Actor Loss: 0.0000 | Critic Loss: 0.0000 | HAN Grad: 0.0000 | HAN Δ: 0.000000 | HAN Metapaths: 0
2026-09-28 12:26:34,483 | INFO |   Phase | Rollout: 0.00s | PPO update: 0.00s
2026-09-28 12:26:34,483 | INFO |   Env | HO: 99.64% | Throughput: 15.73/user-min | Task: 74.12% | Resolved: 99.89% | Delay: 3.195s | Energy: 5335.83J | MEC fair: 0.461
2026-09-28 12:26:34,483 | INFO |   Reward | Success: 134.20 | Load: 18.33 | Delay: -41.46 | Energy: -25.85 | TaskFail: -46.85 | Interrupt: -8.06 | HOFail: -0.03
2026-09-28 12:26:53,716 | INFO | Update   41 | Steps:  20,992 | Episodes:    41 | EpReward:    23.92 | FPS:  25675 | Actor Loss: 0.0000 | Critic Loss: 0.0000 | HAN Grad: 0.0000 | HAN Δ: 0.000000 | HAN Metapaths: 0
2026-09-28 12:26:53,716 | INFO |   Phase | Rollout: 0.00s | PPO update: 0.00s
2026-09-28 12:26:53,716 | INFO |   Env | HO: 100.00% | Throughput: 16.67/user-min | Task: 79.25% | Resolved: 99.81% | Delay: 2.801s | Energy: 5180.91J | MEC fair: 0.434
2026-09-28 12:26:53,716 | INFO |   Reward | Success: 142.25 | Load: 17.09 | Delay: -42.71 | Energy: -27.66 | TaskFail: -37.25 | Interrupt: -6.73 | HOFail: 0.00
2026-09-28 12:27:13,042 | INFO | Update   42 | Steps:  21,504 | Episodes:    42 | EpReward:    24.64 | FPS:  25630 | Actor Loss: 0.0000 | Critic Loss: 0.0000 | HAN Grad: 0.0000 | HAN Δ: 0.000000 | HAN Metapaths: 0
2026-09-28 12:27:13,042 | INFO |   Phase | Rollout: 0.00s | PPO update: 0.00s
2026-09-28 12:27:13,042 | INFO |   Env | HO: 99.90% | Throughput: 17.41/user-min | Task: 84.36% | Resolved: 99.89% | Delay: 2.386s | Energy: 4374.82J | MEC fair: 0.431
2026-09-28 12:27:13,042 | INFO |   Reward | Success: 148.55 | Load: 14.63 | Delay: -41.22 | Energy: -26.37 | TaskFail: -27.55 | Interrupt: -14.10 | HOFail: -0.01
2026-09-28 12:27:32,358 | INFO | Update   43 | Steps:  22,016 | Episodes:    43 | EpReward:    25.33 | FPS:  25977 | Actor Loss: 0.0000 | Critic Loss: 0.0000 | HAN Grad: 0.0000 | HAN Δ: 0.000000 | HAN Metapaths: 0
2026-09-28 12:27:32,359 | INFO |   Phase | Rollout: 0.00s | PPO update: 0.00s
2026-09-28 12:27:32,359 | INFO |   Env | HO: 100.00% | Throughput: 17.18/user-min | Task: 83.99% | Resolved: 99.91% | Delay: 2.561s | Energy: 4477.83J | MEC fair: 0.410
2026-09-28 12:27:32,359 | INFO |   Reward | Success: 146.60 | Load: 14.26 | Delay: -41.10 | Energy: -26.39 | TaskFail: -27.95 | Interrupt: -11.00 | HOFail: 0.00
2026-09-28 12:27:51,593 | INFO | Update   44 | Steps:  22,528 | Episodes:    44 | EpReward:    25.65 | FPS:  26767 | Actor Loss: 0.0000 | Critic Loss: 0.0000 | HAN Grad: 0.0000 | HAN Δ: 0.000000 | HAN Metapaths: 0
2026-09-28 12:27:51,593 | INFO |   Phase | Rollout: 0.00s | PPO update: 0.00s
2026-09-28 12:27:51,593 | INFO |   Env | HO: 99.75% | Throughput: 16.36/user-min | Task: 78.71% | Resolved: 99.92% | Delay: 2.952s | Energy: 5076.29J | MEC fair: 0.411
2026-09-28 12:27:51,593 | INFO |   Reward | Success: 139.60 | Load: 17.10 | Delay: -42.63 | Energy: -26.81 | TaskFail: -37.75 | Interrupt: -9.96 | HOFail: -0.02
2026-09-28 12:28:10,752 | INFO | Update   45 | Steps:  23,040 | Episodes:    45 | EpReward:    25.95 | FPS:  26463 | Actor Loss: 0.0000 | Critic Loss: 0.0000 | HAN Grad: 0.0000 | HAN Δ: 0.000000 | HAN Metapaths: 0
2026-09-28 12:28:10,752 | INFO |   Phase | Rollout: 0.00s | PPO update: 0.00s
2026-09-28 12:28:10,752 | INFO |   Env | HO: 100.00% | Throughput: 16.15/user-min | Task: 77.70% | Resolved: 99.89% | Delay: 2.989s | Energy: 5151.47J | MEC fair: 0.425
2026-09-28 12:28:10,752 | INFO |   Reward | Success: 137.80 | Load: 16.93 | Delay: -41.41 | Energy: -26.50 | TaskFail: -39.55 | Interrupt: -8.47 | HOFail: 0.00
2026-09-28 12:28:29,934 | INFO | Update   46 | Steps:  23,552 | Episodes:    46 | EpReward:    26.38 | FPS:  26403 | Actor Loss: 0.0000 | Critic Loss: 0.0000 | HAN Grad: 0.0000 | HAN Δ: 0.000000 | HAN Metapaths: 0
2026-09-28 12:28:29,934 | INFO |   Phase | Rollout: 0.00s | PPO update: 0.00s
2026-09-28 12:28:29,934 | INFO |   Env | HO: 100.00% | Throughput: 16.95/user-min | Task: 80.20% | Resolved: 99.92% | Delay: 2.834s | Energy: 5282.41J | MEC fair: 0.445
2026-09-28 12:28:29,934 | INFO |   Reward | Success: 144.60 | Load: 17.77 | Delay: -44.05 | Energy: -28.25 | TaskFail: -35.70 | Interrupt: -8.26 | HOFail: 0.00
2026-09-28 12:28:49,036 | INFO | Update   47 | Steps:  24,064 | Episodes:    47 | EpReward:    26.79 | FPS:  26181 | Actor Loss: 0.0000 | Critic Loss: 0.0000 | HAN Grad: 0.0000 | HAN Δ: 0.000000 | HAN Metapaths: 0
2026-09-28 12:28:49,036 | INFO |   Phase | Rollout: 0.00s | PPO update: 0.00s
2026-09-28 12:28:49,036 | INFO |   Env | HO: 99.65% | Throughput: 16.66/user-min | Task: 79.31% | Resolved: 99.89% | Delay: 2.817s | Energy: 5063.04J | MEC fair: 0.404
2026-09-28 12:28:49,036 | INFO |   Reward | Success: 142.20 | Load: 16.84 | Delay: -42.49 | Energy: -26.96 | TaskFail: -37.10 | Interrupt: -6.97 | HOFail: -0.02
2026-09-28 12:29:08,201 | INFO | Update   48 | Steps:  24,576 | Episodes:    48 | EpReward:    27.14 | FPS:  26208 | Actor Loss: 0.0000 | Critic Loss: 0.0000 | HAN Grad: 0.0000 | HAN Δ: 0.000000 | HAN Metapaths: 0
2026-09-28 12:29:08,201 | INFO |   Phase | Rollout: 0.00s | PPO update: 0.00s
2026-09-28 12:29:08,201 | INFO |   Env | HO: 99.71% | Throughput: 16.81/user-min | Task: 80.09% | Resolved: 99.92% | Delay: 2.679s | Energy: 4931.17J | MEC fair: 0.360
2026-09-28 12:29:08,201 | INFO |   Reward | Success: 143.45 | Load: 14.48 | Delay: -42.03 | Energy: -26.97 | TaskFail: -35.65 | Interrupt: -9.94 | HOFail: -0.02
2026-09-28 12:29:24,148 | INFO | ----------------------------------------
2026-09-28 12:29:24,148 | INFO | 开始评估 HAN+PDQN...
2026-09-28 12:30:00,740 | INFO | 模型已保存: /home/pjpjq/LEO_switch/results/multiseed_0907_rerun_20260928/seed43/u20/learned_baselines/han_pdqn/best_model.pt
2026-09-28 12:30:00,740 | INFO | 评估结果: 奖励 = 90.22 ± 5.49, 长度 = 512, 延迟 = 1.980s
2026-09-28 12:30:00,740 | INFO | ----------------------------------------
2026-09-28 12:30:04,014 | INFO | Update   49 | Steps:  25,088 | Episodes:    49 | EpReward:    27.46 | FPS:  26316 | Actor Loss: 0.0000 | Critic Loss: 0.0000 | HAN Grad: 0.0000 | HAN Δ: 0.000000 | HAN Metapaths: 0
2026-09-28 12:30:04,015 | INFO |   Phase | Rollout: 0.00s | PPO update: 0.00s
2026-09-28 12:30:04,015 | INFO |   Env | HO: 100.00% | Throughput: 16.58/user-min | Task: 79.78% | Resolved: 99.89% | Delay: 2.794s | Energy: 4914.21J | MEC fair: 0.349
2026-09-28 12:30:04,015 | INFO |   Reward | Success: 141.45 | Load: 14.29 | Delay: -40.29 | Energy: -26.30 | TaskFail: -35.85 | Interrupt: -10.17 | HOFail: 0.00
2026-09-28 12:30:23,010 | INFO | Update   50 | Steps:  25,600 | Episodes:    50 | EpReward:    27.81 | FPS:  26927 | Actor Loss: 0.0000 | Critic Loss: 0.0000 | HAN Grad: 0.0000 | HAN Δ: 0.000000 | HAN Metapaths: 0
2026-09-28 12:30:23,010 | INFO |   Phase | Rollout: 0.00s | PPO update: 0.00s
2026-09-28 12:30:23,010 | INFO |   Env | HO: 100.00% | Throughput: 16.80/user-min | Task: 79.88% | Resolved: 99.89% | Delay: 2.837s | Energy: 5150.08J | MEC fair: 0.430
2026-09-28 12:30:23,010 | INFO |   Reward | Success: 143.35 | Load: 16.57 | Delay: -42.12 | Energy: -27.12 | TaskFail: -36.10 | Interrupt: -9.63 | HOFail: 0.00
2026-09-28 12:30:42,190 | INFO | Update   51 | Steps:  26,112 | Episodes:    51 | EpReward:    28.30 | FPS:  26019 | Actor Loss: 0.0000 | Critic Loss: 0.0000 | HAN Grad: 0.0000 | HAN Δ: 0.000000 | HAN Metapaths: 0
2026-09-28 12:30:42,190 | INFO |   Phase | Rollout: 0.00s | PPO update: 0.00s
2026-09-28 12:30:42,190 | INFO |   Env | HO: 100.00% | Throughput: 17.00/user-min | Task: 81.95% | Resolved: 99.94% | Delay: 2.644s | Energy: 4782.90J | MEC fair: 0.358
2026-09-28 12:30:42,192 | INFO |   Reward | Success: 145.10 | Load: 13.68 | Delay: -41.17 | Energy: -26.68 | TaskFail: -31.95 | Interrupt: -6.14 | HOFail: 0.00
2026-09-28 12:31:01,386 | INFO | Update   52 | Steps:  26,624 | Episodes:    52 | EpReward:    28.71 | FPS:  26218 | Actor Loss: 0.0000 | Critic Loss: 0.0000 | HAN Grad: 0.0000 | HAN Δ: 0.000000 | HAN Metapaths: 0
2026-09-28 12:31:01,386 | INFO |   Phase | Rollout: 0.00s | PPO update: 0.00s
2026-09-28 12:31:01,386 | INFO |   Env | HO: 99.83% | Throughput: 17.00/user-min | Task: 80.14% | Resolved: 99.89% | Delay: 2.748s | Energy: 4992.85J | MEC fair: 0.440
2026-09-28 12:31:01,386 | INFO |   Reward | Success: 145.10 | Load: 17.48 | Delay: -42.66 | Energy: -27.50 | TaskFail: -35.95 | Interrupt: -7.16 | HOFail: -0.01
2026-09-28 12:31:20,514 | INFO | Update   53 | Steps:  27,136 | Episodes:    53 | EpReward:    29.15 | FPS:  26406 | Actor Loss: 0.0000 | Critic Loss: 0.0000 | HAN Grad: 0.0000 | HAN Δ: 0.000000 | HAN Metapaths: 0
2026-09-28 12:31:20,514 | INFO |   Phase | Rollout: 0.00s | PPO update: 0.00s
2026-09-28 12:31:20,514 | INFO |   Env | HO: 100.00% | Throughput: 16.97/user-min | Task: 81.10% | Resolved: 99.86% | Delay: 2.728s | Energy: 5012.09J | MEC fair: 0.427
2026-09-28 12:31:20,514 | INFO |   Reward | Success: 144.85 | Load: 16.84 | Delay: -43.01 | Energy: -27.56 | TaskFail: -33.75 | Interrupt: -5.42 | HOFail: 0.00
2026-09-28 12:31:39,686 | INFO | Update   54 | Steps:  27,648 | Episodes:    54 | EpReward:    29.55 | FPS:  26610 | Actor Loss: 0.0000 | Critic Loss: 0.0000 | HAN Grad: 0.0000 | HAN Δ: 0.000000 | HAN Metapaths: 0
2026-09-28 12:31:39,686 | INFO |   Phase | Rollout: 0.00s | PPO update: 0.00s
2026-09-28 12:31:39,686 | INFO |   Env | HO: 100.00% | Throughput: 17.38/user-min | Task: 80.71% | Resolved: 99.89% | Delay: 2.659s | Energy: 5050.13J | MEC fair: 0.409
2026-09-28 12:31:39,686 | INFO |   Reward | Success: 148.35 | Load: 16.70 | Delay: -43.65 | Energy: -27.93 | TaskFail: -35.45 | Interrupt: -6.93 | HOFail: 0.00
2026-09-28 12:31:58,859 | INFO | Update   55 | Steps:  28,160 | Episodes:    55 | EpReward:    30.06 | FPS:  26329 | Actor Loss: 0.0000 | Critic Loss: 0.0000 | HAN Grad: 0.0000 | HAN Δ: 0.000000 | HAN Metapaths: 0
2026-09-28 12:31:58,859 | INFO |   Phase | Rollout: 0.00s | PPO update: 0.00s
2026-09-28 12:31:58,859 | INFO |   Env | HO: 100.00% | Throughput: 17.54/user-min | Task: 83.65% | Resolved: 99.94% | Delay: 2.449s | Energy: 4668.72J | MEC fair: 0.376
2026-09-28 12:31:58,859 | INFO |   Reward | Success: 149.65 | Load: 13.17 | Delay: -41.37 | Energy: -26.94 | TaskFail: -29.25 | Interrupt: -7.54 | HOFail: 0.00
2026-09-28 12:32:18,370 | INFO | Update   56 | Steps:  28,672 | Episodes:    56 | EpReward:    30.89 | FPS:  25953 | Actor Loss: 0.0000 | Critic Loss: 0.0000 | HAN Grad: 0.0000 | HAN Δ: 0.000000 | HAN Metapaths: 0
2026-09-28 12:32:18,370 | INFO |   Phase | Rollout: 0.00s | PPO update: 0.00s
2026-09-28 12:32:18,370 | INFO |   Env | HO: 99.89% | Throughput: 19.01/user-min | Task: 89.79% | Resolved: 99.94% | Delay: 2.025s | Energy: 3940.99J | MEC fair: 0.464
2026-09-28 12:32:18,370 | INFO |   Reward | Success: 162.20 | Load: 13.40 | Delay: -41.84 | Energy: -27.61 | TaskFail: -18.45 | Interrupt: -11.21 | HOFail: -0.01
2026-09-28 12:32:37,698 | INFO | Update   57 | Steps:  29,184 | Episodes:    57 | EpReward:    31.56 | FPS:  25512 | Actor Loss: 0.0000 | Critic Loss: 0.0000 | HAN Grad: 0.0000 | HAN Δ: 0.000000 | HAN Metapaths: 0
2026-09-28 12:32:37,699 | INFO |   Phase | Rollout: 0.00s | PPO update: 0.00s
2026-09-28 12:32:37,699 | INFO |   Env | HO: 100.00% | Throughput: 18.68/user-min | Task: 86.84% | Resolved: 99.89% | Delay: 2.276s | Energy: 4503.59J | MEC fair: 0.397
2026-09-28 12:32:37,699 | INFO |   Reward | Success: 159.40 | Load: 12.83 | Delay: -42.46 | Energy: -28.37 | TaskFail: -24.15 | Interrupt: -8.39 | HOFail: 0.00
2026-09-28 12:32:56,892 | INFO | Update   58 | Steps:  29,696 | Episodes:    58 | EpReward:    31.72 | FPS:  26403 | Actor Loss: 0.0000 | Critic Loss: 0.0000 | HAN Grad: 0.0000 | HAN Δ: 0.000000 | HAN Metapaths: 0
2026-09-28 12:32:56,892 | INFO |   Phase | Rollout: 0.00s | PPO update: 0.00s
2026-09-28 12:32:56,892 | INFO |   Env | HO: 100.00% | Throughput: 16.73/user-min | Task: 77.41% | Resolved: 99.89% | Delay: 3.114s | Energy: 5370.11J | MEC fair: 0.424
2026-09-28 12:32:56,892 | INFO |   Reward | Success: 142.75 | Load: 17.14 | Delay: -43.48 | Energy: -27.37 | TaskFail: -41.65 | Interrupt: -6.30 | HOFail: 0.00
2026-09-28 12:33:16,086 | INFO | Update   59 | Steps:  30,208 | Episodes:    59 | EpReward:    32.15 | FPS:  26135 | Actor Loss: 0.0000 | Critic Loss: 0.0000 | HAN Grad: 0.0000 | HAN Δ: 0.000000 | HAN Metapaths: 0
2026-09-28 12:33:16,086 | INFO |   Phase | Rollout: 0.00s | PPO update: 0.00s
2026-09-28 12:33:16,087 | INFO |   Env | HO: 100.00% | Throughput: 17.27/user-min | Task: 82.16% | Resolved: 99.94% | Delay: 2.672s | Energy: 4771.10J | MEC fair: 0.407
2026-09-28 12:33:16,087 | INFO |   Reward | Success: 147.35 | Load: 16.25 | Delay: -41.18 | Energy: -27.13 | TaskFail: -32.00 | Interrupt: -6.35 | HOFail: 0.00
2026-09-28 12:33:35,273 | INFO | Update   60 | Steps:  30,720 | Episodes:    60 | EpReward:    32.73 | FPS:  26352 | Actor Loss: 0.0000 | Critic Loss: 0.0000 | HAN Grad: 0.0000 | HAN Δ: 0.000000 | HAN Metapaths: 0
2026-09-28 12:33:35,273 | INFO |   Phase | Rollout: 0.00s | PPO update: 0.00s
2026-09-28 12:33:35,273 | INFO |   Env | HO: 100.00% | Throughput: 18.18/user-min | Task: 86.89% | Resolved: 99.92% | Delay: 2.289s | Energy: 4555.32J | MEC fair: 0.356
2026-09-28 12:33:35,273 | INFO |   Reward | Success: 155.15 | Load: 12.53 | Delay: -42.16 | Energy: -28.14 | TaskFail: -23.40 | Interrupt: -7.31 | HOFail: 0.00
2026-09-28 12:33:54,513 | INFO | Update   61 | Steps:  31,232 | Episodes:    61 | EpReward:    33.40 | FPS:  26069 | Actor Loss: 0.0000 | Critic Loss: 0.0000 | HAN Grad: 0.0000 | HAN Δ: 0.000000 | HAN Metapaths: 0
2026-09-28 12:33:54,513 | INFO |   Phase | Rollout: 0.00s | PPO update: 0.00s
2026-09-28 12:33:54,513 | INFO |   Env | HO: 100.00% | Throughput: 18.54/user-min | Task: 88.26% | Resolved: 99.94% | Delay: 2.236s | Energy: 4240.50J | MEC fair: 0.453
2026-09-28 12:33:54,513 | INFO |   Reward | Success: 158.25 | Load: 14.54 | Delay: -41.38 | Energy: -27.54 | TaskFail: -21.05 | Interrupt: -8.76 | HOFail: 0.00
2026-09-28 12:34:13,867 | INFO | Update   62 | Steps:  31,744 | Episodes:    62 | EpReward:    34.06 | FPS:  26604 | Actor Loss: 0.0000 | Critic Loss: 0.0000 | HAN Grad: 0.0000 | HAN Δ: 0.000000 | HAN Metapaths: 0
2026-09-28 12:34:13,867 | INFO |   Phase | Rollout: 0.00s | PPO update: 0.00s
2026-09-28 12:34:13,867 | INFO |   Env | HO: 100.00% | Throughput: 18.30/user-min | Task: 89.20% | Resolved: 99.91% | Delay: 2.133s | Energy: 3974.57J | MEC fair: 0.393
2026-09-28 12:34:13,867 | INFO |   Reward | Success: 156.15 | Load: 12.50 | Delay: -40.36 | Energy: -26.66 | TaskFail: -18.90 | Interrupt: -8.78 | HOFail: 0.00
2026-09-28 12:34:33,223 | INFO | Update   63 | Steps:  32,256 | Episodes:    63 | EpReward:    34.63 | FPS:  26414 | Actor Loss: 0.0000 | Critic Loss: 0.0000 | HAN Grad: 0.0000 | HAN Δ: 0.000000 | HAN Metapaths: 0
2026-09-28 12:34:33,223 | INFO |   Phase | Rollout: 0.00s | PPO update: 0.00s
2026-09-28 12:34:33,223 | INFO |   Env | HO: 100.00% | Throughput: 18.71/user-min | Task: 85.42% | Resolved: 99.89% | Delay: 2.493s | Energy: 4809.60J | MEC fair: 0.516
2026-09-28 12:34:33,223 | INFO |   Reward | Success: 159.70 | Load: 18.01 | Delay: -45.15 | Energy: -29.33 | TaskFail: -27.25 | Interrupt: -5.93 | HOFail: 0.00
2026-09-28 12:34:52,431 | INFO | Update   64 | Steps:  32,768 | Episodes:    64 | EpReward:    35.11 | FPS:  25983 | Actor Loss: 0.0000 | Critic Loss: 0.0000 | HAN Grad: 0.0000 | HAN Δ: 0.000000 | HAN Metapaths: 0
2026-09-28 12:34:52,431 | INFO |   Phase | Rollout: 0.00s | PPO update: 0.00s
2026-09-28 12:34:52,431 | INFO |   Env | HO: 100.00% | Throughput: 18.18/user-min | Task: 85.39% | Resolved: 99.86% | Delay: 2.481s | Energy: 4823.46J | MEC fair: 0.425
2026-09-28 12:34:52,431 | INFO |   Reward | Success: 155.15 | Load: 16.03 | Delay: -43.91 | Energy: -28.56 | TaskFail: -26.55 | Interrupt: -6.75 | HOFail: 0.00
2026-09-28 12:35:11,798 | INFO | Update   65 | Steps:  33,280 | Episodes:    65 | EpReward:    35.61 | FPS:  26108 | Actor Loss: 0.0000 | Critic Loss: 0.0000 | HAN Grad: 0.0000 | HAN Δ: 0.000000 | HAN Metapaths: 0
2026-09-28 12:35:11,798 | INFO |   Phase | Rollout: 0.00s | PPO update: 0.00s
2026-09-28 12:35:11,798 | INFO |   Env | HO: 100.00% | Throughput: 17.99/user-min | Task: 85.09% | Resolved: 99.83% | Delay: 2.540s | Energy: 4607.73J | MEC fair: 0.482
2026-09-28 12:35:11,798 | INFO |   Reward | Success: 153.50 | Load: 16.84 | Delay: -43.15 | Energy: -28.26 | TaskFail: -26.90 | Interrupt: -4.31 | HOFail: 0.00
2026-09-28 12:35:31,074 | INFO | Update   66 | Steps:  33,792 | Episodes:    66 | EpReward:    36.35 | FPS:  26349 | Actor Loss: 0.0000 | Critic Loss: 0.0000 | HAN Grad: 0.0000 | HAN Δ: 0.000000 | HAN Metapaths: 0
2026-09-28 12:35:31,074 | INFO |   Phase | Rollout: 0.00s | PPO update: 0.00s
2026-09-28 12:35:31,074 | INFO |   Env | HO: 100.00% | Throughput: 18.96/user-min | Task: 91.00% | Resolved: 99.89% | Delay: 2.087s | Energy: 4171.22J | MEC fair: 0.446
2026-09-28 12:35:31,074 | INFO |   Reward | Success: 161.75 | Load: 15.33 | Delay: -43.19 | Energy: -28.75 | TaskFail: -16.00 | Interrupt: -4.79 | HOFail: 0.00
2026-09-28 12:35:50,384 | INFO | Update   67 | Steps:  34,304 | Episodes:    67 | EpReward:    37.01 | FPS:  26270 | Actor Loss: 0.0000 | Critic Loss: 0.0000 | HAN Grad: 0.0000 | HAN Δ: 0.000000 | HAN Metapaths: 0
2026-09-28 12:35:50,384 | INFO |   Phase | Rollout: 0.00s | PPO update: 0.00s
2026-09-28 12:35:50,384 | INFO |   Env | HO: 100.00% | Throughput: 18.65/user-min | Task: 90.07% | Resolved: 99.97% | Delay: 2.071s | Energy: 4044.41J | MEC fair: 0.416
2026-09-28 12:35:50,384 | INFO |   Reward | Success: 159.15 | Load: 12.85 | Delay: -41.15 | Energy: -27.47 | TaskFail: -17.55 | Interrupt: -5.27 | HOFail: 0.00
2026-09-28 12:36:09,887 | INFO | Update   68 | Steps:  34,816 | Episodes:    68 | EpReward:    37.87 | FPS:  25381 | Actor Loss: 0.0000 | Critic Loss: 0.0000 | HAN Grad: 0.0000 | HAN Δ: 0.000000 | HAN Metapaths: 0
2026-09-28 12:36:09,887 | INFO |   Phase | Rollout: 0.00s | PPO update: 0.00s
2026-09-28 12:36:09,887 | INFO |   Env | HO: 99.80% | Throughput: 19.70/user-min | Task: 94.44% | Resolved: 99.89% | Delay: 1.759s | Energy: 3428.03J | MEC fair: 0.472
2026-09-28 12:36:09,887 | INFO |   Reward | Success: 168.10 | Load: 12.22 | Delay: -39.79 | Energy: -26.92 | TaskFail: -9.90 | Interrupt: -8.12 | HOFail: -0.01
2026-09-28 12:36:29,407 | INFO | Update   69 | Steps:  35,328 | Episodes:    69 | EpReward:    38.76 | FPS:  26230 | Actor Loss: 0.0000 | Critic Loss: 0.0000 | HAN Grad: 0.0000 | HAN Δ: 0.000000 | HAN Metapaths: 0
2026-09-28 12:36:29,407 | INFO |   Phase | Rollout: 0.00s | PPO update: 0.00s
2026-09-28 12:36:29,407 | INFO |   Env | HO: 100.00% | Throughput: 19.49/user-min | Task: 94.79% | Resolved: 99.89% | Delay: 1.752s | Energy: 3352.73J | MEC fair: 0.472
2026-09-28 12:36:29,407 | INFO |   Reward | Success: 166.35 | Load: 11.42 | Delay: -38.64 | Energy: -26.39 | TaskFail: -9.15 | Interrupt: -4.15 | HOFail: 0.00
2026-09-28 12:36:48,589 | INFO | Update   70 | Steps:  35,840 | Episodes:    70 | EpReward:    39.30 | FPS:  26712 | Actor Loss: 0.0000 | Critic Loss: 0.0000 | HAN Grad: 0.0000 | HAN Δ: 0.000000 | HAN Metapaths: 0
2026-09-28 12:36:48,589 | INFO |   Phase | Rollout: 0.00s | PPO update: 0.00s
2026-09-28 12:36:48,589 | INFO |   Env | HO: 100.00% | Throughput: 18.73/user-min | Task: 87.71% | Resolved: 99.92% | Delay: 2.250s | Energy: 4527.79J | MEC fair: 0.520
2026-09-28 12:36:48,589 | INFO |   Reward | Success: 159.85 | Load: 16.54 | Delay: -43.87 | Energy: -28.63 | TaskFail: -22.40 | Interrupt: -5.40 | HOFail: 0.00
2026-09-28 12:37:07,803 | INFO | Update   71 | Steps:  36,352 | Episodes:    71 | EpReward:    39.85 | FPS:  25664 | Actor Loss: 0.0000 | Critic Loss: 0.0000 | HAN Grad: 0.0000 | HAN Δ: 0.000000 | HAN Metapaths: 0
2026-09-28 12:37:07,803 | INFO |   Phase | Rollout: 0.00s | PPO update: 0.00s
2026-09-28 12:37:07,803 | INFO |   Env | HO: 100.00% | Throughput: 18.80/user-min | Task: 88.23% | Resolved: 99.89% | Delay: 2.229s | Energy: 4481.02J | MEC fair: 0.485
2026-09-28 12:37:07,803 | INFO |   Reward | Success: 160.40 | Load: 15.58 | Delay: -43.61 | Energy: -29.58 | TaskFail: -21.40 | Interrupt: -3.08 | HOFail: 0.00
2026-09-28 12:37:27,021 | INFO | Update   72 | Steps:  36,864 | Episodes:    72 | EpReward:    40.51 | FPS:  26588 | Actor Loss: 0.0000 | Critic Loss: 0.0000 | HAN Grad: 0.0000 | HAN Δ: 0.000000 | HAN Metapaths: 0
2026-09-28 12:37:27,021 | INFO |   Phase | Rollout: 0.00s | PPO update: 0.00s
2026-09-28 12:37:27,021 | INFO |   Env | HO: 100.00% | Throughput: 19.07/user-min | Task: 91.28% | Resolved: 99.89% | Delay: 2.063s | Energy: 4206.05J | MEC fair: 0.504
2026-09-28 12:37:27,021 | INFO |   Reward | Success: 162.75 | Load: 16.04 | Delay: -43.28 | Energy: -29.29 | TaskFail: -15.55 | Interrupt: -2.80 | HOFail: 0.00
2026-09-28 12:37:46,257 | INFO | Update   73 | Steps:  37,376 | Episodes:    73 | EpReward:    41.20 | FPS:  26148 | Actor Loss: 0.0000 | Critic Loss: 0.0000 | HAN Grad: 0.0000 | HAN Δ: 0.000000 | HAN Metapaths: 0
2026-09-28 12:37:46,257 | INFO |   Phase | Rollout: 0.00s | PPO update: 0.00s
2026-09-28 12:37:46,257 | INFO |   Env | HO: 100.00% | Throughput: 19.02/user-min | Task: 91.75% | Resolved: 99.89% | Delay: 2.054s | Energy: 4053.30J | MEC fair: 0.515
2026-09-28 12:37:46,257 | INFO |   Reward | Success: 162.30 | Load: 16.05 | Delay: -41.89 | Energy: -28.52 | TaskFail: -14.60 | Interrupt: -2.81 | HOFail: 0.00
2026-09-28 12:38:05,503 | INFO | Update   74 | Steps:  37,888 | Episodes:    74 | EpReward:    41.81 | FPS:  26138 | Actor Loss: 0.0000 | Critic Loss: 0.0000 | HAN Grad: 0.0000 | HAN Δ: 0.000000 | HAN Metapaths: 0
2026-09-28 12:38:05,503 | INFO |   Phase | Rollout: 0.00s | PPO update: 0.00s
2026-09-28 12:38:05,503 | INFO |   Env | HO: 100.00% | Throughput: 19.29/user-min | Task: 89.77% | Resolved: 99.95% | Delay: 2.159s | Energy: 4219.16J | MEC fair: 0.469
2026-09-28 12:38:05,503 | INFO |   Reward | Success: 164.60 | Load: 14.62 | Delay: -42.32 | Energy: -28.94 | TaskFail: -18.75 | Interrupt: -2.60 | HOFail: 0.00
2026-09-28 12:38:24,705 | INFO | Update   75 | Steps:  38,400 | Episodes:    75 | EpReward:    42.44 | FPS:  25818 | Actor Loss: 0.0000 | Critic Loss: 0.0000 | HAN Grad: 0.0000 | HAN Δ: 0.000000 | HAN Metapaths: 0
2026-09-28 12:38:24,706 | INFO |   Phase | Rollout: 0.00s | PPO update: 0.00s
2026-09-28 12:38:24,706 | INFO |   Env | HO: 100.00% | Throughput: 19.21/user-min | Task: 91.31% | Resolved: 99.94% | Delay: 2.034s | Energy: 4021.10J | MEC fair: 0.431
2026-09-28 12:38:24,706 | INFO |   Reward | Success: 163.95 | Load: 12.55 | Delay: -41.01 | Energy: -28.21 | TaskFail: -15.60 | Interrupt: -2.95 | HOFail: 0.00
2026-09-28 12:38:43,808 | INFO | Update   76 | Steps:  38,912 | Episodes:    76 | EpReward:    42.97 | FPS:  25706 | Actor Loss: 0.0000 | Critic Loss: 0.0000 | HAN Grad: 0.0000 | HAN Δ: 0.000000 | HAN Metapaths: 0
2026-09-28 12:38:43,808 | INFO |   Phase | Rollout: 0.00s | PPO update: 0.00s
2026-09-28 12:38:43,808 | INFO |   Env | HO: 100.00% | Throughput: 18.63/user-min | Task: 89.53% | Resolved: 99.89% | Delay: 2.150s | Energy: 4062.33J | MEC fair: 0.528
2026-09-28 12:38:43,808 | INFO |   Reward | Success: 159.00 | Load: 14.79 | Delay: -40.19 | Energy: -27.52 | TaskFail: -18.60 | Interrupt: -4.80 | HOFail: 0.00
2026-09-28 12:39:03,105 | INFO | Update   77 | Steps:  39,424 | Episodes:    77 | EpReward:    43.76 | FPS:  25618 | Actor Loss: 0.0000 | Critic Loss: 0.0000 | HAN Grad: 0.0000 | HAN Δ: 0.000000 | HAN Metapaths: 0
2026-09-28 12:39:03,105 | INFO |   Phase | Rollout: 0.00s | PPO update: 0.00s
2026-09-28 12:39:03,105 | INFO |   Env | HO: 100.00% | Throughput: 19.92/user-min | Task: 94.97% | Resolved: 99.94% | Delay: 1.735s | Energy: 3263.87J | MEC fair: 0.495
2026-09-28 12:39:03,105 | INFO |   Reward | Success: 169.95 | Load: 11.46 | Delay: -38.09 | Energy: -26.32 | TaskFail: -9.00 | Interrupt: -4.26 | HOFail: 0.00
2026-09-28 12:39:22,323 | INFO | Update   78 | Steps:  39,936 | Episodes:    78 | EpReward:    44.34 | FPS:  26212 | Actor Loss: 0.0000 | Critic Loss: 0.0000 | HAN Grad: 0.0000 | HAN Δ: 0.000000 | HAN Metapaths: 0
2026-09-28 12:39:22,323 | INFO |   Phase | Rollout: 0.00s | PPO update: 0.00s
2026-09-28 12:39:22,323 | INFO |   Env | HO: 100.00% | Throughput: 19.56/user-min | Task: 92.29% | Resolved: 99.92% | Delay: 1.962s | Energy: 4089.05J | MEC fair: 0.572
2026-09-28 12:39:22,323 | INFO |   Reward | Success: 166.90 | Load: 14.69 | Delay: -42.30 | Energy: -29.55 | TaskFail: -13.95 | Interrupt: -6.42 | HOFail: 0.00
2026-09-28 12:39:41,589 | INFO | Update   79 | Steps:  40,448 | Episodes:    79 | EpReward:    44.95 | FPS:  11694 | Actor Loss: 0.0000 | Critic Loss: 0.0000 | HAN Grad: 0.0000 | HAN Δ: 0.000000 | HAN Metapaths: 0
2026-09-28 12:39:41,589 | INFO |   Phase | Rollout: 0.00s | PPO update: 0.00s
2026-09-28 12:39:41,589 | INFO |   Env | HO: 100.00% | Throughput: 19.75/user-min | Task: 91.93% | Resolved: 99.86% | Delay: 1.998s | Energy: 3901.35J | MEC fair: 0.549
2026-09-28 12:39:41,589 | INFO |   Reward | Success: 168.55 | Load: 15.34 | Delay: -42.07 | Energy: -28.69 | TaskFail: -14.80 | Interrupt: -6.11 | HOFail: 0.00
2026-09-28 12:40:00,883 | INFO | Update   80 | Steps:  40,960 | Episodes:    80 | EpReward:    45.51 | FPS:  26342 | Actor Loss: 0.0000 | Critic Loss: 0.0000 | HAN Grad: 0.0000 | HAN Δ: 0.000000 | HAN Metapaths: 0
2026-09-28 12:40:00,883 | INFO |   Phase | Rollout: 0.00s | PPO update: 0.00s
2026-09-28 12:40:00,883 | INFO |   Env | HO: 100.00% | Throughput: 19.11/user-min | Task: 92.04% | Resolved: 99.94% | Delay: 1.993s | Energy: 4005.88J | MEC fair: 0.497
2026-09-28 12:40:00,883 | INFO |   Reward | Success: 163.10 | Load: 13.90 | Delay: -41.51 | Energy: -28.21 | TaskFail: -14.10 | Interrupt: -3.22 | HOFail: 0.00
2026-09-28 12:40:20,117 | INFO | Update   81 | Steps:  41,472 | Episodes:    81 | EpReward:    46.07 | FPS:  26109 | Actor Loss: 0.0000 | Critic Loss: 0.0000 | HAN Grad: 0.0000 | HAN Δ: 0.000000 | HAN Metapaths: 0
2026-09-28 12:40:20,117 | INFO |   Phase | Rollout: 0.00s | PPO update: 0.00s
2026-09-28 12:40:20,117 | INFO |   Env | HO: 100.00% | Throughput: 19.50/user-min | Task: 92.19% | Resolved: 99.94% | Delay: 1.988s | Energy: 4081.19J | MEC fair: 0.487
2026-09-28 12:40:20,117 | INFO |   Reward | Success: 166.40 | Load: 14.07 | Delay: -42.49 | Energy: -29.30 | TaskFail: -14.10 | Interrupt: -3.46 | HOFail: 0.00
2026-09-28 12:40:39,337 | INFO | Update   82 | Steps:  41,984 | Episodes:    82 | EpReward:    46.61 | FPS:  26439 | Actor Loss: 0.0000 | Critic Loss: 0.0000 | HAN Grad: 0.0000 | HAN Δ: 0.000000 | HAN Metapaths: 0
2026-09-28 12:40:39,337 | INFO |   Phase | Rollout: 0.00s | PPO update: 0.00s
2026-09-28 12:40:39,337 | INFO |   Env | HO: 100.00% | Throughput: 19.41/user-min | Task: 93.11% | Resolved: 99.94% | Delay: 1.936s | Energy: 4084.88J | MEC fair: 0.560
2026-09-28 12:40:39,337 | INFO |   Reward | Success: 165.60 | Load: 14.19 | Delay: -41.93 | Energy: -29.50 | TaskFail: -12.25 | Interrupt: -6.31 | HOFail: 0.00
2026-09-28 12:40:58,631 | INFO | Update   83 | Steps:  42,496 | Episodes:    83 | EpReward:    47.16 | FPS:  26890 | Actor Loss: 0.0000 | Critic Loss: 0.0000 | HAN Grad: 0.0000 | HAN Δ: 0.000000 | HAN Metapaths: 0
2026-09-28 12:40:58,631 | INFO |   Phase | Rollout: 0.00s | PPO update: 0.00s
2026-09-28 12:40:58,631 | INFO |   Env | HO: 100.00% | Throughput: 19.46/user-min | Task: 92.10% | Resolved: 100.00% | Delay: 1.954s | Energy: 4045.81J | MEC fair: 0.533
2026-09-28 12:40:58,631 | INFO |   Reward | Success: 166.05 | Load: 14.47 | Delay: -41.71 | Energy: -29.18 | TaskFail: -14.25 | Interrupt: -2.60 | HOFail: 0.00
2026-09-28 12:41:18,034 | INFO | Update   84 | Steps:  43,008 | Episodes:    84 | EpReward:    47.81 | FPS:  25394 | Actor Loss: 0.0000 | Critic Loss: 0.0000 | HAN Grad: 0.0000 | HAN Δ: 0.000000 | HAN Metapaths: 0
2026-09-28 12:41:18,034 | INFO |   Phase | Rollout: 0.00s | PPO update: 0.00s
2026-09-28 12:41:18,034 | INFO |   Env | HO: 100.00% | Throughput: 19.85/user-min | Task: 95.12% | Resolved: 99.97% | Delay: 1.768s | Energy: 3884.63J | MEC fair: 0.543
2026-09-28 12:41:18,034 | INFO |   Reward | Success: 169.40 | Load: 13.35 | Delay: -41.11 | Energy: -29.55 | TaskFail: -8.70 | Interrupt: -2.03 | HOFail: 0.00
2026-09-28 12:41:37,371 | INFO | Update   85 | Steps:  43,520 | Episodes:    85 | EpReward:    48.38 | FPS:  26192 | Actor Loss: 0.0000 | Critic Loss: 0.0000 | HAN Grad: 0.0000 | HAN Δ: 0.000000 | HAN Metapaths: 0
2026-09-28 12:41:37,371 | INFO |   Phase | Rollout: 0.00s | PPO update: 0.00s
2026-09-28 12:41:37,372 | INFO |   Env | HO: 100.00% | Throughput: 19.97/user-min | Task: 93.19% | Resolved: 99.92% | Delay: 1.931s | Energy: 4102.16J | MEC fair: 0.580
2026-09-28 12:41:37,372 | INFO |   Reward | Success: 170.45 | Load: 14.59 | Delay: -43.10 | Energy: -29.97 | TaskFail: -12.45 | Interrupt: -3.32 | HOFail: 0.00
2026-09-28 12:41:56,891 | INFO | Update   86 | Steps:  44,032 | Episodes:    86 | EpReward:    49.07 | FPS:  25772 | Actor Loss: 0.0000 | Critic Loss: 0.0000 | HAN Grad: 0.0000 | HAN Δ: 0.000000 | HAN Metapaths: 0
2026-09-28 12:41:56,891 | INFO |   Phase | Rollout: 0.00s | PPO update: 0.00s
2026-09-28 12:41:56,891 | INFO |   Env | HO: 100.00% | Throughput: 20.06/user-min | Task: 97.52% | Resolved: 100.00% | Delay: 1.461s | Energy: 2854.52J | MEC fair: 0.509
2026-09-28 12:41:56,891 | INFO |   Reward | Success: 171.20 | Load: 10.39 | Delay: -36.22 | Energy: -25.30 | TaskFail: -4.35 | Interrupt: -7.46 | HOFail: 0.00
2026-09-28 12:42:16,278 | INFO | Update   87 | Steps:  44,544 | Episodes:    87 | EpReward:    49.75 | FPS:  25825 | Actor Loss: 0.0000 | Critic Loss: 0.0000 | HAN Grad: 0.0000 | HAN Δ: 0.000000 | HAN Metapaths: 0
2026-09-28 12:42:16,278 | INFO |   Phase | Rollout: 0.00s | PPO update: 0.00s
2026-09-28 12:42:16,278 | INFO |   Env | HO: 100.00% | Throughput: 20.04/user-min | Task: 96.53% | Resolved: 99.94% | Delay: 1.601s | Energy: 3192.46J | MEC fair: 0.517
2026-09-28 12:42:16,278 | INFO |   Reward | Success: 171.00 | Load: 10.25 | Delay: -37.38 | Energy: -26.35 | TaskFail: -6.15 | Interrupt: -3.35 | HOFail: 0.00
2026-09-28 12:42:35,656 | INFO | Update   88 | Steps:  45,056 | Episodes:    88 | EpReward:    50.33 | FPS:  26051 | Actor Loss: 0.0000 | Critic Loss: 0.0000 | HAN Grad: 0.0000 | HAN Δ: 0.000000 | HAN Metapaths: 0
2026-09-28 12:42:35,656 | INFO |   Phase | Rollout: 0.00s | PPO update: 0.00s
2026-09-28 12:42:35,656 | INFO |   Env | HO: 100.00% | Throughput: 19.61/user-min | Task: 95.35% | Resolved: 100.00% | Delay: 1.755s | Energy: 3701.70J | MEC fair: 0.518
2026-09-28 12:42:35,656 | INFO |   Reward | Success: 167.30 | Load: 13.57 | Delay: -40.79 | Energy: -28.64 | TaskFail: -8.15 | Interrupt: -2.47 | HOFail: 0.00
2026-09-28 12:42:54,956 | INFO | Update   89 | Steps:  45,568 | Episodes:    89 | EpReward:    50.77 | FPS:  26506 | Actor Loss: 0.0000 | Critic Loss: 0.0000 | HAN Grad: 0.0000 | HAN Δ: 0.000000 | HAN Metapaths: 0
2026-09-28 12:42:54,956 | INFO |   Phase | Rollout: 0.00s | PPO update: 0.00s
2026-09-28 12:42:54,956 | INFO |   Env | HO: 100.00% | Throughput: 19.69/user-min | Task: 92.69% | Resolved: 99.86% | Delay: 1.984s | Energy: 4155.96J | MEC fair: 0.515
2026-09-28 12:42:54,956 | INFO |   Reward | Success: 168.00 | Load: 12.46 | Delay: -42.15 | Energy: -30.00 | TaskFail: -13.25 | Interrupt: -5.54 | HOFail: 0.00
2026-09-28 12:43:14,362 | INFO | Update   90 | Steps:  46,080 | Episodes:    90 | EpReward:    51.35 | FPS:  26246 | Actor Loss: 0.0000 | Critic Loss: 0.0000 | HAN Grad: 0.0000 | HAN Δ: 0.000000 | HAN Metapaths: 0
2026-09-28 12:43:14,362 | INFO |   Phase | Rollout: 0.00s | PPO update: 0.00s
2026-09-28 12:43:14,362 | INFO |   Env | HO: 100.00% | Throughput: 20.08/user-min | Task: 96.02% | Resolved: 100.00% | Delay: 1.717s | Energy: 3756.49J | MEC fair: 0.492
2026-09-28 12:43:14,362 | INFO |   Reward | Success: 171.35 | Load: 11.72 | Delay: -41.82 | Energy: -29.60 | TaskFail: -7.10 | Interrupt: -1.61 | HOFail: 0.00
2026-09-28 12:43:33,729 | INFO | Update   91 | Steps:  46,592 | Episodes:    91 | EpReward:    51.86 | FPS:  25930 | Actor Loss: 0.0000 | Critic Loss: 0.0000 | HAN Grad: 0.0000 | HAN Δ: 0.000000 | HAN Metapaths: 0
2026-09-28 12:43:33,729 | INFO |   Phase | Rollout: 0.00s | PPO update: 0.00s
2026-09-28 12:43:33,729 | INFO |   Env | HO: 100.00% | Throughput: 19.73/user-min | Task: 94.37% | Resolved: 100.00% | Delay: 1.823s | Energy: 3783.35J | MEC fair: 0.555
2026-09-28 12:43:33,729 | INFO |   Reward | Success: 168.35 | Load: 14.11 | Delay: -41.30 | Energy: -28.88 | TaskFail: -10.05 | Interrupt: -4.13 | HOFail: 0.00
2026-09-28 12:43:53,153 | INFO | Update   92 | Steps:  47,104 | Episodes:    92 | EpReward:    52.44 | FPS:  26516 | Actor Loss: 0.0000 | Critic Loss: 0.0000 | HAN Grad: 0.0000 | HAN Δ: 0.000000 | HAN Metapaths: 0
2026-09-28 12:43:53,153 | INFO |   Phase | Rollout: 0.00s | PPO update: 0.00s
2026-09-28 12:43:53,153 | INFO |   Env | HO: 100.00% | Throughput: 19.78/user-min | Task: 96.18% | Resolved: 99.97% | Delay: 1.545s | Energy: 3045.24J | MEC fair: 0.503
2026-09-28 12:43:53,153 | INFO |   Reward | Success: 168.80 | Load: 10.04 | Delay: -36.25 | Energy: -25.62 | TaskFail: -6.70 | Interrupt: -5.07 | HOFail: 0.00
2026-09-28 12:44:12,503 | INFO | Update   93 | Steps:  47,616 | Episodes:    93 | EpReward:    52.88 | FPS:  26136 | Actor Loss: 0.0000 | Critic Loss: 0.0000 | HAN Grad: 0.0000 | HAN Δ: 0.000000 | HAN Metapaths: 0
2026-09-28 12:44:12,503 | INFO |   Phase | Rollout: 0.00s | PPO update: 0.00s
2026-09-28 12:44:12,503 | INFO |   Env | HO: 100.00% | Throughput: 19.62/user-min | Task: 93.47% | Resolved: 99.97% | Delay: 1.856s | Energy: 4048.61J | MEC fair: 0.547
2026-09-28 12:44:12,503 | INFO |   Reward | Success: 167.40 | Load: 11.63 | Delay: -41.36 | Energy: -29.71 | TaskFail: -11.70 | Interrupt: -3.56 | HOFail: 0.00
2026-09-28 12:44:31,854 | INFO | Update   94 | Steps:  48,128 | Episodes:    94 | EpReward:    53.35 | FPS:  26034 | Actor Loss: 0.0000 | Critic Loss: 0.0000 | HAN Grad: 0.0000 | HAN Δ: 0.000000 | HAN Metapaths: 0
2026-09-28 12:44:31,854 | INFO |   Phase | Rollout: 0.00s | PPO update: 0.00s
2026-09-28 12:44:31,854 | INFO |   Env | HO: 100.00% | Throughput: 19.76/user-min | Task: 94.83% | Resolved: 99.94% | Delay: 1.757s | Energy: 3840.73J | MEC fair: 0.512
2026-09-28 12:44:31,854 | INFO |   Reward | Success: 168.60 | Load: 11.00 | Delay: -40.86 | Energy: -29.17 | TaskFail: -9.20 | Interrupt: -2.90 | HOFail: 0.00
2026-09-28 12:44:51,217 | INFO | Update   95 | Steps:  48,640 | Episodes:    95 | EpReward:    53.87 | FPS:  26554 | Actor Loss: 0.0000 | Critic Loss: 0.0000 | HAN Grad: 0.0000 | HAN Δ: 0.000000 | HAN Metapaths: 0
2026-09-28 12:44:51,217 | INFO |   Phase | Rollout: 0.00s | PPO update: 0.00s
2026-09-28 12:44:51,217 | INFO |   Env | HO: 100.00% | Throughput: 20.13/user-min | Task: 95.90% | Resolved: 100.00% | Delay: 1.659s | Energy: 3388.40J | MEC fair: 0.497
2026-09-28 12:44:51,218 | INFO |   Reward | Success: 171.80 | Load: 8.84 | Delay: -37.05 | Energy: -27.26 | TaskFail: -7.35 | Interrupt: -6.48 | HOFail: 0.00
2026-09-28 12:45:10,618 | INFO | Update   96 | Steps:  49,152 | Episodes:    96 | EpReward:    54.36 | FPS:  26119 | Actor Loss: 0.0000 | Critic Loss: 0.0000 | HAN Grad: 0.0000 | HAN Δ: 0.000000 | HAN Metapaths: 0
2026-09-28 12:45:10,619 | INFO |   Phase | Rollout: 0.00s | PPO update: 0.00s
2026-09-28 12:45:10,619 | INFO |   Env | HO: 100.00% | Throughput: 20.29/user-min | Task: 94.44% | Resolved: 100.00% | Delay: 1.780s | Energy: 4007.42J | MEC fair: 0.521
2026-09-28 12:45:10,619 | INFO |   Reward | Success: 173.15 | Load: 12.43 | Delay: -41.94 | Energy: -30.40 | TaskFail: -10.20 | Interrupt: -1.77 | HOFail: 0.00
2026-09-28 12:45:29,906 | INFO | Update   97 | Steps:  49,664 | Episodes:    97 | EpReward:    54.66 | FPS:  26362 | Actor Loss: 0.0000 | Critic Loss: 0.0000 | HAN Grad: 0.0000 | HAN Δ: 0.000000 | HAN Metapaths: 0
2026-09-28 12:45:29,906 | INFO |   Phase | Rollout: 0.00s | PPO update: 0.00s
2026-09-28 12:45:29,906 | INFO |   Env | HO: 100.00% | Throughput: 19.56/user-min | Task: 90.71% | Resolved: 99.89% | Delay: 2.116s | Energy: 4397.12J | MEC fair: 0.542
2026-09-28 12:45:29,906 | INFO |   Reward | Success: 166.90 | Load: 13.34 | Delay: -41.82 | Energy: -29.83 | TaskFail: -17.10 | Interrupt: -7.82 | HOFail: 0.00
2026-09-28 12:45:42,756 | INFO | ----------------------------------------
2026-09-28 12:45:42,756 | INFO | 开始评估 HAN+PDQN...
2026-09-28 12:46:19,707 | INFO | 模型已保存: /home/pjpjq/LEO_switch/results/multiseed_0907_rerun_20260928/seed43/u20/learned_baselines/han_pdqn/best_model.pt
2026-09-28 12:46:19,708 | INFO | 评估结果: 奖励 = 102.52 ± 4.85, 长度 = 512, 延迟 = 1.716s
2026-09-28 12:46:19,708 | INFO | ----------------------------------------
2026-09-28 12:46:19,732 | INFO | 模型已保存: /home/pjpjq/LEO_switch/results/multiseed_0907_rerun_20260928/seed43/u20/learned_baselines/han_pdqn/checkpoint_50000.pt
2026-09-28 12:46:26,373 | INFO | Update   98 | Steps:  50,176 | Episodes:    98 | EpReward:    55.23 | FPS:  25990 | Actor Loss: 0.0000 | Critic Loss: 0.0000 | HAN Grad: 0.0000 | HAN Δ: 0.000000 | HAN Metapaths: 0
2026-09-28 12:46:26,373 | INFO |   Phase | Rollout: 0.00s | PPO update: 0.00s
2026-09-28 12:46:26,373 | INFO |   Env | HO: 100.00% | Throughput: 20.19/user-min | Task: 97.04% | Resolved: 100.00% | Delay: 1.536s | Energy: 2982.21J | MEC fair: 0.485
2026-09-28 12:46:26,373 | INFO |   Reward | Success: 172.25 | Load: 10.62 | Delay: -37.21 | Energy: -25.76 | TaskFail: -5.25 | Interrupt: -5.05 | HOFail: 0.00
2026-09-28 12:46:45,782 | INFO | Update   99 | Steps:  50,688 | Episodes:    99 | EpReward:    55.73 | FPS:  26109 | Actor Loss: 0.0000 | Critic Loss: 0.0000 | HAN Grad: 0.0000 | HAN Δ: 0.000000 | HAN Metapaths: 0
2026-09-28 12:46:45,782 | INFO |   Phase | Rollout: 0.00s | PPO update: 0.00s
2026-09-28 12:46:45,782 | INFO |   Env | HO: 100.00% | Throughput: 19.92/user-min | Task: 96.67% | Resolved: 100.00% | Delay: 1.528s | Energy: 3145.43J | MEC fair: 0.505
2026-09-28 12:46:45,783 | INFO |   Reward | Success: 169.95 | Load: 10.09 | Delay: -36.66 | Energy: -26.39 | TaskFail: -5.85 | Interrupt: -6.02 | HOFail: 0.00
2026-09-28 12:47:05,161 | INFO | Update  100 | Steps:  51,200 | Episodes:   100 | EpReward:    56.11 | FPS:  25714 | Actor Loss: 0.0000 | Critic Loss: 0.0000 | HAN Grad: 0.0000 | HAN Δ: 0.000000 | HAN Metapaths: 0
2026-09-28 12:47:05,161 | INFO |   Phase | Rollout: 0.00s | PPO update: 0.00s
2026-09-28 12:47:05,162 | INFO |   Env | HO: 100.00% | Throughput: 19.66/user-min | Task: 93.38% | Resolved: 99.97% | Delay: 1.807s | Energy: 3858.35J | MEC fair: 0.483
2026-09-28 12:47:05,162 | INFO |   Reward | Success: 167.75 | Load: 10.19 | Delay: -39.09 | Energy: -28.79 | TaskFail: -11.90 | Interrupt: -4.61 | HOFail: 0.00
2026-09-28 12:47:24,769 | INFO | Update  101 | Steps:  51,712 | Episodes:   101 | EpReward:    57.24 | FPS:  26052 | Actor Loss: 0.0000 | Critic Loss: 0.0000 | HAN Grad: 0.0000 | HAN Δ: 0.000000 | HAN Metapaths: 0
2026-09-28 12:47:24,769 | INFO |   Phase | Rollout: 0.00s | PPO update: 0.00s
2026-09-28 12:47:24,769 | INFO |   Env | HO: 100.00% | Throughput: 20.34/user-min | Task: 97.28% | Resolved: 100.00% | Delay: 1.532s | Energy: 3091.81J | MEC fair: 0.487
2026-09-28 12:47:24,769 | INFO |   Reward | Success: 173.55 | Load: 9.91 | Delay: -37.98 | Energy: -26.53 | TaskFail: -4.85 | Interrupt: -2.89 | HOFail: 0.00
2026-09-28 12:47:44,097 | INFO | Update  102 | Steps:  52,224 | Episodes:   102 | EpReward:    58.14 | FPS:  25699 | Actor Loss: 0.0000 | Critic Loss: 0.0000 | HAN Grad: 0.0000 | HAN Δ: 0.000000 | HAN Metapaths: 0
2026-09-28 12:47:44,097 | INFO |   Phase | Rollout: 0.00s | PPO update: 0.00s
2026-09-28 12:47:44,097 | INFO |   Env | HO: 100.00% | Throughput: 19.95/user-min | Task: 93.13% | Resolved: 100.00% | Delay: 1.903s | Energy: 4063.07J | MEC fair: 0.536
2026-09-28 12:47:44,097 | INFO |   Reward | Success: 170.20 | Load: 13.40 | Delay: -42.38 | Energy: -29.41 | TaskFail: -12.55 | Interrupt: -2.75 | HOFail: 0.00
2026-09-28 12:48:03,529 | INFO | Update  103 | Steps:  52,736 | Episodes:   103 | EpReward:    59.04 | FPS:  26331 | Actor Loss: 0.0000 | Critic Loss: 0.0000 | HAN Grad: 0.0000 | HAN Δ: 0.000000 | HAN Metapaths: 0
2026-09-28 12:48:03,529 | INFO |   Phase | Rollout: 0.00s | PPO update: 0.00s
2026-09-28 12:48:03,529 | INFO |   Env | HO: 100.00% | Throughput: 20.00/user-min | Task: 95.31% | Resolved: 100.00% | Delay: 1.628s | Energy: 3166.56J | MEC fair: 0.493
2026-09-28 12:48:03,529 | INFO |   Reward | Success: 170.65 | Load: 11.02 | Delay: -37.70 | Energy: -26.28 | TaskFail: -8.40 | Interrupt: -7.35 | HOFail: 0.00
2026-09-28 12:48:22,870 | INFO | Update  104 | Steps:  53,248 | Episodes:   104 | EpReward:    59.93 | FPS:  26213 | Actor Loss: 0.0000 | Critic Loss: 0.0000 | HAN Grad: 0.0000 | HAN Δ: 0.000000 | HAN Metapaths: 0
2026-09-28 12:48:22,870 | INFO |   Phase | Rollout: 0.00s | PPO update: 0.00s
2026-09-28 12:48:22,870 | INFO |   Env | HO: 100.00% | Throughput: 20.20/user-min | Task: 93.93% | Resolved: 99.92% | Delay: 1.821s | Energy: 4029.27J | MEC fair: 0.536
2026-09-28 12:48:22,870 | INFO |   Reward | Success: 172.40 | Load: 12.89 | Delay: -41.95 | Energy: -29.87 | TaskFail: -11.15 | Interrupt: -2.82 | HOFail: 0.00
2026-09-28 12:48:42,187 | INFO | Update  105 | Steps:  53,760 | Episodes:   105 | EpReward:    60.71 | FPS:  26368 | Actor Loss: 0.0000 | Critic Loss: 0.0000 | HAN Grad: 0.0000 | HAN Δ: 0.000000 | HAN Metapaths: 0
2026-09-28 12:48:42,187 | INFO |   Phase | Rollout: 0.00s | PPO update: 0.00s
2026-09-28 12:48:42,189 | INFO |   Env | HO: 100.00% | Throughput: 19.51/user-min | Task: 94.68% | Resolved: 99.97% | Delay: 1.776s | Energy: 3829.97J | MEC fair: 0.485
2026-09-28 12:48:42,189 | INFO |   Reward | Success: 166.45 | Load: 10.52 | Delay: -40.11 | Energy: -28.79 | TaskFail: -9.35 | Interrupt: -4.34 | HOFail: 0.00
2026-09-28 12:49:01,618 | INFO | Update  106 | Steps:  54,272 | Episodes:   106 | EpReward:    61.66 | FPS:  25591 | Actor Loss: 0.0000 | Critic Loss: 0.0000 | HAN Grad: 0.0000 | HAN Δ: 0.000000 | HAN Metapaths: 0
2026-09-28 12:49:01,618 | INFO |   Phase | Rollout: 0.00s | PPO update: 0.00s
2026-09-28 12:49:01,618 | INFO |   Env | HO: 100.00% | Throughput: 20.29/user-min | Task: 94.70% | Resolved: 99.97% | Delay: 1.759s | Energy: 3368.26J | MEC fair: 0.475
2026-09-28 12:49:01,618 | INFO |   Reward | Success: 173.15 | Load: 10.60 | Delay: -38.81 | Energy: -26.68 | TaskFail: -9.70 | Interrupt: -8.94 | HOFail: 0.00
2026-09-28 12:49:20,928 | INFO | Update  107 | Steps:  54,784 | Episodes:   107 | EpReward:    62.47 | FPS:  25383 | Actor Loss: 0.0000 | Critic Loss: 0.0000 | HAN Grad: 0.0000 | HAN Δ: 0.000000 | HAN Metapaths: 0
2026-09-28 12:49:20,928 | INFO |   Phase | Rollout: 0.00s | PPO update: 0.00s
2026-09-28 12:49:20,928 | INFO |   Env | HO: 100.00% | Throughput: 19.67/user-min | Task: 93.98% | Resolved: 100.00% | Delay: 1.935s | Energy: 3944.52J | MEC fair: 0.529
2026-09-28 12:49:20,928 | INFO |   Reward | Success: 167.85 | Load: 14.47 | Delay: -42.16 | Energy: -29.58 | TaskFail: -10.75 | Interrupt: -4.93 | HOFail: 0.00
2026-09-28 12:49:40,431 | INFO | Update  108 | Steps:  55,296 | Episodes:   108 | EpReward:    63.23 | FPS:  25779 | Actor Loss: 0.0000 | Critic Loss: 0.0000 | HAN Grad: 0.0000 | HAN Δ: 0.000000 | HAN Metapaths: 0
2026-09-28 12:49:40,431 | INFO |   Phase | Rollout: 0.00s | PPO update: 0.00s
2026-09-28 12:49:40,432 | INFO |   Env | HO: 100.00% | Throughput: 19.73/user-min | Task: 95.90% | Resolved: 99.97% | Delay: 1.623s | Energy: 3028.15J | MEC fair: 0.475
2026-09-28 12:49:40,432 | INFO |   Reward | Success: 168.35 | Load: 10.18 | Delay: -36.56 | Energy: -25.23 | TaskFail: -7.20 | Interrupt: -9.19 | HOFail: 0.00
2026-09-28 12:49:59,772 | INFO | Update  109 | Steps:  55,808 | Episodes:   109 | EpReward:    64.15 | FPS:  25919 | Actor Loss: 0.0000 | Critic Loss: 0.0000 | HAN Grad: 0.0000 | HAN Δ: 0.000000 | HAN Metapaths: 0
2026-09-28 12:49:59,772 | INFO |   Phase | Rollout: 0.00s | PPO update: 0.00s
2026-09-28 12:49:59,772 | INFO |   Env | HO: 100.00% | Throughput: 19.88/user-min | Task: 95.63% | Resolved: 99.89% | Delay: 1.764s | Energy: 3673.51J | MEC fair: 0.527
2026-09-28 12:49:59,772 | INFO |   Reward | Success: 169.65 | Load: 14.59 | Delay: -41.42 | Energy: -29.10 | TaskFail: -7.75 | Interrupt: -2.36 | HOFail: 0.00
2026-09-28 12:50:19,044 | INFO | Update  110 | Steps:  56,320 | Episodes:   110 | EpReward:    64.91 | FPS:  25935 | Actor Loss: 0.0000 | Critic Loss: 0.0000 | HAN Grad: 0.0000 | HAN Δ: 0.000000 | HAN Metapaths: 0
2026-09-28 12:50:19,045 | INFO |   Phase | Rollout: 0.00s | PPO update: 0.00s
2026-09-28 12:50:19,045 | INFO |   Env | HO: 100.00% | Throughput: 19.69/user-min | Task: 94.70% | Resolved: 99.94% | Delay: 1.808s | Energy: 3765.31J | MEC fair: 0.463
2026-09-28 12:50:19,045 | INFO |   Reward | Success: 168.05 | Load: 10.95 | Delay: -40.51 | Energy: -28.70 | TaskFail: -9.40 | Interrupt: -4.27 | HOFail: 0.00
2026-09-28 12:50:38,340 | INFO | Update  111 | Steps:  56,832 | Episodes:   111 | EpReward:    65.61 | FPS:  26119 | Actor Loss: 0.0000 | Critic Loss: 0.0000 | HAN Grad: 0.0000 | HAN Δ: 0.000000 | HAN Metapaths: 0
2026-09-28 12:50:38,340 | INFO |   Phase | Rollout: 0.00s | PPO update: 0.00s
2026-09-28 12:50:38,340 | INFO |   Env | HO: 100.00% | Throughput: 19.82/user-min | Task: 93.32% | Resolved: 99.89% | Delay: 1.852s | Energy: 3997.53J | MEC fair: 0.487
2026-09-28 12:50:38,340 | INFO |   Reward | Success: 169.15 | Load: 12.50 | Delay: -42.13 | Energy: -29.62 | TaskFail: -12.10 | Interrupt: -4.37 | HOFail: 0.00
2026-09-28 12:50:57,670 | INFO | Update  112 | Steps:  57,344 | Episodes:   112 | EpReward:    66.38 | FPS:  25832 | Actor Loss: 0.0000 | Critic Loss: 0.0000 | HAN Grad: 0.0000 | HAN Δ: 0.000000 | HAN Metapaths: 0
2026-09-28 12:50:57,670 | INFO |   Phase | Rollout: 0.00s | PPO update: 0.00s
2026-09-28 12:50:57,670 | INFO |   Env | HO: 100.00% | Throughput: 19.85/user-min | Task: 93.72% | Resolved: 99.97% | Delay: 1.883s | Energy: 3998.64J | MEC fair: 0.486
2026-09-28 12:50:57,670 | INFO |   Reward | Success: 169.40 | Load: 12.67 | Delay: -41.73 | Energy: -29.56 | TaskFail: -11.35 | Interrupt: -4.51 | HOFail: 0.00
2026-09-28 12:51:17,066 | INFO | Update  113 | Steps:  57,856 | Episodes:   113 | EpReward:    67.18 | FPS:  26299 | Actor Loss: 0.0000 | Critic Loss: 0.0000 | HAN Grad: 0.0000 | HAN Δ: 0.000000 | HAN Metapaths: 0
2026-09-28 12:51:17,066 | INFO |   Phase | Rollout: 0.00s | PPO update: 0.00s
2026-09-28 12:51:17,066 | INFO |   Env | HO: 100.00% | Throughput: 19.80/user-min | Task: 93.86% | Resolved: 100.00% | Delay: 1.849s | Energy: 3858.56J | MEC fair: 0.456
2026-09-28 12:51:17,066 | INFO |   Reward | Success: 169.00 | Load: 11.59 | Delay: -41.17 | Energy: -29.12 | TaskFail: -11.05 | Interrupt: -3.75 | HOFail: 0.00
2026-09-28 12:51:36,457 | INFO | Update  114 | Steps:  58,368 | Episodes:   114 | EpReward:    68.00 | FPS:  26012 | Actor Loss: 0.0000 | Critic Loss: 0.0000 | HAN Grad: 0.0000 | HAN Δ: 0.000000 | HAN Metapaths: 0
2026-09-28 12:51:36,457 | INFO |   Phase | Rollout: 0.00s | PPO update: 0.00s
2026-09-28 12:51:36,457 | INFO |   Env | HO: 100.00% | Throughput: 20.09/user-min | Task: 94.83% | Resolved: 99.86% | Delay: 1.770s | Energy: 3606.66J | MEC fair: 0.477
2026-09-28 12:51:36,457 | INFO |   Reward | Success: 171.45 | Load: 11.57 | Delay: -40.08 | Energy: -28.00 | TaskFail: -9.35 | Interrupt: -5.56 | HOFail: 0.00
2026-09-28 12:51:55,831 | INFO | Update  115 | Steps:  58,880 | Episodes:   115 | EpReward:    68.84 | FPS:  25688 | Actor Loss: 0.0000 | Critic Loss: 0.0000 | HAN Grad: 0.0000 | HAN Δ: 0.000000 | HAN Metapaths: 0
2026-09-28 12:51:55,831 | INFO |   Phase | Rollout: 0.00s | PPO update: 0.00s
2026-09-28 12:51:55,831 | INFO |   Env | HO: 100.00% | Throughput: 20.24/user-min | Task: 96.03% | Resolved: 99.94% | Delay: 1.740s | Energy: 3771.77J | MEC fair: 0.525
2026-09-28 12:51:55,831 | INFO |   Reward | Success: 172.75 | Load: 13.40 | Delay: -41.91 | Energy: -29.56 | TaskFail: -7.15 | Interrupt: -2.96 | HOFail: 0.00
2026-09-28 12:52:15,129 | INFO | Update  116 | Steps:  59,392 | Episodes:   116 | EpReward:    69.65 | FPS:  25715 | Actor Loss: 0.0000 | Critic Loss: 0.0000 | HAN Grad: 0.0000 | HAN Δ: 0.000000 | HAN Metapaths: 0
2026-09-28 12:52:15,129 | INFO |   Phase | Rollout: 0.00s | PPO update: 0.00s
2026-09-28 12:52:15,129 | INFO |   Env | HO: 100.00% | Throughput: 19.80/user-min | Task: 93.81% | Resolved: 99.92% | Delay: 1.802s | Energy: 3912.02J | MEC fair: 0.464
2026-09-28 12:52:15,129 | INFO |   Reward | Success: 169.00 | Load: 10.11 | Delay: -40.18 | Energy: -29.12 | TaskFail: -11.15 | Interrupt: -4.82 | HOFail: 0.00
2026-09-28 12:52:34,456 | INFO | Update  117 | Steps:  59,904 | Episodes:   117 | EpReward:    70.21 | FPS:  26184 | Actor Loss: 0.0000 | Critic Loss: 0.0000 | HAN Grad: 0.0000 | HAN Δ: 0.000000 | HAN Metapaths: 0
2026-09-28 12:52:34,456 | INFO |   Phase | Rollout: 0.00s | PPO update: 0.00s
2026-09-28 12:52:34,456 | INFO |   Env | HO: 100.00% | Throughput: 19.83/user-min | Task: 93.74% | Resolved: 100.00% | Delay: 1.890s | Energy: 4019.58J | MEC fair: 0.504
2026-09-28 12:52:34,456 | INFO |   Reward | Success: 169.20 | Load: 13.91 | Delay: -42.57 | Energy: -29.76 | TaskFail: -11.30 | Interrupt: -7.03 | HOFail: 0.00
2026-09-28 12:52:54,006 | INFO | Update  118 | Steps:  60,416 | Episodes:   118 | EpReward:    70.95 | FPS:  24986 | Actor Loss: 0.0000 | Critic Loss: 0.0000 | HAN Grad: 0.0000 | HAN Δ: 0.000000 | HAN Metapaths: 0
2026-09-28 12:52:54,006 | INFO |   Phase | Rollout: 0.00s | PPO update: 0.00s
2026-09-28 12:52:54,006 | INFO |   Env | HO: 100.00% | Throughput: 20.38/user-min | Task: 96.80% | Resolved: 100.00% | Delay: 1.567s | Energy: 3097.79J | MEC fair: 0.510
2026-09-28 12:52:54,006 | INFO |   Reward | Success: 173.95 | Load: 11.25 | Delay: -38.06 | Energy: -26.61 | TaskFail: -5.75 | Interrupt: -6.12 | HOFail: 0.00
2026-09-28 12:53:13,314 | INFO | Update  119 | Steps:  60,928 | Episodes:   119 | EpReward:    71.77 | FPS:  26272 | Actor Loss: 0.0000 | Critic Loss: 0.0000 | HAN Grad: 0.0000 | HAN Δ: 0.000000 | HAN Metapaths: 0
2026-09-28 12:53:13,314 | INFO |   Phase | Rollout: 0.00s | PPO update: 0.00s
2026-09-28 12:53:13,314 | INFO |   Env | HO: 100.00% | Throughput: 20.04/user-min | Task: 95.21% | Resolved: 100.00% | Delay: 1.735s | Energy: 3754.73J | MEC fair: 0.534
2026-09-28 12:53:13,315 | INFO |   Reward | Success: 171.05 | Load: 13.80 | Delay: -41.71 | Energy: -29.26 | TaskFail: -8.60 | Interrupt: -3.88 | HOFail: 0.00
2026-09-28 12:53:32,644 | INFO | Update  120 | Steps:  61,440 | Episodes:   120 | EpReward:    72.64 | FPS:  25819 | Actor Loss: 0.0000 | Critic Loss: 0.0000 | HAN Grad: 0.0000 | HAN Δ: 0.000000 | HAN Metapaths: 0
2026-09-28 12:53:32,644 | INFO |   Phase | Rollout: 0.00s | PPO update: 0.00s
2026-09-28 12:53:32,644 | INFO |   Env | HO: 100.00% | Throughput: 20.14/user-min | Task: 94.48% | Resolved: 99.89% | Delay: 1.810s | Energy: 3775.96J | MEC fair: 0.513
2026-09-28 12:53:32,644 | INFO |   Reward | Success: 171.90 | Load: 14.51 | Delay: -42.73 | Energy: -29.15 | TaskFail: -10.05 | Interrupt: -3.52 | HOFail: 0.00
2026-09-28 12:53:51,970 | INFO | Update  121 | Steps:  61,952 | Episodes:   121 | EpReward:    73.47 | FPS:  26248 | Actor Loss: 0.0000 | Critic Loss: 0.0000 | HAN Grad: 0.0000 | HAN Δ: 0.000000 | HAN Metapaths: 0
2026-09-28 12:53:51,970 | INFO |   Phase | Rollout: 0.00s | PPO update: 0.00s
2026-09-28 12:53:51,970 | INFO |   Env | HO: 100.00% | Throughput: 19.85/user-min | Task: 93.93% | Resolved: 99.92% | Delay: 1.825s | Energy: 3847.29J | MEC fair: 0.534
2026-09-28 12:53:51,970 | INFO |   Reward | Success: 169.35 | Load: 14.59 | Delay: -41.92 | Energy: -29.15 | TaskFail: -10.95 | Interrupt: -2.94 | HOFail: 0.00
2026-09-28 12:54:11,325 | INFO | Update  122 | Steps:  62,464 | Episodes:   122 | EpReward:    74.07 | FPS:  25478 | Actor Loss: 0.0000 | Critic Loss: 0.0000 | HAN Grad: 0.0000 | HAN Δ: 0.000000 | HAN Metapaths: 0
2026-09-28 12:54:11,325 | INFO |   Phase | Rollout: 0.00s | PPO update: 0.00s
2026-09-28 12:54:11,325 | INFO |   Env | HO: 100.00% | Throughput: 19.36/user-min | Task: 93.39% | Resolved: 99.97% | Delay: 1.898s | Energy: 3865.11J | MEC fair: 0.500
2026-09-28 12:54:11,325 | INFO |   Reward | Success: 165.20 | Load: 14.43 | Delay: -41.63 | Energy: -28.79 | TaskFail: -11.70 | Interrupt: -3.77 | HOFail: 0.00
2026-09-28 12:54:30,638 | INFO | Update  123 | Steps:  62,976 | Episodes:   123 | EpReward:    74.86 | FPS:  25295 | Actor Loss: 0.0000 | Critic Loss: 0.0000 | HAN Grad: 0.0000 | HAN Δ: 0.000000 | HAN Metapaths: 0
2026-09-28 12:54:30,638 | INFO |   Phase | Rollout: 0.00s | PPO update: 0.00s
2026-09-28 12:54:30,638 | INFO |   Env | HO: 100.00% | Throughput: 19.59/user-min | Task: 93.54% | Resolved: 99.94% | Delay: 1.871s | Energy: 3845.46J | MEC fair: 0.466
2026-09-28 12:54:30,638 | INFO |   Reward | Success: 167.15 | Load: 12.43 | Delay: -40.67 | Energy: -28.53 | TaskFail: -11.55 | Interrupt: -4.51 | HOFail: 0.00
2026-09-28 12:54:49,992 | INFO | Update  124 | Steps:  63,488 | Episodes:   124 | EpReward:    75.53 | FPS:  26158 | Actor Loss: 0.0000 | Critic Loss: 0.0000 | HAN Grad: 0.0000 | HAN Δ: 0.000000 | HAN Metapaths: 0
2026-09-28 12:54:49,992 | INFO |   Phase | Rollout: 0.00s | PPO update: 0.00s
2026-09-28 12:54:49,993 | INFO |   Env | HO: 100.00% | Throughput: 19.81/user-min | Task: 92.30% | Resolved: 99.86% | Delay: 1.968s | Energy: 3995.79J | MEC fair: 0.515
2026-09-28 12:54:49,993 | INFO |   Reward | Success: 169.05 | Load: 15.04 | Delay: -42.96 | Energy: -29.48 | TaskFail: -14.10 | Interrupt: -3.31 | HOFail: 0.00
2026-09-28 12:55:09,590 | INFO | Update  125 | Steps:  64,000 | Episodes:   125 | EpReward:    76.36 | FPS:  25884 | Actor Loss: 0.0000 | Critic Loss: 0.0000 | HAN Grad: 0.0000 | HAN Δ: 0.000000 | HAN Metapaths: 0
2026-09-28 12:55:09,590 | INFO |   Phase | Rollout: 0.00s | PPO update: 0.00s
2026-09-28 12:55:09,590 | INFO |   Env | HO: 100.00% | Throughput: 20.10/user-min | Task: 97.50% | Resolved: 100.00% | Delay: 1.448s | Energy: 2695.00J | MEC fair: 0.499
2026-09-28 12:55:09,590 | INFO |   Reward | Success: 171.50 | Load: 10.57 | Delay: -35.37 | Energy: -24.12 | TaskFail: -4.40 | Interrupt: -8.42 | HOFail: 0.00
2026-09-28 12:55:28,960 | INFO | Update  126 | Steps:  64,512 | Episodes:   126 | EpReward:    77.10 | FPS:  25676 | Actor Loss: 0.0000 | Critic Loss: 0.0000 | HAN Grad: 0.0000 | HAN Δ: 0.000000 | HAN Metapaths: 0
2026-09-28 12:55:28,960 | INFO |   Phase | Rollout: 0.00s | PPO update: 0.00s
2026-09-28 12:55:28,960 | INFO |   Env | HO: 100.00% | Throughput: 19.86/user-min | Task: 93.16% | Resolved: 99.95% | Delay: 1.864s | Energy: 3890.30J | MEC fair: 0.470
2026-09-28 12:55:28,960 | INFO |   Reward | Success: 169.45 | Load: 11.99 | Delay: -40.96 | Energy: -28.98 | TaskFail: -12.45 | Interrupt: -3.03 | HOFail: 0.00
2026-09-28 12:55:48,280 | INFO | Update  127 | Steps:  65,024 | Episodes:   127 | EpReward:    77.88 | FPS:  26414 | Actor Loss: 0.0000 | Critic Loss: 0.0000 | HAN Grad: 0.0000 | HAN Δ: 0.000000 | HAN Metapaths: 0
2026-09-28 12:55:48,280 | INFO |   Phase | Rollout: 0.00s | PPO update: 0.00s
2026-09-28 12:55:48,280 | INFO |   Env | HO: 100.00% | Throughput: 19.96/user-min | Task: 95.59% | Resolved: 100.00% | Delay: 1.710s | Energy: 3622.99J | MEC fair: 0.502
2026-09-28 12:55:48,280 | INFO |   Reward | Success: 170.30 | Load: 12.41 | Delay: -40.77 | Energy: -28.73 | TaskFail: -7.85 | Interrupt: -3.90 | HOFail: 0.00
2026-09-28 12:56:07,570 | INFO | Update  128 | Steps:  65,536 | Episodes:   128 | EpReward:    78.60 | FPS:  26158 | Actor Loss: 0.0000 | Critic Loss: 0.0000 | HAN Grad: 0.0000 | HAN Δ: 0.000000 | HAN Metapaths: 0
2026-09-28 12:56:07,571 | INFO |   Phase | Rollout: 0.00s | PPO update: 0.00s
2026-09-28 12:56:07,571 | INFO |   Env | HO: 100.00% | Throughput: 19.84/user-min | Task: 92.92% | Resolved: 100.00% | Delay: 2.003s | Energy: 4007.75J | MEC fair: 0.534
2026-09-28 12:56:07,571 | INFO |   Reward | Success: 169.30 | Load: 13.96 | Delay: -41.35 | Energy: -29.18 | TaskFail: -12.90 | Interrupt: -9.21 | HOFail: 0.00
2026-09-28 12:56:26,951 | INFO | Update  129 | Steps:  66,048 | Episodes:   129 | EpReward:    79.37 | FPS:  26212 | Actor Loss: 0.0000 | Critic Loss: 0.0000 | HAN Grad: 0.0000 | HAN Δ: 0.000000 | HAN Metapaths: 0
2026-09-28 12:56:26,951 | INFO |   Phase | Rollout: 0.00s | PPO update: 0.00s
2026-09-28 12:56:26,951 | INFO |   Env | HO: 100.00% | Throughput: 20.09/user-min | Task: 95.04% | Resolved: 99.97% | Delay: 1.757s | Energy: 3743.16J | MEC fair: 0.557
2026-09-28 12:56:26,951 | INFO |   Reward | Success: 171.45 | Load: 14.61 | Delay: -41.52 | Energy: -29.16 | TaskFail: -8.95 | Interrupt: -2.86 | HOFail: 0.00
2026-09-28 12:56:46,430 | INFO | Update  130 | Steps:  66,560 | Episodes:   130 | EpReward:    80.09 | FPS:  25986 | Actor Loss: 0.0000 | Critic Loss: 0.0000 | HAN Grad: 0.0000 | HAN Δ: 0.000000 | HAN Metapaths: 0
2026-09-28 12:56:46,430 | INFO |   Phase | Rollout: 0.00s | PPO update: 0.00s
2026-09-28 12:56:46,430 | INFO |   Env | HO: 100.00% | Throughput: 19.97/user-min | Task: 96.49% | Resolved: 100.00% | Delay: 1.561s | Energy: 3082.50J | MEC fair: 0.507
2026-09-28 12:56:46,430 | INFO |   Reward | Success: 170.40 | Load: 11.14 | Delay: -37.11 | Energy: -26.06 | TaskFail: -6.20 | Interrupt: -3.28 | HOFail: 0.00
2026-09-28 12:57:05,859 | INFO | Update  131 | Steps:  67,072 | Episodes:   131 | EpReward:    80.84 | FPS:  25888 | Actor Loss: 0.0000 | Critic Loss: 0.0000 | HAN Grad: 0.0000 | HAN Δ: 0.000000 | HAN Metapaths: 0
2026-09-28 12:57:05,860 | INFO |   Phase | Rollout: 0.00s | PPO update: 0.00s
2026-09-28 12:57:05,860 | INFO |   Env | HO: 100.00% | Throughput: 20.39/user-min | Task: 95.76% | Resolved: 99.94% | Delay: 1.731s | Energy: 3501.98J | MEC fair: 0.454
2026-09-28 12:57:05,860 | INFO |   Reward | Success: 174.00 | Load: 12.30 | Delay: -41.50 | Energy: -28.31 | TaskFail: -7.70 | Interrupt: -4.22 | HOFail: 0.00
2026-09-28 12:57:25,396 | INFO | Update  132 | Steps:  67,584 | Episodes:   132 | EpReward:    81.55 | FPS:  25633 | Actor Loss: 0.0000 | Critic Loss: 0.0000 | HAN Grad: 0.0000 | HAN Δ: 0.000000 | HAN Metapaths: 0
2026-09-28 12:57:25,396 | INFO |   Phase | Rollout: 0.00s | PPO update: 0.00s
2026-09-28 12:57:25,396 | INFO |   Env | HO: 100.00% | Throughput: 20.38/user-min | Task: 97.56% | Resolved: 99.97% | Delay: 1.504s | Energy: 2922.81J | MEC fair: 0.506
2026-09-28 12:57:25,396 | INFO |   Reward | Success: 173.95 | Load: 10.59 | Delay: -37.07 | Energy: -25.77 | TaskFail: -4.35 | Interrupt: -7.31 | HOFail: 0.00
2026-09-28 12:57:44,886 | INFO | Update  133 | Steps:  68,096 | Episodes:   133 | EpReward:    82.36 | FPS:  25999 | Actor Loss: 0.0000 | Critic Loss: 0.0000 | HAN Grad: 0.0000 | HAN Δ: 0.000000 | HAN Metapaths: 0
2026-09-28 12:57:44,886 | INFO |   Phase | Rollout: 0.00s | PPO update: 0.00s
2026-09-28 12:57:44,886 | INFO |   Env | HO: 100.00% | Throughput: 20.41/user-min | Task: 96.97% | Resolved: 100.00% | Delay: 1.555s | Energy: 2915.91J | MEC fair: 0.503
2026-09-28 12:57:44,886 | INFO |   Reward | Success: 174.20 | Load: 10.97 | Delay: -37.78 | Energy: -25.76 | TaskFail: -5.45 | Interrupt: -6.95 | HOFail: 0.00
2026-09-28 12:58:04,142 | INFO | Update  134 | Steps:  68,608 | Episodes:   134 | EpReward:    82.91 | FPS:  26015 | Actor Loss: 0.0000 | Critic Loss: 0.0000 | HAN Grad: 0.0000 | HAN Δ: 0.000000 | HAN Metapaths: 0
2026-09-28 12:58:04,142 | INFO |   Phase | Rollout: 0.00s | PPO update: 0.00s
2026-09-28 12:58:04,142 | INFO |   Env | HO: 100.00% | Throughput: 19.67/user-min | Task: 94.03% | Resolved: 99.89% | Delay: 1.833s | Energy: 3800.45J | MEC fair: 0.524
2026-09-28 12:58:04,142 | INFO |   Reward | Success: 167.85 | Load: 13.49 | Delay: -41.11 | Energy: -28.63 | TaskFail: -10.65 | Interrupt: -6.15 | HOFail: 0.00
2026-09-28 12:58:23,481 | INFO | Update  135 | Steps:  69,120 | Episodes:   135 | EpReward:    83.41 | FPS:  26072 | Actor Loss: 0.0000 | Critic Loss: 0.0000 | HAN Grad: 0.0000 | HAN Δ: 0.000000 | HAN Metapaths: 0
2026-09-28 12:58:23,482 | INFO |   Phase | Rollout: 0.00s | PPO update: 0.00s
2026-09-28 12:58:23,482 | INFO |   Env | HO: 100.00% | Throughput: 20.43/user-min | Task: 94.99% | Resolved: 99.97% | Delay: 1.729s | Energy: 3719.46J | MEC fair: 0.455
2026-09-28 12:58:23,482 | INFO |   Reward | Success: 174.30 | Load: 11.47 | Delay: -41.76 | Energy: -29.35 | TaskFail: -9.20 | Interrupt: -2.35 | HOFail: 0.00
2026-09-28 12:58:42,950 | INFO | Update  136 | Steps:  69,632 | Episodes:   136 | EpReward:    84.19 | FPS:  25332 | Actor Loss: 0.0000 | Critic Loss: 0.0000 | HAN Grad: 0.0000 | HAN Δ: 0.000000 | HAN Metapaths: 0
2026-09-28 12:58:42,951 | INFO |   Phase | Rollout: 0.00s | PPO update: 0.00s
2026-09-28 12:58:42,951 | INFO |   Env | HO: 100.00% | Throughput: 20.37/user-min | Task: 97.29% | Resolved: 99.97% | Delay: 1.600s | Energy: 3228.58J | MEC fair: 0.493
2026-09-28 12:58:42,951 | INFO |   Reward | Success: 173.85 | Load: 11.94 | Delay: -40.05 | Energy: -27.33 | TaskFail: -4.85 | Interrupt: -4.25 | HOFail: 0.00
2026-09-28 12:59:02,430 | INFO | Update  137 | Steps:  70,144 | Episodes:   137 | EpReward:    84.89 | FPS:  26055 | Actor Loss: 0.0000 | Critic Loss: 0.0000 | HAN Grad: 0.0000 | HAN Δ: 0.000000 | HAN Metapaths: 0
2026-09-28 12:59:02,430 | INFO |   Phase | Rollout: 0.00s | PPO update: 0.00s
2026-09-28 12:59:02,430 | INFO |   Env | HO: 100.00% | Throughput: 19.59/user-min | Task: 94.81% | Resolved: 99.89% | Delay: 1.818s | Energy: 3732.90J | MEC fair: 0.574
2026-09-28 12:59:02,430 | INFO |   Reward | Success: 167.20 | Load: 15.55 | Delay: -41.68 | Energy: -28.69 | TaskFail: -9.15 | Interrupt: -3.20 | HOFail: 0.00
2026-09-28 12:59:21,862 | INFO | Update  138 | Steps:  70,656 | Episodes:   138 | EpReward:    85.66 | FPS:  25737 | Actor Loss: 0.0000 | Critic Loss: 0.0000 | HAN Grad: 0.0000 | HAN Δ: 0.000000 | HAN Metapaths: 0
2026-09-28 12:59:21,862 | INFO |   Phase | Rollout: 0.00s | PPO update: 0.00s
2026-09-28 12:59:21,862 | INFO |   Env | HO: 100.00% | Throughput: 20.33/user-min | Task: 95.75% | Resolved: 99.86% | Delay: 1.725s | Energy: 3723.67J | MEC fair: 0.544
2026-09-28 12:59:21,862 | INFO |   Reward | Success: 173.45 | Load: 15.08 | Delay: -41.98 | Energy: -29.42 | TaskFail: -7.70 | Interrupt: -2.58 | HOFail: 0.00
2026-09-28 12:59:41,145 | INFO | Update  139 | Steps:  71,168 | Episodes:   139 | EpReward:    86.20 | FPS:  25801 | Actor Loss: 0.0000 | Critic Loss: 0.0000 | HAN Grad: 0.0000 | HAN Δ: 0.000000 | HAN Metapaths: 0
2026-09-28 12:59:41,145 | INFO |   Phase | Rollout: 0.00s | PPO update: 0.00s
2026-09-28 12:59:41,145 | INFO |   Env | HO: 100.00% | Throughput: 19.79/user-min | Task: 94.94% | Resolved: 100.00% | Delay: 1.747s | Energy: 3586.66J | MEC fair: 0.535
2026-09-28 12:59:41,145 | INFO |   Reward | Success: 168.90 | Load: 14.50 | Delay: -40.76 | Energy: -28.33 | TaskFail: -9.00 | Interrupt: -3.74 | HOFail: 0.00
2026-09-28 13:00:00,406 | INFO | Update  140 | Steps:  71,680 | Episodes:   140 | EpReward:    86.86 | FPS:  25756 | Actor Loss: 0.0000 | Critic Loss: 0.0000 | HAN Grad: 0.0000 | HAN Δ: 0.000000 | HAN Metapaths: 0
2026-09-28 13:00:00,406 | INFO |   Phase | Rollout: 0.00s | PPO update: 0.00s
2026-09-28 13:00:00,406 | INFO |   Env | HO: 100.00% | Throughput: 19.53/user-min | Task: 93.99% | Resolved: 99.86% | Delay: 1.859s | Energy: 3812.43J | MEC fair: 0.492
2026-09-28 13:00:00,406 | INFO |   Reward | Success: 166.65 | Load: 13.62 | Delay: -40.89 | Energy: -28.80 | TaskFail: -10.65 | Interrupt: -4.11 | HOFail: 0.00
2026-09-28 13:00:19,854 | INFO | Update  141 | Steps:  72,192 | Episodes:   141 | EpReward:    87.51 | FPS:  26230 | Actor Loss: 0.0000 | Critic Loss: 0.0000 | HAN Grad: 0.0000 | HAN Δ: 0.000000 | HAN Metapaths: 0
2026-09-28 13:00:19,854 | INFO |   Phase | Rollout: 0.00s | PPO update: 0.00s
2026-09-28 13:00:19,854 | INFO |   Env | HO: 100.00% | Throughput: 20.70/user-min | Task: 96.82% | Resolved: 100.00% | Delay: 1.604s | Energy: 3183.40J | MEC fair: 0.497
2026-09-28 13:00:19,855 | INFO |   Reward | Success: 176.65 | Load: 12.56 | Delay: -39.90 | Energy: -27.40 | TaskFail: -5.80 | Interrupt: -5.93 | HOFail: 0.00
2026-09-28 13:00:39,247 | INFO | Update  142 | Steps:  72,704 | Episodes:   142 | EpReward:    87.95 | FPS:  26459 | Actor Loss: 0.0000 | Critic Loss: 0.0000 | HAN Grad: 0.0000 | HAN Δ: 0.000000 | HAN Metapaths: 0
2026-09-28 13:00:39,247 | INFO |   Phase | Rollout: 0.00s | PPO update: 0.00s
2026-09-28 13:00:39,247 | INFO |   Env | HO: 100.00% | Throughput: 19.57/user-min | Task: 93.51% | Resolved: 99.89% | Delay: 1.840s | Energy: 3823.60J | MEC fair: 0.499
2026-09-28 13:00:39,247 | INFO |   Reward | Success: 167.00 | Load: 14.21 | Delay: -41.01 | Energy: -28.69 | TaskFail: -11.60 | Interrupt: -2.07 | HOFail: 0.00
2026-09-28 13:00:58,573 | INFO | Update  143 | Steps:  73,216 | Episodes:   143 | EpReward:    88.39 | FPS:  26182 | Actor Loss: 0.0000 | Critic Loss: 0.0000 | HAN Grad: 0.0000 | HAN Δ: 0.000000 | HAN Metapaths: 0
2026-09-28 13:00:58,573 | INFO |   Phase | Rollout: 0.00s | PPO update: 0.00s
2026-09-28 13:00:58,573 | INFO |   Env | HO: 100.00% | Throughput: 19.96/user-min | Task: 94.40% | Resolved: 99.97% | Delay: 1.776s | Energy: 3702.02J | MEC fair: 0.456
2026-09-28 13:00:58,573 | INFO |   Reward | Success: 170.30 | Load: 10.99 | Delay: -40.54 | Energy: -28.38 | TaskFail: -10.10 | Interrupt: -4.16 | HOFail: 0.00
2026-09-28 13:01:17,897 | INFO | Update  144 | Steps:  73,728 | Episodes:   144 | EpReward:    88.97 | FPS:  25777 | Actor Loss: 0.0000 | Critic Loss: 0.0000 | HAN Grad: 0.0000 | HAN Δ: 0.000000 | HAN Metapaths: 0
2026-09-28 13:01:17,897 | INFO |   Phase | Rollout: 0.00s | PPO update: 0.00s
2026-09-28 13:01:17,897 | INFO |   Env | HO: 100.00% | Throughput: 20.01/user-min | Task: 94.42% | Resolved: 100.00% | Delay: 1.810s | Energy: 3817.67J | MEC fair: 0.509
2026-09-28 13:01:17,897 | INFO |   Reward | Success: 170.75 | Load: 13.92 | Delay: -41.84 | Energy: -29.21 | TaskFail: -10.10 | Interrupt: -5.26 | HOFail: 0.00
2026-09-28 13:01:37,256 | INFO | Update  145 | Steps:  74,240 | Episodes:   145 | EpReward:    89.59 | FPS:  26013 | Actor Loss: 0.0000 | Critic Loss: 0.0000 | HAN Grad: 0.0000 | HAN Δ: 0.000000 | HAN Metapaths: 0
2026-09-28 13:01:37,257 | INFO |   Phase | Rollout: 0.00s | PPO update: 0.00s
2026-09-28 13:01:37,257 | INFO |   Env | HO: 100.00% | Throughput: 19.73/user-min | Task: 95.63% | Resolved: 99.89% | Delay: 1.758s | Energy: 3734.63J | MEC fair: 0.513
2026-09-28 13:01:37,257 | INFO |   Reward | Success: 168.35 | Load: 13.80 | Delay: -41.13 | Energy: -28.61 | TaskFail: -7.70 | Interrupt: -4.67 | HOFail: 0.00
2026-09-28 13:01:56,713 | INFO | Update  146 | Steps:  74,752 | Episodes:   146 | EpReward:    90.23 | FPS:  26162 | Actor Loss: 0.0000 | Critic Loss: 0.0000 | HAN Grad: 0.0000 | HAN Δ: 0.000000 | HAN Metapaths: 0
2026-09-28 13:01:56,713 | INFO |   Phase | Rollout: 0.00s | PPO update: 0.00s
2026-09-28 13:01:56,713 | INFO |   Env | HO: 100.00% | Throughput: 20.41/user-min | Task: 96.70% | Resolved: 99.94% | Delay: 1.552s | Energy: 2977.22J | MEC fair: 0.493
2026-09-28 13:01:56,713 | INFO |   Reward | Success: 174.20 | Load: 11.37 | Delay: -37.88 | Energy: -26.10 | TaskFail: -5.95 | Interrupt: -5.25 | HOFail: 0.00
2026-09-28 13:02:06,027 | INFO | ----------------------------------------
2026-09-28 13:02:06,027 | INFO | 开始评估 HAN+PDQN...
2026-09-28 13:02:43,021 | INFO | 模型已保存: /home/pjpjq/LEO_switch/results/multiseed_0907_rerun_20260928/seed43/u20/learned_baselines/han_pdqn/best_model.pt
2026-09-28 13:02:43,022 | INFO | 评估结果: 奖励 = 107.63 ± 4.85, 长度 = 512, 延迟 = 1.659s
2026-09-28 13:02:43,022 | INFO | ----------------------------------------
2026-09-28 13:02:53,126 | INFO | Update  147 | Steps:  75,264 | Episodes:   147 | EpReward:    90.78 | FPS:  25978 | Actor Loss: 0.0000 | Critic Loss: 0.0000 | HAN Grad: 0.0000 | HAN Δ: 0.000000 | HAN Metapaths: 0
2026-09-28 13:02:53,126 | INFO |   Phase | Rollout: 0.00s | PPO update: 0.00s
2026-09-28 13:02:53,126 | INFO |   Env | HO: 100.00% | Throughput: 19.69/user-min | Task: 95.73% | Resolved: 99.91% | Delay: 1.635s | Energy: 3129.24J | MEC fair: 0.484
2026-09-28 13:02:53,126 | INFO |   Reward | Success: 168.00 | Load: 11.56 | Delay: -37.25 | Energy: -26.07 | TaskFail: -7.50 | Interrupt: -8.44 | HOFail: 0.00
2026-09-28 13:03:12,597 | INFO | Update  148 | Steps:  75,776 | Episodes:   148 | EpReward:    91.45 | FPS:  25592 | Actor Loss: 0.0000 | Critic Loss: 0.0000 | HAN Grad: 0.0000 | HAN Δ: 0.000000 | HAN Metapaths: 0
2026-09-28 13:03:12,597 | INFO |   Phase | Rollout: 0.00s | PPO update: 0.00s
2026-09-28 13:03:12,597 | INFO |   Env | HO: 100.00% | Throughput: 20.39/user-min | Task: 97.29% | Resolved: 100.00% | Delay: 1.570s | Energy: 3056.92J | MEC fair: 0.485
2026-09-28 13:03:12,597 | INFO |   Reward | Success: 174.00 | Load: 11.47 | Delay: -38.31 | Energy: -26.67 | TaskFail: -4.85 | Interrupt: -5.00 | HOFail: 0.00
2026-09-28 13:03:32,122 | INFO | Update  149 | Steps:  76,288 | Episodes:   149 | EpReward:    92.09 | FPS:  25209 | Actor Loss: 0.0000 | Critic Loss: 0.0000 | HAN Grad: 0.0000 | HAN Δ: 0.000000 | HAN Metapaths: 0
2026-09-28 13:03:32,122 | INFO |   Phase | Rollout: 0.00s | PPO update: 0.00s
2026-09-28 13:03:32,122 | INFO |   Env | HO: 100.00% | Throughput: 20.46/user-min | Task: 95.78% | Resolved: 100.00% | Delay: 1.689s | Energy: 3438.89J | MEC fair: 0.497
2026-09-28 13:03:32,122 | INFO |   Reward | Success: 174.60 | Load: 12.72 | Delay: -41.39 | Energy: -27.61 | TaskFail: -7.70 | Interrupt: -3.74 | HOFail: 0.00
2026-09-28 13:03:51,678 | INFO | Update  150 | Steps:  76,800 | Episodes:   150 | EpReward:    92.72 | FPS:  25396 | Actor Loss: 0.0000 | Critic Loss: 0.0000 | HAN Grad: 0.0000 | HAN Δ: 0.000000 | HAN Metapaths: 0
2026-09-28 13:03:51,678 | INFO |   Phase | Rollout: 0.00s | PPO update: 0.00s
2026-09-28 13:03:51,678 | INFO |   Env | HO: 100.00% | Throughput: 20.19/user-min | Task: 96.47% | Resolved: 99.89% | Delay: 1.625s | Energy: 3309.36J | MEC fair: 0.493
2026-09-28 13:03:51,678 | INFO |   Reward | Success: 172.30 | Load: 10.90 | Delay: -38.90 | Energy: -27.30 | TaskFail: -6.30 | Interrupt: -2.49 | HOFail: 0.00
2026-09-28 13:04:11,002 | INFO | Update  151 | Steps:  77,312 | Episodes:   151 | EpReward:    93.15 | FPS:  26141 | Actor Loss: 0.0000 | Critic Loss: 0.0000 | HAN Grad: 0.0000 | HAN Δ: 0.000000 | HAN Metapaths: 0
2026-09-28 13:04:11,002 | INFO |   Phase | Rollout: 0.00s | PPO update: 0.00s
2026-09-28 13:04:11,002 | INFO |   Env | HO: 100.00% | Throughput: 20.13/user-min | Task: 94.50% | Resolved: 99.97% | Delay: 1.860s | Energy: 3781.36J | MEC fair: 0.459
2026-09-28 13:04:11,003 | INFO |   Reward | Success: 171.80 | Load: 11.71 | Delay: -41.52 | Energy: -29.18 | TaskFail: -10.00 | Interrupt: -6.78 | HOFail: 0.00
2026-09-28 13:04:30,438 | INFO | Update  152 | Steps:  77,824 | Episodes:   152 | EpReward:    93.69 | FPS:  25800 | Actor Loss: 0.0000 | Critic Loss: 0.0000 | HAN Grad: 0.0000 | HAN Δ: 0.000000 | HAN Metapaths: 0
2026-09-28 13:04:30,438 | INFO |   Phase | Rollout: 0.00s | PPO update: 0.00s
2026-09-28 13:04:30,438 | INFO |   Env | HO: 100.00% | Throughput: 20.40/user-min | Task: 94.59% | Resolved: 100.00% | Delay: 1.831s | Energy: 3995.29J | MEC fair: 0.548
2026-09-28 13:04:30,438 | INFO |   Reward | Success: 174.10 | Load: 15.58 | Delay: -43.79 | Energy: -30.28 | TaskFail: -9.95 | Interrupt: -2.10 | HOFail: 0.00
2026-09-28 13:04:49,829 | INFO | Update  153 | Steps:  78,336 | Episodes:   153 | EpReward:    94.20 | FPS:  26269 | Actor Loss: 0.0000 | Critic Loss: 0.0000 | HAN Grad: 0.0000 | HAN Δ: 0.000000 | HAN Metapaths: 0
2026-09-28 13:04:49,830 | INFO |   Phase | Rollout: 0.00s | PPO update: 0.00s
2026-09-28 13:04:49,830 | INFO |   Env | HO: 100.00% | Throughput: 20.19/user-min | Task: 95.51% | Resolved: 100.00% | Delay: 1.724s | Energy: 3557.84J | MEC fair: 0.486
2026-09-28 13:04:49,830 | INFO |   Reward | Success: 172.25 | Load: 11.33 | Delay: -39.73 | Energy: -28.11 | TaskFail: -8.10 | Interrupt: -5.43 | HOFail: 0.00
2026-09-28 13:05:09,357 | INFO | Update  154 | Steps:  78,848 | Episodes:   154 | EpReward:    94.79 | FPS:  25575 | Actor Loss: 0.0000 | Critic Loss: 0.0000 | HAN Grad: 0.0000 | HAN Δ: 0.000000 | HAN Metapaths: 0
2026-09-28 13:05:09,357 | INFO |   Phase | Rollout: 0.00s | PPO update: 0.00s
2026-09-28 13:05:09,357 | INFO |   Env | HO: 100.00% | Throughput: 20.95/user-min | Task: 97.68% | Resolved: 99.92% | Delay: 1.494s | Energy: 3133.85J | MEC fair: 0.493
2026-09-28 13:05:09,357 | INFO |   Reward | Success: 178.75 | Load: 9.72 | Delay: -38.36 | Energy: -27.45 | TaskFail: -4.25 | Interrupt: -8.30 | HOFail: 0.00
2026-09-28 13:05:28,946 | INFO | Update  155 | Steps:  79,360 | Episodes:   155 | EpReward:    95.33 | FPS:  26006 | Actor Loss: 0.0000 | Critic Loss: 0.0000 | HAN Grad: 0.0000 | HAN Δ: 0.000000 | HAN Metapaths: 0
2026-09-28 13:05:28,946 | INFO |   Phase | Rollout: 0.00s | PPO update: 0.00s
2026-09-28 13:05:28,946 | INFO |   Env | HO: 100.00% | Throughput: 20.34/user-min | Task: 97.04% | Resolved: 99.97% | Delay: 1.533s | Energy: 2971.13J | MEC fair: 0.518
2026-09-28 13:05:28,946 | INFO |   Reward | Success: 173.55 | Load: 12.09 | Delay: -37.55 | Energy: -26.14 | TaskFail: -5.30 | Interrupt: -4.69 | HOFail: 0.00
2026-09-28 13:05:48,605 | INFO | Update  156 | Steps:  79,872 | Episodes:   156 | EpReward:    95.61 | FPS:  25253 | Actor Loss: 0.0000 | Critic Loss: 0.0000 | HAN Grad: 0.0000 | HAN Δ: 0.000000 | HAN Metapaths: 0
2026-09-28 13:05:48,605 | INFO |   Phase | Rollout: 0.00s | PPO update: 0.00s
2026-09-28 13:05:48,605 | INFO |   Env | HO: 100.00% | Throughput: 20.19/user-min | Task: 96.74% | Resolved: 99.94% | Delay: 1.525s | Energy: 2980.46J | MEC fair: 0.491
2026-09-28 13:05:48,605 | INFO |   Reward | Success: 172.25 | Load: 11.35 | Delay: -37.39 | Energy: -26.13 | TaskFail: -5.80 | Interrupt: -9.65 | HOFail: 0.00
2026-09-28 13:06:08,048 | INFO | Update  157 | Steps:  80,384 | Episodes:   157 | EpReward:    95.93 | FPS:  10978 | Actor Loss: 0.0000 | Critic Loss: 0.0000 | HAN Grad: 0.0000 | HAN Δ: 0.000000 | HAN Metapaths: 0
2026-09-28 13:06:08,048 | INFO |   Phase | Rollout: 0.00s | PPO update: 0.00s
2026-09-28 13:06:08,048 | INFO |   Env | HO: 100.00% | Throughput: 19.96/user-min | Task: 94.40% | Resolved: 99.94% | Delay: 1.858s | Energy: 3739.14J | MEC fair: 0.539
2026-09-28 13:06:08,048 | INFO |   Reward | Success: 170.35 | Load: 15.62 | Delay: -42.24 | Energy: -28.74 | TaskFail: -10.10 | Interrupt: -3.82 | HOFail: 0.00
2026-09-28 13:06:27,402 | INFO | Update  158 | Steps:  80,896 | Episodes:   158 | EpReward:    96.57 | FPS:  26403 | Actor Loss: 0.0000 | Critic Loss: 0.0000 | HAN Grad: 0.0000 | HAN Δ: 0.000000 | HAN Metapaths: 0
2026-09-28 13:06:27,402 | INFO |   Phase | Rollout: 0.00s | PPO update: 0.00s
2026-09-28 13:06:27,402 | INFO |   Env | HO: 100.00% | Throughput: 19.65/user-min | Task: 95.47% | Resolved: 99.94% | Delay: 1.675s | Energy: 3386.04J | MEC fair: 0.553
2026-09-28 13:06:27,402 | INFO |   Reward | Success: 167.70 | Load: 15.01 | Delay: -39.25 | Energy: -27.11 | TaskFail: -7.95 | Interrupt: -3.90 | HOFail: 0.00
2026-09-28 13:06:46,755 | INFO | Update  159 | Steps:  81,408 | Episodes:   159 | EpReward:    97.02 | FPS:  25580 | Actor Loss: 0.0000 | Critic Loss: 0.0000 | HAN Grad: 0.0000 | HAN Δ: 0.000000 | HAN Metapaths: 0
2026-09-28 13:06:46,755 | INFO |   Phase | Rollout: 0.00s | PPO update: 0.00s
2026-09-28 13:06:46,755 | INFO |   Env | HO: 100.00% | Throughput: 19.79/user-min | Task: 95.07% | Resolved: 99.94% | Delay: 1.796s | Energy: 3598.70J | MEC fair: 0.535
2026-09-28 13:06:46,755 | INFO |   Reward | Success: 168.85 | Load: 15.50 | Delay: -41.43 | Energy: -28.41 | TaskFail: -8.75 | Interrupt: -3.55 | HOFail: 0.00
2026-09-28 13:07:06,189 | INFO | Update  160 | Steps:  81,920 | Episodes:   160 | EpReward:    97.41 | FPS:  25979 | Actor Loss: 0.0000 | Critic Loss: 0.0000 | HAN Grad: 0.0000 | HAN Δ: 0.000000 | HAN Metapaths: 0
2026-09-28 13:07:06,189 | INFO |   Phase | Rollout: 0.00s | PPO update: 0.00s
2026-09-28 13:07:06,189 | INFO |   Env | HO: 100.00% | Throughput: 20.20/user-min | Task: 95.14% | Resolved: 99.97% | Delay: 1.771s | Energy: 3659.29J | MEC fair: 0.567
2026-09-28 13:07:06,190 | INFO |   Reward | Success: 172.35 | Load: 15.47 | Delay: -41.98 | Energy: -28.96 | TaskFail: -8.80 | Interrupt: -2.41 | HOFail: 0.00
2026-09-28 13:07:25,536 | INFO | Update  161 | Steps:  82,432 | Episodes:   161 | EpReward:    97.66 | FPS:  25825 | Actor Loss: 0.0000 | Critic Loss: 0.0000 | HAN Grad: 0.0000 | HAN Δ: 0.000000 | HAN Metapaths: 0
2026-09-28 13:07:25,536 | INFO |   Phase | Rollout: 0.00s | PPO update: 0.00s
2026-09-28 13:07:25,536 | INFO |   Env | HO: 100.00% | Throughput: 19.60/user-min | Task: 94.09% | Resolved: 99.94% | Delay: 1.810s | Energy: 3638.31J | MEC fair: 0.513
2026-09-28 13:07:25,536 | INFO |   Reward | Success: 167.25 | Load: 12.06 | Delay: -39.35 | Energy: -27.57 | TaskFail: -10.50 | Interrupt: -2.78 | HOFail: 0.00
2026-09-28 13:07:44,994 | INFO | Update  162 | Steps:  82,944 | Episodes:   162 | EpReward:    97.96 | FPS:  25812 | Actor Loss: 0.0000 | Critic Loss: 0.0000 | HAN Grad: 0.0000 | HAN Δ: 0.000000 | HAN Metapaths: 0
2026-09-28 13:07:44,994 | INFO |   Phase | Rollout: 0.00s | PPO update: 0.00s
2026-09-28 13:07:44,994 | INFO |   Env | HO: 100.00% | Throughput: 20.31/user-min | Task: 96.20% | Resolved: 100.00% | Delay: 1.632s | Energy: 3059.66J | MEC fair: 0.493
2026-09-28 13:07:44,994 | INFO |   Reward | Success: 173.30 | Load: 11.29 | Delay: -38.13 | Energy: -25.89 | TaskFail: -6.85 | Interrupt: -9.81 | HOFail: 0.00
2026-09-28 13:08:04,344 | INFO | Update  163 | Steps:  83,456 | Episodes:   163 | EpReward:    98.26 | FPS:  26053 | Actor Loss: 0.0000 | Critic Loss: 0.0000 | HAN Grad: 0.0000 | HAN Δ: 0.000000 | HAN Metapaths: 0
2026-09-28 13:08:04,345 | INFO |   Phase | Rollout: 0.00s | PPO update: 0.00s
2026-09-28 13:08:04,345 | INFO |   Env | HO: 100.00% | Throughput: 19.74/user-min | Task: 94.42% | Resolved: 99.94% | Delay: 1.813s | Energy: 3727.26J | MEC fair: 0.519
2026-09-28 13:08:04,345 | INFO |   Reward | Success: 168.45 | Load: 15.02 | Delay: -41.79 | Energy: -28.82 | TaskFail: -9.95 | Interrupt: -3.24 | HOFail: 0.00
2026-09-28 13:08:23,808 | INFO | Update  164 | Steps:  83,968 | Episodes:   164 | EpReward:    98.63 | FPS:  25822 | Actor Loss: 0.0000 | Critic Loss: 0.0000 | HAN Grad: 0.0000 | HAN Δ: 0.000000 | HAN Metapaths: 0
2026-09-28 13:08:23,809 | INFO |   Phase | Rollout: 0.00s | PPO update: 0.00s
2026-09-28 13:08:23,809 | INFO |   Env | HO: 100.00% | Throughput: 19.91/user-min | Task: 95.40% | Resolved: 100.00% | Delay: 1.722s | Energy: 3282.06J | MEC fair: 0.513
2026-09-28 13:08:23,809 | INFO |   Reward | Success: 169.90 | Load: 12.48 | Delay: -38.47 | Energy: -26.45 | TaskFail: -8.20 | Interrupt: -6.20 | HOFail: 0.00
2026-09-28 13:08:43,125 | INFO | Update  165 | Steps:  84,480 | Episodes:   165 | EpReward:    98.98 | FPS:  26374 | Actor Loss: 0.0000 | Critic Loss: 0.0000 | HAN Grad: 0.0000 | HAN Δ: 0.000000 | HAN Metapaths: 0
2026-09-28 13:08:43,125 | INFO |   Phase | Rollout: 0.00s | PPO update: 0.00s
2026-09-28 13:08:43,125 | INFO |   Env | HO: 100.00% | Throughput: 19.97/user-min | Task: 94.67% | Resolved: 99.94% | Delay: 1.798s | Energy: 3697.75J | MEC fair: 0.550
2026-09-28 13:08:43,125 | INFO |   Reward | Success: 170.45 | Load: 15.17 | Delay: -41.35 | Energy: -28.65 | TaskFail: -9.60 | Interrupt: -3.01 | HOFail: 0.00
2026-09-28 13:09:02,501 | INFO | Update  166 | Steps:  84,992 | Episodes:   166 | EpReward:    99.15 | FPS:  26199 | Actor Loss: 0.0000 | Critic Loss: 0.0000 | HAN Grad: 0.0000 | HAN Δ: 0.000000 | HAN Metapaths: 0
2026-09-28 13:09:02,501 | INFO |   Phase | Rollout: 0.00s | PPO update: 0.00s
2026-09-28 13:09:02,501 | INFO |   Env | HO: 100.00% | Throughput: 19.86/user-min | Task: 94.48% | Resolved: 100.00% | Delay: 1.848s | Energy: 3755.76J | MEC fair: 0.547
2026-09-28 13:09:02,501 | INFO |   Reward | Success: 169.45 | Load: 16.00 | Delay: -42.64 | Energy: -28.81 | TaskFail: -9.90 | Interrupt: -3.32 | HOFail: 0.00
2026-09-28 13:09:21,827 | INFO | Update  167 | Steps:  85,504 | Episodes:   167 | EpReward:    99.32 | FPS:  26239 | Actor Loss: 0.0000 | Critic Loss: 0.0000 | HAN Grad: 0.0000 | HAN Δ: 0.000000 | HAN Metapaths: 0
2026-09-28 13:09:21,827 | INFO |   Phase | Rollout: 0.00s | PPO update: 0.00s
2026-09-28 13:09:21,827 | INFO |   Env | HO: 100.00% | Throughput: 19.51/user-min | Task: 94.25% | Resolved: 99.92% | Delay: 1.797s | Energy: 3550.13J | MEC fair: 0.518
2026-09-28 13:09:21,827 | INFO |   Reward | Success: 166.45 | Load: 13.79 | Delay: -39.35 | Energy: -27.57 | TaskFail: -10.15 | Interrupt: -5.31 | HOFail: 0.00
2026-09-28 13:09:41,187 | INFO | Update  168 | Steps:  86,016 | Episodes:   168 | EpReward:    99.31 | FPS:  26327 | Actor Loss: 0.0000 | Critic Loss: 0.0000 | HAN Grad: 0.0000 | HAN Δ: 0.000000 | HAN Metapaths: 0
2026-09-28 13:09:41,187 | INFO |   Phase | Rollout: 0.00s | PPO update: 0.00s
2026-09-28 13:09:41,187 | INFO |   Env | HO: 100.00% | Throughput: 19.42/user-min | Task: 93.25% | Resolved: 99.86% | Delay: 2.097s | Energy: 3663.82J | MEC fair: 0.553
2026-09-28 13:09:41,187 | INFO |   Reward | Success: 165.75 | Load: 15.35 | Delay: -40.53 | Energy: -27.77 | TaskFail: -12.00 | Interrupt: -6.09 | HOFail: 0.00
2026-09-28 13:10:00,638 | INFO | Update  169 | Steps:  86,528 | Episodes:   169 | EpReward:    99.31 | FPS:  25246 | Actor Loss: 0.0000 | Critic Loss: 0.0000 | HAN Grad: 0.0000 | HAN Δ: 0.000000 | HAN Metapaths: 0
2026-09-28 13:10:00,639 | INFO |   Phase | Rollout: 0.00s | PPO update: 0.00s
2026-09-28 13:10:00,639 | INFO |   Env | HO: 100.00% | Throughput: 19.65/user-min | Task: 95.53% | Resolved: 99.91% | Delay: 1.729s | Energy: 3248.15J | MEC fair: 0.477
2026-09-28 13:10:00,639 | INFO |   Reward | Success: 167.65 | Load: 12.38 | Delay: -39.37 | Energy: -26.40 | TaskFail: -7.85 | Interrupt: -7.07 | HOFail: 0.00
2026-09-28 13:10:19,956 | INFO | Update  170 | Steps:  87,040 | Episodes:   170 | EpReward:    99.46 | FPS:  25971 | Actor Loss: 0.0000 | Critic Loss: 0.0000 | HAN Grad: 0.0000 | HAN Δ: 0.000000 | HAN Metapaths: 0
2026-09-28 13:10:19,956 | INFO |   Phase | Rollout: 0.00s | PPO update: 0.00s
2026-09-28 13:10:19,956 | INFO |   Env | HO: 100.00% | Throughput: 19.51/user-min | Task: 93.20% | Resolved: 99.89% | Delay: 1.896s | Energy: 3596.38J | MEC fair: 0.502
2026-09-28 13:10:19,956 | INFO |   Reward | Success: 166.50 | Load: 11.99 | Delay: -38.41 | Energy: -26.95 | TaskFail: -12.15 | Interrupt: -10.34 | HOFail: 0.00
2026-09-28 13:10:39,308 | INFO | Update  171 | Steps:  87,552 | Episodes:   171 | EpReward:    99.71 | FPS:  25690 | Actor Loss: 0.0000 | Critic Loss: 0.0000 | HAN Grad: 0.0000 | HAN Δ: 0.000000 | HAN Metapaths: 0
2026-09-28 13:10:39,308 | INFO |   Phase | Rollout: 0.00s | PPO update: 0.00s
2026-09-28 13:10:39,308 | INFO |   Env | HO: 100.00% | Throughput: 20.25/user-min | Task: 94.63% | Resolved: 99.97% | Delay: 1.844s | Energy: 3800.57J | MEC fair: 0.568
2026-09-28 13:10:39,308 | INFO |   Reward | Success: 172.80 | Load: 16.47 | Delay: -43.54 | Energy: -29.48 | TaskFail: -9.80 | Interrupt: -2.74 | HOFail: 0.00
2026-09-28 13:10:58,579 | INFO | Update  172 | Steps:  88,064 | Episodes:   172 | EpReward:    99.79 | FPS:  25698 | Actor Loss: 0.0000 | Critic Loss: 0.0000 | HAN Grad: 0.0000 | HAN Δ: 0.000000 | HAN Metapaths: 0
2026-09-28 13:10:58,580 | INFO |   Phase | Rollout: 0.00s | PPO update: 0.00s
2026-09-28 13:10:58,580 | INFO |   Env | HO: 100.00% | Throughput: 19.97/user-min | Task: 93.30% | Resolved: 99.97% | Delay: 1.912s | Energy: 3975.19J | MEC fair: 0.532
2026-09-28 13:10:58,580 | INFO |   Reward | Success: 170.45 | Load: 14.82 | Delay: -42.32 | Energy: -29.61 | TaskFail: -12.25 | Interrupt: -5.48 | HOFail: 0.00
2026-09-28 13:11:17,937 | INFO | Update  173 | Steps:  88,576 | Episodes:   173 | EpReward:    99.85 | FPS:  26217 | Actor Loss: 0.0000 | Critic Loss: 0.0000 | HAN Grad: 0.0000 | HAN Δ: 0.000000 | HAN Metapaths: 0
2026-09-28 13:11:17,938 | INFO |   Phase | Rollout: 0.00s | PPO update: 0.00s
2026-09-28 13:11:17,938 | INFO |   Env | HO: 100.00% | Throughput: 19.46/user-min | Task: 93.84% | Resolved: 99.94% | Delay: 1.848s | Energy: 3616.43J | MEC fair: 0.506
2026-09-28 13:11:17,938 | INFO |   Reward | Success: 166.10 | Load: 13.10 | Delay: -39.70 | Energy: -27.63 | TaskFail: -10.90 | Interrupt: -4.61 | HOFail: 0.00
2026-09-28 13:11:37,680 | INFO | Update  174 | Steps:  89,088 | Episodes:   174 | EpReward:   100.03 | FPS:  25672 | Actor Loss: 0.0000 | Critic Loss: 0.0000 | HAN Grad: 0.0000 | HAN Δ: 0.000000 | HAN Metapaths: 0
2026-09-28 13:11:37,680 | INFO |   Phase | Rollout: 0.00s | PPO update: 0.00s
2026-09-28 13:11:37,680 | INFO |   Env | HO: 100.00% | Throughput: 19.80/user-min | Task: 95.32% | Resolved: 99.94% | Delay: 1.751s | Energy: 3456.27J | MEC fair: 0.566
2026-09-28 13:11:37,680 | INFO |   Reward | Success: 169.00 | Load: 15.54 | Delay: -40.15 | Energy: -27.56 | TaskFail: -8.30 | Interrupt: -4.07 | HOFail: 0.00
2026-09-28 13:11:57,176 | INFO | Update  175 | Steps:  89,600 | Episodes:   175 | EpReward:   100.18 | FPS:  25653 | Actor Loss: 0.0000 | Critic Loss: 0.0000 | HAN Grad: 0.0000 | HAN Δ: 0.000000 | HAN Metapaths: 0
2026-09-28 13:11:57,176 | INFO |   Phase | Rollout: 0.00s | PPO update: 0.00s
2026-09-28 13:11:57,176 | INFO |   Env | HO: 100.00% | Throughput: 19.58/user-min | Task: 95.68% | Resolved: 99.97% | Delay: 1.671s | Energy: 3288.08J | MEC fair: 0.515
2026-09-28 13:11:57,176 | INFO |   Reward | Success: 167.10 | Load: 12.72 | Delay: -38.27 | Energy: -26.07 | TaskFail: -7.55 | Interrupt: -4.24 | HOFail: 0.00
2026-09-28 13:12:16,557 | INFO | Update  176 | Steps:  90,112 | Episodes:   176 | EpReward:   100.32 | FPS:  26202 | Actor Loss: 0.0000 | Critic Loss: 0.0000 | HAN Grad: 0.0000 | HAN Δ: 0.000000 | HAN Metapaths: 0
2026-09-28 13:12:16,557 | INFO |   Phase | Rollout: 0.00s | PPO update: 0.00s
2026-09-28 13:12:16,557 | INFO |   Env | HO: 100.00% | Throughput: 19.93/user-min | Task: 93.87% | Resolved: 99.83% | Delay: 1.913s | Energy: 3900.93J | MEC fair: 0.563
2026-09-28 13:12:16,557 | INFO |   Reward | Success: 170.05 | Load: 16.46 | Delay: -43.35 | Energy: -29.24 | TaskFail: -11.10 | Interrupt: -5.30 | HOFail: 0.00
2026-09-28 13:12:35,946 | INFO | Update  177 | Steps:  90,624 | Episodes:   177 | EpReward:   100.26 | FPS:  25734 | Actor Loss: 0.0000 | Critic Loss: 0.0000 | HAN Grad: 0.0000 | HAN Δ: 0.000000 | HAN Metapaths: 0
2026-09-28 13:12:35,946 | INFO |   Phase | Rollout: 0.00s | PPO update: 0.00s
2026-09-28 13:12:35,946 | INFO |   Env | HO: 100.00% | Throughput: 19.82/user-min | Task: 93.63% | Resolved: 99.94% | Delay: 1.835s | Energy: 3392.96J | MEC fair: 0.480
2026-09-28 13:12:35,946 | INFO |   Reward | Success: 169.15 | Load: 12.65 | Delay: -38.78 | Energy: -26.42 | TaskFail: -11.50 | Interrupt: -7.28 | HOFail: 0.00
2026-09-28 13:12:55,393 | INFO | Update  178 | Steps:  91,136 | Episodes:   178 | EpReward:   100.38 | FPS:  25436 | Actor Loss: 0.0000 | Critic Loss: 0.0000 | HAN Grad: 0.0000 | HAN Δ: 0.000000 | HAN Metapaths: 0
2026-09-28 13:12:55,393 | INFO |   Phase | Rollout: 0.00s | PPO update: 0.00s
2026-09-28 13:12:55,393 | INFO |   Env | HO: 100.00% | Throughput: 20.19/user-min | Task: 93.95% | Resolved: 99.97% | Delay: 1.863s | Energy: 3939.51J | MEC fair: 0.529
2026-09-28 13:12:55,393 | INFO |   Reward | Success: 172.25 | Load: 14.92 | Delay: -42.72 | Energy: -29.66 | TaskFail: -11.10 | Interrupt: -3.15 | HOFail: 0.00
2026-09-28 13:13:14,801 | INFO | Update  179 | Steps:  91,648 | Episodes:   179 | EpReward:   100.42 | FPS:  26289 | Actor Loss: 0.0000 | Critic Loss: 0.0000 | HAN Grad: 0.0000 | HAN Δ: 0.000000 | HAN Metapaths: 0
2026-09-28 13:13:14,801 | INFO |   Phase | Rollout: 0.00s | PPO update: 0.00s
2026-09-28 13:13:14,801 | INFO |   Env | HO: 100.00% | Throughput: 19.34/user-min | Task: 94.02% | Resolved: 99.94% | Delay: 1.842s | Energy: 3705.72J | MEC fair: 0.496
2026-09-28 13:13:14,801 | INFO |   Reward | Success: 165.05 | Load: 14.61 | Delay: -41.05 | Energy: -28.10 | TaskFail: -10.50 | Interrupt: -3.38 | HOFail: 0.00
2026-09-28 13:13:34,248 | INFO | Update  180 | Steps:  92,160 | Episodes:   180 | EpReward:   100.49 | FPS:  25558 | Actor Loss: 0.0000 | Critic Loss: 0.0000 | HAN Grad: 0.0000 | HAN Δ: 0.000000 | HAN Metapaths: 0
2026-09-28 13:13:34,249 | INFO |   Phase | Rollout: 0.00s | PPO update: 0.00s
2026-09-28 13:13:34,249 | INFO |   Env | HO: 100.00% | Throughput: 19.82/user-min | Task: 92.86% | Resolved: 99.95% | Delay: 1.933s | Energy: 3870.77J | MEC fair: 0.507
2026-09-28 13:13:34,249 | INFO |   Reward | Success: 169.15 | Load: 15.64 | Delay: -42.68 | Energy: -28.79 | TaskFail: -13.00 | Interrupt: -3.43 | HOFail: 0.00
2026-09-28 13:13:53,695 | INFO | Update  181 | Steps:  92,672 | Episodes:   181 | EpReward:   100.68 | FPS:  26151 | Actor Loss: 0.0000 | Critic Loss: 0.0000 | HAN Grad: 0.0000 | HAN Δ: 0.000000 | HAN Metapaths: 0
2026-09-28 13:13:53,695 | INFO |   Phase | Rollout: 0.00s | PPO update: 0.00s
2026-09-28 13:13:53,695 | INFO |   Env | HO: 100.00% | Throughput: 20.17/user-min | Task: 96.88% | Resolved: 99.94% | Delay: 1.537s | Energy: 2874.71J | MEC fair: 0.494
2026-09-28 13:13:53,695 | INFO |   Reward | Success: 172.15 | Load: 11.69 | Delay: -37.25 | Energy: -25.19 | TaskFail: -5.55 | Interrupt: -6.17 | HOFail: 0.00
2026-09-28 13:14:13,133 | INFO | Update  182 | Steps:  93,184 | Episodes:   182 | EpReward:   100.83 | FPS:  26072 | Actor Loss: 0.0000 | Critic Loss: 0.0000 | HAN Grad: 0.0000 | HAN Δ: 0.000000 | HAN Metapaths: 0
2026-09-28 13:14:13,133 | INFO |   Phase | Rollout: 0.00s | PPO update: 0.00s
2026-09-28 13:14:13,133 | INFO |   Env | HO: 100.00% | Throughput: 20.31/user-min | Task: 94.85% | Resolved: 99.84% | Delay: 1.814s | Energy: 3711.67J | MEC fair: 0.549
2026-09-28 13:14:13,133 | INFO |   Reward | Success: 173.30 | Load: 15.60 | Delay: -42.75 | Energy: -28.89 | TaskFail: -9.40 | Interrupt: -2.27 | HOFail: 0.00
2026-09-28 13:14:32,541 | INFO | Update  183 | Steps:  93,696 | Episodes:   183 | EpReward:   100.92 | FPS:  26104 | Actor Loss: 0.0000 | Critic Loss: 0.0000 | HAN Grad: 0.0000 | HAN Δ: 0.000000 | HAN Metapaths: 0
2026-09-28 13:14:32,541 | INFO |   Phase | Rollout: 0.00s | PPO update: 0.00s
2026-09-28 13:14:32,542 | INFO |   Env | HO: 100.00% | Throughput: 19.80/user-min | Task: 95.51% | Resolved: 99.97% | Delay: 1.699s | Energy: 3542.56J | MEC fair: 0.468
2026-09-28 13:14:32,542 | INFO |   Reward | Success: 168.95 | Load: 11.53 | Delay: -39.63 | Energy: -28.26 | TaskFail: -7.95 | Interrupt: -3.00 | HOFail: 0.00
2026-09-28 13:14:51,946 | INFO | Update  184 | Steps:  94,208 | Episodes:   184 | EpReward:   100.84 | FPS:  25757 | Actor Loss: 0.0000 | Critic Loss: 0.0000 | HAN Grad: 0.0000 | HAN Δ: 0.000000 | HAN Metapaths: 0
2026-09-28 13:14:51,946 | INFO |   Phase | Rollout: 0.00s | PPO update: 0.00s
2026-09-28 13:14:51,946 | INFO |   Env | HO: 100.00% | Throughput: 19.32/user-min | Task: 93.16% | Resolved: 99.94% | Delay: 1.930s | Energy: 3688.37J | MEC fair: 0.544
2026-09-28 13:14:51,946 | INFO |   Reward | Success: 164.85 | Load: 15.23 | Delay: -39.90 | Energy: -27.33 | TaskFail: -12.10 | Interrupt: -8.09 | HOFail: 0.00
2026-09-28 13:15:11,565 | INFO | Update  185 | Steps:  94,720 | Episodes:   185 | EpReward:   100.91 | FPS:  25198 | Actor Loss: 0.0000 | Critic Loss: 0.0000 | HAN Grad: 0.0000 | HAN Δ: 0.000000 | HAN Metapaths: 0
2026-09-28 13:15:11,565 | INFO |   Phase | Rollout: 0.00s | PPO update: 0.00s
2026-09-28 13:15:11,565 | INFO |   Env | HO: 100.00% | Throughput: 19.82/user-min | Task: 95.83% | Resolved: 99.94% | Delay: 1.641s | Energy: 3083.92J | MEC fair: 0.502
2026-09-28 13:15:11,565 | INFO |   Reward | Success: 169.10 | Load: 11.20 | Delay: -37.13 | Energy: -25.70 | TaskFail: -7.35 | Interrupt: -6.29 | HOFail: 0.00
2026-09-28 13:15:30,958 | INFO | Update  186 | Steps:  95,232 | Episodes:   186 | EpReward:   100.84 | FPS:  26092 | Actor Loss: 0.0000 | Critic Loss: 0.0000 | HAN Grad: 0.0000 | HAN Δ: 0.000000 | HAN Metapaths: 0
2026-09-28 13:15:30,958 | INFO |   Phase | Rollout: 0.00s | PPO update: 0.00s
2026-09-28 13:15:30,958 | INFO |   Env | HO: 100.00% | Throughput: 20.27/user-min | Task: 93.94% | Resolved: 99.97% | Delay: 1.867s | Energy: 3904.37J | MEC fair: 0.554
2026-09-28 13:15:30,958 | INFO |   Reward | Success: 172.95 | Load: 15.65 | Delay: -42.98 | Energy: -29.61 | TaskFail: -11.15 | Interrupt: -3.75 | HOFail: 0.00
2026-09-28 13:15:50,334 | INFO | Update  187 | Steps:  95,744 | Episodes:   187 | EpReward:   100.73 | FPS:  25975 | Actor Loss: 0.0000 | Critic Loss: 0.0000 | HAN Grad: 0.0000 | HAN Δ: 0.000000 | HAN Metapaths: 0
2026-09-28 13:15:50,334 | INFO |   Phase | Rollout: 0.00s | PPO update: 0.00s
2026-09-28 13:15:50,334 | INFO |   Env | HO: 100.00% | Throughput: 19.65/user-min | Task: 93.22% | Resolved: 99.94% | Delay: 1.919s | Energy: 3781.69J | MEC fair: 0.515
2026-09-28 13:15:50,334 | INFO |   Reward | Success: 167.70 | Load: 15.14 | Delay: -41.93 | Energy: -28.22 | TaskFail: -12.20 | Interrupt: -3.85 | HOFail: 0.00
2026-09-28 13:16:09,780 | INFO | Update  188 | Steps:  96,256 | Episodes:   188 | EpReward:   100.71 | FPS:  25655 | Actor Loss: 0.0000 | Critic Loss: 0.0000 | HAN Grad: 0.0000 | HAN Δ: 0.000000 | HAN Metapaths: 0
2026-09-28 13:16:09,780 | INFO |   Phase | Rollout: 0.00s | PPO update: 0.00s
2026-09-28 13:16:09,780 | INFO |   Env | HO: 100.00% | Throughput: 19.44/user-min | Task: 94.75% | Resolved: 99.94% | Delay: 1.821s | Energy: 3549.97J | MEC fair: 0.537
2026-09-28 13:16:09,780 | INFO |   Reward | Success: 165.90 | Load: 16.10 | Delay: -41.24 | Energy: -27.93 | TaskFail: -9.20 | Interrupt: -4.92 | HOFail: 0.00
2026-09-28 13:16:29,384 | INFO | Update  189 | Steps:  96,768 | Episodes:   189 | EpReward:   100.94 | FPS:  25706 | Actor Loss: 0.0000 | Critic Loss: 0.0000 | HAN Grad: 0.0000 | HAN Δ: 0.000000 | HAN Metapaths: 0
2026-09-28 13:16:29,384 | INFO |   Phase | Rollout: 0.00s | PPO update: 0.00s
2026-09-28 13:16:29,384 | INFO |   Env | HO: 100.00% | Throughput: 20.54/user-min | Task: 96.98% | Resolved: 99.92% | Delay: 1.562s | Energy: 3108.74J | MEC fair: 0.489
2026-09-28 13:16:29,384 | INFO |   Reward | Success: 175.30 | Load: 11.99 | Delay: -38.85 | Energy: -26.79 | TaskFail: -5.45 | Interrupt: -3.45 | HOFail: 0.00
2026-09-28 13:16:48,857 | INFO | Update  190 | Steps:  97,280 | Episodes:   190 | EpReward:   100.92 | FPS:  25973 | Actor Loss: 0.0000 | Critic Loss: 0.0000 | HAN Grad: 0.0000 | HAN Δ: 0.000000 | HAN Metapaths: 0
2026-09-28 13:16:48,857 | INFO |   Phase | Rollout: 0.00s | PPO update: 0.00s
2026-09-28 13:16:48,857 | INFO |   Env | HO: 100.00% | Throughput: 20.22/user-min | Task: 94.96% | Resolved: 99.97% | Delay: 1.705s | Energy: 3449.09J | MEC fair: 0.452
2026-09-28 13:16:48,857 | INFO |   Reward | Success: 172.55 | Load: 10.40 | Delay: -38.74 | Energy: -27.06 | TaskFail: -9.15 | Interrupt: -6.59 | HOFail: 0.00
2026-09-28 13:17:08,250 | INFO | Update  191 | Steps:  97,792 | Episodes:   191 | EpReward:   100.96 | FPS:  25730 | Actor Loss: 0.0000 | Critic Loss: 0.0000 | HAN Grad: 0.0000 | HAN Δ: 0.000000 | HAN Metapaths: 0
2026-09-28 13:17:08,250 | INFO |   Phase | Rollout: 0.00s | PPO update: 0.00s
2026-09-28 13:17:08,250 | INFO |   Env | HO: 100.00% | Throughput: 19.72/user-min | Task: 94.76% | Resolved: 99.97% | Delay: 1.754s | Energy: 3563.93J | MEC fair: 0.550
2026-09-28 13:17:08,250 | INFO |   Reward | Success: 168.25 | Load: 15.06 | Delay: -40.21 | Energy: -27.95 | TaskFail: -9.30 | Interrupt: -4.36 | HOFail: 0.00
2026-09-28 13:17:27,783 | INFO | Update  192 | Steps:  98,304 | Episodes:   192 | EpReward:   100.95 | FPS:  10693 | Actor Loss: 0.0000 | Critic Loss: 0.0000 | HAN Grad: 0.0000 | HAN Δ: 0.000000 | HAN Metapaths: 0
2026-09-28 13:17:27,783 | INFO |   Phase | Rollout: 0.00s | PPO update: 0.00s
2026-09-28 13:17:27,783 | INFO |   Env | HO: 100.00% | Throughput: 20.24/user-min | Task: 95.02% | Resolved: 99.89% | Delay: 1.775s | Energy: 3675.16J | MEC fair: 0.544
2026-09-28 13:17:27,784 | INFO |   Reward | Success: 172.75 | Load: 14.94 | Delay: -41.69 | Energy: -28.89 | TaskFail: -9.05 | Interrupt: -3.32 | HOFail: 0.00
2026-09-28 13:17:47,199 | INFO | Update  193 | Steps:  98,816 | Episodes:   193 | EpReward:   101.09 | FPS:  25990 | Actor Loss: 0.0000 | Critic Loss: 0.0000 | HAN Grad: 0.0000 | HAN Δ: 0.000000 | HAN Metapaths: 0
2026-09-28 13:17:47,199 | INFO |   Phase | Rollout: 0.00s | PPO update: 0.00s
2026-09-28 13:17:47,199 | INFO |   Env | HO: 100.00% | Throughput: 20.21/user-min | Task: 96.10% | Resolved: 99.94% | Delay: 1.714s | Energy: 3648.17J | MEC fair: 0.547
2026-09-28 13:17:47,199 | INFO |   Reward | Success: 172.45 | Load: 14.44 | Delay: -41.20 | Energy: -29.06 | TaskFail: -7.00 | Interrupt: -2.86 | HOFail: 0.00
2026-09-28 13:18:06,596 | INFO | Update  194 | Steps:  99,328 | Episodes:   194 | EpReward:   101.13 | FPS:  26171 | Actor Loss: 0.0000 | Critic Loss: 0.0000 | HAN Grad: 0.0000 | HAN Δ: 0.000000 | HAN Metapaths: 0
2026-09-28 13:18:06,596 | INFO |   Phase | Rollout: 0.00s | PPO update: 0.00s
2026-09-28 13:18:06,596 | INFO |   Env | HO: 100.00% | Throughput: 20.21/user-min | Task: 94.54% | Resolved: 99.97% | Delay: 1.796s | Energy: 3856.41J | MEC fair: 0.524
2026-09-28 13:18:06,596 | INFO |   Reward | Success: 172.45 | Load: 13.86 | Delay: -41.73 | Energy: -29.50 | TaskFail: -9.95 | Interrupt: -3.49 | HOFail: 0.00
2026-09-28 13:18:25,998 | INFO | Update  195 | Steps:  99,840 | Episodes:   195 | EpReward:   101.15 | FPS:  25302 | Actor Loss: 0.0000 | Critic Loss: 0.0000 | HAN Grad: 0.0000 | HAN Δ: 0.000000 | HAN Metapaths: 0
2026-09-28 13:18:25,998 | INFO |   Phase | Rollout: 0.00s | PPO update: 0.00s
2026-09-28 13:18:25,998 | INFO |   Env | HO: 100.00% | Throughput: 20.16/user-min | Task: 95.11% | Resolved: 99.86% | Delay: 1.791s | Energy: 3698.90J | MEC fair: 0.537
2026-09-28 13:18:25,998 | INFO |   Reward | Success: 172.05 | Load: 13.70 | Delay: -41.13 | Energy: -28.82 | TaskFail: -8.85 | Interrupt: -2.89 | HOFail: 0.00
2026-09-28 13:18:32,124 | INFO | ----------------------------------------
2026-09-28 13:18:32,124 | INFO | 开始评估 HAN+PDQN...
2026-09-28 13:19:09,196 | INFO | 评估结果: 奖励 = 106.08 ± 5.53, 长度 = 512, 延迟 = 1.644s
2026-09-28 13:19:09,196 | INFO | ----------------------------------------
2026-09-28 13:19:09,219 | INFO | 模型已保存: /home/pjpjq/LEO_switch/results/multiseed_0907_rerun_20260928/seed43/u20/learned_baselines/han_pdqn/checkpoint_100000.pt
2026-09-28 13:19:22,574 | INFO | Update  196 | Steps: 100,352 | Episodes:   196 | EpReward:   101.24 | FPS:  25480 | Actor Loss: 0.0000 | Critic Loss: 0.0000 | HAN Grad: 0.0000 | HAN Δ: 0.000000 | HAN Metapaths: 0
2026-09-28 13:19:22,574 | INFO |   Phase | Rollout: 0.00s | PPO update: 0.00s
2026-09-28 13:19:22,574 | INFO |   Env | HO: 100.00% | Throughput: 20.53/user-min | Task: 96.45% | Resolved: 99.97% | Delay: 1.635s | Energy: 3332.31J | MEC fair: 0.512
2026-09-28 13:19:22,574 | INFO |   Reward | Success: 175.15 | Load: 12.67 | Delay: -40.27 | Energy: -27.72 | TaskFail: -6.45 | Interrupt: -3.42 | HOFail: 0.00
2026-09-28 13:19:42,025 | INFO | Update  197 | Steps: 100,864 | Episodes:   197 | EpReward:   101.48 | FPS:  26195 | Actor Loss: 0.0000 | Critic Loss: 0.0000 | HAN Grad: 0.0000 | HAN Δ: 0.000000 | HAN Metapaths: 0
2026-09-28 13:19:42,025 | INFO |   Phase | Rollout: 0.00s | PPO update: 0.00s
2026-09-28 13:19:42,025 | INFO |   Env | HO: 100.00% | Throughput: 19.79/user-min | Task: 95.77% | Resolved: 99.94% | Delay: 1.682s | Energy: 3303.92J | MEC fair: 0.578
2026-09-28 13:19:42,025 | INFO |   Reward | Success: 168.85 | Load: 15.66 | Delay: -39.65 | Energy: -27.19 | TaskFail: -7.45 | Interrupt: -2.32 | HOFail: 0.00
2026-09-28 13:20:01,445 | INFO | Update  198 | Steps: 101,376 | Episodes:   198 | EpReward:   101.36 | FPS:  25767 | Actor Loss: 0.0000 | Critic Loss: 0.0000 | HAN Grad: 0.0000 | HAN Δ: 0.000000 | HAN Metapaths: 0
2026-09-28 13:20:01,446 | INFO |   Phase | Rollout: 0.00s | PPO update: 0.00s
2026-09-28 13:20:01,446 | INFO |   Env | HO: 100.00% | Throughput: 19.65/user-min | Task: 94.69% | Resolved: 99.97% | Delay: 1.849s | Energy: 3753.62J | MEC fair: 0.524
2026-09-28 13:20:01,446 | INFO |   Reward | Success: 167.70 | Load: 15.18 | Delay: -41.72 | Energy: -28.70 | TaskFail: -9.40 | Interrupt: -4.95 | HOFail: 0.00
2026-09-28 13:20:21,104 | INFO | Update  199 | Steps: 101,888 | Episodes:   199 | EpReward:   101.37 | FPS:  25775 | Actor Loss: 0.0000 | Critic Loss: 0.0000 | HAN Grad: 0.0000 | HAN Δ: 0.000000 | HAN Metapaths: 0
2026-09-28 13:20:21,104 | INFO |   Phase | Rollout: 0.00s | PPO update: 0.00s
2026-09-28 13:20:21,104 | INFO |   Env | HO: 100.00% | Throughput: 20.09/user-min | Task: 94.67% | Resolved: 99.97% | Delay: 1.680s | Energy: 3314.51J | MEC fair: 0.497
2026-09-28 13:20:21,104 | INFO |   Reward | Success: 171.45 | Load: 12.13 | Delay: -38.29 | Energy: -26.14 | TaskFail: -9.65 | Interrupt: -4.15 | HOFail: 0.00
2026-09-28 13:20:40,540 | INFO | Update  200 | Steps: 102,400 | Episodes:   200 | EpReward:   101.30 | FPS:  25847 | Actor Loss: 0.0000 | Critic Loss: 0.0000 | HAN Grad: 0.0000 | HAN Δ: 0.000000 | HAN Metapaths: 0
2026-09-28 13:20:40,541 | INFO |   Phase | Rollout: 0.00s | PPO update: 0.00s
2026-09-28 13:20:40,541 | INFO |   Env | HO: 100.00% | Throughput: 19.16/user-min | Task: 91.91% | Resolved: 99.92% | Delay: 1.982s | Energy: 4032.17J | MEC fair: 0.527
2026-09-28 13:20:40,541 | INFO |   Reward | Success: 163.50 | Load: 15.66 | Delay: -41.00 | Energy: -28.66 | TaskFail: -14.40 | Interrupt: -7.70 | HOFail: 0.00
2026-09-28 13:21:00,159 | INFO | Update  201 | Steps: 102,912 | Episodes:   201 | EpReward:   101.31 | FPS:  25745 | Actor Loss: 0.0000 | Critic Loss: 0.0000 | HAN Grad: 0.0000 | HAN Δ: 0.000000 | HAN Metapaths: 0
2026-09-28 13:21:00,159 | INFO |   Phase | Rollout: 0.00s | PPO update: 0.00s
2026-09-28 13:21:00,159 | INFO |   Env | HO: 100.00% | Throughput: 20.46/user-min | Task: 96.60% | Resolved: 99.94% | Delay: 1.580s | Energy: 2934.17J | MEC fair: 0.502
2026-09-28 13:21:00,159 | INFO |   Reward | Success: 174.60 | Load: 11.30 | Delay: -37.00 | Energy: -25.59 | TaskFail: -6.15 | Interrupt: -5.78 | HOFail: 0.00
2026-09-28 13:21:19,645 | INFO | Update  202 | Steps: 103,424 | Episodes:   202 | EpReward:   101.40 | FPS:  26000 | Actor Loss: 0.0000 | Critic Loss: 0.0000 | HAN Grad: 0.0000 | HAN Δ: 0.000000 | HAN Metapaths: 0
2026-09-28 13:21:19,645 | INFO |   Phase | Rollout: 0.00s | PPO update: 0.00s
2026-09-28 13:21:19,645 | INFO |   Env | HO: 100.00% | Throughput: 20.70/user-min | Task: 95.20% | Resolved: 100.00% | Delay: 1.711s | Energy: 3636.17J | MEC fair: 0.478
2026-09-28 13:21:19,645 | INFO |   Reward | Success: 176.60 | Load: 12.02 | Delay: -41.84 | Energy: -28.81 | TaskFail: -8.90 | Interrupt: -3.02 | HOFail: 0.00
2026-09-28 13:21:39,276 | INFO | Update  203 | Steps: 103,936 | Episodes:   203 | EpReward:   101.34 | FPS:  25490 | Actor Loss: 0.0000 | Critic Loss: 0.0000 | HAN Grad: 0.0000 | HAN Δ: 0.000000 | HAN Metapaths: 0
2026-09-28 13:21:39,276 | INFO |   Phase | Rollout: 0.00s | PPO update: 0.00s
2026-09-28 13:21:39,276 | INFO |   Env | HO: 100.00% | Throughput: 19.72/user-min | Task: 94.18% | Resolved: 99.83% | Delay: 1.749s | Energy: 3194.64J | MEC fair: 0.492
2026-09-28 13:21:39,276 | INFO |   Reward | Success: 168.25 | Load: 11.63 | Delay: -37.69 | Energy: -25.50 | TaskFail: -10.40 | Interrupt: -10.26 | HOFail: 0.00
2026-09-28 13:21:58,774 | INFO | Update  204 | Steps: 104,448 | Episodes:   204 | EpReward:   101.33 | FPS:  25895 | Actor Loss: 0.0000 | Critic Loss: 0.0000 | HAN Grad: 0.0000 | HAN Δ: 0.000000 | HAN Metapaths: 0
2026-09-28 13:21:58,774 | INFO |   Phase | Rollout: 0.00s | PPO update: 0.00s
2026-09-28 13:21:58,775 | INFO |   Env | HO: 100.00% | Throughput: 19.86/user-min | Task: 94.37% | Resolved: 99.94% | Delay: 1.820s | Energy: 3627.36J | MEC fair: 0.501
2026-09-28 13:21:58,775 | INFO |   Reward | Success: 169.45 | Load: 14.49 | Delay: -41.71 | Energy: -27.85 | TaskFail: -10.10 | Interrupt: -5.77 | HOFail: 0.00
2026-09-28 13:22:18,207 | INFO | Update  205 | Steps: 104,960 | Episodes:   205 | EpReward:   101.39 | FPS:  25055 | Actor Loss: 0.0000 | Critic Loss: 0.0000 | HAN Grad: 0.0000 | HAN Δ: 0.000000 | HAN Metapaths: 0
2026-09-28 13:22:18,207 | INFO |   Phase | Rollout: 0.00s | PPO update: 0.00s
2026-09-28 13:22:18,207 | INFO |   Env | HO: 100.00% | Throughput: 19.90/user-min | Task: 94.00% | Resolved: 99.92% | Delay: 1.942s | Energy: 3752.24J | MEC fair: 0.583
2026-09-28 13:22:18,207 | INFO |   Reward | Success: 169.85 | Load: 17.61 | Delay: -43.37 | Energy: -28.77 | TaskFail: -10.85 | Interrupt: -4.31 | HOFail: 0.00
2026-09-28 13:22:37,631 | INFO | Update  206 | Steps: 105,472 | Episodes:   206 | EpReward:   101.40 | FPS:  26043 | Actor Loss: 0.0000 | Critic Loss: 0.0000 | HAN Grad: 0.0000 | HAN Δ: 0.000000 | HAN Metapaths: 0
2026-09-28 13:22:37,631 | INFO |   Phase | Rollout: 0.00s | PPO update: 0.00s
2026-09-28 13:22:37,631 | INFO |   Env | HO: 100.00% | Throughput: 19.49/user-min | Task: 95.33% | Resolved: 99.97% | Delay: 1.722s | Energy: 3361.80J | MEC fair: 0.453
2026-09-28 13:22:37,631 | INFO |   Reward | Success: 166.35 | Load: 12.18 | Delay: -38.95 | Energy: -26.86 | TaskFail: -8.15 | Interrupt: -3.74 | HOFail: 0.00
2026-09-28 13:22:57,131 | INFO | Update  207 | Steps: 105,984 | Episodes:   207 | EpReward:   101.43 | FPS:  25650 | Actor Loss: 0.0000 | Critic Loss: 0.0000 | HAN Grad: 0.0000 | HAN Δ: 0.000000 | HAN Metapaths: 0
2026-09-28 13:22:57,131 | INFO |   Phase | Rollout: 0.00s | PPO update: 0.00s
2026-09-28 13:22:57,131 | INFO |   Env | HO: 100.00% | Throughput: 19.21/user-min | Task: 93.44% | Resolved: 99.97% | Delay: 1.914s | Energy: 3703.73J | MEC fair: 0.549
2026-09-28 13:22:57,131 | INFO |   Reward | Success: 163.90 | Load: 16.04 | Delay: -40.81 | Energy: -27.73 | TaskFail: -11.50 | Interrupt: -2.34 | HOFail: 0.00
2026-09-28 13:23:16,553 | INFO | Update  208 | Steps: 106,496 | Episodes:   208 | EpReward:   101.44 | FPS:  26483 | Actor Loss: 0.0000 | Critic Loss: 0.0000 | HAN Grad: 0.0000 | HAN Δ: 0.000000 | HAN Metapaths: 0
2026-09-28 13:23:16,553 | INFO |   Phase | Rollout: 0.00s | PPO update: 0.00s
2026-09-28 13:23:16,553 | INFO |   Env | HO: 100.00% | Throughput: 19.89/user-min | Task: 95.74% | Resolved: 99.94% | Delay: 1.706s | Energy: 3530.18J | MEC fair: 0.530
2026-09-28 13:23:16,553 | INFO |   Reward | Success: 169.75 | Load: 13.59 | Delay: -40.07 | Energy: -28.10 | TaskFail: -7.55 | Interrupt: -5.93 | HOFail: 0.00
2026-09-28 13:23:35,986 | INFO | Update  209 | Steps: 107,008 | Episodes:   209 | EpReward:   101.41 | FPS:  25839 | Actor Loss: 0.0000 | Critic Loss: 0.0000 | HAN Grad: 0.0000 | HAN Δ: 0.000000 | HAN Metapaths: 0
2026-09-28 13:23:35,986 | INFO |   Phase | Rollout: 0.00s | PPO update: 0.00s
2026-09-28 13:23:35,987 | INFO |   Env | HO: 100.00% | Throughput: 20.02/user-min | Task: 94.63% | Resolved: 99.94% | Delay: 1.805s | Energy: 3841.66J | MEC fair: 0.550
2026-09-28 13:23:35,987 | INFO |   Reward | Success: 170.80 | Load: 13.74 | Delay: -41.39 | Energy: -29.17 | TaskFail: -9.70 | Interrupt: -3.50 | HOFail: 0.00
2026-09-28 13:23:55,487 | INFO | Update  210 | Steps: 107,520 | Episodes:   210 | EpReward:   101.44 | FPS:  26183 | Actor Loss: 0.0000 | Critic Loss: 0.0000 | HAN Grad: 0.0000 | HAN Δ: 0.000000 | HAN Metapaths: 0
2026-09-28 13:23:55,487 | INFO |   Phase | Rollout: 0.00s | PPO update: 0.00s
2026-09-28 13:23:55,487 | INFO |   Env | HO: 100.00% | Throughput: 19.72/user-min | Task: 93.97% | Resolved: 99.94% | Delay: 1.852s | Energy: 3747.21J | MEC fair: 0.556
2026-09-28 13:23:55,487 | INFO |   Reward | Success: 168.25 | Load: 14.66 | Delay: -41.40 | Energy: -28.26 | TaskFail: -10.80 | Interrupt: -3.96 | HOFail: 0.00
2026-09-28 13:24:15,128 | INFO | Update  211 | Steps: 108,032 | Episodes:   211 | EpReward:   101.59 | FPS:  25547 | Actor Loss: 0.0000 | Critic Loss: 0.0000 | HAN Grad: 0.0000 | HAN Δ: 0.000000 | HAN Metapaths: 0
2026-09-28 13:24:15,128 | INFO |   Phase | Rollout: 0.00s | PPO update: 0.00s
2026-09-28 13:24:15,128 | INFO |   Env | HO: 100.00% | Throughput: 20.22/user-min | Task: 95.91% | Resolved: 99.97% | Delay: 1.675s | Energy: 3157.79J | MEC fair: 0.480
2026-09-28 13:24:15,128 | INFO |   Reward | Success: 172.55 | Load: 12.42 | Delay: -39.28 | Energy: -26.15 | TaskFail: -7.35 | Interrupt: -3.84 | HOFail: 0.00
2026-09-28 13:24:34,596 | INFO | Update  212 | Steps: 108,544 | Episodes:   212 | EpReward:   101.62 | FPS:  25874 | Actor Loss: 0.0000 | Critic Loss: 0.0000 | HAN Grad: 0.0000 | HAN Δ: 0.000000 | HAN Metapaths: 0
2026-09-28 13:24:34,596 | INFO |   Phase | Rollout: 0.00s | PPO update: 0.00s
2026-09-28 13:24:34,596 | INFO |   Env | HO: 100.00% | Throughput: 19.54/user-min | Task: 93.97% | Resolved: 99.92% | Delay: 1.779s | Energy: 3667.95J | MEC fair: 0.508
2026-09-28 13:24:34,596 | INFO |   Reward | Success: 166.70 | Load: 13.03 | Delay: -39.11 | Energy: -27.85 | TaskFail: -10.70 | Interrupt: -3.62 | HOFail: 0.00
2026-09-28 13:24:53,971 | INFO | Update  213 | Steps: 109,056 | Episodes:   213 | EpReward:   101.68 | FPS:  26033 | Actor Loss: 0.0000 | Critic Loss: 0.0000 | HAN Grad: 0.0000 | HAN Δ: 0.000000 | HAN Metapaths: 0
2026-09-28 13:24:53,971 | INFO |   Phase | Rollout: 0.00s | PPO update: 0.00s
2026-09-28 13:24:53,971 | INFO |   Env | HO: 100.00% | Throughput: 19.89/user-min | Task: 94.70% | Resolved: 99.89% | Delay: 1.789s | Energy: 3676.90J | MEC fair: 0.594
2026-09-28 13:24:53,971 | INFO |   Reward | Success: 169.70 | Load: 15.28 | Delay: -41.11 | Energy: -28.36 | TaskFail: -9.50 | Interrupt: -4.63 | HOFail: 0.00
2026-09-28 13:25:13,519 | INFO | Update  214 | Steps: 109,568 | Episodes:   214 | EpReward:   101.77 | FPS:  25800 | Actor Loss: 0.0000 | Critic Loss: 0.0000 | HAN Grad: 0.0000 | HAN Δ: 0.000000 | HAN Metapaths: 0
2026-09-28 13:25:13,520 | INFO |   Phase | Rollout: 0.00s | PPO update: 0.00s
2026-09-28 13:25:13,520 | INFO |   Env | HO: 100.00% | Throughput: 20.17/user-min | Task: 95.61% | Resolved: 99.86% | Delay: 1.754s | Energy: 3539.69J | MEC fair: 0.572
2026-09-28 13:25:13,520 | INFO |   Reward | Success: 172.15 | Load: 17.05 | Delay: -42.05 | Energy: -28.17 | TaskFail: -7.90 | Interrupt: -2.45 | HOFail: 0.00
2026-09-28 13:25:32,934 | INFO | Update  215 | Steps: 110,080 | Episodes:   215 | EpReward:   101.66 | FPS:  25977 | Actor Loss: 0.0000 | Critic Loss: 0.0000 | HAN Grad: 0.0000 | HAN Δ: 0.000000 | HAN Metapaths: 0
2026-09-28 13:25:32,935 | INFO |   Phase | Rollout: 0.00s | PPO update: 0.00s
2026-09-28 13:25:32,935 | INFO |   Env | HO: 100.00% | Throughput: 19.52/user-min | Task: 93.44% | Resolved: 99.97% | Delay: 1.785s | Energy: 3666.15J | MEC fair: 0.467
2026-09-28 13:25:32,935 | INFO |   Reward | Success: 166.55 | Load: 11.71 | Delay: -39.31 | Energy: -27.21 | TaskFail: -11.70 | Interrupt: -5.75 | HOFail: 0.00
2026-09-28 13:25:52,333 | INFO | Update  216 | Steps: 110,592 | Episodes:   216 | EpReward:   101.69 | FPS:  25655 | Actor Loss: 0.0000 | Critic Loss: 0.0000 | HAN Grad: 0.0000 | HAN Δ: 0.000000 | HAN Metapaths: 0
2026-09-28 13:25:52,333 | INFO |   Phase | Rollout: 0.00s | PPO update: 0.00s
2026-09-28 13:25:52,333 | INFO |   Env | HO: 100.00% | Throughput: 19.23/user-min | Task: 93.05% | Resolved: 99.94% | Delay: 1.844s | Energy: 3475.44J | MEC fair: 0.503
2026-09-28 13:25:52,333 | INFO |   Reward | Success: 164.10 | Load: 13.20 | Delay: -38.69 | Energy: -26.03 | TaskFail: -12.25 | Interrupt: -4.31 | HOFail: 0.00
2026-09-28 13:26:11,898 | INFO | Update  217 | Steps: 111,104 | Episodes:   217 | EpReward:   101.75 | FPS:  26469 | Actor Loss: 0.0000 | Critic Loss: 0.0000 | HAN Grad: 0.0000 | HAN Δ: 0.000000 | HAN Metapaths: 0
2026-09-28 13:26:11,898 | INFO |   Phase | Rollout: 0.00s | PPO update: 0.00s
2026-09-28 13:26:11,898 | INFO |   Env | HO: 100.00% | Throughput: 19.97/user-min | Task: 94.28% | Resolved: 99.89% | Delay: 1.808s | Energy: 3672.29J | MEC fair: 0.477
2026-09-28 13:26:11,898 | INFO |   Reward | Success: 170.45 | Load: 12.65 | Delay: -41.36 | Energy: -27.55 | TaskFail: -10.35 | Interrupt: -4.50 | HOFail: 0.00
2026-09-28 13:26:31,845 | INFO | Update  218 | Steps: 111,616 | Episodes:   218 | EpReward:   101.70 | FPS:  25699 | Actor Loss: 0.0000 | Critic Loss: 0.0000 | HAN Grad: 0.0000 | HAN Δ: 0.000000 | HAN Metapaths: 0
2026-09-28 13:26:31,845 | INFO |   Phase | Rollout: 0.00s | PPO update: 0.00s
2026-09-28 13:26:31,845 | INFO |   Env | HO: 100.00% | Throughput: 19.85/user-min | Task: 94.24% | Resolved: 99.92% | Delay: 1.743s | Energy: 3367.97J | MEC fair: 0.493
2026-09-28 13:26:31,845 | INFO |   Reward | Success: 169.40 | Load: 11.62 | Delay: -38.00 | Energy: -25.84 | TaskFail: -10.35 | Interrupt: -4.15 | HOFail: 0.00
2026-09-28 13:26:51,976 | INFO | Update  219 | Steps: 112,128 | Episodes:   219 | EpReward:   101.62 | FPS:  23878 | Actor Loss: 0.0000 | Critic Loss: 0.0000 | HAN Grad: 0.0000 | HAN Δ: 0.000000 | HAN Metapaths: 0
2026-09-28 13:26:51,976 | INFO |   Phase | Rollout: 0.00s | PPO update: 0.00s
2026-09-28 13:26:51,976 | INFO |   Env | HO: 100.00% | Throughput: 18.88/user-min | Task: 92.27% | Resolved: 99.94% | Delay: 1.949s | Energy: 3689.91J | MEC fair: 0.568
2026-09-28 13:26:51,976 | INFO |   Reward | Success: 161.15 | Load: 16.56 | Delay: -39.68 | Energy: -26.98 | TaskFail: -13.50 | Interrupt: -3.92 | HOFail: 0.00
2026-09-28 13:27:12,289 | INFO | Update  220 | Steps: 112,640 | Episodes:   220 | EpReward:   101.61 | FPS:  18509 | Actor Loss: 0.0000 | Critic Loss: 0.0000 | HAN Grad: 0.0000 | HAN Δ: 0.000000 | HAN Metapaths: 0
2026-09-28 13:27:12,289 | INFO |   Phase | Rollout: 0.00s | PPO update: 0.00s
2026-09-28 13:27:12,289 | INFO |   Env | HO: 100.00% | Throughput: 19.83/user-min | Task: 94.08% | Resolved: 99.92% | Delay: 1.834s | Energy: 3853.07J | MEC fair: 0.523
2026-09-28 13:27:12,289 | INFO |   Reward | Success: 169.25 | Load: 13.93 | Delay: -41.16 | Energy: -28.95 | TaskFail: -10.65 | Interrupt: -2.58 | HOFail: 0.00
2026-09-28 13:27:32,257 | INFO | Update  221 | Steps: 113,152 | Episodes:   221 | EpReward:   101.63 | FPS:  24976 | Actor Loss: 0.0000 | Critic Loss: 0.0000 | HAN Grad: 0.0000 | HAN Δ: 0.000000 | HAN Metapaths: 0
2026-09-28 13:27:32,257 | INFO |   Phase | Rollout: 0.00s | PPO update: 0.00s
2026-09-28 13:27:32,257 | INFO |   Env | HO: 100.00% | Throughput: 19.76/user-min | Task: 94.61% | Resolved: 99.94% | Delay: 1.817s | Energy: 3782.12J | MEC fair: 0.550
2026-09-28 13:27:32,257 | INFO |   Reward | Success: 168.60 | Load: 14.95 | Delay: -41.16 | Energy: -28.36 | TaskFail: -9.60 | Interrupt: -3.42 | HOFail: 0.00
2026-09-28 13:27:52,493 | INFO | Update  222 | Steps: 113,664 | Episodes:   222 | EpReward:   101.68 | FPS:  23323 | Actor Loss: 0.0000 | Critic Loss: 0.0000 | HAN Grad: 0.0000 | HAN Δ: 0.000000 | HAN Metapaths: 0
2026-09-28 13:27:52,493 | INFO |   Phase | Rollout: 0.00s | PPO update: 0.00s
2026-09-28 13:27:52,493 | INFO |   Env | HO: 100.00% | Throughput: 19.93/user-min | Task: 94.13% | Resolved: 99.89% | Delay: 1.850s | Energy: 3769.10J | MEC fair: 0.531
2026-09-28 13:27:52,493 | INFO |   Reward | Success: 170.10 | Load: 14.78 | Delay: -41.27 | Energy: -28.40 | TaskFail: -10.60 | Interrupt: -5.15 | HOFail: 0.00
2026-09-28 13:28:12,838 | INFO | Update  223 | Steps: 114,176 | Episodes:   223 | EpReward:   101.84 | FPS:  25899 | Actor Loss: 0.0000 | Critic Loss: 0.0000 | HAN Grad: 0.0000 | HAN Δ: 0.000000 | HAN Metapaths: 0
2026-09-28 13:28:12,838 | INFO |   Phase | Rollout: 0.00s | PPO update: 0.00s
2026-09-28 13:28:12,838 | INFO |   Env | HO: 100.00% | Throughput: 19.89/user-min | Task: 97.06% | Resolved: 100.00% | Delay: 1.523s | Energy: 2922.83J | MEC fair: 0.507
2026-09-28 13:28:12,838 | INFO |   Reward | Success: 169.75 | Load: 11.29 | Delay: -36.10 | Energy: -24.65 | TaskFail: -5.15 | Interrupt: -5.37 | HOFail: 0.00
2026-09-28 13:28:33,280 | INFO | Update  224 | Steps: 114,688 | Episodes:   224 | EpReward:   101.99 | FPS:  10475 | Actor Loss: 0.0000 | Critic Loss: 0.0000 | HAN Grad: 0.0000 | HAN Δ: 0.000000 | HAN Metapaths: 0
2026-09-28 13:28:33,280 | INFO |   Phase | Rollout: 0.00s | PPO update: 0.00s
2026-09-28 13:28:33,280 | INFO |   Env | HO: 100.00% | Throughput: 20.04/user-min | Task: 97.08% | Resolved: 99.89% | Delay: 1.527s | Energy: 3041.72J | MEC fair: 0.509
2026-09-28 13:28:33,280 | INFO |   Reward | Success: 171.05 | Load: 10.61 | Delay: -36.64 | Energy: -25.58 | TaskFail: -5.15 | Interrupt: -4.75 | HOFail: 0.00
2026-09-28 13:28:53,306 | INFO | Update  225 | Steps: 115,200 | Episodes:   225 | EpReward:   101.89 | FPS:  25192 | Actor Loss: 0.0000 | Critic Loss: 0.0000 | HAN Grad: 0.0000 | HAN Δ: 0.000000 | HAN Metapaths: 0
2026-09-28 13:28:53,306 | INFO |   Phase | Rollout: 0.00s | PPO update: 0.00s
2026-09-28 13:28:53,306 | INFO |   Env | HO: 100.00% | Throughput: 19.69/user-min | Task: 93.93% | Resolved: 99.94% | Delay: 1.804s | Energy: 3682.04J | MEC fair: 0.547
2026-09-28 13:28:53,306 | INFO |   Reward | Success: 168.00 | Load: 14.73 | Delay: -40.29 | Energy: -27.84 | TaskFail: -10.85 | Interrupt: -4.00 | HOFail: 0.00
2026-09-28 13:29:13,595 | INFO | Update  226 | Steps: 115,712 | Episodes:   226 | EpReward:   101.95 | FPS:  26442 | Actor Loss: 0.0000 | Critic Loss: 0.0000 | HAN Grad: 0.0000 | HAN Δ: 0.000000 | HAN Metapaths: 0
2026-09-28 13:29:13,595 | INFO |   Phase | Rollout: 0.00s | PPO update: 0.00s
2026-09-28 13:29:13,595 | INFO |   Env | HO: 100.00% | Throughput: 19.56/user-min | Task: 94.40% | Resolved: 99.97% | Delay: 1.796s | Energy: 3573.45J | MEC fair: 0.556
2026-09-28 13:29:13,595 | INFO |   Reward | Success: 166.95 | Load: 14.95 | Delay: -40.20 | Energy: -27.21 | TaskFail: -9.90 | Interrupt: -2.87 | HOFail: 0.00
2026-09-28 13:29:33,715 | INFO | Update  227 | Steps: 116,224 | Episodes:   227 | EpReward:   101.90 | FPS:  20316 | Actor Loss: 0.0000 | Critic Loss: 0.0000 | HAN Grad: 0.0000 | HAN Δ: 0.000000 | HAN Metapaths: 0
2026-09-28 13:29:33,715 | INFO |   Phase | Rollout: 0.00s | PPO update: 0.00s
2026-09-28 13:29:33,715 | INFO |   Env | HO: 100.00% | Throughput: 19.65/user-min | Task: 93.58% | Resolved: 99.94% | Delay: 1.843s | Energy: 3467.42J | MEC fair: 0.504
2026-09-28 13:29:33,715 | INFO |   Reward | Success: 167.70 | Load: 12.42 | Delay: -38.03 | Energy: -26.10 | TaskFail: -11.50 | Interrupt: -7.65 | HOFail: 0.00
2026-09-28 13:29:54,057 | INFO | Update  228 | Steps: 116,736 | Episodes:   228 | EpReward:   101.99 | FPS:  26128 | Actor Loss: 0.0000 | Critic Loss: 0.0000 | HAN Grad: 0.0000 | HAN Δ: 0.000000 | HAN Metapaths: 0
2026-09-28 13:29:54,058 | INFO |   Phase | Rollout: 0.00s | PPO update: 0.00s
2026-09-28 13:29:54,058 | INFO |   Env | HO: 100.00% | Throughput: 20.10/user-min | Task: 93.49% | Resolved: 99.95% | Delay: 1.892s | Energy: 3944.52J | MEC fair: 0.527
2026-09-28 13:29:54,058 | INFO |   Reward | Success: 171.55 | Load: 15.21 | Delay: -42.38 | Energy: -29.22 | TaskFail: -11.95 | Interrupt: -3.33 | HOFail: 0.00
2026-09-28 13:30:14,115 | INFO | Update  229 | Steps: 117,248 | Episodes:   229 | EpReward:   101.94 | FPS:  25701 | Actor Loss: 0.0000 | Critic Loss: 0.0000 | HAN Grad: 0.0000 | HAN Δ: 0.000000 | HAN Metapaths: 0
2026-09-28 13:30:14,115 | INFO |   Phase | Rollout: 0.00s | PPO update: 0.00s
2026-09-28 13:30:14,115 | INFO |   Env | HO: 100.00% | Throughput: 20.03/user-min | Task: 94.50% | Resolved: 100.00% | Delay: 1.745s | Energy: 3531.41J | MEC fair: 0.497
2026-09-28 13:30:14,115 | INFO |   Reward | Success: 170.90 | Load: 10.27 | Delay: -38.37 | Energy: -27.42 | TaskFail: -9.95 | Interrupt: -6.94 | HOFail: 0.00
2026-09-28 13:30:34,251 | INFO | Update  230 | Steps: 117,760 | Episodes:   230 | EpReward:   101.95 | FPS:  24996 | Actor Loss: 0.0000 | Critic Loss: 0.0000 | HAN Grad: 0.0000 | HAN Δ: 0.000000 | HAN Metapaths: 0
2026-09-28 13:30:34,251 | INFO |   Phase | Rollout: 0.00s | PPO update: 0.00s
2026-09-28 13:30:34,251 | INFO |   Env | HO: 100.00% | Throughput: 20.17/user-min | Task: 96.58% | Resolved: 100.00% | Delay: 1.558s | Energy: 3201.60J | MEC fair: 0.515
2026-09-28 13:30:34,251 | INFO |   Reward | Success: 172.15 | Load: 11.28 | Delay: -37.41 | Energy: -26.79 | TaskFail: -6.10 | Interrupt: -3.83 | HOFail: 0.00
2026-09-28 13:30:54,388 | INFO | Update  231 | Steps: 118,272 | Episodes:   231 | EpReward:   101.96 | FPS:  25822 | Actor Loss: 0.0000 | Critic Loss: 0.0000 | HAN Grad: 0.0000 | HAN Δ: 0.000000 | HAN Metapaths: 0
2026-09-28 13:30:54,388 | INFO |   Phase | Rollout: 0.00s | PPO update: 0.00s
2026-09-28 13:30:54,389 | INFO |   Env | HO: 100.00% | Throughput: 20.32/user-min | Task: 94.91% | Resolved: 99.97% | Delay: 1.763s | Energy: 3849.29J | MEC fair: 0.556
2026-09-28 13:30:54,389 | INFO |   Reward | Success: 173.40 | Load: 14.92 | Delay: -41.57 | Energy: -29.31 | TaskFail: -9.30 | Interrupt: -2.58 | HOFail: 0.00
2026-09-28 13:31:14,614 | INFO | Update  232 | Steps: 118,784 | Episodes:   232 | EpReward:   101.89 | FPS:  26080 | Actor Loss: 0.0000 | Critic Loss: 0.0000 | HAN Grad: 0.0000 | HAN Δ: 0.000000 | HAN Metapaths: 0
2026-09-28 13:31:14,614 | INFO |   Phase | Rollout: 0.00s | PPO update: 0.00s
2026-09-28 13:31:14,614 | INFO |   Env | HO: 100.00% | Throughput: 20.06/user-min | Task: 95.22% | Resolved: 99.94% | Delay: 1.748s | Energy: 3673.72J | MEC fair: 0.505
2026-09-28 13:31:14,614 | INFO |   Reward | Success: 171.20 | Load: 12.17 | Delay: -40.27 | Energy: -28.25 | TaskFail: -8.60 | Interrupt: -2.48 | HOFail: 0.00
2026-09-28 13:31:34,834 | INFO | Update  233 | Steps: 119,296 | Episodes:   233 | EpReward:   101.93 | FPS:  26370 | Actor Loss: 0.0000 | Critic Loss: 0.0000 | HAN Grad: 0.0000 | HAN Δ: 0.000000 | HAN Metapaths: 0
2026-09-28 13:31:34,835 | INFO |   Phase | Rollout: 0.00s | PPO update: 0.00s
2026-09-28 13:31:34,835 | INFO |   Env | HO: 100.00% | Throughput: 20.61/user-min | Task: 96.17% | Resolved: 99.97% | Delay: 1.597s | Energy: 3139.59J | MEC fair: 0.520
2026-09-28 13:31:34,835 | INFO |   Reward | Success: 175.85 | Load: 12.16 | Delay: -38.22 | Energy: -26.26 | TaskFail: -7.00 | Interrupt: -4.29 | HOFail: 0.00
2026-09-28 13:31:54,966 | INFO | Update  234 | Steps: 119,808 | Episodes:   234 | EpReward:   101.94 | FPS:  24347 | Actor Loss: 0.0000 | Critic Loss: 0.0000 | HAN Grad: 0.0000 | HAN Δ: 0.000000 | HAN Metapaths: 0
2026-09-28 13:31:54,966 | INFO |   Phase | Rollout: 0.00s | PPO update: 0.00s
2026-09-28 13:31:54,966 | INFO |   Env | HO: 100.00% | Throughput: 19.65/user-min | Task: 94.27% | Resolved: 99.92% | Delay: 1.743s | Energy: 3443.31J | MEC fair: 0.486
2026-09-28 13:31:54,966 | INFO |   Reward | Success: 167.70 | Load: 12.31 | Delay: -38.41 | Energy: -26.31 | TaskFail: -10.20 | Interrupt: -8.67 | HOFail: 0.00
2026-09-28 13:32:14,945 | INFO | Update  235 | Steps: 120,320 | Episodes:   235 | EpReward:   101.92 | FPS:  26146 | Actor Loss: 0.0000 | Critic Loss: 0.0000 | HAN Grad: 0.0000 | HAN Δ: 0.000000 | HAN Metapaths: 0
2026-09-28 13:32:14,945 | INFO |   Phase | Rollout: 0.00s | PPO update: 0.00s
2026-09-28 13:32:14,945 | INFO |   Env | HO: 100.00% | Throughput: 19.61/user-min | Task: 95.49% | Resolved: 99.91% | Delay: 1.720s | Energy: 3525.42J | MEC fair: 0.567
2026-09-28 13:32:14,945 | INFO |   Reward | Success: 167.30 | Load: 15.02 | Delay: -39.96 | Energy: -27.67 | TaskFail: -7.90 | Interrupt: -5.99 | HOFail: 0.00
2026-09-28 13:32:34,914 | INFO | Update  236 | Steps: 120,832 | Episodes:   236 | EpReward:   101.76 | FPS:  25164 | Actor Loss: 0.0000 | Critic Loss: 0.0000 | HAN Grad: 0.0000 | HAN Δ: 0.000000 | HAN Metapaths: 0
2026-09-28 13:32:34,914 | INFO |   Phase | Rollout: 0.00s | PPO update: 0.00s
2026-09-28 13:32:34,914 | INFO |   Env | HO: 100.00% | Throughput: 19.26/user-min | Task: 93.91% | Resolved: 99.94% | Delay: 1.847s | Energy: 3763.60J | MEC fair: 0.529
2026-09-28 13:32:34,914 | INFO |   Reward | Success: 164.35 | Load: 13.72 | Delay: -40.13 | Energy: -27.88 | TaskFail: -10.65 | Interrupt: -6.03 | HOFail: 0.00
2026-09-28 13:32:55,214 | INFO | Update  237 | Steps: 121,344 | Episodes:   237 | EpReward:   101.87 | FPS:  25339 | Actor Loss: 0.0000 | Critic Loss: 0.0000 | HAN Grad: 0.0000 | HAN Δ: 0.000000 | HAN Metapaths: 0
2026-09-28 13:32:55,214 | INFO |   Phase | Rollout: 0.00s | PPO update: 0.00s
2026-09-28 13:32:55,214 | INFO |   Env | HO: 100.00% | Throughput: 20.53/user-min | Task: 96.50% | Resolved: 99.92% | Delay: 1.593s | Energy: 3179.37J | MEC fair: 0.531
2026-09-28 13:32:55,214 | INFO |   Reward | Success: 175.15 | Load: 12.28 | Delay: -38.81 | Energy: -26.32 | TaskFail: -6.35 | Interrupt: -4.52 | HOFail: 0.00
2026-09-28 13:33:15,267 | INFO | Update  238 | Steps: 121,856 | Episodes:   238 | EpReward:   101.84 | FPS:  25700 | Actor Loss: 0.0000 | Critic Loss: 0.0000 | HAN Grad: 0.0000 | HAN Δ: 0.000000 | HAN Metapaths: 0
2026-09-28 13:33:15,267 | INFO |   Phase | Rollout: 0.00s | PPO update: 0.00s
2026-09-28 13:33:15,267 | INFO |   Env | HO: 100.00% | Throughput: 20.14/user-min | Task: 94.37% | Resolved: 99.92% | Delay: 1.847s | Energy: 3811.04J | MEC fair: 0.567
2026-09-28 13:33:15,267 | INFO |   Reward | Success: 171.90 | Load: 16.24 | Delay: -42.57 | Energy: -28.89 | TaskFail: -10.25 | Interrupt: -3.05 | HOFail: 0.00
2026-09-28 13:33:35,386 | INFO | Update  239 | Steps: 122,368 | Episodes:   239 | EpReward:   101.90 | FPS:  25824 | Actor Loss: 0.0000 | Critic Loss: 0.0000 | HAN Grad: 0.0000 | HAN Δ: 0.000000 | HAN Metapaths: 0
2026-09-28 13:33:35,386 | INFO |   Phase | Rollout: 0.00s | PPO update: 0.00s
2026-09-28 13:33:35,386 | INFO |   Env | HO: 100.00% | Throughput: 19.68/user-min | Task: 96.27% | Resolved: 99.94% | Delay: 1.606s | Energy: 3099.20J | MEC fair: 0.471
2026-09-28 13:33:35,386 | INFO |   Reward | Success: 167.95 | Load: 10.90 | Delay: -36.94 | Energy: -25.69 | TaskFail: -6.50 | Interrupt: -1.54 | HOFail: 0.00
2026-09-28 13:33:55,492 | INFO | Update  240 | Steps: 122,880 | Episodes:   240 | EpReward:   101.95 | FPS:  23608 | Actor Loss: 0.0000 | Critic Loss: 0.0000 | HAN Grad: 0.0000 | HAN Δ: 0.000000 | HAN Metapaths: 0
2026-09-28 13:33:55,492 | INFO |   Phase | Rollout: 0.00s | PPO update: 0.00s
2026-09-28 13:33:55,492 | INFO |   Env | HO: 100.00% | Throughput: 20.07/user-min | Task: 94.25% | Resolved: 99.97% | Delay: 1.848s | Energy: 3951.79J | MEC fair: 0.525
2026-09-28 13:33:55,492 | INFO |   Reward | Success: 171.30 | Load: 14.34 | Delay: -42.19 | Energy: -29.35 | TaskFail: -10.45 | Interrupt: -3.25 | HOFail: 0.00
2026-09-28 13:34:15,680 | INFO | Update  241 | Steps: 123,392 | Episodes:   241 | EpReward:   101.81 | FPS:  22547 | Actor Loss: 0.0000 | Critic Loss: 0.0000 | HAN Grad: 0.0000 | HAN Δ: 0.000000 | HAN Metapaths: 0
2026-09-28 13:34:15,680 | INFO |   Phase | Rollout: 0.00s | PPO update: 0.00s
2026-09-28 13:34:15,680 | INFO |   Env | HO: 100.00% | Throughput: 19.44/user-min | Task: 92.84% | Resolved: 99.86% | Delay: 1.900s | Energy: 3723.07J | MEC fair: 0.522
2026-09-28 13:34:15,680 | INFO |   Reward | Success: 165.85 | Load: 14.15 | Delay: -39.86 | Energy: -27.76 | TaskFail: -12.80 | Interrupt: -3.86 | HOFail: 0.00
2026-09-28 13:34:35,848 | INFO | Update  242 | Steps: 123,904 | Episodes:   242 | EpReward:   101.86 | FPS:  25691 | Actor Loss: 0.0000 | Critic Loss: 0.0000 | HAN Grad: 0.0000 | HAN Δ: 0.000000 | HAN Metapaths: 0
2026-09-28 13:34:35,848 | INFO |   Phase | Rollout: 0.00s | PPO update: 0.00s
2026-09-28 13:34:35,848 | INFO |   Env | HO: 100.00% | Throughput: 19.91/user-min | Task: 95.02% | Resolved: 99.94% | Delay: 1.770s | Energy: 3813.33J | MEC fair: 0.537
2026-09-28 13:34:35,848 | INFO |   Reward | Success: 169.90 | Load: 14.34 | Delay: -41.88 | Energy: -29.00 | TaskFail: -8.90 | Interrupt: -1.55 | HOFail: 0.00
2026-09-28 13:34:56,093 | INFO | Update  243 | Steps: 124,416 | Episodes:   243 | EpReward:   101.92 | FPS:  25305 | Actor Loss: 0.0000 | Critic Loss: 0.0000 | HAN Grad: 0.0000 | HAN Δ: 0.000000 | HAN Metapaths: 0
2026-09-28 13:34:56,093 | INFO |   Phase | Rollout: 0.00s | PPO update: 0.00s
2026-09-28 13:34:56,093 | INFO |   Env | HO: 100.00% | Throughput: 20.04/user-min | Task: 96.37% | Resolved: 99.97% | Delay: 1.669s | Energy: 3510.57J | MEC fair: 0.482
2026-09-28 13:34:56,093 | INFO |   Reward | Success: 171.00 | Load: 11.74 | Delay: -40.39 | Energy: -28.17 | TaskFail: -6.45 | Interrupt: -3.16 | HOFail: 0.00
2026-09-28 13:35:16,308 | INFO | Update  244 | Steps: 124,928 | Episodes:   244 | EpReward:   102.09 | FPS:  26143 | Actor Loss: 0.0000 | Critic Loss: 0.0000 | HAN Grad: 0.0000 | HAN Δ: 0.000000 | HAN Metapaths: 0
2026-09-28 13:35:16,308 | INFO |   Phase | Rollout: 0.00s | PPO update: 0.00s
2026-09-28 13:35:16,308 | INFO |   Env | HO: 100.00% | Throughput: 20.71/user-min | Task: 97.73% | Resolved: 99.94% | Delay: 1.505s | Energy: 2894.22J | MEC fair: 0.514
2026-09-28 13:35:16,308 | INFO |   Reward | Success: 176.75 | Load: 12.42 | Delay: -38.09 | Energy: -25.72 | TaskFail: -4.10 | Interrupt: -5.61 | HOFail: 0.00
2026-09-28 13:35:19,143 | INFO | ----------------------------------------
2026-09-28 13:35:19,143 | INFO | 开始评估 HAN+PDQN...
2026-09-28 13:35:56,136 | INFO | 评估结果: 奖励 = 107.00 ± 3.44, 长度 = 512, 延迟 = 1.696s
2026-09-28 13:35:56,136 | INFO | ----------------------------------------
2026-09-28 13:36:13,635 | INFO | Update  245 | Steps: 125,440 | Episodes:   245 | EpReward:   102.21 | FPS:  25019 | Actor Loss: 0.0000 | Critic Loss: 0.0000 | HAN Grad: 0.0000 | HAN Δ: 0.000000 | HAN Metapaths: 0
2026-09-28 13:36:13,636 | INFO |   Phase | Rollout: 0.00s | PPO update: 0.00s
2026-09-28 13:36:13,636 | INFO |   Env | HO: 100.00% | Throughput: 20.30/user-min | Task: 96.52% | Resolved: 99.97% | Delay: 1.571s | Energy: 2862.94J | MEC fair: 0.501
2026-09-28 13:36:13,636 | INFO |   Reward | Success: 173.25 | Load: 11.33 | Delay: -36.34 | Energy: -24.88 | TaskFail: -6.25 | Interrupt: -5.87 | HOFail: 0.00
2026-09-28 13:36:33,780 | INFO | Update  246 | Steps: 125,952 | Episodes:   246 | EpReward:   102.08 | FPS:  24972 | Actor Loss: 0.0000 | Critic Loss: 0.0000 | HAN Grad: 0.0000 | HAN Δ: 0.000000 | HAN Metapaths: 0
2026-09-28 13:36:33,780 | INFO |   Phase | Rollout: 0.00s | PPO update: 0.00s
2026-09-28 13:36:33,780 | INFO |   Env | HO: 100.00% | Throughput: 19.97/user-min | Task: 93.83% | Resolved: 99.94% | Delay: 1.915s | Energy: 3884.57J | MEC fair: 0.550
2026-09-28 13:36:33,780 | INFO |   Reward | Success: 170.45 | Load: 14.06 | Delay: -41.23 | Energy: -29.04 | TaskFail: -11.20 | Interrupt: -5.30 | HOFail: 0.00
2026-09-28 13:36:54,065 | INFO | Update  247 | Steps: 126,464 | Episodes:   247 | EpReward:   102.04 | FPS:  26043 | Actor Loss: 0.0000 | Critic Loss: 0.0000 | HAN Grad: 0.0000 | HAN Δ: 0.000000 | HAN Metapaths: 0
2026-09-28 13:36:54,065 | INFO |   Phase | Rollout: 0.00s | PPO update: 0.00s
2026-09-28 13:36:54,065 | INFO |   Env | HO: 100.00% | Throughput: 19.58/user-min | Task: 93.01% | Resolved: 99.97% | Delay: 1.902s | Energy: 3840.42J | MEC fair: 0.517
2026-09-28 13:36:54,065 | INFO |   Reward | Success: 167.10 | Load: 14.82 | Delay: -41.77 | Energy: -28.13 | TaskFail: -12.55 | Interrupt: -2.77 | HOFail: 0.00
2026-09-28 13:37:14,229 | INFO | Update  248 | Steps: 126,976 | Episodes:   248 | EpReward:   101.94 | FPS:  25981 | Actor Loss: 0.0000 | Critic Loss: 0.0000 | HAN Grad: 0.0000 | HAN Δ: 0.000000 | HAN Metapaths: 0
2026-09-28 13:37:14,229 | INFO |   Phase | Rollout: 0.00s | PPO update: 0.00s
2026-09-28 13:37:14,229 | INFO |   Env | HO: 100.00% | Throughput: 19.66/user-min | Task: 94.37% | Resolved: 99.80% | Delay: 1.820s | Energy: 3652.44J | MEC fair: 0.531
2026-09-28 13:37:14,229 | INFO |   Reward | Success: 167.75 | Load: 15.86 | Delay: -41.78 | Energy: -28.00 | TaskFail: -10.00 | Interrupt: -3.52 | HOFail: 0.00
2026-09-28 13:37:34,421 | INFO | Update  249 | Steps: 127,488 | Episodes:   249 | EpReward:   101.90 | FPS:  26161 | Actor Loss: 0.0000 | Critic Loss: 0.0000 | HAN Grad: 0.0000 | HAN Δ: 0.000000 | HAN Metapaths: 0
2026-09-28 13:37:34,421 | INFO |   Phase | Rollout: 0.00s | PPO update: 0.00s
2026-09-28 13:37:34,421 | INFO |   Env | HO: 100.00% | Throughput: 20.00/user-min | Task: 94.73% | Resolved: 99.86% | Delay: 1.824s | Energy: 3841.21J | MEC fair: 0.521
2026-09-28 13:37:34,421 | INFO |   Reward | Success: 170.65 | Load: 14.45 | Delay: -42.05 | Energy: -28.92 | TaskFail: -9.50 | Interrupt: -2.12 | HOFail: 0.00
2026-09-28 13:37:54,446 | INFO | Update  250 | Steps: 128,000 | Episodes:   250 | EpReward:   101.81 | FPS:  25518 | Actor Loss: 0.0000 | Critic Loss: 0.0000 | HAN Grad: 0.0000 | HAN Δ: 0.000000 | HAN Metapaths: 0
2026-09-28 13:37:54,446 | INFO |   Phase | Rollout: 0.00s | PPO update: 0.00s
2026-09-28 13:37:54,446 | INFO |   Env | HO: 100.00% | Throughput: 19.78/user-min | Task: 94.73% | Resolved: 99.97% | Delay: 1.756s | Energy: 3468.55J | MEC fair: 0.483
2026-09-28 13:37:54,446 | INFO |   Reward | Success: 168.80 | Load: 11.77 | Delay: -38.99 | Energy: -26.99 | TaskFail: -9.40 | Interrupt: -5.85 | HOFail: 0.00
2026-09-28 13:38:14,615 | INFO | Update  251 | Steps: 128,512 | Episodes:   251 | EpReward:   101.78 | FPS:  24913 | Actor Loss: 0.0000 | Critic Loss: 0.0000 | HAN Grad: 0.0000 | HAN Δ: 0.000000 | HAN Metapaths: 0
2026-09-28 13:38:14,615 | INFO |   Phase | Rollout: 0.00s | PPO update: 0.00s
2026-09-28 13:38:14,615 | INFO |   Env | HO: 100.00% | Throughput: 19.17/user-min | Task: 93.19% | Resolved: 99.91% | Delay: 1.934s | Energy: 3823.44J | MEC fair: 0.499
2026-09-28 13:38:14,615 | INFO |   Reward | Success: 163.60 | Load: 14.36 | Delay: -40.50 | Energy: -28.04 | TaskFail: -11.95 | Interrupt: -3.92 | HOFail: 0.00
2026-09-28 13:38:34,742 | INFO | Update  252 | Steps: 129,024 | Episodes:   252 | EpReward:   101.81 | FPS:  25449 | Actor Loss: 0.0000 | Critic Loss: 0.0000 | HAN Grad: 0.0000 | HAN Δ: 0.000000 | HAN Metapaths: 0
2026-09-28 13:38:34,742 | INFO |   Phase | Rollout: 0.00s | PPO update: 0.00s
2026-09-28 13:38:34,742 | INFO |   Env | HO: 100.00% | Throughput: 20.23/user-min | Task: 94.73% | Resolved: 99.97% | Delay: 1.724s | Energy: 3509.73J | MEC fair: 0.497
2026-09-28 13:38:34,742 | INFO |   Reward | Success: 172.60 | Load: 12.70 | Delay: -40.13 | Energy: -27.41 | TaskFail: -9.60 | Interrupt: -2.16 | HOFail: 0.00
2026-09-28 13:38:54,895 | INFO | Update  253 | Steps: 129,536 | Episodes:   253 | EpReward:   101.70 | FPS:  25397 | Actor Loss: 0.0000 | Critic Loss: 0.0000 | HAN Grad: 0.0000 | HAN Δ: 0.000000 | HAN Metapaths: 0
2026-09-28 13:38:54,896 | INFO |   Phase | Rollout: 0.00s | PPO update: 0.00s
2026-09-28 13:38:54,896 | INFO |   Env | HO: 100.00% | Throughput: 19.31/user-min | Task: 92.58% | Resolved: 99.92% | Delay: 2.006s | Energy: 3959.07J | MEC fair: 0.478
2026-09-28 13:38:54,896 | INFO |   Reward | Success: 164.75 | Load: 14.07 | Delay: -41.64 | Energy: -28.36 | TaskFail: -13.20 | Interrupt: -4.61 | HOFail: 0.00
2026-09-28 13:39:15,248 | INFO | Update  254 | Steps: 130,048 | Episodes:   254 | EpReward:   101.59 | FPS:  25877 | Actor Loss: 0.0000 | Critic Loss: 0.0000 | HAN Grad: 0.0000 | HAN Δ: 0.000000 | HAN Metapaths: 0
2026-09-28 13:39:15,248 | INFO |   Phase | Rollout: 0.00s | PPO update: 0.00s
2026-09-28 13:39:15,248 | INFO |   Env | HO: 100.00% | Throughput: 19.68/user-min | Task: 94.27% | Resolved: 99.86% | Delay: 1.815s | Energy: 3710.97J | MEC fair: 0.547
2026-09-28 13:39:15,248 | INFO |   Reward | Success: 167.90 | Load: 15.48 | Delay: -41.25 | Energy: -28.37 | TaskFail: -10.20 | Interrupt: -3.60 | HOFail: 0.00
2026-09-28 13:39:35,298 | INFO | Update  255 | Steps: 130,560 | Episodes:   255 | EpReward:   101.50 | FPS:  25697 | Actor Loss: 0.0000 | Critic Loss: 0.0000 | HAN Grad: 0.0000 | HAN Δ: 0.000000 | HAN Metapaths: 0
2026-09-28 13:39:35,298 | INFO |   Phase | Rollout: 0.00s | PPO update: 0.00s
2026-09-28 13:39:35,298 | INFO |   Env | HO: 100.00% | Throughput: 19.89/user-min | Task: 94.65% | Resolved: 99.89% | Delay: 1.768s | Energy: 3355.23J | MEC fair: 0.525
2026-09-28 13:39:35,298 | INFO |   Reward | Success: 169.70 | Load: 15.32 | Delay: -40.45 | Energy: -26.80 | TaskFail: -9.60 | Interrupt: -5.37 | HOFail: 0.00
2026-09-28 13:39:55,711 | INFO | Update  256 | Steps: 131,072 | Episodes:   256 | EpReward:   101.59 | FPS:  24774 | Actor Loss: 0.0000 | Critic Loss: 0.0000 | HAN Grad: 0.0000 | HAN Δ: 0.000000 | HAN Metapaths: 0
2026-09-28 13:39:55,711 | INFO |   Phase | Rollout: 0.00s | PPO update: 0.00s
2026-09-28 13:39:55,711 | INFO |   Env | HO: 100.00% | Throughput: 20.36/user-min | Task: 96.96% | Resolved: 99.94% | Delay: 1.541s | Energy: 3050.77J | MEC fair: 0.502
2026-09-28 13:39:55,711 | INFO |   Reward | Success: 173.75 | Load: 12.18 | Delay: -38.23 | Energy: -26.14 | TaskFail: -5.45 | Interrupt: -3.04 | HOFail: 0.00
2026-09-28 13:40:15,790 | INFO | Update  257 | Steps: 131,584 | Episodes:   257 | EpReward:   101.62 | FPS:  25541 | Actor Loss: 0.0000 | Critic Loss: 0.0000 | HAN Grad: 0.0000 | HAN Δ: 0.000000 | HAN Metapaths: 0
2026-09-28 13:40:15,790 | INFO |   Phase | Rollout: 0.00s | PPO update: 0.00s
2026-09-28 13:40:15,790 | INFO |   Env | HO: 100.00% | Throughput: 20.30/user-min | Task: 94.29% | Resolved: 99.92% | Delay: 1.844s | Energy: 3906.57J | MEC fair: 0.586
2026-09-28 13:40:15,790 | INFO |   Reward | Success: 173.25 | Load: 16.57 | Delay: -43.38 | Energy: -29.48 | TaskFail: -10.50 | Interrupt: -2.24 | HOFail: 0.00
2026-09-28 13:40:36,063 | INFO | Update  258 | Steps: 132,096 | Episodes:   258 | EpReward:   101.58 | FPS:  26066 | Actor Loss: 0.0000 | Critic Loss: 0.0000 | HAN Grad: 0.0000 | HAN Δ: 0.000000 | HAN Metapaths: 0
2026-09-28 13:40:36,063 | INFO |   Phase | Rollout: 0.00s | PPO update: 0.00s
2026-09-28 13:40:36,063 | INFO |   Env | HO: 100.00% | Throughput: 19.56/user-min | Task: 94.38% | Resolved: 99.94% | Delay: 1.819s | Energy: 3657.55J | MEC fair: 0.548
2026-09-28 13:40:36,063 | INFO |   Reward | Success: 166.95 | Load: 15.04 | Delay: -40.52 | Energy: -28.06 | TaskFail: -9.95 | Interrupt: -2.78 | HOFail: 0.00
2026-09-28 13:40:55,968 | INFO | Update  259 | Steps: 132,608 | Episodes:   259 | EpReward:   101.51 | FPS:  25509 | Actor Loss: 0.0000 | Critic Loss: 0.0000 | HAN Grad: 0.0000 | HAN Δ: 0.000000 | HAN Metapaths: 0
2026-09-28 13:40:55,969 | INFO |   Phase | Rollout: 0.00s | PPO update: 0.00s
2026-09-28 13:40:55,969 | INFO |   Env | HO: 100.00% | Throughput: 19.46/user-min | Task: 93.55% | Resolved: 99.92% | Delay: 1.930s | Energy: 4031.41J | MEC fair: 0.521
2026-09-28 13:40:55,969 | INFO |   Reward | Success: 166.10 | Load: 14.98 | Delay: -42.56 | Energy: -29.14 | TaskFail: -11.45 | Interrupt: -2.51 | HOFail: 0.00
2026-09-28 13:41:16,096 | INFO | Update  260 | Steps: 133,120 | Episodes:   260 | EpReward:   101.53 | FPS:  26374 | Actor Loss: 0.0000 | Critic Loss: 0.0000 | HAN Grad: 0.0000 | HAN Δ: 0.000000 | HAN Metapaths: 0
2026-09-28 13:41:16,096 | INFO |   Phase | Rollout: 0.00s | PPO update: 0.00s
2026-09-28 13:41:16,096 | INFO |   Env | HO: 100.00% | Throughput: 20.14/user-min | Task: 95.66% | Resolved: 99.94% | Delay: 1.751s | Energy: 3682.03J | MEC fair: 0.583
2026-09-28 13:41:16,096 | INFO |   Reward | Success: 171.90 | Load: 15.27 | Delay: -41.70 | Energy: -28.59 | TaskFail: -7.80 | Interrupt: -2.10 | HOFail: 0.00
2026-09-28 13:41:36,309 | INFO | Update  261 | Steps: 133,632 | Episodes:   261 | EpReward:   101.59 | FPS:  25431 | Actor Loss: 0.0000 | Critic Loss: 0.0000 | HAN Grad: 0.0000 | HAN Δ: 0.000000 | HAN Metapaths: 0
2026-09-28 13:41:36,309 | INFO |   Phase | Rollout: 0.00s | PPO update: 0.00s
2026-09-28 13:41:36,309 | INFO |   Env | HO: 100.00% | Throughput: 20.36/user-min | Task: 95.62% | Resolved: 99.94% | Delay: 1.652s | Energy: 3399.69J | MEC fair: 0.512
2026-09-28 13:41:36,309 | INFO |   Reward | Success: 173.75 | Load: 11.51 | Delay: -39.00 | Energy: -27.35 | TaskFail: -7.95 | Interrupt: -5.45 | HOFail: 0.00
2026-09-28 13:41:56,464 | INFO | Update  262 | Steps: 134,144 | Episodes:   262 | EpReward:   101.62 | FPS:  20489 | Actor Loss: 0.0000 | Critic Loss: 0.0000 | HAN Grad: 0.0000 | HAN Δ: 0.000000 | HAN Metapaths: 0
2026-09-28 13:41:56,464 | INFO |   Phase | Rollout: 0.00s | PPO update: 0.00s
2026-09-28 13:41:56,464 | INFO |   Env | HO: 100.00% | Throughput: 20.26/user-min | Task: 96.43% | Resolved: 99.97% | Delay: 1.618s | Energy: 3198.70J | MEC fair: 0.495
2026-09-28 13:41:56,464 | INFO |   Reward | Success: 172.90 | Load: 10.81 | Delay: -38.00 | Energy: -26.21 | TaskFail: -6.40 | Interrupt: -6.72 | HOFail: 0.00
2026-09-28 13:42:16,652 | INFO | Update  263 | Steps: 134,656 | Episodes:   263 | EpReward:   101.70 | FPS:  24720 | Actor Loss: 0.0000 | Critic Loss: 0.0000 | HAN Grad: 0.0000 | HAN Δ: 0.000000 | HAN Metapaths: 0
2026-09-28 13:42:16,652 | INFO |   Phase | Rollout: 0.00s | PPO update: 0.00s
2026-09-28 13:42:16,652 | INFO |   Env | HO: 100.00% | Throughput: 20.68/user-min | Task: 95.59% | Resolved: 99.89% | Delay: 1.668s | Energy: 3532.15J | MEC fair: 0.483
2026-09-28 13:42:16,652 | INFO |   Reward | Success: 176.45 | Load: 11.52 | Delay: -40.17 | Energy: -27.91 | TaskFail: -8.15 | Interrupt: -3.35 | HOFail: 0.00
2026-09-28 13:42:37,215 | INFO | Update  264 | Steps: 135,168 | Episodes:   264 | EpReward:   101.70 | FPS:  24404 | Actor Loss: 0.0000 | Critic Loss: 0.0000 | HAN Grad: 0.0000 | HAN Δ: 0.000000 | HAN Metapaths: 0
2026-09-28 13:42:37,215 | INFO |   Phase | Rollout: 0.00s | PPO update: 0.00s
2026-09-28 13:42:37,215 | INFO |   Env | HO: 100.00% | Throughput: 19.68/user-min | Task: 95.81% | Resolved: 99.91% | Delay: 1.635s | Energy: 2943.12J | MEC fair: 0.512
2026-09-28 13:42:37,215 | INFO |   Reward | Success: 167.90 | Load: 12.17 | Delay: -37.17 | Energy: -24.49 | TaskFail: -7.35 | Interrupt: -8.50 | HOFail: 0.00
2026-09-28 13:42:57,353 | INFO | Update  265 | Steps: 135,680 | Episodes:   265 | EpReward:   101.75 | FPS:  25209 | Actor Loss: 0.0000 | Critic Loss: 0.0000 | HAN Grad: 0.0000 | HAN Δ: 0.000000 | HAN Metapaths: 0
2026-09-28 13:42:57,354 | INFO |   Phase | Rollout: 0.00s | PPO update: 0.00s
2026-09-28 13:42:57,354 | INFO |   Env | HO: 100.00% | Throughput: 19.99/user-min | Task: 95.60% | Resolved: 99.97% | Delay: 1.646s | Energy: 3073.18J | MEC fair: 0.505
2026-09-28 13:42:57,354 | INFO |   Reward | Success: 170.55 | Load: 11.90 | Delay: -36.42 | Energy: -25.30 | TaskFail: -7.85 | Interrupt: -4.89 | HOFail: 0.00
2026-09-28 13:43:17,400 | INFO | Update  266 | Steps: 136,192 | Episodes:   266 | EpReward:   101.73 | FPS:  25639 | Actor Loss: 0.0000 | Critic Loss: 0.0000 | HAN Grad: 0.0000 | HAN Δ: 0.000000 | HAN Metapaths: 0
2026-09-28 13:43:17,400 | INFO |   Phase | Rollout: 0.00s | PPO update: 0.00s
2026-09-28 13:43:17,400 | INFO |   Env | HO: 100.00% | Throughput: 19.99/user-min | Task: 94.80% | Resolved: 99.94% | Delay: 1.681s | Energy: 3434.15J | MEC fair: 0.469
2026-09-28 13:43:17,400 | INFO |   Reward | Success: 170.60 | Load: 10.43 | Delay: -38.14 | Energy: -26.57 | TaskFail: -9.35 | Interrupt: -8.02 | HOFail: 0.00
2026-09-28 13:43:37,494 | INFO | Update  267 | Steps: 136,704 | Episodes:   267 | EpReward:   101.71 | FPS:  10425 | Actor Loss: 0.0000 | Critic Loss: 0.0000 | HAN Grad: 0.0000 | HAN Δ: 0.000000 | HAN Metapaths: 0
2026-09-28 13:43:37,494 | INFO |   Phase | Rollout: 0.00s | PPO update: 0.00s
2026-09-28 13:43:37,494 | INFO |   Env | HO: 100.00% | Throughput: 19.75/user-min | Task: 92.81% | Resolved: 100.00% | Delay: 2.019s | Energy: 4046.14J | MEC fair: 0.530
2026-09-28 13:43:37,494 | INFO |   Reward | Success: 168.55 | Load: 14.80 | Delay: -41.94 | Energy: -28.82 | TaskFail: -13.05 | Interrupt: -3.33 | HOFail: 0.00
2026-09-28 13:43:57,421 | INFO | Update  268 | Steps: 137,216 | Episodes:   268 | EpReward:   101.76 | FPS:  25874 | Actor Loss: 0.0000 | Critic Loss: 0.0000 | HAN Grad: 0.0000 | HAN Δ: 0.000000 | HAN Metapaths: 0
2026-09-28 13:43:57,422 | INFO |   Phase | Rollout: 0.00s | PPO update: 0.00s
2026-09-28 13:43:57,422 | INFO |   Env | HO: 100.00% | Throughput: 19.61/user-min | Task: 94.39% | Resolved: 99.94% | Delay: 1.802s | Energy: 3758.54J | MEC fair: 0.552
2026-09-28 13:43:57,422 | INFO |   Reward | Success: 167.30 | Load: 13.75 | Delay: -39.86 | Energy: -28.00 | TaskFail: -9.95 | Interrupt: -3.96 | HOFail: 0.00
2026-09-28 13:44:17,543 | INFO | Update  269 | Steps: 137,728 | Episodes:   269 | EpReward:   101.73 | FPS:  26467 | Actor Loss: 0.0000 | Critic Loss: 0.0000 | HAN Grad: 0.0000 | HAN Δ: 0.000000 | HAN Metapaths: 0
2026-09-28 13:44:17,544 | INFO |   Phase | Rollout: 0.00s | PPO update: 0.00s
2026-09-28 13:44:17,544 | INFO |   Env | HO: 100.00% | Throughput: 19.71/user-min | Task: 93.00% | Resolved: 99.92% | Delay: 1.902s | Energy: 4009.93J | MEC fair: 0.502
2026-09-28 13:44:17,544 | INFO |   Reward | Success: 168.15 | Load: 13.48 | Delay: -41.33 | Energy: -28.43 | TaskFail: -12.65 | Interrupt: -3.12 | HOFail: 0.00
2026-09-28 13:44:37,633 | INFO | Update  270 | Steps: 138,240 | Episodes:   270 | EpReward:   101.78 | FPS:  25150 | Actor Loss: 0.0000 | Critic Loss: 0.0000 | HAN Grad: 0.0000 | HAN Δ: 0.000000 | HAN Metapaths: 0
2026-09-28 13:44:37,633 | INFO |   Phase | Rollout: 0.00s | PPO update: 0.00s
2026-09-28 13:44:37,633 | INFO |   Env | HO: 100.00% | Throughput: 19.93/user-min | Task: 93.28% | Resolved: 99.97% | Delay: 1.934s | Energy: 4006.70J | MEC fair: 0.483
2026-09-28 13:44:37,633 | INFO |   Reward | Success: 170.05 | Load: 13.40 | Delay: -42.39 | Energy: -29.09 | TaskFail: -12.25 | Interrupt: -3.62 | HOFail: 0.00
2026-09-28 13:44:57,578 | INFO | Update  271 | Steps: 138,752 | Episodes:   271 | EpReward:   101.74 | FPS:  25720 | Actor Loss: 0.0000 | Critic Loss: 0.0000 | HAN Grad: 0.0000 | HAN Δ: 0.000000 | HAN Metapaths: 0
2026-09-28 13:44:57,578 | INFO |   Phase | Rollout: 0.00s | PPO update: 0.00s
2026-09-28 13:44:57,578 | INFO |   Env | HO: 100.00% | Throughput: 19.45/user-min | Task: 94.21% | Resolved: 100.00% | Delay: 1.810s | Energy: 3647.22J | MEC fair: 0.543
2026-09-28 13:44:57,578 | INFO |   Reward | Success: 166.00 | Load: 15.03 | Delay: -40.50 | Energy: -27.62 | TaskFail: -10.20 | Interrupt: -3.05 | HOFail: 0.00
2026-09-28 13:45:17,691 | INFO | Update  272 | Steps: 139,264 | Episodes:   272 | EpReward:   101.76 | FPS:  25688 | Actor Loss: 0.0000 | Critic Loss: 0.0000 | HAN Grad: 0.0000 | HAN Δ: 0.000000 | HAN Metapaths: 0
2026-09-28 13:45:17,692 | INFO |   Phase | Rollout: 0.00s | PPO update: 0.00s
2026-09-28 13:45:17,692 | INFO |   Env | HO: 100.00% | Throughput: 19.57/user-min | Task: 94.62% | Resolved: 99.86% | Delay: 1.804s | Energy: 3805.14J | MEC fair: 0.477
2026-09-28 13:45:17,692 | INFO |   Reward | Success: 167.00 | Load: 12.41 | Delay: -40.97 | Energy: -28.59 | TaskFail: -9.50 | Interrupt: -2.46 | HOFail: 0.00
2026-09-28 13:45:37,964 | INFO | Update  273 | Steps: 139,776 | Episodes:   273 | EpReward:   101.81 | FPS:  23753 | Actor Loss: 0.0000 | Critic Loss: 0.0000 | HAN Grad: 0.0000 | HAN Δ: 0.000000 | HAN Metapaths: 0
2026-09-28 13:45:37,964 | INFO |   Phase | Rollout: 0.00s | PPO update: 0.00s
2026-09-28 13:45:37,965 | INFO |   Env | HO: 100.00% | Throughput: 19.68/user-min | Task: 94.91% | Resolved: 99.97% | Delay: 1.711s | Energy: 3106.32J | MEC fair: 0.493
2026-09-28 13:45:37,965 | INFO |   Reward | Success: 167.90 | Load: 11.59 | Delay: -36.63 | Energy: -24.98 | TaskFail: -9.00 | Interrupt: -8.23 | HOFail: 0.00
2026-09-28 13:45:58,248 | INFO | Update  274 | Steps: 140,288 | Episodes:   274 | EpReward:   101.83 | FPS:  25509 | Actor Loss: 0.0000 | Critic Loss: 0.0000 | HAN Grad: 0.0000 | HAN Δ: 0.000000 | HAN Metapaths: 0
2026-09-28 13:45:58,248 | INFO |   Phase | Rollout: 0.00s | PPO update: 0.00s
2026-09-28 13:45:58,248 | INFO |   Env | HO: 100.00% | Throughput: 20.31/user-min | Task: 96.55% | Resolved: 99.89% | Delay: 1.587s | Energy: 3143.85J | MEC fair: 0.513
2026-09-28 13:45:58,248 | INFO |   Reward | Success: 173.30 | Load: 11.74 | Delay: -37.76 | Energy: -26.11 | TaskFail: -6.20 | Interrupt: -7.87 | HOFail: 0.00
2026-09-28 13:46:18,371 | INFO | Update  275 | Steps: 140,800 | Episodes:   275 | EpReward:   101.82 | FPS:  25382 | Actor Loss: 0.0000 | Critic Loss: 0.0000 | HAN Grad: 0.0000 | HAN Δ: 0.000000 | HAN Metapaths: 0
2026-09-28 13:46:18,371 | INFO |   Phase | Rollout: 0.00s | PPO update: 0.00s
2026-09-28 13:46:18,371 | INFO |   Env | HO: 100.00% | Throughput: 20.17/user-min | Task: 94.48% | Resolved: 99.92% | Delay: 1.875s | Energy: 3790.89J | MEC fair: 0.509
2026-09-28 13:46:18,371 | INFO |   Reward | Success: 172.10 | Load: 14.04 | Delay: -42.25 | Energy: -28.81 | TaskFail: -10.05 | Interrupt: -2.30 | HOFail: 0.00
2026-09-28 13:46:38,504 | INFO | Update  276 | Steps: 141,312 | Episodes:   276 | EpReward:   101.82 | FPS:  25922 | Actor Loss: 0.0000 | Critic Loss: 0.0000 | HAN Grad: 0.0000 | HAN Δ: 0.000000 | HAN Metapaths: 0
2026-09-28 13:46:38,504 | INFO |   Phase | Rollout: 0.00s | PPO update: 0.00s
2026-09-28 13:46:38,504 | INFO |   Env | HO: 100.00% | Throughput: 19.79/user-min | Task: 93.08% | Resolved: 99.94% | Delay: 1.933s | Energy: 4052.72J | MEC fair: 0.566
2026-09-28 13:46:38,504 | INFO |   Reward | Success: 168.90 | Load: 15.65 | Delay: -42.73 | Energy: -29.14 | TaskFail: -12.55 | Interrupt: -2.61 | HOFail: 0.00
2026-09-28 13:46:58,738 | INFO | Update  277 | Steps: 141,824 | Episodes:   277 | EpReward:   101.91 | FPS:  25604 | Actor Loss: 0.0000 | Critic Loss: 0.0000 | HAN Grad: 0.0000 | HAN Δ: 0.000000 | HAN Metapaths: 0
2026-09-28 13:46:58,738 | INFO |   Phase | Rollout: 0.00s | PPO update: 0.00s
2026-09-28 13:46:58,738 | INFO |   Env | HO: 100.00% | Throughput: 20.00/user-min | Task: 96.63% | Resolved: 99.94% | Delay: 1.513s | Energy: 2997.37J | MEC fair: 0.505
2026-09-28 13:46:58,738 | INFO |   Reward | Success: 170.70 | Load: 10.32 | Delay: -35.31 | Energy: -25.03 | TaskFail: -5.95 | Interrupt: -7.80 | HOFail: 0.00
2026-09-28 13:47:19,038 | INFO | Update  278 | Steps: 142,336 | Episodes:   278 | EpReward:   101.93 | FPS:  25217 | Actor Loss: 0.0000 | Critic Loss: 0.0000 | HAN Grad: 0.0000 | HAN Δ: 0.000000 | HAN Metapaths: 0
2026-09-28 13:47:19,038 | INFO |   Phase | Rollout: 0.00s | PPO update: 0.00s
2026-09-28 13:47:19,038 | INFO |   Env | HO: 100.00% | Throughput: 20.21/user-min | Task: 94.94% | Resolved: 99.86% | Delay: 1.753s | Energy: 3508.17J | MEC fair: 0.503
2026-09-28 13:47:19,038 | INFO |   Reward | Success: 172.50 | Load: 12.17 | Delay: -40.10 | Energy: -27.21 | TaskFail: -9.20 | Interrupt: -6.12 | HOFail: 0.00
2026-09-28 13:47:39,180 | INFO | Update  279 | Steps: 142,848 | Episodes:   279 | EpReward:   102.01 | FPS:  24753 | Actor Loss: 0.0000 | Critic Loss: 0.0000 | HAN Grad: 0.0000 | HAN Δ: 0.000000 | HAN Metapaths: 0
2026-09-28 13:47:39,180 | INFO |   Phase | Rollout: 0.00s | PPO update: 0.00s
2026-09-28 13:47:39,180 | INFO |   Env | HO: 100.00% | Throughput: 19.78/user-min | Task: 94.35% | Resolved: 99.92% | Delay: 1.820s | Energy: 3637.67J | MEC fair: 0.614
2026-09-28 13:47:39,180 | INFO |   Reward | Success: 168.75 | Load: 17.33 | Delay: -41.32 | Energy: -27.99 | TaskFail: -10.10 | Interrupt: -1.40 | HOFail: 0.00
2026-09-28 13:47:59,471 | INFO | Update  280 | Steps: 143,360 | Episodes:   280 | EpReward:   102.15 | FPS:  23893 | Actor Loss: 0.0000 | Critic Loss: 0.0000 | HAN Grad: 0.0000 | HAN Δ: 0.000000 | HAN Metapaths: 0
2026-09-28 13:47:59,471 | INFO |   Phase | Rollout: 0.00s | PPO update: 0.00s
2026-09-28 13:47:59,471 | INFO |   Env | HO: 100.00% | Throughput: 20.15/user-min | Task: 96.82% | Resolved: 99.94% | Delay: 1.598s | Energy: 3242.23J | MEC fair: 0.518
2026-09-28 13:47:59,471 | INFO |   Reward | Success: 171.95 | Load: 11.17 | Delay: -37.74 | Energy: -26.81 | TaskFail: -5.65 | Interrupt: -2.90 | HOFail: 0.00
2026-09-28 13:48:19,549 | INFO | Update  281 | Steps: 143,872 | Episodes:   281 | EpReward:   102.02 | FPS:  25340 | Actor Loss: 0.0000 | Critic Loss: 0.0000 | HAN Grad: 0.0000 | HAN Δ: 0.000000 | HAN Metapaths: 0
2026-09-28 13:48:19,549 | INFO |   Phase | Rollout: 0.00s | PPO update: 0.00s
2026-09-28 13:48:19,549 | INFO |   Env | HO: 100.00% | Throughput: 19.66/user-min | Task: 93.61% | Resolved: 99.94% | Delay: 1.883s | Energy: 3936.74J | MEC fair: 0.526
2026-09-28 13:48:19,549 | INFO |   Reward | Success: 167.80 | Load: 13.96 | Delay: -41.31 | Energy: -28.75 | TaskFail: -11.45 | Interrupt: -3.62 | HOFail: 0.00
2026-09-28 13:48:39,910 | INFO | Update  282 | Steps: 144,384 | Episodes:   282 | EpReward:   102.02 | FPS:  26265 | Actor Loss: 0.0000 | Critic Loss: 0.0000 | HAN Grad: 0.0000 | HAN Δ: 0.000000 | HAN Metapaths: 0
2026-09-28 13:48:39,910 | INFO |   Phase | Rollout: 0.00s | PPO update: 0.00s
2026-09-28 13:48:39,910 | INFO |   Env | HO: 100.00% | Throughput: 20.23/user-min | Task: 95.20% | Resolved: 99.94% | Delay: 1.723s | Energy: 3567.81J | MEC fair: 0.500
2026-09-28 13:48:39,910 | INFO |   Reward | Success: 172.60 | Load: 13.40 | Delay: -40.83 | Energy: -28.20 | TaskFail: -8.70 | Interrupt: -2.23 | HOFail: 0.00
2026-09-28 13:48:59,990 | INFO | Update  283 | Steps: 144,896 | Episodes:   283 | EpReward:   101.89 | FPS:  25638 | Actor Loss: 0.0000 | Critic Loss: 0.0000 | HAN Grad: 0.0000 | HAN Δ: 0.000000 | HAN Metapaths: 0
2026-09-28 13:48:59,990 | INFO |   Phase | Rollout: 0.00s | PPO update: 0.00s
2026-09-28 13:48:59,990 | INFO |   Env | HO: 100.00% | Throughput: 19.17/user-min | Task: 92.19% | Resolved: 99.94% | Delay: 1.943s | Energy: 3849.55J | MEC fair: 0.542
2026-09-28 13:48:59,991 | INFO |   Reward | Success: 163.60 | Load: 13.81 | Delay: -40.26 | Energy: -27.76 | TaskFail: -13.85 | Interrupt: -6.66 | HOFail: 0.00
2026-09-28 13:49:20,207 | INFO | Update  284 | Steps: 145,408 | Episodes:   284 | EpReward:   101.98 | FPS:  22392 | Actor Loss: 0.0000 | Critic Loss: 0.0000 | HAN Grad: 0.0000 | HAN Δ: 0.000000 | HAN Metapaths: 0
2026-09-28 13:49:20,207 | INFO |   Phase | Rollout: 0.00s | PPO update: 0.00s
2026-09-28 13:49:20,207 | INFO |   Env | HO: 100.00% | Throughput: 19.90/user-min | Task: 95.02% | Resolved: 99.92% | Delay: 1.806s | Energy: 3754.18J | MEC fair: 0.555
2026-09-28 13:49:20,207 | INFO |   Reward | Success: 169.85 | Load: 15.26 | Delay: -41.75 | Energy: -28.71 | TaskFail: -8.90 | Interrupt: -4.54 | HOFail: 0.00
2026-09-28 13:49:40,580 | INFO | Update  285 | Steps: 145,920 | Episodes:   285 | EpReward:   102.11 | FPS:  24577 | Actor Loss: 0.0000 | Critic Loss: 0.0000 | HAN Grad: 0.0000 | HAN Δ: 0.000000 | HAN Metapaths: 0
2026-09-28 13:49:40,580 | INFO |   Phase | Rollout: 0.00s | PPO update: 0.00s
2026-09-28 13:49:40,580 | INFO |   Env | HO: 100.00% | Throughput: 21.03/user-min | Task: 97.37% | Resolved: 99.97% | Delay: 1.518s | Energy: 3115.10J | MEC fair: 0.510
2026-09-28 13:49:40,580 | INFO |   Reward | Success: 179.45 | Load: 10.77 | Delay: -38.34 | Energy: -26.73 | TaskFail: -4.85 | Interrupt: -2.96 | HOFail: 0.00
2026-09-28 13:50:00,665 | INFO | Update  286 | Steps: 146,432 | Episodes:   286 | EpReward:   102.08 | FPS:  25779 | Actor Loss: 0.0000 | Critic Loss: 0.0000 | HAN Grad: 0.0000 | HAN Δ: 0.000000 | HAN Metapaths: 0
2026-09-28 13:50:00,665 | INFO |   Phase | Rollout: 0.00s | PPO update: 0.00s
2026-09-28 13:50:00,665 | INFO |   Env | HO: 100.00% | Throughput: 19.73/user-min | Task: 94.77% | Resolved: 99.97% | Delay: 1.799s | Energy: 3907.77J | MEC fair: 0.534
2026-09-28 13:50:00,665 | INFO |   Reward | Success: 168.40 | Load: 12.85 | Delay: -40.95 | Energy: -29.00 | TaskFail: -9.30 | Interrupt: -3.92 | HOFail: 0.00
2026-09-28 13:50:20,829 | INFO | Update  287 | Steps: 146,944 | Episodes:   287 | EpReward:   102.14 | FPS:  25874 | Actor Loss: 0.0000 | Critic Loss: 0.0000 | HAN Grad: 0.0000 | HAN Δ: 0.000000 | HAN Metapaths: 0
2026-09-28 13:50:20,829 | INFO |   Phase | Rollout: 0.00s | PPO update: 0.00s
2026-09-28 13:50:20,829 | INFO |   Env | HO: 100.00% | Throughput: 19.65/user-min | Task: 95.91% | Resolved: 99.94% | Delay: 1.674s | Energy: 3652.97J | MEC fair: 0.509
2026-09-28 13:50:20,829 | INFO |   Reward | Success: 167.70 | Load: 10.35 | Delay: -38.18 | Energy: -27.90 | TaskFail: -7.15 | Interrupt: -2.54 | HOFail: 0.00
2026-09-28 13:50:41,078 | INFO | Update  288 | Steps: 147,456 | Episodes:   288 | EpReward:   102.15 | FPS:  25181 | Actor Loss: 0.0000 | Critic Loss: 0.0000 | HAN Grad: 0.0000 | HAN Δ: 0.000000 | HAN Metapaths: 0
2026-09-28 13:50:41,078 | INFO |   Phase | Rollout: 0.00s | PPO update: 0.00s
2026-09-28 13:50:41,078 | INFO |   Env | HO: 100.00% | Throughput: 20.09/user-min | Task: 93.74% | Resolved: 99.95% | Delay: 1.897s | Energy: 3608.45J | MEC fair: 0.469
2026-09-28 13:50:41,078 | INFO |   Reward | Success: 171.45 | Load: 10.74 | Delay: -38.31 | Energy: -27.09 | TaskFail: -11.45 | Interrupt: -5.11 | HOFail: 0.00
2026-09-28 13:51:01,379 | INFO | Update  289 | Steps: 147,968 | Episodes:   289 | EpReward:   102.11 | FPS:  25635 | Actor Loss: 0.0000 | Critic Loss: 0.0000 | HAN Grad: 0.0000 | HAN Δ: 0.000000 | HAN Metapaths: 0
2026-09-28 13:51:01,379 | INFO |   Phase | Rollout: 0.00s | PPO update: 0.00s
2026-09-28 13:51:01,379 | INFO |   Env | HO: 100.00% | Throughput: 19.96/user-min | Task: 96.73% | Resolved: 100.00% | Delay: 1.594s | Energy: 3211.56J | MEC fair: 0.468
2026-09-28 13:51:01,379 | INFO |   Reward | Success: 170.35 | Load: 10.56 | Delay: -37.90 | Energy: -26.37 | TaskFail: -5.75 | Interrupt: -2.63 | HOFail: 0.00
2026-09-28 13:51:21,435 | INFO | Update  290 | Steps: 148,480 | Episodes:   290 | EpReward:   102.13 | FPS:  24684 | Actor Loss: 0.0000 | Critic Loss: 0.0000 | HAN Grad: 0.0000 | HAN Δ: 0.000000 | HAN Metapaths: 0
2026-09-28 13:51:21,435 | INFO |   Phase | Rollout: 0.00s | PPO update: 0.00s
2026-09-28 13:51:21,435 | INFO |   Env | HO: 100.00% | Throughput: 20.04/user-min | Task: 94.27% | Resolved: 99.92% | Delay: 1.838s | Energy: 3657.29J | MEC fair: 0.578
2026-09-28 13:51:21,435 | INFO |   Reward | Success: 171.00 | Load: 16.74 | Delay: -42.58 | Energy: -28.34 | TaskFail: -10.40 | Interrupt: -2.56 | HOFail: 0.00
2026-09-28 13:51:41,747 | INFO | Update  291 | Steps: 148,992 | Episodes:   291 | EpReward:   102.13 | FPS:  24237 | Actor Loss: 0.0000 | Critic Loss: 0.0000 | HAN Grad: 0.0000 | HAN Δ: 0.000000 | HAN Metapaths: 0
2026-09-28 13:51:41,747 | INFO |   Phase | Rollout: 0.00s | PPO update: 0.00s
2026-09-28 13:51:41,747 | INFO |   Env | HO: 100.00% | Throughput: 19.56/user-min | Task: 94.24% | Resolved: 99.97% | Delay: 1.848s | Energy: 3533.87J | MEC fair: 0.545
2026-09-28 13:51:41,747 | INFO |   Reward | Success: 166.95 | Load: 16.36 | Delay: -41.48 | Energy: -27.49 | TaskFail: -10.20 | Interrupt: -3.39 | HOFail: 0.00
2026-09-28 13:52:01,752 | INFO | Update  292 | Steps: 149,504 | Episodes:   292 | EpReward:   102.11 | FPS:  25236 | Actor Loss: 0.0000 | Critic Loss: 0.0000 | HAN Grad: 0.0000 | HAN Δ: 0.000000 | HAN Metapaths: 0
2026-09-28 13:52:01,752 | INFO |   Phase | Rollout: 0.00s | PPO update: 0.00s
2026-09-28 13:52:01,752 | INFO |   Env | HO: 100.00% | Throughput: 20.01/user-min | Task: 95.15% | Resolved: 99.94% | Delay: 1.729s | Energy: 3601.10J | MEC fair: 0.514
2026-09-28 13:52:01,752 | INFO |   Reward | Success: 170.75 | Load: 12.67 | Delay: -39.88 | Energy: -27.93 | TaskFail: -8.70 | Interrupt: -4.27 | HOFail: 0.00
2026-09-28 13:52:21,213 | INFO | ----------------------------------------
2026-09-28 13:52:21,213 | INFO | 开始评估 HAN+PDQN...
2026-09-28 13:52:58,311 | INFO | 评估结果: 奖励 = 103.72 ± 5.05, 长度 = 512, 延迟 = 1.728s
2026-09-28 13:52:58,311 | INFO | ----------------------------------------
2026-09-28 13:52:58,333 | INFO | 模型已保存: /home/pjpjq/LEO_switch/results/multiseed_0907_rerun_20260928/seed43/u20/learned_baselines/han_pdqn/checkpoint_150000.pt
2026-09-28 13:52:58,334 | INFO | ----------------------------------------
2026-09-28 13:52:58,334 | INFO | 开始评估 HAN+PDQN...
2026-09-28 13:53:35,376 | INFO | 评估结果: 奖励 = 103.72 ± 5.05, 长度 = 512, 延迟 = 1.728s
2026-09-28 13:53:35,376 | INFO | ----------------------------------------
2026-09-28 13:53:35,399 | INFO | 模型已保存: /home/pjpjq/LEO_switch/results/multiseed_0907_rerun_20260928/seed43/u20/learned_baselines/han_pdqn/final_model.pt
2026-09-28 13:53:35,420 | INFO | 训练历史已保存: /home/pjpjq/LEO_switch/results/multiseed_0907_rerun_20260928/seed43/u20/learned_baselines/han_pdqn/training_history.json
