
$ /home/pjpjq/miniconda3/envs/satellite.env/bin/python scripts/compare_system_baselines.py --run-mode compare_only --system-run-dir /home/pjpjq/LEO_switch/results/full_train_latency_priority_multiuser_u20_multiuser_6_7 --output-dir /home/pjpjq/LEO_switch/results/baseline_compare/multiuser_scaling_multiuser_6_7/u20 --episodes 3 --max-steps 600 --total-timesteps 300000 --seed 42 --device cuda --num-users 20 --best-model-metric avg_delay --compare-ranking-metric avg_delay --plot-window 5 --early-stop-patience 0 --baselines attn_mappo mappo_no_han maddpg pdqn random min_distance full_local joint_greedy
2026-06-08 02:16:38,800 | INFO | 初始化环境...
2026-06-08 02:16:38,803 | INFO |   - 原始观测维度: 73
2026-06-08 02:16:38,807 | INFO |   - HAN嵌入维度: 64
2026-06-08 02:16:38,807 | INFO |   - 拼接后观测维度: 142 (raw 73 + HAN 64 + rvt_warning 1 + task 4)
2026-06-08 02:16:38,807 | INFO |   - 全局状态维度: 2840
2026-06-08 02:16:38,807 | INFO | 初始化图构建器...
2026-06-08 02:16:38,807 | INFO | 初始化HAN编码器...
2026-06-08 02:16:39,122 | INFO |   - HAN参数量: 772,032
2026-06-08 02:16:39,123 | INFO | 初始化MAPPO...
2026-06-08 02:16:45,084 | INFO |   - Actor参数量: 103,694
2026-06-08 02:16:45,084 | INFO |   - Critic参数量: 192,513
2026-06-08 02:16:45,084 | INFO | 初始化经验缓冲区...
2026-06-08 02:16:45,086 | INFO | 训练器初始化完成，设备: cuda
2026-06-08 02:16:45,086 | INFO | 环境: 20 用户, 66 卫星
2026-06-08 02:17:30,669 | INFO | Initializing environment for AttentionMAPPO...
2026-06-08 02:17:30,672 | INFO |   - Raw observation dim: 73
2026-06-08 02:17:30,673 | INFO |   - Satellite load feature dim: 8
2026-06-08 02:17:30,673 | INFO |   - Policy observation dim: 73
2026-06-08 02:17:30,673 | INFO |   - Global state dim: 1460
2026-06-08 02:17:30,673 | INFO | AttentionMAPPO skips heterogeneous graph construction.
2026-06-08 02:17:30,673 | INFO | AttentionMAPPO uses raw_obs + satellite load attention; no HAN encoder.
2026-06-08 02:17:30,673 | INFO | Initializing AttentionMAPPO...
2026-06-08 02:17:34,168 | INFO |   - Attention Actor params: 73,028
2026-06-08 02:17:34,171 | INFO |   - Critic params: 176,513
2026-06-08 02:17:34,171 | INFO | 初始化经验缓冲区...
2026-06-08 02:17:34,174 | INFO | 训练器初始化完成，设备: cuda
2026-06-08 02:17:34,175 | INFO | 环境: 20 用户, 66 卫星
2026-06-08 02:17:34,175 | INFO | ============================================================
2026-06-08 02:17:34,175 | INFO | 开始训练
2026-06-08 02:17:34,175 | INFO |   总步数: 300,000
2026-06-08 02:17:34,175 | INFO |   每轮步数: 1024
2026-06-08 02:17:34,175 | INFO |   图更新间隔: 1
2026-06-08 02:17:34,175 | INFO |   评估episodes: 3
2026-06-08 02:17:34,175 | INFO |   设备: cuda
2026-06-08 02:17:34,175 | INFO | ============================================================
2026-06-08 02:18:06,305 | INFO | Update    1 | Steps:   1,024 | Episodes:     1 | EpReward:  -108.71 | FPS:     32 | Actor Loss: -0.0022 | Critic Loss: 1.1004
2026-06-08 02:18:06,305 | INFO |   Env | HO: 72.02% | Cont: 72.76% | Task: 57.58% | Resolved: 99.76% | Delay: 3.404s | Energy: 1696.63J | LB: 0.000
2026-06-08 02:18:06,305 | INFO |   Reward | D: -1522.74 | E: -5.52 | Q: -783.60 | H: 18.94 | LB: 0.01 | Enq: 0.00 | Pen: -873.46
2026-06-08 02:18:39,670 | INFO | Update    2 | Steps:   2,048 | Episodes:     2 | EpReward:  -104.43 | FPS:     31 | Actor Loss: -0.0033 | Critic Loss: 0.5352
2026-06-08 02:18:39,676 | INFO |   Env | HO: 71.34% | Cont: 76.71% | Task: 61.20% | Resolved: 99.86% | Delay: 3.330s | Energy: 1776.99J | LB: 0.000
2026-06-08 02:18:39,676 | INFO |   Reward | D: -1602.67 | E: -5.69 | Q: -465.20 | H: 23.38 | LB: 0.08 | Enq: 0.00 | Pen: -856.49
2026-06-08 02:19:19,336 | INFO | Update    3 | Steps:   3,072 | Episodes:     3 | EpReward:   -93.29 | FPS:     26 | Actor Loss: -0.0028 | Critic Loss: 0.3345
2026-06-08 02:19:19,336 | INFO |   Env | HO: 71.96% | Cont: 80.99% | Task: 65.57% | Resolved: 99.85% | Delay: 3.225s | Energy: 1873.76J | LB: 0.000
2026-06-08 02:19:19,336 | INFO |   Reward | D: -1698.84 | E: -6.16 | Q: -95.20 | H: 19.91 | LB: 0.12 | Enq: 0.00 | Pen: -749.62
2026-06-08 02:19:58,387 | INFO | Update    4 | Steps:   4,096 | Episodes:     4 | EpReward:   -91.25 | FPS:     26 | Actor Loss: -0.0051 | Critic Loss: 0.4572
2026-06-08 02:19:58,388 | INFO |   Env | HO: 69.72% | Cont: 80.04% | Task: 64.43% | Resolved: 99.94% | Delay: 3.218s | Energy: 1745.09J | LB: 0.001
2026-06-08 02:19:58,388 | INFO |   Reward | D: -1626.32 | E: -5.73 | Q: -189.60 | H: 21.41 | LB: 0.06 | Enq: 0.00 | Pen: -759.44
2026-06-08 02:20:34,527 | INFO | Update    5 | Steps:   5,120 | Episodes:     5 | EpReward:   -86.01 | FPS:     28 | Actor Loss: -0.0035 | Critic Loss: 0.2380
2026-06-08 02:20:34,528 | INFO |   Env | HO: 70.31% | Cont: 84.59% | Task: 68.36% | Resolved: 99.89% | Delay: 3.105s | Energy: 1834.31J | LB: 0.000
2026-06-08 02:20:34,528 | INFO |   Reward | D: -1735.71 | E: -6.15 | Q: 145.20 | H: 22.93 | LB: 0.07 | Enq: 0.00 | Pen: -719.85
2026-06-08 02:21:07,398 | INFO | Update    6 | Steps:   6,144 | Episodes:     6 | EpReward:   -80.19 | FPS:     31 | Actor Loss: -0.0038 | Critic Loss: 0.1960
2026-06-08 02:21:07,398 | INFO |   Env | HO: 70.98% | Cont: 85.51% | Task: 70.10% | Resolved: 99.75% | Delay: 3.102s | Energy: 1822.64J | LB: 0.000
2026-06-08 02:21:07,398 | INFO |   Reward | D: -1700.48 | E: -6.37 | Q: 293.60 | H: 20.38 | LB: 0.07 | Enq: 0.00 | Pen: -693.24
2026-06-08 02:21:41,946 | INFO | Update    7 | Steps:   7,168 | Episodes:     7 | EpReward:   -75.05 | FPS:     30 | Actor Loss: -0.0032 | Critic Loss: 0.0967
2026-06-08 02:21:41,946 | INFO |   Env | HO: 73.51% | Cont: 91.48% | Task: 74.15% | Resolved: 100.00% | Delay: 2.970s | Energy: 1878.39J | LB: 0.003
2026-06-08 02:21:41,946 | INFO |   Reward | D: -1816.02 | E: -6.41 | Q: 635.20 | H: 21.10 | LB: 0.14 | Enq: 0.00 | Pen: -630.29
2026-06-08 02:22:09,519 | INFO | Update    8 | Steps:   8,192 | Episodes:     8 | EpReward:   -71.01 | FPS:     37 | Actor Loss: -0.0038 | Critic Loss: 0.0665
2026-06-08 02:22:09,526 | INFO |   Env | HO: 72.57% | Cont: 90.78% | Task: 74.88% | Resolved: 99.94% | Delay: 2.935s | Energy: 1814.44J | LB: 0.001
2026-06-08 02:22:09,526 | INFO |   Reward | D: -1755.21 | E: -6.55 | Q: 700.40 | H: 16.28 | LB: 0.12 | Enq: 0.00 | Pen: -582.01
2026-06-08 02:22:39,510 | INFO | Update    9 | Steps:   9,216 | Episodes:     9 | EpReward:   -67.31 | FPS:     34 | Actor Loss: -0.0025 | Critic Loss: 0.0555
2026-06-08 02:22:39,510 | INFO |   Env | HO: 70.61% | Cont: 90.76% | Task: 75.76% | Resolved: 99.94% | Delay: 2.888s | Energy: 1756.79J | LB: 0.004
2026-06-08 02:22:39,510 | INFO |   Reward | D: -1748.88 | E: -6.54 | Q: 781.60 | H: 13.27 | LB: 0.07 | Enq: 0.00 | Pen: -516.49
2026-06-08 02:23:14,884 | INFO | Update   10 | Steps:  10,240 | Episodes:    10 | EpReward:   -63.85 | FPS:     29 | Actor Loss: -0.0025 | Critic Loss: 0.0436
2026-06-08 02:23:14,884 | INFO |   Env | HO: 77.91% | Cont: 92.83% | Task: 77.28% | Resolved: 99.88% | Delay: 2.837s | Energy: 1807.80J | LB: 0.001
2026-06-08 02:23:14,884 | INFO |   Reward | D: -1790.11 | E: -6.71 | Q: 921.20 | H: 13.03 | LB: 0.02 | Enq: 0.00 | Pen: -497.85
2026-06-08 02:23:46,541 | INFO | Update   11 | Steps:  11,264 | Episodes:    11 | EpReward:   -61.70 | FPS:     32 | Actor Loss: -0.0023 | Critic Loss: 0.0235
2026-06-08 02:23:46,541 | INFO |   Env | HO: 74.32% | Cont: 93.83% | Task: 76.89% | Resolved: 100.00% | Delay: 2.921s | Energy: 1931.73J | LB: 0.002
2026-06-08 02:23:46,541 | INFO |   Reward | D: -1847.46 | E: -6.74 | Q: 883.60 | H: 13.74 | LB: 0.03 | Enq: 0.00 | Pen: -628.38
2026-06-08 02:24:11,816 | INFO | Update   12 | Steps:  12,288 | Episodes:    12 | EpReward:   -58.91 | FPS:     41 | Actor Loss: -0.0018 | Critic Loss: 0.0165
2026-06-08 02:24:11,816 | INFO |   Env | HO: 71.98% | Cont: 95.29% | Task: 78.94% | Resolved: 99.93% | Delay: 2.769s | Energy: 1793.67J | LB: 0.001
2026-06-08 02:24:11,816 | INFO |   Reward | D: -1823.16 | E: -6.61 | Q: 1062.80 | H: 10.47 | LB: 0.00 | Enq: 0.00 | Pen: -538.60
2026-06-08 02:24:48,404 | INFO | Update   13 | Steps:  13,312 | Episodes:    13 | EpReward:   -55.91 | FPS:     28 | Actor Loss: -0.0019 | Critic Loss: 0.0268
2026-06-08 02:24:48,404 | INFO |   Env | HO: 77.97% | Cont: 96.23% | Task: 81.05% | Resolved: 99.99% | Delay: 2.710s | Energy: 1756.52J | LB: 0.004
2026-06-08 02:24:48,404 | INFO |   Reward | D: -1814.72 | E: -6.72 | Q: 1241.60 | H: 11.52 | LB: 0.03 | Enq: 0.00 | Pen: -452.77
2026-06-08 02:25:22,374 | INFO | Update   14 | Steps:  14,336 | Episodes:    14 | EpReward:   -53.14 | FPS:     30 | Actor Loss: -0.0026 | Critic Loss: 0.0087
2026-06-08 02:25:22,374 | INFO |   Env | HO: 78.70% | Cont: 96.56% | Task: 81.54% | Resolved: 99.99% | Delay: 2.712s | Energy: 1776.50J | LB: 0.003
2026-06-08 02:25:22,374 | INFO |   Reward | D: -1818.65 | E: -6.74 | Q: 1288.00 | H: 8.14 | LB: 0.02 | Enq: 0.00 | Pen: -441.66
2026-06-08 02:25:52,386 | INFO | Update   15 | Steps:  15,360 | Episodes:    15 | EpReward:   -50.65 | FPS:     34 | Actor Loss: -0.0023 | Critic Loss: 0.0212
2026-06-08 02:25:52,386 | INFO |   Env | HO: 78.66% | Cont: 96.35% | Task: 81.79% | Resolved: 99.99% | Delay: 2.714s | Energy: 1742.95J | LB: 0.000
2026-06-08 02:25:52,386 | INFO |   Reward | D: -1777.27 | E: -6.69 | Q: 1290.80 | H: 7.87 | LB: 0.07 | Enq: 0.00 | Pen: -446.29
2026-06-08 02:26:19,489 | INFO | Update   16 | Steps:  16,384 | Episodes:    16 | EpReward:   -48.34 | FPS:     38 | Actor Loss: -0.0017 | Critic Loss: 0.0087
2026-06-08 02:26:19,489 | INFO |   Env | HO: 76.97% | Cont: 97.16% | Task: 81.97% | Resolved: 99.93% | Delay: 2.680s | Energy: 1757.61J | LB: 0.001
2026-06-08 02:26:19,489 | INFO |   Reward | D: -1827.47 | E: -6.78 | Q: 1328.80 | H: 8.06 | LB: 0.03 | Enq: 0.00 | Pen: -415.38
2026-06-08 02:26:51,494 | INFO | Update   17 | Steps:  17,408 | Episodes:    17 | EpReward:   -47.05 | FPS:     32 | Actor Loss: -0.0013 | Critic Loss: 0.0105
2026-06-08 02:26:51,494 | INFO |   Env | HO: 70.48% | Cont: 96.61% | Task: 80.51% | Resolved: 99.99% | Delay: 2.724s | Energy: 1766.40J | LB: 0.002
2026-06-08 02:26:51,494 | INFO |   Reward | D: -1821.98 | E: -6.53 | Q: 1197.20 | H: 7.34 | LB: 0.10 | Enq: 0.00 | Pen: -578.30
2026-06-08 02:27:30,062 | INFO | Update   18 | Steps:  18,432 | Episodes:    18 | EpReward:   -45.07 | FPS:     27 | Actor Loss: -0.0007 | Critic Loss: 0.0054
2026-06-08 02:27:30,062 | INFO |   Env | HO: 70.51% | Cont: 97.22% | Task: 82.03% | Resolved: 99.96% | Delay: 2.692s | Energy: 1766.07J | LB: 0.006
2026-06-08 02:27:30,062 | INFO |   Reward | D: -1807.33 | E: -6.71 | Q: 1321.60 | H: 6.91 | LB: 0.03 | Enq: 0.00 | Pen: -503.27
2026-06-08 02:28:04,160 | INFO | Update   19 | Steps:  19,456 | Episodes:    19 | EpReward:   -43.61 | FPS:     30 | Actor Loss: -0.0010 | Critic Loss: 0.0085
2026-06-08 02:28:04,160 | INFO |   Env | HO: 75.17% | Cont: 97.48% | Task: 82.10% | Resolved: 100.00% | Delay: 2.706s | Energy: 1756.61J | LB: 0.003
2026-06-08 02:28:04,160 | INFO |   Reward | D: -1795.55 | E: -6.57 | Q: 1320.00 | H: 6.77 | LB: 0.06 | Enq: 0.00 | Pen: -548.72
2026-06-08 02:28:34,108 | INFO | Update   20 | Steps:  20,480 | Episodes:    20 | EpReward:   -42.10 | FPS:     34 | Actor Loss: -0.0019 | Critic Loss: 0.0069
2026-06-08 02:28:34,108 | INFO |   Env | HO: 72.26% | Cont: 97.23% | Task: 81.90% | Resolved: 100.00% | Delay: 2.694s | Energy: 1717.92J | LB: 0.000
2026-06-08 02:28:34,108 | INFO |   Reward | D: -1782.98 | E: -6.61 | Q: 1296.40 | H: 7.07 | LB: 0.05 | Enq: 0.00 | Pen: -466.56
2026-06-08 02:29:04,541 | INFO | Update   21 | Steps:  21,504 | Episodes:    21 | EpReward:   -40.70 | FPS:     34 | Actor Loss: -0.0012 | Critic Loss: 0.0033
2026-06-08 02:29:04,541 | INFO |   Env | HO: 80.70% | Cont: 98.41% | Task: 82.82% | Resolved: 99.96% | Delay: 2.702s | Energy: 1802.63J | LB: 0.002
2026-06-08 02:29:04,542 | INFO |   Reward | D: -1840.79 | E: -6.70 | Q: 1399.60 | H: 5.72 | LB: 0.00 | Enq: 0.00 | Pen: -567.26
2026-06-08 02:29:42,235 | INFO | Update   22 | Steps:  22,528 | Episodes:    22 | EpReward:   -39.39 | FPS:     27 | Actor Loss: -0.0015 | Critic Loss: 0.0051
2026-06-08 02:29:42,235 | INFO |   Env | HO: 81.82% | Cont: 98.32% | Task: 83.13% | Resolved: 99.97% | Delay: 2.688s | Energy: 1770.80J | LB: 0.001
2026-06-08 02:29:42,235 | INFO |   Reward | D: -1826.92 | E: -6.64 | Q: 1423.60 | H: 6.16 | LB: 0.03 | Enq: 0.00 | Pen: -537.88
2026-06-08 02:30:18,512 | INFO | Update   23 | Steps:  23,552 | Episodes:    23 | EpReward:   -38.28 | FPS:     28 | Actor Loss: -0.0011 | Critic Loss: 0.0085
2026-06-08 02:30:18,512 | INFO |   Env | HO: 77.27% | Cont: 96.94% | Task: 82.87% | Resolved: 99.99% | Delay: 2.668s | Energy: 1663.64J | LB: 0.001
2026-06-08 02:30:18,512 | INFO |   Reward | D: -1772.27 | E: -6.45 | Q: 1391.60 | H: 7.52 | LB: 0.07 | Enq: 0.00 | Pen: -484.64
2026-06-08 02:30:57,240 | INFO | Update   24 | Steps:  24,576 | Episodes:    24 | EpReward:   -37.23 | FPS:     26 | Actor Loss: -0.0012 | Critic Loss: 0.0032
2026-06-08 02:30:57,244 | INFO |   Env | HO: 68.91% | Cont: 98.24% | Task: 83.22% | Resolved: 100.00% | Delay: 2.706s | Energy: 1779.19J | LB: 0.001
2026-06-08 02:30:57,244 | INFO |   Reward | D: -1827.70 | E: -6.74 | Q: 1426.40 | H: 5.16 | LB: 0.06 | Enq: 0.00 | Pen: -603.14
2026-06-08 02:31:39,464 | INFO | Update   25 | Steps:  25,600 | Episodes:    25 | EpReward:   -36.38 | FPS:     24 | Actor Loss: -0.0010 | Critic Loss: 0.0092
2026-06-08 02:31:39,464 | INFO |   Env | HO: 76.11% | Cont: 98.40% | Task: 83.15% | Resolved: 99.96% | Delay: 2.682s | Energy: 1768.41J | LB: 0.002
2026-06-08 02:31:39,464 | INFO |   Reward | D: -1847.12 | E: -6.55 | Q: 1434.40 | H: 5.39 | LB: 0.03 | Enq: 0.00 | Pen: -612.04
2026-06-08 02:32:18,632 | INFO | Update   26 | Steps:  26,624 | Episodes:    26 | EpReward:   -35.30 | FPS:     26 | Actor Loss: -0.0003 | Critic Loss: 0.0088
2026-06-08 02:32:18,632 | INFO |   Env | HO: 76.47% | Cont: 97.78% | Task: 83.50% | Resolved: 99.96% | Delay: 2.623s | Energy: 1621.65J | LB: 0.006
2026-06-08 02:32:18,632 | INFO |   Reward | D: -1776.61 | E: -6.34 | Q: 1439.60 | H: 6.42 | LB: 0.01 | Enq: 0.00 | Pen: -478.12
2026-06-08 02:32:55,610 | INFO | Update   27 | Steps:  27,648 | Episodes:    27 | EpReward:   -34.16 | FPS:     28 | Actor Loss: -0.0010 | Critic Loss: 0.0143
2026-06-08 02:32:55,610 | INFO |   Env | HO: 79.83% | Cont: 98.16% | Task: 84.32% | Resolved: 100.00% | Delay: 2.578s | Energy: 1564.03J | LB: 0.006
2026-06-08 02:32:55,610 | INFO |   Reward | D: -1756.36 | E: -6.29 | Q: 1504.40 | H: 5.85 | LB: 0.03 | Enq: 0.00 | Pen: -411.79
2026-06-08 02:33:27,988 | INFO | Update   28 | Steps:  28,672 | Episodes:    28 | EpReward:   -33.10 | FPS:     32 | Actor Loss: -0.0010 | Critic Loss: 0.0059
2026-06-08 02:33:27,988 | INFO |   Env | HO: 74.07% | Cont: 97.83% | Task: 84.62% | Resolved: 99.96% | Delay: 2.558s | Energy: 1497.74J | LB: 0.004
2026-06-08 02:33:27,988 | INFO |   Reward | D: -1730.05 | E: -6.16 | Q: 1512.00 | H: 6.13 | LB: 0.01 | Enq: 0.00 | Pen: -371.15
2026-06-08 02:34:08,724 | INFO | Update   29 | Steps:  29,696 | Episodes:    29 | EpReward:   -32.25 | FPS:     25 | Actor Loss: -0.0016 | Critic Loss: 0.0076
2026-06-08 02:34:08,724 | INFO |   Env | HO: 70.87% | Cont: 98.55% | Task: 84.55% | Resolved: 100.00% | Delay: 2.596s | Energy: 1552.55J | LB: 0.005
2026-06-08 02:34:08,724 | INFO |   Reward | D: -1742.94 | E: -6.12 | Q: 1499.60 | H: 5.66 | LB: 0.01 | Enq: 0.00 | Pen: -471.33
2026-06-08 02:34:48,496 | INFO | Update   30 | Steps:  30,720 | Episodes:    30 | EpReward:   -31.26 | FPS:     26 | Actor Loss: -0.0007 | Critic Loss: 0.0044
2026-06-08 02:34:48,497 | INFO |   Env | HO: 77.14% | Cont: 98.46% | Task: 84.87% | Resolved: 100.00% | Delay: 2.531s | Energy: 1479.22J | LB: 0.005
2026-06-08 02:34:48,497 | INFO |   Reward | D: -1747.34 | E: -6.00 | Q: 1546.80 | H: 6.72 | LB: 0.05 | Enq: 0.00 | Pen: -393.01
2026-06-08 02:35:24,049 | INFO | Update   31 | Steps:  31,744 | Episodes:    31 | EpReward:   -30.31 | FPS:     29 | Actor Loss: -0.0007 | Critic Loss: 0.0036
2026-06-08 02:35:24,050 | INFO |   Env | HO: 76.15% | Cont: 98.15% | Task: 84.80% | Resolved: 100.00% | Delay: 2.551s | Energy: 1503.35J | LB: 0.004
2026-06-08 02:35:24,050 | INFO |   Reward | D: -1757.88 | E: -6.00 | Q: 1558.40 | H: 6.06 | LB: -0.01 | Enq: 0.00 | Pen: -436.07
2026-06-08 02:36:03,724 | INFO | Update   32 | Steps:  32,768 | Episodes:    32 | EpReward:   -29.49 | FPS:     26 | Actor Loss: -0.0017 | Critic Loss: 0.0041
2026-06-08 02:36:03,724 | INFO |   Env | HO: 68.71% | Cont: 97.45% | Task: 84.40% | Resolved: 99.99% | Delay: 2.528s | Energy: 1439.86J | LB: 0.007
2026-06-08 02:36:03,724 | INFO |   Reward | D: -1741.06 | E: -6.03 | Q: 1512.80 | H: 6.06 | LB: 0.16 | Enq: 0.00 | Pen: -380.36
2026-06-08 02:36:41,542 | INFO | Update   33 | Steps:  33,792 | Episodes:    33 | EpReward:   -28.77 | FPS:     27 | Actor Loss: -0.0009 | Critic Loss: 0.0057
2026-06-08 02:36:41,543 | INFO |   Env | HO: 75.73% | Cont: 98.46% | Task: 84.45% | Resolved: 100.00% | Delay: 2.572s | Energy: 1535.39J | LB: 0.011
2026-06-08 02:36:41,543 | INFO |   Reward | D: -1781.81 | E: -6.08 | Q: 1539.20 | H: 4.73 | LB: 0.10 | Enq: 0.00 | Pen: -469.15
2026-06-08 02:37:22,110 | INFO | Update   34 | Steps:  34,816 | Episodes:    34 | EpReward:   -28.11 | FPS:     25 | Actor Loss: -0.0009 | Critic Loss: 0.0053
2026-06-08 02:37:22,110 | INFO |   Env | HO: 74.55% | Cont: 98.48% | Task: 84.60% | Resolved: 99.97% | Delay: 2.535s | Energy: 1483.14J | LB: 0.007
2026-06-08 02:37:22,110 | INFO |   Reward | D: -1761.21 | E: -6.05 | Q: 1540.40 | H: 4.98 | LB: 0.03 | Enq: 0.00 | Pen: -408.83
2026-06-08 02:38:01,043 | INFO | Update   35 | Steps:  35,840 | Episodes:    35 | EpReward:   -27.54 | FPS:     26 | Actor Loss: -0.0005 | Critic Loss: 0.0056
2026-06-08 02:38:01,044 | INFO |   Env | HO: 79.65% | Cont: 98.22% | Task: 84.10% | Resolved: 99.93% | Delay: 2.596s | Energy: 1530.85J | LB: 0.004
2026-06-08 02:38:01,044 | INFO |   Reward | D: -1775.23 | E: -5.98 | Q: 1503.20 | H: 5.58 | LB: 0.07 | Enq: 0.00 | Pen: -508.09
2026-06-08 02:38:38,112 | INFO | Update   36 | Steps:  36,864 | Episodes:    36 | EpReward:   -26.89 | FPS:     28 | Actor Loss: -0.0008 | Critic Loss: 0.0032
2026-06-08 02:38:38,112 | INFO |   Env | HO: 70.15% | Cont: 97.83% | Task: 84.71% | Resolved: 99.99% | Delay: 2.553s | Energy: 1475.10J | LB: 0.006
2026-06-08 02:38:38,112 | INFO |   Reward | D: -1731.28 | E: -5.98 | Q: 1532.80 | H: 5.85 | LB: 0.01 | Enq: 0.00 | Pen: -440.21
2026-06-08 02:39:13,590 | INFO | Update   37 | Steps:  37,888 | Episodes:    37 | EpReward:   -26.52 | FPS:     29 | Actor Loss: -0.0007 | Critic Loss: 0.0096
2026-06-08 02:39:13,591 | INFO |   Env | HO: 75.44% | Cont: 98.11% | Task: 83.70% | Resolved: 99.99% | Delay: 2.606s | Energy: 1579.55J | LB: 0.004
2026-06-08 02:39:13,591 | INFO |   Reward | D: -1803.01 | E: -5.98 | Q: 1472.80 | H: 5.30 | LB: 0.00 | Enq: 0.00 | Pen: -555.37
2026-06-08 02:39:44,446 | INFO | Update   38 | Steps:  38,912 | Episodes:    38 | EpReward:   -26.07 | FPS:     33 | Actor Loss: -0.0006 | Critic Loss: 0.0039
2026-06-08 02:39:44,446 | INFO |   Env | HO: 72.82% | Cont: 98.09% | Task: 83.36% | Resolved: 99.99% | Delay: 2.634s | Energy: 1578.33J | LB: 0.004
2026-06-08 02:39:44,446 | INFO |   Reward | D: -1781.60 | E: -5.94 | Q: 1418.00 | H: 4.62 | LB: 0.00 | Enq: 0.00 | Pen: -588.27
2026-06-08 02:40:19,578 | INFO | Update   39 | Steps:  39,936 | Episodes:    39 | EpReward:   -25.74 | FPS:     29 | Actor Loss: -0.0009 | Critic Loss: 0.0043
2026-06-08 02:40:19,578 | INFO |   Env | HO: 80.25% | Cont: 98.69% | Task: 83.82% | Resolved: 99.93% | Delay: 2.623s | Energy: 1595.88J | LB: 0.003
2026-06-08 02:40:19,578 | INFO |   Reward | D: -1814.55 | E: -5.94 | Q: 1488.00 | H: 3.96 | LB: 0.04 | Enq: 0.00 | Pen: -606.57
2026-06-08 02:40:50,900 | INFO | Update   40 | Steps:  40,960 | Episodes:    40 | EpReward:   -25.43 | FPS:     33 | Actor Loss: -0.0006 | Critic Loss: 0.0032
2026-06-08 02:40:50,901 | INFO |   Env | HO: 65.52% | Cont: 97.88% | Task: 82.75% | Resolved: 100.00% | Delay: 2.620s | Energy: 1565.81J | LB: 0.004
2026-06-08 02:40:50,901 | INFO |   Reward | D: -1792.61 | E: -5.95 | Q: 1394.00 | H: 4.74 | LB: 0.00 | Enq: 0.00 | Pen: -598.25
2026-06-08 02:41:20,907 | INFO | Update   41 | Steps:  41,984 | Episodes:    41 | EpReward:   -24.78 | FPS:     34 | Actor Loss: -0.0011 | Critic Loss: 0.0041
2026-06-08 02:41:20,908 | INFO |   Env | HO: 76.27% | Cont: 98.45% | Task: 85.14% | Resolved: 99.93% | Delay: 2.564s | Energy: 1507.38J | LB: 0.004
2026-06-08 02:41:20,908 | INFO |   Reward | D: -1739.79 | E: -5.95 | Q: 1554.40 | H: 5.62 | LB: 0.03 | Enq: 0.00 | Pen: -480.05
2026-06-08 02:41:58,783 | INFO | Update   42 | Steps:  43,008 | Episodes:    42 | EpReward:   -24.46 | FPS:     27 | Actor Loss: -0.0008 | Critic Loss: 0.0051
2026-06-08 02:41:58,783 | INFO |   Env | HO: 82.65% | Cont: 98.52% | Task: 83.88% | Resolved: 100.00% | Delay: 2.623s | Energy: 1633.06J | LB: 0.003
2026-06-08 02:41:58,783 | INFO |   Reward | D: -1802.98 | E: -6.17 | Q: 1489.60 | H: 4.98 | LB: 0.03 | Enq: 0.00 | Pen: -590.78
2026-06-08 02:42:33,714 | INFO | Update   43 | Steps:  44,032 | Episodes:    43 | EpReward:   -24.01 | FPS:     29 | Actor Loss: -0.0008 | Critic Loss: 0.0030
2026-06-08 02:42:33,714 | INFO |   Env | HO: 69.16% | Cont: 98.63% | Task: 84.57% | Resolved: 99.94% | Delay: 2.605s | Energy: 1594.66J | LB: 0.007
2026-06-08 02:42:33,714 | INFO |   Reward | D: -1783.84 | E: -6.12 | Q: 1536.00 | H: 4.58 | LB: 0.00 | Enq: 0.00 | Pen: -569.74
2026-06-08 02:43:11,089 | INFO | Update   44 | Steps:  45,056 | Episodes:    44 | EpReward:   -23.52 | FPS:     27 | Actor Loss: -0.0007 | Critic Loss: 0.0035
2026-06-08 02:43:11,089 | INFO |   Env | HO: 77.06% | Cont: 98.63% | Task: 85.83% | Resolved: 99.97% | Delay: 2.521s | Energy: 1474.61J | LB: 0.005
2026-06-08 02:43:11,090 | INFO |   Reward | D: -1728.53 | E: -6.02 | Q: 1626.80 | H: 5.14 | LB: 0.03 | Enq: 0.00 | Pen: -440.62
2026-06-08 02:43:40,543 | INFO | Update   45 | Steps:  46,080 | Episodes:    45 | EpReward:   -23.00 | FPS:     35 | Actor Loss: -0.0009 | Critic Loss: 0.0094
2026-06-08 02:43:40,543 | INFO |   Env | HO: 75.59% | Cont: 97.64% | Task: 84.75% | Resolved: 99.99% | Delay: 2.493s | Energy: 1427.02J | LB: 0.006
2026-06-08 02:43:40,543 | INFO |   Reward | D: -1736.96 | E: -6.06 | Q: 1560.40 | H: 5.93 | LB: 0.00 | Enq: 0.00 | Pen: -375.43
2026-06-08 02:44:13,044 | INFO | Update   46 | Steps:  47,104 | Episodes:    46 | EpReward:   -22.82 | FPS:     32 | Actor Loss: -0.0003 | Critic Loss: 0.0070
2026-06-08 02:44:13,044 | INFO |   Env | HO: 81.82% | Cont: 99.04% | Task: 83.94% | Resolved: 99.92% | Delay: 2.631s | Energy: 1664.57J | LB: 0.002
2026-06-08 02:44:13,044 | INFO |   Reward | D: -1797.96 | E: -6.15 | Q: 1482.00 | H: 4.45 | LB: 0.07 | Enq: 0.00 | Pen: -638.28
2026-06-08 02:44:36,718 | INFO | Update   47 | Steps:  48,128 | Episodes:    47 | EpReward:   -22.50 | FPS:     43 | Actor Loss: -0.0008 | Critic Loss: 0.0085
2026-06-08 02:44:36,718 | INFO |   Env | HO: 69.67% | Cont: 97.84% | Task: 83.98% | Resolved: 100.00% | Delay: 2.587s | Energy: 1563.83J | LB: 0.003
2026-06-08 02:44:36,718 | INFO |   Reward | D: -1774.33 | E: -6.15 | Q: 1496.00 | H: 5.27 | LB: 0.03 | Enq: 0.00 | Pen: -545.03
2026-06-08 02:45:00,164 | INFO | Update   48 | Steps:  49,152 | Episodes:    48 | EpReward:   -22.12 | FPS:     44 | Actor Loss: -0.0013 | Critic Loss: 0.0033
2026-06-08 02:45:00,164 | INFO |   Env | HO: 81.48% | Cont: 99.04% | Task: 85.30% | Resolved: 100.00% | Delay: 2.557s | Energy: 1538.47J | LB: 0.007
2026-06-08 02:45:00,164 | INFO |   Reward | D: -1770.25 | E: -6.06 | Q: 1604.80 | H: 4.13 | LB: 0.00 | Enq: 0.00 | Pen: -529.33
2026-06-08 02:45:28,072 | INFO | Update   49 | Steps:  50,176 | Episodes:    49 | EpReward:   -21.81 | FPS:     37 | Actor Loss: -0.0002 | Critic Loss: 0.0042
2026-06-08 02:45:28,073 | INFO |   Env | HO: 76.52% | Cont: 98.48% | Task: 85.09% | Resolved: 100.00% | Delay: 2.555s | Energy: 1520.68J | LB: 0.006
2026-06-08 02:45:28,073 | INFO |   Reward | D: -1776.25 | E: -6.07 | Q: 1592.00 | H: 5.44 | LB: 0.06 | Enq: 0.00 | Pen: -492.30
2026-06-08 02:45:28,073 | INFO | ----------------------------------------
2026-06-08 02:45:28,073 | INFO | 开始评估...
2026-06-08 02:46:04,319 | INFO | 评估结果: 奖励 = -18.17 ± 1.31, 长度 = 600, 时延 = 2.614s, 能耗 = 2898.51J, 负载均衡 = 0.004
2026-06-08 02:46:04,319 | INFO | 新的最佳模型 (average delay): score = -2.6145, delay = 2.614s, completion = 82.74%, continuity = 97.82%, load_balance = 0.004
2026-06-08 02:46:04,343 | INFO | 模型已保存: /home/pjpjq/LEO_switch/results/baseline_compare/multiuser_scaling_multiuser_6_7/u20/learned_baselines/attn_mappo/best_model.pt
2026-06-08 02:46:04,344 | INFO | 新的最佳奖励: -18.17
2026-06-08 02:46:04,344 | INFO | ----------------------------------------
2026-06-08 02:46:34,816 | INFO | Update   50 | Steps:  51,200 | Episodes:    50 | EpReward:   -21.61 | FPS:     34 | Actor Loss: -0.0005 | Critic Loss: 0.0028
2026-06-08 02:46:34,816 | INFO |   Env | HO: 71.55% | Cont: 98.40% | Task: 84.99% | Resolved: 99.96% | Delay: 2.565s | Energy: 1512.95J | LB: 0.011
2026-06-08 02:46:34,816 | INFO |   Reward | D: -1780.98 | E: -5.92 | Q: 1583.20 | H: 5.13 | LB: 0.04 | Enq: 0.00 | Pen: -515.66
2026-06-08 02:47:06,938 | INFO | Update   51 | Steps:  52,224 | Episodes:    51 | EpReward:   -21.38 | FPS:     32 | Actor Loss: -0.0014 | Critic Loss: 0.0016
2026-06-08 02:47:06,939 | INFO |   Env | HO: 79.44% | Cont: 98.73% | Task: 84.08% | Resolved: 100.00% | Delay: 2.580s | Energy: 1563.42J | LB: 0.002
2026-06-08 02:47:06,939 | INFO |   Reward | D: -1810.48 | E: -5.98 | Q: 1518.40 | H: 5.22 | LB: 0.03 | Enq: 0.00 | Pen: -554.61
2026-06-08 02:47:38,236 | INFO | Update   52 | Steps:  53,248 | Episodes:    52 | EpReward:   -21.18 | FPS:     33 | Actor Loss: -0.0005 | Critic Loss: 0.0042
2026-06-08 02:47:38,239 | INFO |   Env | HO: 75.61% | Cont: 98.54% | Task: 84.01% | Resolved: 99.99% | Delay: 2.603s | Energy: 1589.12J | LB: 0.008
2026-06-08 02:47:38,239 | INFO |   Reward | D: -1810.58 | E: -6.02 | Q: 1505.20 | H: 5.77 | LB: 0.07 | Enq: 0.00 | Pen: -586.73
2026-06-08 02:48:10,580 | INFO | Update   53 | Steps:  54,272 | Episodes:    53 | EpReward:   -20.89 | FPS:     32 | Actor Loss: -0.0010 | Critic Loss: 0.0057
2026-06-08 02:48:10,580 | INFO |   Env | HO: 73.68% | Cont: 98.70% | Task: 83.61% | Resolved: 99.96% | Delay: 2.622s | Energy: 1591.20J | LB: 0.005
2026-06-08 02:48:10,580 | INFO |   Reward | D: -1799.20 | E: -5.92 | Q: 1459.60 | H: 4.36 | LB: 0.06 | Enq: 0.00 | Pen: -598.86
2026-06-08 02:48:36,995 | INFO | Update   54 | Steps:  55,296 | Episodes:    54 | EpReward:   -20.52 | FPS:     39 | Actor Loss: -0.0004 | Critic Loss: 0.0044
2026-06-08 02:48:36,995 | INFO |   Env | HO: 78.15% | Cont: 98.17% | Task: 85.21% | Resolved: 100.00% | Delay: 2.498s | Energy: 1401.30J | LB: 0.004
2026-06-08 02:48:36,995 | INFO |   Reward | D: -1751.33 | E: -5.78 | Q: 1594.80 | H: 7.30 | LB: 0.10 | Enq: 0.00 | Pen: -409.33
2026-06-08 02:49:06,835 | INFO | Update   55 | Steps:  56,320 | Episodes:    55 | EpReward:   -20.20 | FPS:     34 | Actor Loss: -0.0007 | Critic Loss: 0.0021
2026-06-08 02:49:06,835 | INFO |   Env | HO: 72.14% | Cont: 97.89% | Task: 84.95% | Resolved: 99.96% | Delay: 2.517s | Energy: 1397.13J | LB: 0.017
2026-06-08 02:49:06,836 | INFO |   Reward | D: -1721.85 | E: -5.78 | Q: 1552.00 | H: 6.14 | LB: 0.17 | Enq: 0.00 | Pen: -414.28
2026-06-08 02:49:39,904 | INFO | Update   56 | Steps:  57,344 | Episodes:    56 | EpReward:   -19.86 | FPS:     31 | Actor Loss: -0.0013 | Critic Loss: 0.0114
2026-06-08 02:49:39,904 | INFO |   Env | HO: 75.42% | Cont: 98.22% | Task: 85.42% | Resolved: 100.00% | Delay: 2.528s | Energy: 1423.23J | LB: 0.011
2026-06-08 02:49:39,904 | INFO |   Reward | D: -1709.02 | E: -5.76 | Q: 1580.00 | H: 5.41 | LB: 0.08 | Enq: 0.00 | Pen: -440.83
2026-06-08 02:50:16,073 | INFO | Update   57 | Steps:  58,368 | Episodes:    57 | EpReward:   -19.58 | FPS:     28 | Actor Loss: -0.0002 | Critic Loss: 0.0048
2026-06-08 02:50:16,073 | INFO |   Env | HO: 67.88% | Cont: 96.14% | Task: 84.21% | Resolved: 99.99% | Delay: 2.518s | Energy: 1353.85J | LB: 0.005
2026-06-08 02:50:16,073 | INFO |   Reward | D: -1696.04 | E: -5.79 | Q: 1490.40 | H: 7.89 | LB: 0.07 | Enq: 0.00 | Pen: -388.05
2026-06-08 02:50:51,242 | INFO | Update   58 | Steps:  59,392 | Episodes:    58 | EpReward:   -19.45 | FPS:     29 | Actor Loss: -0.0001 | Critic Loss: 0.0067
2026-06-08 02:50:51,242 | INFO |   Env | HO: 77.22% | Cont: 97.59% | Task: 84.37% | Resolved: 99.96% | Delay: 2.531s | Energy: 1440.48J | LB: 0.005
2026-06-08 02:50:51,242 | INFO |   Reward | D: -1754.04 | E: -5.91 | Q: 1534.40 | H: 7.44 | LB: 0.01 | Enq: 0.00 | Pen: -452.52
2026-06-08 02:51:21,792 | INFO | Update   59 | Steps:  60,416 | Episodes:    59 | EpReward:   -19.16 | FPS:     34 | Actor Loss: -0.0010 | Critic Loss: 0.0021
2026-06-08 02:51:21,792 | INFO |   Env | HO: 67.47% | Cont: 97.59% | Task: 85.27% | Resolved: 99.94% | Delay: 2.476s | Energy: 1369.62J | LB: 0.006
2026-06-08 02:51:21,792 | INFO |   Reward | D: -1710.47 | E: -5.88 | Q: 1588.80 | H: 6.82 | LB: 0.09 | Enq: 0.00 | Pen: -360.43
2026-06-08 02:51:49,503 | INFO | Update   60 | Steps:  61,440 | Episodes:    60 | EpReward:   -18.89 | FPS:     37 | Actor Loss: -0.0008 | Critic Loss: 0.0019
2026-06-08 02:51:49,503 | INFO |   Env | HO: 75.37% | Cont: 97.43% | Task: 84.50% | Resolved: 99.96% | Delay: 2.507s | Energy: 1404.92J | LB: 0.007
2026-06-08 02:51:49,503 | INFO |   Reward | D: -1744.66 | E: -5.80 | Q: 1532.00 | H: 6.13 | LB: 0.01 | Enq: 0.00 | Pen: -408.36
2026-06-08 02:52:30,109 | INFO | Update   61 | Steps:  62,464 | Episodes:    61 | EpReward:   -18.62 | FPS:     25 | Actor Loss: -0.0007 | Critic Loss: 0.0025
2026-06-08 02:52:30,110 | INFO |   Env | HO: 79.67% | Cont: 97.68% | Task: 84.70% | Resolved: 100.00% | Delay: 2.471s | Energy: 1378.24J | LB: 0.003
2026-06-08 02:52:30,110 | INFO |   Reward | D: -1738.44 | E: -5.79 | Q: 1548.00 | H: 5.98 | LB: 0.00 | Enq: 0.00 | Pen: -389.79
2026-06-08 02:53:03,689 | INFO | Update   62 | Steps:  63,488 | Episodes:    62 | EpReward:   -18.32 | FPS:     30 | Actor Loss: 0.0003 | Critic Loss: 0.0024
2026-06-08 02:53:03,689 | INFO |   Env | HO: 78.51% | Cont: 97.64% | Task: 84.53% | Resolved: 99.97% | Delay: 2.444s | Energy: 1319.46J | LB: 0.009
2026-06-08 02:53:03,689 | INFO |   Reward | D: -1713.68 | E: -5.75 | Q: 1527.60 | H: 5.85 | LB: 0.04 | Enq: 0.00 | Pen: -331.74
2026-06-08 02:53:36,175 | INFO | Update   63 | Steps:  64,512 | Episodes:    63 | EpReward:   -18.06 | FPS:     32 | Actor Loss: -0.0009 | Critic Loss: 0.0036
2026-06-08 02:53:36,175 | INFO |   Env | HO: 74.31% | Cont: 98.43% | Task: 84.99% | Resolved: 100.00% | Delay: 2.541s | Energy: 1477.82J | LB: 0.001
2026-06-08 02:53:36,175 | INFO |   Reward | D: -1757.63 | E: -5.89 | Q: 1567.60 | H: 5.00 | LB: 0.03 | Enq: 0.00 | Pen: -479.88
2026-06-08 02:54:14,618 | INFO | Update   64 | Steps:  65,536 | Episodes:    64 | EpReward:   -17.89 | FPS:     27 | Actor Loss: -0.0009 | Critic Loss: 0.0049
2026-06-08 02:54:14,619 | INFO |   Env | HO: 74.78% | Cont: 98.20% | Task: 85.09% | Resolved: 100.00% | Delay: 2.551s | Energy: 1509.21J | LB: 0.006
2026-06-08 02:54:14,619 | INFO |   Reward | D: -1734.70 | E: -6.12 | Q: 1566.40 | H: 5.35 | LB: 0.10 | Enq: 0.00 | Pen: -489.96
2026-06-08 02:54:44,633 | INFO | Update   65 | Steps:  66,560 | Episodes:    65 | EpReward:   -17.70 | FPS:     34 | Actor Loss: -0.0005 | Critic Loss: 0.0101
2026-06-08 02:54:44,634 | INFO |   Env | HO: 77.72% | Cont: 96.17% | Task: 84.01% | Resolved: 99.94% | Delay: 2.545s | Energy: 1415.78J | LB: 0.005
2026-06-08 02:54:44,634 | INFO |   Reward | D: -1729.22 | E: -5.96 | Q: 1506.00 | H: 9.15 | LB: 0.11 | Enq: 0.00 | Pen: -447.88
2026-06-08 02:55:14,005 | INFO | Update   66 | Steps:  67,584 | Episodes:    66 | EpReward:   -17.57 | FPS:     35 | Actor Loss: -0.0005 | Critic Loss: 0.0034
2026-06-08 02:55:14,005 | INFO |   Env | HO: 72.78% | Cont: 97.35% | Task: 83.33% | Resolved: 100.00% | Delay: 2.507s | Energy: 1377.61J | LB: 0.008
2026-06-08 02:55:14,005 | INFO |   Reward | D: -1724.04 | E: -5.62 | Q: 1414.80 | H: 7.52 | LB: 0.05 | Enq: 0.00 | Pen: -460.87
2026-06-08 02:55:50,630 | INFO | Update   67 | Steps:  68,608 | Episodes:    67 | EpReward:   -17.27 | FPS:     28 | Actor Loss: 0.0002 | Critic Loss: 0.0072
2026-06-08 02:55:50,630 | INFO |   Env | HO: 78.57% | Cont: 97.50% | Task: 85.33% | Resolved: 99.96% | Delay: 2.455s | Energy: 1316.29J | LB: 0.005
2026-06-08 02:55:50,630 | INFO |   Reward | D: -1688.81 | E: -5.72 | Q: 1573.60 | H: 8.90 | LB: 0.09 | Enq: 0.00 | Pen: -337.44
2026-06-08 02:56:29,692 | INFO | Update   68 | Steps:  69,632 | Episodes:    68 | EpReward:   -17.05 | FPS:     26 | Actor Loss: -0.0007 | Critic Loss: 0.0058
2026-06-08 02:56:29,692 | INFO |   Env | HO: 76.71% | Cont: 98.04% | Task: 85.22% | Resolved: 100.00% | Delay: 2.495s | Energy: 1400.58J | LB: 0.012
2026-06-08 02:56:29,692 | INFO |   Reward | D: -1754.22 | E: -5.83 | Q: 1604.80 | H: 6.71 | LB: 0.04 | Enq: 0.00 | Pen: -410.78
2026-06-08 02:57:03,258 | INFO | Update   69 | Steps:  70,656 | Episodes:    69 | EpReward:   -16.87 | FPS:     31 | Actor Loss: -0.0005 | Critic Loss: 0.0047
2026-06-08 02:57:03,258 | INFO |   Env | HO: 73.72% | Cont: 97.94% | Task: 84.69% | Resolved: 99.96% | Delay: 2.493s | Energy: 1393.76J | LB: 0.004
2026-06-08 02:57:03,258 | INFO |   Reward | D: -1737.20 | E: -5.74 | Q: 1542.00 | H: 6.11 | LB: 0.04 | Enq: 0.00 | Pen: -419.11
2026-06-08 02:57:39,674 | INFO | Update   70 | Steps:  71,680 | Episodes:    70 | EpReward:   -16.68 | FPS:     28 | Actor Loss: -0.0006 | Critic Loss: 0.0030
2026-06-08 02:57:39,674 | INFO |   Env | HO: 78.23% | Cont: 98.71% | Task: 85.44% | Resolved: 99.99% | Delay: 2.496s | Energy: 1454.28J | LB: 0.010
2026-06-08 02:57:39,674 | INFO |   Reward | D: -1764.17 | E: -6.02 | Q: 1627.60 | H: 5.97 | LB: 0.01 | Enq: 0.00 | Pen: -432.78
2026-06-08 02:58:13,111 | INFO | Update   71 | Steps:  72,704 | Episodes:    71 | EpReward:   -16.46 | FPS:     31 | Actor Loss: -0.0005 | Critic Loss: 0.0054
2026-06-08 02:58:13,111 | INFO |   Env | HO: 76.00% | Cont: 97.35% | Task: 85.03% | Resolved: 100.00% | Delay: 2.513s | Energy: 1392.96J | LB: 0.003
2026-06-08 02:58:13,111 | INFO |   Reward | D: -1704.60 | E: -5.89 | Q: 1569.60 | H: 7.14 | LB: 0.05 | Enq: 0.00 | Pen: -412.73
2026-06-08 02:58:38,209 | INFO | Update   72 | Steps:  73,728 | Episodes:    72 | EpReward:   -16.28 | FPS:     41 | Actor Loss: -0.0008 | Critic Loss: 0.0023
2026-06-08 02:58:38,209 | INFO |   Env | HO: 76.74% | Cont: 98.55% | Task: 84.99% | Resolved: 99.99% | Delay: 2.521s | Energy: 1458.66J | LB: 0.004
2026-06-08 02:58:38,209 | INFO |   Reward | D: -1751.15 | E: -5.90 | Q: 1571.20 | H: 6.11 | LB: 0.03 | Enq: 0.00 | Pen: -482.00
2026-06-08 02:59:09,247 | INFO | Update   73 | Steps:  74,752 | Episodes:    73 | EpReward:   -16.10 | FPS:     33 | Actor Loss: -0.0012 | Critic Loss: 0.0037
2026-06-08 02:59:09,247 | INFO |   Env | HO: 76.92% | Cont: 97.66% | Task: 84.83% | Resolved: 100.00% | Delay: 2.493s | Energy: 1387.74J | LB: 0.003
2026-06-08 02:59:09,247 | INFO |   Reward | D: -1723.21 | E: -5.82 | Q: 1548.40 | H: 6.84 | LB: 0.04 | Enq: 0.00 | Pen: -415.37
2026-06-08 02:59:45,047 | INFO | Update   74 | Steps:  75,776 | Episodes:    74 | EpReward:   -16.04 | FPS:     29 | Actor Loss: -0.0010 | Critic Loss: 0.0060
2026-06-08 02:59:45,048 | INFO |   Env | HO: 73.55% | Cont: 98.00% | Task: 83.09% | Resolved: 99.99% | Delay: 2.612s | Energy: 1577.53J | LB: 0.004
2026-06-08 02:59:45,048 | INFO |   Reward | D: -1777.12 | E: -5.88 | Q: 1401.20 | H: 5.47 | LB: 0.01 | Enq: 0.00 | Pen: -632.94
2026-06-08 03:00:18,884 | INFO | Update   75 | Steps:  76,800 | Episodes:    75 | EpReward:   -15.97 | FPS:     30 | Actor Loss: -0.0011 | Critic Loss: 0.0100
2026-06-08 03:00:18,884 | INFO |   Env | HO: 74.64% | Cont: 97.69% | Task: 83.28% | Resolved: 99.97% | Delay: 2.611s | Energy: 1541.85J | LB: 0.002
2026-06-08 03:00:18,884 | INFO |   Reward | D: -1770.57 | E: -5.86 | Q: 1428.40 | H: 6.43 | LB: 0.04 | Enq: 0.00 | Pen: -597.43
2026-06-08 03:01:00,074 | INFO | Update   76 | Steps:  77,824 | Episodes:    76 | EpReward:   -15.84 | FPS:     25 | Actor Loss: -0.0015 | Critic Loss: 0.0028
2026-06-08 03:01:00,074 | INFO |   Env | HO: 78.32% | Cont: 97.62% | Task: 84.65% | Resolved: 99.97% | Delay: 2.524s | Energy: 1432.46J | LB: 0.008
2026-06-08 03:01:00,074 | INFO |   Reward | D: -1752.37 | E: -5.75 | Q: 1554.00 | H: 6.96 | LB: 0.01 | Enq: 0.00 | Pen: -476.35
2026-06-08 03:01:34,537 | INFO | Update   77 | Steps:  78,848 | Episodes:    77 | EpReward:   -15.70 | FPS:     30 | Actor Loss: 0.0000 | Critic Loss: 0.0023
2026-06-08 03:01:34,538 | INFO |   Env | HO: 73.08% | Cont: 98.31% | Task: 84.70% | Resolved: 99.99% | Delay: 2.568s | Energy: 1518.00J | LB: 0.002
2026-06-08 03:01:34,538 | INFO |   Reward | D: -1770.54 | E: -5.83 | Q: 1546.00 | H: 5.88 | LB: 0.05 | Enq: 0.00 | Pen: -560.69
2026-06-08 03:02:13,339 | INFO | Update   78 | Steps:  79,872 | Episodes:    78 | EpReward:   -15.67 | FPS:     26 | Actor Loss: -0.0006 | Critic Loss: 0.0030
2026-06-08 03:02:13,339 | INFO |   Env | HO: 75.00% | Cont: 98.43% | Task: 84.19% | Resolved: 99.99% | Delay: 2.613s | Energy: 1583.48J | LB: 0.011
2026-06-08 03:02:13,340 | INFO |   Reward | D: -1795.45 | E: -5.96 | Q: 1528.80 | H: 5.35 | LB: 0.03 | Enq: 0.00 | Pen: -608.63
2026-06-08 03:02:50,920 | INFO | Update   79 | Steps:  80,896 | Episodes:    79 | EpReward:   -15.53 | FPS:     27 | Actor Loss: -0.0010 | Critic Loss: 0.0025
2026-06-08 03:02:50,920 | INFO |   Env | HO: 75.71% | Cont: 98.15% | Task: 84.67% | Resolved: 99.99% | Delay: 2.561s | Energy: 1524.41J | LB: 0.008
2026-06-08 03:02:50,920 | INFO |   Reward | D: -1772.99 | E: -5.98 | Q: 1555.60 | H: 6.51 | LB: 0.07 | Enq: 0.00 | Pen: -551.27
2026-06-08 03:03:28,261 | INFO | Update   80 | Steps:  81,920 | Episodes:    80 | EpReward:   -15.40 | FPS:     27 | Actor Loss: -0.0005 | Critic Loss: 0.0025
2026-06-08 03:03:28,262 | INFO |   Env | HO: 70.86% | Cont: 97.11% | Task: 84.58% | Resolved: 100.00% | Delay: 2.489s | Energy: 1363.65J | LB: 0.009
2026-06-08 03:03:28,262 | INFO |   Reward | D: -1751.60 | E: -5.77 | Q: 1556.40 | H: 7.59 | LB: 0.20 | Enq: 0.00 | Pen: -410.19
2026-06-08 03:03:54,705 | INFO | Update   81 | Steps:  82,944 | Episodes:    81 | EpReward:   -15.31 | FPS:     39 | Actor Loss: -0.0001 | Critic Loss: 0.0065
2026-06-08 03:03:54,705 | INFO |   Env | HO: 71.81% | Cont: 98.07% | Task: 84.40% | Resolved: 99.99% | Delay: 2.577s | Energy: 1530.13J | LB: 0.004
2026-06-08 03:03:54,705 | INFO |   Reward | D: -1782.38 | E: -5.97 | Q: 1539.60 | H: 6.56 | LB: 0.04 | Enq: 0.00 | Pen: -555.53
2026-06-08 03:04:28,366 | INFO | Update   82 | Steps:  83,968 | Episodes:    82 | EpReward:   -15.17 | FPS:     30 | Actor Loss: -0.0005 | Critic Loss: 0.0025
2026-06-08 03:04:28,366 | INFO |   Env | HO: 70.13% | Cont: 98.20% | Task: 85.26% | Resolved: 99.97% | Delay: 2.499s | Energy: 1409.88J | LB: 0.007
2026-06-08 03:04:28,366 | INFO |   Reward | D: -1723.76 | E: -5.87 | Q: 1573.20 | H: 6.77 | LB: 0.14 | Enq: 0.00 | Pen: -410.46
2026-06-08 03:05:05,870 | INFO | Update   83 | Steps:  84,992 | Episodes:    83 | EpReward:   -15.08 | FPS:     27 | Actor Loss: -0.0001 | Critic Loss: 0.0025
2026-06-08 03:05:05,870 | INFO |   Env | HO: 75.19% | Cont: 98.65% | Task: 84.64% | Resolved: 99.92% | Delay: 2.554s | Energy: 1565.29J | LB: 0.007
2026-06-08 03:05:05,870 | INFO |   Reward | D: -1787.52 | E: -6.14 | Q: 1552.40 | H: 5.93 | LB: 0.03 | Enq: 0.00 | Pen: -522.90
2026-06-08 03:05:39,133 | INFO | Update   84 | Steps:  86,016 | Episodes:    84 | EpReward:   -14.98 | FPS:     31 | Actor Loss: -0.0001 | Critic Loss: 0.0024
2026-06-08 03:05:39,133 | INFO |   Env | HO: 72.39% | Cont: 98.28% | Task: 84.55% | Resolved: 99.97% | Delay: 2.517s | Energy: 1472.96J | LB: 0.009
2026-06-08 03:05:39,133 | INFO |   Reward | D: -1741.83 | E: -5.93 | Q: 1517.60 | H: 5.86 | LB: 0.04 | Enq: 0.00 | Pen: -477.45
2026-06-08 03:06:11,027 | INFO | Update   85 | Steps:  87,040 | Episodes:    85 | EpReward:   -14.87 | FPS:     32 | Actor Loss: -0.0005 | Critic Loss: 0.0044
2026-06-08 03:06:11,027 | INFO |   Env | HO: 69.66% | Cont: 98.03% | Task: 84.80% | Resolved: 99.97% | Delay: 2.554s | Energy: 1575.95J | LB: 0.007
2026-06-08 03:06:11,027 | INFO |   Reward | D: -1803.19 | E: -6.23 | Q: 1592.40 | H: 6.18 | LB: 0.06 | Enq: 0.00 | Pen: -529.57
2026-06-08 03:06:41,209 | INFO | Update   86 | Steps:  88,064 | Episodes:    86 | EpReward:   -14.77 | FPS:     34 | Actor Loss: -0.0011 | Critic Loss: 0.0027
2026-06-08 03:06:41,209 | INFO |   Env | HO: 75.47% | Cont: 97.14% | Task: 84.65% | Resolved: 100.00% | Delay: 2.485s | Energy: 1422.89J | LB: 0.006
2026-06-08 03:06:41,209 | INFO |   Reward | D: -1745.26 | E: -6.11 | Q: 1560.00 | H: 7.32 | LB: 0.01 | Enq: 0.00 | Pen: -399.92
2026-06-08 03:07:21,552 | INFO | Update   87 | Steps:  89,088 | Episodes:    87 | EpReward:   -14.68 | FPS:     25 | Actor Loss: -0.0007 | Critic Loss: 0.0022
2026-06-08 03:07:21,552 | INFO |   Env | HO: 73.19% | Cont: 98.15% | Task: 85.02% | Resolved: 99.99% | Delay: 2.520s | Energy: 1466.78J | LB: 0.002
2026-06-08 03:07:21,552 | INFO |   Reward | D: -1739.51 | E: -6.09 | Q: 1576.40 | H: 6.28 | LB: 0.06 | Enq: 0.00 | Pen: -447.39
2026-06-08 03:08:01,572 | INFO | Update   88 | Steps:  90,112 | Episodes:    88 | EpReward:   -14.58 | FPS:     26 | Actor Loss: 0.0000 | Critic Loss: 0.0022
2026-06-08 03:08:01,572 | INFO |   Env | HO: 73.38% | Cont: 97.74% | Task: 84.05% | Resolved: 99.94% | Delay: 2.560s | Energy: 1531.53J | LB: 0.001
2026-06-08 03:08:01,572 | INFO |   Reward | D: -1759.51 | E: -6.02 | Q: 1491.60 | H: 6.21 | LB: 0.07 | Enq: 0.00 | Pen: -534.83
2026-06-08 03:08:37,966 | INFO | Update   89 | Steps:  91,136 | Episodes:    89 | EpReward:   -14.44 | FPS:     28 | Actor Loss: -0.0006 | Critic Loss: 0.0020
2026-06-08 03:08:37,966 | INFO |   Env | HO: 70.59% | Cont: 98.40% | Task: 84.22% | Resolved: 100.00% | Delay: 2.579s | Energy: 1578.25J | LB: 0.004
2026-06-08 03:08:37,967 | INFO |   Reward | D: -1778.40 | E: -6.12 | Q: 1515.60 | H: 5.14 | LB: 0.03 | Enq: 0.00 | Pen: -578.00
2026-06-08 03:09:18,356 | INFO | Update   90 | Steps:  92,160 | Episodes:    90 | EpReward:   -14.30 | FPS:     25 | Actor Loss: -0.0004 | Critic Loss: 0.0018
2026-06-08 03:09:18,356 | INFO |   Env | HO: 74.80% | Cont: 98.01% | Task: 84.90% | Resolved: 99.92% | Delay: 2.498s | Energy: 1461.02J | LB: 0.009
2026-06-08 03:09:18,356 | INFO |   Reward | D: -1746.16 | E: -6.09 | Q: 1570.00 | H: 5.79 | LB: 0.07 | Enq: 0.00 | Pen: -430.93
2026-06-08 03:09:51,486 | INFO | Update   91 | Steps:  93,184 | Episodes:    91 | EpReward:   -14.18 | FPS:     31 | Actor Loss: -0.0009 | Critic Loss: 0.0035
2026-06-08 03:09:51,486 | INFO |   Env | HO: 74.24% | Cont: 97.81% | Task: 85.29% | Resolved: 99.99% | Delay: 2.503s | Energy: 1450.54J | LB: 0.005
2026-06-08 03:09:51,486 | INFO |   Reward | D: -1719.28 | E: -6.15 | Q: 1590.00 | H: 6.07 | LB: 0.04 | Enq: 0.00 | Pen: -403.12
2026-06-08 03:10:25,002 | INFO | Update   92 | Steps:  94,208 | Episodes:    92 | EpReward:   -14.09 | FPS:     31 | Actor Loss: -0.0003 | Critic Loss: 0.0033
2026-06-08 03:10:25,002 | INFO |   Env | HO: 75.00% | Cont: 98.07% | Task: 84.59% | Resolved: 99.99% | Delay: 2.555s | Energy: 1529.90J | LB: 0.004
2026-06-08 03:10:25,002 | INFO |   Reward | D: -1752.87 | E: -6.15 | Q: 1540.80 | H: 6.23 | LB: 0.01 | Enq: 0.00 | Pen: -510.53
2026-06-08 03:10:54,332 | INFO | Update   93 | Steps:  95,232 | Episodes:    93 | EpReward:   -14.00 | FPS:     35 | Actor Loss: -0.0008 | Critic Loss: 0.0042
2026-06-08 03:10:54,335 | INFO |   Env | HO: 68.91% | Cont: 98.16% | Task: 84.61% | Resolved: 99.97% | Delay: 2.550s | Energy: 1531.76J | LB: 0.004
2026-06-08 03:10:54,335 | INFO |   Reward | D: -1755.84 | E: -6.19 | Q: 1550.40 | H: 5.07 | LB: 0.07 | Enq: 0.00 | Pen: -523.85
2026-06-08 03:11:24,487 | INFO | Update   94 | Steps:  96,256 | Episodes:    94 | EpReward:   -13.88 | FPS:     34 | Actor Loss: -0.0010 | Critic Loss: 0.0034
2026-06-08 03:11:24,487 | INFO |   Env | HO: 72.31% | Cont: 97.94% | Task: 85.25% | Resolved: 99.99% | Delay: 2.529s | Energy: 1514.81J | LB: 0.008
2026-06-08 03:11:24,487 | INFO |   Reward | D: -1740.49 | E: -6.21 | Q: 1602.40 | H: 5.80 | LB: 0.10 | Enq: 0.00 | Pen: -451.79
2026-06-08 03:11:51,120 | INFO | Update   95 | Steps:  97,280 | Episodes:    95 | EpReward:   -13.87 | FPS:     38 | Actor Loss: 0.0014 | Critic Loss: 0.0101
2026-06-08 03:11:51,120 | INFO |   Env | HO: 77.57% | Cont: 98.13% | Task: 83.29% | Resolved: 99.97% | Delay: 2.656s | Energy: 1712.33J | LB: 0.003
2026-06-08 03:11:51,120 | INFO |   Reward | D: -1803.00 | E: -6.40 | Q: 1446.40 | H: 5.16 | LB: 0.00 | Enq: 0.00 | Pen: -677.49
2026-06-08 03:12:24,843 | INFO | Update   96 | Steps:  98,304 | Episodes:    96 | EpReward:   -13.81 | FPS:     30 | Actor Loss: 0.0013 | Critic Loss: 0.0018
2026-06-08 03:12:24,843 | INFO |   Env | HO: 71.01% | Cont: 97.76% | Task: 83.89% | Resolved: 99.96% | Delay: 2.604s | Energy: 1628.28J | LB: 0.005
2026-06-08 03:12:24,844 | INFO |   Reward | D: -1813.87 | E: -6.36 | Q: 1524.00 | H: 5.93 | LB: 0.03 | Enq: 0.00 | Pen: -567.11
2026-06-08 03:12:58,918 | INFO | Update   97 | Steps:  99,328 | Episodes:    97 | EpReward:   -13.79 | FPS:     30 | Actor Loss: 0.0003 | Critic Loss: 0.0027
2026-06-08 03:12:58,918 | INFO |   Env | HO: 73.74% | Cont: 97.54% | Task: 84.39% | Resolved: 100.00% | Delay: 2.546s | Energy: 1505.73J | LB: 0.005
2026-06-08 03:12:58,919 | INFO |   Reward | D: -1751.49 | E: -6.05 | Q: 1513.60 | H: 8.90 | LB: 0.10 | Enq: 0.00 | Pen: -503.03
2026-06-08 03:13:31,978 | INFO | Update   98 | Steps: 100,352 | Episodes:    98 | EpReward:   -13.77 | FPS:     31 | Actor Loss: -0.0002 | Critic Loss: 0.0027
2026-06-08 03:13:31,982 | INFO |   Env | HO: 74.42% | Cont: 98.03% | Task: 83.34% | Resolved: 99.96% | Delay: 2.600s | Energy: 1579.08J | LB: 0.003
2026-06-08 03:13:31,982 | INFO |   Reward | D: -1772.10 | E: -6.09 | Q: 1432.80 | H: 5.83 | LB: 0.03 | Enq: 0.00 | Pen: -574.55
2026-06-08 03:13:31,982 | INFO | ----------------------------------------
2026-06-08 03:13:31,982 | INFO | 开始评估...
2026-06-08 03:14:06,993 | INFO | 评估结果: 奖励 = -15.04 ± 4.25, 长度 = 600, 时延 = 2.618s, 能耗 = 2959.39J, 负载均衡 = 0.003
2026-06-08 03:14:06,993 | INFO | 新的最佳奖励: -15.04
2026-06-08 03:14:06,993 | INFO | ----------------------------------------
2026-06-08 03:14:07,019 | INFO | 模型已保存: /home/pjpjq/LEO_switch/results/baseline_compare/multiuser_scaling_multiuser_6_7/u20/learned_baselines/attn_mappo/checkpoint_100352.pt
2026-06-08 03:14:38,216 | INFO | Update   99 | Steps: 101,376 | Episodes:    99 | EpReward:   -13.62 | FPS:     33 | Actor Loss: -0.0012 | Critic Loss: 0.0023
2026-06-08 03:14:38,218 | INFO |   Env | HO: 73.64% | Cont: 98.22% | Task: 85.05% | Resolved: 99.93% | Delay: 2.494s | Energy: 1426.88J | LB: 0.006
2026-06-08 03:14:38,218 | INFO |   Reward | D: -1721.85 | E: -5.96 | Q: 1552.40 | H: 5.85 | LB: 0.00 | Enq: 0.00 | Pen: -387.67
2026-06-08 03:15:06,986 | INFO | Update  100 | Steps: 102,400 | Episodes:   100 | EpReward:   -13.56 | FPS:     36 | Actor Loss: -0.0005 | Critic Loss: 0.0019
2026-06-08 03:15:06,986 | INFO |   Env | HO: 68.22% | Cont: 97.95% | Task: 84.33% | Resolved: 100.00% | Delay: 2.568s | Energy: 1556.72J | LB: 0.004
2026-06-08 03:15:06,991 | INFO |   Reward | D: -1766.05 | E: -6.17 | Q: 1518.40 | H: 5.45 | LB: 0.01 | Enq: 0.00 | Pen: -523.62
2026-06-08 03:15:37,710 | INFO | Update  101 | Steps: 103,424 | Episodes:   101 | EpReward:   -12.52 | FPS:     33 | Actor Loss: -0.0011 | Critic Loss: 0.0013
2026-06-08 03:15:37,710 | INFO |   Env | HO: 71.92% | Cont: 97.97% | Task: 84.78% | Resolved: 99.94% | Delay: 2.541s | Energy: 1512.73J | LB: 0.009
2026-06-08 03:15:37,710 | INFO |   Reward | D: -1758.64 | E: -6.19 | Q: 1553.60 | H: 6.46 | LB: 0.03 | Enq: 0.00 | Pen: -460.03
2026-06-08 03:16:06,275 | INFO | Update  102 | Steps: 104,448 | Episodes:   102 | EpReward:   -11.59 | FPS:     36 | Actor Loss: -0.0000 | Critic Loss: 0.0046
2026-06-08 03:16:06,276 | INFO |   Env | HO: 70.14% | Cont: 97.79% | Task: 84.15% | Resolved: 99.97% | Delay: 2.552s | Energy: 1536.18J | LB: 0.012
2026-06-08 03:16:06,276 | INFO |   Reward | D: -1772.70 | E: -6.14 | Q: 1508.40 | H: 6.09 | LB: 0.00 | Enq: 0.00 | Pen: -483.18
2026-06-08 03:16:34,019 | INFO | Update  103 | Steps: 105,472 | Episodes:   103 | EpReward:   -10.91 | FPS:     37 | Actor Loss: -0.0011 | Critic Loss: 0.0049
2026-06-08 03:16:34,019 | INFO |   Env | HO: 72.85% | Cont: 98.05% | Task: 83.89% | Resolved: 100.00% | Delay: 2.614s | Energy: 1613.18J | LB: 0.003
2026-06-08 03:16:34,019 | INFO |   Reward | D: -1764.66 | E: -6.18 | Q: 1461.60 | H: 6.75 | LB: 0.01 | Enq: 0.00 | Pen: -572.99
2026-06-08 03:17:01,289 | INFO | Update  104 | Steps: 106,496 | Episodes:   104 | EpReward:   -10.17 | FPS:     38 | Actor Loss: -0.0004 | Critic Loss: 0.0036
2026-06-08 03:17:01,290 | INFO |   Env | HO: 77.55% | Cont: 97.74% | Task: 83.41% | Resolved: 99.92% | Delay: 2.571s | Energy: 1560.78J | LB: 0.003
2026-06-08 03:17:01,290 | INFO |   Reward | D: -1771.42 | E: -6.11 | Q: 1434.80 | H: 7.08 | LB: 0.03 | Enq: 0.00 | Pen: -540.60
2026-06-08 03:17:32,436 | INFO | Update  105 | Steps: 107,520 | Episodes:   105 | EpReward:    -9.63 | FPS:     33 | Actor Loss: 0.0003 | Critic Loss: 0.0052
2026-06-08 03:17:32,436 | INFO |   Env | HO: 67.53% | Cont: 97.60% | Task: 83.91% | Resolved: 99.96% | Delay: 2.624s | Energy: 1677.32J | LB: 0.006
2026-06-08 03:17:32,436 | INFO |   Reward | D: -1803.35 | E: -6.46 | Q: 1507.60 | H: 6.63 | LB: 0.01 | Enq: 0.00 | Pen: -594.05
2026-06-08 03:17:56,372 | INFO | Update  106 | Steps: 108,544 | Episodes:   106 | EpReward:    -9.06 | FPS:     43 | Actor Loss: -0.0015 | Critic Loss: 0.0036
2026-06-08 03:17:56,372 | INFO |   Env | HO: 75.00% | Cont: 97.84% | Task: 85.05% | Resolved: 100.00% | Delay: 2.518s | Energy: 1496.95J | LB: 0.008
2026-06-08 03:17:56,373 | INFO |   Reward | D: -1737.39 | E: -6.20 | Q: 1586.40 | H: 6.23 | LB: 0.01 | Enq: 0.00 | Pen: -430.67
2026-06-08 03:18:23,388 | INFO | Update  107 | Steps: 109,568 | Episodes:   107 | EpReward:    -8.73 | FPS:     38 | Actor Loss: -0.0006 | Critic Loss: 0.0040
2026-06-08 03:18:23,388 | INFO |   Env | HO: 69.41% | Cont: 96.48% | Task: 83.67% | Resolved: 99.99% | Delay: 2.530s | Energy: 1449.78J | LB: 0.003
2026-06-08 03:18:23,388 | INFO |   Reward | D: -1724.93 | E: -6.18 | Q: 1468.80 | H: 7.25 | LB: 0.09 | Enq: 0.00 | Pen: -432.25
2026-06-08 03:18:54,625 | INFO | Update  108 | Steps: 110,592 | Episodes:   108 | EpReward:    -8.30 | FPS:     33 | Actor Loss: -0.0003 | Critic Loss: 0.0021
2026-06-08 03:18:54,625 | INFO |   Env | HO: 72.54% | Cont: 98.33% | Task: 85.18% | Resolved: 99.99% | Delay: 2.483s | Energy: 1433.61J | LB: 0.009
2026-06-08 03:18:54,625 | INFO |   Reward | D: -1720.04 | E: -6.02 | Q: 1567.20 | H: 6.42 | LB: 0.07 | Enq: 0.00 | Pen: -391.06
2026-06-08 03:19:30,542 | INFO | Update  109 | Steps: 111,616 | Episodes:   109 | EpReward:    -7.95 | FPS:     29 | Actor Loss: -0.0005 | Critic Loss: 0.0011
2026-06-08 03:19:30,542 | INFO |   Env | HO: 74.42% | Cont: 98.14% | Task: 84.76% | Resolved: 100.00% | Delay: 2.517s | Energy: 1489.80J | LB: 0.006
2026-06-08 03:19:30,542 | INFO |   Reward | D: -1770.92 | E: -6.03 | Q: 1559.20 | H: 5.99 | LB: 0.02 | Enq: 0.00 | Pen: -433.38
2026-06-08 03:20:05,412 | INFO | Update  110 | Steps: 112,640 | Episodes:   110 | EpReward:    -7.74 | FPS:     29 | Actor Loss: 0.0000 | Critic Loss: 0.0013
2026-06-08 03:20:05,413 | INFO |   Env | HO: 76.92% | Cont: 98.41% | Task: 83.74% | Resolved: 99.94% | Delay: 2.559s | Energy: 1526.06J | LB: 0.010
2026-06-08 03:20:05,414 | INFO |   Reward | D: -1752.36 | E: -6.02 | Q: 1445.20 | H: 4.81 | LB: 0.01 | Enq: 0.00 | Pen: -491.87
2026-06-08 03:20:34,889 | INFO | Update  111 | Steps: 113,664 | Episodes:   111 | EpReward:    -7.44 | FPS:     35 | Actor Loss: -0.0007 | Critic Loss: 0.0019
2026-06-08 03:20:34,889 | INFO |   Env | HO: 74.40% | Cont: 98.53% | Task: 84.33% | Resolved: 99.99% | Delay: 2.572s | Energy: 1585.45J | LB: 0.002
2026-06-08 03:20:34,889 | INFO |   Reward | D: -1790.05 | E: -6.29 | Q: 1523.60 | H: 5.73 | LB: 0.03 | Enq: 0.00 | Pen: -490.87
2026-06-08 03:21:11,249 | INFO | Update  112 | Steps: 114,688 | Episodes:   112 | EpReward:    -7.20 | FPS:     28 | Actor Loss: -0.0011 | Critic Loss: 0.0032
2026-06-08 03:21:11,250 | INFO |   Env | HO: 73.33% | Cont: 98.35% | Task: 84.57% | Resolved: 99.99% | Delay: 2.563s | Energy: 1555.03J | LB: 0.005
2026-06-08 03:21:11,250 | INFO |   Reward | D: -1752.97 | E: -6.19 | Q: 1529.60 | H: 6.07 | LB: 0.06 | Enq: 0.00 | Pen: -453.97
2026-06-08 03:21:41,397 | INFO | Update  113 | Steps: 115,712 | Episodes:   113 | EpReward:    -7.05 | FPS:     34 | Actor Loss: -0.0002 | Critic Loss: 0.0023
2026-06-08 03:21:41,397 | INFO |   Env | HO: 74.19% | Cont: 97.65% | Task: 84.72% | Resolved: 100.00% | Delay: 2.492s | Energy: 1456.16J | LB: 0.003
2026-06-08 03:21:41,397 | INFO |   Reward | D: -1739.04 | E: -6.21 | Q: 1554.00 | H: 6.89 | LB: 0.11 | Enq: 0.00 | Pen: -378.81
2026-06-08 03:22:18,926 | INFO | Update  114 | Steps: 116,736 | Episodes:   114 | EpReward:    -6.99 | FPS:     27 | Actor Loss: -0.0004 | Critic Loss: 0.0016
2026-06-08 03:22:18,926 | INFO |   Env | HO: 71.53% | Cont: 97.44% | Task: 83.73% | Resolved: 100.00% | Delay: 2.565s | Energy: 1532.07J | LB: 0.007
2026-06-08 03:22:18,926 | INFO |   Reward | D: -1745.11 | E: -6.05 | Q: 1460.00 | H: 6.08 | LB: 0.05 | Enq: 0.00 | Pen: -511.48
2026-06-08 03:22:56,316 | INFO | Update  115 | Steps: 117,760 | Episodes:   115 | EpReward:    -6.98 | FPS:     27 | Actor Loss: 0.0023 | Critic Loss: 0.0041
2026-06-08 03:22:56,322 | INFO |   Env | HO: 76.03% | Cont: 97.89% | Task: 83.60% | Resolved: 100.00% | Delay: 2.586s | Energy: 1585.64J | LB: 0.006
2026-06-08 03:22:56,322 | INFO |   Reward | D: -1788.54 | E: -6.25 | Q: 1466.40 | H: 6.84 | LB: 0.05 | Enq: 0.00 | Pen: -533.58
2026-06-08 03:23:28,074 | INFO | Update  116 | Steps: 118,784 | Episodes:   116 | EpReward:    -6.92 | FPS:     32 | Actor Loss: 0.0010 | Critic Loss: 0.0040
2026-06-08 03:23:28,074 | INFO |   Env | HO: 66.40% | Cont: 96.88% | Task: 83.44% | Resolved: 100.00% | Delay: 2.595s | Energy: 1572.32J | LB: 0.011
2026-06-08 03:23:28,074 | INFO |   Reward | D: -1767.25 | E: -6.16 | Q: 1443.60 | H: 9.98 | LB: 0.07 | Enq: 0.00 | Pen: -527.45
2026-06-08 03:24:02,455 | INFO | Update  117 | Steps: 119,808 | Episodes:   117 | EpReward:    -6.69 | FPS:     30 | Actor Loss: 0.0004 | Critic Loss: 0.0035
2026-06-08 03:24:02,458 | INFO |   Env | HO: 65.09% | Cont: 95.25% | Task: 84.62% | Resolved: 99.96% | Delay: 2.501s | Energy: 1373.25J | LB: 0.003
2026-06-08 03:24:02,459 | INFO |   Reward | D: -1663.83 | E: -6.07 | Q: 1516.80 | H: 9.18 | LB: 0.05 | Enq: 0.00 | Pen: -336.37
2026-06-08 03:24:37,249 | INFO | Update  118 | Steps: 120,832 | Episodes:   118 | EpReward:    -6.69 | FPS:     29 | Actor Loss: 0.0005 | Critic Loss: 0.0034
2026-06-08 03:24:37,249 | INFO |   Env | HO: 71.62% | Cont: 97.46% | Task: 83.65% | Resolved: 99.92% | Delay: 2.620s | Energy: 1614.62J | LB: 0.007
2026-06-08 03:24:37,249 | INFO |   Reward | D: -1771.69 | E: -6.22 | Q: 1456.40 | H: 9.97 | LB: 0.03 | Enq: 0.00 | Pen: -555.48
2026-06-08 03:25:09,748 | INFO | Update  119 | Steps: 121,856 | Episodes:   119 | EpReward:    -6.71 | FPS:     32 | Actor Loss: -0.0001 | Critic Loss: 0.0025
2026-06-08 03:25:09,748 | INFO |   Env | HO: 64.06% | Cont: 95.32% | Task: 81.64% | Resolved: 100.00% | Delay: 2.614s | Energy: 1509.93J | LB: 0.003
2026-06-08 03:25:09,748 | INFO |   Reward | D: -1762.60 | E: -5.86 | Q: 1284.40 | H: 12.39 | LB: 0.00 | Enq: 0.00 | Pen: -576.30
2026-06-08 03:25:39,798 | INFO | Update  120 | Steps: 122,880 | Episodes:   120 | EpReward:    -6.76 | FPS:     34 | Actor Loss: -0.0008 | Critic Loss: 0.0053
2026-06-08 03:25:39,798 | INFO |   Env | HO: 63.11% | Cont: 95.03% | Task: 81.58% | Resolved: 99.94% | Delay: 2.649s | Energy: 1547.33J | LB: 0.003
2026-06-08 03:25:39,798 | INFO |   Reward | D: -1728.02 | E: -5.92 | Q: 1260.80 | H: 11.81 | LB: 0.03 | Enq: 0.00 | Pen: -590.51
2026-06-08 03:26:07,396 | INFO | Update  121 | Steps: 123,904 | Episodes:   121 | EpReward:    -6.67 | FPS:     37 | Actor Loss: -0.0008 | Critic Loss: 0.0030
2026-06-08 03:26:07,397 | INFO |   Env | HO: 71.08% | Cont: 96.15% | Task: 84.71% | Resolved: 99.99% | Delay: 2.498s | Energy: 1404.54J | LB: 0.007
2026-06-08 03:26:07,397 | INFO |   Reward | D: -1697.94 | E: -6.01 | Q: 1560.00 | H: 7.36 | LB: 0.00 | Enq: 0.00 | Pen: -371.52
2026-06-08 03:26:49,989 | INFO | Update  122 | Steps: 124,928 | Episodes:   122 | EpReward:    -6.75 | FPS:     24 | Actor Loss: -0.0000 | Critic Loss: 0.0040
2026-06-08 03:26:49,989 | INFO |   Env | HO: 63.51% | Cont: 96.97% | Task: 82.98% | Resolved: 99.99% | Delay: 2.601s | Energy: 1552.52J | LB: 0.005
2026-06-08 03:26:49,989 | INFO |   Reward | D: -1765.48 | E: -5.96 | Q: 1393.60 | H: 8.18 | LB: 0.03 | Enq: 0.00 | Pen: -573.36
2026-06-08 03:27:25,296 | INFO | Update  123 | Steps: 125,952 | Episodes:   123 | EpReward:    -6.61 | FPS:     29 | Actor Loss: -0.0000 | Critic Loss: 0.0006
2026-06-08 03:27:25,296 | INFO |   Env | HO: 71.81% | Cont: 97.41% | Task: 84.35% | Resolved: 99.96% | Delay: 2.532s | Energy: 1498.28J | LB: 0.003
2026-06-08 03:27:25,297 | INFO |   Reward | D: -1767.82 | E: -6.17 | Q: 1538.40 | H: 8.44 | LB: 0.07 | Enq: 0.00 | Pen: -440.73
2026-06-08 03:27:53,398 | INFO | Update  124 | Steps: 126,976 | Episodes:   124 | EpReward:    -6.64 | FPS:     36 | Actor Loss: -0.0002 | Critic Loss: 0.0011
2026-06-08 03:27:53,399 | INFO |   Env | HO: 73.25% | Cont: 96.06% | Task: 82.08% | Resolved: 100.00% | Delay: 2.571s | Energy: 1504.91J | LB: 0.001
2026-06-08 03:27:53,399 | INFO |   Reward | D: -1762.49 | E: -6.02 | Q: 1328.00 | H: 10.58 | LB: 0.00 | Enq: 0.00 | Pen: -477.58
2026-06-08 03:28:27,355 | INFO | Update  125 | Steps: 128,000 | Episodes:   125 | EpReward:    -6.64 | FPS:     30 | Actor Loss: 0.0002 | Critic Loss: 0.0017
2026-06-08 03:28:27,355 | INFO |   Env | HO: 61.99% | Cont: 95.74% | Task: 81.56% | Resolved: 99.99% | Delay: 2.622s | Energy: 1562.14J | LB: 0.005
2026-06-08 03:28:27,355 | INFO |   Reward | D: -1758.33 | E: -6.15 | Q: 1284.40 | H: 10.00 | LB: 0.03 | Enq: 0.00 | Pen: -572.16
2026-06-08 03:28:57,785 | INFO | Update  126 | Steps: 129,024 | Episodes:   126 | EpReward:    -6.69 | FPS:     34 | Actor Loss: -0.0008 | Critic Loss: 0.0018
2026-06-08 03:28:57,786 | INFO |   Env | HO: 68.17% | Cont: 95.51% | Task: 82.11% | Resolved: 99.93% | Delay: 2.665s | Energy: 1595.60J | LB: 0.003
2026-06-08 03:28:57,786 | INFO |   Reward | D: -1744.00 | E: -6.10 | Q: 1310.00 | H: 12.66 | LB: 0.04 | Enq: 0.00 | Pen: -580.18
2026-06-08 03:29:22,963 | INFO | Update  127 | Steps: 130,048 | Episodes:   127 | EpReward:    -6.74 | FPS:     41 | Actor Loss: 0.0000 | Critic Loss: 0.0015
2026-06-08 03:29:22,963 | INFO |   Env | HO: 68.71% | Cont: 96.64% | Task: 83.16% | Resolved: 100.00% | Delay: 2.607s | Energy: 1560.52J | LB: 0.005
2026-06-08 03:29:22,964 | INFO |   Reward | D: -1738.87 | E: -6.09 | Q: 1395.60 | H: 11.52 | LB: 0.03 | Enq: 0.00 | Pen: -518.59
2026-06-08 03:29:48,626 | INFO | Update  128 | Steps: 131,072 | Episodes:   128 | EpReward:    -6.79 | FPS:     40 | Actor Loss: -0.0007 | Critic Loss: 0.0036
2026-06-08 03:29:48,626 | INFO |   Env | HO: 68.47% | Cont: 96.42% | Task: 83.80% | Resolved: 100.00% | Delay: 2.552s | Energy: 1487.57J | LB: 0.005
2026-06-08 03:29:48,626 | INFO |   Reward | D: -1748.06 | E: -6.08 | Q: 1474.00 | H: 9.29 | LB: 0.07 | Enq: 0.00 | Pen: -446.26
2026-06-08 03:30:14,572 | INFO | Update  129 | Steps: 132,096 | Episodes:   129 | EpReward:    -6.70 | FPS:     39 | Actor Loss: -0.0015 | Critic Loss: 0.0029
2026-06-08 03:30:14,572 | INFO |   Env | HO: 69.94% | Cont: 96.98% | Task: 84.15% | Resolved: 100.00% | Delay: 2.536s | Energy: 1486.81J | LB: 0.006
2026-06-08 03:30:14,572 | INFO |   Reward | D: -1738.56 | E: -6.17 | Q: 1504.80 | H: 7.02 | LB: 0.03 | Enq: 0.00 | Pen: -410.88
2026-06-08 03:30:44,415 | INFO | Update  130 | Steps: 133,120 | Episodes:   130 | EpReward:    -6.79 | FPS:     34 | Actor Loss: 0.0000 | Critic Loss: 0.0017
2026-06-08 03:30:44,415 | INFO |   Env | HO: 73.99% | Cont: 98.19% | Task: 85.10% | Resolved: 100.00% | Delay: 2.541s | Energy: 1578.93J | LB: 0.003
2026-06-08 03:30:44,415 | INFO |   Reward | D: -1784.73 | E: -6.35 | Q: 1606.40 | H: 7.86 | LB: 0.03 | Enq: 0.00 | Pen: -465.66
2026-06-08 03:31:12,918 | INFO | Update  131 | Steps: 134,144 | Episodes:   131 | EpReward:    -6.91 | FPS:     36 | Actor Loss: -0.0008 | Critic Loss: 0.0017
2026-06-08 03:31:12,919 | INFO |   Env | HO: 71.28% | Cont: 96.59% | Task: 82.67% | Resolved: 99.99% | Delay: 2.588s | Energy: 1551.07J | LB: 0.001
2026-06-08 03:31:12,919 | INFO |   Reward | D: -1764.59 | E: -6.10 | Q: 1373.60 | H: 8.14 | LB: 0.07 | Enq: 0.00 | Pen: -503.43
2026-06-08 03:31:45,434 | INFO | Update  132 | Steps: 135,168 | Episodes:   132 | EpReward:    -7.04 | FPS:     31 | Actor Loss: -0.0005 | Critic Loss: 0.0026
2026-06-08 03:31:45,434 | INFO |   Env | HO: 71.71% | Cont: 97.49% | Task: 82.36% | Resolved: 99.99% | Delay: 2.682s | Energy: 1726.00J | LB: 0.003
2026-06-08 03:31:45,434 | INFO |   Reward | D: -1844.73 | E: -6.32 | Q: 1366.00 | H: 8.94 | LB: 0.02 | Enq: 0.00 | Pen: -641.77
2026-06-08 03:32:25,113 | INFO | Update  133 | Steps: 136,192 | Episodes:   133 | EpReward:    -7.06 | FPS:     26 | Actor Loss: -0.0007 | Critic Loss: 0.0011
2026-06-08 03:32:25,114 | INFO |   Env | HO: 66.67% | Cont: 96.36% | Task: 82.65% | Resolved: 99.97% | Delay: 2.660s | Energy: 1620.90J | LB: 0.005
2026-06-08 03:32:25,114 | INFO |   Reward | D: -1759.67 | E: -6.28 | Q: 1364.00 | H: 10.81 | LB: 0.04 | Enq: 0.00 | Pen: -546.11
2026-06-08 03:33:05,021 | INFO | Update  134 | Steps: 137,216 | Episodes:   134 | EpReward:    -7.11 | FPS:     26 | Actor Loss: -0.0009 | Critic Loss: 0.0009
2026-06-08 03:33:05,021 | INFO |   Env | HO: 71.34% | Cont: 97.20% | Task: 83.22% | Resolved: 100.00% | Delay: 2.616s | Energy: 1549.53J | LB: 0.001
2026-06-08 03:33:05,021 | INFO |   Reward | D: -1727.77 | E: -6.09 | Q: 1398.80 | H: 6.89 | LB: 0.07 | Enq: 0.00 | Pen: -500.32
2026-06-08 03:33:45,140 | INFO | Update  135 | Steps: 138,240 | Episodes:   135 | EpReward:    -7.17 | FPS:     26 | Actor Loss: -0.0003 | Critic Loss: 0.0016
2026-06-08 03:33:45,141 | INFO |   Env | HO: 71.12% | Cont: 97.42% | Task: 83.49% | Resolved: 100.00% | Delay: 2.638s | Energy: 1619.25J | LB: 0.002
2026-06-08 03:33:45,141 | INFO |   Reward | D: -1757.82 | E: -6.23 | Q: 1433.60 | H: 8.17 | LB: 0.03 | Enq: 0.00 | Pen: -521.44
2026-06-08 03:34:23,318 | INFO | Update  136 | Steps: 139,264 | Episodes:   136 | EpReward:    -7.22 | FPS:     27 | Actor Loss: 0.0003 | Critic Loss: 0.0010
2026-06-08 03:34:23,318 | INFO |   Env | HO: 76.06% | Cont: 98.06% | Task: 84.22% | Resolved: 100.00% | Delay: 2.589s | Energy: 1556.53J | LB: 0.003
2026-06-08 03:34:23,318 | INFO |   Reward | D: -1737.60 | E: -6.06 | Q: 1477.60 | H: 6.64 | LB: 0.02 | Enq: 0.00 | Pen: -492.15
2026-06-08 03:35:02,593 | INFO | Update  137 | Steps: 140,288 | Episodes:   137 | EpReward:    -7.24 | FPS:     26 | Actor Loss: -0.0015 | Critic Loss: 0.0026
2026-06-08 03:35:02,593 | INFO |   Env | HO: 69.83% | Cont: 97.38% | Task: 83.15% | Resolved: 99.97% | Delay: 2.624s | Energy: 1646.20J | LB: 0.006
2026-06-08 03:35:02,593 | INFO |   Reward | D: -1807.76 | E: -6.27 | Q: 1435.20 | H: 7.64 | LB: 0.06 | Enq: 0.00 | Pen: -587.16
2026-06-08 03:35:31,453 | INFO | Update  138 | Steps: 141,312 | Episodes:   138 | EpReward:    -7.32 | FPS:     35 | Actor Loss: -0.0008 | Critic Loss: 0.0032
2026-06-08 03:35:31,453 | INFO |   Env | HO: 71.27% | Cont: 97.23% | Task: 81.44% | Resolved: 99.92% | Delay: 2.680s | Energy: 1686.50J | LB: 0.000
2026-06-08 03:35:31,453 | INFO |   Reward | D: -1802.35 | E: -6.13 | Q: 1265.20 | H: 7.86 | LB: 0.06 | Enq: 0.00 | Pen: -632.26
2026-06-08 03:36:06,590 | INFO | Update  139 | Steps: 142,336 | Episodes:   139 | EpReward:    -7.18 | FPS:     29 | Actor Loss: -0.0013 | Critic Loss: 0.0021
2026-06-08 03:36:06,590 | INFO |   Env | HO: 74.83% | Cont: 98.20% | Task: 85.17% | Resolved: 99.96% | Delay: 2.535s | Energy: 1581.32J | LB: 0.007
2026-06-08 03:36:06,590 | INFO |   Reward | D: -1774.27 | E: -6.50 | Q: 1612.40 | H: 6.74 | LB: 0.03 | Enq: 0.00 | Pen: -439.42
2026-06-08 03:36:33,427 | INFO | Update  140 | Steps: 143,360 | Episodes:   140 | EpReward:    -7.12 | FPS:     38 | Actor Loss: -0.0008 | Critic Loss: 0.0025
2026-06-08 03:36:33,427 | INFO |   Env | HO: 72.60% | Cont: 98.12% | Task: 84.45% | Resolved: 99.96% | Delay: 2.526s | Energy: 1527.26J | LB: 0.001
2026-06-08 03:36:33,427 | INFO |   Reward | D: -1736.74 | E: -6.23 | Q: 1521.20 | H: 6.54 | LB: 0.10 | Enq: 0.00 | Pen: -447.12
2026-06-08 03:36:58,546 | INFO | Update  141 | Steps: 144,384 | Episodes:   141 | EpReward:    -7.20 | FPS:     41 | Actor Loss: -0.0011 | Critic Loss: 0.0025
2026-06-08 03:36:58,546 | INFO |   Env | HO: 76.88% | Cont: 97.39% | Task: 83.02% | Resolved: 100.00% | Delay: 2.583s | Energy: 1535.79J | LB: 0.000
2026-06-08 03:36:58,546 | INFO |   Reward | D: -1737.37 | E: -6.01 | Q: 1386.40 | H: 7.54 | LB: 0.09 | Enq: 0.00 | Pen: -504.33
2026-06-08 03:37:28,163 | INFO | Update  142 | Steps: 145,408 | Episodes:   142 | EpReward:    -7.14 | FPS:     35 | Actor Loss: -0.0014 | Critic Loss: 0.0017
2026-06-08 03:37:28,163 | INFO |   Env | HO: 78.20% | Cont: 98.58% | Task: 84.22% | Resolved: 100.00% | Delay: 2.574s | Energy: 1595.85J | LB: 0.006
2026-06-08 03:37:28,163 | INFO |   Reward | D: -1786.70 | E: -6.24 | Q: 1511.20 | H: 6.38 | LB: 0.10 | Enq: 0.00 | Pen: -482.20
2026-06-08 03:37:59,098 | INFO | Update  143 | Steps: 146,432 | Episodes:   143 | EpReward:    -7.15 | FPS:     33 | Actor Loss: -0.0006 | Critic Loss: 0.0015
2026-06-08 03:37:59,098 | INFO |   Env | HO: 67.92% | Cont: 96.06% | Task: 82.68% | Resolved: 99.93% | Delay: 2.579s | Energy: 1538.27J | LB: 0.004
2026-06-08 03:37:59,098 | INFO |   Reward | D: -1772.67 | E: -6.15 | Q: 1389.60 | H: 13.04 | LB: 0.04 | Enq: 0.00 | Pen: -497.91
2026-06-08 03:38:38,249 | INFO | Update  144 | Steps: 147,456 | Episodes:   144 | EpReward:    -7.30 | FPS:     26 | Actor Loss: -0.0008 | Critic Loss: 0.0034
2026-06-08 03:38:38,249 | INFO |   Env | HO: 64.05% | Cont: 95.67% | Task: 83.04% | Resolved: 99.99% | Delay: 2.612s | Energy: 1581.80J | LB: 0.008
2026-06-08 03:38:38,249 | INFO |   Reward | D: -1766.25 | E: -6.20 | Q: 1417.60 | H: 12.84 | LB: 0.03 | Enq: 0.00 | Pen: -565.02
2026-06-08 03:39:19,298 | INFO | Update  145 | Steps: 148,480 | Episodes:   145 | EpReward:    -7.42 | FPS:     25 | Actor Loss: -0.0002 | Critic Loss: 0.0014
2026-06-08 03:39:19,298 | INFO |   Env | HO: 70.34% | Cont: 97.10% | Task: 83.18% | Resolved: 99.97% | Delay: 2.602s | Energy: 1593.59J | LB: 0.004
2026-06-08 03:39:19,298 | INFO |   Reward | D: -1777.64 | E: -6.09 | Q: 1422.40 | H: 9.99 | LB: 0.03 | Enq: 0.00 | Pen: -587.72
2026-06-08 03:40:00,558 | INFO | Update  146 | Steps: 149,504 | Episodes:   146 | EpReward:    -7.33 | FPS:     25 | Actor Loss: 0.0009 | Critic Loss: 0.0023
2026-06-08 03:40:00,558 | INFO |   Env | HO: 67.38% | Cont: 95.81% | Task: 83.13% | Resolved: 100.00% | Delay: 2.567s | Energy: 1497.72J | LB: 0.005
2026-06-08 03:40:00,558 | INFO |   Reward | D: -1740.50 | E: -6.11 | Q: 1428.40 | H: 9.54 | LB: 0.03 | Enq: 0.00 | Pen: -493.68
2026-06-08 03:40:31,519 | INFO | Update  147 | Steps: 150,528 | Episodes:   147 | EpReward:    -7.37 | FPS:     33 | Actor Loss: 0.0002 | Critic Loss: 0.0062
2026-06-08 03:40:31,520 | INFO |   Env | HO: 67.69% | Cont: 96.02% | Task: 83.60% | Resolved: 99.96% | Delay: 2.653s | Energy: 1655.18J | LB: 0.005
2026-06-08 03:40:31,520 | INFO |   Reward | D: -1762.43 | E: -6.32 | Q: 1454.80 | H: 13.35 | LB: 0.04 | Enq: 0.00 | Pen: -608.83
2026-06-08 03:40:31,520 | INFO | ----------------------------------------
2026-06-08 03:40:31,520 | INFO | 开始评估...
2026-06-08 03:41:08,290 | INFO | 评估结果: 奖励 = -17.13 ± 1.61, 长度 = 600, 时延 = 2.661s, 能耗 = 3127.35J, 负载均衡 = 0.001
2026-06-08 03:41:08,290 | INFO | ----------------------------------------
2026-06-08 03:41:38,932 | INFO | Update  148 | Steps: 151,552 | Episodes:   148 | EpReward:    -7.46 | FPS:     33 | Actor Loss: -0.0009 | Critic Loss: 0.0028
2026-06-08 03:41:38,932 | INFO |   Env | HO: 66.67% | Cont: 96.48% | Task: 82.91% | Resolved: 99.92% | Delay: 2.612s | Energy: 1581.07J | LB: 0.001
2026-06-08 03:41:38,932 | INFO |   Reward | D: -1743.36 | E: -6.08 | Q: 1389.60 | H: 7.36 | LB: 0.04 | Enq: 0.00 | Pen: -572.82
2026-06-08 03:42:04,210 | INFO | Update  149 | Steps: 152,576 | Episodes:   149 | EpReward:    -7.48 | FPS:     41 | Actor Loss: -0.0010 | Critic Loss: 0.0026
2026-06-08 03:42:04,210 | INFO |   Env | HO: 65.32% | Cont: 96.60% | Task: 84.30% | Resolved: 99.99% | Delay: 2.526s | Energy: 1445.64J | LB: 0.006
2026-06-08 03:42:04,211 | INFO |   Reward | D: -1710.73 | E: -6.07 | Q: 1510.40 | H: 6.95 | LB: 0.07 | Enq: 0.00 | Pen: -437.00
2026-06-08 03:42:39,557 | INFO | Update  150 | Steps: 153,600 | Episodes:   150 | EpReward:    -7.53 | FPS:     29 | Actor Loss: 0.0002 | Critic Loss: 0.0016
2026-06-08 03:42:39,557 | INFO |   Env | HO: 71.26% | Cont: 97.06% | Task: 82.39% | Resolved: 99.97% | Delay: 2.686s | Energy: 1713.45J | LB: 0.005
2026-06-08 03:42:39,557 | INFO |   Reward | D: -1793.79 | E: -6.27 | Q: 1357.20 | H: 7.55 | LB: 0.00 | Enq: 0.00 | Pen: -673.51
2026-06-08 03:43:06,156 | INFO | Update  151 | Steps: 154,624 | Episodes:   151 | EpReward:    -7.56 | FPS:     38 | Actor Loss: -0.0013 | Critic Loss: 0.0030
2026-06-08 03:43:06,156 | INFO |   Env | HO: 67.50% | Cont: 97.55% | Task: 83.32% | Resolved: 99.97% | Delay: 2.618s | Energy: 1627.52J | LB: 0.004
2026-06-08 03:43:06,156 | INFO |   Reward | D: -1751.11 | E: -6.28 | Q: 1419.20 | H: 6.69 | LB: 0.06 | Enq: 0.00 | Pen: -609.04
2026-06-08 03:43:35,834 | INFO | Update  152 | Steps: 155,648 | Episodes:   152 | EpReward:    -7.50 | FPS:     35 | Actor Loss: 0.0001 | Critic Loss: 0.0022
2026-06-08 03:43:35,835 | INFO |   Env | HO: 75.78% | Cont: 97.52% | Task: 83.58% | Resolved: 100.00% | Delay: 2.585s | Energy: 1567.25J | LB: 0.002
2026-06-08 03:43:35,835 | INFO |   Reward | D: -1756.53 | E: -6.09 | Q: 1437.20 | H: 7.44 | LB: 0.09 | Enq: 0.00 | Pen: -533.51
2026-06-08 03:44:05,823 | INFO | Update  153 | Steps: 156,672 | Episodes:   153 | EpReward:    -7.55 | FPS:     34 | Actor Loss: -0.0000 | Critic Loss: 0.0023
2026-06-08 03:44:05,823 | INFO |   Env | HO: 68.12% | Cont: 97.04% | Task: 82.91% | Resolved: 99.99% | Delay: 2.616s | Energy: 1635.51J | LB: 0.009
2026-06-08 03:44:05,823 | INFO |   Reward | D: -1800.16 | E: -6.32 | Q: 1416.00 | H: 8.64 | LB: 0.01 | Enq: 0.00 | Pen: -595.13
2026-06-08 03:44:34,099 | INFO | Update  154 | Steps: 157,696 | Episodes:   154 | EpReward:    -7.60 | FPS:     36 | Actor Loss: 0.0001 | Critic Loss: 0.0017
2026-06-08 03:44:34,099 | INFO |   Env | HO: 75.76% | Cont: 97.28% | Task: 83.42% | Resolved: 99.99% | Delay: 2.556s | Energy: 1531.70J | LB: 0.010
2026-06-08 03:44:34,099 | INFO |   Reward | D: -1763.85 | E: -6.08 | Q: 1441.20 | H: 7.56 | LB: 0.00 | Enq: 0.00 | Pen: -486.39
2026-06-08 03:45:09,442 | INFO | Update  155 | Steps: 158,720 | Episodes:   155 | EpReward:    -7.68 | FPS:     29 | Actor Loss: -0.0003 | Critic Loss: 0.0022
2026-06-08 03:45:09,442 | INFO |   Env | HO: 66.67% | Cont: 96.92% | Task: 83.67% | Resolved: 99.90% | Delay: 2.523s | Energy: 1477.64J | LB: 0.001
2026-06-08 03:45:09,442 | INFO |   Reward | D: -1721.15 | E: -6.17 | Q: 1447.20 | H: 6.60 | LB: 0.01 | Enq: 0.00 | Pen: -440.93
2026-06-08 03:45:41,054 | INFO | Update  156 | Steps: 159,744 | Episodes:   156 | EpReward:    -7.81 | FPS:     32 | Actor Loss: -0.0003 | Critic Loss: 0.0014
2026-06-08 03:45:41,054 | INFO |   Env | HO: 74.11% | Cont: 98.89% | Task: 83.27% | Resolved: 99.99% | Delay: 2.637s | Energy: 1738.28J | LB: 0.005
2026-06-08 03:45:41,054 | INFO |   Reward | D: -1833.14 | E: -6.41 | Q: 1450.00 | H: 5.18 | LB: 0.03 | Enq: 0.00 | Pen: -663.95
2026-06-08 03:46:21,352 | INFO | Update  157 | Steps: 160,768 | Episodes:   157 | EpReward:    -7.95 | FPS:     25 | Actor Loss: 0.0007 | Critic Loss: 0.0034
2026-06-08 03:46:21,352 | INFO |   Env | HO: 72.83% | Cont: 97.65% | Task: 83.14% | Resolved: 99.99% | Delay: 2.619s | Energy: 1632.01J | LB: 0.004
2026-06-08 03:46:21,352 | INFO |   Reward | D: -1797.45 | E: -6.19 | Q: 1421.60 | H: 8.37 | LB: 0.03 | Enq: 0.00 | Pen: -611.00
2026-06-08 03:46:54,683 | INFO | Update  158 | Steps: 161,792 | Episodes:   158 | EpReward:    -7.96 | FPS:     31 | Actor Loss: 0.0003 | Critic Loss: 0.0023
2026-06-08 03:46:54,684 | INFO |   Env | HO: 73.33% | Cont: 97.18% | Task: 83.21% | Resolved: 99.96% | Delay: 2.538s | Energy: 1479.63J | LB: 0.004
2026-06-08 03:46:54,684 | INFO |   Reward | D: -1758.57 | E: -6.00 | Q: 1425.20 | H: 7.41 | LB: 0.08 | Enq: 0.00 | Pen: -489.40
2026-06-08 03:47:26,451 | INFO | Update  159 | Steps: 162,816 | Episodes:   159 | EpReward:    -8.03 | FPS:     32 | Actor Loss: -0.0004 | Critic Loss: 0.0012
2026-06-08 03:47:26,451 | INFO |   Env | HO: 75.94% | Cont: 98.06% | Task: 83.55% | Resolved: 99.99% | Delay: 2.587s | Energy: 1551.98J | LB: 0.004
2026-06-08 03:47:26,451 | INFO |   Reward | D: -1748.44 | E: -5.96 | Q: 1436.80 | H: 6.24 | LB: 0.01 | Enq: 0.00 | Pen: -525.82
2026-06-08 03:47:58,739 | INFO | Update  160 | Steps: 163,840 | Episodes:   160 | EpReward:    -8.04 | FPS:     32 | Actor Loss: -0.0004 | Critic Loss: 0.0028
2026-06-08 03:47:58,739 | INFO |   Env | HO: 71.03% | Cont: 96.77% | Task: 84.34% | Resolved: 99.99% | Delay: 2.541s | Energy: 1468.67J | LB: 0.001
2026-06-08 03:47:58,739 | INFO |   Reward | D: -1709.02 | E: -6.08 | Q: 1504.00 | H: 6.25 | LB: 0.01 | Enq: 0.00 | Pen: -433.65
2026-06-08 03:48:35,531 | INFO | Update  161 | Steps: 164,864 | Episodes:   161 | EpReward:    -8.04 | FPS:     28 | Actor Loss: -0.0004 | Critic Loss: 0.0011
2026-06-08 03:48:35,531 | INFO |   Env | HO: 73.75% | Cont: 97.71% | Task: 85.26% | Resolved: 99.94% | Delay: 2.509s | Energy: 1471.24J | LB: 0.009
2026-06-08 03:48:35,531 | INFO |   Reward | D: -1740.18 | E: -6.13 | Q: 1594.40 | H: 7.26 | LB: 0.03 | Enq: 0.00 | Pen: -423.80
2026-06-08 03:49:10,990 | INFO | Update  162 | Steps: 165,888 | Episodes:   162 | EpReward:    -8.17 | FPS:     29 | Actor Loss: -0.0006 | Critic Loss: 0.0021
2026-06-08 03:49:10,991 | INFO |   Env | HO: 76.03% | Cont: 97.87% | Task: 84.06% | Resolved: 99.99% | Delay: 2.599s | Energy: 1584.93J | LB: 0.005
2026-06-08 03:49:10,991 | INFO |   Reward | D: -1751.11 | E: -6.12 | Q: 1481.20 | H: 5.66 | LB: 0.06 | Enq: 0.00 | Pen: -538.31
2026-06-08 03:49:49,916 | INFO | Update  163 | Steps: 166,912 | Episodes:   163 | EpReward:    -8.24 | FPS:     26 | Actor Loss: -0.0001 | Critic Loss: 0.0011
2026-06-08 03:49:49,917 | INFO |   Env | HO: 81.45% | Cont: 98.44% | Task: 84.41% | Resolved: 100.00% | Delay: 2.589s | Energy: 1591.88J | LB: 0.001
2026-06-08 03:49:49,917 | INFO |   Reward | D: -1760.27 | E: -6.19 | Q: 1512.80 | H: 6.22 | LB: 0.09 | Enq: 0.00 | Pen: -530.02
2026-06-08 03:50:27,122 | INFO | Update  164 | Steps: 167,936 | Episodes:   164 | EpReward:    -8.18 | FPS:     28 | Actor Loss: -0.0008 | Critic Loss: 0.0023
2026-06-08 03:50:27,123 | INFO |   Env | HO: 67.01% | Cont: 96.68% | Task: 83.94% | Resolved: 99.97% | Delay: 2.545s | Energy: 1507.56J | LB: 0.006
2026-06-08 03:50:27,123 | INFO |   Reward | D: -1737.56 | E: -6.22 | Q: 1488.80 | H: 7.99 | LB: -0.00 | Enq: 0.00 | Pen: -454.72
2026-06-08 03:50:54,170 | INFO | Update  165 | Steps: 168,960 | Episodes:   165 | EpReward:    -8.30 | FPS:     38 | Actor Loss: -0.0001 | Critic Loss: 0.0024
2026-06-08 03:50:54,170 | INFO |   Env | HO: 66.82% | Cont: 97.55% | Task: 83.22% | Resolved: 99.99% | Delay: 2.600s | Energy: 1620.11J | LB: 0.005
2026-06-08 03:50:54,171 | INFO |   Reward | D: -1802.77 | E: -6.17 | Q: 1428.00 | H: 9.09 | LB: 0.07 | Enq: 0.00 | Pen: -590.85
2026-06-08 03:51:30,393 | INFO | Update  166 | Steps: 169,984 | Episodes:   166 | EpReward:    -8.22 | FPS:     28 | Actor Loss: -0.0001 | Critic Loss: 0.0026
2026-06-08 03:51:30,394 | INFO |   Env | HO: 68.00% | Cont: 97.34% | Task: 85.05% | Resolved: 100.00% | Delay: 2.526s | Energy: 1498.46J | LB: 0.005
2026-06-08 03:51:30,394 | INFO |   Reward | D: -1719.22 | E: -6.26 | Q: 1576.00 | H: 6.26 | LB: 0.04 | Enq: 0.00 | Pen: -425.08
2026-06-08 03:52:01,340 | INFO | Update  167 | Steps: 171,008 | Episodes:   167 | EpReward:    -8.32 | FPS:     33 | Actor Loss: -0.0017 | Critic Loss: 0.0011
2026-06-08 03:52:01,340 | INFO |   Env | HO: 72.78% | Cont: 97.33% | Task: 84.38% | Resolved: 99.97% | Delay: 2.510s | Energy: 1468.20J | LB: 0.003
2026-06-08 03:52:01,341 | INFO |   Reward | D: -1717.25 | E: -6.15 | Q: 1518.00 | H: 7.18 | LB: 0.00 | Enq: 0.00 | Pen: -432.18
2026-06-08 03:52:29,595 | INFO | Update  168 | Steps: 172,032 | Episodes:   168 | EpReward:    -8.34 | FPS:     36 | Actor Loss: 0.0010 | Critic Loss: 0.0026
2026-06-08 03:52:29,595 | INFO |   Env | HO: 72.12% | Cont: 96.74% | Task: 83.24% | Resolved: 99.90% | Delay: 2.593s | Energy: 1566.56J | LB: 0.002
2026-06-08 03:52:29,595 | INFO |   Reward | D: -1747.21 | E: -6.19 | Q: 1423.20 | H: 7.32 | LB: 0.10 | Enq: 0.00 | Pen: -555.70
2026-06-08 03:53:02,078 | INFO | Update  169 | Steps: 173,056 | Episodes:   169 | EpReward:    -8.31 | FPS:     32 | Actor Loss: -0.0010 | Critic Loss: 0.0021
2026-06-08 03:53:02,079 | INFO |   Env | HO: 75.71% | Cont: 97.00% | Task: 83.57% | Resolved: 99.93% | Delay: 2.570s | Energy: 1517.09J | LB: 0.000
2026-06-08 03:53:02,079 | INFO |   Reward | D: -1724.61 | E: -6.03 | Q: 1436.40 | H: 6.56 | LB: 0.12 | Enq: 0.00 | Pen: -503.92
2026-06-08 03:53:43,027 | INFO | Update  170 | Steps: 174,080 | Episodes:   170 | EpReward:    -8.44 | FPS:     25 | Actor Loss: -0.0010 | Critic Loss: 0.0023
2026-06-08 03:53:43,027 | INFO |   Env | HO: 69.14% | Cont: 98.12% | Task: 84.54% | Resolved: 99.94% | Delay: 2.577s | Energy: 1612.39J | LB: 0.005
2026-06-08 03:53:43,027 | INFO |   Reward | D: -1784.14 | E: -6.36 | Q: 1546.00 | H: 7.51 | LB: 0.00 | Enq: 0.00 | Pen: -560.20
2026-06-08 03:54:20,978 | INFO | Update  171 | Steps: 175,104 | Episodes:   171 | EpReward:    -8.39 | FPS:     27 | Actor Loss: -0.0006 | Critic Loss: 0.0014
2026-06-08 03:54:20,978 | INFO |   Env | HO: 72.33% | Cont: 97.58% | Task: 85.30% | Resolved: 100.00% | Delay: 2.483s | Energy: 1465.41J | LB: 0.007
2026-06-08 03:54:20,978 | INFO |   Reward | D: -1728.67 | E: -6.31 | Q: 1609.60 | H: 6.97 | LB: 0.07 | Enq: 0.00 | Pen: -393.80
2026-06-08 03:54:58,882 | INFO | Update  172 | Steps: 176,128 | Episodes:   172 | EpReward:    -8.40 | FPS:     27 | Actor Loss: -0.0004 | Critic Loss: 0.0026
2026-06-08 03:54:58,882 | INFO |   Env | HO: 70.89% | Cont: 96.73% | Task: 83.40% | Resolved: 99.97% | Delay: 2.544s | Energy: 1493.98J | LB: 0.008
2026-06-08 03:54:58,882 | INFO |   Reward | D: -1750.56 | E: -6.11 | Q: 1433.60 | H: 10.19 | LB: 0.04 | Enq: 0.00 | Pen: -467.56
2026-06-08 03:55:31,912 | INFO | Update  173 | Steps: 177,152 | Episodes:   173 | EpReward:    -8.46 | FPS:     31 | Actor Loss: 0.0002 | Critic Loss: 0.0010
2026-06-08 03:55:31,912 | INFO |   Env | HO: 71.90% | Cont: 97.28% | Task: 84.36% | Resolved: 99.99% | Delay: 2.533s | Energy: 1501.81J | LB: 0.008
2026-06-08 03:55:31,912 | INFO |   Reward | D: -1734.72 | E: -6.24 | Q: 1521.20 | H: 6.62 | LB: 0.07 | Enq: 0.00 | Pen: -438.89
2026-06-08 03:56:10,837 | INFO | Update  174 | Steps: 178,176 | Episodes:   174 | EpReward:    -8.43 | FPS:     26 | Actor Loss: -0.0001 | Critic Loss: 0.0020
2026-06-08 03:56:10,837 | INFO |   Env | HO: 69.12% | Cont: 96.42% | Task: 84.50% | Resolved: 100.00% | Delay: 2.548s | Energy: 1506.28J | LB: 0.012
2026-06-08 03:56:10,837 | INFO |   Reward | D: -1736.30 | E: -6.29 | Q: 1537.20 | H: 8.62 | LB: -0.00 | Enq: 0.00 | Pen: -427.68
2026-06-08 03:56:48,563 | INFO | Update  175 | Steps: 179,200 | Episodes:   175 | EpReward:    -8.36 | FPS:     27 | Actor Loss: -0.0009 | Critic Loss: 0.0017
2026-06-08 03:56:48,564 | INFO |   Env | HO: 71.33% | Cont: 97.58% | Task: 84.38% | Resolved: 100.00% | Delay: 2.549s | Energy: 1497.12J | LB: 0.003
2026-06-08 03:56:48,564 | INFO |   Reward | D: -1740.80 | E: -6.06 | Q: 1509.60 | H: 6.49 | LB: 0.04 | Enq: 0.00 | Pen: -444.28
2026-06-08 03:57:22,406 | INFO | Update  176 | Steps: 180,224 | Episodes:   176 | EpReward:    -8.34 | FPS:     30 | Actor Loss: -0.0003 | Critic Loss: 0.0014
2026-06-08 03:57:22,406 | INFO |   Env | HO: 75.84% | Cont: 98.55% | Task: 85.42% | Resolved: 99.99% | Delay: 2.568s | Energy: 1594.71J | LB: 0.006
2026-06-08 03:57:22,406 | INFO |   Reward | D: -1758.42 | E: -6.30 | Q: 1615.20 | H: 6.94 | LB: 0.09 | Enq: 0.00 | Pen: -501.93
2026-06-08 03:57:51,218 | INFO | Update  177 | Steps: 181,248 | Episodes:   177 | EpReward:    -8.36 | FPS:     36 | Actor Loss: -0.0000 | Critic Loss: 0.0025
2026-06-08 03:57:51,218 | INFO |   Env | HO: 68.60% | Cont: 97.58% | Task: 83.30% | Resolved: 99.99% | Delay: 2.596s | Energy: 1572.43J | LB: 0.003
2026-06-08 03:57:51,218 | INFO |   Reward | D: -1786.58 | E: -6.03 | Q: 1434.80 | H: 7.26 | LB: 0.03 | Enq: 0.00 | Pen: -586.04
2026-06-08 03:58:30,680 | INFO | Update  178 | Steps: 182,272 | Episodes:   178 | EpReward:    -8.27 | FPS:     26 | Actor Loss: -0.0004 | Critic Loss: 0.0018
2026-06-08 03:58:30,680 | INFO |   Env | HO: 67.61% | Cont: 97.70% | Task: 85.27% | Resolved: 99.96% | Delay: 2.524s | Energy: 1499.10J | LB: 0.008
2026-06-08 03:58:30,680 | INFO |   Reward | D: -1746.13 | E: -6.19 | Q: 1605.20 | H: 5.82 | LB: -0.00 | Enq: 0.00 | Pen: -436.57
2026-06-08 03:59:03,035 | INFO | Update  179 | Steps: 183,296 | Episodes:   179 | EpReward:    -8.29 | FPS:     32 | Actor Loss: -0.0002 | Critic Loss: 0.0029
2026-06-08 03:59:03,035 | INFO |   Env | HO: 78.05% | Cont: 97.93% | Task: 84.50% | Resolved: 100.00% | Delay: 2.522s | Energy: 1472.66J | LB: 0.001
2026-06-08 03:59:03,035 | INFO |   Reward | D: -1733.98 | E: -5.92 | Q: 1514.00 | H: 5.88 | LB: 0.06 | Enq: 0.00 | Pen: -462.81
2026-06-08 03:59:42,156 | INFO | Update  180 | Steps: 184,320 | Episodes:   180 | EpReward:    -8.26 | FPS:     26 | Actor Loss: -0.0001 | Critic Loss: 0.0014
2026-06-08 03:59:42,157 | INFO |   Env | HO: 76.22% | Cont: 97.32% | Task: 84.17% | Resolved: 100.00% | Delay: 2.536s | Energy: 1506.56J | LB: 0.005
2026-06-08 03:59:42,157 | INFO |   Reward | D: -1741.79 | E: -6.17 | Q: 1512.00 | H: 6.60 | LB: 0.04 | Enq: 0.00 | Pen: -465.04
2026-06-08 04:00:21,001 | INFO | Update  181 | Steps: 185,344 | Episodes:   181 | EpReward:    -8.31 | FPS:     26 | Actor Loss: -0.0000 | Critic Loss: 0.0024
2026-06-08 04:00:21,002 | INFO |   Env | HO: 77.59% | Cont: 98.19% | Task: 83.67% | Resolved: 100.00% | Delay: 2.595s | Energy: 1597.82J | LB: 0.005
2026-06-08 04:00:21,002 | INFO |   Reward | D: -1790.84 | E: -6.12 | Q: 1474.80 | H: 5.55 | LB: 0.03 | Enq: 0.00 | Pen: -580.61
2026-06-08 04:01:01,275 | INFO | Update  182 | Steps: 186,368 | Episodes:   182 | EpReward:    -8.43 | FPS:     25 | Actor Loss: -0.0008 | Critic Loss: 0.0040
2026-06-08 04:01:01,276 | INFO |   Env | HO: 70.14% | Cont: 97.02% | Task: 83.38% | Resolved: 99.99% | Delay: 2.603s | Energy: 1600.11J | LB: 0.003
2026-06-08 04:01:01,276 | INFO |   Reward | D: -1784.50 | E: -6.20 | Q: 1468.00 | H: 6.27 | LB: 0.04 | Enq: 0.00 | Pen: -589.08
2026-06-08 04:01:40,539 | INFO | Update  183 | Steps: 187,392 | Episodes:   183 | EpReward:    -8.46 | FPS:     26 | Actor Loss: 0.0007 | Critic Loss: 0.0036
2026-06-08 04:01:40,539 | INFO |   Env | HO: 75.76% | Cont: 97.95% | Task: 83.74% | Resolved: 100.00% | Delay: 2.565s | Energy: 1518.87J | LB: 0.007
2026-06-08 04:01:40,539 | INFO |   Reward | D: -1740.77 | E: -6.00 | Q: 1443.60 | H: 6.13 | LB: 0.00 | Enq: 0.00 | Pen: -485.47
2026-06-08 04:02:09,382 | INFO | Update  184 | Steps: 188,416 | Episodes:   184 | EpReward:    -8.51 | FPS:     36 | Actor Loss: -0.0004 | Critic Loss: 0.0029
2026-06-08 04:02:09,382 | INFO |   Env | HO: 75.81% | Cont: 97.79% | Task: 83.71% | Resolved: 99.99% | Delay: 2.590s | Energy: 1572.34J | LB: 0.004
2026-06-08 04:02:09,382 | INFO |   Reward | D: -1781.79 | E: -6.03 | Q: 1463.20 | H: 5.87 | LB: -0.00 | Enq: 0.00 | Pen: -571.36
2026-06-08 04:02:39,199 | INFO | Update  185 | Steps: 189,440 | Episodes:   185 | EpReward:    -8.56 | FPS:     34 | Actor Loss: -0.0006 | Critic Loss: 0.0020
2026-06-08 04:02:39,199 | INFO |   Env | HO: 64.46% | Cont: 97.12% | Task: 83.84% | Resolved: 99.99% | Delay: 2.552s | Energy: 1514.97J | LB: 0.001
2026-06-08 04:02:39,199 | INFO |   Reward | D: -1755.36 | E: -6.07 | Q: 1478.00 | H: 6.59 | LB: 0.10 | Enq: 0.00 | Pen: -497.92
2026-06-08 04:03:08,428 | INFO | Update  186 | Steps: 190,464 | Episodes:   186 | EpReward:    -8.61 | FPS:     35 | Actor Loss: 0.0008 | Critic Loss: 0.0025
2026-06-08 04:03:08,428 | INFO |   Env | HO: 68.57% | Cont: 97.42% | Task: 83.78% | Resolved: 99.96% | Delay: 2.570s | Energy: 1539.88J | LB: 0.005
2026-06-08 04:03:08,428 | INFO |   Reward | D: -1779.11 | E: -6.04 | Q: 1487.20 | H: 7.39 | LB: 0.00 | Enq: 0.00 | Pen: -553.66
2026-06-08 04:03:36,395 | INFO | Update  187 | Steps: 191,488 | Episodes:   187 | EpReward:    -8.58 | FPS:     37 | Actor Loss: -0.0002 | Critic Loss: 0.0042
2026-06-08 04:03:36,395 | INFO |   Env | HO: 72.90% | Cont: 98.24% | Task: 84.84% | Resolved: 99.99% | Delay: 2.527s | Energy: 1474.77J | LB: 0.010
2026-06-08 04:03:36,396 | INFO |   Reward | D: -1752.81 | E: -5.93 | Q: 1557.20 | H: 4.79 | LB: 0.00 | Enq: 0.00 | Pen: -483.26
2026-06-08 04:04:02,908 | INFO | Update  188 | Steps: 192,512 | Episodes:   188 | EpReward:    -8.58 | FPS:     39 | Actor Loss: -0.0005 | Critic Loss: 0.0030
2026-06-08 04:04:02,908 | INFO |   Env | HO: 69.86% | Cont: 97.81% | Task: 84.42% | Resolved: 100.00% | Delay: 2.531s | Energy: 1483.39J | LB: 0.004
2026-06-08 04:04:02,908 | INFO |   Reward | D: -1743.01 | E: -6.10 | Q: 1514.80 | H: 6.19 | LB: 0.01 | Enq: 0.00 | Pen: -448.39
2026-06-08 04:04:37,978 | INFO | Update  189 | Steps: 193,536 | Episodes:   189 | EpReward:    -8.57 | FPS:     29 | Actor Loss: 0.0007 | Critic Loss: 0.0019
2026-06-08 04:04:37,978 | INFO |   Env | HO: 71.43% | Cont: 97.16% | Task: 84.44% | Resolved: 99.96% | Delay: 2.492s | Energy: 1441.70J | LB: 0.008
2026-06-08 04:04:37,978 | INFO |   Reward | D: -1721.69 | E: -6.09 | Q: 1536.80 | H: 6.09 | LB: -0.01 | Enq: 0.00 | Pen: -416.66
2026-06-08 04:05:08,393 | INFO | Update  190 | Steps: 194,560 | Episodes:   190 | EpReward:    -8.54 | FPS:     34 | Actor Loss: -0.0006 | Critic Loss: 0.0027
2026-06-08 04:05:08,393 | INFO |   Env | HO: 84.25% | Cont: 97.83% | Task: 84.84% | Resolved: 99.99% | Delay: 2.513s | Energy: 1452.97J | LB: 0.004
2026-06-08 04:05:08,393 | INFO |   Reward | D: -1702.13 | E: -6.03 | Q: 1538.40 | H: 6.66 | LB: 0.01 | Enq: 0.00 | Pen: -409.56
2026-06-08 04:05:32,320 | INFO | Update  191 | Steps: 195,584 | Episodes:   191 | EpReward:    -8.61 | FPS:     43 | Actor Loss: -0.0011 | Critic Loss: 0.0037
2026-06-08 04:05:32,321 | INFO |   Env | HO: 69.12% | Cont: 97.21% | Task: 84.75% | Resolved: 99.94% | Delay: 2.549s | Energy: 1476.57J | LB: 0.008
2026-06-08 04:05:32,321 | INFO |   Reward | D: -1726.69 | E: -6.01 | Q: 1540.00 | H: 9.28 | LB: 0.07 | Enq: 0.00 | Pen: -480.29
2026-06-08 04:05:58,560 | INFO | Update  192 | Steps: 196,608 | Episodes:   192 | EpReward:    -8.57 | FPS:     39 | Actor Loss: 0.0003 | Critic Loss: 0.0024
2026-06-08 04:05:58,560 | INFO |   Env | HO: 73.71% | Cont: 97.06% | Task: 83.96% | Resolved: 99.99% | Delay: 2.539s | Energy: 1468.48J | LB: 0.007
2026-06-08 04:05:58,560 | INFO |   Reward | D: -1741.18 | E: -5.95 | Q: 1482.80 | H: 9.67 | LB: 0.04 | Enq: 0.00 | Pen: -473.41
2026-06-08 04:06:28,820 | INFO | Update  193 | Steps: 197,632 | Episodes:   193 | EpReward:    -8.60 | FPS:     34 | Actor Loss: 0.0003 | Critic Loss: 0.0008
2026-06-08 04:06:28,820 | INFO |   Env | HO: 69.74% | Cont: 97.36% | Task: 84.20% | Resolved: 99.97% | Delay: 2.567s | Energy: 1554.51J | LB: 0.004
2026-06-08 04:06:28,820 | INFO |   Reward | D: -1782.24 | E: -6.21 | Q: 1531.60 | H: 8.47 | LB: 0.01 | Enq: 0.00 | Pen: -532.14
2026-06-08 04:06:57,958 | INFO | Update  194 | Steps: 198,656 | Episodes:   194 | EpReward:    -8.63 | FPS:     35 | Actor Loss: -0.0001 | Critic Loss: 0.0062
2026-06-08 04:06:57,960 | INFO |   Env | HO: 78.88% | Cont: 97.87% | Task: 84.63% | Resolved: 99.99% | Delay: 2.551s | Energy: 1514.16J | LB: 0.004
2026-06-08 04:06:57,960 | INFO |   Reward | D: -1781.93 | E: -6.07 | Q: 1561.20 | H: 7.92 | LB: 0.11 | Enq: 0.00 | Pen: -494.04
2026-06-08 04:07:36,789 | INFO | Update  195 | Steps: 199,680 | Episodes:   195 | EpReward:    -8.58 | FPS:     26 | Actor Loss: -0.0010 | Critic Loss: 0.0023
2026-06-08 04:07:36,789 | INFO |   Env | HO: 77.38% | Cont: 97.65% | Task: 84.33% | Resolved: 100.00% | Delay: 2.507s | Energy: 1478.95J | LB: 0.010
2026-06-08 04:07:36,789 | INFO |   Reward | D: -1775.49 | E: -6.05 | Q: 1537.20 | H: 10.77 | LB: 0.02 | Enq: 0.00 | Pen: -441.38
2026-06-08 04:08:09,890 | INFO | Update  196 | Steps: 200,704 | Episodes:   196 | EpReward:    -8.54 | FPS:     31 | Actor Loss: -0.0010 | Critic Loss: 0.0031
2026-06-08 04:08:09,891 | INFO |   Env | HO: 65.71% | Cont: 97.35% | Task: 85.14% | Resolved: 99.97% | Delay: 2.523s | Energy: 1456.00J | LB: 0.006
2026-06-08 04:08:09,891 | INFO |   Reward | D: -1726.64 | E: -6.05 | Q: 1587.60 | H: 7.02 | LB: 0.08 | Enq: 0.00 | Pen: -437.61
2026-06-08 04:08:09,891 | INFO | ----------------------------------------
2026-06-08 04:08:09,891 | INFO | 开始评估...
2026-06-08 04:08:38,199 | INFO | 评估结果: 奖励 = -10.97 ± 4.50, 长度 = 600, 时延 = 2.581s, 能耗 = 2892.27J, 负载均衡 = 0.005
2026-06-08 04:08:38,199 | INFO | 新的最佳模型 (average delay): score = -2.5815, delay = 2.581s, completion = 83.94%, continuity = 98.36%, load_balance = 0.005
2026-06-08 04:08:38,226 | INFO | 模型已保存: /home/pjpjq/LEO_switch/results/baseline_compare/multiuser_scaling_multiuser_6_7/u20/learned_baselines/attn_mappo/best_model.pt
2026-06-08 04:08:38,226 | INFO | 新的最佳奖励: -10.97
2026-06-08 04:08:38,227 | INFO | ----------------------------------------
2026-06-08 04:08:38,248 | INFO | 模型已保存: /home/pjpjq/LEO_switch/results/baseline_compare/multiuser_scaling_multiuser_6_7/u20/learned_baselines/attn_mappo/checkpoint_200704.pt
2026-06-08 04:09:09,166 | INFO | Update  197 | Steps: 201,728 | Episodes:   197 | EpReward:    -8.45 | FPS:     33 | Actor Loss: -0.0002 | Critic Loss: 0.0021
2026-06-08 04:09:09,166 | INFO |   Env | HO: 73.06% | Cont: 97.60% | Task: 84.93% | Resolved: 100.00% | Delay: 2.563s | Energy: 1523.67J | LB: 0.006
2026-06-08 04:09:09,167 | INFO |   Reward | D: -1756.16 | E: -6.11 | Q: 1574.40 | H: 8.83 | LB: 0.06 | Enq: 0.00 | Pen: -482.11
2026-06-08 04:09:40,657 | INFO | Update  198 | Steps: 202,752 | Episodes:   198 | EpReward:    -8.43 | FPS:     33 | Actor Loss: 0.0001 | Critic Loss: 0.0010
2026-06-08 04:09:40,663 | INFO |   Env | HO: 74.09% | Cont: 97.78% | Task: 84.54% | Resolved: 99.90% | Delay: 2.537s | Energy: 1496.63J | LB: 0.009
2026-06-08 04:09:40,663 | INFO |   Reward | D: -1754.16 | E: -6.00 | Q: 1532.80 | H: 10.15 | LB: 0.06 | Enq: 0.00 | Pen: -484.19
2026-06-08 04:10:12,888 | INFO | Update  199 | Steps: 203,776 | Episodes:   199 | EpReward:    -8.57 | FPS:     32 | Actor Loss: 0.0001 | Critic Loss: 0.0014
2026-06-08 04:10:12,889 | INFO |   Env | HO: 71.49% | Cont: 97.11% | Task: 83.64% | Resolved: 100.00% | Delay: 2.570s | Energy: 1517.71J | LB: 0.004
2026-06-08 04:10:12,889 | INFO |   Reward | D: -1773.87 | E: -5.96 | Q: 1463.20 | H: 10.57 | LB: 0.09 | Enq: 0.00 | Pen: -525.02
2026-06-08 04:10:51,126 | INFO | Update  200 | Steps: 204,800 | Episodes:   200 | EpReward:    -8.52 | FPS:     27 | Actor Loss: -0.0006 | Critic Loss: 0.0027
2026-06-08 04:10:51,127 | INFO |   Env | HO: 76.55% | Cont: 97.42% | Task: 85.00% | Resolved: 99.99% | Delay: 2.497s | Energy: 1432.71J | LB: 0.002
2026-06-08 04:10:51,127 | INFO |   Reward | D: -1716.07 | E: -6.02 | Q: 1568.40 | H: 7.01 | LB: 0.07 | Enq: 0.00 | Pen: -403.79
2026-06-08 04:11:20,253 | INFO | Update  201 | Steps: 205,824 | Episodes:   201 | EpReward:    -8.58 | FPS:     35 | Actor Loss: -0.0005 | Critic Loss: 0.0014
2026-06-08 04:11:20,253 | INFO |   Env | HO: 66.55% | Cont: 95.65% | Task: 83.20% | Resolved: 99.96% | Delay: 2.646s | Energy: 1596.05J | LB: 0.009
2026-06-08 04:11:20,254 | INFO |   Reward | D: -1740.01 | E: -6.22 | Q: 1432.00 | H: 12.00 | LB: 0.04 | Enq: 0.00 | Pen: -592.74
2026-06-08 04:11:45,319 | INFO | Update  202 | Steps: 206,848 | Episodes:   202 | EpReward:    -8.63 | FPS:     41 | Actor Loss: -0.0007 | Critic Loss: 0.0028
2026-06-08 04:11:45,319 | INFO |   Env | HO: 70.81% | Cont: 97.48% | Task: 84.33% | Resolved: 99.96% | Delay: 2.578s | Energy: 1536.57J | LB: 0.003
2026-06-08 04:11:45,319 | INFO |   Reward | D: -1744.08 | E: -6.01 | Q: 1513.20 | H: 7.06 | LB: 0.04 | Enq: 0.00 | Pen: -528.96
2026-06-08 04:12:10,388 | INFO | Update  203 | Steps: 207,872 | Episodes:   203 | EpReward:    -8.57 | FPS:     41 | Actor Loss: -0.0017 | Critic Loss: 0.0016
2026-06-08 04:12:10,394 | INFO |   Env | HO: 68.94% | Cont: 97.20% | Task: 84.75% | Resolved: 100.00% | Delay: 2.546s | Energy: 1492.55J | LB: 0.001
2026-06-08 04:12:10,394 | INFO |   Reward | D: -1729.25 | E: -6.18 | Q: 1556.40 | H: 6.96 | LB: 0.03 | Enq: 0.00 | Pen: -460.46
2026-06-08 04:12:42,477 | INFO | Update  204 | Steps: 208,896 | Episodes:   204 | EpReward:    -8.47 | FPS:     32 | Actor Loss: -0.0003 | Critic Loss: 0.0025
2026-06-08 04:12:42,478 | INFO |   Env | HO: 75.74% | Cont: 97.28% | Task: 84.51% | Resolved: 99.94% | Delay: 2.568s | Energy: 1495.57J | LB: 0.004
2026-06-08 04:12:42,478 | INFO |   Reward | D: -1721.10 | E: -5.93 | Q: 1517.60 | H: 7.90 | LB: 0.07 | Enq: 0.00 | Pen: -508.47
2026-06-08 04:13:20,380 | INFO | Update  205 | Steps: 209,920 | Episodes:   205 | EpReward:    -8.50 | FPS:     27 | Actor Loss: -0.0004 | Critic Loss: 0.0038
2026-06-08 04:13:20,380 | INFO |   Env | HO: 69.30% | Cont: 97.58% | Task: 83.15% | Resolved: 99.96% | Delay: 2.594s | Energy: 1527.73J | LB: 0.003
2026-06-08 04:13:20,381 | INFO |   Reward | D: -1769.94 | E: -5.83 | Q: 1415.20 | H: 10.02 | LB: 0.03 | Enq: 0.00 | Pen: -566.49
2026-06-08 04:13:49,736 | INFO | Update  206 | Steps: 210,944 | Episodes:   206 | EpReward:    -8.62 | FPS:     35 | Actor Loss: -0.0012 | Critic Loss: 0.0028
2026-06-08 04:13:49,737 | INFO |   Env | HO: 77.37% | Cont: 98.17% | Task: 84.41% | Resolved: 100.00% | Delay: 2.554s | Energy: 1534.57J | LB: 0.007
2026-06-08 04:13:49,737 | INFO |   Reward | D: -1795.39 | E: -6.08 | Q: 1549.60 | H: 6.72 | LB: 0.09 | Enq: 0.00 | Pen: -555.26
2026-06-08 04:14:22,662 | INFO | Update  207 | Steps: 211,968 | Episodes:   207 | EpReward:    -8.58 | FPS:     31 | Actor Loss: -0.0003 | Critic Loss: 0.0029
2026-06-08 04:14:22,662 | INFO |   Env | HO: 67.98% | Cont: 96.50% | Task: 83.73% | Resolved: 99.96% | Delay: 2.543s | Energy: 1412.94J | LB: 0.008
2026-06-08 04:14:22,662 | INFO |   Reward | D: -1721.38 | E: -5.78 | Q: 1465.20 | H: 8.50 | LB: 0.00 | Enq: 0.00 | Pen: -460.01
2026-06-08 04:14:50,459 | INFO | Update  208 | Steps: 212,992 | Episodes:   208 | EpReward:    -8.65 | FPS:     37 | Actor Loss: -0.0006 | Critic Loss: 0.0022
2026-06-08 04:14:50,459 | INFO |   Env | HO: 73.72% | Cont: 96.66% | Task: 84.06% | Resolved: 99.93% | Delay: 2.538s | Energy: 1402.26J | LB: 0.007
2026-06-08 04:14:50,459 | INFO |   Reward | D: -1715.40 | E: -5.77 | Q: 1490.00 | H: 6.07 | LB: 0.03 | Enq: 0.00 | Pen: -445.37
2026-06-08 04:15:20,251 | INFO | Update  209 | Steps: 214,016 | Episodes:   209 | EpReward:    -8.66 | FPS:     34 | Actor Loss: -0.0013 | Critic Loss: 0.0021
2026-06-08 04:15:20,251 | INFO |   Env | HO: 74.55% | Cont: 97.04% | Task: 84.17% | Resolved: 99.99% | Delay: 2.514s | Energy: 1374.66J | LB: 0.004
2026-06-08 04:15:20,252 | INFO |   Reward | D: -1709.23 | E: -5.68 | Q: 1483.20 | H: 7.60 | LB: 0.03 | Enq: 0.00 | Pen: -414.23
2026-06-08 04:15:51,140 | INFO | Update  210 | Steps: 215,040 | Episodes:   210 | EpReward:    -8.63 | FPS:     33 | Actor Loss: 0.0002 | Critic Loss: 0.0017
2026-06-08 04:15:51,141 | INFO |   Env | HO: 67.58% | Cont: 96.95% | Task: 83.29% | Resolved: 99.97% | Delay: 2.555s | Energy: 1483.16J | LB: 0.002
2026-06-08 04:15:51,141 | INFO |   Reward | D: -1767.23 | E: -5.96 | Q: 1452.00 | H: 7.73 | LB: 0.03 | Enq: 0.00 | Pen: -502.13
2026-06-08 04:16:15,026 | INFO | Update  211 | Steps: 216,064 | Episodes:   211 | EpReward:    -8.57 | FPS:     43 | Actor Loss: -0.0002 | Critic Loss: 0.0038
2026-06-08 04:16:15,026 | INFO |   Env | HO: 72.05% | Cont: 97.33% | Task: 83.98% | Resolved: 100.00% | Delay: 2.614s | Energy: 1541.25J | LB: 0.007
2026-06-08 04:16:15,026 | INFO |   Reward | D: -1749.98 | E: -5.89 | Q: 1485.60 | H: 7.24 | LB: 0.03 | Enq: 0.00 | Pen: -582.06
2026-06-08 04:16:45,066 | INFO | Update  212 | Steps: 217,088 | Episodes:   212 | EpReward:    -8.62 | FPS:     34 | Actor Loss: 0.0002 | Critic Loss: 0.0036
2026-06-08 04:16:45,066 | INFO |   Env | HO: 75.81% | Cont: 98.07% | Task: 83.65% | Resolved: 99.97% | Delay: 2.598s | Energy: 1549.64J | LB: 0.004
2026-06-08 04:16:45,066 | INFO |   Reward | D: -1783.00 | E: -5.86 | Q: 1460.40 | H: 5.86 | LB: 0.05 | Enq: 0.00 | Pen: -573.40
2026-06-08 04:17:23,542 | INFO | Update  213 | Steps: 218,112 | Episodes:   213 | EpReward:    -8.67 | FPS:     27 | Actor Loss: -0.0004 | Critic Loss: 0.0010
2026-06-08 04:17:23,543 | INFO |   Env | HO: 71.33% | Cont: 97.98% | Task: 83.72% | Resolved: 99.99% | Delay: 2.567s | Energy: 1527.14J | LB: 0.003
2026-06-08 04:17:23,543 | INFO |   Reward | D: -1777.49 | E: -5.95 | Q: 1465.20 | H: 6.28 | LB: 0.03 | Enq: 0.00 | Pen: -553.57
2026-06-08 04:17:59,957 | INFO | Update  214 | Steps: 219,136 | Episodes:   214 | EpReward:    -8.62 | FPS:     28 | Actor Loss: -0.0001 | Critic Loss: 0.0035
2026-06-08 04:17:59,958 | INFO |   Env | HO: 71.43% | Cont: 97.79% | Task: 84.28% | Resolved: 99.97% | Delay: 2.553s | Energy: 1484.20J | LB: 0.003
2026-06-08 04:17:59,958 | INFO |   Reward | D: -1761.33 | E: -5.95 | Q: 1514.40 | H: 5.92 | LB: 0.03 | Enq: 0.00 | Pen: -511.80
2026-06-08 04:18:37,918 | INFO | Update  215 | Steps: 220,160 | Episodes:   215 | EpReward:    -8.60 | FPS:     27 | Actor Loss: -0.0008 | Critic Loss: 0.0021
2026-06-08 04:18:37,918 | INFO |   Env | HO: 73.64% | Cont: 98.27% | Task: 83.68% | Resolved: 99.97% | Delay: 2.571s | Energy: 1532.89J | LB: 0.006
2026-06-08 04:18:37,918 | INFO |   Reward | D: -1785.87 | E: -5.91 | Q: 1456.80 | H: 5.96 | LB: 0.00 | Enq: 0.00 | Pen: -551.80
2026-06-08 04:19:16,627 | INFO | Update  216 | Steps: 221,184 | Episodes:   216 | EpReward:    -8.55 | FPS:     26 | Actor Loss: -0.0006 | Critic Loss: 0.0014
2026-06-08 04:19:16,627 | INFO |   Env | HO: 72.66% | Cont: 96.98% | Task: 84.82% | Resolved: 99.99% | Delay: 2.507s | Energy: 1454.34J | LB: 0.002
2026-06-08 04:19:16,628 | INFO |   Reward | D: -1739.56 | E: -6.01 | Q: 1592.40 | H: 5.80 | LB: 0.09 | Enq: 0.00 | Pen: -471.41
2026-06-08 04:19:46,057 | INFO | Update  217 | Steps: 222,208 | Episodes:   217 | EpReward:    -8.57 | FPS:     35 | Actor Loss: -0.0003 | Critic Loss: 0.0017
2026-06-08 04:19:46,057 | INFO |   Env | HO: 70.37% | Cont: 98.04% | Task: 84.99% | Resolved: 100.00% | Delay: 2.559s | Energy: 1555.94J | LB: 0.009
2026-06-08 04:19:46,057 | INFO |   Reward | D: -1773.14 | E: -6.13 | Q: 1597.20 | H: 5.78 | LB: 0.04 | Enq: 0.00 | Pen: -517.53
2026-06-08 04:20:21,029 | INFO | Update  218 | Steps: 223,232 | Episodes:   218 | EpReward:    -8.47 | FPS:     29 | Actor Loss: -0.0002 | Critic Loss: 0.0011
2026-06-08 04:20:21,030 | INFO |   Env | HO: 82.80% | Cont: 98.42% | Task: 84.83% | Resolved: 99.99% | Delay: 2.516s | Energy: 1424.73J | LB: 0.008
2026-06-08 04:20:21,030 | INFO |   Reward | D: -1716.71 | E: -5.77 | Q: 1535.20 | H: 4.73 | LB: 0.09 | Enq: 0.00 | Pen: -450.76
2026-06-08 04:20:48,820 | INFO | Update  219 | Steps: 224,256 | Episodes:   219 | EpReward:    -8.33 | FPS:     37 | Actor Loss: -0.0004 | Critic Loss: 0.0024
2026-06-08 04:20:48,820 | INFO |   Env | HO: 79.34% | Cont: 97.94% | Task: 84.71% | Resolved: 99.99% | Delay: 2.485s | Energy: 1386.85J | LB: 0.007
2026-06-08 04:20:48,821 | INFO |   Reward | D: -1717.94 | E: -5.72 | Q: 1533.20 | H: 5.85 | LB: 0.04 | Enq: 0.00 | Pen: -439.36
2026-06-08 04:21:12,653 | INFO | Update  220 | Steps: 225,280 | Episodes:   220 | EpReward:    -8.14 | FPS:     43 | Actor Loss: -0.0008 | Critic Loss: 0.0021
2026-06-08 04:21:12,653 | INFO |   Env | HO: 69.18% | Cont: 97.39% | Task: 85.01% | Resolved: 99.97% | Delay: 2.516s | Energy: 1436.48J | LB: 0.008
2026-06-08 04:21:12,653 | INFO |   Reward | D: -1747.68 | E: -5.89 | Q: 1593.60 | H: 6.62 | LB: 0.03 | Enq: 0.00 | Pen: -462.13
2026-06-08 04:21:38,223 | INFO | Update  221 | Steps: 226,304 | Episodes:   221 | EpReward:    -8.13 | FPS:     40 | Actor Loss: -0.0011 | Critic Loss: 0.0009
2026-06-08 04:21:38,223 | INFO |   Env | HO: 67.98% | Cont: 96.92% | Task: 83.85% | Resolved: 99.97% | Delay: 2.542s | Energy: 1476.52J | LB: 0.005
2026-06-08 04:21:38,223 | INFO |   Reward | D: -1758.49 | E: -5.97 | Q: 1494.40 | H: 8.47 | LB: 0.16 | Enq: 0.00 | Pen: -512.88
2026-06-08 04:22:10,713 | INFO | Update  222 | Steps: 227,328 | Episodes:   222 | EpReward:    -7.98 | FPS:     32 | Actor Loss: -0.0012 | Critic Loss: 0.0015
2026-06-08 04:22:10,713 | INFO |   Env | HO: 73.15% | Cont: 95.90% | Task: 83.18% | Resolved: 99.96% | Delay: 2.544s | Energy: 1426.12J | LB: 0.002
2026-06-08 04:22:10,713 | INFO |   Reward | D: -1717.12 | E: -5.88 | Q: 1434.00 | H: 6.60 | LB: 0.00 | Enq: 0.00 | Pen: -452.12
2026-06-08 04:22:45,010 | INFO | Update  223 | Steps: 228,352 | Episodes:   223 | EpReward:    -7.96 | FPS:     30 | Actor Loss: -0.0007 | Critic Loss: 0.0018
2026-06-08 04:22:45,010 | INFO |   Env | HO: 76.47% | Cont: 97.93% | Task: 85.12% | Resolved: 99.99% | Delay: 2.488s | Energy: 1409.35J | LB: 0.006
2026-06-08 04:22:45,010 | INFO |   Reward | D: -1719.72 | E: -5.94 | Q: 1584.80 | H: 6.32 | LB: 0.03 | Enq: 0.00 | Pen: -406.05
2026-06-08 04:23:20,093 | INFO | Update  224 | Steps: 229,376 | Episodes:   224 | EpReward:    -7.81 | FPS:     29 | Actor Loss: 0.0001 | Critic Loss: 0.0016
2026-06-08 04:23:20,093 | INFO |   Env | HO: 74.40% | Cont: 97.83% | Task: 85.42% | Resolved: 99.94% | Delay: 2.487s | Energy: 1423.08J | LB: 0.003
2026-06-08 04:23:20,093 | INFO |   Reward | D: -1745.44 | E: -5.90 | Q: 1622.80 | H: 5.61 | LB: 0.04 | Enq: 0.00 | Pen: -450.94
2026-06-08 04:23:59,365 | INFO | Update  225 | Steps: 230,400 | Episodes:   225 | EpReward:    -7.68 | FPS:     26 | Actor Loss: -0.0009 | Critic Loss: 0.0038
2026-06-08 04:23:59,365 | INFO |   Env | HO: 70.25% | Cont: 98.29% | Task: 85.33% | Resolved: 99.99% | Delay: 2.525s | Energy: 1464.36J | LB: 0.009
2026-06-08 04:23:59,365 | INFO |   Reward | D: -1748.88 | E: -5.89 | Q: 1602.00 | H: 6.90 | LB: 0.03 | Enq: 0.00 | Pen: -476.60
2026-06-08 04:24:36,129 | INFO | Update  226 | Steps: 231,424 | Episodes:   226 | EpReward:    -7.54 | FPS:     28 | Actor Loss: 0.0012 | Critic Loss: 0.0017
2026-06-08 04:24:36,129 | INFO |   Env | HO: 71.91% | Cont: 97.82% | Task: 85.10% | Resolved: 99.96% | Delay: 2.497s | Energy: 1456.24J | LB: 0.004
2026-06-08 04:24:36,129 | INFO |   Reward | D: -1746.67 | E: -6.02 | Q: 1600.80 | H: 7.87 | LB: 0.04 | Enq: 0.00 | Pen: -434.68
2026-06-08 04:25:15,799 | INFO | Update  227 | Steps: 232,448 | Episodes:   227 | EpReward:    -7.55 | FPS:     26 | Actor Loss: -0.0004 | Critic Loss: 0.0025
2026-06-08 04:25:15,799 | INFO |   Env | HO: 67.48% | Cont: 97.49% | Task: 83.43% | Resolved: 100.00% | Delay: 2.570s | Energy: 1453.69J | LB: 0.002
2026-06-08 04:25:15,799 | INFO |   Reward | D: -1754.96 | E: -5.64 | Q: 1429.60 | H: 6.75 | LB: 0.07 | Enq: 0.00 | Pen: -535.94
2026-06-08 04:25:50,574 | INFO | Update  228 | Steps: 233,472 | Episodes:   228 | EpReward:    -7.45 | FPS:     29 | Actor Loss: -0.0025 | Critic Loss: 0.0042
2026-06-08 04:25:50,574 | INFO |   Env | HO: 68.89% | Cont: 97.95% | Task: 85.81% | Resolved: 99.99% | Delay: 2.489s | Energy: 1404.32J | LB: 0.006
2026-06-08 04:25:50,574 | INFO |   Reward | D: -1725.08 | E: -5.78 | Q: 1644.80 | H: 5.72 | LB: -0.00 | Enq: 0.00 | Pen: -424.46
2026-06-08 04:26:24,247 | INFO | Update  229 | Steps: 234,496 | Episodes:   229 | EpReward:    -7.42 | FPS:     30 | Actor Loss: -0.0012 | Critic Loss: 0.0010
2026-06-08 04:26:24,248 | INFO |   Env | HO: 73.78% | Cont: 97.25% | Task: 85.39% | Resolved: 99.97% | Delay: 2.458s | Energy: 1314.94J | LB: 0.008
2026-06-08 04:26:24,248 | INFO |   Reward | D: -1678.24 | E: -5.72 | Q: 1591.60 | H: 7.36 | LB: -0.01 | Enq: 0.00 | Pen: -359.60
2026-06-08 04:26:53,023 | INFO | Update  230 | Steps: 235,520 | Episodes:   230 | EpReward:    -7.37 | FPS:     36 | Actor Loss: -0.0001 | Critic Loss: 0.0040
2026-06-08 04:26:53,024 | INFO |   Env | HO: 79.10% | Cont: 98.11% | Task: 84.18% | Resolved: 100.00% | Delay: 2.559s | Energy: 1461.59J | LB: 0.007
2026-06-08 04:26:53,024 | INFO |   Reward | D: -1762.03 | E: -5.70 | Q: 1503.20 | H: 6.52 | LB: 0.07 | Enq: 0.00 | Pen: -533.62
2026-06-08 04:27:21,336 | INFO | Update  231 | Steps: 236,544 | Episodes:   231 | EpReward:    -7.22 | FPS:     36 | Actor Loss: -0.0004 | Critic Loss: 0.0014
2026-06-08 04:27:21,337 | INFO |   Env | HO: 73.81% | Cont: 98.17% | Task: 85.99% | Resolved: 99.99% | Delay: 2.486s | Energy: 1391.17J | LB: 0.003
2026-06-08 04:27:21,337 | INFO |   Reward | D: -1714.46 | E: -5.80 | Q: 1646.40 | H: 7.54 | LB: 0.05 | Enq: 0.00 | Pen: -434.35
2026-06-08 04:28:02,147 | INFO | Update  232 | Steps: 237,568 | Episodes:   232 | EpReward:    -7.11 | FPS:     25 | Actor Loss: -0.0003 | Critic Loss: 0.0031
2026-06-08 04:28:02,147 | INFO |   Env | HO: 74.84% | Cont: 97.95% | Task: 84.57% | Resolved: 100.00% | Delay: 2.525s | Energy: 1416.10J | LB: 0.009
2026-06-08 04:28:02,147 | INFO |   Reward | D: -1750.22 | E: -5.71 | Q: 1539.60 | H: 7.33 | LB: 0.03 | Enq: 0.00 | Pen: -479.83
2026-06-08 04:28:34,353 | INFO | Update  233 | Steps: 238,592 | Episodes:   233 | EpReward:    -7.07 | FPS:     32 | Actor Loss: -0.0002 | Critic Loss: 0.0012
2026-06-08 04:28:34,354 | INFO |   Env | HO: 71.52% | Cont: 98.03% | Task: 84.97% | Resolved: 100.00% | Delay: 2.503s | Energy: 1370.07J | LB: 0.008
2026-06-08 04:28:34,354 | INFO |   Reward | D: -1722.83 | E: -5.56 | Q: 1543.60 | H: 6.98 | LB: 0.02 | Enq: 0.00 | Pen: -471.88
2026-06-08 04:29:06,877 | INFO | Update  234 | Steps: 239,616 | Episodes:   234 | EpReward:    -7.02 | FPS:     31 | Actor Loss: -0.0005 | Critic Loss: 0.0012
2026-06-08 04:29:06,877 | INFO |   Env | HO: 78.22% | Cont: 98.37% | Task: 84.71% | Resolved: 99.93% | Delay: 2.534s | Energy: 1414.55J | LB: 0.005
2026-06-08 04:29:06,878 | INFO |   Reward | D: -1734.52 | E: -5.53 | Q: 1530.40 | H: 4.83 | LB: 0.01 | Enq: 0.00 | Pen: -482.81
2026-06-08 04:29:30,409 | INFO | Update  235 | Steps: 240,640 | Episodes:   235 | EpReward:    -6.95 | FPS:     44 | Actor Loss: -0.0006 | Critic Loss: 0.0020
2026-06-08 04:29:30,409 | INFO |   Env | HO: 72.59% | Cont: 98.35% | Task: 84.63% | Resolved: 99.97% | Delay: 2.545s | Energy: 1467.66J | LB: 0.005
2026-06-08 04:29:30,409 | INFO |   Reward | D: -1755.36 | E: -5.70 | Q: 1540.80 | H: 5.99 | LB: 0.04 | Enq: 0.00 | Pen: -542.86
2026-06-08 04:30:07,644 | INFO | Update  236 | Steps: 241,664 | Episodes:   236 | EpReward:    -6.89 | FPS:     28 | Actor Loss: -0.0004 | Critic Loss: 0.0021
2026-06-08 04:30:07,644 | INFO |   Env | HO: 68.59% | Cont: 97.08% | Task: 84.62% | Resolved: 100.00% | Delay: 2.542s | Energy: 1446.43J | LB: 0.007
2026-06-08 04:30:07,644 | INFO |   Reward | D: -1755.86 | E: -5.84 | Q: 1565.60 | H: 6.55 | LB: 0.04 | Enq: 0.00 | Pen: -508.16
2026-06-08 04:30:35,680 | INFO | Update  237 | Steps: 242,688 | Episodes:   237 | EpReward:    -6.83 | FPS:     37 | Actor Loss: -0.0001 | Critic Loss: 0.0022
2026-06-08 04:30:35,680 | INFO |   Env | HO: 73.78% | Cont: 97.02% | Task: 84.10% | Resolved: 100.00% | Delay: 2.496s | Energy: 1342.94J | LB: 0.008
2026-06-08 04:30:35,680 | INFO |   Reward | D: -1723.04 | E: -5.65 | Q: 1490.80 | H: 7.38 | LB: 0.03 | Enq: 0.00 | Pen: -429.98
2026-06-08 04:31:14,776 | INFO | Update  238 | Steps: 243,712 | Episodes:   238 | EpReward:    -6.68 | FPS:     26 | Actor Loss: -0.0006 | Critic Loss: 0.0039
2026-06-08 04:31:14,776 | INFO |   Env | HO: 69.47% | Cont: 98.40% | Task: 85.08% | Resolved: 99.99% | Delay: 2.550s | Energy: 1501.60J | LB: 0.005
2026-06-08 04:31:14,776 | INFO |   Reward | D: -1784.69 | E: -5.90 | Q: 1609.20 | H: 5.55 | LB: 0.04 | Enq: 0.00 | Pen: -520.58
2026-06-08 04:31:39,723 | INFO | Update  239 | Steps: 244,736 | Episodes:   239 | EpReward:    -6.76 | FPS:     41 | Actor Loss: -0.0000 | Critic Loss: 0.0017
2026-06-08 04:31:39,724 | INFO |   Env | HO: 62.50% | Cont: 98.33% | Task: 85.10% | Resolved: 99.97% | Delay: 2.541s | Energy: 1483.85J | LB: 0.007
2026-06-08 04:31:39,724 | INFO |   Reward | D: -1768.26 | E: -5.85 | Q: 1599.60 | H: 5.46 | LB: 0.03 | Enq: 0.00 | Pen: -515.69
2026-06-08 04:32:17,183 | INFO | Update  240 | Steps: 245,760 | Episodes:   240 | EpReward:    -6.74 | FPS:     27 | Actor Loss: 0.0001 | Critic Loss: 0.0015
2026-06-08 04:32:17,184 | INFO |   Env | HO: 72.22% | Cont: 97.46% | Task: 85.24% | Resolved: 99.99% | Delay: 2.505s | Energy: 1418.13J | LB: 0.006
2026-06-08 04:32:17,184 | INFO |   Reward | D: -1708.17 | E: -5.96 | Q: 1580.40 | H: 7.02 | LB: 0.07 | Enq: 0.00 | Pen: -393.43
2026-06-08 04:32:56,571 | INFO | Update  241 | Steps: 246,784 | Episodes:   241 | EpReward:    -6.72 | FPS:     26 | Actor Loss: 0.0003 | Critic Loss: 0.0017
2026-06-08 04:32:56,571 | INFO |   Env | HO: 69.85% | Cont: 97.34% | Task: 84.62% | Resolved: 99.96% | Delay: 2.492s | Energy: 1394.53J | LB: 0.002
2026-06-08 04:32:56,571 | INFO |   Reward | D: -1724.83 | E: -5.89 | Q: 1552.00 | H: 5.76 | LB: 0.00 | Enq: 0.00 | Pen: -414.03
2026-06-08 04:33:27,964 | INFO | Update  242 | Steps: 247,808 | Episodes:   242 | EpReward:    -6.62 | FPS:     33 | Actor Loss: -0.0003 | Critic Loss: 0.0019
2026-06-08 04:33:27,964 | INFO |   Env | HO: 78.03% | Cont: 97.69% | Task: 85.09% | Resolved: 100.00% | Delay: 2.488s | Energy: 1383.79J | LB: 0.003
2026-06-08 04:33:27,964 | INFO |   Reward | D: -1710.43 | E: -5.83 | Q: 1572.00 | H: 6.26 | LB: 0.09 | Enq: 0.00 | Pen: -390.29
2026-06-08 04:34:02,272 | INFO | Update  243 | Steps: 248,832 | Episodes:   243 | EpReward:    -6.69 | FPS:     30 | Actor Loss: 0.0001 | Critic Loss: 0.0036
2026-06-08 04:34:02,273 | INFO |   Env | HO: 63.13% | Cont: 96.28% | Task: 83.42% | Resolved: 99.99% | Delay: 2.502s | Energy: 1368.11J | LB: 0.007
2026-06-08 04:34:02,273 | INFO |   Reward | D: -1724.82 | E: -5.75 | Q: 1451.60 | H: 7.79 | LB: 0.00 | Enq: 0.00 | Pen: -456.59
2026-06-08 04:34:42,017 | INFO | Update  244 | Steps: 249,856 | Episodes:   244 | EpReward:    -6.57 | FPS:     26 | Actor Loss: 0.0004 | Critic Loss: 0.0030
2026-06-08 04:34:42,022 | INFO |   Env | HO: 69.66% | Cont: 96.27% | Task: 83.70% | Resolved: 99.93% | Delay: 2.558s | Energy: 1455.58J | LB: 0.003
2026-06-08 04:34:42,022 | INFO |   Reward | D: -1756.64 | E: -5.86 | Q: 1468.40 | H: 11.53 | LB: 0.04 | Enq: 0.00 | Pen: -504.75
2026-06-08 04:35:15,794 | INFO | Update  245 | Steps: 250,880 | Episodes:   245 | EpReward:    -6.55 | FPS:     30 | Actor Loss: -0.0002 | Critic Loss: 0.0075
2026-06-08 04:35:15,794 | INFO |   Env | HO: 68.86% | Cont: 96.84% | Task: 83.82% | Resolved: 99.94% | Delay: 2.548s | Energy: 1455.17J | LB: 0.007
2026-06-08 04:35:15,794 | INFO |   Reward | D: -1741.56 | E: -5.79 | Q: 1466.40 | H: 9.77 | LB: -0.00 | Enq: 0.00 | Pen: -513.60
2026-06-08 04:35:15,794 | INFO | ----------------------------------------
2026-06-08 04:35:15,794 | INFO | 开始评估...
2026-06-08 04:35:50,647 | INFO | 评估结果: 奖励 = -13.51 ± 3.73, 长度 = 600, 时延 = 2.601s, 能耗 = 2859.06J, 负载均衡 = 0.003
2026-06-08 04:35:50,647 | INFO | ----------------------------------------
2026-06-08 04:36:16,437 | INFO | Update  246 | Steps: 251,904 | Episodes:   246 | EpReward:    -6.54 | FPS:     40 | Actor Loss: -0.0003 | Critic Loss: 0.0032
2026-06-08 04:36:16,437 | INFO |   Env | HO: 73.89% | Cont: 97.86% | Task: 85.05% | Resolved: 99.97% | Delay: 2.555s | Energy: 1504.32J | LB: 0.012
2026-06-08 04:36:16,437 | INFO |   Reward | D: -1743.16 | E: -6.00 | Q: 1576.80 | H: 8.21 | LB: 0.07 | Enq: 0.00 | Pen: -499.01
2026-06-08 04:36:49,383 | INFO | Update  247 | Steps: 252,928 | Episodes:   247 | EpReward:    -6.51 | FPS:     31 | Actor Loss: -0.0006 | Critic Loss: 0.0071
2026-06-08 04:36:49,386 | INFO |   Env | HO: 70.75% | Cont: 98.00% | Task: 84.84% | Resolved: 100.00% | Delay: 2.502s | Energy: 1467.83J | LB: 0.010
2026-06-08 04:36:49,387 | INFO |   Reward | D: -1756.76 | E: -5.97 | Q: 1571.60 | H: 6.42 | LB: 0.02 | Enq: 0.00 | Pen: -474.72
2026-06-08 04:37:16,608 | INFO | Update  248 | Steps: 253,952 | Episodes:   248 | EpReward:    -6.40 | FPS:     38 | Actor Loss: -0.0000 | Critic Loss: 0.0025
2026-06-08 04:37:16,608 | INFO |   Env | HO: 70.52% | Cont: 97.37% | Task: 84.28% | Resolved: 99.99% | Delay: 2.565s | Energy: 1484.26J | LB: 0.005
2026-06-08 04:37:16,608 | INFO |   Reward | D: -1758.78 | E: -5.76 | Q: 1518.80 | H: 7.46 | LB: 0.03 | Enq: 0.00 | Pen: -526.70
2026-06-08 04:37:49,472 | INFO | Update  249 | Steps: 254,976 | Episodes:   249 | EpReward:    -6.35 | FPS:     31 | Actor Loss: 0.0002 | Critic Loss: 0.0032
2026-06-08 04:37:49,472 | INFO |   Env | HO: 78.10% | Cont: 97.78% | Task: 84.76% | Resolved: 100.00% | Delay: 2.505s | Energy: 1441.73J | LB: 0.007
2026-06-08 04:37:49,472 | INFO |   Reward | D: -1731.54 | E: -5.93 | Q: 1552.00 | H: 6.63 | LB: 0.09 | Enq: 0.00 | Pen: -471.06
2026-06-08 04:38:28,021 | INFO | Update  250 | Steps: 256,000 | Episodes:   250 | EpReward:    -6.20 | FPS:     27 | Actor Loss: -0.0004 | Critic Loss: 0.0036
2026-06-08 04:38:28,021 | INFO |   Env | HO: 70.85% | Cont: 97.83% | Task: 85.84% | Resolved: 99.97% | Delay: 2.542s | Energy: 1502.63J | LB: 0.004
2026-06-08 04:38:28,021 | INFO |   Reward | D: -1762.06 | E: -6.04 | Q: 1664.80 | H: 8.60 | LB: 0.11 | Enq: 0.00 | Pen: -493.46
2026-06-08 04:38:56,846 | INFO | Update  251 | Steps: 257,024 | Episodes:   251 | EpReward:    -6.04 | FPS:     36 | Actor Loss: -0.0003 | Critic Loss: 0.0020
2026-06-08 04:38:56,846 | INFO |   Env | HO: 72.84% | Cont: 97.65% | Task: 85.13% | Resolved: 100.00% | Delay: 2.456s | Energy: 1406.90J | LB: 0.005
2026-06-08 04:38:56,846 | INFO |   Reward | D: -1718.05 | E: -6.15 | Q: 1598.80 | H: 7.17 | LB: 0.07 | Enq: 0.00 | Pen: -381.61
2026-06-08 04:39:35,278 | INFO | Update  252 | Steps: 258,048 | Episodes:   252 | EpReward:    -6.09 | FPS:     27 | Actor Loss: -0.0004 | Critic Loss: 0.0032
2026-06-08 04:39:35,284 | INFO |   Env | HO: 78.46% | Cont: 98.00% | Task: 84.12% | Resolved: 100.00% | Delay: 2.549s | Energy: 1497.74J | LB: 0.005
2026-06-08 04:39:35,284 | INFO |   Reward | D: -1759.64 | E: -5.97 | Q: 1502.80 | H: 6.15 | LB: 0.00 | Enq: 0.00 | Pen: -507.94
2026-06-08 04:40:17,307 | INFO | Update  253 | Steps: 259,072 | Episodes:   253 | EpReward:    -6.08 | FPS:     24 | Actor Loss: -0.0009 | Critic Loss: 0.0047
2026-06-08 04:40:17,307 | INFO |   Env | HO: 69.93% | Cont: 97.99% | Task: 84.61% | Resolved: 100.00% | Delay: 2.591s | Energy: 1544.36J | LB: 0.005
2026-06-08 04:40:17,308 | INFO |   Reward | D: -1754.28 | E: -5.96 | Q: 1534.00 | H: 6.59 | LB: 0.05 | Enq: 0.00 | Pen: -559.30
2026-06-08 04:40:48,007 | INFO | Update  254 | Steps: 260,096 | Episodes:   254 | EpReward:    -6.05 | FPS:     33 | Actor Loss: -0.0003 | Critic Loss: 0.0057
2026-06-08 04:40:48,008 | INFO |   Env | HO: 68.82% | Cont: 97.93% | Task: 83.80% | Resolved: 99.94% | Delay: 2.598s | Energy: 1544.01J | LB: 0.007
2026-06-08 04:40:48,008 | INFO |   Reward | D: -1768.72 | E: -5.90 | Q: 1467.20 | H: 7.23 | LB: 0.07 | Enq: 0.00 | Pen: -586.34
2026-06-08 04:41:18,910 | INFO | Update  255 | Steps: 261,120 | Episodes:   255 | EpReward:    -5.95 | FPS:     33 | Actor Loss: -0.0004 | Critic Loss: 0.0020
2026-06-08 04:41:18,910 | INFO |   Env | HO: 71.24% | Cont: 97.87% | Task: 85.41% | Resolved: 99.94% | Delay: 2.466s | Energy: 1429.91J | LB: 0.001
2026-06-08 04:41:18,910 | INFO |   Reward | D: -1716.34 | E: -6.10 | Q: 1601.60 | H: 6.69 | LB: 0.01 | Enq: 0.00 | Pen: -394.09
2026-06-08 04:41:57,708 | INFO | Update  256 | Steps: 262,144 | Episodes:   256 | EpReward:    -5.83 | FPS:     26 | Actor Loss: -0.0005 | Critic Loss: 0.0032
2026-06-08 04:41:57,715 | INFO |   Env | HO: 75.54% | Cont: 98.28% | Task: 84.90% | Resolved: 99.96% | Delay: 2.561s | Energy: 1522.49J | LB: 0.001
2026-06-08 04:41:57,715 | INFO |   Reward | D: -1743.34 | E: -5.99 | Q: 1554.00 | H: 6.48 | LB: 0.00 | Enq: 0.00 | Pen: -542.05
2026-06-08 04:42:22,863 | INFO | Update  257 | Steps: 263,168 | Episodes:   257 | EpReward:    -5.72 | FPS:     41 | Actor Loss: 0.0002 | Critic Loss: 0.0025
2026-06-08 04:42:22,863 | INFO |   Env | HO: 73.22% | Cont: 97.44% | Task: 84.17% | Resolved: 100.00% | Delay: 2.547s | Energy: 1472.10J | LB: 0.003
2026-06-08 04:42:22,863 | INFO |   Reward | D: -1732.63 | E: -5.82 | Q: 1492.00 | H: 8.23 | LB: 0.07 | Enq: 0.00 | Pen: -547.80
2026-06-08 04:42:48,502 | INFO | Update  258 | Steps: 264,192 | Episodes:   258 | EpReward:    -5.55 | FPS:     40 | Actor Loss: -0.0004 | Critic Loss: 0.0015
2026-06-08 04:42:48,502 | INFO |   Env | HO: 74.29% | Cont: 97.91% | Task: 85.38% | Resolved: 100.00% | Delay: 2.466s | Energy: 1405.45J | LB: 0.005
2026-06-08 04:42:48,502 | INFO |   Reward | D: -1700.23 | E: -5.94 | Q: 1588.80 | H: 6.38 | LB: 0.03 | Enq: 0.00 | Pen: -405.17
2026-06-08 04:43:14,477 | INFO | Update  259 | Steps: 265,216 | Episodes:   259 | EpReward:    -5.49 | FPS:     39 | Actor Loss: -0.0000 | Critic Loss: 0.0012
2026-06-08 04:43:14,477 | INFO |   Env | HO: 69.93% | Cont: 97.67% | Task: 85.03% | Resolved: 99.99% | Delay: 2.505s | Energy: 1440.20J | LB: 0.006
2026-06-08 04:43:14,477 | INFO |   Reward | D: -1734.83 | E: -6.02 | Q: 1581.20 | H: 6.50 | LB: 0.07 | Enq: 0.00 | Pen: -420.91
2026-06-08 04:43:54,747 | INFO | Update  260 | Steps: 266,240 | Episodes:   260 | EpReward:    -5.37 | FPS:     25 | Actor Loss: -0.0002 | Critic Loss: 0.0012
2026-06-08 04:43:54,747 | INFO |   Env | HO: 78.91% | Cont: 98.22% | Task: 85.66% | Resolved: 99.97% | Delay: 2.496s | Energy: 1458.35J | LB: 0.006
2026-06-08 04:43:54,747 | INFO |   Reward | D: -1741.32 | E: -6.05 | Q: 1630.00 | H: 7.17 | LB: 0.01 | Enq: 0.00 | Pen: -392.26
2026-06-08 04:44:26,417 | INFO | Update  261 | Steps: 267,264 | Episodes:   261 | EpReward:    -5.41 | FPS:     32 | Actor Loss: 0.0002 | Critic Loss: 0.0030
2026-06-08 04:44:26,417 | INFO |   Env | HO: 69.52% | Cont: 97.51% | Task: 84.01% | Resolved: 99.96% | Delay: 2.579s | Energy: 1570.26J | LB: 0.002
2026-06-08 04:44:26,417 | INFO |   Reward | D: -1760.86 | E: -6.21 | Q: 1497.60 | H: 7.99 | LB: 0.01 | Enq: 0.00 | Pen: -550.68
2026-06-08 04:44:56,083 | INFO | Update  262 | Steps: 268,288 | Episodes:   262 | EpReward:    -5.37 | FPS:     35 | Actor Loss: -0.0005 | Critic Loss: 0.0046
2026-06-08 04:44:56,084 | INFO |   Env | HO: 77.57% | Cont: 98.50% | Task: 84.57% | Resolved: 99.93% | Delay: 2.514s | Energy: 1473.25J | LB: 0.013
2026-06-08 04:44:56,084 | INFO |   Reward | D: -1757.13 | E: -5.97 | Q: 1533.20 | H: 5.15 | LB: 0.06 | Enq: 0.00 | Pen: -465.95
2026-06-08 04:45:21,216 | INFO | Update  263 | Steps: 269,312 | Episodes:   263 | EpReward:    -5.38 | FPS:     41 | Actor Loss: -0.0006 | Critic Loss: 0.0012
2026-06-08 04:45:21,217 | INFO |   Env | HO: 75.74% | Cont: 98.65% | Task: 84.86% | Resolved: 99.89% | Delay: 2.550s | Energy: 1563.54J | LB: 0.007
2026-06-08 04:45:21,217 | INFO |   Reward | D: -1782.49 | E: -6.10 | Q: 1583.20 | H: 6.31 | LB: 0.04 | Enq: 0.00 | Pen: -550.34
2026-06-08 04:45:54,809 | INFO | Update  264 | Steps: 270,336 | Episodes:   264 | EpReward:    -5.39 | FPS:     30 | Actor Loss: -0.0005 | Critic Loss: 0.0021
2026-06-08 04:45:54,809 | INFO |   Env | HO: 72.86% | Cont: 98.22% | Task: 84.81% | Resolved: 100.00% | Delay: 2.533s | Energy: 1522.87J | LB: 0.009
2026-06-08 04:45:54,809 | INFO |   Reward | D: -1765.09 | E: -6.09 | Q: 1571.60 | H: 6.32 | LB: 0.01 | Enq: 0.00 | Pen: -491.01
2026-06-08 04:46:33,968 | INFO | Update  265 | Steps: 271,360 | Episodes:   265 | EpReward:    -5.22 | FPS:     26 | Actor Loss: 0.0001 | Critic Loss: 0.0020
2026-06-08 04:46:33,969 | INFO |   Env | HO: 70.22% | Cont: 97.75% | Task: 85.06% | Resolved: 100.00% | Delay: 2.533s | Energy: 1521.27J | LB: 0.005
2026-06-08 04:46:33,969 | INFO |   Reward | D: -1770.88 | E: -6.21 | Q: 1604.80 | H: 7.70 | LB: 0.10 | Enq: 0.00 | Pen: -473.60
2026-06-08 04:47:14,817 | INFO | Update  266 | Steps: 272,384 | Episodes:   266 | EpReward:    -5.27 | FPS:     25 | Actor Loss: -0.0002 | Critic Loss: 0.0034
2026-06-08 04:47:14,817 | INFO |   Env | HO: 67.93% | Cont: 97.81% | Task: 84.04% | Resolved: 99.94% | Delay: 2.539s | Energy: 1513.56J | LB: 0.003
2026-06-08 04:47:14,817 | INFO |   Reward | D: -1780.17 | E: -6.10 | Q: 1508.00 | H: 7.75 | LB: 0.09 | Enq: 0.00 | Pen: -506.95
2026-06-08 04:47:46,875 | INFO | Update  267 | Steps: 273,408 | Episodes:   267 | EpReward:    -5.25 | FPS:     32 | Actor Loss: -0.0001 | Critic Loss: 0.0034
2026-06-08 04:47:46,876 | INFO |   Env | HO: 71.18% | Cont: 97.43% | Task: 85.13% | Resolved: 99.99% | Delay: 2.490s | Energy: 1465.83J | LB: 0.002
2026-06-08 04:47:46,876 | INFO |   Reward | D: -1735.00 | E: -6.21 | Q: 1599.60 | H: 7.49 | LB: 0.03 | Enq: 0.00 | Pen: -414.59
2026-06-08 04:48:27,963 | INFO | Update  268 | Steps: 274,432 | Episodes:   268 | EpReward:    -5.26 | FPS:     25 | Actor Loss: -0.0004 | Critic Loss: 0.0061
2026-06-08 04:48:27,963 | INFO |   Env | HO: 76.15% | Cont: 98.58% | Task: 85.01% | Resolved: 100.00% | Delay: 2.521s | Energy: 1502.37J | LB: 0.004
2026-06-08 04:48:27,963 | INFO |   Reward | D: -1753.68 | E: -6.05 | Q: 1570.00 | H: 6.13 | LB: 0.00 | Enq: 0.00 | Pen: -485.23
2026-06-08 04:48:56,656 | INFO | Update  269 | Steps: 275,456 | Episodes:   269 | EpReward:    -5.29 | FPS:     36 | Actor Loss: -0.0007 | Critic Loss: 0.0032
2026-06-08 04:48:56,657 | INFO |   Env | HO: 75.56% | Cont: 98.68% | Task: 84.92% | Resolved: 99.99% | Delay: 2.517s | Energy: 1535.44J | LB: 0.012
2026-06-08 04:48:56,657 | INFO |   Reward | D: -1791.89 | E: -6.24 | Q: 1596.00 | H: 6.33 | LB: 0.06 | Enq: 0.00 | Pen: -495.07
2026-06-08 04:49:23,296 | INFO | Update  270 | Steps: 276,480 | Episodes:   270 | EpReward:    -5.20 | FPS:     38 | Actor Loss: -0.0008 | Critic Loss: 0.0024
2026-06-08 04:49:23,296 | INFO |   Env | HO: 63.04% | Cont: 97.23% | Task: 84.38% | Resolved: 99.97% | Delay: 2.550s | Energy: 1506.83J | LB: 0.007
2026-06-08 04:49:23,296 | INFO |   Reward | D: -1766.35 | E: -6.00 | Q: 1522.00 | H: 11.94 | LB: 0.00 | Enq: 0.00 | Pen: -525.54
2026-06-08 04:49:56,877 | INFO | Update  271 | Steps: 277,504 | Episodes:   271 | EpReward:    -5.30 | FPS:     30 | Actor Loss: -0.0007 | Critic Loss: 0.0036
2026-06-08 04:49:56,878 | INFO |   Env | HO: 74.50% | Cont: 97.73% | Task: 84.45% | Resolved: 99.99% | Delay: 2.534s | Energy: 1466.36J | LB: 0.004
2026-06-08 04:49:56,878 | INFO |   Reward | D: -1726.18 | E: -5.96 | Q: 1517.60 | H: 7.00 | LB: 0.08 | Enq: 0.00 | Pen: -507.85
2026-06-08 04:50:30,902 | INFO | Update  272 | Steps: 278,528 | Episodes:   272 | EpReward:    -5.36 | FPS:     30 | Actor Loss: -0.0010 | Critic Loss: 0.0051
2026-06-08 04:50:30,904 | INFO |   Env | HO: 73.46% | Cont: 97.96% | Task: 84.17% | Resolved: 99.96% | Delay: 2.562s | Energy: 1554.13J | LB: 0.005
2026-06-08 04:50:30,904 | INFO |   Reward | D: -1800.87 | E: -6.10 | Q: 1536.00 | H: 7.34 | LB: 0.03 | Enq: 0.00 | Pen: -538.41
2026-06-08 04:51:02,277 | INFO | Update  273 | Steps: 279,552 | Episodes:   273 | EpReward:    -5.37 | FPS:     33 | Actor Loss: -0.0011 | Critic Loss: 0.0026
2026-06-08 04:51:02,277 | INFO |   Env | HO: 71.08% | Cont: 97.45% | Task: 84.23% | Resolved: 99.94% | Delay: 2.581s | Energy: 1568.78J | LB: 0.008
2026-06-08 04:51:02,277 | INFO |   Reward | D: -1768.87 | E: -6.14 | Q: 1525.60 | H: 7.25 | LB: 0.03 | Enq: 0.00 | Pen: -583.21
2026-06-08 04:51:36,475 | INFO | Update  274 | Steps: 280,576 | Episodes:   274 | EpReward:    -5.34 | FPS:     30 | Actor Loss: -0.0009 | Critic Loss: 0.0020
2026-06-08 04:51:36,475 | INFO |   Env | HO: 74.38% | Cont: 98.19% | Task: 85.38% | Resolved: 100.00% | Delay: 2.513s | Energy: 1493.94J | LB: 0.000
2026-06-08 04:51:36,476 | INFO |   Reward | D: -1732.03 | E: -6.13 | Q: 1604.00 | H: 7.42 | LB: 0.09 | Enq: 0.00 | Pen: -466.07
2026-06-08 04:52:09,878 | INFO | Update  275 | Steps: 281,600 | Episodes:   275 | EpReward:    -5.31 | FPS:     31 | Actor Loss: -0.0000 | Critic Loss: 0.0019
2026-06-08 04:52:09,878 | INFO |   Env | HO: 72.64% | Cont: 97.68% | Task: 83.87% | Resolved: 100.00% | Delay: 2.538s | Energy: 1484.48J | LB: 0.005
2026-06-08 04:52:09,879 | INFO |   Reward | D: -1765.24 | E: -5.90 | Q: 1481.60 | H: 9.44 | LB: 0.03 | Enq: 0.00 | Pen: -518.25
2026-06-08 04:52:41,682 | INFO | Update  276 | Steps: 282,624 | Episodes:   276 | EpReward:    -5.36 | FPS:     32 | Actor Loss: -0.0006 | Critic Loss: 0.0021
2026-06-08 04:52:41,683 | INFO |   Env | HO: 78.16% | Cont: 97.34% | Task: 84.33% | Resolved: 99.99% | Delay: 2.546s | Energy: 1442.78J | LB: 0.006
2026-06-08 04:52:41,683 | INFO |   Reward | D: -1709.57 | E: -5.87 | Q: 1496.80 | H: 8.37 | LB: 0.03 | Enq: 0.00 | Pen: -450.61
2026-06-08 04:53:16,364 | INFO | Update  277 | Steps: 283,648 | Episodes:   277 | EpReward:    -5.26 | FPS:     30 | Actor Loss: 0.0000 | Critic Loss: 0.0016
2026-06-08 04:53:16,364 | INFO |   Env | HO: 76.30% | Cont: 97.47% | Task: 85.42% | Resolved: 100.00% | Delay: 2.491s | Energy: 1466.17J | LB: 0.007
2026-06-08 04:53:16,364 | INFO |   Reward | D: -1743.14 | E: -6.26 | Q: 1640.00 | H: 6.43 | LB: 0.12 | Enq: 0.00 | Pen: -403.05
2026-06-08 04:53:49,598 | INFO | Update  278 | Steps: 284,672 | Episodes:   278 | EpReward:    -5.27 | FPS:     31 | Actor Loss: -0.0004 | Critic Loss: 0.0023
2026-06-08 04:53:49,598 | INFO |   Env | HO: 72.08% | Cont: 96.86% | Task: 84.64% | Resolved: 99.96% | Delay: 2.507s | Energy: 1426.95J | LB: 0.003
2026-06-08 04:53:49,598 | INFO |   Reward | D: -1731.22 | E: -6.01 | Q: 1541.20 | H: 10.62 | LB: 0.06 | Enq: 0.00 | Pen: -433.26
2026-06-08 04:54:16,586 | INFO | Update  279 | Steps: 285,696 | Episodes:   279 | EpReward:    -5.26 | FPS:     38 | Actor Loss: -0.0001 | Critic Loss: 0.0031
2026-06-08 04:54:16,586 | INFO |   Env | HO: 68.32% | Cont: 97.25% | Task: 84.34% | Resolved: 99.99% | Delay: 2.556s | Energy: 1542.86J | LB: 0.004
2026-06-08 04:54:16,586 | INFO |   Reward | D: -1777.72 | E: -6.16 | Q: 1537.60 | H: 8.48 | LB: 0.08 | Enq: 0.00 | Pen: -507.90
2026-06-08 04:54:50,044 | INFO | Update  280 | Steps: 286,720 | Episodes:   280 | EpReward:    -5.25 | FPS:     31 | Actor Loss: -0.0004 | Critic Loss: 0.0010
2026-06-08 04:54:50,044 | INFO |   Env | HO: 71.76% | Cont: 97.91% | Task: 85.38% | Resolved: 99.99% | Delay: 2.493s | Energy: 1427.90J | LB: 0.010
2026-06-08 04:54:50,044 | INFO |   Reward | D: -1738.47 | E: -5.95 | Q: 1611.20 | H: 7.47 | LB: 0.01 | Enq: 0.00 | Pen: -407.18
2026-06-08 04:55:15,733 | INFO | Update  281 | Steps: 287,744 | Episodes:   281 | EpReward:    -5.12 | FPS:     40 | Actor Loss: 0.0003 | Critic Loss: 0.0016
2026-06-08 04:55:15,733 | INFO |   Env | HO: 70.90% | Cont: 96.79% | Task: 84.67% | Resolved: 99.97% | Delay: 2.495s | Energy: 1429.75J | LB: 0.003
2026-06-08 04:55:15,733 | INFO |   Reward | D: -1701.48 | E: -6.12 | Q: 1537.60 | H: 8.31 | LB: 0.04 | Enq: 0.00 | Pen: -377.62
2026-06-08 04:55:42,071 | INFO | Update  282 | Steps: 288,768 | Episodes:   282 | EpReward:    -4.97 | FPS:     39 | Actor Loss: -0.0007 | Critic Loss: 0.0017
2026-06-08 04:55:42,071 | INFO |   Env | HO: 73.55% | Cont: 97.41% | Task: 85.40% | Resolved: 100.00% | Delay: 2.488s | Energy: 1437.09J | LB: 0.005
2026-06-08 04:55:42,071 | INFO |   Reward | D: -1736.81 | E: -6.11 | Q: 1622.40 | H: 7.01 | LB: 0.02 | Enq: 0.00 | Pen: -412.78
2026-06-08 04:56:11,097 | INFO | Update  283 | Steps: 289,792 | Episodes:   283 | EpReward:    -4.99 | FPS:     35 | Actor Loss: -0.0005 | Critic Loss: 0.0044
2026-06-08 04:56:11,097 | INFO |   Env | HO: 70.05% | Cont: 97.93% | Task: 83.44% | Resolved: 99.92% | Delay: 2.600s | Energy: 1621.60J | LB: 0.002
2026-06-08 04:56:11,097 | INFO |   Reward | D: -1806.70 | E: -6.22 | Q: 1465.20 | H: 8.21 | LB: 0.03 | Enq: 0.00 | Pen: -588.51
2026-06-08 04:56:39,043 | INFO | Update  284 | Steps: 290,816 | Episodes:   284 | EpReward:    -4.93 | FPS:     37 | Actor Loss: -0.0007 | Critic Loss: 0.0036
2026-06-08 04:56:39,044 | INFO |   Env | HO: 73.94% | Cont: 97.24% | Task: 84.06% | Resolved: 99.99% | Delay: 2.518s | Energy: 1487.56J | LB: 0.002
2026-06-08 04:56:39,044 | INFO |   Reward | D: -1777.78 | E: -6.17 | Q: 1526.00 | H: 7.39 | LB: 0.03 | Enq: 0.00 | Pen: -475.75
2026-06-08 04:57:06,618 | INFO | Update  285 | Steps: 291,840 | Episodes:   285 | EpReward:    -4.90 | FPS:     37 | Actor Loss: -0.0006 | Critic Loss: 0.0085
2026-06-08 04:57:06,618 | INFO |   Env | HO: 71.17% | Cont: 96.81% | Task: 83.48% | Resolved: 100.00% | Delay: 2.558s | Energy: 1479.87J | LB: 0.004
2026-06-08 04:57:06,618 | INFO |   Reward | D: -1762.96 | E: -6.01 | Q: 1464.80 | H: 6.99 | LB: 0.10 | Enq: 0.00 | Pen: -497.42
2026-06-08 04:57:34,019 | INFO | Update  286 | Steps: 292,864 | Episodes:   286 | EpReward:    -4.89 | FPS:     37 | Actor Loss: -0.0008 | Critic Loss: 0.0049
2026-06-08 04:57:34,019 | INFO |   Env | HO: 69.86% | Cont: 97.63% | Task: 84.12% | Resolved: 100.00% | Delay: 2.578s | Energy: 1513.37J | LB: 0.004
2026-06-08 04:57:34,019 | INFO |   Reward | D: -1750.21 | E: -5.92 | Q: 1482.40 | H: 6.29 | LB: 0.13 | Enq: 0.00 | Pen: -537.93
2026-06-08 04:58:09,498 | INFO | Update  287 | Steps: 293,888 | Episodes:   287 | EpReward:    -4.92 | FPS:     29 | Actor Loss: -0.0007 | Critic Loss: 0.0050
2026-06-08 04:58:09,498 | INFO |   Env | HO: 73.02% | Cont: 98.33% | Task: 84.96% | Resolved: 100.00% | Delay: 2.540s | Energy: 1473.84J | LB: 0.006
2026-06-08 04:58:09,498 | INFO |   Reward | D: -1726.35 | E: -5.87 | Q: 1542.00 | H: 5.61 | LB: 0.03 | Enq: 0.00 | Pen: -468.31
2026-06-08 04:58:46,618 | INFO | Update  288 | Steps: 294,912 | Episodes:   288 | EpReward:    -4.95 | FPS:     28 | Actor Loss: -0.0000 | Critic Loss: 0.0031
2026-06-08 04:58:46,618 | INFO |   Env | HO: 75.64% | Cont: 97.51% | Task: 84.28% | Resolved: 99.96% | Delay: 2.531s | Energy: 1464.73J | LB: 0.006
2026-06-08 04:58:46,618 | INFO |   Reward | D: -1736.42 | E: -5.99 | Q: 1508.40 | H: 7.22 | LB: 0.07 | Enq: 0.00 | Pen: -483.45
2026-06-08 04:59:23,382 | INFO | Update  289 | Steps: 295,936 | Episodes:   289 | EpReward:    -4.99 | FPS:     28 | Actor Loss: -0.0008 | Critic Loss: 0.0020
2026-06-08 04:59:23,382 | INFO |   Env | HO: 76.13% | Cont: 97.91% | Task: 85.29% | Resolved: 99.99% | Delay: 2.502s | Energy: 1417.67J | LB: 0.001
2026-06-08 04:59:23,382 | INFO |   Reward | D: -1672.23 | E: -5.92 | Q: 1552.40 | H: 7.25 | LB: 0.07 | Enq: 0.00 | Pen: -419.71
2026-06-08 04:59:55,635 | INFO | Update  290 | Steps: 296,960 | Episodes:   290 | EpReward:    -5.00 | FPS:     32 | Actor Loss: -0.0006 | Critic Loss: 0.0023
2026-06-08 04:59:55,635 | INFO |   Env | HO: 71.60% | Cont: 97.09% | Task: 84.51% | Resolved: 100.00% | Delay: 2.493s | Energy: 1417.62J | LB: 0.003
2026-06-08 04:59:55,636 | INFO |   Reward | D: -1698.47 | E: -6.09 | Q: 1518.80 | H: 7.21 | LB: 0.10 | Enq: 0.00 | Pen: -399.56
2026-06-08 05:00:23,665 | INFO | Update  291 | Steps: 297,984 | Episodes:   291 | EpReward:    -4.85 | FPS:     37 | Actor Loss: -0.0006 | Critic Loss: 0.0031
2026-06-08 05:00:23,666 | INFO |   Env | HO: 80.47% | Cont: 97.69% | Task: 85.39% | Resolved: 100.00% | Delay: 2.464s | Energy: 1389.44J | LB: 0.003
2026-06-08 05:00:23,666 | INFO |   Reward | D: -1711.70 | E: -6.12 | Q: 1603.20 | H: 6.22 | LB: 0.04 | Enq: 0.00 | Pen: -349.77
2026-06-08 05:00:59,551 | INFO | Update  292 | Steps: 299,008 | Episodes:   292 | EpReward:    -4.88 | FPS:     29 | Actor Loss: -0.0002 | Critic Loss: 0.0031
2026-06-08 05:00:59,551 | INFO |   Env | HO: 71.33% | Cont: 98.00% | Task: 84.63% | Resolved: 99.97% | Delay: 2.557s | Energy: 1542.51J | LB: 0.008
2026-06-08 05:00:59,551 | INFO |   Reward | D: -1776.78 | E: -6.10 | Q: 1558.00 | H: 6.34 | LB: 0.07 | Enq: 0.00 | Pen: -507.02
2026-06-08 05:01:24,967 | INFO | Update  293 | Steps: 300,032 | Episodes:   293 | EpReward:    -4.78 | FPS:     40 | Actor Loss: 0.0001 | Critic Loss: 0.0025
2026-06-08 05:01:24,968 | INFO |   Env | HO: 74.77% | Cont: 98.09% | Task: 86.03% | Resolved: 99.97% | Delay: 2.460s | Energy: 1393.12J | LB: 0.010
2026-06-08 05:01:24,968 | INFO |   Reward | D: -1701.50 | E: -6.03 | Q: 1653.20 | H: 5.08 | LB: 0.01 | Enq: 0.00 | Pen: -350.17
2026-06-08 05:01:24,968 | INFO | ----------------------------------------
2026-06-08 05:01:24,968 | INFO | 开始评估...
2026-06-08 05:02:00,969 | INFO | 评估结果: 奖励 = -14.32 ± 2.40, 长度 = 600, 时延 = 2.599s, 能耗 = 2816.43J, 负载均衡 = 0.003
2026-06-08 05:02:00,970 | INFO | ----------------------------------------
2026-06-08 05:02:01,016 | INFO | 模型已保存: /home/pjpjq/LEO_switch/results/baseline_compare/multiuser_scaling_multiuser_6_7/u20/learned_baselines/attn_mappo/checkpoint_300032.pt
2026-06-08 05:02:01,016 | INFO | ============================================================
2026-06-08 05:02:01,016 | INFO | 训练完成!
2026-06-08 05:02:01,016 | INFO |   总时间: 2.74 小时
2026-06-08 05:02:01,016 | INFO |   总步数: 300,032
2026-06-08 05:02:01,017 | INFO |   总episode: 293
2026-06-08 05:02:01,017 | INFO |   最佳奖励: -10.97
2026-06-08 05:02:01,017 | INFO |   最佳模型指标: average delay = -2.5815
2026-06-08 05:02:01,017 | INFO | ============================================================
2026-06-08 05:02:01,057 | INFO | 模型已保存: /home/pjpjq/LEO_switch/results/baseline_compare/multiuser_scaling_multiuser_6_7/u20/learned_baselines/attn_mappo/final_model.pt
2026-06-08 05:02:01,105 | INFO | 训练历史已保存: /home/pjpjq/LEO_switch/results/baseline_compare/multiuser_scaling_multiuser_6_7/u20/learned_baselines/attn_mappo/training_history.json
2026-06-08 05:02:01,107 | INFO | Initializing environment for AttentionMAPPO...
2026-06-08 05:02:01,111 | INFO |   - Raw observation dim: 73
2026-06-08 05:02:01,111 | INFO |   - Satellite load feature dim: 8
2026-06-08 05:02:01,111 | INFO |   - Policy observation dim: 73
2026-06-08 05:02:01,111 | INFO |   - Global state dim: 1460
2026-06-08 05:02:01,111 | INFO | AttentionMAPPO skips heterogeneous graph construction.
2026-06-08 05:02:01,111 | INFO | AttentionMAPPO uses raw_obs + satellite load attention; no HAN encoder.
2026-06-08 05:02:01,112 | INFO | Initializing AttentionMAPPO...
2026-06-08 05:02:04,683 | INFO |   - Attention Actor params: 73,028
2026-06-08 05:02:04,683 | INFO |   - Critic params: 176,513
2026-06-08 05:02:04,683 | INFO | 初始化经验缓冲区...
2026-06-08 05:02:04,685 | INFO | 训练器初始化完成，设备: cuda
2026-06-08 05:02:04,689 | INFO | 环境: 20 用户, 66 卫星
2026-06-08 05:02:40,494 | INFO | 初始化环境...
2026-06-08 05:02:40,500 | INFO |   - 原始观测维度: 73
2026-06-08 05:02:40,500 | INFO |   - HAN嵌入维度: 64
2026-06-08 05:02:40,500 | INFO |   - 拼接后观测维度: 142 (raw 73 + HAN 64 + rvt_warning 1 + task 4)
2026-06-08 05:02:40,500 | INFO |   - 全局状态维度: 2840
2026-06-08 05:02:40,501 | INFO |   - HAN ablation: using raw environment observations
2026-06-08 05:02:40,501 | INFO |   - No-HAN observation dim: 73
2026-06-08 05:02:40,501 | INFO | 初始化图构建器...
2026-06-08 05:02:40,501 | INFO | 初始化MAPPO...
2026-06-08 05:02:44,481 | INFO |   - Actor参数量: 87,182
2026-06-08 05:02:44,481 | INFO |   - Critic参数量: 184,833
2026-06-08 05:02:44,481 | INFO | 初始化经验缓冲区...
2026-06-08 05:02:44,488 | INFO | 训练器初始化完成，设备: cuda
2026-06-08 05:02:44,489 | INFO | 环境: 20 用户, 66 卫星
2026-06-08 05:02:44,489 | INFO | ============================================================
2026-06-08 05:02:44,489 | INFO | 开始训练
2026-06-08 05:02:44,489 | INFO |   总步数: 300,000
2026-06-08 05:02:44,489 | INFO |   每轮步数: 1024
2026-06-08 05:02:44,489 | INFO |   图更新间隔: 1
2026-06-08 05:02:44,489 | INFO |   评估episodes: 3
2026-06-08 05:02:44,490 | INFO |   设备: cuda
2026-06-08 05:02:44,490 | INFO | ============================================================
2026-06-08 05:03:12,726 | INFO | Update    1 | Steps:   1,024 | Episodes:     1 | EpReward:  -100.43 | FPS:     36 | Actor Loss: -0.0014 | Critic Loss: 0.9023
2026-06-08 05:03:12,726 | INFO |   Env | HO: 70.89% | Cont: 69.27% | Task: 56.48% | Resolved: 99.89% | Delay: 3.393s | Energy: 1548.38J | LB: 0.000
2026-06-08 05:03:12,726 | INFO |   Reward | D: -1440.79 | E: -5.20 | Q: -879.60 | H: 21.90 | LB: 0.05 | Enq: 0.00 | Pen: -921.16
2026-06-08 05:03:35,084 | INFO | Update    2 | Steps:   2,048 | Episodes:     2 | EpReward:  -109.08 | FPS:     46 | Actor Loss: -0.0014 | Critic Loss: 0.9053
2026-06-08 05:03:35,084 | INFO |   Env | HO: 68.45% | Cont: 66.97% | Task: 55.26% | Resolved: 99.76% | Delay: 3.403s | Energy: 1465.40J | LB: 0.001
2026-06-08 05:03:35,084 | INFO |   Reward | D: -1404.47 | E: -4.88 | Q: -969.60 | H: 32.73 | LB: 0.07 | Enq: 0.00 | Pen: -949.51
2026-06-08 05:03:58,774 | INFO | Update    3 | Steps:   3,072 | Episodes:     3 | EpReward:  -104.20 | FPS:     43 | Actor Loss: -0.0023 | Critic Loss: 0.3853
2026-06-08 05:03:58,774 | INFO |   Env | HO: 70.69% | Cont: 74.67% | Task: 61.92% | Resolved: 99.82% | Delay: 3.262s | Energy: 1611.40J | LB: 0.000
2026-06-08 05:03:58,774 | INFO |   Reward | D: -1547.44 | E: -5.55 | Q: -412.80 | H: 28.97 | LB: 0.06 | Enq: 0.00 | Pen: -842.50
2026-06-08 05:04:29,727 | INFO | Update    4 | Steps:   4,096 | Episodes:     4 | EpReward:  -104.26 | FPS:     33 | Actor Loss: -0.0025 | Critic Loss: 0.4046
2026-06-08 05:04:29,727 | INFO |   Env | HO: 71.29% | Cont: 74.51% | Task: 61.69% | Resolved: 99.79% | Delay: 3.250s | Energy: 1568.42J | LB: 0.001
2026-06-08 05:04:29,727 | INFO |   Reward | D: -1520.60 | E: -5.30 | Q: -420.80 | H: 32.37 | LB: 0.11 | Enq: 0.00 | Pen: -835.03
2026-06-08 05:04:55,472 | INFO | Update    5 | Steps:   5,120 | Episodes:     5 | EpReward:  -100.09 | FPS:     40 | Actor Loss: -0.0025 | Critic Loss: 0.2225
2026-06-08 05:04:55,473 | INFO |   Env | HO: 68.52% | Cont: 79.48% | Task: 65.90% | Resolved: 99.93% | Delay: 3.127s | Energy: 1626.02J | LB: 0.001
2026-06-08 05:04:55,473 | INFO |   Reward | D: -1637.39 | E: -5.65 | Q: -66.00 | H: 29.64 | LB: 0.06 | Enq: 0.00 | Pen: -753.41
2026-06-08 05:05:18,236 | INFO | Update    6 | Steps:   6,144 | Episodes:     6 | EpReward:   -92.59 | FPS:     45 | Actor Loss: -0.0017 | Critic Loss: 0.1124
2026-06-08 05:05:18,237 | INFO |   Env | HO: 70.86% | Cont: 82.07% | Task: 69.76% | Resolved: 99.79% | Delay: 3.051s | Energy: 1665.42J | LB: 0.000
2026-06-08 05:05:18,237 | INFO |   Reward | D: -1641.35 | E: -5.94 | Q: 264.80 | H: 30.19 | LB: 0.13 | Enq: 0.00 | Pen: -719.92
2026-06-08 05:05:41,219 | INFO | Update    7 | Steps:   7,168 | Episodes:     7 | EpReward:   -86.71 | FPS:     45 | Actor Loss: -0.0038 | Critic Loss: 0.1595
2026-06-08 05:05:41,219 | INFO |   Env | HO: 72.34% | Cont: 86.65% | Task: 72.62% | Resolved: 99.83% | Delay: 2.952s | Energy: 1669.38J | LB: 0.000
2026-06-08 05:05:41,219 | INFO |   Reward | D: -1701.23 | E: -6.02 | Q: 504.40 | H: 27.44 | LB: 0.15 | Enq: 0.00 | Pen: -621.84
2026-06-08 05:06:08,420 | INFO | Update    8 | Steps:   8,192 | Episodes:     8 | EpReward:   -83.56 | FPS:     38 | Actor Loss: -0.0021 | Critic Loss: 0.0809
2026-06-08 05:06:08,420 | INFO |   Env | HO: 71.54% | Cont: 85.30% | Task: 72.09% | Resolved: 99.97% | Delay: 2.967s | Energy: 1668.61J | LB: 0.001
2026-06-08 05:06:08,420 | INFO |   Reward | D: -1687.44 | E: -6.04 | Q: 462.40 | H: 29.76 | LB: 0.04 | Enq: 0.00 | Pen: -644.88
2026-06-08 05:06:28,788 | INFO | Update    9 | Steps:   9,216 | Episodes:     9 | EpReward:   -79.41 | FPS:     50 | Actor Loss: -0.0019 | Critic Loss: 0.0595
2026-06-08 05:06:28,789 | INFO |   Env | HO: 69.00% | Cont: 87.85% | Task: 73.64% | Resolved: 99.94% | Delay: 2.946s | Energy: 1736.52J | LB: 0.002
2026-06-08 05:06:28,789 | INFO |   Reward | D: -1753.43 | E: -6.20 | Q: 599.20 | H: 28.36 | LB: 0.12 | Enq: 0.00 | Pen: -673.41
2026-06-08 05:06:57,723 | INFO | Update   10 | Steps:  10,240 | Episodes:    10 | EpReward:   -75.55 | FPS:     35 | Actor Loss: -0.0016 | Critic Loss: 0.0416
2026-06-08 05:06:57,723 | INFO |   Env | HO: 73.19% | Cont: 89.43% | Task: 76.69% | Resolved: 99.97% | Delay: 2.826s | Energy: 1652.55J | LB: 0.002
2026-06-08 05:06:57,723 | INFO |   Reward | D: -1759.09 | E: -6.21 | Q: 871.20 | H: 26.12 | LB: 0.04 | Enq: 0.00 | Pen: -580.98
2026-06-08 05:07:23,672 | INFO | Update   11 | Steps:  11,264 | Episodes:    11 | EpReward:   -72.40 | FPS:     39 | Actor Loss: -0.0018 | Critic Loss: 0.0209
2026-06-08 05:07:23,672 | INFO |   Env | HO: 70.35% | Cont: 90.91% | Task: 77.29% | Resolved: 99.96% | Delay: 2.811s | Energy: 1662.04J | LB: 0.003
2026-06-08 05:07:23,672 | INFO |   Reward | D: -1745.57 | E: -6.24 | Q: 918.40 | H: 21.44 | LB: 0.07 | Enq: 0.00 | Pen: -562.75
2026-06-08 05:07:43,106 | INFO | Update   12 | Steps:  12,288 | Episodes:    12 | EpReward:   -69.19 | FPS:     53 | Actor Loss: -0.0009 | Critic Loss: 0.0287
2026-06-08 05:07:43,106 | INFO |   Env | HO: 70.56% | Cont: 92.58% | Task: 77.99% | Resolved: 99.90% | Delay: 2.792s | Energy: 1688.93J | LB: 0.002
2026-06-08 05:07:43,106 | INFO |   Reward | D: -1800.52 | E: -6.22 | Q: 980.40 | H: 18.68 | LB: 0.04 | Enq: 0.00 | Pen: -611.90
2026-06-08 05:08:02,723 | INFO | Update   13 | Steps:  13,312 | Episodes:    13 | EpReward:   -66.13 | FPS:     52 | Actor Loss: -0.0009 | Critic Loss: 0.0143
2026-06-08 05:08:02,723 | INFO |   Env | HO: 68.56% | Cont: 93.75% | Task: 79.02% | Resolved: 100.00% | Delay: 2.787s | Energy: 1729.45J | LB: 0.003
2026-06-08 05:08:02,723 | INFO |   Reward | D: -1803.50 | E: -6.30 | Q: 1066.80 | H: 15.82 | LB: 0.06 | Enq: 0.00 | Pen: -617.75
2026-06-08 05:08:22,899 | INFO | Update   14 | Steps:  14,336 | Episodes:    14 | EpReward:   -62.91 | FPS:     51 | Actor Loss: -0.0011 | Critic Loss: 0.0264
2026-06-08 05:08:22,900 | INFO |   Env | HO: 69.64% | Cont: 95.83% | Task: 81.50% | Resolved: 99.97% | Delay: 2.721s | Energy: 1726.80J | LB: 0.005
2026-06-08 05:08:22,900 | INFO |   Reward | D: -1811.09 | E: -6.56 | Q: 1284.00 | H: 12.01 | LB: 0.07 | Enq: 0.00 | Pen: -523.41
2026-06-08 05:08:50,836 | INFO | Update   15 | Steps:  15,360 | Episodes:    15 | EpReward:   -60.24 | FPS:     37 | Actor Loss: -0.0004 | Critic Loss: 0.0279
2026-06-08 05:08:50,837 | INFO |   Env | HO: 71.35% | Cont: 96.77% | Task: 81.02% | Resolved: 100.00% | Delay: 2.776s | Energy: 1825.62J | LB: 0.000
2026-06-08 05:08:50,837 | INFO |   Reward | D: -1815.02 | E: -6.50 | Q: 1225.20 | H: 8.66 | LB: 0.01 | Enq: 0.00 | Pen: -704.89
2026-06-08 05:09:16,357 | INFO | Update   16 | Steps:  16,384 | Episodes:    16 | EpReward:   -57.57 | FPS:     40 | Actor Loss: -0.0005 | Critic Loss: 0.0201
2026-06-08 05:09:16,357 | INFO |   Env | HO: 69.82% | Cont: 98.06% | Task: 82.62% | Resolved: 99.93% | Delay: 2.689s | Energy: 1750.59J | LB: 0.006
2026-06-08 05:09:16,357 | INFO |   Reward | D: -1844.65 | E: -6.49 | Q: 1385.20 | H: 7.26 | LB: 0.06 | Enq: 0.00 | Pen: -560.78
2026-06-08 05:09:38,041 | INFO | Update   17 | Steps:  17,408 | Episodes:    17 | EpReward:   -55.56 | FPS:     47 | Actor Loss: -0.0008 | Critic Loss: 0.0246
2026-06-08 05:09:38,041 | INFO |   Env | HO: 69.06% | Cont: 96.89% | Task: 81.19% | Resolved: 99.97% | Delay: 2.707s | Energy: 1710.47J | LB: 0.001
2026-06-08 05:09:38,041 | INFO |   Reward | D: -1824.48 | E: -6.19 | Q: 1255.60 | H: 7.85 | LB: 0.06 | Enq: 0.00 | Pen: -654.25
2026-06-08 05:09:58,400 | INFO | Update   18 | Steps:  18,432 | Episodes:    18 | EpReward:   -53.13 | FPS:     50 | Actor Loss: -0.0001 | Critic Loss: 0.0123
2026-06-08 05:09:58,401 | INFO |   Env | HO: 80.67% | Cont: 97.55% | Task: 82.36% | Resolved: 100.00% | Delay: 2.693s | Energy: 1699.09J | LB: 0.002
2026-06-08 05:09:58,401 | INFO |   Reward | D: -1803.31 | E: -6.28 | Q: 1350.40 | H: 7.67 | LB: 0.03 | Enq: 0.00 | Pen: -614.24
2026-06-08 05:10:23,166 | INFO | Update   19 | Steps:  19,456 | Episodes:    19 | EpReward:   -51.21 | FPS:     41 | Actor Loss: -0.0003 | Critic Loss: 0.0150
2026-06-08 05:10:23,167 | INFO |   Env | HO: 71.43% | Cont: 97.86% | Task: 82.84% | Resolved: 100.00% | Delay: 2.682s | Energy: 1673.50J | LB: 0.005
2026-06-08 05:10:23,167 | INFO |   Reward | D: -1797.63 | E: -6.14 | Q: 1383.60 | H: 6.38 | LB: 0.03 | Enq: 0.00 | Pen: -619.82
2026-06-08 05:10:49,852 | INFO | Update   20 | Steps:  20,480 | Episodes:    20 | EpReward:   -49.58 | FPS:     38 | Actor Loss: -0.0002 | Critic Loss: 0.0109
2026-06-08 05:10:49,852 | INFO |   Env | HO: 80.17% | Cont: 97.66% | Task: 82.00% | Resolved: 99.96% | Delay: 2.724s | Energy: 1732.44J | LB: 0.004
2026-06-08 05:10:49,852 | INFO |   Reward | D: -1794.68 | E: -6.28 | Q: 1303.60 | H: 6.03 | LB: 0.01 | Enq: 0.00 | Pen: -652.16
2026-06-08 05:11:13,875 | INFO | Update   21 | Steps:  21,504 | Episodes:    21 | EpReward:   -48.37 | FPS:     43 | Actor Loss: -0.0002 | Critic Loss: 0.0207
2026-06-08 05:11:13,876 | INFO |   Env | HO: 68.70% | Cont: 97.76% | Task: 81.30% | Resolved: 99.99% | Delay: 2.788s | Energy: 1837.53J | LB: 0.004
2026-06-08 05:11:13,876 | INFO |   Reward | D: -1858.97 | E: -6.39 | Q: 1268.40 | H: 4.99 | LB: 0.00 | Enq: 0.00 | Pen: -779.89
2026-06-08 05:11:35,539 | INFO | Update   22 | Steps:  22,528 | Episodes:    22 | EpReward:   -47.40 | FPS:     47 | Actor Loss: -0.0004 | Critic Loss: 0.0094
2026-06-08 05:11:35,539 | INFO |   Env | HO: 76.84% | Cont: 98.71% | Task: 81.85% | Resolved: 99.97% | Delay: 2.784s | Energy: 1866.82J | LB: 0.003
2026-06-08 05:11:35,539 | INFO |   Reward | D: -1872.81 | E: -6.39 | Q: 1313.20 | H: 4.68 | LB: 0.00 | Enq: 0.00 | Pen: -783.95
2026-06-08 05:12:02,405 | INFO | Update   23 | Steps:  23,552 | Episodes:    23 | EpReward:   -46.38 | FPS:     38 | Actor Loss: 0.0002 | Critic Loss: 0.0110
2026-06-08 05:12:02,405 | INFO |   Env | HO: 69.72% | Cont: 98.64% | Task: 82.56% | Resolved: 100.00% | Delay: 2.747s | Energy: 1793.62J | LB: 0.002
2026-06-08 05:12:02,405 | INFO |   Reward | D: -1832.04 | E: -6.24 | Q: 1365.60 | H: 4.87 | LB: 0.00 | Enq: 0.00 | Pen: -726.72
2026-06-08 05:12:22,208 | INFO | Update   24 | Steps:  24,576 | Episodes:    24 | EpReward:   -45.49 | FPS:     52 | Actor Loss: 0.0003 | Critic Loss: 0.0072
2026-06-08 05:12:22,208 | INFO |   Env | HO: 77.78% | Cont: 98.69% | Task: 81.35% | Resolved: 100.00% | Delay: 2.824s | Energy: 1907.66J | LB: 0.002
2026-06-08 05:12:22,208 | INFO |   Reward | D: -1878.97 | E: -6.38 | Q: 1265.60 | H: 4.46 | LB: 0.00 | Enq: 0.00 | Pen: -830.67
2026-06-08 05:12:41,569 | INFO | Update   25 | Steps:  25,600 | Episodes:    25 | EpReward:   -44.57 | FPS:     53 | Actor Loss: -0.0002 | Critic Loss: 0.0040
2026-06-08 05:12:41,569 | INFO |   Env | HO: 79.76% | Cont: 98.85% | Task: 82.46% | Resolved: 99.97% | Delay: 2.715s | Energy: 1816.76J | LB: 0.001
2026-06-08 05:12:41,570 | INFO |   Reward | D: -1860.84 | E: -6.43 | Q: 1374.80 | H: 4.24 | LB: 0.00 | Enq: 0.00 | Pen: -720.46
2026-06-08 05:13:03,391 | INFO | Update   26 | Steps:  26,624 | Episodes:    26 | EpReward:   -43.49 | FPS:     47 | Actor Loss: -0.0001 | Critic Loss: 0.0076
2026-06-08 05:13:03,391 | INFO |   Env | HO: 77.89% | Cont: 97.81% | Task: 82.12% | Resolved: 99.96% | Delay: 2.728s | Energy: 1726.80J | LB: 0.004
2026-06-08 05:13:03,391 | INFO |   Reward | D: -1804.39 | E: -6.12 | Q: 1322.00 | H: 4.67 | LB: 0.00 | Enq: 0.00 | Pen: -710.27
2026-06-08 05:13:26,604 | INFO | Update   27 | Steps:  27,648 | Episodes:    27 | EpReward:   -42.78 | FPS:     44 | Actor Loss: -0.0004 | Critic Loss: 0.0071
2026-06-08 05:13:26,611 | INFO |   Env | HO: 67.74% | Cont: 98.65% | Task: 81.51% | Resolved: 99.99% | Delay: 2.785s | Energy: 1852.67J | LB: 0.000
2026-06-08 05:13:26,611 | INFO |   Reward | D: -1838.77 | E: -6.33 | Q: 1265.20 | H: 3.99 | LB: 0.03 | Enq: 0.00 | Pen: -798.61
2026-06-08 05:13:45,715 | INFO | Update   28 | Steps:  28,672 | Episodes:    28 | EpReward:   -41.89 | FPS:     54 | Actor Loss: -0.0003 | Critic Loss: 0.0107
2026-06-08 05:13:45,715 | INFO |   Env | HO: 76.74% | Cont: 98.01% | Task: 82.11% | Resolved: 100.00% | Delay: 2.713s | Energy: 1697.55J | LB: 0.004
2026-06-08 05:13:45,715 | INFO |   Reward | D: -1776.50 | E: -6.04 | Q: 1300.80 | H: 4.11 | LB: 0.00 | Enq: 0.00 | Pen: -709.81
2026-06-08 05:14:08,699 | INFO | Update   29 | Steps:  29,696 | Episodes:    29 | EpReward:   -41.27 | FPS:     45 | Actor Loss: -0.0002 | Critic Loss: 0.0093
2026-06-08 05:14:08,699 | INFO |   Env | HO: 86.02% | Cont: 98.31% | Task: 82.42% | Resolved: 99.97% | Delay: 2.722s | Energy: 1722.25J | LB: 0.003
2026-06-08 05:14:08,699 | INFO |   Reward | D: -1780.27 | E: -6.15 | Q: 1320.00 | H: 5.09 | LB: 0.06 | Enq: 0.00 | Pen: -689.16
2026-06-08 05:14:30,203 | INFO | Update   30 | Steps:  30,720 | Episodes:    30 | EpReward:   -40.38 | FPS:     48 | Actor Loss: -0.0005 | Critic Loss: 0.0050
2026-06-08 05:14:30,203 | INFO |   Env | HO: 79.03% | Cont: 99.18% | Task: 82.97% | Resolved: 100.00% | Delay: 2.675s | Energy: 1692.45J | LB: 0.002
2026-06-08 05:14:30,203 | INFO |   Reward | D: -1806.59 | E: -5.98 | Q: 1386.00 | H: 3.07 | LB: 0.00 | Enq: 0.00 | Pen: -726.18
2026-06-08 05:14:53,602 | INFO | Update   31 | Steps:  31,744 | Episodes:    31 | EpReward:   -39.65 | FPS:     44 | Actor Loss: 0.0002 | Critic Loss: 0.0039
2026-06-08 05:14:53,602 | INFO |   Env | HO: 82.43% | Cont: 98.42% | Task: 83.24% | Resolved: 99.99% | Delay: 2.671s | Energy: 1676.55J | LB: 0.004
2026-06-08 05:14:53,602 | INFO |   Reward | D: -1804.96 | E: -6.04 | Q: 1423.60 | H: 3.93 | LB: 0.03 | Enq: 0.00 | Pen: -657.85
2026-06-08 05:15:20,401 | INFO | Update   32 | Steps:  32,768 | Episodes:    32 | EpReward:   -39.13 | FPS:     38 | Actor Loss: -0.0005 | Critic Loss: 0.0064
2026-06-08 05:15:20,401 | INFO |   Env | HO: 71.28% | Cont: 98.78% | Task: 82.08% | Resolved: 99.97% | Delay: 2.728s | Energy: 1772.58J | LB: 0.007
2026-06-08 05:15:20,401 | INFO |   Reward | D: -1834.20 | E: -6.16 | Q: 1314.40 | H: 4.24 | LB: 0.00 | Enq: 0.00 | Pen: -766.86
2026-06-08 05:15:45,776 | INFO | Update   33 | Steps:  33,792 | Episodes:    33 | EpReward:   -38.51 | FPS:     40 | Actor Loss: -0.0002 | Critic Loss: 0.0034
2026-06-08 05:15:45,777 | INFO |   Env | HO: 77.17% | Cont: 98.43% | Task: 82.99% | Resolved: 100.00% | Delay: 2.716s | Energy: 1772.94J | LB: 0.003
2026-06-08 05:15:45,777 | INFO |   Reward | D: -1836.74 | E: -6.30 | Q: 1413.20 | H: 4.50 | LB: 0.03 | Enq: 0.00 | Pen: -766.81
2026-06-08 05:16:12,222 | INFO | Update   34 | Steps:  34,816 | Episodes:    34 | EpReward:   -38.06 | FPS:     39 | Actor Loss: 0.0002 | Critic Loss: 0.0058
2026-06-08 05:16:12,222 | INFO |   Env | HO: 80.68% | Cont: 98.68% | Task: 82.41% | Resolved: 99.99% | Delay: 2.719s | Energy: 1742.78J | LB: 0.004
2026-06-08 05:16:12,222 | INFO |   Reward | D: -1832.63 | E: -6.18 | Q: 1352.40 | H: 4.54 | LB: 0.03 | Enq: 0.00 | Pen: -744.31
2026-06-08 05:16:42,284 | INFO | Update   35 | Steps:  35,840 | Episodes:    35 | EpReward:   -37.55 | FPS:     34 | Actor Loss: -0.0009 | Critic Loss: 0.0043
2026-06-08 05:16:42,284 | INFO |   Env | HO: 73.03% | Cont: 98.80% | Task: 83.18% | Resolved: 100.00% | Delay: 2.652s | Energy: 1659.95J | LB: 0.001
2026-06-08 05:16:42,284 | INFO |   Reward | D: -1817.01 | E: -6.00 | Q: 1424.80 | H: 4.12 | LB: 0.03 | Enq: 0.00 | Pen: -681.43
2026-06-08 05:17:08,738 | INFO | Update   36 | Steps:  36,864 | Episodes:    36 | EpReward:   -37.03 | FPS:     39 | Actor Loss: 0.0004 | Critic Loss: 0.0091
2026-06-08 05:17:08,746 | INFO |   Env | HO: 75.00% | Cont: 97.98% | Task: 82.79% | Resolved: 99.99% | Delay: 2.697s | Energy: 1657.22J | LB: 0.004
2026-06-08 05:17:08,746 | INFO |   Reward | D: -1786.68 | E: -5.84 | Q: 1369.60 | H: 5.69 | LB: 0.00 | Enq: 0.00 | Pen: -733.84
2026-06-08 05:17:32,496 | INFO | Update   37 | Steps:  37,888 | Episodes:    37 | EpReward:   -36.67 | FPS:     43 | Actor Loss: -0.0000 | Critic Loss: 0.0042
2026-06-08 05:17:32,496 | INFO |   Env | HO: 64.61% | Cont: 97.38% | Task: 82.38% | Resolved: 99.97% | Delay: 2.690s | Energy: 1640.31J | LB: 0.002
2026-06-08 05:17:32,496 | INFO |   Reward | D: -1823.38 | E: -5.83 | Q: 1358.40 | H: 7.12 | LB: 0.04 | Enq: 0.00 | Pen: -722.50
2026-06-08 05:17:52,739 | INFO | Update   38 | Steps:  38,912 | Episodes:    38 | EpReward:   -36.15 | FPS:     51 | Actor Loss: -0.0004 | Critic Loss: 0.0037
2026-06-08 05:17:52,739 | INFO |   Env | HO: 67.63% | Cont: 98.00% | Task: 83.15% | Resolved: 100.00% | Delay: 2.647s | Energy: 1556.57J | LB: 0.005
2026-06-08 05:17:52,739 | INFO |   Reward | D: -1781.84 | E: -5.74 | Q: 1400.40 | H: 5.86 | LB: 0.00 | Enq: 0.00 | Pen: -652.93
2026-06-08 05:18:15,662 | INFO | Update   39 | Steps:  39,936 | Episodes:    39 | EpReward:   -35.65 | FPS:     45 | Actor Loss: 0.0002 | Critic Loss: 0.0042
2026-06-08 05:18:15,668 | INFO |   Env | HO: 72.97% | Cont: 97.96% | Task: 83.09% | Resolved: 100.00% | Delay: 2.646s | Energy: 1562.84J | LB: 0.008
2026-06-08 05:18:15,668 | INFO |   Reward | D: -1808.42 | E: -5.81 | Q: 1425.20 | H: 5.12 | LB: 0.02 | Enq: 0.00 | Pen: -648.36
2026-06-08 05:18:41,460 | INFO | Update   40 | Steps:  40,960 | Episodes:    40 | EpReward:   -35.29 | FPS:     40 | Actor Loss: 0.0001 | Critic Loss: 0.0041
2026-06-08 05:18:41,460 | INFO |   Env | HO: 65.69% | Cont: 98.47% | Task: 81.92% | Resolved: 99.99% | Delay: 2.727s | Energy: 1735.18J | LB: 0.003
2026-06-08 05:18:41,461 | INFO |   Reward | D: -1851.83 | E: -6.02 | Q: 1321.60 | H: 4.22 | LB: 0.03 | Enq: 0.00 | Pen: -781.02
2026-06-08 05:19:05,018 | INFO | Update   41 | Steps:  41,984 | Episodes:    41 | EpReward:   -34.75 | FPS:     43 | Actor Loss: 0.0001 | Critic Loss: 0.0032
2026-06-08 05:19:05,018 | INFO |   Env | HO: 77.01% | Cont: 98.51% | Task: 83.85% | Resolved: 100.00% | Delay: 2.660s | Energy: 1589.18J | LB: 0.010
2026-06-08 05:19:05,018 | INFO |   Reward | D: -1773.34 | E: -5.78 | Q: 1447.20 | H: 4.16 | LB: 0.01 | Enq: 0.00 | Pen: -654.18
2026-06-08 05:19:25,867 | INFO | Update   42 | Steps:  43,008 | Episodes:    42 | EpReward:   -34.49 | FPS:     49 | Actor Loss: -0.0001 | Critic Loss: 0.0055
2026-06-08 05:19:25,868 | INFO |   Env | HO: 73.53% | Cont: 98.51% | Task: 81.99% | Resolved: 99.99% | Delay: 2.751s | Energy: 1770.70J | LB: 0.004
2026-06-08 05:19:25,868 | INFO |   Reward | D: -1854.55 | E: -6.00 | Q: 1326.00 | H: 4.71 | LB: 0.00 | Enq: 0.00 | Pen: -835.24
2026-06-08 05:19:50,967 | INFO | Update   43 | Steps:  44,032 | Episodes:    43 | EpReward:   -34.12 | FPS:     41 | Actor Loss: 0.0002 | Critic Loss: 0.0074
2026-06-08 05:19:50,967 | INFO |   Env | HO: 82.61% | Cont: 98.42% | Task: 83.19% | Resolved: 99.97% | Delay: 2.695s | Energy: 1691.36J | LB: 0.004
2026-06-08 05:19:50,967 | INFO |   Reward | D: -1809.93 | E: -6.02 | Q: 1418.00 | H: 4.82 | LB: 0.04 | Enq: 0.00 | Pen: -749.53
2026-06-08 05:20:20,511 | INFO | Update   44 | Steps:  45,056 | Episodes:    44 | EpReward:   -33.71 | FPS:     35 | Actor Loss: -0.0001 | Critic Loss: 0.0092
2026-06-08 05:20:20,511 | INFO |   Env | HO: 80.65% | Cont: 98.74% | Task: 83.98% | Resolved: 99.99% | Delay: 2.676s | Energy: 1649.04J | LB: 0.003
2026-06-08 05:20:20,511 | INFO |   Reward | D: -1786.95 | E: -5.93 | Q: 1470.00 | H: 4.77 | LB: 0.04 | Enq: 0.00 | Pen: -709.07
2026-06-08 05:20:49,695 | INFO | Update   45 | Steps:  46,080 | Episodes:    45 | EpReward:   -33.40 | FPS:     35 | Actor Loss: -0.0002 | Critic Loss: 0.0043
2026-06-08 05:20:49,695 | INFO |   Env | HO: 71.55% | Cont: 97.99% | Task: 82.70% | Resolved: 99.99% | Delay: 2.655s | Energy: 1600.48J | LB: 0.005
2026-06-08 05:20:49,695 | INFO |   Reward | D: -1814.60 | E: -5.82 | Q: 1384.00 | H: 5.25 | LB: 0.00 | Enq: 0.00 | Pen: -685.17
2026-06-08 05:21:16,955 | INFO | Update   46 | Steps:  47,104 | Episodes:    46 | EpReward:   -32.98 | FPS:     38 | Actor Loss: -0.0001 | Critic Loss: 0.0061
2026-06-08 05:21:16,962 | INFO |   Env | HO: 78.95% | Cont: 98.28% | Task: 82.95% | Resolved: 100.00% | Delay: 2.678s | Energy: 1649.54J | LB: 0.004
2026-06-08 05:21:16,962 | INFO |   Reward | D: -1795.00 | E: -5.93 | Q: 1398.00 | H: 3.90 | LB: 0.01 | Enq: 0.00 | Pen: -727.08
2026-06-08 05:21:38,096 | INFO | Update   47 | Steps:  48,128 | Episodes:    47 | EpReward:   -32.73 | FPS:     48 | Actor Loss: -0.0004 | Critic Loss: 0.0053
2026-06-08 05:21:38,096 | INFO |   Env | HO: 73.08% | Cont: 98.42% | Task: 83.62% | Resolved: 100.00% | Delay: 2.646s | Energy: 1615.07J | LB: 0.005
2026-06-08 05:21:38,096 | INFO |   Reward | D: -1814.79 | E: -5.92 | Q: 1464.80 | H: 4.70 | LB: 0.00 | Enq: 0.00 | Pen: -668.02
2026-06-08 05:22:02,295 | INFO | Update   48 | Steps:  49,152 | Episodes:    48 | EpReward:   -32.36 | FPS:     42 | Actor Loss: -0.0003 | Critic Loss: 0.0042
2026-06-08 05:22:02,295 | INFO |   Env | HO: 72.73% | Cont: 98.62% | Task: 83.24% | Resolved: 99.99% | Delay: 2.691s | Energy: 1664.75J | LB: 0.001
2026-06-08 05:22:02,295 | INFO |   Reward | D: -1817.08 | E: -5.86 | Q: 1426.80 | H: 3.99 | LB: 0.00 | Enq: 0.00 | Pen: -750.27
2026-06-08 05:22:28,099 | INFO | Update   49 | Steps:  50,176 | Episodes:    49 | EpReward:   -32.12 | FPS:     40 | Actor Loss: 0.0001 | Critic Loss: 0.0073
2026-06-08 05:22:28,099 | INFO |   Env | HO: 73.63% | Cont: 98.29% | Task: 82.35% | Resolved: 100.00% | Delay: 2.744s | Energy: 1721.98J | LB: 0.005
2026-06-08 05:22:28,099 | INFO |   Reward | D: -1835.63 | E: -5.86 | Q: 1355.60 | H: 4.19 | LB: 0.01 | Enq: 0.00 | Pen: -834.82
2026-06-08 05:22:28,099 | INFO | ----------------------------------------
2026-06-08 05:22:28,099 | INFO | 开始评估...
2026-06-08 05:22:50,720 | INFO | 评估结果: 奖励 = -20.07 ± 1.59, 长度 = 600, 时延 = 2.642s, 能耗 = 2921.61J, 负载均衡 = 0.004
2026-06-08 05:22:50,720 | INFO | 新的最佳模型 (average delay): score = -2.6420, delay = 2.642s, completion = 82.74%, continuity = 98.37%, load_balance = 0.004
2026-06-08 05:22:50,736 | INFO | 模型已保存: /home/pjpjq/LEO_switch/results/baseline_compare/multiuser_scaling_multiuser_6_7/u20/learned_baselines/mappo_no_han/best_model.pt
2026-06-08 05:22:50,739 | INFO | 新的最佳奖励: -20.07
2026-06-08 05:22:50,739 | INFO | ----------------------------------------
2026-06-08 05:23:18,393 | INFO | Update   50 | Steps:  51,200 | Episodes:    50 | EpReward:   -31.92 | FPS:     37 | Actor Loss: -0.0006 | Critic Loss: 0.0065
2026-06-08 05:23:18,393 | INFO |   Env | HO: 77.11% | Cont: 98.78% | Task: 83.44% | Resolved: 99.99% | Delay: 2.701s | Energy: 1680.48J | LB: 0.004
2026-06-08 05:23:18,393 | INFO |   Reward | D: -1828.88 | E: -5.71 | Q: 1449.60 | H: 4.07 | LB: 0.01 | Enq: 0.00 | Pen: -791.27
2026-06-08 05:23:45,534 | INFO | Update   51 | Steps:  52,224 | Episodes:    51 | EpReward:   -31.77 | FPS:     38 | Actor Loss: -0.0003 | Critic Loss: 0.0088
2026-06-08 05:23:45,535 | INFO |   Env | HO: 76.84% | Cont: 98.78% | Task: 82.60% | Resolved: 99.99% | Delay: 2.701s | Energy: 1695.64J | LB: 0.007
2026-06-08 05:23:45,535 | INFO |   Reward | D: -1863.42 | E: -5.89 | Q: 1389.60 | H: 4.64 | LB: 0.00 | Enq: 0.00 | Pen: -762.40
2026-06-08 05:24:18,074 | INFO | Update   52 | Steps:  53,248 | Episodes:    52 | EpReward:   -31.49 | FPS:     31 | Actor Loss: -0.0001 | Critic Loss: 0.0078
2026-06-08 05:24:18,075 | INFO |   Env | HO: 78.21% | Cont: 98.49% | Task: 83.35% | Resolved: 99.99% | Delay: 2.671s | Energy: 1638.70J | LB: 0.007
2026-06-08 05:24:18,075 | INFO |   Reward | D: -1823.31 | E: -5.88 | Q: 1447.60 | H: 3.79 | LB: 0.00 | Enq: 0.00 | Pen: -709.62
2026-06-08 05:24:47,781 | INFO | Update   53 | Steps:  54,272 | Episodes:    53 | EpReward:   -31.28 | FPS:     34 | Actor Loss: -0.0003 | Critic Loss: 0.0070
2026-06-08 05:24:47,782 | INFO |   Env | HO: 77.00% | Cont: 98.36% | Task: 82.71% | Resolved: 99.97% | Delay: 2.687s | Energy: 1670.41J | LB: 0.004
2026-06-08 05:24:47,782 | INFO |   Reward | D: -1811.67 | E: -5.95 | Q: 1382.00 | H: 4.93 | LB: 0.03 | Enq: 0.00 | Pen: -698.34
2026-06-08 05:25:17,597 | INFO | Update   54 | Steps:  55,296 | Episodes:    54 | EpReward:   -31.12 | FPS:     34 | Actor Loss: -0.0010 | Critic Loss: 0.0054
2026-06-08 05:25:17,597 | INFO |   Env | HO: 80.00% | Cont: 98.18% | Task: 82.60% | Resolved: 100.00% | Delay: 2.660s | Energy: 1635.20J | LB: 0.003
2026-06-08 05:25:17,597 | INFO |   Reward | D: -1807.49 | E: -5.89 | Q: 1370.40 | H: 4.82 | LB: 0.00 | Enq: 0.00 | Pen: -699.21
2026-06-08 05:25:49,534 | INFO | Update   55 | Steps:  56,320 | Episodes:    55 | EpReward:   -30.95 | FPS:     32 | Actor Loss: -0.0003 | Critic Loss: 0.0043
2026-06-08 05:25:49,535 | INFO |   Env | HO: 75.76% | Cont: 97.97% | Task: 82.73% | Resolved: 99.96% | Delay: 2.661s | Energy: 1571.32J | LB: 0.003
2026-06-08 05:25:49,535 | INFO |   Reward | D: -1770.05 | E: -5.75 | Q: 1363.60 | H: 4.79 | LB: 0.00 | Enq: 0.00 | Pen: -664.01
2026-06-08 05:26:21,959 | INFO | Update   56 | Steps:  57,344 | Episodes:    56 | EpReward:   -30.64 | FPS:     32 | Actor Loss: -0.0000 | Critic Loss: 0.0016
2026-06-08 05:26:21,959 | INFO |   Env | HO: 81.69% | Cont: 98.79% | Task: 83.49% | Resolved: 100.00% | Delay: 2.696s | Energy: 1647.61J | LB: 0.007
2026-06-08 05:26:21,959 | INFO |   Reward | D: -1774.92 | E: -5.81 | Q: 1418.00 | H: 3.67 | LB: 0.00 | Enq: 0.00 | Pen: -692.18
2026-06-08 05:26:49,698 | INFO | Update   57 | Steps:  58,368 | Episodes:    57 | EpReward:   -30.35 | FPS:     37 | Actor Loss: -0.0002 | Critic Loss: 0.0019
2026-06-08 05:26:49,699 | INFO |   Env | HO: 77.66% | Cont: 98.46% | Task: 83.52% | Resolved: 100.00% | Delay: 2.638s | Energy: 1612.16J | LB: 0.006
2026-06-08 05:26:49,699 | INFO |   Reward | D: -1788.82 | E: -5.92 | Q: 1432.00 | H: 4.65 | LB: 0.06 | Enq: 0.00 | Pen: -641.75
2026-06-08 05:27:09,427 | INFO | Update   58 | Steps:  59,392 | Episodes:    58 | EpReward:   -30.12 | FPS:     52 | Actor Loss: 0.0002 | Critic Loss: 0.0016
2026-06-08 05:27:09,427 | INFO |   Env | HO: 76.00% | Cont: 98.82% | Task: 82.80% | Resolved: 99.93% | Delay: 2.694s | Energy: 1742.91J | LB: 0.002
2026-06-08 05:27:09,427 | INFO |   Reward | D: -1847.29 | E: -6.09 | Q: 1398.00 | H: 3.55 | LB: 0.00 | Enq: 0.00 | Pen: -787.88
2026-06-08 05:27:32,196 | INFO | Update   59 | Steps:  60,416 | Episodes:    59 | EpReward:   -29.97 | FPS:     45 | Actor Loss: -0.0001 | Critic Loss: 0.0058
2026-06-08 05:27:32,196 | INFO |   Env | HO: 76.24% | Cont: 98.62% | Task: 83.40% | Resolved: 100.00% | Delay: 2.654s | Energy: 1676.00J | LB: 0.003
2026-06-08 05:27:32,196 | INFO |   Reward | D: -1794.01 | E: -6.19 | Q: 1429.60 | H: 4.93 | LB: 0.00 | Enq: 0.00 | Pen: -680.50
2026-06-08 05:28:01,977 | INFO | Update   60 | Steps:  61,440 | Episodes:    60 | EpReward:   -29.81 | FPS:     34 | Actor Loss: -0.0003 | Critic Loss: 0.0038
2026-06-08 05:28:01,978 | INFO |   Env | HO: 76.54% | Cont: 98.47% | Task: 82.28% | Resolved: 100.00% | Delay: 2.683s | Energy: 1682.30J | LB: 0.002
2026-06-08 05:28:01,978 | INFO |   Reward | D: -1816.67 | E: -5.97 | Q: 1341.20 | H: 3.89 | LB: 0.01 | Enq: 0.00 | Pen: -722.44
2026-06-08 05:28:33,035 | INFO | Update   61 | Steps:  62,464 | Episodes:    61 | EpReward:   -29.65 | FPS:     33 | Actor Loss: -0.0000 | Critic Loss: 0.0028
2026-06-08 05:28:33,035 | INFO |   Env | HO: 77.78% | Cont: 98.45% | Task: 82.76% | Resolved: 99.99% | Delay: 2.665s | Energy: 1675.61J | LB: 0.001
2026-06-08 05:28:33,035 | INFO |   Reward | D: -1830.51 | E: -6.04 | Q: 1382.00 | H: 4.89 | LB: 0.01 | Enq: 0.00 | Pen: -708.28
2026-06-08 05:28:54,719 | INFO | Update   62 | Steps:  63,488 | Episodes:    62 | EpReward:   -29.51 | FPS:     47 | Actor Loss: 0.0003 | Critic Loss: 0.0080
2026-06-08 05:28:54,719 | INFO |   Env | HO: 83.33% | Cont: 98.53% | Task: 82.19% | Resolved: 99.99% | Delay: 2.658s | Energy: 1666.20J | LB: 0.004
2026-06-08 05:28:54,719 | INFO |   Reward | D: -1810.74 | E: -5.97 | Q: 1327.60 | H: 4.18 | LB: 0.00 | Enq: 0.00 | Pen: -735.46
2026-06-08 05:29:14,709 | INFO | Update   63 | Steps:  64,512 | Episodes:    63 | EpReward:   -29.34 | FPS:     51 | Actor Loss: -0.0001 | Critic Loss: 0.0024
2026-06-08 05:29:14,709 | INFO |   Env | HO: 73.75% | Cont: 98.52% | Task: 82.88% | Resolved: 99.97% | Delay: 2.681s | Energy: 1672.19J | LB: 0.002
2026-06-08 05:29:14,709 | INFO |   Reward | D: -1807.73 | E: -5.95 | Q: 1386.80 | H: 3.80 | LB: 0.00 | Enq: 0.00 | Pen: -731.92
2026-06-08 05:29:35,183 | INFO | Update   64 | Steps:  65,536 | Episodes:    64 | EpReward:   -29.21 | FPS:     50 | Actor Loss: -0.0002 | Critic Loss: 0.0032
2026-06-08 05:29:35,183 | INFO |   Env | HO: 73.81% | Cont: 98.37% | Task: 82.14% | Resolved: 100.00% | Delay: 2.748s | Energy: 1749.63J | LB: 0.001
2026-06-08 05:29:35,183 | INFO |   Reward | D: -1804.79 | E: -6.05 | Q: 1315.60 | H: 3.90 | LB: 0.06 | Enq: 0.00 | Pen: -819.20
2026-06-08 05:29:54,320 | INFO | Update   65 | Steps:  66,560 | Episodes:    65 | EpReward:   -29.12 | FPS:     54 | Actor Loss: -0.0003 | Critic Loss: 0.0044
2026-06-08 05:29:54,320 | INFO |   Env | HO: 81.48% | Cont: 98.67% | Task: 82.15% | Resolved: 99.97% | Delay: 2.749s | Energy: 1795.65J | LB: 0.003
2026-06-08 05:29:54,320 | INFO |   Reward | D: -1862.49 | E: -6.07 | Q: 1344.80 | H: 4.18 | LB: 0.00 | Enq: 0.00 | Pen: -832.47
2026-06-08 05:30:16,124 | INFO | Update   66 | Steps:  67,584 | Episodes:    66 | EpReward:   -29.04 | FPS:     47 | Actor Loss: -0.0002 | Critic Loss: 0.0037
2026-06-08 05:30:16,124 | INFO |   Env | HO: 77.91% | Cont: 98.22% | Task: 81.39% | Resolved: 99.94% | Delay: 2.695s | Energy: 1673.95J | LB: 0.005
2026-06-08 05:30:16,124 | INFO |   Reward | D: -1811.63 | E: -5.81 | Q: 1248.80 | H: 4.32 | LB: 0.00 | Enq: 0.00 | Pen: -782.28
2026-06-08 05:30:43,433 | INFO | Update   67 | Steps:  68,608 | Episodes:    67 | EpReward:   -28.88 | FPS:     37 | Actor Loss: -0.0004 | Critic Loss: 0.0046
2026-06-08 05:30:43,433 | INFO |   Env | HO: 78.16% | Cont: 98.71% | Task: 83.10% | Resolved: 100.00% | Delay: 2.664s | Energy: 1631.16J | LB: 0.002
2026-06-08 05:30:43,434 | INFO |   Reward | D: -1778.18 | E: -5.81 | Q: 1386.40 | H: 4.30 | LB: 0.03 | Enq: 0.00 | Pen: -699.97
2026-06-08 05:31:14,625 | INFO | Update   68 | Steps:  69,632 | Episodes:    68 | EpReward:   -28.67 | FPS:     33 | Actor Loss: -0.0005 | Critic Loss: 0.0020
2026-06-08 05:31:14,626 | INFO |   Env | HO: 77.27% | Cont: 98.11% | Task: 83.11% | Resolved: 100.00% | Delay: 2.646s | Energy: 1648.88J | LB: 0.005
2026-06-08 05:31:14,626 | INFO |   Reward | D: -1811.32 | E: -6.01 | Q: 1422.40 | H: 4.22 | LB: 0.00 | Enq: 0.00 | Pen: -704.15
2026-06-08 05:31:37,522 | INFO | Update   69 | Steps:  70,656 | Episodes:    69 | EpReward:   -28.56 | FPS:     45 | Actor Loss: 0.0005 | Critic Loss: 0.0027
2026-06-08 05:31:37,522 | INFO |   Env | HO: 61.17% | Cont: 95.78% | Task: 80.98% | Resolved: 100.00% | Delay: 2.730s | Energy: 1645.05J | LB: 0.001
2026-06-08 05:31:37,522 | INFO |   Reward | D: -1804.11 | E: -5.74 | Q: 1225.20 | H: 11.37 | LB: 0.01 | Enq: 0.00 | Pen: -775.15
2026-06-08 05:32:09,552 | INFO | Update   70 | Steps:  71,680 | Episodes:    70 | EpReward:   -28.60 | FPS:     32 | Actor Loss: -0.0000 | Critic Loss: 0.0042
2026-06-08 05:32:09,553 | INFO |   Env | HO: 62.83% | Cont: 94.66% | Task: 79.95% | Resolved: 99.94% | Delay: 2.760s | Energy: 1684.99J | LB: 0.003
2026-06-08 05:32:09,553 | INFO |   Reward | D: -1800.62 | E: -5.99 | Q: 1151.20 | H: 12.71 | LB: 0.00 | Enq: 0.00 | Pen: -840.80
2026-06-08 05:32:39,266 | INFO | Update   71 | Steps:  72,704 | Episodes:    71 | EpReward:   -28.57 | FPS:     34 | Actor Loss: 0.0000 | Critic Loss: 0.0052
2026-06-08 05:32:39,266 | INFO |   Env | HO: 61.28% | Cont: 95.83% | Task: 81.72% | Resolved: 99.93% | Delay: 2.741s | Energy: 1654.23J | LB: 0.006
2026-06-08 05:32:39,266 | INFO |   Reward | D: -1775.95 | E: -5.86 | Q: 1285.60 | H: 8.57 | LB: 0.00 | Enq: 0.00 | Pen: -786.83
2026-06-08 05:33:02,040 | INFO | Update   72 | Steps:  73,728 | Episodes:    72 | EpReward:   -28.45 | FPS:     45 | Actor Loss: -0.0000 | Critic Loss: 0.0034
2026-06-08 05:33:02,040 | INFO |   Env | HO: 67.32% | Cont: 96.52% | Task: 82.43% | Resolved: 100.00% | Delay: 2.651s | Energy: 1545.88J | LB: 0.007
2026-06-08 05:33:02,040 | INFO |   Reward | D: -1755.48 | E: -5.78 | Q: 1352.00 | H: 8.39 | LB: 0.00 | Enq: 0.00 | Pen: -658.65
2026-06-08 05:33:27,339 | INFO | Update   73 | Steps:  74,752 | Episodes:    73 | EpReward:   -28.40 | FPS:     40 | Actor Loss: -0.0000 | Critic Loss: 0.0044
2026-06-08 05:33:27,339 | INFO |   Env | HO: 65.67% | Cont: 97.34% | Task: 81.62% | Resolved: 99.94% | Delay: 2.690s | Energy: 1635.03J | LB: 0.001
2026-06-08 05:33:27,339 | INFO |   Reward | D: -1797.33 | E: -5.77 | Q: 1274.40 | H: 7.88 | LB: 0.00 | Enq: 0.00 | Pen: -750.99
2026-06-08 05:33:50,454 | INFO | Update   74 | Steps:  75,776 | Episodes:    74 | EpReward:   -28.27 | FPS:     44 | Actor Loss: 0.0002 | Critic Loss: 0.0057
2026-06-08 05:33:50,454 | INFO |   Env | HO: 68.00% | Cont: 97.95% | Task: 82.68% | Resolved: 99.99% | Delay: 2.655s | Energy: 1605.96J | LB: 0.002
2026-06-08 05:33:50,454 | INFO |   Reward | D: -1792.74 | E: -5.72 | Q: 1366.40 | H: 6.25 | LB: 0.06 | Enq: 0.00 | Pen: -729.98
2026-06-08 05:34:17,169 | INFO | Update   75 | Steps:  76,800 | Episodes:    75 | EpReward:   -28.12 | FPS:     38 | Actor Loss: 0.0004 | Critic Loss: 0.0023
2026-06-08 05:34:17,169 | INFO |   Env | HO: 66.67% | Cont: 97.80% | Task: 83.14% | Resolved: 99.97% | Delay: 2.632s | Energy: 1594.49J | LB: 0.006
2026-06-08 05:34:17,169 | INFO |   Reward | D: -1793.02 | E: -5.90 | Q: 1416.40 | H: 7.29 | LB: 0.00 | Enq: 0.00 | Pen: -655.54
2026-06-08 05:34:41,845 | INFO | Update   76 | Steps:  77,824 | Episodes:    76 | EpReward:   -28.03 | FPS:     41 | Actor Loss: 0.0000 | Critic Loss: 0.0050
2026-06-08 05:34:41,845 | INFO |   Env | HO: 67.09% | Cont: 98.02% | Task: 81.91% | Resolved: 99.99% | Delay: 2.719s | Energy: 1715.67J | LB: 0.002
2026-06-08 05:34:41,845 | INFO |   Reward | D: -1834.31 | E: -5.90 | Q: 1318.00 | H: 6.49 | LB: 0.00 | Enq: 0.00 | Pen: -832.39
2026-06-08 05:35:01,497 | INFO | Update   77 | Steps:  78,848 | Episodes:    77 | EpReward:   -27.89 | FPS:     52 | Actor Loss: 0.0003 | Critic Loss: 0.0078
2026-06-08 05:35:01,498 | INFO |   Env | HO: 75.44% | Cont: 98.57% | Task: 83.15% | Resolved: 100.00% | Delay: 2.691s | Energy: 1692.58J | LB: 0.003
2026-06-08 05:35:01,498 | INFO |   Reward | D: -1828.78 | E: -6.00 | Q: 1413.20 | H: 5.33 | LB: 0.01 | Enq: 0.00 | Pen: -764.93
2026-06-08 05:35:21,064 | INFO | Update   78 | Steps:  79,872 | Episodes:    78 | EpReward:   -27.75 | FPS:     52 | Actor Loss: -0.0002 | Critic Loss: 0.0024
2026-06-08 05:35:21,065 | INFO |   Env | HO: 66.96% | Cont: 98.03% | Task: 82.81% | Resolved: 100.00% | Delay: 2.713s | Energy: 1745.30J | LB: 0.004
2026-06-08 05:35:21,065 | INFO |   Reward | D: -1833.06 | E: -6.13 | Q: 1408.00 | H: 4.83 | LB: 0.00 | Enq: 0.00 | Pen: -791.75
2026-06-08 05:35:46,494 | INFO | Update   79 | Steps:  80,896 | Episodes:    79 | EpReward:   -27.65 | FPS:     40 | Actor Loss: -0.0001 | Critic Loss: 0.0091
2026-06-08 05:35:46,495 | INFO |   Env | HO: 67.57% | Cont: 98.60% | Task: 83.38% | Resolved: 99.99% | Delay: 2.676s | Energy: 1674.08J | LB: 0.005
2026-06-08 05:35:46,495 | INFO |   Reward | D: -1824.40 | E: -5.98 | Q: 1444.00 | H: 4.76 | LB: 0.05 | Enq: 0.00 | Pen: -742.55
2026-06-08 05:36:09,067 | INFO | Update   80 | Steps:  81,920 | Episodes:    80 | EpReward:   -27.54 | FPS:     45 | Actor Loss: -0.0002 | Critic Loss: 0.0085
2026-06-08 05:36:09,067 | INFO |   Env | HO: 76.92% | Cont: 98.15% | Task: 82.15% | Resolved: 99.97% | Delay: 2.663s | Energy: 1614.74J | LB: 0.005
2026-06-08 05:36:09,067 | INFO |   Reward | D: -1828.73 | E: -5.73 | Q: 1344.40 | H: 4.41 | LB: 0.00 | Enq: 0.00 | Pen: -729.98
2026-06-08 05:36:29,710 | INFO | Update   81 | Steps:  82,944 | Episodes:    81 | EpReward:   -27.46 | FPS:     50 | Actor Loss: 0.0004 | Critic Loss: 0.0045
2026-06-08 05:36:29,711 | INFO |   Env | HO: 73.53% | Cont: 97.87% | Task: 82.93% | Resolved: 99.99% | Delay: 2.649s | Energy: 1601.97J | LB: 0.008
2026-06-08 05:36:29,711 | INFO |   Reward | D: -1808.77 | E: -5.82 | Q: 1411.20 | H: 4.67 | LB: 0.03 | Enq: 0.00 | Pen: -680.34
2026-06-08 05:36:52,645 | INFO | Update   82 | Steps:  83,968 | Episodes:    82 | EpReward:   -27.37 | FPS:     45 | Actor Loss: -0.0004 | Critic Loss: 0.0029
2026-06-08 05:36:52,645 | INFO |   Env | HO: 76.83% | Cont: 98.04% | Task: 82.26% | Resolved: 99.97% | Delay: 2.692s | Energy: 1600.23J | LB: 0.007
2026-06-08 05:36:52,645 | INFO |   Reward | D: -1778.61 | E: -5.58 | Q: 1318.80 | H: 4.09 | LB: 0.00 | Enq: 0.00 | Pen: -734.40
2026-06-08 05:37:16,957 | INFO | Update   83 | Steps:  84,992 | Episodes:    83 | EpReward:   -27.33 | FPS:     42 | Actor Loss: 0.0002 | Critic Loss: 0.0052
2026-06-08 05:37:16,961 | INFO |   Env | HO: 75.56% | Cont: 98.10% | Task: 81.52% | Resolved: 99.99% | Delay: 2.736s | Energy: 1733.31J | LB: 0.004
2026-06-08 05:37:16,961 | INFO |   Reward | D: -1844.18 | E: -5.88 | Q: 1284.40 | H: 4.32 | LB: 0.00 | Enq: 0.00 | Pen: -830.33
2026-06-08 05:37:48,183 | INFO | Update   84 | Steps:  86,016 | Episodes:    84 | EpReward:   -27.31 | FPS:     33 | Actor Loss: -0.0002 | Critic Loss: 0.0046
2026-06-08 05:37:48,183 | INFO |   Env | HO: 71.68% | Cont: 97.65% | Task: 82.58% | Resolved: 99.94% | Delay: 2.639s | Energy: 1548.36J | LB: 0.002
2026-06-08 05:37:48,183 | INFO |   Reward | D: -1767.05 | E: -5.74 | Q: 1350.00 | H: 5.11 | LB: 0.00 | Enq: 0.00 | Pen: -649.95
2026-06-08 05:38:12,276 | INFO | Update   85 | Steps:  87,040 | Episodes:    85 | EpReward:   -27.28 | FPS:     43 | Actor Loss: 0.0002 | Critic Loss: 0.0082
2026-06-08 05:38:12,276 | INFO |   Env | HO: 72.73% | Cont: 98.40% | Task: 82.19% | Resolved: 99.97% | Delay: 2.752s | Energy: 1777.39J | LB: 0.008
2026-06-08 05:38:12,276 | INFO |   Reward | D: -1874.63 | E: -6.04 | Q: 1363.20 | H: 4.03 | LB: 0.03 | Enq: 0.00 | Pen: -846.06
2026-06-08 05:38:35,469 | INFO | Update   86 | Steps:  88,064 | Episodes:    86 | EpReward:   -27.21 | FPS:     44 | Actor Loss: 0.0002 | Critic Loss: 0.0062
2026-06-08 05:38:35,469 | INFO |   Env | HO: 72.34% | Cont: 98.36% | Task: 82.45% | Resolved: 100.00% | Delay: 2.683s | Energy: 1671.98J | LB: 0.007
2026-06-08 05:38:35,469 | INFO |   Reward | D: -1841.11 | E: -5.80 | Q: 1369.20 | H: 4.21 | LB: 0.01 | Enq: 0.00 | Pen: -786.81
2026-06-08 05:38:55,893 | INFO | Update   87 | Steps:  89,088 | Episodes:    87 | EpReward:   -27.23 | FPS:     50 | Actor Loss: 0.0005 | Critic Loss: 0.0058
2026-06-08 05:38:55,893 | INFO |   Env | HO: 79.73% | Cont: 98.93% | Task: 82.11% | Resolved: 99.96% | Delay: 2.726s | Energy: 1710.54J | LB: 0.004
2026-06-08 05:38:55,894 | INFO |   Reward | D: -1836.01 | E: -5.77 | Q: 1326.00 | H: 3.79 | LB: 0.00 | Enq: 0.00 | Pen: -818.94
2026-06-08 05:39:25,145 | INFO | Update   88 | Steps:  90,112 | Episodes:    88 | EpReward:   -27.12 | FPS:     35 | Actor Loss: -0.0001 | Critic Loss: 0.0059
2026-06-08 05:39:25,154 | INFO |   Env | HO: 76.77% | Cont: 97.95% | Task: 82.89% | Resolved: 99.94% | Delay: 2.619s | Energy: 1534.29J | LB: 0.011
2026-06-08 05:39:25,154 | INFO |   Reward | D: -1785.58 | E: -5.66 | Q: 1392.00 | H: 4.85 | LB: 0.00 | Enq: 0.00 | Pen: -626.29
2026-06-08 05:39:54,157 | INFO | Update   89 | Steps:  91,136 | Episodes:    89 | EpReward:   -27.00 | FPS:     35 | Actor Loss: -0.0002 | Critic Loss: 0.0048
2026-06-08 05:39:54,158 | INFO |   Env | HO: 75.32% | Cont: 98.29% | Task: 82.98% | Resolved: 99.99% | Delay: 2.676s | Energy: 1645.09J | LB: 0.003
2026-06-08 05:39:54,158 | INFO |   Reward | D: -1807.29 | E: -5.81 | Q: 1408.40 | H: 3.65 | LB: 0.00 | Enq: 0.00 | Pen: -769.79
2026-06-08 05:40:19,680 | INFO | Update   90 | Steps:  92,160 | Episodes:    90 | EpReward:   -26.89 | FPS:     40 | Actor Loss: -0.0005 | Critic Loss: 0.0020
2026-06-08 05:40:19,680 | INFO |   Env | HO: 74.73% | Cont: 98.06% | Task: 82.58% | Resolved: 99.96% | Delay: 2.648s | Energy: 1581.58J | LB: 0.006
2026-06-08 05:40:19,680 | INFO |   Reward | D: -1800.50 | E: -5.67 | Q: 1370.80 | H: 4.23 | LB: 0.03 | Enq: 0.00 | Pen: -707.61
2026-06-08 05:40:51,278 | INFO | Update   91 | Steps:  93,184 | Episodes:    91 | EpReward:   -26.77 | FPS:     32 | Actor Loss: -0.0001 | Critic Loss: 0.0022
2026-06-08 05:40:51,278 | INFO |   Env | HO: 68.42% | Cont: 97.96% | Task: 82.96% | Resolved: 99.97% | Delay: 2.664s | Energy: 1575.46J | LB: 0.003
2026-06-08 05:40:51,278 | INFO |   Reward | D: -1779.18 | E: -5.69 | Q: 1390.40 | H: 4.02 | LB: 0.00 | Enq: 0.00 | Pen: -699.99
2026-06-08 05:41:23,144 | INFO | Update   92 | Steps:  94,208 | Episodes:    92 | EpReward:   -26.73 | FPS:     32 | Actor Loss: 0.0001 | Critic Loss: 0.0063
2026-06-08 05:41:23,145 | INFO |   Env | HO: 75.00% | Cont: 98.83% | Task: 82.34% | Resolved: 99.96% | Delay: 2.720s | Energy: 1653.23J | LB: 0.003
2026-06-08 05:41:23,145 | INFO |   Reward | D: -1837.97 | E: -5.52 | Q: 1346.80 | H: 3.81 | LB: 0.00 | Enq: 0.00 | Pen: -816.55
2026-06-08 05:41:45,997 | INFO | Update   93 | Steps:  95,232 | Episodes:    93 | EpReward:   -26.67 | FPS:     45 | Actor Loss: 0.0009 | Critic Loss: 0.0065
2026-06-08 05:41:45,997 | INFO |   Env | HO: 69.52% | Cont: 98.23% | Task: 83.14% | Resolved: 99.99% | Delay: 2.650s | Energy: 1571.62J | LB: 0.004
2026-06-08 05:41:45,997 | INFO |   Reward | D: -1802.26 | E: -5.70 | Q: 1423.60 | H: 4.66 | LB: 0.03 | Enq: 0.00 | Pen: -681.79
2026-06-08 05:42:05,940 | INFO | Update   94 | Steps:  96,256 | Episodes:    94 | EpReward:   -26.52 | FPS:     51 | Actor Loss: 0.0005 | Critic Loss: 0.0047
2026-06-08 05:42:05,940 | INFO |   Env | HO: 70.79% | Cont: 98.35% | Task: 82.81% | Resolved: 99.99% | Delay: 2.711s | Energy: 1641.96J | LB: 0.007
2026-06-08 05:42:05,940 | INFO |   Reward | D: -1818.56 | E: -5.62 | Q: 1392.40 | H: 4.01 | LB: 0.00 | Enq: 0.00 | Pen: -769.60
2026-06-08 05:42:30,302 | INFO | Update   95 | Steps:  97,280 | Episodes:    95 | EpReward:   -26.45 | FPS:     42 | Actor Loss: 0.0003 | Critic Loss: 0.0038
2026-06-08 05:42:30,302 | INFO |   Env | HO: 74.71% | Cont: 98.64% | Task: 83.77% | Resolved: 99.96% | Delay: 2.679s | Energy: 1641.46J | LB: 0.010
2026-06-08 05:42:30,302 | INFO |   Reward | D: -1825.64 | E: -5.84 | Q: 1488.00 | H: 4.13 | LB: 0.00 | Enq: 0.00 | Pen: -771.77
2026-06-08 05:42:58,259 | INFO | Update   96 | Steps:  98,304 | Episodes:    96 | EpReward:   -26.47 | FPS:     37 | Actor Loss: -0.0008 | Critic Loss: 0.0060
2026-06-08 05:42:58,259 | INFO |   Env | HO: 71.76% | Cont: 98.09% | Task: 81.62% | Resolved: 99.99% | Delay: 2.748s | Energy: 1708.54J | LB: 0.004
2026-06-08 05:42:58,259 | INFO |   Reward | D: -1873.93 | E: -5.69 | Q: 1323.20 | H: 3.86 | LB: 0.03 | Enq: 0.00 | Pen: -835.50
2026-06-08 05:43:29,212 | INFO | Update   97 | Steps:  99,328 | Episodes:    97 | EpReward:   -26.42 | FPS:     33 | Actor Loss: -0.0006 | Critic Loss: 0.0055
2026-06-08 05:43:29,212 | INFO |   Env | HO: 67.68% | Cont: 95.74% | Task: 82.14% | Resolved: 100.00% | Delay: 2.649s | Energy: 1462.68J | LB: 0.006
2026-06-08 05:43:29,212 | INFO |   Reward | D: -1761.66 | E: -5.29 | Q: 1321.60 | H: 10.87 | LB: 0.03 | Enq: 0.00 | Pen: -723.17
2026-06-08 05:44:00,689 | INFO | Update   98 | Steps: 100,352 | Episodes:    98 | EpReward:   -26.30 | FPS:     33 | Actor Loss: -0.0005 | Critic Loss: 0.0042
2026-06-08 05:44:00,689 | INFO |   Env | HO: 64.60% | Cont: 94.08% | Task: 81.42% | Resolved: 99.93% | Delay: 2.616s | Energy: 1383.70J | LB: 0.005
2026-06-08 05:44:00,689 | INFO |   Reward | D: -1740.53 | E: -5.35 | Q: 1267.60 | H: 20.73 | LB: 0.07 | Enq: 0.00 | Pen: -609.16
2026-06-08 05:44:00,689 | INFO | ----------------------------------------
2026-06-08 05:44:00,689 | INFO | 开始评估...
2026-06-08 05:44:26,589 | INFO | 评估结果: 奖励 = -19.23 ± 2.30, 长度 = 600, 时延 = 2.655s, 能耗 = 2854.96J, 负载均衡 = 0.006
2026-06-08 05:44:26,589 | INFO | 新的最佳奖励: -19.23
2026-06-08 05:44:26,589 | INFO | ----------------------------------------
2026-06-08 05:44:26,609 | INFO | 模型已保存: /home/pjpjq/LEO_switch/results/baseline_compare/multiuser_scaling_multiuser_6_7/u20/learned_baselines/mappo_no_han/checkpoint_100352.pt
2026-06-08 05:44:52,982 | INFO | Update   99 | Steps: 101,376 | Episodes:    99 | EpReward:   -26.36 | FPS:     39 | Actor Loss: -0.0004 | Critic Loss: 0.0044
2026-06-08 05:44:52,982 | INFO |   Env | HO: 66.21% | Cont: 94.23% | Task: 81.56% | Resolved: 99.96% | Delay: 2.636s | Energy: 1408.64J | LB: 0.007
2026-06-08 05:44:52,982 | INFO |   Reward | D: -1732.95 | E: -5.32 | Q: 1258.00 | H: 20.78 | LB: 0.00 | Enq: 0.00 | Pen: -642.22
2026-06-08 05:45:21,502 | INFO | Update  100 | Steps: 102,400 | Episodes:   100 | EpReward:   -26.30 | FPS:     36 | Actor Loss: -0.0005 | Critic Loss: 0.0037
2026-06-08 05:45:21,503 | INFO |   Env | HO: 64.86% | Cont: 95.88% | Task: 82.27% | Resolved: 99.96% | Delay: 2.667s | Energy: 1479.47J | LB: 0.003
2026-06-08 05:45:21,509 | INFO |   Reward | D: -1764.63 | E: -5.35 | Q: 1340.80 | H: 12.39 | LB: 0.01 | Enq: 0.00 | Pen: -714.09
2026-06-08 05:45:53,455 | INFO | Update  101 | Steps: 103,424 | Episodes:   101 | EpReward:   -25.49 | FPS:     32 | Actor Loss: -0.0006 | Critic Loss: 0.0087
2026-06-08 05:45:53,455 | INFO |   Env | HO: 65.59% | Cont: 95.42% | Task: 81.40% | Resolved: 99.97% | Delay: 2.660s | Energy: 1417.02J | LB: 0.005
2026-06-08 05:45:53,455 | INFO |   Reward | D: -1753.95 | E: -5.18 | Q: 1264.00 | H: 9.97 | LB: 0.00 | Enq: 0.00 | Pen: -666.86
2026-06-08 05:46:18,564 | INFO | Update  102 | Steps: 104,448 | Episodes:   102 | EpReward:   -24.44 | FPS:     41 | Actor Loss: -0.0000 | Critic Loss: 0.0030
2026-06-08 05:46:18,565 | INFO |   Env | HO: 68.56% | Cont: 95.94% | Task: 83.22% | Resolved: 99.90% | Delay: 2.553s | Energy: 1310.15J | LB: 0.011
2026-06-08 05:46:18,565 | INFO |   Reward | D: -1745.66 | E: -5.13 | Q: 1427.20 | H: 12.58 | LB: 0.06 | Enq: 0.00 | Pen: -526.08
2026-06-08 05:46:47,971 | INFO | Update  103 | Steps: 105,472 | Episodes:   103 | EpReward:   -23.61 | FPS:     35 | Actor Loss: -0.0007 | Critic Loss: 0.0045
2026-06-08 05:46:47,971 | INFO |   Env | HO: 63.02% | Cont: 96.25% | Task: 83.04% | Resolved: 99.97% | Delay: 2.654s | Energy: 1477.12J | LB: 0.003
2026-06-08 05:46:47,971 | INFO |   Reward | D: -1766.94 | E: -5.40 | Q: 1388.80 | H: 12.82 | LB: 0.02 | Enq: 0.00 | Pen: -652.80
2026-06-08 05:47:11,308 | INFO | Update  104 | Steps: 106,496 | Episodes:   104 | EpReward:   -22.82 | FPS:     44 | Actor Loss: -0.0010 | Critic Loss: 0.0031
2026-06-08 05:47:11,308 | INFO |   Env | HO: 62.77% | Cont: 96.37% | Task: 82.08% | Resolved: 99.94% | Delay: 2.589s | Energy: 1385.25J | LB: 0.003
2026-06-08 05:47:11,308 | INFO |   Reward | D: -1762.72 | E: -5.17 | Q: 1321.60 | H: 10.96 | LB: 0.07 | Enq: 0.00 | Pen: -621.98
2026-06-08 05:47:41,414 | INFO | Update  105 | Steps: 107,520 | Episodes:   105 | EpReward:   -22.22 | FPS:     34 | Actor Loss: 0.0003 | Critic Loss: 0.0043
2026-06-08 05:47:41,414 | INFO |   Env | HO: 63.91% | Cont: 96.56% | Task: 82.45% | Resolved: 99.97% | Delay: 2.702s | Energy: 1555.70J | LB: 0.009
2026-06-08 05:47:41,414 | INFO |   Reward | D: -1823.89 | E: -5.46 | Q: 1379.60 | H: 11.67 | LB: 0.00 | Enq: 0.00 | Pen: -734.37
2026-06-08 05:48:04,616 | INFO | Update  106 | Steps: 108,544 | Episodes:   106 | EpReward:   -21.85 | FPS:     44 | Actor Loss: 0.0002 | Critic Loss: 0.0024
2026-06-08 05:48:04,616 | INFO |   Env | HO: 69.05% | Cont: 97.62% | Task: 82.85% | Resolved: 100.00% | Delay: 2.689s | Energy: 1527.86J | LB: 0.007
2026-06-08 05:48:04,616 | INFO |   Reward | D: -1808.61 | E: -5.24 | Q: 1396.80 | H: 7.25 | LB: 0.03 | Enq: 0.00 | Pen: -752.59
2026-06-08 05:48:29,238 | INFO | Update  107 | Steps: 109,568 | Episodes:   107 | EpReward:   -21.51 | FPS:     42 | Actor Loss: 0.0004 | Critic Loss: 0.0084
2026-06-08 05:48:29,238 | INFO |   Env | HO: 67.11% | Cont: 96.79% | Task: 82.66% | Resolved: 99.97% | Delay: 2.627s | Energy: 1453.27J | LB: 0.006
2026-06-08 05:48:29,239 | INFO |   Reward | D: -1799.99 | E: -5.34 | Q: 1380.80 | H: 12.42 | LB: 0.00 | Enq: 0.00 | Pen: -659.21
2026-06-08 05:48:50,136 | INFO | Update  108 | Steps: 110,592 | Episodes:   108 | EpReward:   -21.03 | FPS:     49 | Actor Loss: 0.0000 | Critic Loss: 0.0071
2026-06-08 05:48:50,137 | INFO |   Env | HO: 69.96% | Cont: 96.19% | Task: 83.24% | Resolved: 99.99% | Delay: 2.577s | Energy: 1343.37J | LB: 0.007
2026-06-08 05:48:50,137 | INFO |   Reward | D: -1732.72 | E: -5.08 | Q: 1402.80 | H: 12.20 | LB: 0.03 | Enq: 0.00 | Pen: -548.55
2026-06-08 05:49:12,287 | INFO | Update  109 | Steps: 111,616 | Episodes:   109 | EpReward:   -20.76 | FPS:     46 | Actor Loss: -0.0002 | Critic Loss: 0.0073
2026-06-08 05:49:12,287 | INFO |   Env | HO: 69.38% | Cont: 98.20% | Task: 82.89% | Resolved: 99.99% | Delay: 2.650s | Energy: 1534.03J | LB: 0.002
2026-06-08 05:49:12,287 | INFO |   Reward | D: -1820.33 | E: -5.34 | Q: 1398.00 | H: 7.03 | LB: 0.00 | Enq: 0.00 | Pen: -734.51
2026-06-08 05:49:43,430 | INFO | Update  110 | Steps: 112,640 | Episodes:   110 | EpReward:   -20.47 | FPS:     33 | Actor Loss: -0.0005 | Critic Loss: 0.0030
2026-06-08 05:49:43,430 | INFO |   Env | HO: 70.06% | Cont: 97.52% | Task: 83.57% | Resolved: 99.94% | Delay: 2.555s | Energy: 1322.94J | LB: 0.004
2026-06-08 05:49:43,430 | INFO |   Reward | D: -1735.08 | E: -5.11 | Q: 1430.80 | H: 7.58 | LB: 0.03 | Enq: 0.00 | Pen: -549.72
2026-06-08 05:50:13,328 | INFO | Update  111 | Steps: 113,664 | Episodes:   111 | EpReward:   -20.29 | FPS:     34 | Actor Loss: -0.0001 | Critic Loss: 0.0061
2026-06-08 05:50:13,328 | INFO |   Env | HO: 65.49% | Cont: 98.19% | Task: 82.48% | Resolved: 99.99% | Delay: 2.728s | Energy: 1660.08J | LB: 0.006
2026-06-08 05:50:13,328 | INFO |   Reward | D: -1838.48 | E: -5.66 | Q: 1364.00 | H: 5.83 | LB: 0.00 | Enq: 0.00 | Pen: -827.14
2026-06-08 05:50:32,738 | INFO | Update  112 | Steps: 114,688 | Episodes:   112 | EpReward:   -20.01 | FPS:     53 | Actor Loss: -0.0000 | Critic Loss: 0.0062
2026-06-08 05:50:32,738 | INFO |   Env | HO: 78.68% | Cont: 97.65% | Task: 83.06% | Resolved: 99.94% | Delay: 2.643s | Energy: 1501.61J | LB: 0.001
2026-06-08 05:50:32,738 | INFO |   Reward | D: -1768.90 | E: -5.43 | Q: 1400.00 | H: 6.79 | LB: 0.02 | Enq: 0.00 | Pen: -637.53
2026-06-08 05:50:57,795 | INFO | Update  113 | Steps: 115,712 | Episodes:   113 | EpReward:   -19.95 | FPS:     41 | Actor Loss: 0.0004 | Critic Loss: 0.0082
2026-06-08 05:50:57,795 | INFO |   Env | HO: 67.36% | Cont: 98.17% | Task: 82.62% | Resolved: 99.97% | Delay: 2.682s | Energy: 1595.90J | LB: 0.005
2026-06-08 05:50:57,795 | INFO |   Reward | D: -1818.66 | E: -5.67 | Q: 1373.20 | H: 6.07 | LB: -0.00 | Enq: 0.00 | Pen: -742.07
2026-06-08 05:51:22,891 | INFO | Update  114 | Steps: 116,736 | Episodes:   114 | EpReward:   -19.94 | FPS:     41 | Actor Loss: -0.0006 | Critic Loss: 0.0073
2026-06-08 05:51:22,891 | INFO |   Env | HO: 69.01% | Cont: 98.10% | Task: 82.24% | Resolved: 99.99% | Delay: 2.711s | Energy: 1627.99J | LB: 0.005
2026-06-08 05:51:22,891 | INFO |   Reward | D: -1824.67 | E: -5.50 | Q: 1332.40 | H: 6.05 | LB: 0.01 | Enq: 0.00 | Pen: -813.20
2026-06-08 05:51:44,361 | INFO | Update  115 | Steps: 117,760 | Episodes:   115 | EpReward:   -19.91 | FPS:     48 | Actor Loss: -0.0005 | Critic Loss: 0.0042
2026-06-08 05:51:44,362 | INFO |   Env | HO: 73.28% | Cont: 97.57% | Task: 82.05% | Resolved: 99.96% | Delay: 2.680s | Energy: 1558.09J | LB: 0.005
2026-06-08 05:51:44,362 | INFO |   Reward | D: -1825.79 | E: -5.43 | Q: 1332.00 | H: 5.36 | LB: 0.01 | Enq: 0.00 | Pen: -725.10
2026-06-08 05:52:07,249 | INFO | Update  116 | Steps: 118,784 | Episodes:   116 | EpReward:   -19.92 | FPS:     45 | Actor Loss: -0.0005 | Critic Loss: 0.0063
2026-06-08 05:52:07,249 | INFO |   Env | HO: 72.44% | Cont: 97.28% | Task: 83.21% | Resolved: 99.99% | Delay: 2.630s | Energy: 1457.51J | LB: 0.005
2026-06-08 05:52:07,249 | INFO |   Reward | D: -1771.88 | E: -5.33 | Q: 1422.80 | H: 6.02 | LB: 0.01 | Enq: 0.00 | Pen: -659.77
2026-06-08 05:52:37,903 | INFO | Update  117 | Steps: 119,808 | Episodes:   117 | EpReward:   -19.82 | FPS:     33 | Actor Loss: 0.0008 | Critic Loss: 0.0155
2026-06-08 05:52:37,903 | INFO |   Env | HO: 79.83% | Cont: 98.67% | Task: 84.47% | Resolved: 100.00% | Delay: 2.614s | Energy: 1471.56J | LB: 0.004
2026-06-08 05:52:37,903 | INFO |   Reward | D: -1765.97 | E: -5.44 | Q: 1504.80 | H: 5.94 | LB: 0.04 | Enq: 0.00 | Pen: -608.47
2026-06-08 05:53:09,701 | INFO | Update  118 | Steps: 120,832 | Episodes:   118 | EpReward:   -19.84 | FPS:     32 | Actor Loss: 0.0004 | Critic Loss: 0.0110
2026-06-08 05:53:09,701 | INFO |   Env | HO: 75.74% | Cont: 98.56% | Task: 84.02% | Resolved: 99.99% | Delay: 2.633s | Energy: 1510.59J | LB: 0.007
2026-06-08 05:53:09,701 | INFO |   Reward | D: -1791.16 | E: -5.53 | Q: 1489.60 | H: 6.46 | LB: 0.01 | Enq: 0.00 | Pen: -639.40
2026-06-08 05:53:40,146 | INFO | Update  119 | Steps: 121,856 | Episodes:   119 | EpReward:   -19.85 | FPS:     34 | Actor Loss: 0.0017 | Critic Loss: 0.0141
2026-06-08 05:53:40,146 | INFO |   Env | HO: 74.67% | Cont: 96.67% | Task: 82.65% | Resolved: 100.00% | Delay: 2.605s | Energy: 1394.51J | LB: 0.003
2026-06-08 05:53:40,146 | INFO |   Reward | D: -1759.45 | E: -5.24 | Q: 1370.80 | H: 6.95 | LB: 0.02 | Enq: 0.00 | Pen: -626.70
2026-06-08 05:54:03,250 | INFO | Update  120 | Steps: 122,880 | Episodes:   120 | EpReward:   -19.77 | FPS:     44 | Actor Loss: 0.0005 | Critic Loss: 0.0076
2026-06-08 05:54:03,250 | INFO |   Env | HO: 72.66% | Cont: 98.20% | Task: 83.76% | Resolved: 99.99% | Delay: 2.572s | Energy: 1400.05J | LB: 0.002
2026-06-08 05:54:03,250 | INFO |   Reward | D: -1744.46 | E: -5.22 | Q: 1445.60 | H: 5.87 | LB: 0.04 | Enq: 0.00 | Pen: -573.55
2026-06-08 05:54:29,178 | INFO | Update  121 | Steps: 123,904 | Episodes:   121 | EpReward:   -19.63 | FPS:     39 | Actor Loss: 0.0000 | Critic Loss: 0.0067
2026-06-08 05:54:29,178 | INFO |   Env | HO: 66.26% | Cont: 97.14% | Task: 84.20% | Resolved: 99.99% | Delay: 2.581s | Energy: 1388.59J | LB: 0.003
2026-06-08 05:54:29,178 | INFO |   Reward | D: -1747.06 | E: -5.38 | Q: 1515.60 | H: 6.85 | LB: 0.04 | Enq: 0.00 | Pen: -561.97
2026-06-08 05:54:55,515 | INFO | Update  122 | Steps: 124,928 | Episodes:   122 | EpReward:   -19.51 | FPS:     39 | Actor Loss: 0.0005 | Critic Loss: 0.0045
2026-06-08 05:54:55,515 | INFO |   Env | HO: 73.00% | Cont: 98.93% | Task: 84.22% | Resolved: 99.99% | Delay: 2.581s | Energy: 1449.54J | LB: 0.004
2026-06-08 05:54:55,515 | INFO |   Reward | D: -1783.74 | E: -5.27 | Q: 1499.20 | H: 4.60 | LB: -0.00 | Enq: 0.00 | Pen: -630.72
2026-06-08 05:55:23,930 | INFO | Update  123 | Steps: 125,952 | Episodes:   123 | EpReward:   -19.45 | FPS:     36 | Actor Loss: 0.0006 | Critic Loss: 0.0038
2026-06-08 05:55:23,930 | INFO |   Env | HO: 77.57% | Cont: 98.61% | Task: 83.22% | Resolved: 100.00% | Delay: 2.654s | Energy: 1545.73J | LB: 0.006
2026-06-08 05:55:23,930 | INFO |   Reward | D: -1840.27 | E: -5.43 | Q: 1440.00 | H: 5.22 | LB: 0.00 | Enq: 0.00 | Pen: -702.25
2026-06-08 05:55:51,158 | INFO | Update  124 | Steps: 126,976 | Episodes:   124 | EpReward:   -19.39 | FPS:     38 | Actor Loss: 0.0004 | Critic Loss: 0.0042
2026-06-08 05:55:51,158 | INFO |   Env | HO: 80.41% | Cont: 98.12% | Task: 82.26% | Resolved: 100.00% | Delay: 2.638s | Energy: 1482.24J | LB: 0.006
2026-06-08 05:55:51,158 | INFO |   Reward | D: -1813.38 | E: -5.21 | Q: 1343.60 | H: 5.04 | LB: 0.00 | Enq: 0.00 | Pen: -669.23
2026-06-08 05:56:19,466 | INFO | Update  125 | Steps: 128,000 | Episodes:   125 | EpReward:   -19.41 | FPS:     36 | Actor Loss: 0.0004 | Critic Loss: 0.0037
2026-06-08 05:56:19,466 | INFO |   Env | HO: 73.12% | Cont: 98.58% | Task: 82.60% | Resolved: 99.99% | Delay: 2.649s | Energy: 1533.18J | LB: 0.005
2026-06-08 05:56:19,466 | INFO |   Reward | D: -1818.03 | E: -5.46 | Q: 1374.40 | H: 4.33 | LB: 0.00 | Enq: 0.00 | Pen: -720.14
2026-06-08 05:56:41,933 | INFO | Update  126 | Steps: 129,024 | Episodes:   126 | EpReward:   -19.43 | FPS:     46 | Actor Loss: -0.0002 | Critic Loss: 0.0072
2026-06-08 05:56:41,933 | INFO |   Env | HO: 78.22% | Cont: 98.65% | Task: 83.55% | Resolved: 99.99% | Delay: 2.661s | Energy: 1544.29J | LB: 0.004
2026-06-08 05:56:41,933 | INFO |   Reward | D: -1793.30 | E: -5.45 | Q: 1432.80 | H: 5.05 | LB: 0.01 | Enq: 0.00 | Pen: -706.39
2026-06-08 05:57:08,190 | INFO | Update  127 | Steps: 130,048 | Episodes:   127 | EpReward:   -19.40 | FPS:     39 | Actor Loss: -0.0005 | Critic Loss: 0.0081
2026-06-08 05:57:08,190 | INFO |   Env | HO: 92.54% | Cont: 98.50% | Task: 82.35% | Resolved: 100.00% | Delay: 2.700s | Energy: 1548.80J | LB: 0.005
2026-06-08 05:57:08,190 | INFO |   Reward | D: -1780.83 | E: -5.29 | Q: 1327.20 | H: 4.01 | LB: 0.00 | Enq: 0.00 | Pen: -750.85
2026-06-08 05:57:29,578 | INFO | Update  128 | Steps: 131,072 | Episodes:   128 | EpReward:   -19.32 | FPS:     48 | Actor Loss: 0.0005 | Critic Loss: 0.0064
2026-06-08 05:57:29,578 | INFO |   Env | HO: 74.43% | Cont: 97.44% | Task: 84.37% | Resolved: 99.99% | Delay: 2.548s | Energy: 1362.20J | LB: 0.006
2026-06-08 05:57:29,578 | INFO |   Reward | D: -1760.52 | E: -5.33 | Q: 1522.80 | H: 8.18 | LB: 0.02 | Enq: 0.00 | Pen: -515.56
2026-06-08 05:57:50,112 | INFO | Update  129 | Steps: 132,096 | Episodes:   129 | EpReward:   -19.26 | FPS:     50 | Actor Loss: 0.0000 | Critic Loss: 0.0042
2026-06-08 05:57:50,113 | INFO |   Env | HO: 71.52% | Cont: 97.45% | Task: 82.66% | Resolved: 99.94% | Delay: 2.667s | Energy: 1520.75J | LB: 0.006
2026-06-08 05:57:50,113 | INFO |   Reward | D: -1791.22 | E: -5.52 | Q: 1376.00 | H: 7.23 | LB: 0.04 | Enq: 0.00 | Pen: -691.42
2026-06-08 05:58:18,263 | INFO | Update  130 | Steps: 133,120 | Episodes:   130 | EpReward:   -19.35 | FPS:     36 | Actor Loss: 0.0002 | Critic Loss: 0.0048
2026-06-08 05:58:18,263 | INFO |   Env | HO: 79.82% | Cont: 98.37% | Task: 82.05% | Resolved: 99.99% | Delay: 2.734s | Energy: 1681.07J | LB: 0.001
2026-06-08 05:58:18,263 | INFO |   Reward | D: -1859.32 | E: -5.60 | Q: 1340.80 | H: 5.60 | LB: 0.00 | Enq: 0.00 | Pen: -836.35
2026-06-08 05:58:49,473 | INFO | Update  131 | Steps: 134,144 | Episodes:   131 | EpReward:   -19.36 | FPS:     33 | Actor Loss: 0.0003 | Critic Loss: 0.0030
2026-06-08 05:58:49,473 | INFO |   Env | HO: 71.77% | Cont: 98.29% | Task: 82.75% | Resolved: 100.00% | Delay: 2.658s | Energy: 1545.69J | LB: 0.006
2026-06-08 05:58:49,473 | INFO |   Reward | D: -1814.33 | E: -5.44 | Q: 1381.20 | H: 5.57 | LB: 0.01 | Enq: 0.00 | Pen: -702.56
2026-06-08 05:59:18,611 | INFO | Update  132 | Steps: 135,168 | Episodes:   132 | EpReward:   -19.31 | FPS:     35 | Actor Loss: 0.0003 | Critic Loss: 0.0047
2026-06-08 05:59:18,611 | INFO |   Env | HO: 67.19% | Cont: 98.07% | Task: 83.32% | Resolved: 100.00% | Delay: 2.660s | Energy: 1585.49J | LB: 0.003
2026-06-08 05:59:18,611 | INFO |   Reward | D: -1831.17 | E: -5.69 | Q: 1449.20 | H: 5.38 | LB: 0.00 | Enq: 0.00 | Pen: -725.95
2026-06-08 05:59:49,117 | INFO | Update  133 | Steps: 136,192 | Episodes:   133 | EpReward:   -19.32 | FPS:     34 | Actor Loss: 0.0002 | Critic Loss: 0.0033
2026-06-08 05:59:49,118 | INFO |   Env | HO: 75.00% | Cont: 98.24% | Task: 83.09% | Resolved: 100.00% | Delay: 2.692s | Energy: 1587.93J | LB: 0.007
2026-06-08 05:59:49,118 | INFO |   Reward | D: -1804.43 | E: -5.60 | Q: 1402.00 | H: 6.15 | LB: 0.04 | Enq: 0.00 | Pen: -719.79
2026-06-08 06:00:14,073 | INFO | Update  134 | Steps: 137,216 | Episodes:   134 | EpReward:   -19.24 | FPS:     41 | Actor Loss: 0.0000 | Critic Loss: 0.0050
2026-06-08 06:00:14,073 | INFO |   Env | HO: 82.89% | Cont: 99.04% | Task: 83.82% | Resolved: 99.99% | Delay: 2.683s | Energy: 1584.50J | LB: 0.006
2026-06-08 06:00:14,073 | INFO |   Reward | D: -1787.77 | E: -5.50 | Q: 1448.80 | H: 4.06 | LB: 0.00 | Enq: 0.00 | Pen: -721.42
2026-06-08 06:00:36,599 | INFO | Update  135 | Steps: 138,240 | Episodes:   135 | EpReward:   -19.18 | FPS:     45 | Actor Loss: 0.0001 | Critic Loss: 0.0020
2026-06-08 06:00:36,599 | INFO |   Env | HO: 70.75% | Cont: 98.10% | Task: 83.41% | Resolved: 99.90% | Delay: 2.659s | Energy: 1541.77J | LB: 0.003
2026-06-08 06:00:36,599 | INFO |   Reward | D: -1778.31 | E: -5.56 | Q: 1424.80 | H: 4.70 | LB: 0.00 | Enq: 0.00 | Pen: -666.21
2026-06-08 06:01:00,457 | INFO | Update  136 | Steps: 139,264 | Episodes:   136 | EpReward:   -19.16 | FPS:     43 | Actor Loss: -0.0001 | Critic Loss: 0.0022
2026-06-08 06:01:00,457 | INFO |   Env | HO: 78.43% | Cont: 98.28% | Task: 83.12% | Resolved: 99.99% | Delay: 2.675s | Energy: 1546.51J | LB: 0.007
2026-06-08 06:01:00,457 | INFO |   Reward | D: -1766.62 | E: -5.43 | Q: 1384.80 | H: 4.99 | LB: 0.00 | Enq: 0.00 | Pen: -729.12
2026-06-08 06:01:24,175 | INFO | Update  137 | Steps: 140,288 | Episodes:   137 | EpReward:   -19.12 | FPS:     43 | Actor Loss: -0.0000 | Critic Loss: 0.0036
2026-06-08 06:01:24,176 | INFO |   Env | HO: 73.50% | Cont: 98.26% | Task: 83.48% | Resolved: 99.99% | Delay: 2.638s | Energy: 1554.56J | LB: 0.007
2026-06-08 06:01:24,176 | INFO |   Reward | D: -1824.60 | E: -5.65 | Q: 1464.40 | H: 5.37 | LB: 0.01 | Enq: 0.00 | Pen: -681.61
2026-06-08 06:01:44,277 | INFO | Update  138 | Steps: 141,312 | Episodes:   138 | EpReward:   -19.14 | FPS:     51 | Actor Loss: 0.0002 | Critic Loss: 0.0022
2026-06-08 06:01:44,278 | INFO |   Env | HO: 71.55% | Cont: 98.49% | Task: 82.58% | Resolved: 99.96% | Delay: 2.644s | Energy: 1530.26J | LB: 0.003
2026-06-08 06:01:44,278 | INFO |   Reward | D: -1808.48 | E: -5.41 | Q: 1363.60 | H: 5.24 | LB: 0.07 | Enq: 0.00 | Pen: -697.86
2026-06-08 06:02:04,091 | INFO | Update  139 | Steps: 142,336 | Episodes:   139 | EpReward:   -19.22 | FPS:     52 | Actor Loss: -0.0001 | Critic Loss: 0.0036
2026-06-08 06:02:04,091 | INFO |   Env | HO: 67.19% | Cont: 97.78% | Task: 83.02% | Resolved: 99.97% | Delay: 2.685s | Energy: 1618.28J | LB: 0.011
2026-06-08 06:02:04,091 | INFO |   Reward | D: -1810.55 | E: -5.77 | Q: 1425.60 | H: 5.44 | LB: 0.00 | Enq: 0.00 | Pen: -740.32
2026-06-08 06:02:27,898 | INFO | Update  140 | Steps: 143,360 | Episodes:   140 | EpReward:   -19.22 | FPS:     43 | Actor Loss: -0.0001 | Critic Loss: 0.0041
2026-06-08 06:02:27,898 | INFO |   Env | HO: 79.55% | Cont: 98.85% | Task: 82.56% | Resolved: 99.94% | Delay: 2.730s | Energy: 1712.30J | LB: 0.003
2026-06-08 06:02:27,898 | INFO |   Reward | D: -1824.17 | E: -5.85 | Q: 1358.80 | H: 4.40 | LB: 0.06 | Enq: 0.00 | Pen: -833.57
2026-06-08 06:02:48,572 | INFO | Update  141 | Steps: 144,384 | Episodes:   141 | EpReward:   -19.30 | FPS:     50 | Actor Loss: -0.0001 | Critic Loss: 0.0073
2026-06-08 06:02:48,572 | INFO |   Env | HO: 75.51% | Cont: 98.45% | Task: 83.31% | Resolved: 100.00% | Delay: 2.629s | Energy: 1521.59J | LB: 0.006
2026-06-08 06:02:48,572 | INFO |   Reward | D: -1775.21 | E: -5.56 | Q: 1410.40 | H: 4.71 | LB: 0.00 | Enq: 0.00 | Pen: -660.51
2026-06-08 06:03:10,053 | INFO | Update  142 | Steps: 145,408 | Episodes:   142 | EpReward:   -19.27 | FPS:     48 | Actor Loss: -0.0001 | Critic Loss: 0.0056
2026-06-08 06:03:10,053 | INFO |   Env | HO: 74.19% | Cont: 98.14% | Task: 82.32% | Resolved: 99.92% | Delay: 2.706s | Energy: 1625.62J | LB: 0.007
2026-06-08 06:03:10,053 | INFO |   Reward | D: -1817.34 | E: -5.64 | Q: 1346.80 | H: 4.42 | LB: 0.00 | Enq: 0.00 | Pen: -733.82
2026-06-08 06:03:33,878 | INFO | Update  143 | Steps: 146,432 | Episodes:   143 | EpReward:   -19.26 | FPS:     43 | Actor Loss: 0.0002 | Critic Loss: 0.0038
2026-06-08 06:03:33,878 | INFO |   Env | HO: 73.39% | Cont: 98.58% | Task: 83.53% | Resolved: 99.93% | Delay: 2.628s | Energy: 1582.50J | LB: 0.011
2026-06-08 06:03:33,878 | INFO |   Reward | D: -1820.28 | E: -5.72 | Q: 1464.00 | H: 5.03 | LB: 0.00 | Enq: 0.00 | Pen: -706.26
2026-06-08 06:03:49,710 | INFO | Update  144 | Steps: 147,456 | Episodes:   144 | EpReward:   -19.15 | FPS:     65 | Actor Loss: 0.0011 | Critic Loss: 0.0075
2026-06-08 06:03:49,710 | INFO |   Env | HO: 70.24% | Cont: 97.58% | Task: 84.56% | Resolved: 99.99% | Delay: 2.540s | Energy: 1394.06J | LB: 0.019
2026-06-08 06:03:49,710 | INFO |   Reward | D: -1759.37 | E: -5.50 | Q: 1548.40 | H: 7.72 | LB: 0.03 | Enq: 0.00 | Pen: -499.56
2026-06-08 06:04:18,239 | INFO | Update  145 | Steps: 148,480 | Episodes:   145 | EpReward:   -19.16 | FPS:     36 | Actor Loss: -0.0002 | Critic Loss: 0.0024
2026-06-08 06:04:18,240 | INFO |   Env | HO: 73.20% | Cont: 98.14% | Task: 83.22% | Resolved: 99.96% | Delay: 2.638s | Energy: 1556.93J | LB: 0.006
2026-06-08 06:04:18,242 | INFO |   Reward | D: -1797.29 | E: -5.57 | Q: 1425.60 | H: 4.57 | LB: 0.00 | Enq: 0.00 | Pen: -713.86
2026-06-08 06:04:41,956 | INFO | Update  146 | Steps: 149,504 | Episodes:   146 | EpReward:   -19.24 | FPS:     43 | Actor Loss: 0.0005 | Critic Loss: 0.0047
2026-06-08 06:04:41,957 | INFO |   Env | HO: 85.19% | Cont: 98.81% | Task: 83.07% | Resolved: 99.97% | Delay: 2.668s | Energy: 1643.90J | LB: 0.004
2026-06-08 06:04:41,957 | INFO |   Reward | D: -1829.53 | E: -5.72 | Q: 1422.80 | H: 4.42 | LB: 0.03 | Enq: 0.00 | Pen: -763.25
2026-06-08 06:05:12,775 | INFO | Update  147 | Steps: 150,528 | Episodes:   147 | EpReward:   -19.12 | FPS:     33 | Actor Loss: -0.0000 | Critic Loss: 0.0033
2026-06-08 06:05:12,775 | INFO |   Env | HO: 72.27% | Cont: 98.21% | Task: 83.95% | Resolved: 99.96% | Delay: 2.674s | Energy: 1615.34J | LB: 0.005
2026-06-08 06:05:12,775 | INFO |   Reward | D: -1791.98 | E: -5.68 | Q: 1484.80 | H: 5.53 | LB: 0.04 | Enq: 0.00 | Pen: -721.23
2026-06-08 06:05:12,775 | INFO | ----------------------------------------
2026-06-08 06:05:12,775 | INFO | 开始评估...
2026-06-08 06:05:41,081 | INFO | 评估结果: 奖励 = -17.67 ± 3.20, 长度 = 600, 时延 = 2.675s, 能耗 = 2932.12J, 负载均衡 = 0.005
2026-06-08 06:05:41,081 | INFO | 新的最佳奖励: -17.67
2026-06-08 06:05:41,081 | INFO | ----------------------------------------
2026-06-08 06:06:08,417 | INFO | Update  148 | Steps: 151,552 | Episodes:   148 | EpReward:   -19.02 | FPS:     37 | Actor Loss: 0.0006 | Critic Loss: 0.0027
2026-06-08 06:06:08,418 | INFO |   Env | HO: 69.37% | Cont: 96.83% | Task: 83.98% | Resolved: 99.94% | Delay: 2.583s | Energy: 1459.24J | LB: 0.002
2026-06-08 06:06:08,418 | INFO |   Reward | D: -1745.87 | E: -5.58 | Q: 1481.60 | H: 12.92 | LB: 0.01 | Enq: 0.00 | Pen: -589.42
2026-06-08 06:06:38,957 | INFO | Update  149 | Steps: 152,576 | Episodes:   149 | EpReward:   -19.02 | FPS:     34 | Actor Loss: 0.0003 | Critic Loss: 0.0048
2026-06-08 06:06:38,957 | INFO |   Env | HO: 70.98% | Cont: 97.50% | Task: 83.35% | Resolved: 100.00% | Delay: 2.639s | Energy: 1540.94J | LB: 0.001
2026-06-08 06:06:38,957 | INFO |   Reward | D: -1790.73 | E: -5.60 | Q: 1429.20 | H: 13.56 | LB: 0.00 | Enq: 0.00 | Pen: -697.28
2026-06-08 06:07:09,404 | INFO | Update  150 | Steps: 153,600 | Episodes:   150 | EpReward:   -18.85 | FPS:     34 | Actor Loss: 0.0005 | Critic Loss: 0.0019
2026-06-08 06:07:09,405 | INFO |   Env | HO: 73.29% | Cont: 96.04% | Task: 83.89% | Resolved: 99.93% | Delay: 2.542s | Energy: 1379.28J | LB: 0.004
2026-06-08 06:07:09,405 | INFO |   Reward | D: -1720.81 | E: -5.61 | Q: 1485.60 | H: 14.77 | LB: 0.01 | Enq: 0.00 | Pen: -516.54
2026-06-08 06:07:31,144 | INFO | Update  151 | Steps: 154,624 | Episodes:   151 | EpReward:   -18.83 | FPS:     47 | Actor Loss: 0.0000 | Critic Loss: 0.0047
2026-06-08 06:07:31,150 | INFO |   Env | HO: 71.61% | Cont: 97.75% | Task: 81.86% | Resolved: 99.97% | Delay: 2.715s | Energy: 1643.31J | LB: 0.003
2026-06-08 06:07:31,150 | INFO |   Reward | D: -1801.16 | E: -5.66 | Q: 1294.40 | H: 7.00 | LB: 0.03 | Enq: 0.00 | Pen: -805.84
2026-06-08 06:07:54,259 | INFO | Update  152 | Steps: 155,648 | Episodes:   152 | EpReward:   -18.66 | FPS:     44 | Actor Loss: 0.0007 | Critic Loss: 0.0028
2026-06-08 06:07:54,259 | INFO |   Env | HO: 78.85% | Cont: 98.12% | Task: 85.12% | Resolved: 100.00% | Delay: 2.480s | Energy: 1338.16J | LB: 0.004
2026-06-08 06:07:54,259 | INFO |   Reward | D: -1722.25 | E: -5.43 | Q: 1568.00 | H: 8.33 | LB: 0.00 | Enq: 0.00 | Pen: -446.07
2026-06-08 06:08:21,456 | INFO | Update  153 | Steps: 156,672 | Episodes:   153 | EpReward:   -18.67 | FPS:     38 | Actor Loss: 0.0001 | Critic Loss: 0.0041
2026-06-08 06:08:21,456 | INFO |   Env | HO: 84.54% | Cont: 98.59% | Task: 82.95% | Resolved: 99.97% | Delay: 2.691s | Energy: 1661.63J | LB: 0.005
2026-06-08 06:08:21,456 | INFO |   Reward | D: -1852.87 | E: -5.72 | Q: 1419.20 | H: 5.25 | LB: 0.01 | Enq: 0.00 | Pen: -760.37
2026-06-08 06:08:49,306 | INFO | Update  154 | Steps: 157,696 | Episodes:   154 | EpReward:   -18.58 | FPS:     37 | Actor Loss: -0.0001 | Critic Loss: 0.0053
2026-06-08 06:08:49,306 | INFO |   Env | HO: 66.38% | Cont: 97.63% | Task: 82.60% | Resolved: 99.99% | Delay: 2.603s | Energy: 1470.53J | LB: 0.011
2026-06-08 06:08:49,306 | INFO |   Reward | D: -1777.56 | E: -5.43 | Q: 1370.40 | H: 4.84 | LB: 0.03 | Enq: 0.00 | Pen: -666.51
2026-06-08 06:09:20,358 | INFO | Update  155 | Steps: 158,720 | Episodes:   155 | EpReward:   -18.57 | FPS:     33 | Actor Loss: -0.0004 | Critic Loss: 0.0050
2026-06-08 06:09:20,359 | INFO |   Env | HO: 72.32% | Cont: 98.20% | Task: 82.95% | Resolved: 99.96% | Delay: 2.624s | Energy: 1519.99J | LB: 0.004
2026-06-08 06:09:20,359 | INFO |   Reward | D: -1784.44 | E: -5.60 | Q: 1386.40 | H: 5.13 | LB: 0.04 | Enq: 0.00 | Pen: -671.08
2026-06-08 06:09:50,181 | INFO | Update  156 | Steps: 159,744 | Episodes:   156 | EpReward:   -18.69 | FPS:     34 | Actor Loss: -0.0006 | Critic Loss: 0.0040
2026-06-08 06:09:50,182 | INFO |   Env | HO: 85.14% | Cont: 98.86% | Task: 82.50% | Resolved: 99.97% | Delay: 2.717s | Energy: 1704.16J | LB: 0.003
2026-06-08 06:09:50,182 | INFO |   Reward | D: -1852.98 | E: -5.75 | Q: 1382.40 | H: 4.07 | LB: 0.00 | Enq: 0.00 | Pen: -825.70
2026-06-08 06:10:17,395 | INFO | Update  157 | Steps: 160,768 | Episodes:   157 | EpReward:   -18.80 | FPS:     38 | Actor Loss: 0.0002 | Critic Loss: 0.0070
2026-06-08 06:10:17,396 | INFO |   Env | HO: 72.83% | Cont: 98.64% | Task: 82.04% | Resolved: 99.97% | Delay: 2.731s | Energy: 1709.00J | LB: 0.003
2026-06-08 06:10:17,396 | INFO |   Reward | D: -1848.30 | E: -5.67 | Q: 1326.40 | H: 4.18 | LB: 0.03 | Enq: 0.00 | Pen: -854.87
2026-06-08 06:10:46,110 | INFO | Update  158 | Steps: 161,792 | Episodes:   158 | EpReward:   -18.88 | FPS:     36 | Actor Loss: -0.0004 | Critic Loss: 0.0034
2026-06-08 06:10:46,110 | INFO |   Env | HO: 76.84% | Cont: 98.13% | Task: 82.11% | Resolved: 99.96% | Delay: 2.631s | Energy: 1539.94J | LB: 0.005
2026-06-08 06:10:46,110 | INFO |   Reward | D: -1799.93 | E: -5.53 | Q: 1330.40 | H: 4.62 | LB: 0.00 | Enq: 0.00 | Pen: -724.39
2026-06-08 06:11:14,134 | INFO | Update  159 | Steps: 162,816 | Episodes:   159 | EpReward:   -18.85 | FPS:     37 | Actor Loss: 0.0002 | Critic Loss: 0.0102
2026-06-08 06:11:14,134 | INFO |   Env | HO: 76.83% | Cont: 98.15% | Task: 82.28% | Resolved: 99.99% | Delay: 2.691s | Energy: 1586.90J | LB: 0.007
2026-06-08 06:11:14,134 | INFO |   Reward | D: -1785.10 | E: -5.46 | Q: 1328.80 | H: 4.08 | LB: 0.00 | Enq: 0.00 | Pen: -769.39
2026-06-08 06:11:43,179 | INFO | Update  160 | Steps: 163,840 | Episodes:   160 | EpReward:   -18.88 | FPS:     35 | Actor Loss: -0.0002 | Critic Loss: 0.0067
2026-06-08 06:11:43,179 | INFO |   Env | HO: 73.91% | Cont: 98.01% | Task: 83.32% | Resolved: 99.99% | Delay: 2.656s | Energy: 1533.44J | LB: 0.010
2026-06-08 06:11:43,179 | INFO |   Reward | D: -1766.94 | E: -5.43 | Q: 1417.60 | H: 4.27 | LB: 0.00 | Enq: 0.00 | Pen: -697.43
2026-06-08 06:12:13,645 | INFO | Update  161 | Steps: 164,864 | Episodes:   161 | EpReward:   -18.81 | FPS:     34 | Actor Loss: -0.0002 | Critic Loss: 0.0020
2026-06-08 06:12:13,645 | INFO |   Env | HO: 75.31% | Cont: 98.42% | Task: 83.25% | Resolved: 99.99% | Delay: 2.658s | Energy: 1571.82J | LB: 0.004
2026-06-08 06:12:13,645 | INFO |   Reward | D: -1797.27 | E: -5.52 | Q: 1422.80 | H: 3.92 | LB: 0.03 | Enq: 0.00 | Pen: -737.61
2026-06-08 06:12:41,504 | INFO | Update  162 | Steps: 165,888 | Episodes:   162 | EpReward:   -18.79 | FPS:     37 | Actor Loss: -0.0001 | Critic Loss: 0.0050
2026-06-08 06:12:41,504 | INFO |   Env | HO: 78.21% | Cont: 99.07% | Task: 83.02% | Resolved: 99.99% | Delay: 2.708s | Energy: 1649.35J | LB: 0.004
2026-06-08 06:12:41,504 | INFO |   Reward | D: -1819.95 | E: -5.64 | Q: 1392.40 | H: 3.91 | LB: 0.00 | Enq: 0.00 | Pen: -797.56
2026-06-08 06:13:12,370 | INFO | Update  163 | Steps: 166,912 | Episodes:   163 | EpReward:   -18.77 | FPS:     33 | Actor Loss: 0.0000 | Critic Loss: 0.0045
2026-06-08 06:13:12,370 | INFO |   Env | HO: 81.25% | Cont: 98.84% | Task: 83.00% | Resolved: 100.00% | Delay: 2.714s | Energy: 1652.66J | LB: 0.003
2026-06-08 06:13:12,370 | INFO |   Reward | D: -1818.58 | E: -5.69 | Q: 1392.80 | H: 4.14 | LB: 0.00 | Enq: 0.00 | Pen: -788.45
2026-06-08 06:13:43,732 | INFO | Update  164 | Steps: 167,936 | Episodes:   164 | EpReward:   -18.74 | FPS:     33 | Actor Loss: -0.0006 | Critic Loss: 0.0024
2026-06-08 06:13:43,732 | INFO |   Env | HO: 78.75% | Cont: 98.54% | Task: 82.05% | Resolved: 99.99% | Delay: 2.716s | Energy: 1682.53J | LB: 0.004
2026-06-08 06:13:43,732 | INFO |   Reward | D: -1829.09 | E: -5.73 | Q: 1326.00 | H: 3.86 | LB: 0.00 | Enq: 0.00 | Pen: -800.98
2026-06-08 06:14:10,953 | INFO | Update  165 | Steps: 168,960 | Episodes:   165 | EpReward:   -18.72 | FPS:     38 | Actor Loss: -0.0004 | Critic Loss: 0.0029
2026-06-08 06:14:10,954 | INFO |   Env | HO: 76.92% | Cont: 98.42% | Task: 83.14% | Resolved: 99.97% | Delay: 2.635s | Energy: 1582.47J | LB: 0.004
2026-06-08 06:14:10,954 | INFO |   Reward | D: -1811.29 | E: -5.69 | Q: 1420.40 | H: 4.41 | LB: 0.00 | Enq: 0.00 | Pen: -723.59
2026-06-08 06:14:33,639 | INFO | Update  166 | Steps: 169,984 | Episodes:   166 | EpReward:   -18.71 | FPS:     45 | Actor Loss: -0.0002 | Critic Loss: 0.0049
2026-06-08 06:14:33,639 | INFO |   Env | HO: 78.82% | Cont: 98.45% | Task: 82.72% | Resolved: 99.99% | Delay: 2.716s | Energy: 1659.60J | LB: 0.006
2026-06-08 06:14:33,639 | INFO |   Reward | D: -1811.43 | E: -5.68 | Q: 1376.40 | H: 4.24 | LB: 0.02 | Enq: 0.00 | Pen: -803.88
2026-06-08 06:15:02,419 | INFO | Update  167 | Steps: 171,008 | Episodes:   167 | EpReward:   -18.71 | FPS:     36 | Actor Loss: -0.0003 | Critic Loss: 0.0043
2026-06-08 06:15:02,423 | INFO |   Env | HO: 76.62% | Cont: 98.72% | Task: 82.55% | Resolved: 99.94% | Delay: 2.669s | Energy: 1612.61J | LB: 0.007
2026-06-08 06:15:02,423 | INFO |   Reward | D: -1803.32 | E: -5.60 | Q: 1361.20 | H: 3.78 | LB: 0.00 | Enq: 0.00 | Pen: -769.58
2026-06-08 06:15:29,444 | INFO | Update  168 | Steps: 172,032 | Episodes:   168 | EpReward:   -18.78 | FPS:     38 | Actor Loss: 0.0000 | Critic Loss: 0.0059
2026-06-08 06:15:29,444 | INFO |   Env | HO: 85.53% | Cont: 98.51% | Task: 83.07% | Resolved: 99.99% | Delay: 2.638s | Energy: 1577.24J | LB: 0.007
2026-06-08 06:15:29,444 | INFO |   Reward | D: -1800.55 | E: -5.64 | Q: 1410.00 | H: 4.17 | LB: 0.00 | Enq: 0.00 | Pen: -710.46
2026-06-08 06:15:54,531 | INFO | Update  169 | Steps: 173,056 | Episodes:   169 | EpReward:   -18.75 | FPS:     41 | Actor Loss: 0.0002 | Critic Loss: 0.0037
2026-06-08 06:15:54,531 | INFO |   Env | HO: 71.67% | Cont: 97.96% | Task: 83.39% | Resolved: 99.99% | Delay: 2.617s | Energy: 1495.37J | LB: 0.004
2026-06-08 06:15:54,531 | INFO |   Reward | D: -1761.35 | E: -5.55 | Q: 1422.40 | H: 5.42 | LB: 0.00 | Enq: 0.00 | Pen: -634.26
2026-06-08 06:16:20,593 | INFO | Update  170 | Steps: 174,080 | Episodes:   170 | EpReward:   -18.66 | FPS:     39 | Actor Loss: 0.0004 | Critic Loss: 0.0040
2026-06-08 06:16:20,593 | INFO |   Env | HO: 74.07% | Cont: 98.60% | Task: 83.03% | Resolved: 99.97% | Delay: 2.673s | Energy: 1629.19J | LB: 0.005
2026-06-08 06:16:20,593 | INFO |   Reward | D: -1816.31 | E: -5.72 | Q: 1416.00 | H: 3.81 | LB: 0.01 | Enq: 0.00 | Pen: -772.58
2026-06-08 06:16:51,528 | INFO | Update  171 | Steps: 175,104 | Episodes:   171 | EpReward:   -18.59 | FPS:     33 | Actor Loss: 0.0004 | Critic Loss: 0.0027
2026-06-08 06:16:51,529 | INFO |   Env | HO: 66.39% | Cont: 97.99% | Task: 83.17% | Resolved: 99.97% | Delay: 2.663s | Energy: 1604.24J | LB: 0.008
2026-06-08 06:16:51,529 | INFO |   Reward | D: -1808.69 | E: -5.74 | Q: 1425.20 | H: 5.14 | LB: 0.00 | Enq: 0.00 | Pen: -739.12
2026-06-08 06:17:14,188 | INFO | Update  172 | Steps: 176,128 | Episodes:   172 | EpReward:   -18.62 | FPS:     45 | Actor Loss: -0.0004 | Critic Loss: 0.0039
2026-06-08 06:17:14,189 | INFO |   Env | HO: 70.93% | Cont: 98.87% | Task: 82.38% | Resolved: 99.96% | Delay: 2.673s | Energy: 1613.67J | LB: 0.002
2026-06-08 06:17:14,189 | INFO |   Reward | D: -1825.56 | E: -5.60 | Q: 1345.60 | H: 3.92 | LB: 0.00 | Enq: 0.00 | Pen: -792.21
2026-06-08 06:17:34,901 | INFO | Update  173 | Steps: 177,152 | Episodes:   173 | EpReward:   -18.61 | FPS:     49 | Actor Loss: -0.0007 | Critic Loss: 0.0052
2026-06-08 06:17:34,901 | INFO |   Env | HO: 70.18% | Cont: 98.22% | Task: 82.43% | Resolved: 99.96% | Delay: 2.688s | Energy: 1637.15J | LB: 0.006
2026-06-08 06:17:34,901 | INFO |   Reward | D: -1816.26 | E: -5.73 | Q: 1354.80 | H: 5.04 | LB: 0.03 | Enq: 0.00 | Pen: -744.53
2026-06-08 06:18:05,188 | INFO | Update  174 | Steps: 178,176 | Episodes:   174 | EpReward:   -18.62 | FPS:     34 | Actor Loss: -0.0000 | Critic Loss: 0.0031
2026-06-08 06:18:05,188 | INFO |   Env | HO: 66.67% | Cont: 98.02% | Task: 83.20% | Resolved: 100.00% | Delay: 2.686s | Energy: 1638.84J | LB: 0.003
2026-06-08 06:18:05,188 | INFO |   Reward | D: -1809.53 | E: -5.78 | Q: 1425.60 | H: 4.20 | LB: 0.00 | Enq: 0.00 | Pen: -765.05
2026-06-08 06:18:34,751 | INFO | Update  175 | Steps: 179,200 | Episodes:   175 | EpReward:   -18.58 | FPS:     35 | Actor Loss: -0.0001 | Critic Loss: 0.0023
2026-06-08 06:18:34,751 | INFO |   Env | HO: 72.53% | Cont: 98.36% | Task: 83.38% | Resolved: 100.00% | Delay: 2.628s | Energy: 1546.80J | LB: 0.010
2026-06-08 06:18:34,751 | INFO |   Reward | D: -1775.09 | E: -5.59 | Q: 1424.40 | H: 4.10 | LB: 0.04 | Enq: 0.00 | Pen: -687.48
2026-06-08 06:18:56,122 | INFO | Update  176 | Steps: 180,224 | Episodes:   176 | EpReward:   -18.56 | FPS:     48 | Actor Loss: 0.0001 | Critic Loss: 0.0038
2026-06-08 06:18:56,122 | INFO |   Env | HO: 73.17% | Cont: 98.52% | Task: 82.25% | Resolved: 99.99% | Delay: 2.776s | Energy: 1750.50J | LB: 0.004
2026-06-08 06:18:56,122 | INFO |   Reward | D: -1832.90 | E: -5.79 | Q: 1342.80 | H: 3.75 | LB: 0.01 | Enq: 0.00 | Pen: -863.32
2026-06-08 06:19:18,969 | INFO | Update  177 | Steps: 181,248 | Episodes:   177 | EpReward:   -18.55 | FPS:     45 | Actor Loss: -0.0000 | Critic Loss: 0.0017
2026-06-08 06:19:18,970 | INFO |   Env | HO: 73.40% | Cont: 98.79% | Task: 83.63% | Resolved: 100.00% | Delay: 2.634s | Energy: 1572.76J | LB: 0.004
2026-06-08 06:19:18,970 | INFO |   Reward | D: -1813.80 | E: -5.67 | Q: 1462.80 | H: 4.35 | LB: 0.00 | Enq: 0.00 | Pen: -703.88
2026-06-08 06:19:44,115 | INFO | Update  178 | Steps: 182,272 | Episodes:   178 | EpReward:   -18.59 | FPS:     41 | Actor Loss: -0.0001 | Critic Loss: 0.0042
2026-06-08 06:19:44,115 | INFO |   Env | HO: 81.48% | Cont: 98.65% | Task: 83.02% | Resolved: 99.96% | Delay: 2.685s | Energy: 1652.07J | LB: 0.005
2026-06-08 06:19:44,115 | INFO |   Reward | D: -1829.34 | E: -5.72 | Q: 1410.80 | H: 4.16 | LB: 0.00 | Enq: 0.00 | Pen: -765.27
2026-06-08 06:20:04,066 | INFO | Update  179 | Steps: 183,296 | Episodes:   179 | EpReward:   -18.49 | FPS:     51 | Actor Loss: 0.0013 | Critic Loss: 0.0137
2026-06-08 06:20:04,066 | INFO |   Env | HO: 69.18% | Cont: 96.83% | Task: 84.00% | Resolved: 100.00% | Delay: 2.523s | Energy: 1317.82J | LB: 0.004
2026-06-08 06:20:04,066 | INFO |   Reward | D: -1709.21 | E: -5.31 | Q: 1470.80 | H: 6.85 | LB: 0.02 | Enq: 0.00 | Pen: -477.25
2026-06-08 06:20:23,440 | INFO | Update  180 | Steps: 184,320 | Episodes:   180 | EpReward:   -18.47 | FPS:     53 | Actor Loss: -0.0002 | Critic Loss: 0.0086
2026-06-08 06:20:23,440 | INFO |   Env | HO: 73.91% | Cont: 98.36% | Task: 83.38% | Resolved: 99.97% | Delay: 2.677s | Energy: 1640.13J | LB: 0.005
2026-06-08 06:20:23,440 | INFO |   Reward | D: -1822.81 | E: -5.77 | Q: 1444.00 | H: 4.38 | LB: 0.00 | Enq: 0.00 | Pen: -773.48
2026-06-08 06:20:43,284 | INFO | Update  181 | Steps: 185,344 | Episodes:   181 | EpReward:   -18.43 | FPS:     52 | Actor Loss: -0.0004 | Critic Loss: 0.0040
2026-06-08 06:20:43,284 | INFO |   Env | HO: 79.75% | Cont: 98.51% | Task: 82.81% | Resolved: 100.00% | Delay: 2.662s | Energy: 1604.41J | LB: 0.005
2026-06-08 06:20:43,284 | INFO |   Reward | D: -1817.63 | E: -5.61 | Q: 1400.40 | H: 4.02 | LB: 0.03 | Enq: 0.00 | Pen: -745.39
2026-06-08 06:21:03,902 | INFO | Update  182 | Steps: 186,368 | Episodes:   182 | EpReward:   -18.47 | FPS:     50 | Actor Loss: -0.0001 | Critic Loss: 0.0053
2026-06-08 06:21:03,902 | INFO |   Env | HO: 73.28% | Cont: 97.45% | Task: 81.79% | Resolved: 99.97% | Delay: 2.731s | Energy: 1721.62J | LB: 0.004
2026-06-08 06:21:03,902 | INFO |   Reward | D: -1848.70 | E: -5.83 | Q: 1328.40 | H: 5.34 | LB: 0.01 | Enq: 0.00 | Pen: -862.09
2026-06-08 06:21:33,990 | INFO | Update  183 | Steps: 187,392 | Episodes:   183 | EpReward:   -18.44 | FPS:     34 | Actor Loss: -0.0003 | Critic Loss: 0.0021
2026-06-08 06:21:33,990 | INFO |   Env | HO: 68.70% | Cont: 98.15% | Task: 81.75% | Resolved: 99.97% | Delay: 2.682s | Energy: 1587.03J | LB: 0.005
2026-06-08 06:21:33,990 | INFO |   Reward | D: -1791.46 | E: -5.49 | Q: 1274.80 | H: 4.91 | LB: 0.07 | Enq: 0.00 | Pen: -734.87
2026-06-08 06:22:05,304 | INFO | Update  184 | Steps: 188,416 | Episodes:   184 | EpReward:   -18.40 | FPS:     33 | Actor Loss: -0.0007 | Critic Loss: 0.0064
2026-06-08 06:22:05,304 | INFO |   Env | HO: 70.43% | Cont: 97.55% | Task: 82.03% | Resolved: 99.97% | Delay: 2.688s | Energy: 1598.61J | LB: 0.005
2026-06-08 06:22:05,304 | INFO |   Reward | D: -1798.89 | E: -5.59 | Q: 1318.80 | H: 5.02 | LB: 0.00 | Enq: 0.00 | Pen: -771.84
2026-06-08 06:22:29,789 | INFO | Update  185 | Steps: 189,440 | Episodes:   185 | EpReward:   -18.37 | FPS:     42 | Actor Loss: -0.0003 | Critic Loss: 0.0030
2026-06-08 06:22:29,793 | INFO |   Env | HO: 79.78% | Cont: 98.50% | Task: 83.02% | Resolved: 99.99% | Delay: 2.678s | Energy: 1636.20J | LB: 0.005
2026-06-08 06:22:29,794 | INFO |   Reward | D: -1815.18 | E: -5.72 | Q: 1407.20 | H: 4.50 | LB: 0.00 | Enq: 0.00 | Pen: -763.66
2026-06-08 06:22:58,841 | INFO | Update  186 | Steps: 190,464 | Episodes:   186 | EpReward:   -18.36 | FPS:     35 | Actor Loss: -0.0003 | Critic Loss: 0.0057
2026-06-08 06:22:58,841 | INFO |   Env | HO: 65.52% | Cont: 98.36% | Task: 82.32% | Resolved: 99.99% | Delay: 2.701s | Energy: 1679.20J | LB: 0.000
2026-06-08 06:22:58,841 | INFO |   Reward | D: -1849.79 | E: -5.72 | Q: 1360.80 | H: 4.82 | LB: 0.01 | Enq: 0.00 | Pen: -835.85
2026-06-08 06:23:19,106 | INFO | Update  187 | Steps: 191,488 | Episodes:   187 | EpReward:   -18.27 | FPS:     51 | Actor Loss: -0.0006 | Critic Loss: 0.0045
2026-06-08 06:23:19,107 | INFO |   Env | HO: 76.00% | Cont: 98.33% | Task: 83.22% | Resolved: 99.97% | Delay: 2.642s | Energy: 1555.98J | LB: 0.008
2026-06-08 06:23:19,107 | INFO |   Reward | D: -1800.95 | E: -5.59 | Q: 1417.60 | H: 4.81 | LB: 0.01 | Enq: 0.00 | Pen: -695.98
2026-06-08 06:23:48,292 | INFO | Update  188 | Steps: 192,512 | Episodes:   188 | EpReward:   -18.32 | FPS:     35 | Actor Loss: 0.0002 | Critic Loss: 0.0050
2026-06-08 06:23:48,292 | INFO |   Env | HO: 76.15% | Cont: 98.65% | Task: 82.87% | Resolved: 99.99% | Delay: 2.660s | Energy: 1593.24J | LB: 0.004
2026-06-08 06:23:48,297 | INFO |   Reward | D: -1808.50 | E: -5.66 | Q: 1382.40 | H: 5.29 | LB: 0.00 | Enq: 0.00 | Pen: -728.52
2026-06-08 06:24:15,910 | INFO | Update  189 | Steps: 193,536 | Episodes:   189 | EpReward:   -18.32 | FPS:     37 | Actor Loss: 0.0003 | Critic Loss: 0.0033
2026-06-08 06:24:15,910 | INFO |   Env | HO: 78.79% | Cont: 98.41% | Task: 83.56% | Resolved: 99.99% | Delay: 2.635s | Energy: 1556.72J | LB: 0.006
2026-06-08 06:24:15,910 | INFO |   Reward | D: -1802.99 | E: -5.65 | Q: 1460.80 | H: 4.95 | LB: 0.00 | Enq: 0.00 | Pen: -672.98
2026-06-08 06:24:37,339 | INFO | Update  190 | Steps: 194,560 | Episodes:   190 | EpReward:   -18.26 | FPS:     48 | Actor Loss: -0.0000 | Critic Loss: 0.0022
2026-06-08 06:24:37,339 | INFO |   Env | HO: 74.77% | Cont: 98.44% | Task: 83.62% | Resolved: 100.00% | Delay: 2.632s | Energy: 1539.35J | LB: 0.006
2026-06-08 06:24:37,340 | INFO |   Reward | D: -1758.05 | E: -5.60 | Q: 1435.60 | H: 5.31 | LB: 0.03 | Enq: 0.00 | Pen: -691.83
2026-06-08 06:25:06,202 | INFO | Update  191 | Steps: 195,584 | Episodes:   191 | EpReward:   -18.30 | FPS:     35 | Actor Loss: 0.0003 | Critic Loss: 0.0038
2026-06-08 06:25:06,202 | INFO |   Env | HO: 76.92% | Cont: 98.51% | Task: 83.02% | Resolved: 99.97% | Delay: 2.720s | Energy: 1660.61J | LB: 0.004
2026-06-08 06:25:06,202 | INFO |   Reward | D: -1804.60 | E: -5.64 | Q: 1393.20 | H: 4.41 | LB: 0.03 | Enq: 0.00 | Pen: -824.89
2026-06-08 06:25:37,564 | INFO | Update  192 | Steps: 196,608 | Episodes:   192 | EpReward:   -18.19 | FPS:     33 | Actor Loss: 0.0001 | Critic Loss: 0.0017
2026-06-08 06:25:37,565 | INFO |   Env | HO: 75.00% | Cont: 98.09% | Task: 83.81% | Resolved: 99.99% | Delay: 2.595s | Energy: 1519.19J | LB: 0.009
2026-06-08 06:25:37,565 | INFO |   Reward | D: -1767.85 | E: -5.65 | Q: 1469.60 | H: 4.32 | LB: 0.06 | Enq: 0.00 | Pen: -650.14
2026-06-08 06:26:02,671 | INFO | Update  193 | Steps: 197,632 | Episodes:   193 | EpReward:   -18.16 | FPS:     41 | Actor Loss: -0.0001 | Critic Loss: 0.0016
2026-06-08 06:26:02,675 | INFO |   Env | HO: 78.87% | Cont: 98.83% | Task: 82.93% | Resolved: 99.92% | Delay: 2.664s | Energy: 1691.60J | LB: 0.002
2026-06-08 06:26:02,675 | INFO |   Reward | D: -1832.88 | E: -5.87 | Q: 1419.60 | H: 3.51 | LB: 0.00 | Enq: 0.00 | Pen: -806.50
2026-06-08 06:26:29,404 | INFO | Update  194 | Steps: 198,656 | Episodes:   194 | EpReward:   -18.24 | FPS:     38 | Actor Loss: -0.0009 | Critic Loss: 0.0063
2026-06-08 06:26:29,404 | INFO |   Env | HO: 78.31% | Cont: 98.63% | Task: 82.12% | Resolved: 99.97% | Delay: 2.719s | Energy: 1698.03J | LB: 0.006
2026-06-08 06:26:29,404 | INFO |   Reward | D: -1855.23 | E: -5.72 | Q: 1342.40 | H: 4.12 | LB: 0.03 | Enq: 0.00 | Pen: -821.93
2026-06-08 06:26:56,047 | INFO | Update  195 | Steps: 199,680 | Episodes:   195 | EpReward:   -18.27 | FPS:     38 | Actor Loss: -0.0003 | Critic Loss: 0.0018
2026-06-08 06:26:56,047 | INFO |   Env | HO: 79.27% | Cont: 98.86% | Task: 82.88% | Resolved: 99.94% | Delay: 2.647s | Energy: 1630.01J | LB: 0.005
2026-06-08 06:26:56,047 | INFO |   Reward | D: -1839.22 | E: -5.71 | Q: 1410.80 | H: 4.14 | LB: 0.01 | Enq: 0.00 | Pen: -737.38
2026-06-08 06:27:20,321 | INFO | Update  196 | Steps: 200,704 | Episodes:   196 | EpReward:   -18.17 | FPS:     42 | Actor Loss: 0.0003 | Critic Loss: 0.0011
2026-06-08 06:27:20,321 | INFO |   Env | HO: 73.27% | Cont: 98.78% | Task: 83.31% | Resolved: 99.99% | Delay: 2.689s | Energy: 1685.76J | LB: 0.006
2026-06-08 06:27:20,328 | INFO |   Reward | D: -1820.71 | E: -5.82 | Q: 1430.80 | H: 4.71 | LB: 0.00 | Enq: 0.00 | Pen: -776.53
2026-06-08 06:27:20,328 | INFO | ----------------------------------------
2026-06-08 06:27:20,328 | INFO | 开始评估...
2026-06-08 06:27:46,653 | INFO | 评估结果: 奖励 = -17.44 ± 1.99, 长度 = 600, 时延 = 2.636s, 能耗 = 2884.51J, 负载均衡 = 0.004
2026-06-08 06:27:46,653 | INFO | 新的最佳模型 (average delay): score = -2.6362, delay = 2.636s, completion = 82.89%, continuity = 98.28%, load_balance = 0.004
2026-06-08 06:27:46,667 | INFO | 模型已保存: /home/pjpjq/LEO_switch/results/baseline_compare/multiuser_scaling_multiuser_6_7/u20/learned_baselines/mappo_no_han/best_model.pt
2026-06-08 06:27:46,669 | INFO | 新的最佳奖励: -17.44
2026-06-08 06:27:46,669 | INFO | ----------------------------------------
2026-06-08 06:27:46,688 | INFO | 模型已保存: /home/pjpjq/LEO_switch/results/baseline_compare/multiuser_scaling_multiuser_6_7/u20/learned_baselines/mappo_no_han/checkpoint_200704.pt
2026-06-08 06:28:08,620 | INFO | Update  197 | Steps: 201,728 | Episodes:   197 | EpReward:   -18.13 | FPS:     47 | Actor Loss: -0.0003 | Critic Loss: 0.0080
2026-06-08 06:28:08,620 | INFO |   Env | HO: 79.12% | Cont: 98.50% | Task: 83.45% | Resolved: 100.00% | Delay: 2.680s | Energy: 1699.26J | LB: 0.006
2026-06-08 06:28:08,620 | INFO |   Reward | D: -1803.16 | E: -6.01 | Q: 1447.20 | H: 4.67 | LB: 0.00 | Enq: 0.00 | Pen: -768.87
2026-06-08 06:28:33,800 | INFO | Update  198 | Steps: 202,752 | Episodes:   198 | EpReward:   -18.20 | FPS:     41 | Actor Loss: -0.0002 | Critic Loss: 0.0056
2026-06-08 06:28:33,800 | INFO |   Env | HO: 72.32% | Cont: 98.37% | Task: 83.27% | Resolved: 99.93% | Delay: 2.654s | Energy: 1647.79J | LB: 0.004
2026-06-08 06:28:33,800 | INFO |   Reward | D: -1798.99 | E: -5.92 | Q: 1424.40 | H: 5.23 | LB: 0.00 | Enq: 0.00 | Pen: -723.34
2026-06-08 06:28:56,257 | INFO | Update  199 | Steps: 203,776 | Episodes:   199 | EpReward:   -18.08 | FPS:     46 | Actor Loss: -0.0005 | Critic Loss: 0.0052
2026-06-08 06:28:56,257 | INFO |   Env | HO: 72.04% | Cont: 98.52% | Task: 82.76% | Resolved: 99.99% | Delay: 2.657s | Energy: 1660.72J | LB: 0.000
2026-06-08 06:28:56,257 | INFO |   Reward | D: -1813.32 | E: -5.93 | Q: 1387.20 | H: 4.24 | LB: 0.01 | Enq: 0.00 | Pen: -731.79
2026-06-08 06:29:24,775 | INFO | Update  200 | Steps: 204,800 | Episodes:   200 | EpReward:   -18.08 | FPS:     36 | Actor Loss: 0.0001 | Critic Loss: 0.0054
2026-06-08 06:29:24,776 | INFO |   Env | HO: 80.00% | Cont: 98.61% | Task: 83.09% | Resolved: 99.99% | Delay: 2.657s | Energy: 1649.33J | LB: 0.002
2026-06-08 06:29:24,776 | INFO |   Reward | D: -1801.42 | E: -5.97 | Q: 1405.20 | H: 5.13 | LB: 0.01 | Enq: 0.00 | Pen: -682.50
2026-06-08 06:29:52,202 | INFO | Update  201 | Steps: 205,824 | Episodes:   201 | EpReward:   -18.11 | FPS:     37 | Actor Loss: 0.0000 | Critic Loss: 0.0043
2026-06-08 06:29:52,203 | INFO |   Env | HO: 68.90% | Cont: 97.62% | Task: 83.25% | Resolved: 99.97% | Delay: 2.705s | Energy: 1720.76J | LB: 0.005
2026-06-08 06:29:52,203 | INFO |   Reward | D: -1807.33 | E: -6.18 | Q: 1436.00 | H: 9.76 | LB: 0.00 | Enq: 0.00 | Pen: -744.85
2026-06-08 06:30:15,899 | INFO | Update  202 | Steps: 206,848 | Episodes:   202 | EpReward:   -18.18 | FPS:     43 | Actor Loss: 0.0000 | Critic Loss: 0.0020
2026-06-08 06:30:15,900 | INFO |   Env | HO: 72.14% | Cont: 97.81% | Task: 82.84% | Resolved: 99.93% | Delay: 2.691s | Energy: 1672.01J | LB: 0.004
2026-06-08 06:30:15,900 | INFO |   Reward | D: -1795.48 | E: -5.94 | Q: 1385.20 | H: 6.38 | LB: 0.00 | Enq: 0.00 | Pen: -732.19
2026-06-08 06:30:45,003 | INFO | Update  203 | Steps: 207,872 | Episodes:   203 | EpReward:   -18.22 | FPS:     35 | Actor Loss: -0.0000 | Critic Loss: 0.0055
2026-06-08 06:30:45,004 | INFO |   Env | HO: 73.98% | Cont: 98.09% | Task: 83.58% | Resolved: 100.00% | Delay: 2.664s | Energy: 1687.31J | LB: 0.007
2026-06-08 06:30:45,004 | INFO |   Reward | D: -1787.37 | E: -6.25 | Q: 1455.60 | H: 5.89 | LB: 0.00 | Enq: 0.00 | Pen: -707.73
2026-06-08 06:31:08,470 | INFO | Update  204 | Steps: 208,896 | Episodes:   204 | EpReward:   -18.12 | FPS:     44 | Actor Loss: -0.0003 | Critic Loss: 0.0058
2026-06-08 06:31:08,471 | INFO |   Env | HO: 72.64% | Cont: 98.49% | Task: 83.67% | Resolved: 99.97% | Delay: 2.700s | Energy: 1721.53J | LB: 0.001
2026-06-08 06:31:08,471 | INFO |   Reward | D: -1795.56 | E: -6.05 | Q: 1446.40 | H: 4.92 | LB: 0.00 | Enq: 0.00 | Pen: -754.23
2026-06-08 06:31:32,366 | INFO | Update  205 | Steps: 209,920 | Episodes:   205 | EpReward:   -18.10 | FPS:     43 | Actor Loss: -0.0003 | Critic Loss: 0.0059
2026-06-08 06:31:32,366 | INFO |   Env | HO: 70.08% | Cont: 98.04% | Task: 82.82% | Resolved: 99.96% | Delay: 2.632s | Energy: 1623.00J | LB: 0.004
2026-06-08 06:31:32,366 | INFO |   Reward | D: -1780.29 | E: -5.94 | Q: 1386.40 | H: 5.77 | LB: 0.01 | Enq: 0.00 | Pen: -690.24
2026-06-08 06:31:56,863 | INFO | Update  206 | Steps: 210,944 | Episodes:   206 | EpReward:   -18.12 | FPS:     42 | Actor Loss: 0.0001 | Critic Loss: 0.0045
2026-06-08 06:31:56,863 | INFO |   Env | HO: 86.25% | Cont: 98.76% | Task: 83.48% | Resolved: 99.99% | Delay: 2.669s | Energy: 1727.72J | LB: 0.004
2026-06-08 06:31:56,863 | INFO |   Reward | D: -1832.49 | E: -6.26 | Q: 1467.60 | H: 4.47 | LB: 0.00 | Enq: 0.00 | Pen: -790.48
2026-06-08 06:32:17,748 | INFO | Update  207 | Steps: 211,968 | Episodes:   207 | EpReward:   -18.14 | FPS:     49 | Actor Loss: -0.0001 | Critic Loss: 0.0038
2026-06-08 06:32:17,748 | INFO |   Env | HO: 80.00% | Cont: 97.94% | Task: 83.16% | Resolved: 99.97% | Delay: 2.630s | Energy: 1610.17J | LB: 0.008
2026-06-08 06:32:17,748 | INFO |   Reward | D: -1766.96 | E: -6.01 | Q: 1416.40 | H: 4.65 | LB: 0.00 | Enq: 0.00 | Pen: -668.68
2026-06-08 06:32:42,520 | INFO | Update  208 | Steps: 212,992 | Episodes:   208 | EpReward:   -18.23 | FPS:     41 | Actor Loss: 0.0001 | Critic Loss: 0.0044
2026-06-08 06:32:42,520 | INFO |   Env | HO: 72.04% | Cont: 98.21% | Task: 82.03% | Resolved: 99.93% | Delay: 2.729s | Energy: 1737.16J | LB: 0.004
2026-06-08 06:32:42,520 | INFO |   Reward | D: -1828.51 | E: -5.92 | Q: 1316.00 | H: 4.28 | LB: 0.03 | Enq: 0.00 | Pen: -817.85
2026-06-08 06:33:12,600 | INFO | Update  209 | Steps: 214,016 | Episodes:   209 | EpReward:   -18.22 | FPS:     34 | Actor Loss: -0.0002 | Critic Loss: 0.0044
2026-06-08 06:33:12,600 | INFO |   Env | HO: 73.68% | Cont: 98.76% | Task: 82.48% | Resolved: 99.97% | Delay: 2.684s | Energy: 1676.76J | LB: 0.001
2026-06-08 06:33:12,600 | INFO |   Reward | D: -1801.69 | E: -5.84 | Q: 1340.00 | H: 4.42 | LB: 0.03 | Enq: 0.00 | Pen: -759.77
2026-06-08 06:33:39,478 | INFO | Update  210 | Steps: 215,040 | Episodes:   210 | EpReward:   -18.33 | FPS:     38 | Actor Loss: 0.0004 | Critic Loss: 0.0047
2026-06-08 06:33:39,478 | INFO |   Env | HO: 85.54% | Cont: 98.55% | Task: 81.65% | Resolved: 99.95% | Delay: 2.735s | Energy: 1789.47J | LB: 0.003
2026-06-08 06:33:39,478 | INFO |   Reward | D: -1866.53 | E: -6.02 | Q: 1308.40 | H: 4.45 | LB: 0.00 | Enq: 0.00 | Pen: -856.80
2026-06-08 06:34:00,828 | INFO | Update  211 | Steps: 216,064 | Episodes:   211 | EpReward:   -18.25 | FPS:     48 | Actor Loss: 0.0004 | Critic Loss: 0.0030
2026-06-08 06:34:00,829 | INFO |   Env | HO: 75.00% | Cont: 98.02% | Task: 83.36% | Resolved: 99.97% | Delay: 2.690s | Energy: 1685.56J | LB: 0.001
2026-06-08 06:34:00,829 | INFO |   Reward | D: -1790.12 | E: -6.01 | Q: 1432.00 | H: 4.98 | LB: 0.00 | Enq: 0.00 | Pen: -758.39
2026-06-08 06:34:28,694 | INFO | Update  212 | Steps: 217,088 | Episodes:   212 | EpReward:   -18.39 | FPS:     37 | Actor Loss: 0.0001 | Critic Loss: 0.0014
2026-06-08 06:34:28,694 | INFO |   Env | HO: 67.24% | Cont: 97.86% | Task: 82.64% | Resolved: 99.97% | Delay: 2.692s | Energy: 1673.26J | LB: 0.003
2026-06-08 06:34:28,694 | INFO |   Reward | D: -1806.60 | E: -5.91 | Q: 1374.00 | H: 4.87 | LB: 0.00 | Enq: 0.00 | Pen: -754.91
2026-06-08 06:34:58,662 | INFO | Update  213 | Steps: 218,112 | Episodes:   213 | EpReward:   -18.34 | FPS:     34 | Actor Loss: -0.0004 | Critic Loss: 0.0017
2026-06-08 06:34:58,663 | INFO |   Env | HO: 80.56% | Cont: 99.07% | Task: 83.29% | Resolved: 100.00% | Delay: 2.669s | Energy: 1714.19J | LB: 0.000
2026-06-08 06:34:58,663 | INFO |   Reward | D: -1824.68 | E: -6.12 | Q: 1428.40 | H: 3.66 | LB: 0.00 | Enq: 0.00 | Pen: -767.90
2026-06-08 06:35:26,004 | INFO | Update  214 | Steps: 219,136 | Episodes:   214 | EpReward:   -18.29 | FPS:     37 | Actor Loss: -0.0002 | Critic Loss: 0.0025
2026-06-08 06:35:26,004 | INFO |   Env | HO: 85.06% | Cont: 98.21% | Task: 82.99% | Resolved: 99.99% | Delay: 2.665s | Energy: 1680.69J | LB: 0.005
2026-06-08 06:35:26,004 | INFO |   Reward | D: -1805.00 | E: -6.10 | Q: 1403.20 | H: 4.55 | LB: 0.03 | Enq: 0.00 | Pen: -730.13
2026-06-08 06:35:57,330 | INFO | Update  215 | Steps: 220,160 | Episodes:   215 | EpReward:   -18.32 | FPS:     33 | Actor Loss: -0.0000 | Critic Loss: 0.0019
2026-06-08 06:35:57,330 | INFO |   Env | HO: 77.01% | Cont: 98.49% | Task: 81.95% | Resolved: 99.87% | Delay: 2.690s | Energy: 1728.41J | LB: 0.004
2026-06-08 06:35:57,330 | INFO |   Reward | D: -1825.61 | E: -6.04 | Q: 1307.60 | H: 4.21 | LB: 0.00 | Enq: 0.00 | Pen: -788.00
2026-06-08 06:36:25,306 | INFO | Update  216 | Steps: 221,184 | Episodes:   216 | EpReward:   -18.33 | FPS:     37 | Actor Loss: 0.0005 | Critic Loss: 0.0028
2026-06-08 06:36:25,307 | INFO |   Env | HO: 80.68% | Cont: 98.80% | Task: 84.10% | Resolved: 99.99% | Delay: 2.642s | Energy: 1715.16J | LB: 0.002
2026-06-08 06:36:25,307 | INFO |   Reward | D: -1834.50 | E: -6.25 | Q: 1528.80 | H: 4.48 | LB: 0.00 | Enq: 0.00 | Pen: -722.73
2026-06-08 06:36:46,333 | INFO | Update  217 | Steps: 222,208 | Episodes:   217 | EpReward:   -18.38 | FPS:     49 | Actor Loss: -0.0000 | Critic Loss: 0.0049
2026-06-08 06:36:46,333 | INFO |   Env | HO: 76.74% | Cont: 98.80% | Task: 82.90% | Resolved: 100.00% | Delay: 2.734s | Energy: 1843.28J | LB: 0.005
2026-06-08 06:36:46,333 | INFO |   Reward | D: -1851.28 | E: -6.32 | Q: 1414.80 | H: 4.16 | LB: 0.00 | Enq: 0.00 | Pen: -835.71
2026-06-08 06:37:06,528 | INFO | Update  218 | Steps: 223,232 | Episodes:   218 | EpReward:   -18.43 | FPS:     51 | Actor Loss: 0.0002 | Critic Loss: 0.0040
2026-06-08 06:37:06,528 | INFO |   Env | HO: 75.00% | Cont: 98.43% | Task: 82.98% | Resolved: 99.96% | Delay: 2.675s | Energy: 1677.18J | LB: 0.003
2026-06-08 06:37:06,528 | INFO |   Reward | D: -1781.17 | E: -6.03 | Q: 1378.40 | H: 4.59 | LB: 0.01 | Enq: 0.00 | Pen: -734.83
2026-06-08 06:37:29,960 | INFO | Update  219 | Steps: 224,256 | Episodes:   219 | EpReward:   -18.39 | FPS:     44 | Actor Loss: 0.0002 | Critic Loss: 0.0021
2026-06-08 06:37:29,960 | INFO |   Env | HO: 77.17% | Cont: 97.97% | Task: 83.32% | Resolved: 99.96% | Delay: 2.595s | Energy: 1545.26J | LB: 0.008
2026-06-08 06:37:29,960 | INFO |   Reward | D: -1752.80 | E: -5.84 | Q: 1414.80 | H: 4.56 | LB: 0.00 | Enq: 0.00 | Pen: -632.17
2026-06-08 06:37:51,932 | INFO | Update  220 | Steps: 225,280 | Episodes:   220 | EpReward:   -18.47 | FPS:     47 | Actor Loss: 0.0003 | Critic Loss: 0.0066
2026-06-08 06:37:51,932 | INFO |   Env | HO: 76.04% | Cont: 98.64% | Task: 83.43% | Resolved: 100.00% | Delay: 2.652s | Energy: 1699.46J | LB: 0.006
2026-06-08 06:37:51,933 | INFO |   Reward | D: -1821.62 | E: -6.15 | Q: 1456.40 | H: 4.61 | LB: 0.00 | Enq: 0.00 | Pen: -717.25
2026-06-08 06:38:16,103 | INFO | Update  221 | Steps: 226,304 | Episodes:   221 | EpReward:   -18.61 | FPS:     42 | Actor Loss: -0.0001 | Critic Loss: 0.0070
2026-06-08 06:38:16,103 | INFO |   Env | HO: 70.33% | Cont: 98.72% | Task: 82.60% | Resolved: 99.97% | Delay: 2.698s | Energy: 1774.13J | LB: 0.002
2026-06-08 06:38:16,103 | INFO |   Reward | D: -1850.34 | E: -6.24 | Q: 1386.40 | H: 4.11 | LB: 0.00 | Enq: 0.00 | Pen: -802.13
2026-06-08 06:38:42,823 | INFO | Update  222 | Steps: 227,328 | Episodes:   222 | EpReward:   -18.67 | FPS:     38 | Actor Loss: 0.0001 | Critic Loss: 0.0067
2026-06-08 06:38:42,823 | INFO |   Env | HO: 78.82% | Cont: 98.64% | Task: 83.29% | Resolved: 99.97% | Delay: 2.669s | Energy: 1730.64J | LB: 0.006
2026-06-08 06:38:42,823 | INFO |   Reward | D: -1827.86 | E: -6.24 | Q: 1444.00 | H: 4.27 | LB: 0.00 | Enq: 0.00 | Pen: -744.74
2026-06-08 06:39:04,733 | INFO | Update  223 | Steps: 228,352 | Episodes:   223 | EpReward:   -18.70 | FPS:     47 | Actor Loss: -0.0000 | Critic Loss: 0.0031
2026-06-08 06:39:04,733 | INFO |   Env | HO: 78.65% | Cont: 98.70% | Task: 82.98% | Resolved: 99.97% | Delay: 2.668s | Energy: 1711.51J | LB: 0.002
2026-06-08 06:39:04,733 | INFO |   Reward | D: -1799.85 | E: -6.14 | Q: 1400.80 | H: 4.47 | LB: 0.01 | Enq: 0.00 | Pen: -736.88
2026-06-08 06:39:24,959 | INFO | Update  224 | Steps: 229,376 | Episodes:   224 | EpReward:   -18.64 | FPS:     51 | Actor Loss: 0.0002 | Critic Loss: 0.0029
2026-06-08 06:39:24,959 | INFO |   Env | HO: 77.63% | Cont: 99.16% | Task: 84.03% | Resolved: 100.00% | Delay: 2.641s | Energy: 1698.65J | LB: 0.003
2026-06-08 06:39:24,959 | INFO |   Reward | D: -1823.97 | E: -6.05 | Q: 1503.20 | H: 3.72 | LB: 0.00 | Enq: 0.00 | Pen: -755.35
2026-06-08 06:39:51,449 | INFO | Update  225 | Steps: 230,400 | Episodes:   225 | EpReward:   -18.54 | FPS:     39 | Actor Loss: 0.0001 | Critic Loss: 0.0050
2026-06-08 06:39:51,449 | INFO |   Env | HO: 84.72% | Cont: 98.80% | Task: 83.19% | Resolved: 99.99% | Delay: 2.697s | Energy: 1740.53J | LB: 0.003
2026-06-08 06:39:51,450 | INFO |   Reward | D: -1813.22 | E: -6.12 | Q: 1418.40 | H: 3.88 | LB: 0.00 | Enq: 0.00 | Pen: -782.29
2026-06-08 06:40:10,828 | INFO | Update  226 | Steps: 231,424 | Episodes:   226 | EpReward:   -18.57 | FPS:     53 | Actor Loss: -0.0001 | Critic Loss: 0.0041
2026-06-08 06:40:10,828 | INFO |   Env | HO: 78.75% | Cont: 98.52% | Task: 82.50% | Resolved: 99.99% | Delay: 2.734s | Energy: 1795.05J | LB: 0.005
2026-06-08 06:40:10,828 | INFO |   Reward | D: -1839.13 | E: -6.19 | Q: 1374.80 | H: 3.91 | LB: 0.00 | Enq: 0.00 | Pen: -847.12
2026-06-08 06:40:30,800 | INFO | Update  227 | Steps: 232,448 | Episodes:   227 | EpReward:   -18.57 | FPS:     51 | Actor Loss: 0.0002 | Critic Loss: 0.0038
2026-06-08 06:40:30,800 | INFO |   Env | HO: 77.27% | Cont: 98.43% | Task: 82.59% | Resolved: 99.99% | Delay: 2.642s | Energy: 1621.96J | LB: 0.008
2026-06-08 06:40:30,800 | INFO |   Reward | D: -1785.84 | E: -5.89 | Q: 1358.40 | H: 4.33 | LB: 0.01 | Enq: 0.00 | Pen: -683.73
2026-06-08 06:40:55,795 | INFO | Update  228 | Steps: 233,472 | Episodes:   228 | EpReward:   -18.68 | FPS:     41 | Actor Loss: -0.0002 | Critic Loss: 0.0020
2026-06-08 06:40:55,795 | INFO |   Env | HO: 79.07% | Cont: 98.23% | Task: 83.48% | Resolved: 99.94% | Delay: 2.667s | Energy: 1671.94J | LB: 0.004
2026-06-08 06:40:55,795 | INFO |   Reward | D: -1793.03 | E: -5.90 | Q: 1444.40 | H: 4.36 | LB: 0.03 | Enq: 0.00 | Pen: -741.22
2026-06-08 06:41:26,581 | INFO | Update  229 | Steps: 234,496 | Episodes:   229 | EpReward:   -18.66 | FPS:     33 | Actor Loss: 0.0002 | Critic Loss: 0.0032
2026-06-08 06:41:26,581 | INFO |   Env | HO: 83.75% | Cont: 98.94% | Task: 83.45% | Resolved: 100.00% | Delay: 2.670s | Energy: 1689.20J | LB: 0.001
2026-06-08 06:41:26,581 | INFO |   Reward | D: -1790.85 | E: -5.93 | Q: 1426.80 | H: 4.21 | LB: 0.03 | Enq: 0.00 | Pen: -767.42
2026-06-08 06:41:56,555 | INFO | Update  230 | Steps: 235,520 | Episodes:   230 | EpReward:   -18.61 | FPS:     34 | Actor Loss: -0.0001 | Critic Loss: 0.0022
2026-06-08 06:41:56,556 | INFO |   Env | HO: 83.33% | Cont: 97.79% | Task: 82.79% | Resolved: 99.99% | Delay: 2.634s | Energy: 1607.23J | LB: 0.005
2026-06-08 06:41:56,556 | INFO |   Reward | D: -1768.43 | E: -5.94 | Q: 1384.00 | H: 4.49 | LB: 0.00 | Enq: 0.00 | Pen: -694.73
2026-06-08 06:42:26,471 | INFO | Update  231 | Steps: 236,544 | Episodes:   231 | EpReward:   -18.59 | FPS:     34 | Actor Loss: -0.0001 | Critic Loss: 0.0038
2026-06-08 06:42:26,471 | INFO |   Env | HO: 79.17% | Cont: 99.26% | Task: 83.27% | Resolved: 99.97% | Delay: 2.708s | Energy: 1732.39J | LB: 0.006
2026-06-08 06:42:26,471 | INFO |   Reward | D: -1819.59 | E: -5.93 | Q: 1414.40 | H: 3.60 | LB: 0.00 | Enq: 0.00 | Pen: -794.35
2026-06-08 06:42:46,614 | INFO | Update  232 | Steps: 237,568 | Episodes:   232 | EpReward:   -18.57 | FPS:     51 | Actor Loss: 0.0006 | Critic Loss: 0.0021
2026-06-08 06:42:46,614 | INFO |   Env | HO: 80.95% | Cont: 98.39% | Task: 83.42% | Resolved: 100.00% | Delay: 2.646s | Energy: 1650.07J | LB: 0.004
2026-06-08 06:42:46,615 | INFO |   Reward | D: -1793.88 | E: -6.07 | Q: 1441.20 | H: 4.26 | LB: 0.01 | Enq: 0.00 | Pen: -695.56
2026-06-08 06:43:09,247 | INFO | Update  233 | Steps: 238,592 | Episodes:   233 | EpReward:   -18.58 | FPS:     45 | Actor Loss: 0.0001 | Critic Loss: 0.0060
2026-06-08 06:43:09,247 | INFO |   Env | HO: 67.71% | Cont: 98.57% | Task: 82.71% | Resolved: 99.99% | Delay: 2.671s | Energy: 1643.00J | LB: 0.000
2026-06-08 06:43:09,253 | INFO |   Reward | D: -1790.76 | E: -5.80 | Q: 1352.40 | H: 4.11 | LB: 0.03 | Enq: 0.00 | Pen: -775.26
2026-06-08 06:43:28,998 | INFO | Update  234 | Steps: 239,616 | Episodes:   234 | EpReward:   -18.60 | FPS:     52 | Actor Loss: -0.0005 | Critic Loss: 0.0066
2026-06-08 06:43:28,999 | INFO |   Env | HO: 72.55% | Cont: 98.47% | Task: 83.58% | Resolved: 99.96% | Delay: 2.617s | Energy: 1597.28J | LB: 0.003
2026-06-08 06:43:28,999 | INFO |   Reward | D: -1768.45 | E: -5.86 | Q: 1435.20 | H: 4.73 | LB: 0.01 | Enq: 0.00 | Pen: -657.61
2026-06-08 06:43:53,020 | INFO | Update  235 | Steps: 240,640 | Episodes:   235 | EpReward:   -18.62 | FPS:     43 | Actor Loss: -0.0002 | Critic Loss: 0.0033
2026-06-08 06:43:53,021 | INFO |   Env | HO: 73.81% | Cont: 98.98% | Task: 83.16% | Resolved: 99.94% | Delay: 2.666s | Energy: 1701.05J | LB: 0.003
2026-06-08 06:43:53,021 | INFO |   Reward | D: -1810.28 | E: -5.99 | Q: 1414.00 | H: 4.01 | LB: 0.00 | Enq: 0.00 | Pen: -745.96
2026-06-08 06:44:18,075 | INFO | Update  236 | Steps: 241,664 | Episodes:   236 | EpReward:   -18.68 | FPS:     41 | Actor Loss: -0.0001 | Critic Loss: 0.0035
2026-06-08 06:44:18,075 | INFO |   Env | HO: 72.12% | Cont: 97.97% | Task: 82.96% | Resolved: 99.99% | Delay: 2.654s | Energy: 1678.87J | LB: 0.003
2026-06-08 06:44:18,075 | INFO |   Reward | D: -1810.33 | E: -6.03 | Q: 1421.20 | H: 4.64 | LB: 0.02 | Enq: 0.00 | Pen: -735.34
2026-06-08 06:44:42,121 | INFO | Update  237 | Steps: 242,688 | Episodes:   237 | EpReward:   -18.65 | FPS:     43 | Actor Loss: 0.0002 | Critic Loss: 0.0024
2026-06-08 06:44:42,121 | INFO |   Env | HO: 74.16% | Cont: 98.01% | Task: 82.56% | Resolved: 99.94% | Delay: 2.626s | Energy: 1619.19J | LB: 0.004
2026-06-08 06:44:42,122 | INFO |   Reward | D: -1791.94 | E: -5.94 | Q: 1358.40 | H: 4.12 | LB: 0.04 | Enq: 0.00 | Pen: -718.26
2026-06-08 06:45:06,038 | INFO | Update  238 | Steps: 243,712 | Episodes:   238 | EpReward:   -18.67 | FPS:     43 | Actor Loss: 0.0005 | Critic Loss: 0.0043
2026-06-08 06:45:06,038 | INFO |   Env | HO: 79.01% | Cont: 98.97% | Task: 82.91% | Resolved: 99.96% | Delay: 2.710s | Energy: 1803.42J | LB: 0.007
2026-06-08 06:45:06,038 | INFO |   Reward | D: -1855.04 | E: -6.26 | Q: 1418.80 | H: 4.07 | LB: 0.03 | Enq: 0.00 | Pen: -823.95
2026-06-08 06:45:30,807 | INFO | Update  239 | Steps: 244,736 | Episodes:   239 | EpReward:   -18.60 | FPS:     41 | Actor Loss: 0.0006 | Critic Loss: 0.0071
2026-06-08 06:45:30,807 | INFO |   Env | HO: 74.19% | Cont: 98.11% | Task: 82.48% | Resolved: 99.99% | Delay: 2.711s | Energy: 1765.12J | LB: 0.003
2026-06-08 06:45:30,807 | INFO |   Reward | D: -1820.03 | E: -6.17 | Q: 1372.00 | H: 4.23 | LB: 0.00 | Enq: 0.00 | Pen: -778.18
2026-06-08 06:46:02,027 | INFO | Update  240 | Steps: 245,760 | Episodes:   240 | EpReward:   -18.55 | FPS:     33 | Actor Loss: 0.0002 | Critic Loss: 0.0044
2026-06-08 06:46:02,031 | INFO |   Env | HO: 73.91% | Cont: 98.04% | Task: 82.80% | Resolved: 99.99% | Delay: 2.696s | Energy: 1696.99J | LB: 0.004
2026-06-08 06:46:02,031 | INFO |   Reward | D: -1776.91 | E: -5.99 | Q: 1372.80 | H: 4.25 | LB: 0.01 | Enq: 0.00 | Pen: -751.95
2026-06-08 06:46:28,255 | INFO | Update  241 | Steps: 246,784 | Episodes:   241 | EpReward:   -18.57 | FPS:     39 | Actor Loss: 0.0004 | Critic Loss: 0.0054
2026-06-08 06:46:28,255 | INFO |   Env | HO: 68.10% | Cont: 98.48% | Task: 83.33% | Resolved: 99.97% | Delay: 2.667s | Energy: 1699.91J | LB: 0.003
2026-06-08 06:46:28,255 | INFO |   Reward | D: -1821.77 | E: -6.07 | Q: 1440.80 | H: 5.03 | LB: 0.00 | Enq: 0.00 | Pen: -717.38
2026-06-08 06:46:48,746 | INFO | Update  242 | Steps: 247,808 | Episodes:   242 | EpReward:   -18.47 | FPS:     50 | Actor Loss: -0.0005 | Critic Loss: 0.0024
2026-06-08 06:46:48,747 | INFO |   Env | HO: 79.22% | Cont: 98.67% | Task: 82.93% | Resolved: 99.96% | Delay: 2.683s | Energy: 1709.62J | LB: 0.005
2026-06-08 06:46:48,747 | INFO |   Reward | D: -1796.29 | E: -6.10 | Q: 1387.20 | H: 3.79 | LB: 0.00 | Enq: 0.00 | Pen: -739.52
2026-06-08 06:47:13,371 | INFO | Update  243 | Steps: 248,832 | Episodes:   243 | EpReward:   -18.48 | FPS:     42 | Actor Loss: 0.0001 | Critic Loss: 0.0054
2026-06-08 06:47:13,371 | INFO |   Env | HO: 82.42% | Cont: 98.56% | Task: 82.60% | Resolved: 99.99% | Delay: 2.676s | Energy: 1733.65J | LB: 0.006
2026-06-08 06:47:13,371 | INFO |   Reward | D: -1835.55 | E: -6.22 | Q: 1380.80 | H: 4.68 | LB: 0.00 | Enq: 0.00 | Pen: -770.31
2026-06-08 06:47:35,841 | INFO | Update  244 | Steps: 249,856 | Episodes:   244 | EpReward:   -18.62 | FPS:     46 | Actor Loss: -0.0002 | Critic Loss: 0.0051
2026-06-08 06:47:35,842 | INFO |   Env | HO: 72.92% | Cont: 98.45% | Task: 82.72% | Resolved: 99.96% | Delay: 2.688s | Energy: 1728.19J | LB: 0.001
2026-06-08 06:47:35,842 | INFO |   Reward | D: -1824.16 | E: -6.18 | Q: 1384.00 | H: 4.40 | LB: 0.00 | Enq: 0.00 | Pen: -782.62
2026-06-08 06:47:59,522 | INFO | Update  245 | Steps: 250,880 | Episodes:   245 | EpReward:   -18.61 | FPS:     43 | Actor Loss: -0.0008 | Critic Loss: 0.0043
2026-06-08 06:47:59,526 | INFO |   Env | HO: 72.53% | Cont: 98.62% | Task: 82.58% | Resolved: 99.99% | Delay: 2.691s | Energy: 1728.87J | LB: 0.003
2026-06-08 06:47:59,526 | INFO |   Reward | D: -1814.12 | E: -6.10 | Q: 1360.80 | H: 4.14 | LB: 0.01 | Enq: 0.00 | Pen: -770.23
2026-06-08 06:47:59,526 | INFO | ----------------------------------------
2026-06-08 06:47:59,526 | INFO | 开始评估...
2026-06-08 06:48:18,104 | INFO | 评估结果: 奖励 = -14.86 ± 1.50, 长度 = 600, 时延 = 2.606s, 能耗 = 2871.21J, 负载均衡 = 0.004
2026-06-08 06:48:18,105 | INFO | 新的最佳模型 (average delay): score = -2.6059, delay = 2.606s, completion = 83.43%, continuity = 98.30%, load_balance = 0.004
2026-06-08 06:48:18,130 | INFO | 模型已保存: /home/pjpjq/LEO_switch/results/baseline_compare/multiuser_scaling_multiuser_6_7/u20/learned_baselines/mappo_no_han/best_model.pt
2026-06-08 06:48:18,130 | INFO | 新的最佳奖励: -14.86
2026-06-08 06:48:18,130 | INFO | ----------------------------------------
2026-06-08 06:48:40,154 | INFO | Update  246 | Steps: 251,904 | Episodes:   246 | EpReward:   -18.50 | FPS:     46 | Actor Loss: -0.0006 | Critic Loss: 0.0029
2026-06-08 06:48:40,155 | INFO |   Env | HO: 79.10% | Cont: 99.28% | Task: 83.72% | Resolved: 99.99% | Delay: 2.673s | Energy: 1739.24J | LB: 0.005
2026-06-08 06:48:40,155 | INFO |   Reward | D: -1810.89 | E: -6.20 | Q: 1463.20 | H: 3.44 | LB: 0.00 | Enq: 0.00 | Pen: -715.64
2026-06-08 06:49:11,445 | INFO | Update  247 | Steps: 252,928 | Episodes:   247 | EpReward:   -18.58 | FPS:     33 | Actor Loss: 0.0002 | Critic Loss: 0.0041
2026-06-08 06:49:11,445 | INFO |   Env | HO: 75.82% | Cont: 98.56% | Task: 83.23% | Resolved: 100.00% | Delay: 2.617s | Energy: 1657.11J | LB: 0.004
2026-06-08 06:49:11,445 | INFO |   Reward | D: -1805.19 | E: -6.09 | Q: 1432.40 | H: 4.34 | LB: 0.00 | Enq: 0.00 | Pen: -692.81
2026-06-08 06:49:39,562 | INFO | Update  248 | Steps: 253,952 | Episodes:   248 | EpReward:   -18.68 | FPS:     36 | Actor Loss: 0.0000 | Critic Loss: 0.0029
2026-06-08 06:49:39,563 | INFO |   Env | HO: 73.03% | Cont: 98.85% | Task: 83.66% | Resolved: 100.00% | Delay: 2.640s | Energy: 1690.10J | LB: 0.002
2026-06-08 06:49:39,563 | INFO |   Reward | D: -1817.16 | E: -6.09 | Q: 1465.20 | H: 4.16 | LB: 0.00 | Enq: 0.00 | Pen: -726.56
2026-06-08 06:50:08,254 | INFO | Update  249 | Steps: 254,976 | Episodes:   249 | EpReward:   -18.64 | FPS:     36 | Actor Loss: -0.0001 | Critic Loss: 0.0024
2026-06-08 06:50:08,254 | INFO |   Env | HO: 75.86% | Cont: 98.62% | Task: 83.02% | Resolved: 99.93% | Delay: 2.655s | Energy: 1702.43J | LB: 0.000
2026-06-08 06:50:08,254 | INFO |   Reward | D: -1800.74 | E: -6.16 | Q: 1402.40 | H: 4.18 | LB: 0.03 | Enq: 0.00 | Pen: -731.95
2026-06-08 06:50:38,875 | INFO | Update  250 | Steps: 256,000 | Episodes:   250 | EpReward:   -18.74 | FPS:     33 | Actor Loss: -0.0001 | Critic Loss: 0.0021
2026-06-08 06:50:38,875 | INFO |   Env | HO: 72.84% | Cont: 98.73% | Task: 84.04% | Resolved: 99.99% | Delay: 2.679s | Energy: 1741.32J | LB: 0.001
2026-06-08 06:50:38,875 | INFO |   Reward | D: -1819.02 | E: -6.16 | Q: 1509.20 | H: 3.79 | LB: 0.00 | Enq: 0.00 | Pen: -757.27
2026-06-08 06:51:03,725 | INFO | Update  251 | Steps: 257,024 | Episodes:   251 | EpReward:   -18.72 | FPS:     41 | Actor Loss: 0.0003 | Critic Loss: 0.0025
2026-06-08 06:51:03,725 | INFO |   Env | HO: 79.52% | Cont: 98.84% | Task: 82.95% | Resolved: 99.97% | Delay: 2.663s | Energy: 1740.83J | LB: 0.002
2026-06-08 06:51:03,725 | INFO |   Reward | D: -1816.38 | E: -6.29 | Q: 1409.60 | H: 4.15 | LB: 0.04 | Enq: 0.00 | Pen: -768.79
2026-06-08 06:51:27,207 | INFO | Update  252 | Steps: 258,048 | Episodes:   252 | EpReward:   -18.92 | FPS:     44 | Actor Loss: 0.0005 | Critic Loss: 0.0032
2026-06-08 06:51:27,207 | INFO |   Env | HO: 79.55% | Cont: 98.91% | Task: 82.85% | Resolved: 99.99% | Delay: 2.699s | Energy: 1720.04J | LB: 0.007
2026-06-08 06:51:27,207 | INFO |   Reward | D: -1828.17 | E: -6.03 | Q: 1393.20 | H: 4.49 | LB: 0.04 | Enq: 0.00 | Pen: -771.94
2026-06-08 06:51:53,764 | INFO | Update  253 | Steps: 259,072 | Episodes:   253 | EpReward:   -18.90 | FPS:     39 | Actor Loss: 0.0001 | Critic Loss: 0.0017
2026-06-08 06:51:53,765 | INFO |   Env | HO: 70.63% | Cont: 98.03% | Task: 83.74% | Resolved: 100.00% | Delay: 2.647s | Energy: 1601.42J | LB: 0.007
2026-06-08 06:51:53,765 | INFO |   Reward | D: -1769.44 | E: -5.84 | Q: 1459.60 | H: 5.64 | LB: 0.00 | Enq: 0.00 | Pen: -668.64
2026-06-08 06:52:25,319 | INFO | Update  254 | Steps: 260,096 | Episodes:   254 | EpReward:   -18.92 | FPS:     32 | Actor Loss: -0.0000 | Critic Loss: 0.0029
2026-06-08 06:52:25,320 | INFO |   Env | HO: 76.53% | Cont: 98.32% | Task: 83.20% | Resolved: 99.94% | Delay: 2.639s | Energy: 1635.41J | LB: 0.008
2026-06-08 06:52:25,320 | INFO |   Reward | D: -1780.08 | E: -6.03 | Q: 1415.60 | H: 4.76 | LB: 0.01 | Enq: 0.00 | Pen: -675.90
2026-06-08 06:52:54,475 | INFO | Update  255 | Steps: 261,120 | Episodes:   255 | EpReward:   -18.89 | FPS:     35 | Actor Loss: 0.0001 | Critic Loss: 0.0036
2026-06-08 06:52:54,475 | INFO |   Env | HO: 67.68% | Cont: 97.54% | Task: 82.11% | Resolved: 99.94% | Delay: 2.688s | Energy: 1675.42J | LB: 0.005
2026-06-08 06:52:54,475 | INFO |   Reward | D: -1778.60 | E: -6.00 | Q: 1319.60 | H: 4.30 | LB: -0.00 | Enq: 0.00 | Pen: -747.23
2026-06-08 06:53:21,684 | INFO | Update  256 | Steps: 262,144 | Episodes:   256 | EpReward:   -18.78 | FPS:     38 | Actor Loss: -0.0002 | Critic Loss: 0.0047
2026-06-08 06:53:21,684 | INFO |   Env | HO: 74.47% | Cont: 98.24% | Task: 82.89% | Resolved: 99.99% | Delay: 2.707s | Energy: 1711.66J | LB: 0.002
2026-06-08 06:53:21,684 | INFO |   Reward | D: -1792.73 | E: -6.09 | Q: 1383.20 | H: 4.38 | LB: 0.00 | Enq: 0.00 | Pen: -769.36
2026-06-08 06:53:42,694 | INFO | Update  257 | Steps: 263,168 | Episodes:   257 | EpReward:   -18.69 | FPS:     49 | Actor Loss: 0.0004 | Critic Loss: 0.0051
2026-06-08 06:53:42,694 | INFO |   Env | HO: 65.79% | Cont: 98.26% | Task: 83.86% | Resolved: 100.00% | Delay: 2.636s | Energy: 1639.03J | LB: 0.005
2026-06-08 06:53:42,694 | INFO |   Reward | D: -1782.36 | E: -5.99 | Q: 1465.60 | H: 4.70 | LB: 0.04 | Enq: 0.00 | Pen: -730.38
2026-06-08 06:54:06,514 | INFO | Update  258 | Steps: 264,192 | Episodes:   258 | EpReward:   -18.61 | FPS:     43 | Actor Loss: -0.0007 | Critic Loss: 0.0080
2026-06-08 06:54:06,514 | INFO |   Env | HO: 68.00% | Cont: 98.46% | Task: 82.99% | Resolved: 99.96% | Delay: 2.649s | Energy: 1639.94J | LB: 0.004
2026-06-08 06:54:06,514 | INFO |   Reward | D: -1776.67 | E: -5.88 | Q: 1386.00 | H: 4.33 | LB: 0.00 | Enq: 0.00 | Pen: -717.51
2026-06-08 06:54:29,195 | INFO | Update  259 | Steps: 265,216 | Episodes:   259 | EpReward:   -18.59 | FPS:     45 | Actor Loss: 0.0000 | Critic Loss: 0.0026
2026-06-08 06:54:29,195 | INFO |   Env | HO: 80.00% | Cont: 97.96% | Task: 83.07% | Resolved: 100.00% | Delay: 2.661s | Energy: 1680.14J | LB: 0.006
2026-06-08 06:54:29,195 | INFO |   Reward | D: -1786.15 | E: -6.11 | Q: 1412.40 | H: 4.21 | LB: 0.00 | Enq: 0.00 | Pen: -724.09
2026-06-08 06:54:58,798 | INFO | Update  260 | Steps: 266,240 | Episodes:   260 | EpReward:   -18.52 | FPS:     35 | Actor Loss: 0.0004 | Critic Loss: 0.0039
2026-06-08 06:54:58,798 | INFO |   Env | HO: 77.38% | Cont: 98.42% | Task: 82.53% | Resolved: 99.99% | Delay: 2.718s | Energy: 1741.09J | LB: 0.004
2026-06-08 06:54:58,798 | INFO |   Reward | D: -1825.66 | E: -6.00 | Q: 1361.60 | H: 4.09 | LB: 0.00 | Enq: 0.00 | Pen: -800.50
2026-06-08 06:55:24,639 | INFO | Update  261 | Steps: 267,264 | Episodes:   261 | EpReward:   -18.56 | FPS:     40 | Actor Loss: 0.0004 | Critic Loss: 0.0020
2026-06-08 06:55:24,639 | INFO |   Env | HO: 77.53% | Cont: 98.55% | Task: 83.20% | Resolved: 99.97% | Delay: 2.641s | Energy: 1673.05J | LB: 0.002
2026-06-08 06:55:24,639 | INFO |   Reward | D: -1801.32 | E: -6.10 | Q: 1427.20 | H: 4.39 | LB: -0.00 | Enq: 0.00 | Pen: -683.13
2026-06-08 06:55:56,380 | INFO | Update  262 | Steps: 268,288 | Episodes:   262 | EpReward:   -18.59 | FPS:     32 | Actor Loss: 0.0001 | Critic Loss: 0.0073
2026-06-08 06:55:56,381 | INFO |   Env | HO: 78.75% | Cont: 98.41% | Task: 82.47% | Resolved: 100.00% | Delay: 2.650s | Energy: 1657.59J | LB: 0.005
2026-06-08 06:55:56,381 | INFO |   Reward | D: -1802.36 | E: -5.93 | Q: 1354.00 | H: 4.00 | LB: 0.00 | Enq: 0.00 | Pen: -717.88
2026-06-08 06:56:24,324 | INFO | Update  263 | Steps: 269,312 | Episodes:   263 | EpReward:   -18.64 | FPS:     37 | Actor Loss: 0.0002 | Critic Loss: 0.0049
2026-06-08 06:56:24,325 | INFO |   Env | HO: 64.52% | Cont: 98.57% | Task: 83.45% | Resolved: 99.96% | Delay: 2.676s | Energy: 1729.50J | LB: 0.004
2026-06-08 06:56:24,325 | INFO |   Reward | D: -1831.22 | E: -6.13 | Q: 1461.60 | H: 3.87 | LB: 0.00 | Enq: 0.00 | Pen: -791.38
2026-06-08 06:56:47,836 | INFO | Update  264 | Steps: 270,336 | Episodes:   264 | EpReward:   -18.65 | FPS:     44 | Actor Loss: 0.0001 | Critic Loss: 0.0035
2026-06-08 06:56:47,836 | INFO |   Env | HO: 72.15% | Cont: 99.21% | Task: 83.01% | Resolved: 99.97% | Delay: 2.695s | Energy: 1765.64J | LB: 0.002
2026-06-08 06:56:47,836 | INFO |   Reward | D: -1844.25 | E: -6.11 | Q: 1414.80 | H: 3.60 | LB: 0.04 | Enq: 0.00 | Pen: -815.84
2026-06-08 06:57:19,266 | INFO | Update  265 | Steps: 271,360 | Episodes:   265 | EpReward:   -18.62 | FPS:     33 | Actor Loss: 0.0000 | Critic Loss: 0.0058
2026-06-08 06:57:19,266 | INFO |   Env | HO: 76.47% | Cont: 98.05% | Task: 83.14% | Resolved: 99.96% | Delay: 2.642s | Energy: 1667.68J | LB: 0.004
2026-06-08 06:57:19,266 | INFO |   Reward | D: -1806.47 | E: -6.05 | Q: 1436.80 | H: 4.20 | LB: 0.00 | Enq: 0.00 | Pen: -744.28
2026-06-08 06:57:47,665 | INFO | Update  266 | Steps: 272,384 | Episodes:   266 | EpReward:   -18.57 | FPS:     36 | Actor Loss: 0.0007 | Critic Loss: 0.0018
2026-06-08 06:57:47,665 | INFO |   Env | HO: 65.96% | Cont: 98.39% | Task: 82.63% | Resolved: 99.90% | Delay: 2.655s | Energy: 1699.99J | LB: 0.002
2026-06-08 06:57:47,666 | INFO |   Reward | D: -1822.74 | E: -6.13 | Q: 1385.60 | H: 3.84 | LB: 0.03 | Enq: 0.00 | Pen: -785.88
2026-06-08 06:58:15,965 | INFO | Update  267 | Steps: 273,408 | Episodes:   267 | EpReward:   -18.58 | FPS:     36 | Actor Loss: -0.0002 | Critic Loss: 0.0033
2026-06-08 06:58:15,965 | INFO |   Env | HO: 77.65% | Cont: 98.77% | Task: 82.85% | Resolved: 100.00% | Delay: 2.707s | Energy: 1753.55J | LB: 0.005
2026-06-08 06:58:15,965 | INFO |   Reward | D: -1841.21 | E: -6.09 | Q: 1402.00 | H: 4.24 | LB: 0.07 | Enq: 0.00 | Pen: -815.37
2026-06-08 06:58:45,182 | INFO | Update  268 | Steps: 274,432 | Episodes:   268 | EpReward:   -18.53 | FPS:     35 | Actor Loss: 0.0001 | Critic Loss: 0.0036
2026-06-08 06:58:45,182 | INFO |   Env | HO: 84.93% | Cont: 99.01% | Task: 83.65% | Resolved: 100.00% | Delay: 2.631s | Energy: 1677.25J | LB: 0.003
2026-06-08 06:58:45,182 | INFO |   Reward | D: -1790.70 | E: -6.06 | Q: 1453.60 | H: 3.94 | LB: 0.00 | Enq: 0.00 | Pen: -763.33
2026-06-08 06:59:07,736 | INFO | Update  269 | Steps: 275,456 | Episodes:   269 | EpReward:   -18.57 | FPS:     45 | Actor Loss: 0.0003 | Critic Loss: 0.0078
2026-06-08 06:59:07,737 | INFO |   Env | HO: 74.71% | Cont: 98.71% | Task: 82.13% | Resolved: 99.99% | Delay: 2.690s | Energy: 1769.81J | LB: 0.001
2026-06-08 06:59:07,737 | INFO |   Reward | D: -1854.09 | E: -6.21 | Q: 1352.40 | H: 4.13 | LB: 0.00 | Enq: 0.00 | Pen: -821.85
2026-06-08 06:59:30,390 | INFO | Update  270 | Steps: 276,480 | Episodes:   270 | EpReward:   -18.50 | FPS:     45 | Actor Loss: 0.0006 | Critic Loss: 0.0022
2026-06-08 06:59:30,390 | INFO |   Env | HO: 74.71% | Cont: 98.59% | Task: 83.11% | Resolved: 99.97% | Delay: 2.669s | Energy: 1704.66J | LB: 0.006
2026-06-08 06:59:30,390 | INFO |   Reward | D: -1809.16 | E: -6.03 | Q: 1412.80 | H: 4.15 | LB: 0.00 | Enq: 0.00 | Pen: -785.17
2026-06-08 06:59:54,237 | INFO | Update  271 | Steps: 277,504 | Episodes:   271 | EpReward:   -18.49 | FPS:     43 | Actor Loss: -0.0002 | Critic Loss: 0.0030
2026-06-08 06:59:54,237 | INFO |   Env | HO: 72.92% | Cont: 98.08% | Task: 82.54% | Resolved: 100.00% | Delay: 2.683s | Energy: 1676.84J | LB: 0.002
2026-06-08 06:59:54,237 | INFO |   Reward | D: -1789.50 | E: -5.91 | Q: 1354.80 | H: 4.34 | LB: 0.01 | Enq: 0.00 | Pen: -794.47
2026-06-08 07:00:18,756 | INFO | Update  272 | Steps: 278,528 | Episodes:   272 | EpReward:   -18.51 | FPS:     42 | Actor Loss: 0.0004 | Critic Loss: 0.0033
2026-06-08 07:00:18,757 | INFO |   Env | HO: 74.36% | Cont: 98.58% | Task: 81.94% | Resolved: 99.96% | Delay: 2.728s | Energy: 1804.98J | LB: 0.001
2026-06-08 07:00:18,757 | INFO |   Reward | D: -1875.95 | E: -6.13 | Q: 1340.40 | H: 3.60 | LB: 0.04 | Enq: 0.00 | Pen: -862.81
2026-06-08 07:00:48,507 | INFO | Update  273 | Steps: 279,552 | Episodes:   273 | EpReward:   -18.44 | FPS:     34 | Actor Loss: 0.0004 | Critic Loss: 0.0023
2026-06-08 07:00:48,507 | INFO |   Env | HO: 76.54% | Cont: 98.64% | Task: 83.46% | Resolved: 99.93% | Delay: 2.672s | Energy: 1746.39J | LB: 0.005
2026-06-08 07:00:48,507 | INFO |   Reward | D: -1822.24 | E: -6.26 | Q: 1459.20 | H: 3.88 | LB: 0.00 | Enq: 0.00 | Pen: -780.02
2026-06-08 07:01:14,076 | INFO | Update  274 | Steps: 280,576 | Episodes:   274 | EpReward:   -18.43 | FPS:     40 | Actor Loss: 0.0003 | Critic Loss: 0.0040
2026-06-08 07:01:14,076 | INFO |   Env | HO: 68.04% | Cont: 98.56% | Task: 82.95% | Resolved: 99.96% | Delay: 2.682s | Energy: 1698.42J | LB: 0.002
2026-06-08 07:01:14,076 | INFO |   Reward | D: -1801.44 | E: -6.04 | Q: 1395.20 | H: 4.17 | LB: 0.01 | Enq: 0.00 | Pen: -738.74
2026-06-08 07:01:43,029 | INFO | Update  275 | Steps: 281,600 | Episodes:   275 | EpReward:   -18.49 | FPS:     35 | Actor Loss: 0.0006 | Critic Loss: 0.0023
2026-06-08 07:01:43,030 | INFO |   Env | HO: 75.27% | Cont: 98.29% | Task: 82.66% | Resolved: 100.00% | Delay: 2.620s | Energy: 1613.11J | LB: 0.003
2026-06-08 07:01:43,030 | INFO |   Reward | D: -1806.20 | E: -5.88 | Q: 1377.20 | H: 4.47 | LB: 0.00 | Enq: 0.00 | Pen: -690.93
2026-06-08 07:02:05,857 | INFO | Update  276 | Steps: 282,624 | Episodes:   276 | EpReward:   -18.47 | FPS:     45 | Actor Loss: 0.0000 | Critic Loss: 0.0075
2026-06-08 07:02:05,857 | INFO |   Env | HO: 67.24% | Cont: 98.44% | Task: 82.67% | Resolved: 100.00% | Delay: 2.706s | Energy: 1717.82J | LB: 0.002
2026-06-08 07:02:05,858 | INFO |   Reward | D: -1800.36 | E: -5.98 | Q: 1355.60 | H: 4.93 | LB: 0.03 | Enq: 0.00 | Pen: -772.54
2026-06-08 07:02:27,311 | INFO | Update  277 | Steps: 283,648 | Episodes:   277 | EpReward:   -18.47 | FPS:     48 | Actor Loss: 0.0002 | Critic Loss: 0.0066
2026-06-08 07:02:27,311 | INFO |   Env | HO: 72.73% | Cont: 98.43% | Task: 82.70% | Resolved: 99.99% | Delay: 2.684s | Energy: 1737.49J | LB: 0.002
2026-06-08 07:02:27,311 | INFO |   Reward | D: -1833.68 | E: -6.10 | Q: 1402.00 | H: 4.13 | LB: 0.00 | Enq: 0.00 | Pen: -793.99
2026-06-08 07:02:53,834 | INFO | Update  278 | Steps: 284,672 | Episodes:   278 | EpReward:   -18.37 | FPS:     39 | Actor Loss: -0.0003 | Critic Loss: 0.0035
2026-06-08 07:02:53,834 | INFO |   Env | HO: 76.92% | Cont: 98.29% | Task: 83.40% | Resolved: 99.96% | Delay: 2.619s | Energy: 1630.94J | LB: 0.005
2026-06-08 07:02:53,834 | INFO |   Reward | D: -1780.25 | E: -6.04 | Q: 1434.40 | H: 3.75 | LB: 0.00 | Enq: 0.00 | Pen: -695.01
2026-06-08 07:03:16,459 | INFO | Update  279 | Steps: 285,696 | Episodes:   279 | EpReward:   -18.51 | FPS:     45 | Actor Loss: 0.0006 | Critic Loss: 0.0099
2026-06-08 07:03:16,459 | INFO |   Env | HO: 75.26% | Cont: 98.67% | Task: 82.21% | Resolved: 100.00% | Delay: 2.685s | Energy: 1732.22J | LB: 0.001
2026-06-08 07:03:16,466 | INFO |   Reward | D: -1842.05 | E: -6.09 | Q: 1352.00 | H: 4.61 | LB: 0.01 | Enq: 0.00 | Pen: -760.53
2026-06-08 07:03:44,219 | INFO | Update  280 | Steps: 286,720 | Episodes:   280 | EpReward:   -18.49 | FPS:     37 | Actor Loss: 0.0000 | Critic Loss: 0.0029
2026-06-08 07:03:44,220 | INFO |   Env | HO: 82.93% | Cont: 98.87% | Task: 83.58% | Resolved: 99.96% | Delay: 2.629s | Energy: 1658.43J | LB: 0.003
2026-06-08 07:03:44,220 | INFO |   Reward | D: -1796.93 | E: -6.04 | Q: 1455.60 | H: 4.27 | LB: 0.00 | Enq: 0.00 | Pen: -680.38
2026-06-08 07:04:04,609 | INFO | Update  281 | Steps: 287,744 | Episodes:   281 | EpReward:   -18.47 | FPS:     50 | Actor Loss: 0.0007 | Critic Loss: 0.0090
2026-06-08 07:04:04,610 | INFO |   Env | HO: 77.08% | Cont: 97.91% | Task: 82.22% | Resolved: 99.96% | Delay: 2.680s | Energy: 1676.53J | LB: 0.001
2026-06-08 07:04:04,610 | INFO |   Reward | D: -1775.97 | E: -6.05 | Q: 1328.40 | H: 4.61 | LB: 0.03 | Enq: 0.00 | Pen: -737.90
2026-06-08 07:04:29,347 | INFO | Update  282 | Steps: 288,768 | Episodes:   282 | EpReward:   -18.41 | FPS:     41 | Actor Loss: 0.0007 | Critic Loss: 0.0040
2026-06-08 07:04:29,347 | INFO |   Env | HO: 61.02% | Cont: 98.06% | Task: 82.94% | Resolved: 99.97% | Delay: 2.684s | Energy: 1739.78J | LB: 0.003
2026-06-08 07:04:29,347 | INFO |   Reward | D: -1816.95 | E: -6.12 | Q: 1409.20 | H: 4.46 | LB: 0.00 | Enq: 0.00 | Pen: -799.80
2026-06-08 07:04:50,462 | INFO | Update  283 | Steps: 289,792 | Episodes:   283 | EpReward:   -18.42 | FPS:     48 | Actor Loss: 0.0005 | Critic Loss: 0.0035
2026-06-08 07:04:50,463 | INFO |   Env | HO: 79.75% | Cont: 98.52% | Task: 83.37% | Resolved: 99.96% | Delay: 2.645s | Energy: 1730.17J | LB: 0.008
2026-06-08 07:04:50,463 | INFO |   Reward | D: -1824.68 | E: -6.33 | Q: 1460.40 | H: 3.91 | LB: 0.00 | Enq: 0.00 | Pen: -713.11
2026-06-08 07:05:16,989 | INFO | Update  284 | Steps: 290,816 | Episodes:   284 | EpReward:   -18.42 | FPS:     39 | Actor Loss: -0.0001 | Critic Loss: 0.0037
2026-06-08 07:05:16,990 | INFO |   Env | HO: 80.39% | Cont: 98.44% | Task: 82.76% | Resolved: 100.00% | Delay: 2.633s | Energy: 1697.67J | LB: 0.007
2026-06-08 07:05:16,990 | INFO |   Reward | D: -1846.57 | E: -6.17 | Q: 1412.40 | H: 5.20 | LB: 0.00 | Enq: 0.00 | Pen: -707.67
2026-06-08 07:05:42,901 | INFO | Update  285 | Steps: 291,840 | Episodes:   285 | EpReward:   -18.40 | FPS:     40 | Actor Loss: 0.0009 | Critic Loss: 0.0064
2026-06-08 07:05:42,901 | INFO |   Env | HO: 73.49% | Cont: 98.20% | Task: 82.13% | Resolved: 100.00% | Delay: 2.696s | Energy: 1759.77J | LB: 0.002
2026-06-08 07:05:42,901 | INFO |   Reward | D: -1847.37 | E: -6.18 | Q: 1347.20 | H: 3.80 | LB: 0.06 | Enq: 0.00 | Pen: -833.34
2026-06-08 07:06:03,844 | INFO | Update  286 | Steps: 292,864 | Episodes:   286 | EpReward:   -18.38 | FPS:     49 | Actor Loss: 0.0007 | Critic Loss: 0.0041
2026-06-08 07:06:03,845 | INFO |   Env | HO: 73.40% | Cont: 98.45% | Task: 83.24% | Resolved: 100.00% | Delay: 2.665s | Energy: 1674.55J | LB: 0.003
2026-06-08 07:06:03,845 | INFO |   Reward | D: -1785.82 | E: -5.98 | Q: 1408.00 | H: 4.41 | LB: 0.03 | Enq: 0.00 | Pen: -731.28
2026-06-08 07:06:32,260 | INFO | Update  287 | Steps: 293,888 | Episodes:   287 | EpReward:   -18.35 | FPS:     36 | Actor Loss: 0.0000 | Critic Loss: 0.0042
2026-06-08 07:06:32,260 | INFO |   Env | HO: 79.73% | Cont: 98.46% | Task: 83.11% | Resolved: 99.99% | Delay: 2.690s | Energy: 1692.70J | LB: 0.002
2026-06-08 07:06:32,260 | INFO |   Reward | D: -1767.05 | E: -5.92 | Q: 1385.60 | H: 3.76 | LB: 0.00 | Enq: 0.00 | Pen: -763.89
2026-06-08 07:06:54,175 | INFO | Update  288 | Steps: 294,912 | Episodes:   288 | EpReward:   -18.32 | FPS:     47 | Actor Loss: 0.0002 | Critic Loss: 0.0028
2026-06-08 07:06:54,175 | INFO |   Env | HO: 73.49% | Cont: 98.80% | Task: 83.06% | Resolved: 99.94% | Delay: 2.651s | Energy: 1697.03J | LB: 0.004
2026-06-08 07:06:54,175 | INFO |   Reward | D: -1804.27 | E: -6.10 | Q: 1403.60 | H: 3.93 | LB: 0.00 | Enq: 0.00 | Pen: -734.67
2026-06-08 07:07:22,374 | INFO | Update  289 | Steps: 295,936 | Episodes:   289 | EpReward:   -18.28 | FPS:     36 | Actor Loss: 0.0006 | Critic Loss: 0.0033
2026-06-08 07:07:22,374 | INFO |   Env | HO: 72.22% | Cont: 98.26% | Task: 83.67% | Resolved: 99.96% | Delay: 2.604s | Energy: 1568.29J | LB: 0.004
2026-06-08 07:07:22,374 | INFO |   Reward | D: -1712.25 | E: -5.96 | Q: 1417.20 | H: 4.90 | LB: 0.00 | Enq: 0.00 | Pen: -603.80
2026-06-08 07:07:48,855 | INFO | Update  290 | Steps: 296,960 | Episodes:   290 | EpReward:   -18.36 | FPS:     39 | Actor Loss: 0.0006 | Critic Loss: 0.0044
2026-06-08 07:07:48,855 | INFO |   Env | HO: 73.81% | Cont: 98.52% | Task: 81.97% | Resolved: 99.99% | Delay: 2.722s | Energy: 1765.88J | LB: 0.005
2026-06-08 07:07:48,855 | INFO |   Reward | D: -1813.25 | E: -6.10 | Q: 1302.40 | H: 3.90 | LB: 0.00 | Enq: 0.00 | Pen: -776.24
2026-06-08 07:08:21,020 | INFO | Update  291 | Steps: 297,984 | Episodes:   291 | EpReward:   -18.31 | FPS:     32 | Actor Loss: -0.0002 | Critic Loss: 0.0026
2026-06-08 07:08:21,020 | INFO |   Env | HO: 81.72% | Cont: 98.09% | Task: 83.00% | Resolved: 100.00% | Delay: 2.623s | Energy: 1653.93J | LB: 0.005
2026-06-08 07:08:21,020 | INFO |   Reward | D: -1775.18 | E: -6.20 | Q: 1398.00 | H: 4.74 | LB: 0.11 | Enq: 0.00 | Pen: -659.37
2026-06-08 07:08:42,570 | INFO | Update  292 | Steps: 299,008 | Episodes:   292 | EpReward:   -18.37 | FPS:     48 | Actor Loss: 0.0008 | Critic Loss: 0.0035
2026-06-08 07:08:42,570 | INFO |   Env | HO: 75.21% | Cont: 98.39% | Task: 82.16% | Resolved: 100.00% | Delay: 2.731s | Energy: 1831.59J | LB: 0.005
2026-06-08 07:08:42,570 | INFO |   Reward | D: -1848.23 | E: -6.31 | Q: 1344.00 | H: 5.42 | LB: 0.01 | Enq: 0.00 | Pen: -824.34
2026-06-08 07:09:08,389 | INFO | Update  293 | Steps: 300,032 | Episodes:   293 | EpReward:   -18.40 | FPS:     40 | Actor Loss: 0.0007 | Critic Loss: 0.0052
2026-06-08 07:09:08,389 | INFO |   Env | HO: 65.79% | Cont: 98.34% | Task: 82.79% | Resolved: 99.94% | Delay: 2.705s | Energy: 1755.91J | LB: 0.005
2026-06-08 07:09:08,389 | INFO |   Reward | D: -1797.43 | E: -6.25 | Q: 1376.40 | H: 4.67 | LB: 0.01 | Enq: 0.00 | Pen: -775.33
2026-06-08 07:09:08,389 | INFO | ----------------------------------------
2026-06-08 07:09:08,389 | INFO | 开始评估...
2026-06-08 07:09:32,934 | INFO | 评估结果: 奖励 = -16.86 ± 0.80, 长度 = 600, 时延 = 2.616s, 能耗 = 2954.59J, 负载均衡 = 0.003
2026-06-08 07:09:32,938 | INFO | ----------------------------------------
2026-06-08 07:09:32,953 | INFO | 模型已保存: /home/pjpjq/LEO_switch/results/baseline_compare/multiuser_scaling_multiuser_6_7/u20/learned_baselines/mappo_no_han/checkpoint_300032.pt
2026-06-08 07:09:32,956 | INFO | ============================================================
2026-06-08 07:09:32,957 | INFO | 训练完成!
2026-06-08 07:09:32,957 | INFO |   总时间: 2.11 小时
2026-06-08 07:09:32,957 | INFO |   总步数: 300,032
2026-06-08 07:09:32,957 | INFO |   总episode: 293
2026-06-08 07:09:32,957 | INFO |   最佳奖励: -14.86
2026-06-08 07:09:32,957 | INFO |   最佳模型指标: average delay = -2.6059
2026-06-08 07:09:32,957 | INFO | ============================================================
2026-06-08 07:09:32,972 | INFO | 模型已保存: /home/pjpjq/LEO_switch/results/baseline_compare/multiuser_scaling_multiuser_6_7/u20/learned_baselines/mappo_no_han/final_model.pt
2026-06-08 07:09:33,023 | INFO | 训练历史已保存: /home/pjpjq/LEO_switch/results/baseline_compare/multiuser_scaling_multiuser_6_7/u20/learned_baselines/mappo_no_han/training_history.json
2026-06-08 07:09:33,027 | INFO | 初始化环境...
2026-06-08 07:09:33,030 | INFO |   - 原始观测维度: 73
2026-06-08 07:09:33,030 | INFO |   - HAN嵌入维度: 64
2026-06-08 07:09:33,030 | INFO |   - 拼接后观测维度: 142 (raw 73 + HAN 64 + rvt_warning 1 + task 4)
2026-06-08 07:09:33,030 | INFO |   - 全局状态维度: 2840
2026-06-08 07:09:33,030 | INFO |   - HAN ablation: using raw environment observations
2026-06-08 07:09:33,030 | INFO |   - No-HAN observation dim: 73
2026-06-08 07:09:33,030 | INFO | 初始化图构建器...
2026-06-08 07:09:33,030 | INFO | 初始化MAPPO...
2026-06-08 07:09:37,415 | INFO |   - Actor参数量: 87,182
2026-06-08 07:09:37,418 | INFO |   - Critic参数量: 184,833
2026-06-08 07:09:37,418 | INFO | 初始化经验缓冲区...
2026-06-08 07:09:37,422 | INFO | 训练器初始化完成，设备: cuda
2026-06-08 07:09:37,427 | INFO | 环境: 20 用户, 66 卫星
[
  {
    "method": "han_mappo_latency_priority_multiuser_u20",
    "display_name": "HAN+MAPPO",
    "episodes": 3,
    "is_system": true,
    "mean_reward": -17.310344173163084,
    "std_reward": 5.951864504105323,
    "episode_metrics": [
      {
        "episode": 1,
        "reward": -9.054479906164783,
        "avg_delay": 2.518112031175672,
        "total_energy": 874.4470127606206,
        "handover_success_rate": 0.7272727272727273,
        "handover_failure_rate": 0.2727272727272727,
        "forced_termination_rate": 0.0,
        "service_continuity_rate": 0.9822500000000001,
        "service_availability_rate": 0.985,
        "task_completion_rate": 0.8411192791083709,
        "task_success_rate": 0.8411192791083709,
        "task_failure_rate": 0.1588807208916291,
        "task_settlement_rate": 1.0,
        "task_resolution_rate": 1.0,
        "pending_task_rate": 0.0,
        "active_load_balance_score": 0.00333333326845753,
        "avg_load_balance_score": 0.00333333326845753,
        "mec_activity_score": 0.07462120987474918,
        "resolved_tasks": 4217.0,
        "pending_tasks": 0.0,
        "total_tasks": 4217.0,
        "completed_tasks": 3547.0,
        "deadline_violations": 670.0,
        "reward_delay": -1028.702191370541,
        "reward_energy": -3.42787400118737,
        "reward_qos": 882.7999999999525,
        "reward_task_success": 1418.8000000000486,
        "reward_deadline_slack": 346.1712065484022,
        "reward_service_continuity": -1.5974999999999973,
        "reward_handover": 2.5364176827297586,
        "reward_load_balance": 0.0,
        "reward_enqueue": 0.0,
        "penalty_deadline": -185.11935149143255,
        "penalty_task_failure": -536.0000000000038,
        "penalty_queue_full": -153.6000000000001,
        "penalty_invalid_action": 0.0,
        "penalty_blocked": -3.0,
        "penalty_failed_handover": -4.499999999999999,
        "penalty_handover_cost": -1.2000000000000008,
        "deadline_violation_rate": 0.1588807208916291,
        "handover_frequency": 0.004583333333333333
      },
      {
        "episode": 2,
        "reward": -20.017865972808384,
        "avg_delay": 2.6878360371426173,
        "total_energy": 1009.3952426682797,
        "handover_success_rate": 0.7843137254901961,
        "handover_failure_rate": 0.21568627450980393,
        "forced_termination_rate": 0.0,
        "service_continuity_rate": 0.9845333333333334,
        "service_availability_rate": 0.9870833333333333,
        "task_completion_rate": 0.8256007613609326,
        "task_success_rate": 0.8254043767840152,
        "task_failure_rate": 0.17435775451950522,
        "task_settlement_rate": 0.9997621313035204,
        "task_resolution_rate": 0.9997621313035204,
        "pending_task_rate": 0.0002378686964795433,
        "active_load_balance_score": 0.009985250663726538,
        "avg_load_balance_score": 0.009985250663726538,
        "mec_activity_score": 0.07933501489460468,
        "resolved_tasks": 4203.0,
        "pending_tasks": 1.0,
        "total_tasks": 4204.0,
        "completed_tasks": 3470.0,
        "deadline_violations": 733.0,
        "reward_delay": -1052.3105958419528,
        "reward_energy": -3.487596783650176,
        "reward_qos": 801.5999999999601,
        "reward_task_success": 1388.0000000000416,
        "reward_deadline_slack": 334.2702685152139,
        "reward_service_continuity": -1.391999999999998,
        "reward_handover": 2.5546954926909335,
        "reward_load_balance": 0.03310810542611686,
        "reward_enqueue": 0.0,
        "penalty_deadline": -227.6344567153299,
        "penalty_task_failure": -586.4000000000009,
        "penalty_queue_full": -218.70000000000258,
        "penalty_invalid_action": 0.0,
        "penalty_blocked": -3.0,
        "penalty_failed_handover": -3.2999999999999994,
        "penalty_handover_cost": -1.2050000000000007,
        "deadline_violation_rate": 0.17435775451950522,
        "handover_frequency": 0.00425
      },
      {
        "episode": 3,
        "reward": -22.858686640516087,
        "avg_delay": 2.6864760764781797,
        "total_energy": 1003.626859120421,
        "handover_success_rate": 0.6981132075471698,
        "handover_failure_rate": 0.3018867924528302,
        "forced_termination_rate": 0.0,
        "service_continuity_rate": 0.9846,
        "service_availability_rate": 0.98725,
        "task_completion_rate": 0.8241732096121818,
        "task_success_rate": 0.8241732096121818,
        "task_failure_rate": 0.17582679038781823,
        "task_settlement_rate": 1.0,
        "task_resolution_rate": 1.0,
        "pending_task_rate": 0.0,
        "active_load_balance_score": 0.001666666634228765,
        "avg_load_balance_score": 0.001666666634228765,
        "mec_activity_score": 0.07752525024116039,
        "resolved_tasks": 4203.0,
        "pending_tasks": 0.0,
        "total_tasks": 4203.0,
        "completed_tasks": 3464.0,
        "deadline_violations": 739.0,
        "reward_delay": -1065.4747512489282,
        "reward_energy": -3.5006106570822895,
        "reward_qos": 794.3999999999579,
        "reward_task_success": 1385.600000000041,
        "reward_deadline_slack": 326.9400822130498,
        "reward_service_continuity": -1.3859999999999983,
        "reward_handover": 2.359935960140188,
        "reward_load_balance": 0.0,
        "reward_enqueue": 0.0,
        "penalty_deadline": -238.72296649369832,
        "penalty_task_failure": -591.2000000000006,
        "penalty_queue_full": -237.00000000000327,
        "penalty_invalid_action": 0.0,
        "penalty_blocked": -2.0,
        "penalty_failed_handover": -4.799999999999999,
        "penalty_handover_cost": -1.1100000000000008,
        "deadline_violation_rate": 0.17582679038781823,
        "handover_frequency": 0.004416666666666667
      }
    ],
    "avg_delay": 2.6308080482654894,
    "total_energy": 962.4897048497738,
    "handover_success_rate": 0.7365665534366977,
    "handover_failure_rate": 0.2634334465633023,
    "forced_termination_rate": 0.0,
    "service_continuity_rate": 0.9837944444444444,
    "service_availability_rate": 0.9864444444444445,
    "task_completion_rate": 0.8302977500271619,
    "task_success_rate": 0.8302322885015226,
    "task_failure_rate": 0.16968842193298417,
    "task_settlement_rate": 0.9999207104345068,
    "task_resolution_rate": 0.9999207104345068,
    "pending_task_rate": 7.92895654931811e-05,
    "handover_frequency": 0.004416666666666667,
    "active_load_balance_score": 0.004995083522137611,
    "avg_load_balance_score": 0.004995083522137611,
    "mec_activity_score": 0.07716049167017142,
    "resolved_tasks": 4207.666666666667,
    "pending_tasks": 0.3333333333333333,
    "total_tasks": 4208.0,
    "completed_tasks": 3493.6666666666665,
    "deadline_violations": 714.0,
    "deadline_violation_rate": 0.16968842193298417,
    "reward_delay": -1048.829179487141,
    "reward_energy": -3.4720271473066115,
    "reward_qos": 826.2666666666236,
    "reward_task_success": 1397.4666666667106,
    "reward_deadline_slack": 335.79385242555526,
    "reward_service_continuity": -1.458499999999998,
    "reward_handover": 2.48368304518696,
    "reward_load_balance": 0.011036035142038955,
    "reward_enqueue": 0.0,
    "penalty_deadline": -217.15892490015358,
    "penalty_task_failure": -571.2000000000018,
    "penalty_queue_full": -203.10000000000198,
    "penalty_invalid_action": 0.0,
    "penalty_blocked": -2.6666666666666665,
    "penalty_failed_handover": -4.199999999999999,
    "penalty_handover_cost": -1.1716666666666675,
    "handover_action_rate": 0.0010277777777777778,
    "local_compute_rate": 0.0,
    "mean_offload_ratio": 0.7709497213363647,
    "source": "checkpoint_eval",
    "training_history": "/home/pjpjq/LEO_switch/results/full_train_latency_priority_multiuser_u20_multiuser_6_7/training_history.json",
    "selection_metric": "avg_delay",
    "selection_score": -2.6308080482654894,
    "energy_per_resolved_task": 0.22874666200976956,
    "primary_metric_wins": [],
    "primary_metric_win_count": 0,
    "primary_metric_wins_text": ""
  },
  {
    "method": "attn_mappo",
    "display_name": "Attn+MAPPO",
    "episodes": 3,
    "is_system": false,
    "mean_reward": -8.957195548676582,
    "std_reward": 5.482052922107605,
    "episode_metrics": [
      {
        "episode": 1,
        "reward": -2.828047547236726,
        "avg_delay": 2.454771725876097,
        "total_energy": 874.0493975356266,
        "handover_success_rate": 0.7751196172248804,
        "handover_failure_rate": 0.22488038277511962,
        "forced_termination_rate": 0.0,
        "service_continuity_rate": 0.9724666666666667,
        "service_availability_rate": 0.9829166666666667,
        "task_completion_rate": 0.8491818828551103,
        "task_success_rate": 0.8491818828551103,
        "task_failure_rate": 0.15081811714488974,
        "task_settlement_rate": 1.0,
        "task_resolution_rate": 1.0,
        "pending_task_rate": 0.0,
        "active_load_balance_score": 0.0,
        "avg_load_balance_score": 0.0,
        "mec_activity_score": 0.04903198496128122,
        "resolved_tasks": 4217.0,
        "pending_tasks": 0.0,
        "total_tasks": 4217.0,
        "completed_tasks": 3581.0,
        "deadline_violations": 636.0,
        "reward_delay": -1019.0297030883678,
        "reward_energy": -3.705515323588674,
        "reward_qos": 923.5999999999497,
        "reward_task_success": 1432.4000000000517,
        "reward_deadline_slack": 347.00672581110535,
        "reward_service_continuity": -2.4779999999999993,
        "reward_handover": 9.415305097996445,
        "reward_load_balance": 0.0,
        "reward_enqueue": 0.0,
        "penalty_deadline": -152.75622381366645,
        "penalty_task_failure": -508.80000000000507,
        "penalty_queue_full": -88.49999999999952,
        "penalty_invalid_action": 0.0,
        "penalty_blocked": -3.0,
        "penalty_failed_handover": -14.100000000000012,
        "penalty_handover_cost": -4.859999999999996,
        "deadline_violation_rate": 0.15081811714488974,
        "handover_frequency": 0.017416666666666667
      },
      {
        "episode": 2,
        "reward": -16.133279605752588,
        "avg_delay": 2.657459287857879,
        "total_energy": 1046.1173584208952,
        "handover_success_rate": 0.7894736842105263,
        "handover_failure_rate": 0.21052631578947367,
        "forced_termination_rate": 0.0,
        "service_continuity_rate": 0.9843166666666667,
        "service_availability_rate": 0.9871666666666666,
        "task_completion_rate": 0.8327385201046871,
        "task_success_rate": 0.8325404376784015,
        "task_failure_rate": 0.16722169362511893,
        "task_settlement_rate": 0.9997621313035204,
        "task_resolution_rate": 0.9997621313035204,
        "pending_task_rate": 0.0002378686964795433,
        "active_load_balance_score": 0.0083259586003208,
        "avg_load_balance_score": 0.0083259586003208,
        "mec_activity_score": 0.07112794425338506,
        "resolved_tasks": 4203.0,
        "pending_tasks": 1.0,
        "total_tasks": 4204.0,
        "completed_tasks": 3500.0,
        "deadline_violations": 703.0,
        "reward_delay": -1044.8281753545032,
        "reward_energy": -3.80122361734611,
        "reward_qos": 837.5999999999602,
        "reward_task_success": 1400.0000000000443,
        "reward_deadline_slack": 337.466453922839,
        "reward_service_continuity": -1.4114999999999973,
        "reward_handover": 2.8209216966113737,
        "reward_load_balance": 0.03310810542611686,
        "reward_enqueue": 0.0,
        "penalty_deadline": -217.031976496933,
        "penalty_task_failure": -562.4000000000023,
        "penalty_queue_full": -197.40000000000177,
        "penalty_invalid_action": 0.0,
        "penalty_blocked": -3.0,
        "penalty_failed_handover": -3.599999999999999,
        "penalty_handover_cost": -1.3550000000000009,
        "deadline_violation_rate": 0.16722169362511893,
        "handover_frequency": 0.00475
      },
      {
        "episode": 3,
        "reward": -7.910259493040434,
        "avg_delay": 2.546095901737254,
        "total_energy": 960.754113465665,
        "handover_success_rate": 0.73,
        "handover_failure_rate": 0.27,
        "forced_termination_rate": 0.0,
        "service_continuity_rate": 0.9839166666666667,
        "service_availability_rate": 0.9889166666666667,
        "task_completion_rate": 0.8458244111349036,
        "task_success_rate": 0.8458244111349036,
        "task_failure_rate": 0.15417558886509636,
        "task_settlement_rate": 1.0,
        "task_resolution_rate": 1.0,
        "pending_task_rate": 0.0,
        "active_load_balance_score": 0.0016410254213231645,
        "avg_load_balance_score": 0.0016410254213231645,
        "mec_activity_score": 0.06401514951139689,
        "resolved_tasks": 4203.0,
        "pending_tasks": 0.0,
        "total_tasks": 4203.0,
        "completed_tasks": 3555.0,
        "deadline_violations": 648.0,
        "reward_delay": -1036.4753714301985,
        "reward_energy": -3.797709994298712,
        "reward_qos": 903.5999999999545,
        "reward_task_success": 1422.0000000000493,
        "reward_deadline_slack": 338.06272188438874,
        "reward_service_continuity": -1.4474999999999971,
        "reward_handover": 4.2946459849891845,
        "reward_load_balance": 0.036227395651924114,
        "reward_enqueue": 0.0,
        "penalty_deadline": -172.59862566059758,
        "penalty_task_failure": -518.4000000000048,
        "penalty_queue_full": -149.69999999999996,
        "penalty_invalid_action": 0.0,
        "penalty_blocked": -2.0,
        "penalty_failed_handover": -8.099999999999998,
        "penalty_handover_cost": -2.2,
        "deadline_violation_rate": 0.15417558886509636,
        "handover_frequency": 0.008333333333333333
      }
    ],
    "avg_delay": 2.55277563849041,
    "total_energy": 960.3069564740622,
    "handover_success_rate": 0.7648644338118022,
    "handover_failure_rate": 0.23513556618819775,
    "forced_termination_rate": 0.0,
    "service_continuity_rate": 0.9802333333333334,
    "service_availability_rate": 0.9863333333333332,
    "task_completion_rate": 0.8425816046982337,
    "task_success_rate": 0.8425155772228052,
    "task_failure_rate": 0.15740513321170166,
    "task_settlement_rate": 0.9999207104345068,
    "task_resolution_rate": 0.9999207104345068,
    "pending_task_rate": 7.92895654931811e-05,
    "handover_frequency": 0.010166666666666666,
    "active_load_balance_score": 0.003322328007214655,
    "avg_load_balance_score": 0.003322328007214655,
    "mec_activity_score": 0.06139169290868773,
    "resolved_tasks": 4207.666666666667,
    "pending_tasks": 0.3333333333333333,
    "total_tasks": 4208.0,
    "completed_tasks": 3545.3333333333335,
    "deadline_violations": 662.3333333333334,
    "deadline_violation_rate": 0.15740513321170166,
    "reward_delay": -1033.4444166243566,
    "reward_energy": -3.7681496450778322,
    "reward_qos": 888.2666666666214,
    "reward_task_success": 1418.1333333333816,
    "reward_deadline_slack": 340.8453005394444,
    "reward_service_continuity": -1.778999999999998,
    "reward_handover": 5.510290926532335,
    "reward_load_balance": 0.023111833692680328,
    "reward_enqueue": 0.0,
    "penalty_deadline": -180.79560865706569,
    "penalty_task_failure": -529.8666666666708,
    "penalty_queue_full": -145.20000000000041,
    "penalty_invalid_action": 0.0,
    "penalty_blocked": -2.6666666666666665,
    "penalty_failed_handover": -8.600000000000003,
    "penalty_handover_cost": -2.8049999999999984,
    "handover_action_rate": 0.0069722222222222225,
    "local_compute_rate": 0.0,
    "mean_offload_ratio": 0.7283968925476074,
    "trained_timesteps": 300000,
    "checkpoint": "/home/pjpjq/LEO_switch/results/baseline_compare/multiuser_scaling_multiuser_6_7/u20/learned_baselines/attn_mappo/best_model.pt",
    "training_history": "/home/pjpjq/LEO_switch/results/baseline_compare/multiuser_scaling_multiuser_6_7/u20/learned_baselines/attn_mappo/training_history.json",
    "source": "attn_mappo_train_eval",
    "selection_metric": "avg_delay",
    "selection_score": -2.55277563849041,
    "energy_per_resolved_task": 0.22822790694939288,
    "primary_metric_wins": [
      "Average Delay",
      "Task Success",
      "Deadline Violation"
    ],
    "primary_metric_win_count": 3,
    "primary_metric_wins_text": "Average Delay | Task Success | Deadline Violation"
  },
  {
    "method": "pdqn",
    "display_name": "PDQN",
    "episodes": 3,
    "is_system": false,
    "mean_reward": -16.413333094619748,
    "std_reward": 4.981266621108678,
    "episode_metrics": [
      {
        "episode": 1,
        "reward": -10.358897938611298,
        "avg_delay": 2.545287976319155,
        "total_energy": 400.0080590927938,
        "handover_success_rate": 0.7882797731568998,
        "handover_failure_rate": 0.21172022684310018,
        "forced_termination_rate": 0.0018867924528301887,
        "service_continuity_rate": 0.9388833333333331,
        "service_availability_rate": 0.9653333333333334,
        "task_completion_rate": 0.8368508418306854,
        "task_success_rate": 0.8368508418306854,
        "task_failure_rate": 0.1631491581693147,
        "task_settlement_rate": 1.0,
        "task_resolution_rate": 1.0,
        "pending_task_rate": 0.0,
        "active_load_balance_score": 0.02495304643176122,
        "avg_load_balance_score": 0.02495304643176122,
        "mec_activity_score": 0.0896885497495532,
        "resolved_tasks": 4217.0,
        "pending_tasks": 0.0,
        "total_tasks": 4217.0,
        "completed_tasks": 3529.0,
        "deadline_violations": 688.0,
        "reward_delay": -1026.2631722142673,
        "reward_energy": -1.4832946083303609,
        "reward_qos": 861.199999999953,
        "reward_task_success": 1411.600000000047,
        "reward_deadline_slack": 328.2117021274712,
        "reward_service_continuity": -5.500499999999997,
        "reward_handover": 27.84616886535087,
        "reward_load_balance": 0.03473548734489369,
        "reward_enqueue": 0.0,
        "penalty_deadline": -165.72003244498626,
        "penalty_task_failure": -550.4000000000029,
        "penalty_queue_full": -71.39999999999968,
        "penalty_invalid_action": -1.5,
        "penalty_blocked": -3.0,
        "penalty_failed_handover": -32.700000000000045,
        "penalty_handover_cost": -12.539999999999928,
        "deadline_violation_rate": 0.1631491581693147,
        "handover_frequency": 0.044083333333333335
      },
      {
        "episode": 2,
        "reward": -16.321674764203784,
        "avg_delay": 2.660023932982207,
        "total_energy": 510.69839334709786,
        "handover_success_rate": 0.7445887445887446,
        "handover_failure_rate": 0.2554112554112554,
        "forced_termination_rate": 0.004310344827586207,
        "service_continuity_rate": 0.9485666666666666,
        "service_availability_rate": 0.9716666666666667,
        "task_completion_rate": 0.8336902212705211,
        "task_success_rate": 0.8334919124643198,
        "task_failure_rate": 0.16627021883920076,
        "task_settlement_rate": 0.9997621313035204,
        "task_resolution_rate": 0.9997621313035204,
        "pending_task_rate": 0.0002378686964795433,
        "active_load_balance_score": 0.03152500282311883,
        "avg_load_balance_score": 0.03152500282311883,
        "mec_activity_score": 0.10101009889816244,
        "resolved_tasks": 4203.0,
        "pending_tasks": 1.0,
        "total_tasks": 4204.0,
        "completed_tasks": 3504.0,
        "deadline_violations": 699.0,
        "reward_delay": -1045.7176139428896,
        "reward_energy": -1.5709600191235187,
        "reward_qos": 842.3999999999606,
        "reward_task_success": 1401.6000000000447,
        "reward_deadline_slack": 321.8879322674409,
        "reward_service_continuity": -4.628999999999986,
        "reward_handover": 21.98181864980172,
        "reward_load_balance": 0.004584206848342093,
        "reward_enqueue": 0.0,
        "penalty_deadline": -189.07888303684706,
        "penalty_task_failure": -559.2000000000024,
        "penalty_queue_full": -135.29999999999941,
        "penalty_invalid_action": -1.0,
        "penalty_blocked": -1.0,
        "penalty_failed_handover": -34.800000000000026,
        "penalty_handover_cost": -10.339999999999973,
        "deadline_violation_rate": 0.16627021883920076,
        "handover_frequency": 0.0385
      },
      {
        "episode": 3,
        "reward": -22.559426581044168,
        "avg_delay": 2.6612350007279315,
        "total_energy": 508.67092447464796,
        "handover_success_rate": 0.7502876869965478,
        "handover_failure_rate": 0.24971231300345226,
        "forced_termination_rate": 0.0,
        "service_continuity_rate": 0.9180499999999999,
        "service_availability_rate": 0.9615,
        "task_completion_rate": 0.825113176078151,
        "task_success_rate": 0.8239352843207233,
        "task_failure_rate": 0.1746371639305258,
        "task_settlement_rate": 0.9985724482512491,
        "task_resolution_rate": 0.9985724482512491,
        "pending_task_rate": 0.0014275517487508922,
        "active_load_balance_score": 0.02325769739261141,
        "avg_load_balance_score": 0.02325769739261141,
        "mec_activity_score": 0.10029461057856678,
        "resolved_tasks": 4197.0,
        "pending_tasks": 6.0,
        "total_tasks": 4203.0,
        "completed_tasks": 3463.0,
        "deadline_violations": 734.0,
        "reward_delay": -1055.1540821213932,
        "reward_energy": -1.6144651441808284,
        "reward_qos": 797.9999999999598,
        "reward_task_success": 1385.200000000041,
        "reward_deadline_slack": 312.9925668697828,
        "reward_service_continuity": -7.375500000000007,
        "reward_handover": 43.131808279088304,
        "reward_load_balance": 0.011300204324481394,
        "reward_enqueue": 0.0,
        "penalty_deadline": -199.91122917287078,
        "penalty_task_failure": -587.2000000000008,
        "penalty_queue_full": -118.79999999999923,
        "penalty_invalid_action": 0.0,
        "penalty_blocked": -2.0,
        "penalty_failed_handover": -65.09999999999974,
        "penalty_handover_cost": -19.594999999999988,
        "deadline_violation_rate": 0.1746371639305258,
        "handover_frequency": 0.07241666666666667
      }
    ],
    "avg_delay": 2.6221823033430973,
    "total_energy": 473.1257923048465,
    "handover_success_rate": 0.7610520682473974,
    "handover_failure_rate": 0.23894793175260265,
    "forced_termination_rate": 0.002065712426805465,
    "service_continuity_rate": 0.9351666666666665,
    "service_availability_rate": 0.9661666666666667,
    "task_completion_rate": 0.8318847463931193,
    "task_success_rate": 0.8314260128719094,
    "task_failure_rate": 0.1680188469796804,
    "task_settlement_rate": 0.9994448598515899,
    "task_resolution_rate": 0.9994448598515899,
    "pending_task_rate": 0.0005551401484101451,
    "handover_frequency": 0.05166666666666667,
    "active_load_balance_score": 0.026578582215830485,
    "avg_load_balance_score": 0.026578582215830485,
    "mec_activity_score": 0.09699775307542746,
    "resolved_tasks": 4205.666666666667,
    "pending_tasks": 2.3333333333333335,
    "total_tasks": 4208.0,
    "completed_tasks": 3498.6666666666665,
    "deadline_violations": 707.0,
    "deadline_violation_rate": 0.1680188469796804,
    "reward_delay": -1042.3782894261833,
    "reward_energy": -1.5562399238782358,
    "reward_qos": 833.8666666666244,
    "reward_task_success": 1399.4666666667108,
    "reward_deadline_slack": 321.03073375489834,
    "reward_service_continuity": -5.834999999999996,
    "reward_handover": 30.986598598080295,
    "reward_load_balance": 0.016873299505905725,
    "reward_enqueue": 0.0,
    "penalty_deadline": -184.90338155156803,
    "penalty_task_failure": -565.6000000000021,
    "penalty_queue_full": -108.49999999999943,
    "penalty_invalid_action": -0.8333333333333334,
    "penalty_blocked": -2.0,
    "penalty_failed_handover": -44.19999999999993,
    "penalty_handover_cost": -14.158333333333298,
    "handover_action_rate": 0.05036111111111111,
    "local_compute_rate": 0.0014166666666666668,
    "mean_offload_ratio": 0.9783852100372314,
    "trained_timesteps": 300000,
    "checkpoint": "/home/pjpjq/LEO_switch/results/baseline_compare/multiuser_scaling_multiuser_6_7/u20/learned_baselines/pdqn/pdqn_model.pt",
    "training_history": "/home/pjpjq/LEO_switch/results/baseline_compare/multiuser_scaling_multiuser_6_7/u20/learned_baselines/pdqn/training_history.json",
    "source": "pdqn_train_eval",
    "selection_metric": "avg_delay",
    "selection_score": -2.6221823033430973,
    "energy_per_resolved_task": 0.11249721620944278,
    "primary_metric_wins": [],
    "primary_metric_win_count": 0,
    "primary_metric_wins_text": ""
  },
  {
    "method": "mappo_no_han",
    "display_name": "MAPPO",
    "episodes": 3,
    "is_system": false,
    "mean_reward": -18.211852624013403,
    "std_reward": 2.9655464180338185,
    "episode_metrics": [
      {
        "episode": 1,
        "reward": -14.201442898085947,
        "avg_delay": 2.5740391784872267,
        "total_energy": 945.9223354484669,
        "handover_success_rate": 0.7254901960784313,
        "handover_failure_rate": 0.27450980392156865,
        "forced_termination_rate": 0.0,
        "service_continuity_rate": 0.9836166666666667,
        "service_availability_rate": 0.9861666666666666,
        "task_completion_rate": 0.8342423523832108,
        "task_success_rate": 0.8342423523832108,
        "task_failure_rate": 0.16575764761678918,
        "task_settlement_rate": 1.0,
        "task_resolution_rate": 1.0,
        "pending_task_rate": 0.0,
        "active_load_balance_score": 0.00333333326845753,
        "avg_load_balance_score": 0.00333333326845753,
        "mec_activity_score": 0.07386363400146365,
        "resolved_tasks": 4217.0,
        "pending_tasks": 0.0,
        "total_tasks": 4217.0,
        "completed_tasks": 3518.0,
        "deadline_violations": 699.0,
        "reward_delay": -1044.5309891080294,
        "reward_energy": -3.557911548123683,
        "reward_qos": 847.9999999999551,
        "reward_task_success": 1407.200000000046,
        "reward_deadline_slack": 341.88507769678756,
        "reward_service_continuity": -1.4744999999999968,
        "reward_handover": 2.3690019884097646,
        "reward_load_balance": 0.0,
        "reward_enqueue": 0.0,
        "penalty_deadline": -206.5821925709348,
        "penalty_task_failure": -559.2000000000024,
        "penalty_queue_full": -182.7000000000012,
        "penalty_invalid_action": 0.0,
        "penalty_blocked": -3.0,
        "penalty_failed_handover": -4.199999999999999,
        "penalty_handover_cost": -1.1100000000000008,
        "deadline_violation_rate": 0.16575764761678918,
        "handover_frequency": 0.00425
      },
      {
        "episode": 2,
        "reward": -19.15443868942568,
        "avg_delay": 2.6769198627327198,
        "total_energy": 1032.142097340741,
        "handover_success_rate": 0.7843137254901961,
        "handover_failure_rate": 0.21568627450980393,
        "forced_termination_rate": 0.0,
        "service_continuity_rate": 0.9848666666666667,
        "service_availability_rate": 0.9874166666666667,
        "task_completion_rate": 0.827266238401142,
        "task_success_rate": 0.827069457659372,
        "task_failure_rate": 0.17269267364414842,
        "task_settlement_rate": 0.9997621313035204,
        "task_resolution_rate": 0.9997621313035204,
        "pending_task_rate": 0.0002378686964795433,
        "active_load_balance_score": 0.009985250663726538,
        "avg_load_balance_score": 0.009985250663726538,
        "mec_activity_score": 0.07588383654753367,
        "resolved_tasks": 4203.0,
        "pending_tasks": 1.0,
        "total_tasks": 4204.0,
        "completed_tasks": 3477.0,
        "deadline_violations": 726.0,
        "reward_delay": -1050.2777014152173,
        "reward_energy": -3.624329086517842,
        "reward_qos": 809.9999999999603,
        "reward_task_success": 1390.8000000000422,
        "reward_deadline_slack": 335.77185503971555,
        "reward_service_continuity": -1.3619999999999974,
        "reward_handover": 2.55452117380241,
        "reward_load_balance": 0.03310810542611686,
        "reward_enqueue": 0.0,
        "penalty_deadline": -224.56253301048602,
        "penalty_task_failure": -580.8000000000012,
        "penalty_queue_full": -216.9000000000025,
        "penalty_invalid_action": 0.0,
        "penalty_blocked": -3.0,
        "penalty_failed_handover": -3.2999999999999994,
        "penalty_handover_cost": -1.2050000000000007,
        "deadline_violation_rate": 0.17269267364414842,
        "handover_frequency": 0.00425
      },
      {
        "episode": 3,
        "reward": -21.279676284528573,
        "avg_delay": 2.6735035958202857,
        "total_energy": 1029.5318538317015,
        "handover_success_rate": 0.6981132075471698,
        "handover_failure_rate": 0.3018867924528302,
        "forced_termination_rate": 0.0,
        "service_continuity_rate": 0.9876,
        "service_availability_rate": 0.99025,
        "task_completion_rate": 0.8279800142755175,
        "task_success_rate": 0.8279800142755175,
        "task_failure_rate": 0.17201998572448252,
        "task_settlement_rate": 1.0,
        "task_resolution_rate": 1.0,
        "pending_task_rate": 0.0,
        "active_load_balance_score": 0.001666666634228765,
        "avg_load_balance_score": 0.001666666634228765,
        "mec_activity_score": 0.07588383611291646,
        "resolved_tasks": 4203.0,
        "pending_tasks": 0.0,
        "total_tasks": 4203.0,
        "completed_tasks": 3480.0,
        "deadline_violations": 723.0,
        "reward_delay": -1066.7463924736971,
        "reward_energy": -3.648650091950466,
        "reward_qos": 813.5999999999572,
        "reward_task_success": 1392.0000000000425,
        "reward_deadline_slack": 328.9926963135116,
        "reward_service_continuity": -1.1159999999999974,
        "reward_handover": 2.359087683507178,
        "reward_load_balance": 0.0,
        "reward_enqueue": 0.0,
        "penalty_deadline": -233.00727421390076,
        "penalty_task_failure": -578.4000000000013,
        "penalty_queue_full": -236.40000000000325,
        "penalty_invalid_action": 0.0,
        "penalty_blocked": -2.0,
        "penalty_failed_handover": -4.799999999999999,
        "penalty_handover_cost": -1.1100000000000008,
        "deadline_violation_rate": 0.17201998572448252,
        "handover_frequency": 0.004416666666666667
      }
    ],
    "avg_delay": 2.6414875456800773,
    "total_energy": 1002.5320955403031,
    "handover_success_rate": 0.7359723763719325,
    "handover_failure_rate": 0.2640276236280676,
    "forced_termination_rate": 0.0,
    "service_continuity_rate": 0.9853611111111111,
    "service_availability_rate": 0.9879444444444445,
    "task_completion_rate": 0.8298295350199568,
    "task_success_rate": 0.8297639414393667,
    "task_failure_rate": 0.17015676899514007,
    "task_settlement_rate": 0.9999207104345068,
    "task_resolution_rate": 0.9999207104345068,
    "pending_task_rate": 7.92895654931811e-05,
    "handover_frequency": 0.0043055555555555555,
    "active_load_balance_score": 0.004995083522137611,
    "avg_load_balance_score": 0.004995083522137611,
    "mec_activity_score": 0.07521043555397126,
    "resolved_tasks": 4207.666666666667,
    "pending_tasks": 0.3333333333333333,
    "total_tasks": 4208.0,
    "completed_tasks": 3491.6666666666665,
    "deadline_violations": 716.0,
    "deadline_violation_rate": 0.17015676899514007,
    "reward_delay": -1053.8516943323145,
    "reward_energy": -3.6102969088639973,
    "reward_qos": 823.8666666666242,
    "reward_task_success": 1396.6666666667104,
    "reward_deadline_slack": 335.5498763500049,
    "reward_service_continuity": -1.3174999999999972,
    "reward_handover": 2.4275369485731173,
    "reward_load_balance": 0.011036035142038955,
    "reward_enqueue": 0.0,
    "penalty_deadline": -221.3839999317739,
    "penalty_task_failure": -572.8000000000017,
    "penalty_queue_full": -212.0000000000023,
    "penalty_invalid_action": 0.0,
    "penalty_blocked": -2.6666666666666665,
    "penalty_failed_handover": -4.099999999999999,
    "penalty_handover_cost": -1.1416666666666673,
    "handover_action_rate": 0.0012777777777777779,
    "local_compute_rate": 0.0,
    "mean_offload_ratio": 0.7540462613105774,
    "trained_timesteps": 300000,
    "checkpoint": "/home/pjpjq/LEO_switch/results/baseline_compare/multiuser_scaling_multiuser_6_7/u20/learned_baselines/mappo_no_han/best_model.pt",
    "training_history": "/home/pjpjq/LEO_switch/results/baseline_compare/multiuser_scaling_multiuser_6_7/u20/learned_baselines/mappo_no_han/training_history.json",
    "source": "mappo_no_han_train_eval",
    "selection_metric": "avg_delay",
    "selection_score": -2.6414875456800773,
    "energy_per_resolved_task": 0.2382631931094755,
    "primary_metric_wins": [
      "Service Continuity"
    ],
    "primary_metric_win_count": 1,
    "primary_metric_wins_text": "Service Continuity"
  },
  {
    "method": "maddpg",
    "display_name": "MADDPG",
    "episodes": 3,
    "is_system": false,
    "mean_reward": -16.278691297898828,
    "std_reward": 10.152923895617564,
    "episode_metrics": [
      {
        "episode": 1,
        "reward": -4.305897447469281,
        "avg_delay": 2.5296918599699474,
        "total_energy": 419.88028914251316,
        "handover_success_rate": 0.7866666666666666,
        "handover_failure_rate": 0.21333333333333335,
        "forced_termination_rate": 0.0,
        "service_continuity_rate": 0.9824166666666667,
        "service_availability_rate": 0.9861666666666666,
        "task_completion_rate": 0.8468105288119516,
        "task_success_rate": 0.8468105288119516,
        "task_failure_rate": 0.15318947118804838,
        "task_settlement_rate": 1.0,
        "task_resolution_rate": 1.0,
        "pending_task_rate": 0.0,
        "active_load_balance_score": 0.03491921861730339,
        "avg_load_balance_score": 0.03491921861730339,
        "mec_activity_score": 0.09789562029764057,
        "resolved_tasks": 4217.0,
        "pending_tasks": 0.0,
        "total_tasks": 4217.0,
        "completed_tasks": 3571.0,
        "deadline_violations": 646.0,
        "reward_delay": -1046.6389130157665,
        "reward_energy": -1.4801747914706043,
        "reward_qos": 911.59999999995,
        "reward_task_success": 1428.4000000000508,
        "reward_deadline_slack": 331.7705666425717,
        "reward_service_continuity": -1.5824999999999976,
        "reward_handover": 3.5253112876952173,
        "reward_load_balance": 0.029931530238493684,
        "reward_enqueue": 0.0,
        "penalty_deadline": -161.96098996636317,
        "penalty_task_failure": -516.8000000000048,
        "penalty_queue_full": -80.69999999999959,
        "penalty_invalid_action": 0.0,
        "penalty_blocked": -3.0,
        "penalty_failed_handover": -4.799999999999999,
        "penalty_handover_cost": -1.785000000000001,
        "deadline_violation_rate": 0.15318947118804838,
        "handover_frequency": 0.00625
      },
      {
        "episode": 2,
        "reward": -29.12890283356459,
        "avg_delay": 2.783496629737532,
        "total_energy": 510.1604810864511,
        "handover_success_rate": 0.7311827956989247,
        "handover_failure_rate": 0.26881720430107525,
        "forced_termination_rate": 0.0,
        "service_continuity_rate": 0.9238666666666665,
        "service_availability_rate": 0.9331666666666667,
        "task_completion_rate": 0.7908636688079943,
        "task_success_rate": 0.7906755470980019,
        "task_failure_rate": 0.20908658420551857,
        "task_settlement_rate": 0.9997621313035204,
        "task_resolution_rate": 0.9997621313035204,
        "pending_task_rate": 0.0002378686964795433,
        "active_load_balance_score": 0.024900350505599512,
        "avg_load_balance_score": 0.024900350505599512,
        "mec_activity_score": 0.09600168146813909,
        "resolved_tasks": 4203.0,
        "pending_tasks": 1.0,
        "total_tasks": 4204.0,
        "completed_tasks": 3324.0,
        "deadline_violations": 879.0,
        "reward_delay": -1009.1427962211595,
        "reward_energy": -1.5094779833618777,
        "reward_qos": 626.399999999966,
        "reward_task_success": 1329.6000000000283,
        "reward_deadline_slack": 304.90252896441405,
        "reward_service_continuity": -6.851999999999998,
        "reward_handover": 7.880504731335145,
        "reward_load_balance": 0.06551794242175502,
        "reward_enqueue": 0.0,
        "penalty_deadline": -242.41396069563473,
        "penalty_task_failure": -703.1999999999942,
        "penalty_queue_full": -108.29999999999933,
        "penalty_invalid_action": 0.0,
        "penalty_blocked": -3.0,
        "penalty_failed_handover": -15.000000000000014,
        "penalty_handover_cost": -4.09999999999999,
        "deadline_violation_rate": 0.20908658420551857,
        "handover_frequency": 0.0155
      },
      {
        "episode": 3,
        "reward": -15.401273612662608,
        "avg_delay": 2.6501814613490926,
        "total_energy": 531.3511870683552,
        "handover_success_rate": 0.7295081967213115,
        "handover_failure_rate": 0.27049180327868855,
        "forced_termination_rate": 0.0,
        "service_continuity_rate": 0.9770666666666666,
        "service_availability_rate": 0.9831666666666666,
        "task_completion_rate": 0.831984769157544,
        "task_success_rate": 0.8317868189388532,
        "task_failure_rate": 0.16797525576968833,
        "task_settlement_rate": 0.9997620747085415,
        "task_resolution_rate": 0.9997620747085415,
        "pending_task_rate": 0.00023792529145848205,
        "active_load_balance_score": 0.024899669624128158,
        "avg_load_balance_score": 0.024899669624128158,
        "mec_activity_score": 0.10757575500756503,
        "resolved_tasks": 4202.0,
        "pending_tasks": 1.0,
        "total_tasks": 4203.0,
        "completed_tasks": 3496.0,
        "deadline_violations": 706.0,
        "reward_delay": -1059.2136662496118,
        "reward_energy": -1.6054943774226582,
        "reward_qos": 833.5999999999572,
        "reward_task_success": 1398.400000000044,
        "reward_deadline_slack": 319.1465247268494,
        "reward_service_continuity": -2.0639999999999987,
        "reward_handover": 5.371783924026888,
        "reward_load_balance": 0.0,
        "reward_enqueue": 0.0,
        "penalty_deadline": -193.90130235020277,
        "penalty_task_failure": -564.8000000000021,
        "penalty_queue_full": -155.40000000000018,
        "penalty_invalid_action": 0.0,
        "penalty_blocked": -2.0,
        "penalty_failed_handover": -9.900000000000002,
        "penalty_handover_cost": -2.6699999999999973,
        "deadline_violation_rate": 0.16797525576968833,
        "handover_frequency": 0.010166666666666666
      }
    ],
    "avg_delay": 2.654456650352191,
    "total_energy": 487.13065243243983,
    "handover_success_rate": 0.7491192196956343,
    "handover_failure_rate": 0.2508807803043657,
    "forced_termination_rate": 0.0,
    "service_continuity_rate": 0.9611166666666665,
    "service_availability_rate": 0.9674999999999999,
    "task_completion_rate": 0.8232196555924967,
    "task_success_rate": 0.8230909649496022,
    "task_failure_rate": 0.17675043705441842,
    "task_settlement_rate": 0.9998414020040207,
    "task_resolution_rate": 0.9998414020040207,
    "pending_task_rate": 0.0001585979959793418,
    "handover_frequency": 0.010638888888888887,
    "active_load_balance_score": 0.02823974624901035,
    "avg_load_balance_score": 0.02823974624901035,
    "mec_activity_score": 0.10049101892444823,
    "resolved_tasks": 4207.333333333333,
    "pending_tasks": 0.6666666666666666,
    "total_tasks": 4208.0,
    "completed_tasks": 3463.6666666666665,
    "deadline_violations": 743.6666666666666,
    "deadline_violation_rate": 0.17675043705441842,
    "reward_delay": -1038.331791828846,
    "reward_energy": -1.5317157174183802,
    "reward_qos": 790.533333333291,
    "reward_task_success": 1385.4666666667079,
    "reward_deadline_slack": 318.6065401112784,
    "reward_service_continuity": -3.4994999999999976,
    "reward_handover": 5.592533314352416,
    "reward_load_balance": 0.031816490886749565,
    "reward_enqueue": 0.0,
    "penalty_deadline": -199.42541767073354,
    "penalty_task_failure": -594.9333333333337,
    "penalty_queue_full": -114.79999999999968,
    "penalty_invalid_action": 0.0,
    "penalty_blocked": -2.6666666666666665,
    "penalty_failed_handover": -9.900000000000004,
    "penalty_handover_cost": -2.851666666666663,
    "handover_action_rate": 0.009,
    "local_compute_rate": 0.02813888888888889,
    "mean_offload_ratio": 0.9685713052749634,
    "trained_timesteps": 300000,
    "best_training_eval_reward": -14.065442520439262,
    "checkpoint": "/home/pjpjq/LEO_switch/results/baseline_compare/multiuser_scaling_multiuser_6_7/u20/learned_baselines/maddpg/maddpg_model.pt",
    "training_history": "/home/pjpjq/LEO_switch/results/baseline_compare/multiuser_scaling_multiuser_6_7/u20/learned_baselines/maddpg/training_history.json",
    "source": "maddpg_train_eval",
    "selection_metric": "avg_delay",
    "selection_score": -2.654456650352191,
    "energy_per_resolved_task": 0.11578133079522418,
    "primary_metric_wins": [
      "Active Load Balance"
    ],
    "primary_metric_win_count": 1,
    "primary_metric_wins_text": "Active Load Balance"
  },
  {
    "method": "min_distance",
    "display_name": "Min-Distance",
    "episodes": 3,
    "is_system": false,
    "mean_reward": -28.98144670639121,
    "std_reward": 2.391213567528899,
    "episode_metrics": [
      {
        "episode": 1,
        "reward": -25.872346654761966,
        "avg_delay": 2.7432909198611064,
        "total_energy": 635.5222329251176,
        "handover_success_rate": 0.6857142857142857,
        "handover_failure_rate": 0.3142857142857143,
        "forced_termination_rate": 0.0,
        "service_continuity_rate": 0.9822500000000001,
        "service_availability_rate": 0.98575,
        "task_completion_rate": 0.8193028219113113,
        "task_success_rate": 0.8193028219113113,
        "task_failure_rate": 0.18069717808868865,
        "task_settlement_rate": 1.0,
        "task_resolution_rate": 1.0,
        "pending_task_rate": 0.0,
        "active_load_balance_score": 0.013318583939786705,
        "avg_load_balance_score": 0.013318583939786705,
        "mec_activity_score": 0.11094275837143262,
        "resolved_tasks": 4217.0,
        "pending_tasks": 0.0,
        "total_tasks": 4217.0,
        "completed_tasks": 3455.0,
        "deadline_violations": 762.0,
        "reward_delay": -1088.5598508852636,
        "reward_energy": -1.6860441178519978,
        "reward_qos": 772.3999999999538,
        "reward_task_success": 1382.0000000000402,
        "reward_deadline_slack": 318.7523912865177,
        "reward_service_continuity": -1.5974999999999973,
        "reward_handover": 2.825983701419131,
        "reward_load_balance": 0.0,
        "reward_enqueue": 0.0,
        "penalty_deadline": -238.9168846032364,
        "penalty_task_failure": -609.5999999999996,
        "penalty_queue_full": -238.2000000000033,
        "penalty_invalid_action": 0.0,
        "penalty_blocked": -3.0,
        "penalty_failed_handover": -6.599999999999998,
        "penalty_handover_cost": -1.440000000000001,
        "deadline_violation_rate": 0.18069717808868865,
        "handover_frequency": 0.005833333333333334
      },
      {
        "episode": 2,
        "reward": -31.687941236086424,
        "avg_delay": 2.839847698812851,
        "total_energy": 712.8412203224882,
        "handover_success_rate": 0.8,
        "handover_failure_rate": 0.2,
        "forced_termination_rate": 0.0,
        "service_continuity_rate": 0.985,
        "service_availability_rate": 0.9875,
        "task_completion_rate": 0.8082322150844635,
        "task_success_rate": 0.8080399619410086,
        "task_failure_rate": 0.1917221693625119,
        "task_settlement_rate": 0.9997621313035204,
        "task_resolution_rate": 0.9997621313035204,
        "pending_task_rate": 0.0002378686964795433,
        "active_load_balance_score": 0.01497212913163699,
        "avg_load_balance_score": 0.01497212913163699,
        "mec_activity_score": 0.11456228718161583,
        "resolved_tasks": 4203.0,
        "pending_tasks": 1.0,
        "total_tasks": 4204.0,
        "completed_tasks": 3397.0,
        "deadline_violations": 806.0,
        "reward_delay": -1095.7375948758113,
        "reward_energy": -1.6797375421357916,
        "reward_qos": 713.9999999999638,
        "reward_task_success": 1358.800000000035,
        "reward_deadline_slack": 312.4330170630593,
        "reward_service_continuity": -1.3499999999999983,
        "reward_handover": 2.361199825435109,
        "reward_load_balance": 0.03199999740600588,
        "reward_enqueue": 0.0,
        "penalty_deadline": -262.3423357803762,
        "penalty_task_failure": -644.7999999999976,
        "penalty_queue_full": -267.3000000000044,
        "penalty_invalid_action": 0.0,
        "penalty_blocked": -3.0,
        "penalty_failed_handover": -2.9999999999999996,
        "penalty_handover_cost": -1.2050000000000007,
        "deadline_violation_rate": 0.1917221693625119,
        "handover_frequency": 0.004166666666666667
      },
      {
        "episode": 3,
        "reward": -29.38405222832524,
        "avg_delay": 2.7752862029093253,
        "total_energy": 688.0848704780152,
        "handover_success_rate": 0.6507936507936508,
        "handover_failure_rate": 0.3492063492063492,
        "forced_termination_rate": 0.0,
        "service_continuity_rate": 0.9873500000000001,
        "service_availability_rate": 0.9905,
        "task_completion_rate": 0.8152820756962628,
        "task_success_rate": 0.814894123245301,
        "task_failure_rate": 0.18463002617178206,
        "task_settlement_rate": 0.999524149417083,
        "task_resolution_rate": 0.999524149417083,
        "pending_task_rate": 0.0004758505829169641,
        "active_load_balance_score": 0.01329071335576217,
        "avg_load_balance_score": 0.01329071335576217,
        "mec_activity_score": 0.11005892048900326,
        "resolved_tasks": 4201.0,
        "pending_tasks": 2.0,
        "total_tasks": 4203.0,
        "completed_tasks": 3425.0,
        "deadline_violations": 776.0,
        "reward_delay": -1097.1863363845093,
        "reward_energy": -1.7533405966212507,
        "reward_qos": 749.1999999999618,
        "reward_task_success": 1370.0000000000375,
        "reward_deadline_slack": 312.9977369861426,
        "reward_service_continuity": -1.1384999999999974,
        "reward_handover": 2.4262740577964674,
        "reward_load_balance": 0.029508197182642783,
        "reward_enqueue": 0.0,
        "penalty_deadline": -249.49069803069025,
        "penalty_task_failure": -620.7999999999989,
        "penalty_queue_full": -271.50000000000455,
        "penalty_invalid_action": 0.0,
        "penalty_blocked": -2.0,
        "penalty_failed_handover": -6.599999999999998,
        "penalty_handover_cost": -1.2350000000000008,
        "deadline_violation_rate": 0.18463002617178206,
        "handover_frequency": 0.00525
      }
    ],
    "avg_delay": 2.7861416071944274,
    "total_energy": 678.8161079085403,
    "handover_success_rate": 0.7121693121693121,
    "handover_failure_rate": 0.2878306878306878,
    "forced_termination_rate": 0.0,
    "service_continuity_rate": 0.9848666666666667,
    "service_availability_rate": 0.9879166666666667,
    "task_completion_rate": 0.8142723708973459,
    "task_success_rate": 0.8140789690325403,
    "task_failure_rate": 0.1856831245409942,
    "task_settlement_rate": 0.9997620935735346,
    "task_resolution_rate": 0.9997620935735346,
    "pending_task_rate": 0.00023790642646550245,
    "handover_frequency": 0.005083333333333333,
    "active_load_balance_score": 0.013860475475728622,
    "avg_load_balance_score": 0.013860475475728622,
    "mec_activity_score": 0.11185465534735058,
    "resolved_tasks": 4207.0,
    "pending_tasks": 1.0,
    "total_tasks": 4208.0,
    "completed_tasks": 3425.6666666666665,
    "deadline_violations": 781.3333333333334,
    "deadline_violation_rate": 0.1856831245409942,
    "reward_delay": -1093.8279273818614,
    "reward_energy": -1.706374085536347,
    "reward_qos": 745.1999999999598,
    "reward_task_success": 1370.2666666667044,
    "reward_deadline_slack": 314.72771511190655,
    "reward_service_continuity": -1.3619999999999977,
    "reward_handover": 2.537819194883569,
    "reward_load_balance": 0.020502731529549553,
    "reward_enqueue": 0.0,
    "penalty_deadline": -250.24997280476762,
    "penalty_task_failure": -625.0666666666654,
    "penalty_queue_full": -259.0000000000041,
    "penalty_invalid_action": 0.0,
    "penalty_blocked": -2.6666666666666665,
    "penalty_failed_handover": -5.399999999999999,
    "penalty_handover_cost": -1.2933333333333341,
    "selected_offload": 1.0,
    "handover_action_rate": 0.005083333333333333,
    "local_compute_rate": 0.0,
    "mean_offload_ratio": 1.0,
    "method_variant": "min_distance(best_offload=1.00)",
    "source": "heuristic_eval",
    "selection_metric": "avg_delay",
    "selection_score": -2.7861416071944274,
    "energy_per_resolved_task": 0.1613539595694177,
    "primary_metric_wins": [],
    "primary_metric_win_count": 0,
    "primary_metric_wins_text": ""
  },
  {
    "method": "random",
    "display_name": "Random",
    "episodes": 3,
    "is_system": false,
    "mean_reward": -145.00550427958686,
    "std_reward": 4.896494595298342,
    "episode_metrics": [
      {
        "episode": 1,
        "reward": -138.30629791651324,
        "avg_delay": 3.0523935512086844,
        "total_energy": 363.4753153486449,
        "handover_success_rate": 0.7542548775425488,
        "handover_failure_rate": 0.24574512245745123,
        "forced_termination_rate": 0.0009676527508985347,
        "service_continuity_rate": 0.38714999999999966,
        "service_availability_rate": 0.7484999999999999,
        "task_completion_rate": 0.674264007597341,
        "task_success_rate": 0.6734645482570548,
        "task_failure_rate": 0.3253497747213659,
        "task_settlement_rate": 0.9988143229784207,
        "task_resolution_rate": 0.9988143229784207,
        "pending_task_rate": 0.0011856770215793219,
        "active_load_balance_score": 0.014977876003192444,
        "avg_load_balance_score": 0.014977876003192444,
        "mec_activity_score": 0.08042929104218881,
        "resolved_tasks": 4212.0,
        "pending_tasks": 5.0,
        "total_tasks": 4217.0,
        "completed_tasks": 2840.0,
        "deadline_violations": 1372.0,
        "reward_delay": -1121.9521677395896,
        "reward_energy": -1.1832364890092342,
        "reward_qos": 38.399999999997455,
        "reward_task_success": 1135.9999999999843,
        "reward_deadline_slack": 242.98059633292263,
        "reward_service_continuity": -55.15650000000021,
        "reward_handover": 342.87813069483724,
        "reward_load_balance": 0.6921159385957638,
        "reward_enqueue": 0.0,
        "penalty_deadline": -398.6707308376631,
        "penalty_task_failure": -1097.599999999972,
        "penalty_queue_full": -62.69999999999976,
        "penalty_invalid_action": -10.5,
        "penalty_blocked": -2.0,
        "penalty_failed_handover": -526.5000000000115,
        "penalty_handover_cost": -164.2500000000049,
        "deadline_violation_rate": 0.3253497747213659,
        "handover_frequency": 0.60225
      },
      {
        "episode": 2,
        "reward": -146.83722585790352,
        "avg_delay": 3.202076273983503,
        "total_energy": 446.2350544643853,
        "handover_success_rate": 0.7361628907370232,
        "handover_failure_rate": 0.26383710926297677,
        "forced_termination_rate": 0.0010027216731127346,
        "service_continuity_rate": 0.3811333333333331,
        "service_availability_rate": 0.7298333333333333,
        "task_completion_rate": 0.6655550262029538,
        "task_success_rate": 0.6646051379638439,
        "task_failure_rate": 0.3339676498572788,
        "task_settlement_rate": 0.9985727878211227,
        "task_resolution_rate": 0.9985727878211227,
        "pending_task_rate": 0.0014272121788772598,
        "active_load_balance_score": 0.024940740860151165,
        "avg_load_balance_score": 0.024940740860151165,
        "mec_activity_score": 0.09974747262895108,
        "resolved_tasks": 4198.0,
        "pending_tasks": 6.0,
        "total_tasks": 4204.0,
        "completed_tasks": 2794.0,
        "deadline_violations": 1404.0,
        "reward_delay": -1124.7082882948419,
        "reward_energy": -1.1821929735545638,
        "reward_qos": -5.600000000002003,
        "reward_task_success": 1117.5999999999801,
        "reward_deadline_slack": 235.58231996396242,
        "reward_service_continuity": -55.698000000000015,
        "reward_handover": 324.91394711671086,
        "reward_load_balance": 0.7091098130293598,
        "reward_enqueue": 0.0,
        "penalty_deadline": -441.06238763800366,
        "penalty_task_failure": -1123.1999999999705,
        "penalty_queue_full": -101.69999999999939,
        "penalty_invalid_action": -10.5,
        "penalty_blocked": -2.0,
        "penalty_failed_handover": -545.7000000000086,
        "penalty_handover_cost": -154.87500000000446,
        "deadline_violation_rate": 0.3339676498572788,
        "handover_frequency": 0.5811666666666667
      },
      {
        "episode": 3,
        "reward": -149.87298906434384,
        "avg_delay": 3.1448123851691774,
        "total_energy": 449.97985055791366,
        "handover_success_rate": 0.7357706093189964,
        "handover_failure_rate": 0.2642293906810036,
        "forced_termination_rate": 0.0010025780578630766,
        "service_continuity_rate": 0.3882499999999999,
        "service_availability_rate": 0.737,
        "task_completion_rate": 0.6584784164082995,
        "task_success_rate": 0.656911729716869,
        "task_failure_rate": 0.34070901736854625,
        "task_settlement_rate": 0.9976207470854151,
        "task_resolution_rate": 0.9976207470854151,
        "pending_task_rate": 0.0023792529145848203,
        "active_load_balance_score": 0.019972129034323285,
        "avg_load_balance_score": 0.019972129034323285,
        "mec_activity_score": 0.09663299424573779,
        "resolved_tasks": 4193.0,
        "pending_tasks": 10.0,
        "total_tasks": 4203.0,
        "completed_tasks": 2761.0,
        "deadline_violations": 1432.0,
        "reward_delay": -1140.2072364578198,
        "reward_energy": -1.1759893844923501,
        "reward_qos": -41.1999999999948,
        "reward_task_success": 1104.3999999999771,
        "reward_deadline_slack": 234.18558597589652,
        "reward_service_continuity": -55.05750000000024,
        "reward_handover": 322.84566621630415,
        "reward_load_balance": 0.42744800385198534,
        "reward_enqueue": 0.0,
        "penalty_deadline": -450.9317616013539,
        "penalty_task_failure": -1145.5999999999692,
        "penalty_queue_full": -110.09999999999931,
        "penalty_invalid_action": -7.5,
        "penalty_blocked": -1.0,
        "penalty_failed_handover": -548.4000000000082,
        "penalty_handover_cost": -154.7500000000045,
        "deadline_violation_rate": 0.34070901736854625,
        "handover_frequency": 0.58125
      }
    ],
    "avg_delay": 3.1330940701204546,
    "total_energy": 419.89674012364793,
    "handover_success_rate": 0.7420627925328561,
    "handover_failure_rate": 0.2579372074671438,
    "forced_termination_rate": 0.000990984160624782,
    "service_continuity_rate": 0.38551111111111086,
    "service_availability_rate": 0.7384444444444443,
    "task_completion_rate": 0.6660991500695315,
    "task_success_rate": 0.6649938053125892,
    "task_failure_rate": 0.3333421473157303,
    "task_settlement_rate": 0.9983359526283194,
    "task_resolution_rate": 0.9983359526283194,
    "pending_task_rate": 0.001664047371680467,
    "handover_frequency": 0.5882222222222222,
    "active_load_balance_score": 0.019963581965888964,
    "avg_load_balance_score": 0.019963581965888964,
    "mec_activity_score": 0.09226991930562589,
    "resolved_tasks": 4201.0,
    "pending_tasks": 7.0,
    "total_tasks": 4208.0,
    "completed_tasks": 2798.3333333333335,
    "deadline_violations": 1402.6666666666667,
    "deadline_violation_rate": 0.3333421473157303,
    "reward_delay": -1128.955897497417,
    "reward_energy": -1.180472949018716,
    "reward_qos": -2.799999999999784,
    "reward_task_success": 1119.333333333314,
    "reward_deadline_slack": 237.5828340909272,
    "reward_service_continuity": -55.30400000000015,
    "reward_handover": 330.2125813426174,
    "reward_load_balance": 0.6095579184923697,
    "reward_enqueue": 0.0,
    "penalty_deadline": -430.2216266923402,
    "penalty_task_failure": -1122.1333333333039,
    "penalty_queue_full": -91.49999999999949,
    "penalty_invalid_action": -9.5,
    "penalty_blocked": -1.6666666666666667,
    "penalty_failed_handover": -540.2000000000094,
    "penalty_handover_cost": -157.95833333333795,
    "selected_offload": 1.0,
    "handover_action_rate": 0.58725,
    "local_compute_rate": 0.0,
    "mean_offload_ratio": 1.0,
    "method_variant": "random(best_offload=1.00)",
    "source": "heuristic_eval",
    "selection_metric": "avg_delay",
    "selection_score": -3.1330940701204546,
    "energy_per_resolved_task": 0.09995161631127063,
    "primary_metric_wins": [
      "Energy per Resolved Task"
    ],
    "primary_metric_win_count": 1,
    "primary_metric_wins_text": "Energy per Resolved Task"
  },
  {
    "method": "joint_greedy",
    "display_name": "Joint Greedy",
    "episodes": 3,
    "is_system": false,
    "mean_reward": -130.67697358186265,
    "std_reward": 6.197999283968563,
    "episode_metrics": [
      {
        "episode": 1,
        "reward": -128.1861322250734,
        "avg_delay": 4.153442290845877,
        "total_energy": 2019.7558454724845,
        "handover_success_rate": 0.75,
        "handover_failure_rate": 0.25,
        "forced_termination_rate": 0.0,
        "service_continuity_rate": 0.9234333333333333,
        "service_availability_rate": 0.9258333333333333,
        "task_completion_rate": 0.5693950177935944,
        "task_success_rate": 0.5691249703580744,
        "task_failure_rate": 0.4304007588332938,
        "task_settlement_rate": 0.9995257291913683,
        "task_resolution_rate": 0.9995257291913683,
        "pending_task_rate": 0.00047427080863172874,
        "active_load_balance_score": 0.0,
        "avg_load_balance_score": 0.0,
        "mec_activity_score": 0.0,
        "resolved_tasks": 4215.0,
        "pending_tasks": 2.0,
        "total_tasks": 4217.0,
        "completed_tasks": 2400.0,
        "deadline_violations": 1815.0,
        "reward_delay": -1307.3567812138092,
        "reward_energy": -3.5299891022951537,
        "reward_qos": -492.00000000003155,
        "reward_task_success": 959.9999999999626,
        "reward_deadline_slack": 210.9668658378657,
        "reward_service_continuity": -6.890999999999961,
        "reward_handover": 2.2838458910554658,
        "reward_load_balance": 0.0,
        "reward_enqueue": 0.0,
        "penalty_deadline": -828.5865859142917,
        "penalty_task_failure": -1451.9999999999518,
        "penalty_queue_full": 0.0,
        "penalty_invalid_action": 0.0,
        "penalty_blocked": -3.0,
        "penalty_failed_handover": -3.599999999999999,
        "penalty_handover_cost": -1.0800000000000007,
        "deadline_violation_rate": 0.4304007588332938,
        "handover_frequency": 0.004
      },
      {
        "episode": 2,
        "reward": -139.20041423052348,
        "avg_delay": 4.34287903238106,
        "total_energy": 2153.1547241339836,
        "handover_success_rate": 0.8260869565217391,
        "handover_failure_rate": 0.17391304347826086,
        "forced_termination_rate": 0.0,
        "service_continuity_rate": 0.9443666666666667,
        "service_availability_rate": 0.9466666666666667,
        "task_completion_rate": 0.5509281294621609,
        "task_success_rate": 0.5506660323501428,
        "task_failure_rate": 0.4488582302568982,
        "task_settlement_rate": 0.9995242626070409,
        "task_resolution_rate": 0.9995242626070409,
        "pending_task_rate": 0.0004757373929590866,
        "active_load_balance_score": 0.0,
        "avg_load_balance_score": 0.0,
        "mec_activity_score": 0.0,
        "resolved_tasks": 4202.0,
        "pending_tasks": 2.0,
        "total_tasks": 4204.0,
        "completed_tasks": 2315.0,
        "deadline_violations": 1887.0,
        "reward_delay": -1372.2515203928872,
        "reward_energy": -3.3673801886869823,
        "reward_qos": -583.60000000002,
        "reward_task_success": 925.9999999999645,
        "reward_deadline_slack": 207.81340863283936,
        "reward_service_continuity": -5.006999999999975,
        "reward_handover": 2.430073840435945,
        "reward_load_balance": 0.0,
        "reward_enqueue": 0.0,
        "penalty_deadline": -931.0099737366185,
        "penalty_task_failure": -1509.5999999999485,
        "penalty_queue_full": 0.0,
        "penalty_invalid_action": 0.0,
        "penalty_blocked": -3.0,
        "penalty_failed_handover": -2.4,
        "penalty_handover_cost": -1.1400000000000008,
        "deadline_violation_rate": 0.4488582302568982,
        "handover_frequency": 0.003833333333333333
      },
      {
        "episode": 3,
        "reward": -124.6443742899911,
        "avg_delay": 4.158190475569873,
        "total_energy": 2078.594806472636,
        "handover_success_rate": 0.723404255319149,
        "handover_failure_rate": 0.2765957446808511,
        "forced_termination_rate": 0.0,
        "service_continuity_rate": 0.9541499999999999,
        "service_availability_rate": 0.9565,
        "task_completion_rate": 0.5830556877677296,
        "task_success_rate": 0.582916964073281,
        "task_failure_rate": 0.41684511063526053,
        "task_settlement_rate": 0.9997620747085415,
        "task_resolution_rate": 0.9997620747085415,
        "pending_task_rate": 0.00023792529145848205,
        "active_load_balance_score": 0.0,
        "avg_load_balance_score": 0.0,
        "mec_activity_score": 0.0,
        "resolved_tasks": 4202.0,
        "pending_tasks": 1.0,
        "total_tasks": 4203.0,
        "completed_tasks": 2450.0,
        "deadline_violations": 1752.0,
        "reward_delay": -1351.8571673882275,
        "reward_energy": -3.5781918213466195,
        "reward_qos": -421.6000000000221,
        "reward_task_success": 979.9999999999615,
        "reward_deadline_slack": 218.40838509368604,
        "reward_service_continuity": -4.126499999999964,
        "reward_handover": 2.1810356103278923,
        "reward_load_balance": 0.0,
        "reward_enqueue": 0.0,
        "penalty_deadline": -848.6246571050873,
        "penalty_task_failure": -1401.5999999999547,
        "penalty_queue_full": 0.0,
        "penalty_invalid_action": 0.0,
        "penalty_blocked": -2.0,
        "penalty_failed_handover": -3.899999999999999,
        "penalty_handover_cost": -1.0200000000000007,
        "deadline_violation_rate": 0.41684511063526053,
        "handover_frequency": 0.003916666666666666
      }
    ],
    "avg_delay": 4.2181705995989365,
    "total_energy": 2083.835125359701,
    "handover_success_rate": 0.7664970706136294,
    "handover_failure_rate": 0.23350292938637063,
    "forced_termination_rate": 0.0,
    "service_continuity_rate": 0.9406499999999999,
    "service_availability_rate": 0.9430000000000001,
    "task_completion_rate": 0.5677929450078283,
    "task_success_rate": 0.5675693222604994,
    "task_failure_rate": 0.43203469990848414,
    "task_settlement_rate": 0.9996040221689836,
    "task_resolution_rate": 0.9996040221689836,
    "pending_task_rate": 0.0003959778310164324,
    "handover_frequency": 0.003916666666666666,
    "active_load_balance_score": 0.0,
    "avg_load_balance_score": 0.0,
    "mec_activity_score": 0.0,
    "resolved_tasks": 4206.333333333333,
    "pending_tasks": 1.6666666666666667,
    "total_tasks": 4208.0,
    "completed_tasks": 2388.3333333333335,
    "deadline_violations": 1818.0,
    "deadline_violation_rate": 0.43203469990848414,
    "reward_delay": -1343.8218229983079,
    "reward_energy": -3.491853704109585,
    "reward_qos": -499.06666666669116,
    "reward_task_success": 955.3333333332962,
    "reward_deadline_slack": 212.39621985479707,
    "reward_service_continuity": -5.341499999999967,
    "reward_handover": 2.298318447273101,
    "reward_load_balance": 0.0,
    "reward_enqueue": 0.0,
    "penalty_deadline": -869.4070722519991,
    "penalty_task_failure": -1454.3999999999517,
    "penalty_queue_full": 0.0,
    "penalty_invalid_action": 0.0,
    "penalty_blocked": -2.6666666666666665,
    "penalty_failed_handover": -3.2999999999999994,
    "penalty_handover_cost": -1.0800000000000007,
    "handover_action_rate": 0.00047222222222222224,
    "local_compute_rate": 0.9578333333333333,
    "mean_offload_ratio": 0.0421319454908371,
    "source": "heuristic_eval",
    "selection_metric": "avg_delay",
    "selection_score": -4.2181705995989365,
    "energy_per_resolved_task": 0.4954041822711074,
    "primary_metric_wins": [],
    "primary_metric_win_count": 0,
    "primary_metric_wins_text": ""
  },
  {
    "method": "full_local",
    "display_name": "Full-Local",
    "episodes": 3,
    "is_system": false,
    "mean_reward": -133.78972067648672,
    "std_reward": 4.625058659993488,
    "episode_metrics": [
      {
        "episode": 1,
        "reward": -131.67943971888351,
        "avg_delay": 4.153134795091314,
        "total_energy": 1958.7504696155775,
        "handover_success_rate": 0.75,
        "handover_failure_rate": 0.25,
        "forced_termination_rate": 0.0,
        "service_continuity_rate": 0.8978833333333334,
        "service_availability_rate": 0.9000833333333333,
        "task_completion_rate": 0.5572174738841406,
        "task_success_rate": 0.5565567939293337,
        "task_failure_rate": 0.44225752904908705,
        "task_settlement_rate": 0.9988143229784207,
        "task_resolution_rate": 0.9988143229784207,
        "pending_task_rate": 0.0011856770215793219,
        "active_load_balance_score": 0.0,
        "avg_load_balance_score": 0.0,
        "mec_activity_score": 0.0,
        "resolved_tasks": 4212.0,
        "pending_tasks": 5.0,
        "total_tasks": 4217.0,
        "completed_tasks": 2347.0,
        "deadline_violations": 1865.0,
        "reward_delay": -1271.105891261367,
        "reward_energy": -3.4491959054149426,
        "reward_qos": -553.2000000000245,
        "reward_task_success": 938.7999999999638,
        "reward_deadline_slack": 206.4081895653875,
        "reward_service_continuity": -9.190500000000034,
        "reward_handover": 2.139210606854819,
        "reward_load_balance": 0.0,
        "reward_enqueue": 0.0,
        "penalty_deadline": -826.0283800724849,
        "penalty_task_failure": -1491.9999999999495,
        "penalty_queue_full": 0.0,
        "penalty_invalid_action": 0.0,
        "penalty_blocked": -3.0,
        "penalty_failed_handover": -3.2999999999999994,
        "penalty_handover_cost": -0.9900000000000007,
        "deadline_violation_rate": 0.44225752904908705,
        "handover_frequency": 0.0036666666666666666
      },
      {
        "episode": 2,
        "reward": -140.2064641919327,
        "avg_delay": 4.346636552630556,
        "total_energy": 2143.5275197001197,
        "handover_success_rate": 0.8222222222222222,
        "handover_failure_rate": 0.17777777777777778,
        "forced_termination_rate": 0.0,
        "service_continuity_rate": 0.9389166666666666,
        "service_availability_rate": 0.9411666666666667,
        "task_completion_rate": 0.5474886931682933,
        "task_success_rate": 0.5470980019029495,
        "task_failure_rate": 0.4521883920076118,
        "task_settlement_rate": 0.9992863939105614,
        "task_resolution_rate": 0.9992863939105614,
        "pending_task_rate": 0.0007136060894386299,
        "active_load_balance_score": 0.0,
        "avg_load_balance_score": 0.0,
        "mec_activity_score": 0.0,
        "resolved_tasks": 4201.0,
        "pending_tasks": 3.0,
        "total_tasks": 4204.0,
        "completed_tasks": 2300.0,
        "deadline_violations": 1901.0,
        "reward_delay": -1364.124502295266,
        "reward_energy": -3.3505801137329776,
        "reward_qos": -600.8000000000188,
        "reward_task_success": 919.9999999999649,
        "reward_deadline_slack": 206.43719297069873,
        "reward_service_continuity": -5.497499999999993,
        "reward_handover": 2.387514103351676,
        "reward_load_balance": 0.0,
        "reward_enqueue": 0.0,
        "penalty_deadline": -930.8760157381531,
        "penalty_task_failure": -1520.7999999999479,
        "penalty_queue_full": 0.0,
        "penalty_invalid_action": 0.0,
        "penalty_blocked": -3.0,
        "penalty_failed_handover": -2.4,
        "penalty_handover_cost": -1.1100000000000008,
        "deadline_violation_rate": 0.4521883920076118,
        "handover_frequency": 0.00375
      },
      {
        "episode": 3,
        "reward": -129.48325811864396,
        "avg_delay": 4.1685582381834765,
        "total_energy": 2022.9720052665505,
        "handover_success_rate": 0.75,
        "handover_failure_rate": 0.25,
        "forced_termination_rate": 0.0,
        "service_continuity_rate": 0.9292166666666666,
        "service_availability_rate": 0.9314166666666667,
        "task_completion_rate": 0.5668016194331984,
        "task_success_rate": 0.5662621936711872,
        "task_failure_rate": 0.43278610516297883,
        "task_settlement_rate": 0.9990482988341661,
        "task_resolution_rate": 0.9990482988341661,
        "pending_task_rate": 0.0009517011658339282,
        "active_load_balance_score": 0.0,
        "avg_load_balance_score": 0.0,
        "mec_activity_score": 0.0,
        "resolved_tasks": 4199.0,
        "pending_tasks": 4.0,
        "total_tasks": 4203.0,
        "completed_tasks": 2380.0,
        "deadline_violations": 1819.0,
        "reward_delay": -1314.5080791405032,
        "reward_energy": -3.4768606599695193,
        "reward_qos": -503.2000000000244,
        "reward_task_success": 951.999999999963,
        "reward_deadline_slack": 212.06447329831667,
        "reward_service_continuity": -6.370499999999968,
        "reward_handover": 2.127350277138437,
        "reward_load_balance": 0.0,
        "reward_enqueue": 0.0,
        "penalty_deadline": -848.97204614787,
        "penalty_task_failure": -1455.1999999999516,
        "penalty_queue_full": 0.0,
        "penalty_invalid_action": 0.0,
        "penalty_blocked": -2.0,
        "penalty_failed_handover": -3.2999999999999994,
        "penalty_handover_cost": -0.9900000000000007,
        "deadline_violation_rate": 0.43278610516297883,
        "handover_frequency": 0.0036666666666666666
      }
    ],
    "avg_delay": 4.222776528635116,
    "total_energy": 2041.7499981940825,
    "handover_success_rate": 0.774074074074074,
    "handover_failure_rate": 0.22592592592592595,
    "forced_termination_rate": 0.0,
    "service_continuity_rate": 0.9220055555555554,
    "service_availability_rate": 0.9242222222222223,
    "task_completion_rate": 0.5571692621618775,
    "task_success_rate": 0.5566389965011568,
    "task_failure_rate": 0.44241067540655926,
    "task_settlement_rate": 0.999049671907716,
    "task_resolution_rate": 0.999049671907716,
    "pending_task_rate": 0.00095032809228396,
    "handover_frequency": 0.0036944444444444446,
    "active_load_balance_score": 0.0,
    "avg_load_balance_score": 0.0,
    "mec_activity_score": 0.0,
    "resolved_tasks": 4204.0,
    "pending_tasks": 4.0,
    "total_tasks": 4208.0,
    "completed_tasks": 2342.3333333333335,
    "deadline_violations": 1861.6666666666667,
    "deadline_violation_rate": 0.44241067540655926,
    "reward_delay": -1316.5794908990456,
    "reward_energy": -3.4255455597058133,
    "reward_qos": -552.4000000000225,
    "reward_task_success": 936.9333333332974,
    "reward_deadline_slack": 208.30328527813427,
    "reward_service_continuity": -7.019499999999998,
    "reward_handover": 2.218024995781644,
    "reward_load_balance": 0.0,
    "reward_enqueue": 0.0,
    "penalty_deadline": -868.625480652836,
    "penalty_task_failure": -1489.333333333283,
    "penalty_queue_full": 0.0,
    "penalty_invalid_action": 0.0,
    "penalty_blocked": -2.6666666666666665,
    "penalty_failed_handover": -2.9999999999999996,
    "penalty_handover_cost": -1.0300000000000007,
    "handover_action_rate": 0.0,
    "local_compute_rate": 1.0,
    "mean_offload_ratio": 0.0,
    "source": "heuristic_eval",
    "selection_metric": "avg_delay",
    "selection_score": -4.222776528635116,
    "energy_per_resolved_task": 0.4856684106075363,
    "primary_metric_wins": [
      "Handover Failure",
      "Handover Frequency"
    ],
    "primary_metric_win_count": 2,
    "primary_metric_wins_text": "Handover Failure | Handover Frequency"
  }
]
Summary JSON saved to: /home/pjpjq/LEO_switch/results/baseline_compare/multiuser_scaling_multiuser_6_7/u20/comparison_summary.json
Summary CSV saved to: /home/pjpjq/LEO_switch/results/baseline_compare/multiuser_scaling_multiuser_6_7/u20/comparison_summary.csv
Episode metrics CSV saved to: /home/pjpjq/LEO_switch/results/baseline_compare/multiuser_scaling_multiuser_6_7/u20/episode_metrics.csv
Metric comparison figure: /home/pjpjq/LEO_switch/results/baseline_compare/multiuser_scaling_multiuser_6_7/u20/method_comparison.png
Reward curve comparison figure: /home/pjpjq/LEO_switch/results/baseline_compare/multiuser_scaling_multiuser_6_7/u20/reward_curve_vs_baselines.png
Step metric curve figure: /home/pjpjq/LEO_switch/results/baseline_compare/multiuser_scaling_multiuser_6_7/u20/training_qos_metrics_vs_steps.png
Step metric curve figure: /home/pjpjq/LEO_switch/results/baseline_compare/multiuser_scaling_multiuser_6_7/u20/reward_components_vs_steps.png
Step metric curve figure: /home/pjpjq/LEO_switch/results/baseline_compare/multiuser_scaling_multiuser_6_7/u20/reward_components_per_task_vs_steps.png
Episode metric comparison figure: /home/pjpjq/LEO_switch/results/baseline_compare/multiuser_scaling_multiuser_6_7/u20/additional_metrics_episode_comparison.png
Delay-energy trade-off figure: /home/pjpjq/LEO_switch/results/baseline_compare/multiuser_scaling_multiuser_6_7/u20/delay_energy_tradeoff.png
Success-continuity trade-off figure: /home/pjpjq/LEO_switch/results/baseline_compare/multiuser_scaling_multiuser_6_7/u20/success_continuity_tradeoff.png
Performance radar figure: /home/pjpjq/LEO_switch/results/baseline_compare/multiuser_scaling_multiuser_6_7/u20/performance_radar.png
Reward distribution figure: /home/pjpjq/LEO_switch/results/baseline_compare/multiuser_scaling_multiuser_6_7/u20/reward_distribution.png
Paper dashboard figure: /home/pjpjq/LEO_switch/results/baseline_compare/multiuser_scaling_multiuser_6_7/u20/paper_baseline_dashboard.png
