
$ /home/pjpjq/miniconda3/envs/satellite.env/bin/python scripts/train.py --exp_name han_mappo_latency_priority_multiuser_u25 --algorithm mappo --seed 42 --device cuda --num_users 25 --total_timesteps 300000 --max_steps 600 --n_steps 1024 --eval_interval 50000 --eval_episodes 3 --save_interval 100000 --graph_update_interval 1 --log_interval 1 --best-model-metric avg_delay --save_path /home/pjpjq/LEO_switch/results/full_train_latency_priority_multiuser_u25_multiuser_6_7 --log_path /home/pjpjq/LEO_switch/results/logs
2026-06-18 09:19:55,760 | INFO | 初始化环境...
2026-06-18 09:19:55,769 | INFO |   - 原始观测维度: 73
2026-06-18 09:19:55,769 | INFO |   - HAN嵌入维度: 64
2026-06-18 09:19:55,769 | INFO |   - 拼接后观测维度: 142 (raw 73 + HAN 64 + rvt_warning 1 + task 4)
2026-06-18 09:19:55,769 | INFO |   - 全局状态维度: 3550
2026-06-18 09:19:55,769 | INFO | 初始化图构建器...
2026-06-18 09:19:55,769 | INFO | 初始化HAN编码器...
2026-06-18 09:19:56,057 | INFO |   - HAN参数量: 772,032
2026-06-18 09:19:56,057 | INFO | 初始化MAPPO...
2026-06-18 09:20:01,578 | INFO |   - Actor参数量: 103,694
2026-06-18 09:20:01,578 | INFO |   - Critic参数量: 192,513
2026-06-18 09:20:01,578 | INFO | 初始化经验缓冲区...
2026-06-18 09:20:01,579 | INFO | 训练器初始化完成，设备: cuda
2026-06-18 09:20:01,580 | INFO | 环境: 25 用户, 66 卫星
2026-06-18 09:20:01,580 | INFO | ============================================================
2026-06-18 09:20:01,580 | INFO | 开始训练
2026-06-18 09:20:01,580 | INFO |   总步数: 300,000
2026-06-18 09:20:01,580 | INFO |   每轮步数: 1024
2026-06-18 09:20:01,580 | INFO |   图更新间隔: 1
2026-06-18 09:20:01,580 | INFO |   评估episodes: 3
2026-06-18 09:20:01,580 | INFO |   设备: cuda
2026-06-18 09:20:01,580 | INFO | ============================================================
2026-06-18 09:20:42,316 | INFO | Update    1 | Steps:   1,024 | Episodes:     1 | EpReward:  -104.46 | FPS:     25 | Actor Loss: -0.0027 | Critic Loss: 0.9608
2026-06-18 09:20:42,316 | INFO |   Env | HO: 71.35% | Cont: 72.35% | Task: 58.88% | Resolved: 99.88% | Delay: 3.344s | Energy: 2043.52J | LB: 0.001
2026-06-18 09:20:42,316 | INFO |   Reward | D: -1929.34 | E: -6.61 | Q: -841.60 | H: 41.44 | LB: 0.20 | Enq: 0.00 | Pen: -1162.39
2026-06-18 09:21:30,082 | INFO | Update    2 | Steps:   2,048 | Episodes:     2 | EpReward:  -111.89 | FPS:     21 | Actor Loss: -0.0024 | Critic Loss: 1.1428
2026-06-18 09:21:30,082 | INFO |   Env | HO: 67.32% | Cont: 65.27% | Task: 54.04% | Resolved: 99.76% | Delay: 3.478s | Energy: 1872.08J | LB: 0.001
2026-06-18 09:21:30,082 | INFO |   Reward | D: -1775.82 | E: -6.04 | Q: -1347.60 | H: 45.38 | LB: 0.15 | Enq: 0.00 | Pen: -1313.18
2026-06-18 09:22:14,599 | INFO | Update    3 | Steps:   3,072 | Episodes:     3 | EpReward:   -99.60 | FPS:     23 | Actor Loss: -0.0033 | Critic Loss: 0.3371
2026-06-18 09:22:14,599 | INFO |   Env | HO: 71.19% | Cont: 77.51% | Task: 64.81% | Resolved: 99.88% | Delay: 3.188s | Energy: 2063.12J | LB: 0.003
2026-06-18 09:22:14,599 | INFO |   Reward | D: -2015.01 | E: -7.14 | Q: -200.40 | H: 49.91 | LB: 0.16 | Enq: 0.00 | Pen: -1049.07
2026-06-18 09:22:54,326 | INFO | Update    4 | Steps:   4,096 | Episodes:     4 | EpReward:   -92.99 | FPS:     26 | Actor Loss: -0.0027 | Critic Loss: 0.2816
2026-06-18 09:22:54,326 | INFO |   Env | HO: 70.68% | Cont: 79.28% | Task: 66.38% | Resolved: 99.90% | Delay: 3.080s | Energy: 1918.36J | LB: 0.004
2026-06-18 09:22:54,326 | INFO |   Reward | D: -1964.79 | E: -6.95 | Q: -30.40 | H: 35.55 | LB: 0.05 | Enq: 0.00 | Pen: -909.03
2026-06-18 09:23:40,623 | INFO | Update    5 | Steps:   5,120 | Episodes:     5 | EpReward:   -88.03 | FPS:     22 | Actor Loss: -0.0022 | Critic Loss: 0.2122
2026-06-18 09:23:40,624 | INFO |   Env | HO: 71.55% | Cont: 84.83% | Task: 71.06% | Resolved: 99.87% | Delay: 3.045s | Energy: 2224.56J | LB: 0.003
2026-06-18 09:23:40,624 | INFO |   Reward | D: -2154.84 | E: -7.67 | Q: 468.40 | H: 49.54 | LB: 0.15 | Enq: 0.00 | Pen: -997.64
2026-06-18 09:24:31,244 | INFO | Update    6 | Steps:   6,144 | Episodes:     6 | EpReward:   -83.58 | FPS:     20 | Actor Loss: -0.0019 | Critic Loss: 0.1712
2026-06-18 09:24:31,245 | INFO |   Env | HO: 71.43% | Cont: 85.98% | Task: 71.95% | Resolved: 99.96% | Delay: 2.994s | Energy: 2181.89J | LB: 0.005
2026-06-18 09:24:31,245 | INFO |   Reward | D: -2162.36 | E: -7.59 | Q: 567.20 | H: 44.57 | LB: 0.05 | Enq: 0.00 | Pen: -964.95
2026-06-18 09:25:29,831 | INFO | Update    7 | Steps:   7,168 | Episodes:     7 | EpReward:   -80.71 | FPS:     17 | Actor Loss: -0.0020 | Critic Loss: 0.1060
2026-06-18 09:25:29,831 | INFO |   Env | HO: 69.93% | Cont: 85.89% | Task: 72.34% | Resolved: 99.88% | Delay: 3.026s | Energy: 2204.26J | LB: 0.008
2026-06-18 09:25:29,831 | INFO |   Reward | D: -2155.60 | E: -7.60 | Q: 600.80 | H: 41.95 | LB: 0.13 | Enq: 0.00 | Pen: -981.07
2026-06-18 09:26:19,346 | INFO | Update    8 | Steps:   8,192 | Episodes:     8 | EpReward:   -77.03 | FPS:     21 | Actor Loss: -0.0010 | Critic Loss: 0.0732
2026-06-18 09:26:19,346 | INFO |   Env | HO: 67.69% | Cont: 90.25% | Task: 75.38% | Resolved: 99.86% | Delay: 2.929s | Energy: 2307.42J | LB: 0.014
2026-06-18 09:26:19,346 | INFO |   Reward | D: -2293.71 | E: -7.97 | Q: 946.00 | H: 33.46 | LB: 0.06 | Enq: 0.00 | Pen: -1009.38
2026-06-18 09:27:04,008 | INFO | Update    9 | Steps:   9,216 | Episodes:     9 | EpReward:   -73.50 | FPS:     23 | Actor Loss: -0.0011 | Critic Loss: 0.0401
2026-06-18 09:27:04,008 | INFO |   Env | HO: 72.61% | Cont: 93.49% | Task: 78.39% | Resolved: 99.92% | Delay: 2.852s | Energy: 2361.05J | LB: 0.009
2026-06-18 09:27:04,008 | INFO |   Reward | D: -2297.30 | E: -8.49 | Q: 1265.20 | H: 25.72 | LB: 0.02 | Enq: 0.00 | Pen: -808.93
2026-06-18 09:27:52,789 | INFO | Update   10 | Steps:  10,240 | Episodes:    10 | EpReward:   -70.02 | FPS:     21 | Actor Loss: -0.0010 | Critic Loss: 0.0191
2026-06-18 09:27:52,789 | INFO |   Env | HO: 72.22% | Cont: 95.56% | Task: 78.36% | Resolved: 99.93% | Delay: 2.870s | Energy: 2456.85J | LB: 0.004
2026-06-18 09:27:52,789 | INFO |   Reward | D: -2363.86 | E: -8.30 | Q: 1268.40 | H: 21.20 | LB: 0.04 | Enq: 0.00 | Pen: -986.72
2026-06-18 09:28:30,309 | INFO | Update   11 | Steps:  11,264 | Episodes:    11 | EpReward:   -66.34 | FPS:     27 | Actor Loss: -0.0014 | Critic Loss: 0.0197
2026-06-18 09:28:30,310 | INFO |   Env | HO: 72.16% | Cont: 95.34% | Task: 79.94% | Resolved: 99.97% | Delay: 2.839s | Energy: 2386.08J | LB: 0.008
2026-06-18 09:28:30,310 | INFO |   Reward | D: -2318.21 | E: -8.42 | Q: 1433.20 | H: 21.43 | LB: 0.01 | Enq: 0.00 | Pen: -899.50
2026-06-18 09:29:21,793 | INFO | Update   12 | Steps:  12,288 | Episodes:    12 | EpReward:   -63.58 | FPS:     20 | Actor Loss: -0.0006 | Critic Loss: 0.0126
2026-06-18 09:29:21,793 | INFO |   Env | HO: 71.70% | Cont: 95.42% | Task: 78.97% | Resolved: 99.93% | Delay: 2.856s | Energy: 2387.53J | LB: 0.006
2026-06-18 09:29:21,794 | INFO |   Reward | D: -2309.92 | E: -8.12 | Q: 1313.20 | H: 22.43 | LB: 0.09 | Enq: 0.00 | Pen: -975.18
2026-06-18 09:30:15,723 | INFO | Update   13 | Steps:  13,312 | Episodes:    13 | EpReward:   -61.16 | FPS:     19 | Actor Loss: -0.0005 | Critic Loss: 0.0194
2026-06-18 09:30:15,723 | INFO |   Env | HO: 71.32% | Cont: 95.69% | Task: 79.52% | Resolved: 99.97% | Delay: 2.836s | Energy: 2419.00J | LB: 0.011
2026-06-18 09:30:15,723 | INFO |   Reward | D: -2338.26 | E: -8.41 | Q: 1398.00 | H: 17.05 | LB: 0.00 | Enq: 0.00 | Pen: -952.70
2026-06-18 09:30:59,069 | INFO | Update   14 | Steps:  14,336 | Episodes:    14 | EpReward:   -58.83 | FPS:     24 | Actor Loss: -0.0014 | Critic Loss: 0.0031
2026-06-18 09:30:59,069 | INFO |   Env | HO: 74.03% | Cont: 96.42% | Task: 80.21% | Resolved: 99.96% | Delay: 2.769s | Energy: 2252.31J | LB: 0.003
2026-06-18 09:30:59,070 | INFO |   Reward | D: -2303.40 | E: -8.03 | Q: 1454.80 | H: 19.30 | LB: 0.01 | Enq: 0.00 | Pen: -833.70
2026-06-18 09:31:56,662 | INFO | Update   15 | Steps:  15,360 | Episodes:    15 | EpReward:   -57.54 | FPS:     18 | Actor Loss: -0.0004 | Critic Loss: 0.0136
2026-06-18 09:31:56,662 | INFO |   Env | HO: 68.36% | Cont: 95.68% | Task: 78.61% | Resolved: 99.99% | Delay: 2.898s | Energy: 2464.14J | LB: 0.014
2026-06-18 09:31:56,662 | INFO |   Reward | D: -2325.20 | E: -8.12 | Q: 1278.40 | H: 15.80 | LB: 0.04 | Enq: 0.00 | Pen: -1115.82
2026-06-18 09:32:43,728 | INFO | Update   16 | Steps:  16,384 | Episodes:    16 | EpReward:   -55.94 | FPS:     22 | Actor Loss: 0.0001 | Critic Loss: 0.0076
2026-06-18 09:32:43,729 | INFO |   Env | HO: 66.89% | Cont: 96.91% | Task: 79.82% | Resolved: 99.96% | Delay: 2.827s | Energy: 2371.11J | LB: 0.011
2026-06-18 09:32:43,729 | INFO |   Reward | D: -2322.61 | E: -8.16 | Q: 1402.80 | H: 12.68 | LB: 0.00 | Enq: 0.00 | Pen: -980.98
2026-06-18 09:33:37,730 | INFO | Update   17 | Steps:  17,408 | Episodes:    17 | EpReward:   -55.19 | FPS:     19 | Actor Loss: -0.0005 | Critic Loss: 0.0093
2026-06-18 09:33:37,730 | INFO |   Env | HO: 73.36% | Cont: 97.03% | Task: 79.96% | Resolved: 99.99% | Delay: 2.824s | Energy: 2409.31J | LB: 0.005
2026-06-18 09:33:37,730 | INFO |   Reward | D: -2342.69 | E: -8.25 | Q: 1441.20 | H: 11.35 | LB: 0.04 | Enq: 0.00 | Pen: -1025.30
2026-06-18 09:34:23,935 | INFO | Update   18 | Steps:  18,432 | Episodes:    18 | EpReward:   -53.87 | FPS:     22 | Actor Loss: -0.0001 | Critic Loss: 0.0033
2026-06-18 09:34:23,935 | INFO |   Env | HO: 73.64% | Cont: 97.19% | Task: 79.92% | Resolved: 99.96% | Delay: 2.875s | Energy: 2458.81J | LB: 0.011
2026-06-18 09:34:23,935 | INFO |   Reward | D: -2337.74 | E: -8.03 | Q: 1421.20 | H: 11.58 | LB: 0.00 | Enq: 0.00 | Pen: -1088.76
2026-06-18 09:35:03,186 | INFO | Update   19 | Steps:  19,456 | Episodes:    19 | EpReward:   -53.04 | FPS:     26 | Actor Loss: -0.0004 | Critic Loss: 0.0060
2026-06-18 09:35:03,186 | INFO |   Env | HO: 72.68% | Cont: 97.74% | Task: 80.13% | Resolved: 99.96% | Delay: 2.889s | Energy: 2546.13J | LB: 0.007
2026-06-18 09:35:03,186 | INFO |   Reward | D: -2362.22 | E: -8.32 | Q: 1454.00 | H: 9.65 | LB: 0.00 | Enq: 0.00 | Pen: -1115.03
2026-06-18 09:35:41,888 | INFO | Update   20 | Steps:  20,480 | Episodes:    20 | EpReward:   -52.20 | FPS:     26 | Actor Loss: -0.0004 | Critic Loss: 0.0055
2026-06-18 09:35:41,888 | INFO |   Env | HO: 74.12% | Cont: 98.28% | Task: 80.04% | Resolved: 99.98% | Delay: 2.868s | Energy: 2541.33J | LB: 0.012
2026-06-18 09:35:41,888 | INFO |   Reward | D: -2398.18 | E: -8.26 | Q: 1451.60 | H: 8.11 | LB: 0.03 | Enq: 0.00 | Pen: -1142.74
2026-06-18 09:36:22,928 | INFO | Update   21 | Steps:  21,504 | Episodes:    21 | EpReward:   -51.10 | FPS:     25 | Actor Loss: -0.0011 | Critic Loss: 0.0018
2026-06-18 09:36:22,929 | INFO |   Env | HO: 73.71% | Cont: 98.34% | Task: 80.73% | Resolved: 99.98% | Delay: 2.856s | Energy: 2494.90J | LB: 0.004
2026-06-18 09:36:22,929 | INFO |   Reward | D: -2346.66 | E: -8.27 | Q: 1502.80 | H: 8.44 | LB: 0.03 | Enq: 0.00 | Pen: -1121.57
2026-06-18 09:37:06,964 | INFO | Update   22 | Steps:  22,528 | Episodes:    22 | EpReward:   -50.42 | FPS:     23 | Actor Loss: 0.0001 | Critic Loss: 0.0088
2026-06-18 09:37:06,964 | INFO |   Env | HO: 74.05% | Cont: 98.59% | Task: 80.33% | Resolved: 100.00% | Delay: 2.861s | Energy: 2515.06J | LB: 0.011
2026-06-18 09:37:06,964 | INFO |   Reward | D: -2335.92 | E: -8.14 | Q: 1447.60 | H: 6.19 | LB: 0.09 | Enq: 0.00 | Pen: -1139.03
2026-06-18 09:37:56,402 | INFO | Update   23 | Steps:  23,552 | Episodes:    23 | EpReward:   -49.88 | FPS:     21 | Actor Loss: -0.0002 | Critic Loss: 0.0044
2026-06-18 09:37:56,402 | INFO |   Env | HO: 76.86% | Cont: 98.40% | Task: 78.78% | Resolved: 99.98% | Delay: 2.948s | Energy: 2631.11J | LB: 0.004
2026-06-18 09:37:56,402 | INFO |   Reward | D: -2355.97 | E: -8.21 | Q: 1284.00 | H: 6.00 | LB: 0.00 | Enq: 0.00 | Pen: -1334.41
2026-06-18 09:38:49,426 | INFO | Update   24 | Steps:  24,576 | Episodes:    24 | EpReward:   -49.39 | FPS:     19 | Actor Loss: -0.0003 | Critic Loss: 0.0065
2026-06-18 09:38:49,426 | INFO |   Env | HO: 77.12% | Cont: 98.40% | Task: 79.28% | Resolved: 99.98% | Delay: 2.905s | Energy: 2550.33J | LB: 0.008
2026-06-18 09:38:49,426 | INFO |   Reward | D: -2330.22 | E: -8.11 | Q: 1325.20 | H: 5.80 | LB: 0.00 | Enq: 0.00 | Pen: -1212.30
2026-06-18 09:39:32,974 | INFO | Update   25 | Steps:  25,600 | Episodes:    25 | EpReward:   -48.70 | FPS:     24 | Actor Loss: 0.0004 | Critic Loss: 0.0025
2026-06-18 09:39:32,974 | INFO |   Env | HO: 74.56% | Cont: 98.99% | Task: 80.79% | Resolved: 99.99% | Delay: 2.859s | Energy: 2552.05J | LB: 0.009
2026-06-18 09:39:32,974 | INFO |   Reward | D: -2362.74 | E: -8.24 | Q: 1510.00 | H: 5.33 | LB: 0.00 | Enq: 0.00 | Pen: -1192.86
2026-06-18 09:40:18,901 | INFO | Update   26 | Steps:  26,624 | Episodes:    26 | EpReward:   -48.27 | FPS:     22 | Actor Loss: -0.0006 | Critic Loss: 0.0041
2026-06-18 09:40:18,901 | INFO |   Env | HO: 75.61% | Cont: 98.65% | Task: 79.35% | Resolved: 99.99% | Delay: 2.956s | Energy: 2689.15J | LB: 0.018
2026-06-18 09:40:18,901 | INFO |   Reward | D: -2438.96 | E: -8.33 | Q: 1376.40 | H: 5.94 | LB: 0.01 | Enq: 0.00 | Pen: -1381.15
2026-06-18 09:41:00,153 | INFO | Update   27 | Steps:  27,648 | Episodes:    27 | EpReward:   -47.57 | FPS:     25 | Actor Loss: 0.0000 | Critic Loss: 0.0054
2026-06-18 09:41:00,154 | INFO |   Env | HO: 77.42% | Cont: 98.46% | Task: 81.15% | Resolved: 99.97% | Delay: 2.809s | Energy: 2416.46J | LB: 0.013
2026-06-18 09:41:00,154 | INFO |   Reward | D: -2331.93 | E: -8.22 | Q: 1549.60 | H: 7.51 | LB: 0.04 | Enq: 0.00 | Pen: -1017.45
2026-06-18 09:41:37,364 | INFO | Update   28 | Steps:  28,672 | Episodes:    28 | EpReward:   -46.91 | FPS:     28 | Actor Loss: 0.0003 | Critic Loss: 0.0146
2026-06-18 09:41:37,364 | INFO |   Env | HO: 70.00% | Cont: 98.41% | Task: 82.04% | Resolved: 100.00% | Delay: 2.765s | Energy: 2330.48J | LB: 0.014
2026-06-18 09:41:37,364 | INFO |   Reward | D: -2304.73 | E: -8.12 | Q: 1653.20 | H: 7.85 | LB: 0.00 | Enq: 0.00 | Pen: -971.61
2026-06-18 09:42:17,860 | INFO | Update   29 | Steps:  29,696 | Episodes:    29 | EpReward:   -45.86 | FPS:     25 | Actor Loss: 0.0006 | Critic Loss: 0.0065
2026-06-18 09:42:17,863 | INFO |   Env | HO: 74.74% | Cont: 97.92% | Task: 82.42% | Resolved: 99.89% | Delay: 2.730s | Energy: 2242.80J | LB: 0.011
2026-06-18 09:42:17,864 | INFO |   Reward | D: -2274.35 | E: -7.98 | Q: 1678.00 | H: 9.14 | LB: 0.01 | Enq: 0.00 | Pen: -894.80
2026-06-18 09:43:06,264 | INFO | Update   30 | Steps:  30,720 | Episodes:    30 | EpReward:   -45.27 | FPS:     21 | Actor Loss: 0.0004 | Critic Loss: 0.0079
2026-06-18 09:43:06,264 | INFO |   Env | HO: 75.00% | Cont: 98.60% | Task: 81.00% | Resolved: 99.96% | Delay: 2.809s | Energy: 2439.31J | LB: 0.012
2026-06-18 09:43:06,264 | INFO |   Reward | D: -2368.74 | E: -8.05 | Q: 1545.60 | H: 6.61 | LB: 0.03 | Enq: 0.00 | Pen: -1124.54
2026-06-18 09:43:51,147 | INFO | Update   31 | Steps:  31,744 | Episodes:    31 | EpReward:   -44.82 | FPS:     23 | Actor Loss: 0.0003 | Critic Loss: 0.0065
2026-06-18 09:43:51,147 | INFO |   Env | HO: 75.48% | Cont: 98.61% | Task: 81.52% | Resolved: 100.00% | Delay: 2.787s | Energy: 2339.70J | LB: 0.012
2026-06-18 09:43:51,147 | INFO |   Reward | D: -2319.00 | E: -7.99 | Q: 1581.60 | H: 7.38 | LB: 0.08 | Enq: 0.00 | Pen: -1024.78
2026-06-18 09:44:29,966 | INFO | Update   32 | Steps:  32,768 | Episodes:    32 | EpReward:   -44.22 | FPS:     26 | Actor Loss: 0.0001 | Critic Loss: 0.0048
2026-06-18 09:44:29,966 | INFO |   Env | HO: 73.97% | Cont: 98.02% | Task: 81.20% | Resolved: 99.99% | Delay: 2.785s | Energy: 2359.17J | LB: 0.013
2026-06-18 09:44:29,966 | INFO |   Reward | D: -2353.00 | E: -8.13 | Q: 1582.00 | H: 10.27 | LB: 0.06 | Enq: 0.00 | Pen: -1012.82
2026-06-18 09:45:18,245 | INFO | Update   33 | Steps:  33,792 | Episodes:    33 | EpReward:   -43.54 | FPS:     21 | Actor Loss: -0.0001 | Critic Loss: 0.0081
2026-06-18 09:45:18,245 | INFO |   Env | HO: 72.57% | Cont: 98.19% | Task: 81.76% | Resolved: 99.97% | Delay: 2.748s | Energy: 2239.04J | LB: 0.015
2026-06-18 09:45:18,245 | INFO |   Reward | D: -2269.77 | E: -7.78 | Q: 1590.00 | H: 7.84 | LB: 0.04 | Enq: 0.00 | Pen: -902.95
2026-06-18 09:46:02,556 | INFO | Update   34 | Steps:  34,816 | Episodes:    34 | EpReward:   -43.12 | FPS:     23 | Actor Loss: -0.0001 | Critic Loss: 0.0070
2026-06-18 09:46:02,557 | INFO |   Env | HO: 67.48% | Cont: 98.20% | Task: 81.15% | Resolved: 99.97% | Delay: 2.804s | Energy: 2400.33J | LB: 0.016
2026-06-18 09:46:02,557 | INFO |   Reward | D: -2342.76 | E: -8.06 | Q: 1566.80 | H: 8.66 | LB: 0.07 | Enq: 0.00 | Pen: -1052.33
2026-06-18 09:46:45,843 | INFO | Update   35 | Steps:  35,840 | Episodes:    35 | EpReward:   -42.58 | FPS:     24 | Actor Loss: 0.0005 | Critic Loss: 0.0030
2026-06-18 09:46:45,843 | INFO |   Env | HO: 71.13% | Cont: 96.73% | Task: 82.70% | Resolved: 99.96% | Delay: 2.699s | Energy: 2116.32J | LB: 0.008
2026-06-18 09:46:45,843 | INFO |   Reward | D: -2224.86 | E: -7.90 | Q: 1715.20 | H: 10.88 | LB: 0.04 | Enq: 0.00 | Pen: -801.48
2026-06-18 09:47:24,998 | INFO | Update   36 | Steps:  36,864 | Episodes:    36 | EpReward:   -42.17 | FPS:     26 | Actor Loss: 0.0002 | Critic Loss: 0.0086
2026-06-18 09:47:24,999 | INFO |   Env | HO: 71.78% | Cont: 96.77% | Task: 80.43% | Resolved: 99.99% | Delay: 2.766s | Energy: 2186.56J | LB: 0.007
2026-06-18 09:47:24,999 | INFO |   Reward | D: -2260.47 | E: -7.60 | Q: 1474.80 | H: 7.22 | LB: 0.09 | Enq: 0.00 | Pen: -974.74
2026-06-18 09:48:08,603 | INFO | Update   37 | Steps:  37,888 | Episodes:    37 | EpReward:   -41.48 | FPS:     23 | Actor Loss: -0.0001 | Critic Loss: 0.0030
2026-06-18 09:48:08,603 | INFO |   Env | HO: 69.57% | Cont: 97.29% | Task: 82.24% | Resolved: 99.96% | Delay: 2.704s | Energy: 2146.07J | LB: 0.010
2026-06-18 09:48:08,603 | INFO |   Reward | D: -2270.31 | E: -7.82 | Q: 1678.80 | H: 10.96 | LB: -0.00 | Enq: 0.00 | Pen: -861.42
2026-06-18 09:48:52,848 | INFO | Update   38 | Steps:  38,912 | Episodes:    38 | EpReward:   -41.01 | FPS:     23 | Actor Loss: 0.0002 | Critic Loss: 0.0023
2026-06-18 09:48:52,848 | INFO |   Env | HO: 72.28% | Cont: 96.91% | Task: 80.92% | Resolved: 100.00% | Delay: 2.756s | Energy: 2200.54J | LB: 0.006
2026-06-18 09:48:52,848 | INFO |   Reward | D: -2265.62 | E: -7.76 | Q: 1530.40 | H: 9.09 | LB: 0.01 | Enq: 0.00 | Pen: -930.12
2026-06-18 09:49:38,418 | INFO | Update   39 | Steps:  39,936 | Episodes:    39 | EpReward:   -40.69 | FPS:     22 | Actor Loss: 0.0001 | Critic Loss: 0.0047
2026-06-18 09:49:38,418 | INFO |   Env | HO: 62.69% | Cont: 97.84% | Task: 81.40% | Resolved: 99.92% | Delay: 2.817s | Energy: 2374.03J | LB: 0.015
2026-06-18 09:49:38,418 | INFO |   Reward | D: -2332.96 | E: -8.05 | Q: 1590.00 | H: 7.72 | LB: 0.03 | Enq: 0.00 | Pen: -1121.73
2026-06-18 09:50:18,706 | INFO | Update   40 | Steps:  40,960 | Episodes:    40 | EpReward:   -40.10 | FPS:     25 | Actor Loss: -0.0002 | Critic Loss: 0.0025
2026-06-18 09:50:18,713 | INFO |   Env | HO: 76.59% | Cont: 97.96% | Task: 81.93% | Resolved: 99.99% | Delay: 2.720s | Energy: 2258.50J | LB: 0.018
2026-06-18 09:50:18,713 | INFO |   Reward | D: -2327.58 | E: -8.07 | Q: 1662.40 | H: 9.89 | LB: 0.16 | Enq: 0.00 | Pen: -922.76
2026-06-18 09:51:08,709 | INFO | Update   41 | Steps:  41,984 | Episodes:    41 | EpReward:   -39.81 | FPS:     20 | Actor Loss: -0.0001 | Critic Loss: 0.0022
2026-06-18 09:51:08,709 | INFO |   Env | HO: 67.58% | Cont: 98.15% | Task: 82.26% | Resolved: 99.99% | Delay: 2.754s | Energy: 2317.11J | LB: 0.009
2026-06-18 09:51:08,709 | INFO |   Reward | D: -2324.90 | E: -8.02 | Q: 1688.80 | H: 7.66 | LB: 0.07 | Enq: 0.00 | Pen: -1050.81
2026-06-18 09:52:02,402 | INFO | Update   42 | Steps:  43,008 | Episodes:    42 | EpReward:   -39.50 | FPS:     19 | Actor Loss: 0.0003 | Critic Loss: 0.0032
2026-06-18 09:52:02,402 | INFO |   Env | HO: 71.26% | Cont: 98.33% | Task: 81.40% | Resolved: 99.98% | Delay: 2.757s | Energy: 2335.01J | LB: 0.010
2026-06-18 09:52:02,402 | INFO |   Reward | D: -2329.17 | E: -8.06 | Q: 1596.80 | H: 7.77 | LB: 0.08 | Enq: 0.00 | Pen: -1029.13
2026-06-18 09:52:52,092 | INFO | Update   43 | Steps:  44,032 | Episodes:    43 | EpReward:   -39.12 | FPS:     21 | Actor Loss: 0.0001 | Critic Loss: 0.0009
2026-06-18 09:52:52,092 | INFO |   Env | HO: 71.12% | Cont: 97.63% | Task: 81.84% | Resolved: 99.98% | Delay: 2.719s | Energy: 2229.65J | LB: 0.014
2026-06-18 09:52:52,092 | INFO |   Reward | D: -2300.43 | E: -7.99 | Q: 1639.60 | H: 10.50 | LB: 0.05 | Enq: 0.00 | Pen: -874.48
2026-06-18 09:53:46,297 | INFO | Update   44 | Steps:  45,056 | Episodes:    44 | EpReward:   -38.87 | FPS:     19 | Actor Loss: 0.0000 | Critic Loss: 0.0078
2026-06-18 09:53:46,297 | INFO |   Env | HO: 71.66% | Cont: 98.07% | Task: 80.89% | Resolved: 99.96% | Delay: 2.785s | Energy: 2325.04J | LB: 0.012
2026-06-18 09:53:46,297 | INFO |   Reward | D: -2317.78 | E: -7.95 | Q: 1527.60 | H: 8.22 | LB: 0.02 | Enq: 0.00 | Pen: -999.94
2026-06-18 09:54:29,898 | INFO | Update   45 | Steps:  46,080 | Episodes:    45 | EpReward:   -38.56 | FPS:     23 | Actor Loss: -0.0001 | Critic Loss: 0.0031
2026-06-18 09:54:29,899 | INFO |   Env | HO: 70.00% | Cont: 97.93% | Task: 81.01% | Resolved: 99.96% | Delay: 2.796s | Energy: 2343.98J | LB: 0.013
2026-06-18 09:54:29,899 | INFO |   Reward | D: -2314.49 | E: -8.03 | Q: 1540.00 | H: 8.13 | LB: 0.09 | Enq: 0.00 | Pen: -1044.83
2026-06-18 09:55:25,143 | INFO | Update   46 | Steps:  47,104 | Episodes:    46 | EpReward:   -38.12 | FPS:     19 | Actor Loss: -0.0004 | Critic Loss: 0.0032
2026-06-18 09:55:25,143 | INFO |   Env | HO: 73.02% | Cont: 97.76% | Task: 82.26% | Resolved: 100.00% | Delay: 2.722s | Energy: 2159.95J | LB: 0.006
2026-06-18 09:55:25,143 | INFO |   Reward | D: -2231.98 | E: -7.85 | Q: 1645.60 | H: 9.81 | LB: 0.13 | Enq: 0.00 | Pen: -833.41
2026-06-18 09:56:04,871 | INFO | Update   47 | Steps:  48,128 | Episodes:    47 | EpReward:   -37.68 | FPS:     26 | Actor Loss: 0.0003 | Critic Loss: 0.0020
2026-06-18 09:56:04,871 | INFO |   Env | HO: 74.34% | Cont: 98.31% | Task: 81.84% | Resolved: 99.98% | Delay: 2.775s | Energy: 2302.14J | LB: 0.012
2026-06-18 09:56:04,871 | INFO |   Reward | D: -2283.11 | E: -7.94 | Q: 1607.20 | H: 7.02 | LB: 0.00 | Enq: 0.00 | Pen: -1029.01
2026-06-18 09:56:51,405 | INFO | Update   48 | Steps:  49,152 | Episodes:    48 | EpReward:   -37.49 | FPS:     22 | Actor Loss: 0.0000 | Critic Loss: 0.0024
2026-06-18 09:56:51,406 | INFO |   Env | HO: 75.52% | Cont: 98.38% | Task: 80.94% | Resolved: 99.93% | Delay: 2.821s | Energy: 2446.88J | LB: 0.010
2026-06-18 09:56:51,406 | INFO |   Reward | D: -2360.14 | E: -8.17 | Q: 1548.80 | H: 6.66 | LB: 0.04 | Enq: 0.00 | Pen: -1152.92
2026-06-18 09:57:35,743 | INFO | Update   49 | Steps:  50,176 | Episodes:    49 | EpReward:   -37.05 | FPS:     23 | Actor Loss: -0.0003 | Critic Loss: 0.0011
2026-06-18 09:57:35,743 | INFO |   Env | HO: 69.47% | Cont: 97.43% | Task: 82.29% | Resolved: 99.98% | Delay: 2.708s | Energy: 2171.33J | LB: 0.013
2026-06-18 09:57:35,743 | INFO |   Reward | D: -2226.31 | E: -8.11 | Q: 1665.60 | H: 8.15 | LB: 0.06 | Enq: 0.00 | Pen: -836.19
2026-06-18 09:57:35,743 | INFO | ----------------------------------------
2026-06-18 09:57:35,743 | INFO | 开始评估...
2026-06-18 09:58:38,388 | INFO | 评估结果: 奖励 = -36.85 ± 1.19, 长度 = 600, 时延 = 2.800s, 能耗 = 4487.30J, 负载均衡 = 0.006
2026-06-18 09:58:38,391 | INFO | 新的最佳模型 (average delay): score = -2.8003, delay = 2.800s, completion = 80.39%, continuity = 98.79%, load_balance = 0.006
2026-06-18 09:58:38,418 | INFO | 模型已保存: /home/pjpjq/LEO_switch/results/full_train_latency_priority_multiuser_u25_multiuser_6_7/best_model.pt
2026-06-18 09:58:38,418 | INFO | 新的最佳奖励: -36.85
2026-06-18 09:58:38,418 | INFO | ----------------------------------------
2026-06-18 09:59:20,966 | INFO | Update   50 | Steps:  51,200 | Episodes:    50 | EpReward:   -36.69 | FPS:     24 | Actor Loss: 0.0000 | Critic Loss: 0.0015
2026-06-18 09:59:20,967 | INFO |   Env | HO: 75.00% | Cont: 98.84% | Task: 82.22% | Resolved: 100.00% | Delay: 2.740s | Energy: 2300.52J | LB: 0.017
2026-06-18 09:59:20,967 | INFO |   Reward | D: -2314.39 | E: -7.97 | Q: 1667.20 | H: 6.93 | LB: 0.00 | Enq: 0.00 | Pen: -1012.08
2026-06-18 10:00:08,547 | INFO | Update   51 | Steps:  52,224 | Episodes:    51 | EpReward:   -36.55 | FPS:     22 | Actor Loss: 0.0000 | Critic Loss: 0.0023
2026-06-18 10:00:08,551 | INFO |   Env | HO: 78.92% | Cont: 98.24% | Task: 81.34% | Resolved: 99.98% | Delay: 2.771s | Energy: 2320.43J | LB: 0.011
2026-06-18 10:00:08,551 | INFO |   Reward | D: -2283.79 | E: -8.02 | Q: 1562.80 | H: 8.14 | LB: 0.01 | Enq: 0.00 | Pen: -1014.16
2026-06-18 10:00:52,961 | INFO | Update   52 | Steps:  53,248 | Episodes:    52 | EpReward:   -36.15 | FPS:     23 | Actor Loss: -0.0000 | Critic Loss: 0.0017
2026-06-18 10:00:52,961 | INFO |   Env | HO: 71.15% | Cont: 98.28% | Task: 82.19% | Resolved: 99.99% | Delay: 2.717s | Energy: 2235.19J | LB: 0.016
2026-06-18 10:00:52,965 | INFO |   Reward | D: -2290.04 | E: -7.93 | Q: 1670.80 | H: 6.84 | LB: 0.00 | Enq: 0.00 | Pen: -923.07
2026-06-18 10:01:44,816 | INFO | Update   53 | Steps:  54,272 | Episodes:    53 | EpReward:   -35.98 | FPS:     20 | Actor Loss: -0.0001 | Critic Loss: 0.0013
2026-06-18 10:01:44,816 | INFO |   Env | HO: 72.79% | Cont: 99.12% | Task: 82.31% | Resolved: 100.00% | Delay: 2.705s | Energy: 2213.50J | LB: 0.010
2026-06-18 10:01:44,816 | INFO |   Reward | D: -2274.90 | E: -7.70 | Q: 1655.60 | H: 6.09 | LB: 0.01 | Enq: 0.00 | Pen: -960.45
2026-06-18 10:02:27,544 | INFO | Update   54 | Steps:  55,296 | Episodes:    54 | EpReward:   -35.59 | FPS:     24 | Actor Loss: 0.0000 | Critic Loss: 0.0010
2026-06-18 10:02:27,544 | INFO |   Env | HO: 66.67% | Cont: 97.45% | Task: 83.05% | Resolved: 100.00% | Delay: 2.614s | Energy: 1996.06J | LB: 0.013
2026-06-18 10:02:27,544 | INFO |   Reward | D: -2228.79 | E: -7.71 | Q: 1756.00 | H: 9.12 | LB: 0.04 | Enq: 0.00 | Pen: -706.65
2026-06-18 10:03:14,740 | INFO | Update   55 | Steps:  56,320 | Episodes:    55 | EpReward:   -35.31 | FPS:     22 | Actor Loss: 0.0003 | Critic Loss: 0.0014
2026-06-18 10:03:14,740 | INFO |   Env | HO: 75.62% | Cont: 98.13% | Task: 83.03% | Resolved: 100.00% | Delay: 2.613s | Energy: 2020.06J | LB: 0.018
2026-06-18 10:03:14,740 | INFO |   Reward | D: -2258.28 | E: -7.69 | Q: 1761.60 | H: 9.47 | LB: 0.08 | Enq: 0.00 | Pen: -728.73
2026-06-18 10:03:58,415 | INFO | Update   56 | Steps:  57,344 | Episodes:    56 | EpReward:   -34.82 | FPS:     23 | Actor Loss: 0.0004 | Critic Loss: 0.0012
2026-06-18 10:03:58,415 | INFO |   Env | HO: 74.74% | Cont: 98.36% | Task: 83.27% | Resolved: 99.99% | Delay: 2.661s | Energy: 2120.06J | LB: 0.019
2026-06-18 10:03:58,415 | INFO |   Reward | D: -2256.34 | E: -7.85 | Q: 1778.80 | H: 9.03 | LB: 0.00 | Enq: 0.00 | Pen: -792.96
2026-06-18 10:04:40,645 | INFO | Update   57 | Steps:  58,368 | Episodes:    57 | EpReward:   -34.62 | FPS:     24 | Actor Loss: -0.0004 | Critic Loss: 0.0035
2026-06-18 10:04:40,645 | INFO |   Env | HO: 75.23% | Cont: 98.01% | Task: 82.26% | Resolved: 99.92% | Delay: 2.752s | Energy: 2274.58J | LB: 0.019
2026-06-18 10:04:40,645 | INFO |   Reward | D: -2306.95 | E: -7.91 | Q: 1683.20 | H: 10.36 | LB: 0.14 | Enq: 0.00 | Pen: -970.29
2026-06-18 10:05:31,204 | INFO | Update   58 | Steps:  59,392 | Episodes:    58 | EpReward:   -34.28 | FPS:     20 | Actor Loss: -0.0001 | Critic Loss: 0.0032
2026-06-18 10:05:31,204 | INFO |   Env | HO: 71.21% | Cont: 97.74% | Task: 83.05% | Resolved: 99.98% | Delay: 2.638s | Energy: 2003.11J | LB: 0.024
2026-06-18 10:05:31,204 | INFO |   Reward | D: -2231.23 | E: -7.44 | Q: 1741.20 | H: 11.57 | LB: 0.07 | Enq: 0.00 | Pen: -775.39
2026-06-18 10:06:15,655 | INFO | Update   59 | Steps:  60,416 | Episodes:    59 | EpReward:   -33.88 | FPS:     23 | Actor Loss: -0.0000 | Critic Loss: 0.0038
2026-06-18 10:06:15,655 | INFO |   Env | HO: 73.76% | Cont: 96.56% | Task: 82.26% | Resolved: 99.95% | Delay: 2.645s | Energy: 1948.83J | LB: 0.017
2026-06-18 10:06:15,655 | INFO |   Reward | D: -2204.82 | E: -7.38 | Q: 1658.80 | H: 12.59 | LB: 0.09 | Enq: 0.00 | Pen: -772.50
2026-06-18 10:07:01,569 | INFO | Update   60 | Steps:  61,440 | Episodes:    60 | EpReward:   -33.74 | FPS:     22 | Actor Loss: -0.0001 | Critic Loss: 0.0058
2026-06-18 10:07:01,569 | INFO |   Env | HO: 68.12% | Cont: 98.08% | Task: 82.07% | Resolved: 99.97% | Delay: 2.735s | Energy: 2221.02J | LB: 0.018
2026-06-18 10:07:01,569 | INFO |   Reward | D: -2302.81 | E: -7.67 | Q: 1660.40 | H: 9.61 | LB: 0.13 | Enq: 0.00 | Pen: -1004.37
2026-06-18 10:07:36,489 | INFO | Update   61 | Steps:  62,464 | Episodes:    61 | EpReward:   -33.20 | FPS:     29 | Actor Loss: 0.0000 | Critic Loss: 0.0026
2026-06-18 10:07:36,489 | INFO |   Env | HO: 74.53% | Cont: 97.45% | Task: 85.25% | Resolved: 99.90% | Delay: 2.513s | Energy: 1799.56J | LB: 0.013
2026-06-18 10:07:36,489 | INFO |   Reward | D: -2180.70 | E: -7.55 | Q: 2006.80 | H: 9.63 | LB: 0.04 | Enq: 0.00 | Pen: -504.20
2026-06-18 10:08:11,154 | INFO | Update   62 | Steps:  63,488 | Episodes:    62 | EpReward:   -33.09 | FPS:     30 | Actor Loss: 0.0001 | Critic Loss: 0.0015
2026-06-18 10:08:11,154 | INFO |   Env | HO: 72.65% | Cont: 97.95% | Task: 83.24% | Resolved: 99.98% | Delay: 2.695s | Energy: 2158.40J | LB: 0.025
2026-06-18 10:08:11,154 | INFO |   Reward | D: -2286.21 | E: -7.88 | Q: 1793.60 | H: 10.59 | LB: 0.02 | Enq: 0.00 | Pen: -878.30
2026-06-18 10:08:46,101 | INFO | Update   63 | Steps:  64,512 | Episodes:    63 | EpReward:   -33.00 | FPS:     29 | Actor Loss: -0.0002 | Critic Loss: 0.0061
2026-06-18 10:08:46,102 | INFO |   Env | HO: 67.50% | Cont: 97.15% | Task: 81.59% | Resolved: 99.97% | Delay: 2.737s | Energy: 2189.49J | LB: 0.017
2026-06-18 10:08:46,102 | INFO |   Reward | D: -2284.08 | E: -7.55 | Q: 1606.80 | H: 11.63 | LB: 0.05 | Enq: 0.00 | Pen: -1005.67
2026-06-18 10:09:26,256 | INFO | Update   64 | Steps:  65,536 | Episodes:    64 | EpReward:   -32.70 | FPS:     26 | Actor Loss: -0.0003 | Critic Loss: 0.0019
2026-06-18 10:09:26,256 | INFO |   Env | HO: 68.10% | Cont: 97.83% | Task: 82.69% | Resolved: 99.98% | Delay: 2.655s | Energy: 2109.83J | LB: 0.024
2026-06-18 10:09:26,256 | INFO |   Reward | D: -2329.66 | E: -7.80 | Q: 1768.00 | H: 9.85 | LB: 0.04 | Enq: 0.00 | Pen: -844.78
2026-06-18 10:10:06,558 | INFO | Update   65 | Steps:  66,560 | Episodes:    65 | EpReward:   -32.35 | FPS:     25 | Actor Loss: 0.0000 | Critic Loss: 0.0011
2026-06-18 10:10:06,558 | INFO |   Env | HO: 72.63% | Cont: 97.45% | Task: 83.73% | Resolved: 99.99% | Delay: 2.629s | Energy: 1966.61J | LB: 0.012
2026-06-18 10:10:06,558 | INFO |   Reward | D: -2180.96 | E: -7.53 | Q: 1795.60 | H: 8.47 | LB: 0.04 | Enq: 0.00 | Pen: -712.13
2026-06-18 10:10:51,099 | INFO | Update   66 | Steps:  67,584 | Episodes:    66 | EpReward:   -31.97 | FPS:     23 | Actor Loss: -0.0001 | Critic Loss: 0.0016
2026-06-18 10:10:51,099 | INFO |   Env | HO: 67.69% | Cont: 97.76% | Task: 82.20% | Resolved: 99.99% | Delay: 2.708s | Energy: 2159.16J | LB: 0.019
2026-06-18 10:10:51,100 | INFO |   Reward | D: -2291.97 | E: -7.74 | Q: 1681.20 | H: 8.10 | LB: 0.02 | Enq: 0.00 | Pen: -891.81
2026-06-18 10:11:37,434 | INFO | Update   67 | Steps:  68,608 | Episodes:    67 | EpReward:   -31.82 | FPS:     22 | Actor Loss: 0.0005 | Critic Loss: 0.0025
2026-06-18 10:11:37,434 | INFO |   Env | HO: 72.78% | Cont: 98.63% | Task: 82.52% | Resolved: 99.98% | Delay: 2.702s | Energy: 2194.21J | LB: 0.014
2026-06-18 10:11:37,435 | INFO |   Reward | D: -2273.20 | E: -7.72 | Q: 1686.80 | H: 7.02 | LB: 0.10 | Enq: 0.00 | Pen: -961.45
2026-06-18 10:12:20,402 | INFO | Update   68 | Steps:  69,632 | Episodes:    68 | EpReward:   -31.49 | FPS:     24 | Actor Loss: 0.0002 | Critic Loss: 0.0017
2026-06-18 10:12:20,403 | INFO |   Env | HO: 72.02% | Cont: 97.89% | Task: 83.39% | Resolved: 99.97% | Delay: 2.659s | Energy: 2127.11J | LB: 0.019
2026-06-18 10:12:20,403 | INFO |   Reward | D: -2292.42 | E: -7.92 | Q: 1828.40 | H: 9.62 | LB: 0.04 | Enq: 0.00 | Pen: -841.97
2026-06-18 10:13:04,073 | INFO | Update   69 | Steps:  70,656 | Episodes:    69 | EpReward:   -31.56 | FPS:     23 | Actor Loss: 0.0004 | Critic Loss: 0.0076
2026-06-18 10:13:04,073 | INFO |   Env | HO: 73.53% | Cont: 98.55% | Task: 81.09% | Resolved: 100.00% | Delay: 2.817s | Energy: 2411.93J | LB: 0.008
2026-06-18 10:13:04,073 | INFO |   Reward | D: -2355.18 | E: -7.88 | Q: 1564.40 | H: 6.35 | LB: 0.03 | Enq: 0.00 | Pen: -1243.74
2026-06-18 10:13:44,330 | INFO | Update   70 | Steps:  71,680 | Episodes:    70 | EpReward:   -31.60 | FPS:     25 | Actor Loss: -0.0008 | Critic Loss: 0.0075
2026-06-18 10:13:44,331 | INFO |   Env | HO: 72.87% | Cont: 98.62% | Task: 80.85% | Resolved: 99.99% | Delay: 2.815s | Energy: 2392.99J | LB: 0.012
2026-06-18 10:13:44,331 | INFO |   Reward | D: -2335.81 | E: -7.62 | Q: 1513.60 | H: 5.87 | LB: 0.04 | Enq: 0.00 | Pen: -1269.15
2026-06-18 10:14:36,753 | INFO | Update   71 | Steps:  72,704 | Episodes:    71 | EpReward:   -31.48 | FPS:     20 | Actor Loss: 0.0005 | Critic Loss: 0.0071
2026-06-18 10:14:36,753 | INFO |   Env | HO: 72.57% | Cont: 97.54% | Task: 82.43% | Resolved: 99.97% | Delay: 2.713s | Energy: 2142.39J | LB: 0.018
2026-06-18 10:14:36,753 | INFO |   Reward | D: -2278.90 | E: -7.54 | Q: 1703.60 | H: 10.05 | LB: 0.14 | Enq: 0.00 | Pen: -964.85
2026-06-18 10:15:19,578 | INFO | Update   72 | Steps:  73,728 | Episodes:    72 | EpReward:   -31.33 | FPS:     24 | Actor Loss: -0.0005 | Critic Loss: 0.0049
2026-06-18 10:15:19,578 | INFO |   Env | HO: 70.04% | Cont: 97.10% | Task: 81.59% | Resolved: 99.99% | Delay: 2.715s | Energy: 2074.52J | LB: 0.015
2026-06-18 10:15:19,578 | INFO |   Reward | D: -2252.77 | E: -7.35 | Q: 1589.20 | H: 11.99 | LB: 0.03 | Enq: 0.00 | Pen: -938.13
2026-06-18 10:16:09,406 | INFO | Update   73 | Steps:  74,752 | Episodes:    73 | EpReward:   -31.11 | FPS:     21 | Actor Loss: 0.0005 | Critic Loss: 0.0028
2026-06-18 10:16:09,406 | INFO |   Env | HO: 69.53% | Cont: 97.61% | Task: 82.68% | Resolved: 99.98% | Delay: 2.699s | Energy: 2100.30J | LB: 0.019
2026-06-18 10:16:09,406 | INFO |   Reward | D: -2289.30 | E: -7.50 | Q: 1736.00 | H: 9.95 | LB: 0.05 | Enq: 0.00 | Pen: -917.76
2026-06-18 10:16:57,456 | INFO | Update   74 | Steps:  75,776 | Episodes:    74 | EpReward:   -30.98 | FPS:     21 | Actor Loss: 0.0005 | Critic Loss: 0.0037
2026-06-18 10:16:57,457 | INFO |   Env | HO: 70.36% | Cont: 97.61% | Task: 82.76% | Resolved: 99.97% | Delay: 2.681s | Energy: 2071.39J | LB: 0.025
2026-06-18 10:16:57,457 | INFO |   Reward | D: -2269.65 | E: -7.50 | Q: 1729.60 | H: 12.08 | LB: 0.21 | Enq: 0.00 | Pen: -925.40
2026-06-18 10:17:43,925 | INFO | Update   75 | Steps:  76,800 | Episodes:    75 | EpReward:   -30.54 | FPS:     22 | Actor Loss: 0.0004 | Critic Loss: 0.0083
2026-06-18 10:17:43,925 | INFO |   Env | HO: 77.53% | Cont: 96.97% | Task: 85.82% | Resolved: 99.96% | Delay: 2.478s | Energy: 1693.55J | LB: 0.030
2026-06-18 10:17:43,925 | INFO |   Reward | D: -2135.64 | E: -7.36 | Q: 2062.40 | H: 12.69 | LB: 0.04 | Enq: 0.00 | Pen: -462.54
2026-06-18 10:18:30,862 | INFO | Update   76 | Steps:  77,824 | Episodes:    76 | EpReward:   -30.38 | FPS:     22 | Actor Loss: 0.0005 | Critic Loss: 0.0037
2026-06-18 10:18:30,862 | INFO |   Env | HO: 73.26% | Cont: 97.89% | Task: 83.40% | Resolved: 99.93% | Delay: 2.670s | Energy: 2096.30J | LB: 0.034
2026-06-18 10:18:30,862 | INFO |   Reward | D: -2292.23 | E: -7.58 | Q: 1829.60 | H: 11.53 | LB: 0.01 | Enq: 0.00 | Pen: -881.07
2026-06-18 10:19:10,906 | INFO | Update   77 | Steps:  78,848 | Episodes:    77 | EpReward:   -30.24 | FPS:     26 | Actor Loss: -0.0004 | Critic Loss: 0.0039
2026-06-18 10:19:10,907 | INFO |   Env | HO: 71.25% | Cont: 97.63% | Task: 83.13% | Resolved: 99.98% | Delay: 2.635s | Energy: 1987.20J | LB: 0.019
2026-06-18 10:19:10,907 | INFO |   Reward | D: -2246.18 | E: -7.46 | Q: 1781.60 | H: 10.53 | LB: 0.05 | Enq: 0.00 | Pen: -792.48
2026-06-18 10:19:53,990 | INFO | Update   78 | Steps:  79,872 | Episodes:    78 | EpReward:   -29.93 | FPS:     24 | Actor Loss: 0.0005 | Critic Loss: 0.0021
2026-06-18 10:19:53,990 | INFO |   Env | HO: 72.22% | Cont: 97.18% | Task: 83.78% | Resolved: 99.98% | Delay: 2.580s | Energy: 1856.73J | LB: 0.023
2026-06-18 10:19:53,990 | INFO |   Reward | D: -2205.56 | E: -7.42 | Q: 1837.60 | H: 11.90 | LB: 0.07 | Enq: 0.00 | Pen: -659.78
2026-06-18 10:20:45,698 | INFO | Update   79 | Steps:  80,896 | Episodes:    79 | EpReward:   -29.60 | FPS:     20 | Actor Loss: -0.0003 | Critic Loss: 0.0021
2026-06-18 10:20:45,698 | INFO |   Env | HO: 76.79% | Cont: 97.14% | Task: 84.84% | Resolved: 99.96% | Delay: 2.505s | Energy: 1744.21J | LB: 0.019
2026-06-18 10:20:45,698 | INFO |   Reward | D: -2174.70 | E: -7.34 | Q: 1960.80 | H: 11.19 | LB: 0.04 | Enq: 0.00 | Pen: -484.85
2026-06-18 10:21:35,467 | INFO | Update   80 | Steps:  81,920 | Episodes:    80 | EpReward:   -29.50 | FPS:     21 | Actor Loss: -0.0004 | Critic Loss: 0.0056
2026-06-18 10:21:35,467 | INFO |   Env | HO: 73.20% | Cont: 98.05% | Task: 82.02% | Resolved: 99.94% | Delay: 2.682s | Energy: 2073.87J | LB: 0.021
2026-06-18 10:21:35,467 | INFO |   Reward | D: -2259.20 | E: -7.32 | Q: 1637.60 | H: 8.64 | LB: 0.06 | Enq: 0.00 | Pen: -923.15
2026-06-18 10:22:21,209 | INFO | Update   81 | Steps:  82,944 | Episodes:    81 | EpReward:   -29.36 | FPS:     22 | Actor Loss: 0.0002 | Critic Loss: 0.0031
2026-06-18 10:22:21,209 | INFO |   Env | HO: 74.27% | Cont: 98.78% | Task: 83.98% | Resolved: 99.95% | Delay: 2.646s | Energy: 2059.40J | LB: 0.027
2026-06-18 10:22:21,209 | INFO |   Reward | D: -2242.48 | E: -7.49 | Q: 1845.60 | H: 7.91 | LB: 0.06 | Enq: 0.00 | Pen: -865.73
2026-06-18 10:23:11,260 | INFO | Update   82 | Steps:  83,968 | Episodes:    82 | EpReward:   -29.28 | FPS:     20 | Actor Loss: -0.0001 | Critic Loss: 0.0038
2026-06-18 10:23:11,260 | INFO |   Env | HO: 75.00% | Cont: 98.11% | Task: 82.54% | Resolved: 99.99% | Delay: 2.699s | Energy: 2127.37J | LB: 0.020
2026-06-18 10:23:11,260 | INFO |   Reward | D: -2295.11 | E: -7.46 | Q: 1710.40 | H: 8.12 | LB: 0.12 | Enq: 0.00 | Pen: -977.93
2026-06-18 10:23:59,228 | INFO | Update   83 | Steps:  84,992 | Episodes:    83 | EpReward:   -29.23 | FPS:     21 | Actor Loss: -0.0003 | Critic Loss: 0.0027
2026-06-18 10:23:59,231 | INFO |   Env | HO: 72.02% | Cont: 98.50% | Task: 82.52% | Resolved: 99.96% | Delay: 2.711s | Energy: 2167.07J | LB: 0.018
2026-06-18 10:23:59,231 | INFO |   Reward | D: -2288.01 | E: -7.47 | Q: 1693.60 | H: 7.48 | LB: 0.03 | Enq: 0.00 | Pen: -998.86
2026-06-18 10:24:39,981 | INFO | Update   84 | Steps:  86,016 | Episodes:    84 | EpReward:   -28.96 | FPS:     25 | Actor Loss: -0.0003 | Critic Loss: 0.0018
2026-06-18 10:24:39,982 | INFO |   Env | HO: 75.76% | Cont: 98.05% | Task: 82.85% | Resolved: 100.00% | Delay: 2.653s | Energy: 2057.39J | LB: 0.016
2026-06-18 10:24:39,982 | INFO |   Reward | D: -2251.14 | E: -7.51 | Q: 1726.40 | H: 9.20 | LB: 0.05 | Enq: 0.00 | Pen: -854.72
2026-06-18 10:25:16,155 | INFO | Update   85 | Steps:  87,040 | Episodes:    85 | EpReward:   -28.91 | FPS:     28 | Actor Loss: -0.0009 | Critic Loss: 0.0017
2026-06-18 10:25:16,156 | INFO |   Env | HO: 74.07% | Cont: 98.08% | Task: 83.04% | Resolved: 99.98% | Delay: 2.681s | Energy: 2154.34J | LB: 0.016
2026-06-18 10:25:16,156 | INFO |   Reward | D: -2290.95 | E: -7.79 | Q: 1780.80 | H: 9.78 | LB: 0.05 | Enq: 0.00 | Pen: -888.93
2026-06-18 10:26:00,109 | INFO | Update   86 | Steps:  88,064 | Episodes:    86 | EpReward:   -28.63 | FPS:     23 | Actor Loss: 0.0003 | Critic Loss: 0.0016
2026-06-18 10:26:00,109 | INFO |   Env | HO: 77.35% | Cont: 98.50% | Task: 84.43% | Resolved: 99.98% | Delay: 2.619s | Energy: 2030.65J | LB: 0.020
2026-06-18 10:26:00,110 | INFO |   Reward | D: -2249.61 | E: -7.63 | Q: 1918.00 | H: 8.56 | LB: 0.04 | Enq: 0.00 | Pen: -791.06
2026-06-18 10:26:50,771 | INFO | Update   87 | Steps:  89,088 | Episodes:    87 | EpReward:   -28.62 | FPS:     20 | Actor Loss: 0.0002 | Critic Loss: 0.0031
2026-06-18 10:26:50,772 | INFO |   Env | HO: 67.03% | Cont: 97.43% | Task: 81.62% | Resolved: 99.91% | Delay: 2.726s | Energy: 2152.30J | LB: 0.015
2026-06-18 10:26:50,772 | INFO |   Reward | D: -2265.76 | E: -7.62 | Q: 1602.00 | H: 7.57 | LB: 0.07 | Enq: 0.00 | Pen: -1004.33
2026-06-18 10:27:46,689 | INFO | Update   88 | Steps:  90,112 | Episodes:    88 | EpReward:   -28.46 | FPS:     18 | Actor Loss: 0.0001 | Critic Loss: 0.0018
2026-06-18 10:27:46,689 | INFO |   Env | HO: 73.60% | Cont: 98.10% | Task: 83.22% | Resolved: 99.98% | Delay: 2.664s | Energy: 2052.18J | LB: 0.018
2026-06-18 10:27:46,689 | INFO |   Reward | D: -2239.69 | E: -7.38 | Q: 1768.00 | H: 7.99 | LB: 0.05 | Enq: 0.00 | Pen: -899.81
2026-06-18 10:28:37,802 | INFO | Update   89 | Steps:  91,136 | Episodes:    89 | EpReward:   -28.38 | FPS:     20 | Actor Loss: -0.0001 | Critic Loss: 0.0041
2026-06-18 10:28:37,802 | INFO |   Env | HO: 72.32% | Cont: 97.55% | Task: 82.02% | Resolved: 99.99% | Delay: 2.669s | Energy: 2012.12J | LB: 0.018
2026-06-18 10:28:37,802 | INFO |   Reward | D: -2247.42 | E: -7.16 | Q: 1634.00 | H: 9.89 | LB: -0.00 | Enq: 0.00 | Pen: -917.63
2026-06-18 10:29:17,915 | INFO | Update   90 | Steps:  92,160 | Episodes:    90 | EpReward:   -28.27 | FPS:     26 | Actor Loss: -0.0002 | Critic Loss: 0.0017
2026-06-18 10:29:17,915 | INFO |   Env | HO: 68.84% | Cont: 98.28% | Task: 82.78% | Resolved: 99.99% | Delay: 2.669s | Energy: 2063.23J | LB: 0.009
2026-06-18 10:29:17,915 | INFO |   Reward | D: -2272.18 | E: -7.38 | Q: 1729.60 | H: 8.47 | LB: 0.08 | Enq: 0.00 | Pen: -894.19
2026-06-18 10:30:00,313 | INFO | Update   91 | Steps:  93,184 | Episodes:    91 | EpReward:   -28.25 | FPS:     24 | Actor Loss: 0.0003 | Critic Loss: 0.0034
2026-06-18 10:30:00,314 | INFO |   Env | HO: 77.14% | Cont: 98.70% | Task: 82.73% | Resolved: 100.00% | Delay: 2.670s | Energy: 2096.59J | LB: 0.015
2026-06-18 10:30:00,314 | INFO |   Reward | D: -2272.22 | E: -7.33 | Q: 1722.40 | H: 8.27 | LB: 0.06 | Enq: 0.00 | Pen: -944.71
2026-06-18 10:30:38,351 | INFO | Update   92 | Steps:  94,208 | Episodes:    92 | EpReward:   -28.02 | FPS:     27 | Actor Loss: -0.0003 | Critic Loss: 0.0009
2026-06-18 10:30:38,351 | INFO |   Env | HO: 75.58% | Cont: 97.58% | Task: 83.30% | Resolved: 99.98% | Delay: 2.623s | Energy: 1970.23J | LB: 0.014
2026-06-18 10:30:38,352 | INFO |   Reward | D: -2230.65 | E: -7.43 | Q: 1789.60 | H: 10.09 | LB: 0.00 | Enq: 0.00 | Pen: -795.47
2026-06-18 10:31:28,463 | INFO | Update   93 | Steps:  95,232 | Episodes:    93 | EpReward:   -27.99 | FPS:     20 | Actor Loss: -0.0004 | Critic Loss: 0.0017
2026-06-18 10:31:28,464 | INFO |   Env | HO: 68.47% | Cont: 98.15% | Task: 82.32% | Resolved: 100.00% | Delay: 2.724s | Energy: 2157.47J | LB: 0.020
2026-06-18 10:31:28,464 | INFO |   Reward | D: -2300.35 | E: -7.32 | Q: 1686.40 | H: 9.23 | LB: 0.07 | Enq: 0.00 | Pen: -1014.84
2026-06-18 10:32:23,937 | INFO | Update   94 | Steps:  96,256 | Episodes:    94 | EpReward:   -27.80 | FPS:     18 | Actor Loss: -0.0005 | Critic Loss: 0.0014
2026-06-18 10:32:23,937 | INFO |   Env | HO: 69.01% | Cont: 97.62% | Task: 83.22% | Resolved: 99.99% | Delay: 2.636s | Energy: 1983.04J | LB: 0.018
2026-06-18 10:32:23,937 | INFO |   Reward | D: -2247.71 | E: -7.32 | Q: 1773.60 | H: 10.28 | LB: 0.03 | Enq: 0.00 | Pen: -825.64
2026-06-18 10:33:10,873 | INFO | Update   95 | Steps:  97,280 | Episodes:    95 | EpReward:   -27.64 | FPS:     22 | Actor Loss: 0.0001 | Critic Loss: 0.0012
2026-06-18 10:33:10,874 | INFO |   Env | HO: 74.52% | Cont: 98.36% | Task: 83.38% | Resolved: 99.97% | Delay: 2.695s | Energy: 2120.70J | LB: 0.016
2026-06-18 10:33:10,874 | INFO |   Reward | D: -2241.38 | E: -7.54 | Q: 1774.80 | H: 9.54 | LB: 0.11 | Enq: 0.00 | Pen: -916.44
2026-06-18 10:34:00,041 | INFO | Update   96 | Steps:  98,304 | Episodes:    96 | EpReward:   -27.42 | FPS:     21 | Actor Loss: -0.0002 | Critic Loss: 0.0010
2026-06-18 10:34:00,041 | INFO |   Env | HO: 68.81% | Cont: 98.11% | Task: 84.00% | Resolved: 99.98% | Delay: 2.578s | Energy: 1930.25J | LB: 0.025
2026-06-18 10:34:00,041 | INFO |   Reward | D: -2222.05 | E: -7.57 | Q: 1856.80 | H: 8.63 | LB: 0.00 | Enq: 0.00 | Pen: -696.33
2026-06-18 10:34:50,581 | INFO | Update   97 | Steps:  99,328 | Episodes:    97 | EpReward:   -27.28 | FPS:     20 | Actor Loss: -0.0003 | Critic Loss: 0.0013
2026-06-18 10:34:50,581 | INFO |   Env | HO: 80.61% | Cont: 98.12% | Task: 83.00% | Resolved: 99.98% | Delay: 2.643s | Energy: 2037.90J | LB: 0.014
2026-06-18 10:34:50,581 | INFO |   Reward | D: -2239.89 | E: -7.49 | Q: 1744.80 | H: 8.21 | LB: 0.04 | Enq: 0.00 | Pen: -836.29
2026-06-18 10:35:32,209 | INFO | Update   98 | Steps: 100,352 | Episodes:    98 | EpReward:   -27.16 | FPS:     25 | Actor Loss: 0.0002 | Critic Loss: 0.0013
2026-06-18 10:35:32,209 | INFO |   Env | HO: 74.23% | Cont: 98.07% | Task: 84.00% | Resolved: 99.99% | Delay: 2.626s | Energy: 2011.11J | LB: 0.020
2026-06-18 10:35:32,209 | INFO |   Reward | D: -2238.12 | E: -7.55 | Q: 1865.60 | H: 8.90 | LB: 0.08 | Enq: 0.00 | Pen: -788.26
2026-06-18 10:35:32,209 | INFO | ----------------------------------------
2026-06-18 10:35:32,209 | INFO | 开始评估...
2026-06-18 10:36:35,704 | INFO | 评估结果: 奖励 = -36.89 ± 2.18, 长度 = 600, 时延 = 2.822s, 能耗 = 4357.17J, 负载均衡 = 0.011
2026-06-18 10:36:35,704 | INFO | ----------------------------------------
2026-06-18 10:36:35,734 | INFO | 模型已保存: /home/pjpjq/LEO_switch/results/full_train_latency_priority_multiuser_u25_multiuser_6_7/checkpoint_100352.pt
2026-06-18 10:37:18,527 | INFO | Update   99 | Steps: 101,376 | Episodes:    99 | EpReward:   -27.08 | FPS:     24 | Actor Loss: 0.0003 | Critic Loss: 0.0018
2026-06-18 10:37:18,528 | INFO |   Env | HO: 75.38% | Cont: 98.40% | Task: 81.76% | Resolved: 99.96% | Delay: 2.707s | Energy: 2175.34J | LB: 0.016
2026-06-18 10:37:18,528 | INFO |   Reward | D: -2323.67 | E: -7.55 | Q: 1634.00 | H: 9.00 | LB: 0.13 | Enq: 0.00 | Pen: -999.72
2026-06-18 10:38:05,658 | INFO | Update  100 | Steps: 102,400 | Episodes:   100 | EpReward:   -27.00 | FPS:     22 | Actor Loss: 0.0003 | Critic Loss: 0.0036
2026-06-18 10:38:05,658 | INFO |   Env | HO: 75.00% | Cont: 98.04% | Task: 82.86% | Resolved: 100.00% | Delay: 2.665s | Energy: 2061.57J | LB: 0.024
2026-06-18 10:38:05,658 | INFO |   Reward | D: -2250.06 | E: -7.38 | Q: 1720.00 | H: 11.47 | LB: 0.05 | Enq: 0.00 | Pen: -880.63
2026-06-18 10:38:59,900 | INFO | Update  101 | Steps: 103,424 | Episodes:   101 | EpReward:   -26.10 | FPS:     19 | Actor Loss: 0.0002 | Critic Loss: 0.0032
2026-06-18 10:38:59,900 | INFO |   Env | HO: 72.38% | Cont: 98.21% | Task: 83.38% | Resolved: 99.94% | Delay: 2.654s | Energy: 2059.45J | LB: 0.020
2026-06-18 10:38:59,900 | INFO |   Reward | D: -2232.79 | E: -7.51 | Q: 1777.20 | H: 9.24 | LB: 0.08 | Enq: 0.00 | Pen: -865.46
2026-06-18 10:39:52,936 | INFO | Update  102 | Steps: 104,448 | Episodes:   102 | EpReward:   -25.20 | FPS:     19 | Actor Loss: -0.0002 | Critic Loss: 0.0048
2026-06-18 10:39:52,936 | INFO |   Env | HO: 71.51% | Cont: 97.96% | Task: 81.63% | Resolved: 99.97% | Delay: 2.743s | Energy: 2219.57J | LB: 0.020
2026-06-18 10:39:52,936 | INFO |   Reward | D: -2297.72 | E: -7.48 | Q: 1605.20 | H: 8.20 | LB: 0.00 | Enq: 0.00 | Pen: -1091.47
2026-06-18 10:40:32,893 | INFO | Update  103 | Steps: 105,472 | Episodes:   103 | EpReward:   -24.63 | FPS:     26 | Actor Loss: 0.0004 | Critic Loss: 0.0033
2026-06-18 10:40:32,894 | INFO |   Env | HO: 75.00% | Cont: 98.16% | Task: 82.61% | Resolved: 99.96% | Delay: 2.691s | Energy: 2142.94J | LB: 0.020
2026-06-18 10:40:32,894 | INFO |   Reward | D: -2267.30 | E: -7.67 | Q: 1713.20 | H: 9.97 | LB: 0.07 | Enq: 0.00 | Pen: -909.77
2026-06-18 10:41:11,905 | INFO | Update  104 | Steps: 106,496 | Episodes:   104 | EpReward:   -24.08 | FPS:     26 | Actor Loss: 0.0006 | Critic Loss: 0.0028
2026-06-18 10:41:11,905 | INFO |   Env | HO: 75.37% | Cont: 97.90% | Task: 83.66% | Resolved: 99.94% | Delay: 2.608s | Energy: 2062.57J | LB: 0.029
2026-06-18 10:41:11,905 | INFO |   Reward | D: -2259.11 | E: -7.85 | Q: 1848.80 | H: 9.20 | LB: 0.04 | Enq: 0.00 | Pen: -797.10
2026-06-18 10:41:52,200 | INFO | Update  105 | Steps: 107,520 | Episodes:   105 | EpReward:   -23.59 | FPS:     25 | Actor Loss: 0.0001 | Critic Loss: 0.0017
2026-06-18 10:41:52,200 | INFO |   Env | HO: 71.75% | Cont: 98.14% | Task: 83.66% | Resolved: 100.00% | Delay: 2.609s | Energy: 2056.06J | LB: 0.028
2026-06-18 10:41:52,200 | INFO |   Reward | D: -2244.51 | E: -7.91 | Q: 1833.60 | H: 7.63 | LB: -0.00 | Enq: 0.00 | Pen: -757.00
2026-06-18 10:42:30,731 | INFO | Update  106 | Steps: 108,544 | Episodes:   106 | EpReward:   -23.17 | FPS:     27 | Actor Loss: -0.0000 | Critic Loss: 0.0011
2026-06-18 10:42:30,735 | INFO |   Env | HO: 67.27% | Cont: 97.67% | Task: 83.65% | Resolved: 99.99% | Delay: 2.633s | Energy: 2038.05J | LB: 0.018
2026-06-18 10:42:30,735 | INFO |   Reward | D: -2211.39 | E: -7.78 | Q: 1807.60 | H: 9.10 | LB: 0.00 | Enq: 0.00 | Pen: -765.68
2026-06-18 10:43:12,967 | INFO | Update  107 | Steps: 109,568 | Episodes:   107 | EpReward:   -22.66 | FPS:     24 | Actor Loss: 0.0001 | Critic Loss: 0.0029
2026-06-18 10:43:12,968 | INFO |   Env | HO: 70.81% | Cont: 98.10% | Task: 83.96% | Resolved: 99.99% | Delay: 2.618s | Energy: 2013.77J | LB: 0.016
2026-06-18 10:43:12,968 | INFO |   Reward | D: -2187.20 | E: -7.68 | Q: 1828.40 | H: 9.14 | LB: 0.00 | Enq: 0.00 | Pen: -731.67
2026-06-18 10:43:57,528 | INFO | Update  108 | Steps: 110,592 | Episodes:   108 | EpReward:   -22.21 | FPS:     23 | Actor Loss: 0.0002 | Critic Loss: 0.0012
2026-06-18 10:43:57,528 | INFO |   Env | HO: 78.00% | Cont: 98.80% | Task: 84.66% | Resolved: 99.98% | Delay: 2.569s | Energy: 1960.16J | LB: 0.018
2026-06-18 10:43:57,528 | INFO |   Reward | D: -2191.42 | E: -7.59 | Q: 1905.60 | H: 7.26 | LB: 0.02 | Enq: 0.00 | Pen: -706.83
2026-06-18 10:44:41,409 | INFO | Update  109 | Steps: 111,616 | Episodes:   109 | EpReward:   -22.06 | FPS:     23 | Actor Loss: -0.0002 | Critic Loss: 0.0032
2026-06-18 10:44:41,409 | INFO |   Env | HO: 74.10% | Cont: 98.31% | Task: 81.20% | Resolved: 99.99% | Delay: 2.780s | Energy: 2327.95J | LB: 0.014
2026-06-18 10:44:41,409 | INFO |   Reward | D: -2332.89 | E: -7.82 | Q: 1572.40 | H: 6.46 | LB: 0.01 | Enq: 0.00 | Pen: -1156.00
2026-06-18 10:45:28,878 | INFO | Update  110 | Steps: 112,640 | Episodes:   110 | EpReward:   -22.01 | FPS:     22 | Actor Loss: 0.0003 | Critic Loss: 0.0030
2026-06-18 10:45:28,878 | INFO |   Env | HO: 68.71% | Cont: 98.72% | Task: 82.02% | Resolved: 99.97% | Delay: 2.770s | Energy: 2335.31J | LB: 0.016
2026-06-18 10:45:28,878 | INFO |   Reward | D: -2343.93 | E: -7.78 | Q: 1659.20 | H: 6.24 | LB: 0.05 | Enq: 0.00 | Pen: -1116.43
2026-06-18 10:46:19,060 | INFO | Update  111 | Steps: 113,664 | Episodes:   111 | EpReward:   -21.81 | FPS:     20 | Actor Loss: -0.0000 | Critic Loss: 0.0013
2026-06-18 10:46:19,060 | INFO |   Env | HO: 71.05% | Cont: 98.27% | Task: 83.14% | Resolved: 100.00% | Delay: 2.679s | Energy: 2176.69J | LB: 0.020
2026-06-18 10:46:19,060 | INFO |   Reward | D: -2277.95 | E: -7.96 | Q: 1786.40 | H: 8.30 | LB: 0.07 | Enq: 0.00 | Pen: -893.70
2026-06-18 10:47:14,200 | INFO | Update  112 | Steps: 114,688 | Episodes:   112 | EpReward:   -21.62 | FPS:     19 | Actor Loss: 0.0001 | Critic Loss: 0.0017
2026-06-18 10:47:14,201 | INFO |   Env | HO: 74.84% | Cont: 98.18% | Task: 82.70% | Resolved: 99.97% | Delay: 2.645s | Energy: 2065.20J | LB: 0.015
2026-06-18 10:47:14,201 | INFO |   Reward | D: -2221.05 | E: -7.63 | Q: 1695.60 | H: 7.22 | LB: 0.01 | Enq: 0.00 | Pen: -852.93
2026-06-18 10:47:58,771 | INFO | Update  113 | Steps: 115,712 | Episodes:   113 | EpReward:   -21.54 | FPS:     23 | Actor Loss: 0.0001 | Critic Loss: 0.0028
2026-06-18 10:47:58,771 | INFO |   Env | HO: 71.24% | Cont: 98.41% | Task: 81.92% | Resolved: 100.00% | Delay: 2.780s | Energy: 2302.68J | LB: 0.018
2026-06-18 10:47:58,771 | INFO |   Reward | D: -2303.10 | E: -7.78 | Q: 1629.60 | H: 6.83 | LB: 0.00 | Enq: 0.00 | Pen: -1104.61
2026-06-18 10:48:47,749 | INFO | Update  114 | Steps: 116,736 | Episodes:   114 | EpReward:   -21.45 | FPS:     21 | Actor Loss: -0.0002 | Critic Loss: 0.0014
2026-06-18 10:48:47,749 | INFO |   Env | HO: 73.83% | Cont: 98.32% | Task: 81.84% | Resolved: 100.00% | Delay: 2.708s | Energy: 2252.69J | LB: 0.018
2026-06-18 10:48:47,749 | INFO |   Reward | D: -2326.61 | E: -7.88 | Q: 1655.20 | H: 6.79 | LB: 0.03 | Enq: 0.00 | Pen: -1018.86
2026-06-18 10:49:29,009 | INFO | Update  115 | Steps: 117,760 | Episodes:   115 | EpReward:   -21.45 | FPS:     25 | Actor Loss: -0.0001 | Critic Loss: 0.0074
2026-06-18 10:49:29,009 | INFO |   Env | HO: 68.15% | Cont: 98.60% | Task: 81.26% | Resolved: 99.97% | Delay: 2.792s | Energy: 2394.22J | LB: 0.013
2026-06-18 10:49:29,009 | INFO |   Reward | D: -2341.57 | E: -7.79 | Q: 1580.00 | H: 5.77 | LB: 0.00 | Enq: 0.00 | Pen: -1227.03
2026-06-18 10:50:15,130 | INFO | Update  116 | Steps: 118,784 | Episodes:   116 | EpReward:   -21.24 | FPS:     22 | Actor Loss: 0.0002 | Critic Loss: 0.0030
2026-06-18 10:50:15,130 | INFO |   Env | HO: 73.33% | Cont: 97.55% | Task: 83.38% | Resolved: 99.92% | Delay: 2.628s | Energy: 2034.80J | LB: 0.019
2026-06-18 10:50:15,130 | INFO |   Reward | D: -2224.93 | E: -7.71 | Q: 1796.00 | H: 10.73 | LB: 0.01 | Enq: 0.00 | Pen: -795.55
2026-06-18 10:51:03,094 | INFO | Update  117 | Steps: 119,808 | Episodes:   117 | EpReward:   -20.96 | FPS:     21 | Actor Loss: -0.0003 | Critic Loss: 0.0023
2026-06-18 10:51:03,094 | INFO |   Env | HO: 75.42% | Cont: 97.86% | Task: 84.46% | Resolved: 100.00% | Delay: 2.634s | Energy: 2071.24J | LB: 0.022
2026-06-18 10:51:03,094 | INFO |   Reward | D: -2229.73 | E: -7.78 | Q: 1912.80 | H: 11.12 | LB: 0.04 | Enq: 0.00 | Pen: -806.23
2026-06-18 10:51:39,514 | INFO | Update  118 | Steps: 120,832 | Episodes:   118 | EpReward:   -20.85 | FPS:     28 | Actor Loss: 0.0003 | Critic Loss: 0.0018
2026-06-18 10:51:39,514 | INFO |   Env | HO: 75.00% | Cont: 97.73% | Task: 83.56% | Resolved: 99.96% | Delay: 2.658s | Energy: 2107.98J | LB: 0.012
2026-06-18 10:51:39,514 | INFO |   Reward | D: -2266.75 | E: -7.75 | Q: 1834.40 | H: 12.00 | LB: 0.00 | Enq: 0.00 | Pen: -836.67
2026-06-18 10:52:25,370 | INFO | Update  119 | Steps: 121,856 | Episodes:   119 | EpReward:   -20.57 | FPS:     22 | Actor Loss: 0.0000 | Critic Loss: 0.0014
2026-06-18 10:52:25,370 | INFO |   Env | HO: 76.61% | Cont: 98.09% | Task: 83.42% | Resolved: 100.00% | Delay: 2.641s | Energy: 2063.78J | LB: 0.010
2026-06-18 10:52:25,371 | INFO |   Reward | D: -2227.71 | E: -7.61 | Q: 1792.40 | H: 10.52 | LB: 0.07 | Enq: 0.00 | Pen: -844.11
2026-06-18 10:53:14,390 | INFO | Update  120 | Steps: 122,880 | Episodes:   120 | EpReward:   -20.41 | FPS:     21 | Actor Loss: 0.0001 | Critic Loss: 0.0012
2026-06-18 10:53:14,390 | INFO |   Env | HO: 75.71% | Cont: 98.78% | Task: 83.75% | Resolved: 99.99% | Delay: 2.669s | Energy: 2118.59J | LB: 0.016
2026-06-18 10:53:14,390 | INFO |   Reward | D: -2254.67 | E: -7.65 | Q: 1822.80 | H: 9.99 | LB: 0.04 | Enq: 0.00 | Pen: -897.55
2026-06-18 10:54:04,695 | INFO | Update  121 | Steps: 123,904 | Episodes:   121 | EpReward:   -20.31 | FPS:     20 | Actor Loss: -0.0000 | Critic Loss: 0.0013
2026-06-18 10:54:04,696 | INFO |   Env | HO: 71.76% | Cont: 97.96% | Task: 83.53% | Resolved: 99.98% | Delay: 2.647s | Energy: 2064.47J | LB: 0.018
2026-06-18 10:54:04,696 | INFO |   Reward | D: -2225.30 | E: -7.67 | Q: 1804.80 | H: 11.22 | LB: 0.04 | Enq: 0.00 | Pen: -825.33
2026-06-18 10:54:41,862 | INFO | Update  122 | Steps: 124,928 | Episodes:   122 | EpReward:   -20.24 | FPS:     28 | Actor Loss: 0.0001 | Critic Loss: 0.0073
2026-06-18 10:54:41,866 | INFO |   Env | HO: 72.85% | Cont: 98.95% | Task: 81.68% | Resolved: 99.99% | Delay: 2.773s | Energy: 2315.75J | LB: 0.018
2026-06-18 10:54:41,867 | INFO |   Reward | D: -2334.38 | E: -7.57 | Q: 1608.40 | H: 6.73 | LB: 0.01 | Enq: 0.00 | Pen: -1174.93
2026-06-18 10:55:33,764 | INFO | Update  123 | Steps: 125,952 | Episodes:   123 | EpReward:   -20.13 | FPS:     20 | Actor Loss: -0.0001 | Critic Loss: 0.0057
2026-06-18 10:55:33,764 | INFO |   Env | HO: 67.49% | Cont: 97.53% | Task: 82.12% | Resolved: 99.96% | Delay: 2.666s | Energy: 2088.88J | LB: 0.022
2026-06-18 10:55:33,764 | INFO |   Reward | D: -2256.12 | E: -7.52 | Q: 1666.80 | H: 8.50 | LB: 0.09 | Enq: 0.00 | Pen: -930.73
2026-06-18 10:56:18,791 | INFO | Update  124 | Steps: 126,976 | Episodes:   124 | EpReward:   -19.99 | FPS:     23 | Actor Loss: -0.0001 | Critic Loss: 0.0020
2026-06-18 10:56:18,791 | INFO |   Env | HO: 75.31% | Cont: 98.03% | Task: 82.32% | Resolved: 100.00% | Delay: 2.670s | Energy: 2120.13J | LB: 0.018
2026-06-18 10:56:18,791 | INFO |   Reward | D: -2282.65 | E: -7.55 | Q: 1698.00 | H: 7.42 | LB: 0.03 | Enq: 0.00 | Pen: -946.80
2026-06-18 10:57:03,002 | INFO | Update  125 | Steps: 128,000 | Episodes:   125 | EpReward:   -19.84 | FPS:     23 | Actor Loss: -0.0005 | Critic Loss: 0.0010
2026-06-18 10:57:03,002 | INFO |   Env | HO: 75.41% | Cont: 98.11% | Task: 83.08% | Resolved: 99.97% | Delay: 2.639s | Energy: 2036.07J | LB: 0.028
2026-06-18 10:57:03,002 | INFO |   Reward | D: -2246.03 | E: -7.53 | Q: 1760.40 | H: 8.70 | LB: 0.04 | Enq: 0.00 | Pen: -817.65
2026-06-18 10:57:43,511 | INFO | Update  126 | Steps: 129,024 | Episodes:   126 | EpReward:   -19.62 | FPS:     25 | Actor Loss: 0.0003 | Critic Loss: 0.0034
2026-06-18 10:57:43,512 | INFO |   Env | HO: 73.00% | Cont: 93.97% | Task: 82.32% | Resolved: 99.93% | Delay: 2.580s | Energy: 1826.07J | LB: 0.022
2026-06-18 10:57:43,512 | INFO |   Reward | D: -2154.55 | E: -7.40 | Q: 1681.20 | H: 34.01 | LB: 0.10 | Enq: 0.00 | Pen: -682.65
2026-06-18 10:58:23,824 | INFO | Update  127 | Steps: 130,048 | Episodes:   127 | EpReward:   -19.48 | FPS:     25 | Actor Loss: 0.0000 | Critic Loss: 0.0023
2026-06-18 10:58:23,824 | INFO |   Env | HO: 74.50% | Cont: 94.68% | Task: 81.59% | Resolved: 99.94% | Delay: 2.602s | Energy: 1839.93J | LB: 0.022
2026-06-18 10:58:23,824 | INFO |   Reward | D: -2193.57 | E: -7.22 | Q: 1608.00 | H: 26.72 | LB: 0.12 | Enq: 0.00 | Pen: -743.27
2026-06-18 10:59:07,470 | INFO | Update  128 | Steps: 131,072 | Episodes:   128 | EpReward:   -19.44 | FPS:     23 | Actor Loss: -0.0000 | Critic Loss: 0.0108
2026-06-18 10:59:07,470 | INFO |   Env | HO: 69.49% | Cont: 94.83% | Task: 81.38% | Resolved: 99.98% | Delay: 2.672s | Energy: 1931.30J | LB: 0.036
2026-06-18 10:59:07,470 | INFO |   Reward | D: -2192.37 | E: -7.24 | Q: 1571.60 | H: 23.94 | LB: 0.17 | Enq: 0.00 | Pen: -831.99
2026-06-18 10:59:55,533 | INFO | Update  129 | Steps: 132,096 | Episodes:   129 | EpReward:   -19.51 | FPS:     21 | Actor Loss: -0.0001 | Critic Loss: 0.0100
2026-06-18 10:59:55,533 | INFO |   Env | HO: 70.73% | Cont: 96.45% | Task: 82.60% | Resolved: 99.96% | Delay: 2.701s | Energy: 2081.68J | LB: 0.027
2026-06-18 10:59:55,533 | INFO |   Reward | D: -2274.28 | E: -7.37 | Q: 1714.80 | H: 23.94 | LB: 0.07 | Enq: 0.00 | Pen: -987.29
2026-06-18 11:00:31,482 | INFO | Update  130 | Steps: 133,120 | Episodes:   130 | EpReward:   -19.30 | FPS:     28 | Actor Loss: 0.0004 | Critic Loss: 0.0075
2026-06-18 11:00:31,482 | INFO |   Env | HO: 69.57% | Cont: 96.01% | Task: 83.10% | Resolved: 99.94% | Delay: 2.599s | Energy: 1847.75J | LB: 0.018
2026-06-18 11:00:31,482 | INFO |   Reward | D: -2162.11 | E: -7.12 | Q: 1741.20 | H: 19.41 | LB: 0.12 | Enq: 0.00 | Pen: -765.82
2026-06-18 11:01:30,327 | INFO | Update  131 | Steps: 134,144 | Episodes:   131 | EpReward:   -19.13 | FPS:     17 | Actor Loss: 0.0000 | Critic Loss: 0.0037
2026-06-18 11:01:30,328 | INFO |   Env | HO: 73.67% | Cont: 95.67% | Task: 83.43% | Resolved: 99.95% | Delay: 2.603s | Energy: 1848.17J | LB: 0.023
2026-06-18 11:01:30,328 | INFO |   Reward | D: -2169.70 | E: -7.19 | Q: 1781.60 | H: 23.04 | LB: 0.14 | Enq: 0.00 | Pen: -722.92
2026-06-18 11:02:22,492 | INFO | Update  132 | Steps: 135,168 | Episodes:   132 | EpReward:   -19.01 | FPS:     20 | Actor Loss: 0.0001 | Critic Loss: 0.0060
2026-06-18 11:02:22,493 | INFO |   Env | HO: 72.48% | Cont: 96.46% | Task: 82.52% | Resolved: 100.00% | Delay: 2.640s | Energy: 1959.72J | LB: 0.024
2026-06-18 11:02:22,493 | INFO |   Reward | D: -2212.29 | E: -7.29 | Q: 1705.60 | H: 18.46 | LB: 0.08 | Enq: 0.00 | Pen: -839.99
2026-06-18 11:03:20,487 | INFO | Update  133 | Steps: 136,192 | Episodes:   133 | EpReward:   -18.91 | FPS:     18 | Actor Loss: 0.0003 | Critic Loss: 0.0015
2026-06-18 11:03:20,487 | INFO |   Env | HO: 73.90% | Cont: 96.08% | Task: 83.71% | Resolved: 99.94% | Delay: 2.540s | Energy: 1791.05J | LB: 0.030
2026-06-18 11:03:20,487 | INFO |   Reward | D: -2185.26 | E: -7.19 | Q: 1838.80 | H: 18.49 | LB: 0.08 | Enq: 0.00 | Pen: -666.98
2026-06-18 11:04:11,635 | INFO | Update  134 | Steps: 137,216 | Episodes:   134 | EpReward:   -18.64 | FPS:     20 | Actor Loss: -0.0000 | Critic Loss: 0.0014
2026-06-18 11:04:11,635 | INFO |   Env | HO: 71.88% | Cont: 96.83% | Task: 84.56% | Resolved: 99.93% | Delay: 2.539s | Energy: 1753.76J | LB: 0.027
2026-06-18 11:04:11,635 | INFO |   Reward | D: -2150.16 | E: -6.96 | Q: 1900.80 | H: 16.15 | LB: 0.10 | Enq: 0.00 | Pen: -674.86
2026-06-18 11:04:51,904 | INFO | Update  135 | Steps: 138,240 | Episodes:   135 | EpReward:   -18.48 | FPS:     25 | Actor Loss: 0.0001 | Critic Loss: 0.0021
2026-06-18 11:04:51,904 | INFO |   Env | HO: 70.51% | Cont: 96.25% | Task: 83.04% | Resolved: 99.99% | Delay: 2.585s | Energy: 1818.05J | LB: 0.024
2026-06-18 11:04:51,904 | INFO |   Reward | D: -2201.25 | E: -7.14 | Q: 1770.40 | H: 16.47 | LB: 0.04 | Enq: 0.00 | Pen: -705.50
2026-06-18 11:05:36,793 | INFO | Update  136 | Steps: 139,264 | Episodes:   136 | EpReward:   -18.37 | FPS:     23 | Actor Loss: 0.0008 | Critic Loss: 0.0015
2026-06-18 11:05:36,793 | INFO |   Env | HO: 75.80% | Cont: 96.94% | Task: 83.40% | Resolved: 99.93% | Delay: 2.585s | Energy: 1815.35J | LB: 0.021
2026-06-18 11:05:36,793 | INFO |   Reward | D: -2176.44 | E: -6.96 | Q: 1781.20 | H: 13.63 | LB: 0.07 | Enq: 0.00 | Pen: -729.03
2026-06-18 11:06:18,718 | INFO | Update  137 | Steps: 140,288 | Episodes:   137 | EpReward:   -18.35 | FPS:     24 | Actor Loss: 0.0003 | Critic Loss: 0.0031
2026-06-18 11:06:18,718 | INFO |   Env | HO: 71.55% | Cont: 97.49% | Task: 83.81% | Resolved: 99.94% | Delay: 2.639s | Energy: 2020.20J | LB: 0.031
2026-06-18 11:06:18,718 | INFO |   Reward | D: -2265.29 | E: -7.41 | Q: 1866.40 | H: 15.07 | LB: 0.06 | Enq: 0.00 | Pen: -858.02
2026-06-18 11:07:04,097 | INFO | Update  138 | Steps: 141,312 | Episodes:   138 | EpReward:   -18.35 | FPS:     23 | Actor Loss: -0.0001 | Critic Loss: 0.0105
2026-06-18 11:07:04,097 | INFO |   Env | HO: 67.80% | Cont: 97.64% | Task: 82.18% | Resolved: 99.97% | Delay: 2.656s | Energy: 1991.17J | LB: 0.017
2026-06-18 11:07:04,097 | INFO |   Reward | D: -2251.72 | E: -6.99 | Q: 1646.80 | H: 12.32 | LB: 0.10 | Enq: 0.00 | Pen: -948.43
2026-06-18 11:07:47,702 | INFO | Update  139 | Steps: 142,336 | Episodes:   139 | EpReward:   -18.21 | FPS:     23 | Actor Loss: -0.0001 | Critic Loss: 0.0047
2026-06-18 11:07:47,702 | INFO |   Env | HO: 69.90% | Cont: 97.33% | Task: 83.37% | Resolved: 99.97% | Delay: 2.563s | Energy: 1828.41J | LB: 0.031
2026-06-18 11:07:47,702 | INFO |   Reward | D: -2215.40 | E: -7.10 | Q: 1806.00 | H: 12.92 | LB: 0.23 | Enq: 0.00 | Pen: -698.00
2026-06-18 11:08:29,608 | INFO | Update  140 | Steps: 143,360 | Episodes:   140 | EpReward:   -18.21 | FPS:     24 | Actor Loss: -0.0001 | Critic Loss: 0.0041
2026-06-18 11:08:29,611 | INFO |   Env | HO: 71.81% | Cont: 97.92% | Task: 83.31% | Resolved: 99.98% | Delay: 2.644s | Energy: 1969.42J | LB: 0.028
2026-06-18 11:08:29,612 | INFO |   Reward | D: -2241.71 | E: -7.14 | Q: 1788.80 | H: 10.12 | LB: 0.10 | Enq: 0.00 | Pen: -873.70
2026-06-18 11:09:17,486 | INFO | Update  141 | Steps: 144,384 | Episodes:   141 | EpReward:   -18.20 | FPS:     21 | Actor Loss: -0.0002 | Critic Loss: 0.0021
2026-06-18 11:09:17,486 | INFO |   Env | HO: 70.36% | Cont: 97.54% | Task: 82.58% | Resolved: 99.95% | Delay: 2.685s | Energy: 2005.92J | LB: 0.034
2026-06-18 11:09:17,486 | INFO |   Reward | D: -2226.42 | E: -7.04 | Q: 1695.60 | H: 11.18 | LB: 0.02 | Enq: 0.00 | Pen: -946.53
2026-06-18 11:09:55,798 | INFO | Update  142 | Steps: 145,408 | Episodes:   142 | EpReward:   -18.17 | FPS:     27 | Actor Loss: 0.0004 | Critic Loss: 0.0035
2026-06-18 11:09:55,798 | INFO |   Env | HO: 64.08% | Cont: 97.22% | Task: 82.85% | Resolved: 99.92% | Delay: 2.675s | Energy: 1995.84J | LB: 0.028
2026-06-18 11:09:55,798 | INFO |   Reward | D: -2257.18 | E: -7.09 | Q: 1742.40 | H: 11.42 | LB: 0.01 | Enq: 0.00 | Pen: -940.15
2026-06-18 11:10:33,731 | INFO | Update  143 | Steps: 146,432 | Episodes:   143 | EpReward:   -18.14 | FPS:     27 | Actor Loss: 0.0003 | Critic Loss: 0.0035
2026-06-18 11:10:33,731 | INFO |   Env | HO: 68.12% | Cont: 97.57% | Task: 82.35% | Resolved: 99.97% | Delay: 2.689s | Energy: 2057.50J | LB: 0.019
2026-06-18 11:10:33,731 | INFO |   Reward | D: -2279.03 | E: -7.09 | Q: 1693.60 | H: 9.71 | LB: 0.09 | Enq: 0.00 | Pen: -1003.06
2026-06-18 11:11:17,146 | INFO | Update  144 | Steps: 147,456 | Episodes:   144 | EpReward:   -18.06 | FPS:     24 | Actor Loss: 0.0000 | Critic Loss: 0.0025
2026-06-18 11:11:17,146 | INFO |   Env | HO: 77.25% | Cont: 98.36% | Task: 83.00% | Resolved: 99.97% | Delay: 2.694s | Energy: 2051.22J | LB: 0.030
2026-06-18 11:11:17,146 | INFO |   Reward | D: -2258.93 | E: -7.06 | Q: 1743.60 | H: 9.23 | LB: 0.04 | Enq: 0.00 | Pen: -1032.48
2026-06-18 11:11:56,029 | INFO | Update  145 | Steps: 148,480 | Episodes:   145 | EpReward:   -18.04 | FPS:     26 | Actor Loss: 0.0002 | Critic Loss: 0.0019
2026-06-18 11:11:56,029 | INFO |   Env | HO: 68.38% | Cont: 97.94% | Task: 82.98% | Resolved: 100.00% | Delay: 2.656s | Energy: 1981.87J | LB: 0.014
2026-06-18 11:11:56,029 | INFO |   Reward | D: -2262.08 | E: -7.01 | Q: 1756.00 | H: 9.99 | LB: 0.07 | Enq: 0.00 | Pen: -945.15
2026-06-18 11:12:38,163 | INFO | Update  146 | Steps: 149,504 | Episodes:   146 | EpReward:   -17.89 | FPS:     24 | Actor Loss: -0.0005 | Critic Loss: 0.0012
2026-06-18 11:12:38,163 | INFO |   Env | HO: 74.18% | Cont: 97.60% | Task: 84.19% | Resolved: 99.98% | Delay: 2.568s | Energy: 1817.49J | LB: 0.033
2026-06-18 11:12:38,164 | INFO |   Reward | D: -2245.06 | E: -6.95 | Q: 1920.80 | H: 9.72 | LB: 0.08 | Enq: 0.00 | Pen: -742.71
2026-06-18 11:13:21,672 | INFO | Update  147 | Steps: 150,528 | Episodes:   147 | EpReward:   -17.95 | FPS:     24 | Actor Loss: -0.0003 | Critic Loss: 0.0015
2026-06-18 11:13:21,672 | INFO |   Env | HO: 77.78% | Cont: 98.01% | Task: 82.22% | Resolved: 100.00% | Delay: 2.666s | Energy: 1967.01J | LB: 0.022
2026-06-18 11:13:21,672 | INFO |   Reward | D: -2245.24 | E: -6.87 | Q: 1660.80 | H: 7.96 | LB: 0.00 | Enq: 0.00 | Pen: -923.61
2026-06-18 11:13:21,672 | INFO | ----------------------------------------
2026-06-18 11:13:21,672 | INFO | 开始评估...
2026-06-18 11:14:17,497 | INFO | 评估结果: 奖励 = -38.53 ± 1.93, 长度 = 600, 时延 = 2.856s, 能耗 = 4273.24J, 负载均衡 = 0.011
2026-06-18 11:14:17,497 | INFO | ----------------------------------------
2026-06-18 11:15:12,448 | INFO | Update  148 | Steps: 151,552 | Episodes:   148 | EpReward:   -17.95 | FPS:     19 | Actor Loss: -0.0002 | Critic Loss: 0.0095
2026-06-18 11:15:12,448 | INFO |   Env | HO: 75.16% | Cont: 98.49% | Task: 82.07% | Resolved: 99.98% | Delay: 2.740s | Energy: 2177.25J | LB: 0.019
2026-06-18 11:15:12,448 | INFO |   Reward | D: -2319.66 | E: -7.13 | Q: 1664.00 | H: 7.09 | LB: 0.04 | Enq: 0.00 | Pen: -1171.15
2026-06-18 11:16:08,239 | INFO | Update  149 | Steps: 152,576 | Episodes:   149 | EpReward:   -17.88 | FPS:     18 | Actor Loss: 0.0000 | Critic Loss: 0.0021
2026-06-18 11:16:08,239 | INFO |   Env | HO: 70.24% | Cont: 98.21% | Task: 83.03% | Resolved: 99.98% | Delay: 2.631s | Energy: 1981.19J | LB: 0.028
2026-06-18 11:16:08,239 | INFO |   Reward | D: -2252.81 | E: -7.18 | Q: 1753.20 | H: 7.38 | LB: 0.07 | Enq: 0.00 | Pen: -877.53
2026-06-18 11:16:56,358 | INFO | Update  150 | Steps: 153,600 | Episodes:   150 | EpReward:   -17.88 | FPS:     21 | Actor Loss: 0.0002 | Critic Loss: 0.0025
2026-06-18 11:16:56,363 | INFO |   Env | HO: 65.12% | Cont: 97.44% | Task: 82.31% | Resolved: 99.98% | Delay: 2.671s | Energy: 2027.66J | LB: 0.018
2026-06-18 11:16:56,363 | INFO |   Reward | D: -2220.79 | E: -7.26 | Q: 1675.20 | H: 6.87 | LB: 0.03 | Enq: 0.00 | Pen: -957.87
2026-06-18 11:17:47,923 | INFO | Update  151 | Steps: 154,624 | Episodes:   151 | EpReward:   -17.80 | FPS:     20 | Actor Loss: 0.0004 | Critic Loss: 0.0039
2026-06-18 11:17:47,923 | INFO |   Env | HO: 72.39% | Cont: 98.45% | Task: 82.56% | Resolved: 99.97% | Delay: 2.687s | Energy: 2093.59J | LB: 0.019
2026-06-18 11:17:47,923 | INFO |   Reward | D: -2239.49 | E: -7.23 | Q: 1686.80 | H: 7.12 | LB: 0.06 | Enq: 0.00 | Pen: -1002.93
2026-06-18 11:18:31,852 | INFO | Update  152 | Steps: 155,648 | Episodes:   152 | EpReward:   -17.82 | FPS:     23 | Actor Loss: 0.0000 | Critic Loss: 0.0011
2026-06-18 11:18:31,852 | INFO |   Env | HO: 73.49% | Cont: 98.19% | Task: 83.47% | Resolved: 99.99% | Delay: 2.646s | Energy: 2033.73J | LB: 0.015
2026-06-18 11:18:31,852 | INFO |   Reward | D: -2235.00 | E: -7.39 | Q: 1800.00 | H: 7.40 | LB: 0.03 | Enq: 0.00 | Pen: -892.61
2026-06-18 11:19:23,757 | INFO | Update  153 | Steps: 156,672 | Episodes:   153 | EpReward:   -17.60 | FPS:     20 | Actor Loss: 0.0002 | Critic Loss: 0.0015
2026-06-18 11:19:23,763 | INFO |   Env | HO: 72.11% | Cont: 98.14% | Task: 84.83% | Resolved: 99.93% | Delay: 2.546s | Energy: 1870.63J | LB: 0.015
2026-06-18 11:19:23,763 | INFO |   Reward | D: -2210.97 | E: -7.31 | Q: 1956.40 | H: 8.48 | LB: 0.09 | Enq: 0.00 | Pen: -714.38
2026-06-18 11:20:02,369 | INFO | Update  154 | Steps: 157,696 | Episodes:   154 | EpReward:   -17.67 | FPS:     27 | Actor Loss: -0.0000 | Critic Loss: 0.0013
2026-06-18 11:20:02,369 | INFO |   Env | HO: 69.62% | Cont: 98.22% | Task: 83.26% | Resolved: 99.99% | Delay: 2.678s | Energy: 2120.34J | LB: 0.020
2026-06-18 11:20:02,369 | INFO |   Reward | D: -2278.91 | E: -7.57 | Q: 1805.20 | H: 6.77 | LB: 0.08 | Enq: 0.00 | Pen: -989.15
2026-06-18 11:20:53,411 | INFO | Update  155 | Steps: 158,720 | Episodes:   155 | EpReward:   -17.67 | FPS:     20 | Actor Loss: -0.0001 | Critic Loss: 0.0016
2026-06-18 11:20:53,412 | INFO |   Env | HO: 70.59% | Cont: 98.05% | Task: 82.07% | Resolved: 99.98% | Delay: 2.718s | Energy: 2160.94J | LB: 0.014
2026-06-18 11:20:53,412 | INFO |   Reward | D: -2295.75 | E: -7.35 | Q: 1667.60 | H: 6.61 | LB: 0.09 | Enq: 0.00 | Pen: -1088.97
2026-06-18 11:21:27,162 | INFO | Update  156 | Steps: 159,744 | Episodes:   156 | EpReward:   -17.91 | FPS:     30 | Actor Loss: -0.0004 | Critic Loss: 0.0045
2026-06-18 11:21:27,162 | INFO |   Env | HO: 70.67% | Cont: 98.12% | Task: 80.92% | Resolved: 99.96% | Delay: 2.803s | Energy: 2332.69J | LB: 0.018
2026-06-18 11:21:27,162 | INFO |   Reward | D: -2346.52 | E: -7.48 | Q: 1544.80 | H: 6.54 | LB: 0.03 | Enq: 0.00 | Pen: -1226.05
2026-06-18 11:22:10,618 | INFO | Update  157 | Steps: 160,768 | Episodes:   157 | EpReward:   -17.95 | FPS:     24 | Actor Loss: -0.0002 | Critic Loss: 0.0024
2026-06-18 11:22:10,619 | INFO |   Env | HO: 69.33% | Cont: 98.61% | Task: 82.89% | Resolved: 99.99% | Delay: 2.689s | Energy: 2142.10J | LB: 0.019
2026-06-18 11:22:10,619 | INFO |   Reward | D: -2272.03 | E: -7.48 | Q: 1741.60 | H: 6.46 | LB: 0.04 | Enq: 0.00 | Pen: -1016.76
2026-06-18 11:23:08,867 | INFO | Update  158 | Steps: 161,792 | Episodes:   158 | EpReward:   -18.00 | FPS:     18 | Actor Loss: -0.0008 | Critic Loss: 0.0015
2026-06-18 11:23:08,867 | INFO |   Env | HO: 69.88% | Cont: 98.04% | Task: 83.89% | Resolved: 99.99% | Delay: 2.628s | Energy: 1957.92J | LB: 0.026
2026-06-18 11:23:08,868 | INFO |   Reward | D: -2211.57 | E: -7.27 | Q: 1849.20 | H: 7.15 | LB: 0.10 | Enq: 0.00 | Pen: -820.99
2026-06-18 11:24:02,918 | INFO | Update  159 | Steps: 162,816 | Episodes:   159 | EpReward:   -18.02 | FPS:     19 | Actor Loss: 0.0000 | Critic Loss: 0.0015
2026-06-18 11:24:02,919 | INFO |   Env | HO: 79.11% | Cont: 98.18% | Task: 83.54% | Resolved: 99.97% | Delay: 2.605s | Energy: 1936.56J | LB: 0.020
2026-06-18 11:24:02,919 | INFO |   Reward | D: -2230.80 | E: -7.20 | Q: 1805.60 | H: 7.61 | LB: 0.07 | Enq: 0.00 | Pen: -808.88
2026-06-18 11:24:45,467 | INFO | Update  160 | Steps: 163,840 | Episodes:   160 | EpReward:   -18.02 | FPS:     24 | Actor Loss: 0.0001 | Critic Loss: 0.0023
2026-06-18 11:24:45,467 | INFO |   Env | HO: 73.66% | Cont: 98.74% | Task: 82.59% | Resolved: 99.98% | Delay: 2.734s | Energy: 2215.59J | LB: 0.020
2026-06-18 11:24:45,467 | INFO |   Reward | D: -2306.56 | E: -7.36 | Q: 1711.60 | H: 8.47 | LB: 0.05 | Enq: 0.00 | Pen: -1087.66
2026-06-18 11:25:22,063 | INFO | Update  161 | Steps: 164,864 | Episodes:   161 | EpReward:   -18.19 | FPS:     28 | Actor Loss: 0.0004 | Critic Loss: 0.0022
2026-06-18 11:25:22,064 | INFO |   Env | HO: 74.50% | Cont: 98.08% | Task: 83.28% | Resolved: 99.97% | Delay: 2.701s | Energy: 2128.31J | LB: 0.032
2026-06-18 11:25:22,064 | INFO |   Reward | D: -2261.11 | E: -7.51 | Q: 1792.40 | H: 9.03 | LB: 0.12 | Enq: 0.00 | Pen: -964.15
2026-06-18 11:25:58,164 | INFO | Update  162 | Steps: 165,888 | Episodes:   162 | EpReward:   -18.09 | FPS:     28 | Actor Loss: -0.0000 | Critic Loss: 0.0026
2026-06-18 11:25:58,165 | INFO |   Env | HO: 76.53% | Cont: 98.04% | Task: 84.73% | Resolved: 99.97% | Delay: 2.596s | Energy: 1948.22J | LB: 0.034
2026-06-18 11:25:58,165 | INFO |   Reward | D: -2204.82 | E: -7.33 | Q: 1936.80 | H: 9.99 | LB: 0.05 | Enq: 0.00 | Pen: -793.83
2026-06-18 11:26:42,398 | INFO | Update  163 | Steps: 166,912 | Episodes:   163 | EpReward:   -17.97 | FPS:     23 | Actor Loss: 0.0001 | Critic Loss: 0.0069
2026-06-18 11:26:42,398 | INFO |   Env | HO: 73.11% | Cont: 97.41% | Task: 82.65% | Resolved: 99.96% | Delay: 2.673s | Energy: 2022.47J | LB: 0.018
2026-06-18 11:26:42,398 | INFO |   Reward | D: -2228.50 | E: -7.26 | Q: 1707.60 | H: 13.64 | LB: 0.07 | Enq: 0.00 | Pen: -909.86
2026-06-18 11:27:32,130 | INFO | Update  164 | Steps: 167,936 | Episodes:   164 | EpReward:   -17.98 | FPS:     21 | Actor Loss: -0.0000 | Critic Loss: 0.0036
2026-06-18 11:27:32,130 | INFO |   Env | HO: 73.33% | Cont: 98.01% | Task: 83.26% | Resolved: 100.00% | Delay: 2.648s | Energy: 2020.93J | LB: 0.022
2026-06-18 11:27:32,131 | INFO |   Reward | D: -2250.84 | E: -7.35 | Q: 1778.40 | H: 11.47 | LB: 0.14 | Enq: 0.00 | Pen: -876.50
2026-06-18 11:28:19,040 | INFO | Update  165 | Steps: 168,960 | Episodes:   165 | EpReward:   -18.10 | FPS:     22 | Actor Loss: 0.0005 | Critic Loss: 0.0051
2026-06-18 11:28:19,041 | INFO |   Env | HO: 70.12% | Cont: 97.22% | Task: 82.51% | Resolved: 99.98% | Delay: 2.685s | Energy: 2101.86J | LB: 0.014
2026-06-18 11:28:19,041 | INFO |   Reward | D: -2266.84 | E: -7.53 | Q: 1722.80 | H: 10.29 | LB: 0.05 | Enq: 0.00 | Pen: -934.63
2026-06-18 11:29:00,315 | INFO | Update  166 | Steps: 169,984 | Episodes:   166 | EpReward:   -18.20 | FPS:     25 | Actor Loss: -0.0002 | Critic Loss: 0.0048
2026-06-18 11:29:00,315 | INFO |   Env | HO: 72.81% | Cont: 97.97% | Task: 82.87% | Resolved: 99.97% | Delay: 2.647s | Energy: 2043.64J | LB: 0.032
2026-06-18 11:29:00,316 | INFO |   Reward | D: -2257.09 | E: -7.40 | Q: 1740.80 | H: 9.60 | LB: 0.04 | Enq: 0.00 | Pen: -898.51
2026-06-18 11:29:45,838 | INFO | Update  167 | Steps: 171,008 | Episodes:   167 | EpReward:   -18.19 | FPS:     22 | Actor Loss: 0.0003 | Critic Loss: 0.0026
2026-06-18 11:29:45,838 | INFO |   Env | HO: 77.78% | Cont: 98.73% | Task: 82.83% | Resolved: 99.99% | Delay: 2.668s | Energy: 2112.30J | LB: 0.019
2026-06-18 11:29:45,838 | INFO |   Reward | D: -2269.73 | E: -7.36 | Q: 1729.60 | H: 6.90 | LB: 0.11 | Enq: 0.00 | Pen: -957.53
2026-06-18 11:30:36,465 | INFO | Update  168 | Steps: 172,032 | Episodes:   168 | EpReward:   -18.13 | FPS:     20 | Actor Loss: -0.0000 | Critic Loss: 0.0024
2026-06-18 11:30:36,465 | INFO |   Env | HO: 73.71% | Cont: 98.29% | Task: 84.05% | Resolved: 99.99% | Delay: 2.571s | Energy: 1938.83J | LB: 0.033
2026-06-18 11:30:36,465 | INFO |   Reward | D: -2220.60 | E: -7.38 | Q: 1866.00 | H: 8.79 | LB: 0.09 | Enq: 0.00 | Pen: -753.62
2026-06-18 11:31:20,128 | INFO | Update  169 | Steps: 173,056 | Episodes:   169 | EpReward:   -18.05 | FPS:     23 | Actor Loss: 0.0002 | Critic Loss: 0.0055
2026-06-18 11:31:20,132 | INFO |   Env | HO: 72.08% | Cont: 98.06% | Task: 81.81% | Resolved: 99.97% | Delay: 2.725s | Energy: 2189.40J | LB: 0.011
2026-06-18 11:31:20,132 | INFO |   Reward | D: -2271.39 | E: -7.57 | Q: 1627.20 | H: 6.78 | LB: 0.02 | Enq: 0.00 | Pen: -1045.13
2026-06-18 11:32:04,031 | INFO | Update  170 | Steps: 174,080 | Episodes:   170 | EpReward:   -17.93 | FPS:     23 | Actor Loss: 0.0002 | Critic Loss: 0.0045
2026-06-18 11:32:04,031 | INFO |   Env | HO: 75.44% | Cont: 98.44% | Task: 82.92% | Resolved: 100.00% | Delay: 2.710s | Energy: 2178.32J | LB: 0.015
2026-06-18 11:32:04,031 | INFO |   Reward | D: -2303.37 | E: -7.48 | Q: 1755.60 | H: 7.83 | LB: 0.00 | Enq: 0.00 | Pen: -1024.46
2026-06-18 11:32:50,801 | INFO | Update  171 | Steps: 175,104 | Episodes:   171 | EpReward:   -17.89 | FPS:     22 | Actor Loss: -0.0001 | Critic Loss: 0.0049
2026-06-18 11:32:50,802 | INFO |   Env | HO: 75.56% | Cont: 97.77% | Task: 82.22% | Resolved: 99.98% | Delay: 2.653s | Energy: 2085.36J | LB: 0.021
2026-06-18 11:32:50,802 | INFO |   Reward | D: -2274.09 | E: -7.55 | Q: 1675.20 | H: 12.35 | LB: 0.05 | Enq: 0.00 | Pen: -936.27
2026-06-18 11:33:47,793 | INFO | Update  172 | Steps: 176,128 | Episodes:   172 | EpReward:   -17.95 | FPS:     18 | Actor Loss: 0.0001 | Critic Loss: 0.0064
2026-06-18 11:33:47,794 | INFO |   Env | HO: 76.15% | Cont: 97.79% | Task: 81.87% | Resolved: 100.00% | Delay: 2.691s | Energy: 2100.13J | LB: 0.019
2026-06-18 11:33:47,794 | INFO |   Reward | D: -2262.32 | E: -7.33 | Q: 1615.60 | H: 10.15 | LB: 0.14 | Enq: 0.00 | Pen: -1002.91
2026-06-18 11:34:44,024 | INFO | Update  173 | Steps: 177,152 | Episodes:   173 | EpReward:   -18.00 | FPS:     18 | Actor Loss: -0.0000 | Critic Loss: 0.0057
2026-06-18 11:34:44,024 | INFO |   Env | HO: 67.08% | Cont: 97.81% | Task: 83.21% | Resolved: 99.99% | Delay: 2.675s | Energy: 2154.96J | LB: 0.034
2026-06-18 11:34:44,024 | INFO |   Reward | D: -2300.25 | E: -7.71 | Q: 1812.80 | H: 9.82 | LB: 0.17 | Enq: 0.00 | Pen: -961.76
2026-06-18 11:35:25,765 | INFO | Update  174 | Steps: 178,176 | Episodes:   174 | EpReward:   -18.04 | FPS:     25 | Actor Loss: 0.0004 | Critic Loss: 0.0032
2026-06-18 11:35:25,765 | INFO |   Env | HO: 65.62% | Cont: 97.89% | Task: 82.41% | Resolved: 100.00% | Delay: 2.704s | Energy: 2167.73J | LB: 0.025
2026-06-18 11:35:25,766 | INFO |   Reward | D: -2285.15 | E: -7.59 | Q: 1713.60 | H: 7.72 | LB: 0.10 | Enq: 0.00 | Pen: -986.80
2026-06-18 11:36:11,231 | INFO | Update  175 | Steps: 179,200 | Episodes:   175 | EpReward:   -18.23 | FPS:     23 | Actor Loss: -0.0000 | Critic Loss: 0.0046
2026-06-18 11:36:11,231 | INFO |   Env | HO: 73.47% | Cont: 98.10% | Task: 82.60% | Resolved: 99.97% | Delay: 2.681s | Energy: 2077.33J | LB: 0.025
2026-06-18 11:36:11,231 | INFO |   Reward | D: -2235.16 | E: -7.36 | Q: 1690.40 | H: 6.64 | LB: 0.07 | Enq: 0.00 | Pen: -947.72
2026-06-18 11:36:47,086 | INFO | Update  176 | Steps: 180,224 | Episodes:   176 | EpReward:   -18.24 | FPS:     29 | Actor Loss: 0.0001 | Critic Loss: 0.0054
2026-06-18 11:36:47,087 | INFO |   Env | HO: 74.83% | Cont: 98.68% | Task: 82.62% | Resolved: 99.98% | Delay: 2.699s | Energy: 2137.02J | LB: 0.017
2026-06-18 11:36:47,087 | INFO |   Reward | D: -2269.83 | E: -7.34 | Q: 1696.40 | H: 6.58 | LB: 0.10 | Enq: 0.00 | Pen: -1005.43
2026-06-18 11:37:28,445 | INFO | Update  177 | Steps: 181,248 | Episodes:   177 | EpReward:   -18.18 | FPS:     25 | Actor Loss: 0.0006 | Critic Loss: 0.0043
2026-06-18 11:37:28,446 | INFO |   Env | HO: 71.75% | Cont: 98.68% | Task: 83.79% | Resolved: 99.98% | Delay: 2.618s | Energy: 2091.59J | LB: 0.014
2026-06-18 11:37:28,446 | INFO |   Reward | D: -2295.65 | E: -7.69 | Q: 1879.60 | H: 7.77 | LB: -0.01 | Enq: 0.00 | Pen: -859.50
2026-06-18 11:38:11,383 | INFO | Update  178 | Steps: 182,272 | Episodes:   178 | EpReward:   -18.36 | FPS:     24 | Actor Loss: -0.0000 | Critic Loss: 0.0011
2026-06-18 11:38:11,383 | INFO |   Env | HO: 72.61% | Cont: 98.51% | Task: 82.99% | Resolved: 100.00% | Delay: 2.690s | Energy: 2160.18J | LB: 0.021
2026-06-18 11:38:11,383 | INFO |   Reward | D: -2284.85 | E: -7.48 | Q: 1764.80 | H: 7.19 | LB: 0.04 | Enq: 0.00 | Pen: -999.75
2026-06-18 11:38:48,814 | INFO | Update  179 | Steps: 183,296 | Episodes:   179 | EpReward:   -18.43 | FPS:     27 | Actor Loss: 0.0006 | Critic Loss: 0.0016
2026-06-18 11:38:48,816 | INFO |   Env | HO: 72.32% | Cont: 98.26% | Task: 83.09% | Resolved: 99.99% | Delay: 2.663s | Energy: 2120.24J | LB: 0.019
2026-06-18 11:38:48,816 | INFO |   Reward | D: -2259.32 | E: -7.65 | Q: 1774.40 | H: 7.92 | LB: 0.00 | Enq: 0.00 | Pen: -916.12
2026-06-18 11:39:24,770 | INFO | Update  180 | Steps: 184,320 | Episodes:   180 | EpReward:   -18.38 | FPS:     28 | Actor Loss: 0.0008 | Critic Loss: 0.0014
2026-06-18 11:39:24,770 | INFO |   Env | HO: 73.38% | Cont: 98.56% | Task: 83.15% | Resolved: 100.00% | Delay: 2.671s | Energy: 2089.47J | LB: 0.023
2026-06-18 11:39:24,770 | INFO |   Reward | D: -2261.04 | E: -7.36 | Q: 1761.60 | H: 6.81 | LB: 0.03 | Enq: 0.00 | Pen: -955.31
2026-06-18 11:40:01,584 | INFO | Update  181 | Steps: 185,344 | Episodes:   181 | EpReward:   -18.44 | FPS:     28 | Actor Loss: 0.0005 | Critic Loss: 0.0015
2026-06-18 11:40:01,585 | INFO |   Env | HO: 73.08% | Cont: 98.41% | Task: 82.54% | Resolved: 99.99% | Delay: 2.747s | Energy: 2257.24J | LB: 0.018
2026-06-18 11:40:01,585 | INFO |   Reward | D: -2317.35 | E: -7.53 | Q: 1725.20 | H: 8.10 | LB: 0.10 | Enq: 0.00 | Pen: -1111.21
2026-06-18 11:40:54,908 | INFO | Update  182 | Steps: 186,368 | Episodes:   182 | EpReward:   -18.28 | FPS:     19 | Actor Loss: 0.0004 | Critic Loss: 0.0017
2026-06-18 11:40:54,908 | INFO |   Env | HO: 73.98% | Cont: 98.21% | Task: 84.11% | Resolved: 99.99% | Delay: 2.567s | Energy: 1901.14J | LB: 0.041
2026-06-18 11:40:54,908 | INFO |   Reward | D: -2218.60 | E: -7.28 | Q: 1868.40 | H: 8.75 | LB: 0.01 | Enq: 0.00 | Pen: -710.55
2026-06-18 11:41:40,789 | INFO | Update  183 | Steps: 187,392 | Episodes:   183 | EpReward:   -18.19 | FPS:     22 | Actor Loss: -0.0001 | Critic Loss: 0.0041
2026-06-18 11:41:40,790 | INFO |   Env | HO: 74.86% | Cont: 98.21% | Task: 83.18% | Resolved: 99.99% | Delay: 2.653s | Energy: 2002.55J | LB: 0.022
2026-06-18 11:41:40,790 | INFO |   Reward | D: -2254.69 | E: -7.08 | Q: 1765.60 | H: 8.13 | LB: 0.07 | Enq: 0.00 | Pen: -903.73
2026-06-18 11:42:33,373 | INFO | Update  184 | Steps: 188,416 | Episodes:   184 | EpReward:   -18.31 | FPS:     19 | Actor Loss: 0.0004 | Critic Loss: 0.0037
2026-06-18 11:42:33,373 | INFO |   Env | HO: 77.92% | Cont: 98.59% | Task: 82.84% | Resolved: 99.98% | Delay: 2.688s | Energy: 2119.90J | LB: 0.026
2026-06-18 11:42:33,373 | INFO |   Reward | D: -2256.17 | E: -7.36 | Q: 1725.20 | H: 7.31 | LB: 0.07 | Enq: 0.00 | Pen: -992.85
2026-06-18 11:43:28,576 | INFO | Update  185 | Steps: 189,440 | Episodes:   185 | EpReward:   -18.20 | FPS:     19 | Actor Loss: 0.0004 | Critic Loss: 0.0028
2026-06-18 11:43:28,577 | INFO |   Env | HO: 76.35% | Cont: 98.11% | Task: 83.55% | Resolved: 99.97% | Delay: 2.644s | Energy: 2005.19J | LB: 0.019
2026-06-18 11:43:28,577 | INFO |   Reward | D: -2229.67 | E: -7.24 | Q: 1804.00 | H: 6.88 | LB: 0.02 | Enq: 0.00 | Pen: -884.56
2026-06-18 11:44:08,546 | INFO | Update  186 | Steps: 190,464 | Episodes:   186 | EpReward:   -18.30 | FPS:     26 | Actor Loss: 0.0001 | Critic Loss: 0.0013
2026-06-18 11:44:08,547 | INFO |   Env | HO: 80.00% | Cont: 98.68% | Task: 82.69% | Resolved: 100.00% | Delay: 2.690s | Energy: 2151.71J | LB: 0.019
2026-06-18 11:44:08,547 | INFO |   Reward | D: -2277.69 | E: -7.48 | Q: 1720.80 | H: 6.61 | LB: 0.00 | Enq: 0.00 | Pen: -1039.59
2026-06-18 11:44:49,484 | INFO | Update  187 | Steps: 191,488 | Episodes:   187 | EpReward:   -18.09 | FPS:     25 | Actor Loss: -0.0000 | Critic Loss: 0.0013
2026-06-18 11:44:49,484 | INFO |   Env | HO: 71.20% | Cont: 97.42% | Task: 83.62% | Resolved: 99.97% | Delay: 2.569s | Energy: 1817.19J | LB: 0.016
2026-06-18 11:44:49,484 | INFO |   Reward | D: -2164.53 | E: -7.03 | Q: 1796.80 | H: 7.95 | LB: -0.01 | Enq: 0.00 | Pen: -716.59
2026-06-18 11:45:27,006 | INFO | Update  188 | Steps: 192,512 | Episodes:   188 | EpReward:   -18.14 | FPS:     27 | Actor Loss: -0.0002 | Critic Loss: 0.0036
2026-06-18 11:45:27,007 | INFO |   Env | HO: 75.35% | Cont: 98.75% | Task: 82.72% | Resolved: 100.00% | Delay: 2.699s | Energy: 2116.69J | LB: 0.021
2026-06-18 11:45:27,007 | INFO |   Reward | D: -2271.39 | E: -7.24 | Q: 1715.20 | H: 6.64 | LB: 0.00 | Enq: 0.00 | Pen: -1002.22
2026-06-18 11:46:25,935 | INFO | Update  189 | Steps: 193,536 | Episodes:   189 | EpReward:   -18.14 | FPS:     17 | Actor Loss: 0.0003 | Critic Loss: 0.0020
2026-06-18 11:46:25,935 | INFO |   Env | HO: 67.82% | Cont: 97.84% | Task: 82.47% | Resolved: 99.97% | Delay: 2.691s | Energy: 2109.66J | LB: 0.025
2026-06-18 11:46:25,935 | INFO |   Reward | D: -2262.42 | E: -7.51 | Q: 1707.20 | H: 7.17 | LB: 0.06 | Enq: 0.00 | Pen: -988.75
2026-06-18 11:47:12,951 | INFO | Update  190 | Steps: 194,560 | Episodes:   190 | EpReward:   -18.12 | FPS:     22 | Actor Loss: 0.0005 | Critic Loss: 0.0013
2026-06-18 11:47:12,951 | INFO |   Env | HO: 72.63% | Cont: 97.76% | Task: 82.84% | Resolved: 99.99% | Delay: 2.598s | Energy: 1883.55J | LB: 0.020
2026-06-18 11:47:12,952 | INFO |   Reward | D: -2209.75 | E: -7.03 | Q: 1724.80 | H: 8.56 | LB: 0.00 | Enq: 0.00 | Pen: -785.10
2026-06-18 11:47:56,140 | INFO | Update  191 | Steps: 195,584 | Episodes:   191 | EpReward:   -18.09 | FPS:     24 | Actor Loss: 0.0005 | Critic Loss: 0.0036
2026-06-18 11:47:56,140 | INFO |   Env | HO: 74.72% | Cont: 98.08% | Task: 83.30% | Resolved: 99.97% | Delay: 2.647s | Energy: 2075.33J | LB: 0.020
2026-06-18 11:47:56,140 | INFO |   Reward | D: -2258.76 | E: -7.59 | Q: 1810.00 | H: 8.06 | LB: 0.05 | Enq: 0.00 | Pen: -874.33
2026-06-18 11:48:40,307 | INFO | Update  192 | Steps: 196,608 | Episodes:   192 | EpReward:   -18.27 | FPS:     23 | Actor Loss: 0.0003 | Critic Loss: 0.0052
2026-06-18 11:48:40,307 | INFO |   Env | HO: 73.74% | Cont: 98.27% | Task: 82.48% | Resolved: 99.98% | Delay: 2.711s | Energy: 2147.09J | LB: 0.018
2026-06-18 11:48:40,307 | INFO |   Reward | D: -2284.25 | E: -7.35 | Q: 1707.20 | H: 8.15 | LB: 0.07 | Enq: 0.00 | Pen: -1008.15
2026-06-18 11:49:22,259 | INFO | Update  193 | Steps: 197,632 | Episodes:   193 | EpReward:   -18.24 | FPS:     24 | Actor Loss: 0.0004 | Critic Loss: 0.0045
2026-06-18 11:49:22,260 | INFO |   Env | HO: 71.19% | Cont: 98.19% | Task: 82.97% | Resolved: 99.99% | Delay: 2.698s | Energy: 2121.25J | LB: 0.032
2026-06-18 11:49:22,260 | INFO |   Reward | D: -2276.17 | E: -7.33 | Q: 1757.20 | H: 7.67 | LB: 0.06 | Enq: 0.00 | Pen: -1011.00
2026-06-18 11:50:07,534 | INFO | Update  194 | Steps: 198,656 | Episodes:   194 | EpReward:   -18.21 | FPS:     23 | Actor Loss: 0.0000 | Critic Loss: 0.0022
2026-06-18 11:50:07,535 | INFO |   Env | HO: 70.95% | Cont: 97.83% | Task: 83.48% | Resolved: 99.99% | Delay: 2.611s | Energy: 1959.14J | LB: 0.015
2026-06-18 11:50:07,535 | INFO |   Reward | D: -2195.22 | E: -7.30 | Q: 1787.60 | H: 7.88 | LB: 0.03 | Enq: 0.00 | Pen: -826.59
2026-06-18 11:50:49,456 | INFO | Update  195 | Steps: 199,680 | Episodes:   195 | EpReward:   -18.31 | FPS:     24 | Actor Loss: 0.0001 | Critic Loss: 0.0025
2026-06-18 11:50:49,456 | INFO |   Env | HO: 70.17% | Cont: 97.72% | Task: 82.31% | Resolved: 99.98% | Delay: 2.656s | Energy: 2044.92J | LB: 0.021
2026-06-18 11:50:49,456 | INFO |   Reward | D: -2279.80 | E: -7.31 | Q: 1698.00 | H: 10.33 | LB: 0.02 | Enq: 0.00 | Pen: -959.95
2026-06-18 11:51:35,109 | INFO | Update  196 | Steps: 200,704 | Episodes:   196 | EpReward:   -18.44 | FPS:     22 | Actor Loss: 0.0002 | Critic Loss: 0.0018
2026-06-18 11:51:35,110 | INFO |   Env | HO: 72.95% | Cont: 97.26% | Task: 82.69% | Resolved: 99.99% | Delay: 2.639s | Energy: 1981.96J | LB: 0.021
2026-06-18 11:51:35,110 | INFO |   Reward | D: -2229.71 | E: -7.24 | Q: 1720.80 | H: 9.06 | LB: 0.06 | Enq: 0.00 | Pen: -867.30
2026-06-18 11:51:35,110 | INFO | ----------------------------------------
2026-06-18 11:51:35,110 | INFO | 开始评估...
2026-06-18 11:52:26,621 | INFO | 评估结果: 奖励 = -33.29 ± 2.62, 长度 = 600, 时延 = 2.810s, 能耗 = 4156.62J, 负载均衡 = 0.017
2026-06-18 11:52:26,622 | INFO | 新的最佳奖励: -33.29
2026-06-18 11:52:26,622 | INFO | ----------------------------------------
2026-06-18 11:52:26,682 | INFO | 模型已保存: /home/pjpjq/LEO_switch/results/full_train_latency_priority_multiuser_u25_multiuser_6_7/checkpoint_200704.pt
2026-06-18 11:53:06,286 | INFO | Update  197 | Steps: 201,728 | Episodes:   197 | EpReward:   -18.31 | FPS:     26 | Actor Loss: 0.0004 | Critic Loss: 0.0017
2026-06-18 11:53:06,286 | INFO |   Env | HO: 73.55% | Cont: 97.83% | Task: 84.36% | Resolved: 99.99% | Delay: 2.573s | Energy: 1888.21J | LB: 0.028
2026-06-18 11:53:06,286 | INFO |   Reward | D: -2194.41 | E: -7.37 | Q: 1895.60 | H: 10.84 | LB: 0.04 | Enq: 0.00 | Pen: -687.45
2026-06-18 11:53:46,444 | INFO | Update  198 | Steps: 202,752 | Episodes:   198 | EpReward:   -18.39 | FPS:     25 | Actor Loss: -0.0002 | Critic Loss: 0.0044
2026-06-18 11:53:46,444 | INFO |   Env | HO: 76.28% | Cont: 98.58% | Task: 83.06% | Resolved: 100.00% | Delay: 2.664s | Energy: 2096.54J | LB: 0.026
2026-06-18 11:53:46,444 | INFO |   Reward | D: -2294.60 | E: -7.30 | Q: 1776.00 | H: 7.32 | LB: 0.04 | Enq: 0.00 | Pen: -980.72
2026-06-18 11:54:21,670 | INFO | Update  199 | Steps: 203,776 | Episodes:   199 | EpReward:   -18.39 | FPS:     29 | Actor Loss: 0.0001 | Critic Loss: 0.0046
2026-06-18 11:54:21,670 | INFO |   Env | HO: 69.23% | Cont: 94.69% | Task: 82.34% | Resolved: 99.94% | Delay: 2.607s | Energy: 1823.56J | LB: 0.016
2026-06-18 11:54:21,671 | INFO |   Reward | D: -2163.53 | E: -7.06 | Q: 1678.00 | H: 24.82 | LB: 0.01 | Enq: 0.00 | Pen: -802.04
2026-06-18 11:55:01,026 | INFO | Update  200 | Steps: 204,800 | Episodes:   200 | EpReward:   -18.59 | FPS:     26 | Actor Loss: 0.0001 | Critic Loss: 0.0143
2026-06-18 11:55:01,026 | INFO |   Env | HO: 66.28% | Cont: 94.07% | Task: 79.66% | Resolved: 99.97% | Delay: 2.852s | Energy: 2265.88J | LB: 0.018
2026-06-18 11:55:01,026 | INFO |   Reward | D: -2320.05 | E: -7.22 | Q: 1409.60 | H: 32.52 | LB: 0.03 | Enq: 0.00 | Pen: -1301.50
2026-06-18 11:55:44,782 | INFO | Update  201 | Steps: 205,824 | Episodes:   201 | EpReward:   -18.79 | FPS:     23 | Actor Loss: 0.0005 | Critic Loss: 0.0087
2026-06-18 11:55:44,782 | INFO |   Env | HO: 67.57% | Cont: 94.88% | Task: 81.23% | Resolved: 99.90% | Delay: 2.686s | Energy: 1999.53J | LB: 0.015
2026-06-18 11:55:44,782 | INFO |   Reward | D: -2220.09 | E: -7.31 | Q: 1579.60 | H: 23.87 | LB: 0.07 | Enq: 0.00 | Pen: -947.40
2026-06-18 11:56:24,458 | INFO | Update  202 | Steps: 206,848 | Episodes:   202 | EpReward:   -18.75 | FPS:     26 | Actor Loss: -0.0004 | Critic Loss: 0.0015
2026-06-18 11:56:24,458 | INFO |   Env | HO: 67.81% | Cont: 97.68% | Task: 83.14% | Resolved: 99.97% | Delay: 2.659s | Energy: 2043.89J | LB: 0.024
2026-06-18 11:56:24,458 | INFO |   Reward | D: -2257.41 | E: -7.28 | Q: 1768.80 | H: 14.14 | LB: 0.07 | Enq: 0.00 | Pen: -944.19
2026-06-18 11:57:01,467 | INFO | Update  203 | Steps: 207,872 | Episodes:   203 | EpReward:   -18.66 | FPS:     28 | Actor Loss: -0.0002 | Critic Loss: 0.0016
2026-06-18 11:57:01,468 | INFO |   Env | HO: 71.59% | Cont: 96.81% | Task: 82.82% | Resolved: 99.95% | Delay: 2.648s | Energy: 1963.17J | LB: 0.022
2026-06-18 11:57:01,468 | INFO |   Reward | D: -2203.76 | E: -7.24 | Q: 1716.80 | H: 16.39 | LB: 0.00 | Enq: 0.00 | Pen: -886.44
2026-06-18 11:57:48,346 | INFO | Update  204 | Steps: 208,896 | Episodes:   204 | EpReward:   -18.55 | FPS:     22 | Actor Loss: 0.0002 | Critic Loss: 0.0006
2026-06-18 11:57:48,346 | INFO |   Env | HO: 74.47% | Cont: 97.28% | Task: 83.51% | Resolved: 99.98% | Delay: 2.597s | Energy: 1896.27J | LB: 0.022
2026-06-18 11:57:48,346 | INFO |   Reward | D: -2186.56 | E: -7.20 | Q: 1801.20 | H: 13.28 | LB: 0.09 | Enq: 0.00 | Pen: -789.41
2026-06-18 11:58:31,305 | INFO | Update  205 | Steps: 209,920 | Episodes:   205 | EpReward:   -18.51 | FPS:     24 | Actor Loss: 0.0003 | Critic Loss: 0.0020
2026-06-18 11:58:31,306 | INFO |   Env | HO: 67.86% | Cont: 96.94% | Task: 82.81% | Resolved: 99.94% | Delay: 2.642s | Energy: 1967.46J | LB: 0.024
2026-06-18 11:58:31,306 | INFO |   Reward | D: -2212.20 | E: -7.13 | Q: 1719.60 | H: 15.51 | LB: 0.01 | Enq: 0.00 | Pen: -907.54
2026-06-18 11:59:08,753 | INFO | Update  206 | Steps: 210,944 | Episodes:   206 | EpReward:   -18.41 | FPS:     27 | Actor Loss: 0.0001 | Critic Loss: 0.0008
2026-06-18 11:59:08,754 | INFO |   Env | HO: 68.04% | Cont: 98.10% | Task: 82.98% | Resolved: 99.94% | Delay: 2.671s | Energy: 2050.74J | LB: 0.013
2026-06-18 11:59:08,754 | INFO |   Reward | D: -2233.30 | E: -7.17 | Q: 1727.20 | H: 9.46 | LB: 0.04 | Enq: 0.00 | Pen: -954.51
2026-06-18 11:59:48,271 | INFO | Update  207 | Steps: 211,968 | Episodes:   207 | EpReward:   -18.47 | FPS:     26 | Actor Loss: 0.0001 | Critic Loss: 0.0007
2026-06-18 11:59:48,271 | INFO |   Env | HO: 78.77% | Cont: 97.76% | Task: 83.55% | Resolved: 100.00% | Delay: 2.626s | Energy: 2000.84J | LB: 0.015
2026-06-18 11:59:48,271 | INFO |   Reward | D: -2214.39 | E: -7.41 | Q: 1810.80 | H: 8.83 | LB: 0.00 | Enq: 0.00 | Pen: -859.02
2026-06-18 12:00:36,360 | INFO | Update  208 | Steps: 212,992 | Episodes:   208 | EpReward:   -18.66 | FPS:     21 | Actor Loss: -0.0000 | Critic Loss: 0.0031
2026-06-18 12:00:36,360 | INFO |   Env | HO: 67.98% | Cont: 98.00% | Task: 81.61% | Resolved: 99.98% | Delay: 2.751s | Energy: 2202.05J | LB: 0.023
2026-06-18 12:00:36,360 | INFO |   Reward | D: -2299.19 | E: -7.36 | Q: 1608.00 | H: 9.71 | LB: 0.08 | Enq: 0.00 | Pen: -1087.42
2026-06-18 12:01:27,544 | INFO | Update  209 | Steps: 214,016 | Episodes:   209 | EpReward:   -18.57 | FPS:     20 | Actor Loss: 0.0004 | Critic Loss: 0.0020
2026-06-18 12:01:27,545 | INFO |   Env | HO: 64.38% | Cont: 98.14% | Task: 82.30% | Resolved: 99.98% | Delay: 2.704s | Energy: 2149.83J | LB: 0.027
2026-06-18 12:01:27,545 | INFO |   Reward | D: -2288.99 | E: -7.39 | Q: 1684.00 | H: 8.65 | LB: 0.00 | Enq: 0.00 | Pen: -1014.09
2026-06-18 12:02:08,887 | INFO | Update  210 | Steps: 215,040 | Episodes:   210 | EpReward:   -18.51 | FPS:     25 | Actor Loss: 0.0004 | Critic Loss: 0.0053
2026-06-18 12:02:08,887 | INFO |   Env | HO: 78.36% | Cont: 98.40% | Task: 81.88% | Resolved: 99.98% | Delay: 2.725s | Energy: 2196.24J | LB: 0.020
2026-06-18 12:02:08,887 | INFO |   Reward | D: -2302.91 | E: -7.42 | Q: 1642.40 | H: 8.51 | LB: -0.01 | Enq: 0.00 | Pen: -1099.04
2026-06-18 12:02:56,893 | INFO | Update  211 | Steps: 216,064 | Episodes:   211 | EpReward:   -18.67 | FPS:     21 | Actor Loss: -0.0006 | Critic Loss: 0.0044
2026-06-18 12:02:56,894 | INFO |   Env | HO: 74.12% | Cont: 98.16% | Task: 82.28% | Resolved: 99.97% | Delay: 2.734s | Energy: 2221.37J | LB: 0.015
2026-06-18 12:02:56,894 | INFO |   Reward | D: -2308.77 | E: -7.56 | Q: 1696.00 | H: 7.71 | LB: 0.04 | Enq: 0.00 | Pen: -1109.37
2026-06-18 12:03:38,267 | INFO | Update  212 | Steps: 217,088 | Episodes:   212 | EpReward:   -18.76 | FPS:     25 | Actor Loss: -0.0000 | Critic Loss: 0.0056
2026-06-18 12:03:38,268 | INFO |   Env | HO: 71.69% | Cont: 98.39% | Task: 82.20% | Resolved: 99.97% | Delay: 2.733s | Energy: 2228.39J | LB: 0.012
2026-06-18 12:03:38,268 | INFO |   Reward | D: -2320.01 | E: -7.49 | Q: 1686.80 | H: 7.29 | LB: 0.03 | Enq: 0.00 | Pen: -1109.28
2026-06-18 12:04:22,769 | INFO | Update  213 | Steps: 218,112 | Episodes:   213 | EpReward:   -18.62 | FPS:     23 | Actor Loss: 0.0001 | Critic Loss: 0.0075
2026-06-18 12:04:22,770 | INFO |   Env | HO: 74.55% | Cont: 98.23% | Task: 83.41% | Resolved: 99.98% | Delay: 2.592s | Energy: 1971.49J | LB: 0.032
2026-06-18 12:04:22,770 | INFO |   Reward | D: -2263.81 | E: -7.40 | Q: 1820.00 | H: 10.11 | LB: 0.06 | Enq: 0.00 | Pen: -804.30
2026-06-18 12:05:09,426 | INFO | Update  214 | Steps: 219,136 | Episodes:   214 | EpReward:   -18.50 | FPS:     22 | Actor Loss: 0.0009 | Critic Loss: 0.0045
2026-06-18 12:05:09,426 | INFO |   Env | HO: 72.48% | Cont: 97.04% | Task: 83.43% | Resolved: 99.99% | Delay: 2.564s | Energy: 1847.11J | LB: 0.023
2026-06-18 12:05:09,427 | INFO |   Reward | D: -2171.79 | E: -7.30 | Q: 1797.20 | H: 11.61 | LB: 0.07 | Enq: 0.00 | Pen: -713.43
2026-06-18 12:06:02,115 | INFO | Update  215 | Steps: 220,160 | Episodes:   215 | EpReward:   -18.16 | FPS:     19 | Actor Loss: 0.0010 | Critic Loss: 0.0018
2026-06-18 12:06:02,115 | INFO |   Env | HO: 72.55% | Cont: 97.64% | Task: 83.31% | Resolved: 99.97% | Delay: 2.573s | Energy: 1923.31J | LB: 0.018
2026-06-18 12:06:02,115 | INFO |   Reward | D: -2242.07 | E: -7.33 | Q: 1805.20 | H: 11.65 | LB: 0.07 | Enq: 0.00 | Pen: -793.25
2026-06-18 12:06:41,300 | INFO | Update  216 | Steps: 221,184 | Episodes:   216 | EpReward:   -18.08 | FPS:     26 | Actor Loss: 0.0004 | Critic Loss: 0.0011
2026-06-18 12:06:41,300 | INFO |   Env | HO: 75.60% | Cont: 97.86% | Task: 84.56% | Resolved: 99.99% | Delay: 2.513s | Energy: 1796.19J | LB: 0.035
2026-06-18 12:06:41,300 | INFO |   Reward | D: -2188.69 | E: -7.29 | Q: 1932.00 | H: 9.70 | LB: 0.06 | Enq: 0.00 | Pen: -583.98
2026-06-18 12:07:39,049 | INFO | Update  217 | Steps: 222,208 | Episodes:   217 | EpReward:   -17.92 | FPS:     18 | Actor Loss: 0.0001 | Critic Loss: 0.0017
2026-06-18 12:07:39,049 | INFO |   Env | HO: 77.33% | Cont: 98.03% | Task: 85.01% | Resolved: 99.99% | Delay: 2.525s | Energy: 1814.39J | LB: 0.038
2026-06-18 12:07:39,049 | INFO |   Reward | D: -2178.35 | E: -7.30 | Q: 1965.20 | H: 10.67 | LB: 0.07 | Enq: 0.00 | Pen: -633.76
2026-06-18 12:08:24,855 | INFO | Update  218 | Steps: 223,232 | Episodes:   218 | EpReward:   -17.87 | FPS:     22 | Actor Loss: 0.0004 | Critic Loss: 0.0029
2026-06-18 12:08:24,855 | INFO |   Env | HO: 72.98% | Cont: 96.21% | Task: 83.49% | Resolved: 99.97% | Delay: 2.559s | Energy: 1867.66J | LB: 0.031
2026-06-18 12:08:24,856 | INFO |   Reward | D: -2231.35 | E: -7.39 | Q: 1843.20 | H: 19.62 | LB: 0.11 | Enq: 0.00 | Pen: -710.07
2026-06-18 12:09:03,929 | INFO | Update  219 | Steps: 224,256 | Episodes:   219 | EpReward:   -17.95 | FPS:     26 | Actor Loss: 0.0004 | Critic Loss: 0.0076
2026-06-18 12:09:03,929 | INFO |   Env | HO: 70.61% | Cont: 97.23% | Task: 83.01% | Resolved: 99.99% | Delay: 2.656s | Energy: 2013.53J | LB: 0.020
2026-06-18 12:09:03,929 | INFO |   Reward | D: -2223.97 | E: -7.38 | Q: 1753.20 | H: 13.39 | LB: 0.21 | Enq: 0.00 | Pen: -865.59
2026-06-18 12:09:44,727 | INFO | Update  220 | Steps: 225,280 | Episodes:   220 | EpReward:   -17.96 | FPS:     25 | Actor Loss: 0.0009 | Critic Loss: 0.0079
2026-06-18 12:09:44,730 | INFO |   Env | HO: 72.41% | Cont: 97.34% | Task: 82.80% | Resolved: 99.98% | Delay: 2.615s | Energy: 1959.92J | LB: 0.021
2026-06-18 12:09:44,731 | INFO |   Reward | D: -2243.81 | E: -7.32 | Q: 1740.00 | H: 12.78 | LB: 0.03 | Enq: 0.00 | Pen: -850.37
2026-06-18 12:10:36,118 | INFO | Update  221 | Steps: 226,304 | Episodes:   221 | EpReward:   -17.92 | FPS:     20 | Actor Loss: 0.0004 | Critic Loss: 0.0037
2026-06-18 12:10:36,118 | INFO |   Env | HO: 69.67% | Cont: 97.92% | Task: 83.04% | Resolved: 100.00% | Delay: 2.644s | Energy: 2007.91J | LB: 0.023
2026-06-18 12:10:36,118 | INFO |   Reward | D: -2215.35 | E: -7.20 | Q: 1741.60 | H: 9.00 | LB: 0.04 | Enq: 0.00 | Pen: -880.17
2026-06-18 12:11:27,933 | INFO | Update  222 | Steps: 227,328 | Episodes:   222 | EpReward:   -17.80 | FPS:     20 | Actor Loss: -0.0002 | Critic Loss: 0.0035
2026-06-18 12:11:27,934 | INFO |   Env | HO: 73.83% | Cont: 97.79% | Task: 84.09% | Resolved: 99.99% | Delay: 2.587s | Energy: 1936.29J | LB: 0.022
2026-06-18 12:11:27,934 | INFO |   Reward | D: -2224.27 | E: -7.32 | Q: 1874.80 | H: 11.72 | LB: 0.12 | Enq: 0.00 | Pen: -785.36
2026-06-18 12:12:10,092 | INFO | Update  223 | Steps: 228,352 | Episodes:   223 | EpReward:   -17.68 | FPS:     24 | Actor Loss: 0.0003 | Critic Loss: 0.0021
2026-06-18 12:12:10,092 | INFO |   Env | HO: 75.25% | Cont: 97.78% | Task: 83.62% | Resolved: 99.99% | Delay: 2.590s | Energy: 1924.41J | LB: 0.020
2026-06-18 12:12:10,092 | INFO |   Reward | D: -2244.79 | E: -7.33 | Q: 1849.60 | H: 9.13 | LB: -0.01 | Enq: 0.00 | Pen: -779.47
2026-06-18 12:13:00,271 | INFO | Update  224 | Steps: 229,376 | Episodes:   224 | EpReward:   -17.60 | FPS:     20 | Actor Loss: 0.0001 | Critic Loss: 0.0032
2026-06-18 12:13:00,272 | INFO |   Env | HO: 66.67% | Cont: 97.84% | Task: 83.28% | Resolved: 99.94% | Delay: 2.616s | Energy: 1981.79J | LB: 0.027
2026-06-18 12:13:00,272 | INFO |   Reward | D: -2246.66 | E: -7.25 | Q: 1792.80 | H: 8.44 | LB: 0.04 | Enq: 0.00 | Pen: -872.97
2026-06-18 12:13:42,556 | INFO | Update  225 | Steps: 230,400 | Episodes:   225 | EpReward:   -17.62 | FPS:     24 | Actor Loss: -0.0005 | Critic Loss: 0.0033
2026-06-18 12:13:42,556 | INFO |   Env | HO: 74.01% | Cont: 98.02% | Task: 83.23% | Resolved: 99.98% | Delay: 2.657s | Energy: 2019.90J | LB: 0.018
2026-06-18 12:13:42,556 | INFO |   Reward | D: -2245.07 | E: -7.24 | Q: 1773.60 | H: 10.41 | LB: 0.06 | Enq: 0.00 | Pen: -924.09
2026-06-18 12:14:31,110 | INFO | Update  226 | Steps: 231,424 | Episodes:   226 | EpReward:   -17.64 | FPS:     21 | Actor Loss: 0.0001 | Critic Loss: 0.0027
2026-06-18 12:14:31,110 | INFO |   Env | HO: 72.15% | Cont: 97.14% | Task: 83.16% | Resolved: 99.98% | Delay: 2.592s | Energy: 1907.54J | LB: 0.019
2026-06-18 12:14:31,110 | INFO |   Reward | D: -2229.29 | E: -7.25 | Q: 1783.20 | H: 14.04 | LB: 0.10 | Enq: 0.00 | Pen: -783.90
2026-06-18 12:15:20,936 | INFO | Update  227 | Steps: 232,448 | Episodes:   227 | EpReward:   -17.66 | FPS:     21 | Actor Loss: 0.0002 | Critic Loss: 0.0029
2026-06-18 12:15:20,937 | INFO |   Env | HO: 65.04% | Cont: 97.42% | Task: 82.19% | Resolved: 99.97% | Delay: 2.663s | Energy: 2089.98J | LB: 0.026
2026-06-18 12:15:20,937 | INFO |   Reward | D: -2317.89 | E: -7.46 | Q: 1717.20 | H: 10.63 | LB: 0.10 | Enq: 0.00 | Pen: -980.39
2026-06-18 12:15:59,123 | INFO | Update  228 | Steps: 233,472 | Episodes:   228 | EpReward:   -17.47 | FPS:     27 | Actor Loss: 0.0003 | Critic Loss: 0.0029
2026-06-18 12:15:59,123 | INFO |   Env | HO: 68.08% | Cont: 97.00% | Task: 83.25% | Resolved: 99.98% | Delay: 2.569s | Energy: 1841.75J | LB: 0.024
2026-06-18 12:15:59,123 | INFO |   Reward | D: -2221.13 | E: -7.14 | Q: 1799.60 | H: 11.01 | LB: 0.01 | Enq: 0.00 | Pen: -723.19
2026-06-18 12:16:43,302 | INFO | Update  229 | Steps: 234,496 | Episodes:   229 | EpReward:   -17.35 | FPS:     23 | Actor Loss: -0.0006 | Critic Loss: 0.0018
2026-06-18 12:16:43,303 | INFO |   Env | HO: 73.91% | Cont: 98.09% | Task: 83.78% | Resolved: 99.93% | Delay: 2.597s | Energy: 1933.05J | LB: 0.018
2026-06-18 12:16:43,303 | INFO |   Reward | D: -2203.14 | E: -7.16 | Q: 1816.40 | H: 8.48 | LB: 0.13 | Enq: 0.00 | Pen: -844.54
2026-06-18 12:17:36,960 | INFO | Update  230 | Steps: 235,520 | Episodes:   230 | EpReward:   -17.30 | FPS:     19 | Actor Loss: -0.0001 | Critic Loss: 0.0013
2026-06-18 12:17:36,961 | INFO |   Env | HO: 71.09% | Cont: 97.44% | Task: 83.55% | Resolved: 99.97% | Delay: 2.605s | Energy: 1873.28J | LB: 0.021
2026-06-18 12:17:36,961 | INFO |   Reward | D: -2182.52 | E: -7.07 | Q: 1794.80 | H: 9.26 | LB: 0.04 | Enq: 0.00 | Pen: -757.89
2026-06-18 12:18:44,749 | INFO | Update  231 | Steps: 236,544 | Episodes:   231 | EpReward:   -17.39 | FPS:     15 | Actor Loss: 0.0002 | Critic Loss: 0.0023
2026-06-18 12:18:44,750 | INFO |   Env | HO: 70.73% | Cont: 98.86% | Task: 82.59% | Resolved: 99.97% | Delay: 2.701s | Energy: 2077.34J | LB: 0.012
2026-06-18 12:18:44,750 | INFO |   Reward | D: -2217.65 | E: -7.06 | Q: 1659.60 | H: 7.14 | LB: 0.08 | Enq: 0.00 | Pen: -996.82
2026-06-18 12:19:46,081 | INFO | Update  232 | Steps: 237,568 | Episodes:   232 | EpReward:   -17.49 | FPS:     17 | Actor Loss: 0.0002 | Critic Loss: 0.0033
2026-06-18 12:19:46,081 | INFO |   Env | HO: 73.36% | Cont: 97.88% | Task: 83.14% | Resolved: 99.95% | Delay: 2.624s | Energy: 1966.37J | LB: 0.022
2026-06-18 12:19:46,081 | INFO |   Reward | D: -2225.78 | E: -7.23 | Q: 1756.00 | H: 10.36 | LB: 0.05 | Enq: 0.00 | Pen: -844.43
2026-06-18 12:20:32,532 | INFO | Update  233 | Steps: 238,592 | Episodes:   233 | EpReward:   -17.39 | FPS:     22 | Actor Loss: 0.0007 | Critic Loss: 0.0011
2026-06-18 12:20:32,533 | INFO |   Env | HO: 71.97% | Cont: 97.62% | Task: 84.53% | Resolved: 99.99% | Delay: 2.551s | Energy: 1807.95J | LB: 0.037
2026-06-18 12:20:32,533 | INFO |   Reward | D: -2180.89 | E: -7.09 | Q: 1906.00 | H: 11.86 | LB: 0.00 | Enq: 0.00 | Pen: -662.37
2026-06-18 12:21:25,773 | INFO | Update  234 | Steps: 239,616 | Episodes:   234 | EpReward:   -17.53 | FPS:     19 | Actor Loss: 0.0003 | Critic Loss: 0.0039
2026-06-18 12:21:25,773 | INFO |   Env | HO: 69.16% | Cont: 97.84% | Task: 82.97% | Resolved: 99.99% | Delay: 2.635s | Energy: 2028.62J | LB: 0.028
2026-06-18 12:21:25,774 | INFO |   Reward | D: -2258.20 | E: -7.47 | Q: 1770.80 | H: 9.52 | LB: 0.07 | Enq: 0.00 | Pen: -875.64
2026-06-18 12:22:15,189 | INFO | Update  235 | Steps: 240,640 | Episodes:   235 | EpReward:   -17.59 | FPS:     21 | Actor Loss: 0.0005 | Critic Loss: 0.0034
2026-06-18 12:22:15,189 | INFO |   Env | HO: 74.01% | Cont: 97.83% | Task: 83.58% | Resolved: 99.98% | Delay: 2.606s | Energy: 1932.94J | LB: 0.014
2026-06-18 12:22:15,190 | INFO |   Reward | D: -2172.45 | E: -7.28 | Q: 1782.00 | H: 10.42 | LB: 0.20 | Enq: 0.00 | Pen: -818.50
2026-06-18 12:23:14,819 | INFO | Update  236 | Steps: 241,664 | Episodes:   236 | EpReward:   -17.46 | FPS:     17 | Actor Loss: 0.0004 | Critic Loss: 0.0012
2026-06-18 12:23:14,819 | INFO |   Env | HO: 75.95% | Cont: 98.03% | Task: 84.46% | Resolved: 99.97% | Delay: 2.535s | Energy: 1858.54J | LB: 0.023
2026-06-18 12:23:14,819 | INFO |   Reward | D: -2208.49 | E: -7.30 | Q: 1907.60 | H: 10.94 | LB: 0.07 | Enq: 0.00 | Pen: -678.01
2026-06-18 12:24:07,893 | INFO | Update  237 | Steps: 242,688 | Episodes:   237 | EpReward:   -17.45 | FPS:     19 | Actor Loss: 0.0005 | Critic Loss: 0.0024
2026-06-18 12:24:07,893 | INFO |   Env | HO: 69.67% | Cont: 98.21% | Task: 83.41% | Resolved: 99.96% | Delay: 2.632s | Energy: 2012.90J | LB: 0.025
2026-06-18 12:24:07,893 | INFO |   Reward | D: -2229.28 | E: -7.42 | Q: 1790.40 | H: 8.97 | LB: 0.10 | Enq: 0.00 | Pen: -850.23
2026-06-18 12:24:50,743 | INFO | Update  238 | Steps: 243,712 | Episodes:   238 | EpReward:   -17.36 | FPS:     24 | Actor Loss: 0.0000 | Critic Loss: 0.0013
2026-06-18 12:24:50,743 | INFO |   Env | HO: 74.62% | Cont: 98.25% | Task: 82.99% | Resolved: 99.96% | Delay: 2.697s | Energy: 2126.48J | LB: 0.019
2026-06-18 12:24:50,744 | INFO |   Reward | D: -2258.17 | E: -7.53 | Q: 1754.40 | H: 8.96 | LB: 0.05 | Enq: 0.00 | Pen: -958.56
2026-06-18 12:25:32,252 | INFO | Update  239 | Steps: 244,736 | Episodes:   239 | EpReward:   -17.39 | FPS:     25 | Actor Loss: 0.0004 | Critic Loss: 0.0017
2026-06-18 12:25:32,256 | INFO |   Env | HO: 74.41% | Cont: 97.45% | Task: 83.76% | Resolved: 99.98% | Delay: 2.607s | Energy: 1919.37J | LB: 0.022
2026-06-18 12:25:32,256 | INFO |   Reward | D: -2207.81 | E: -7.27 | Q: 1816.80 | H: 13.47 | LB: 0.12 | Enq: 0.00 | Pen: -786.54
2026-06-18 12:26:01,412 | INFO | Update  240 | Steps: 245,760 | Episodes:   240 | EpReward:   -17.28 | FPS:     35 | Actor Loss: 0.0010 | Critic Loss: 0.0013
2026-06-18 12:26:01,412 | INFO |   Env | HO: 75.18% | Cont: 97.21% | Task: 83.82% | Resolved: 100.00% | Delay: 2.585s | Energy: 1831.41J | LB: 0.020
2026-06-18 12:26:01,412 | INFO |   Reward | D: -2174.32 | E: -7.11 | Q: 1805.60 | H: 13.03 | LB: 0.11 | Enq: 0.00 | Pen: -707.98
2026-06-18 12:26:48,042 | INFO | Update  241 | Steps: 246,784 | Episodes:   241 | EpReward:   -17.13 | FPS:     22 | Actor Loss: 0.0008 | Critic Loss: 0.0035
2026-06-18 12:26:48,042 | INFO |   Env | HO: 69.89% | Cont: 97.90% | Task: 84.25% | Resolved: 99.93% | Delay: 2.607s | Energy: 1960.06J | LB: 0.029
2026-06-18 12:26:48,042 | INFO |   Reward | D: -2238.90 | E: -7.28 | Q: 1889.20 | H: 11.38 | LB: 0.09 | Enq: 0.00 | Pen: -820.59
2026-06-18 12:27:34,574 | INFO | Update  242 | Steps: 247,808 | Episodes:   242 | EpReward:   -17.01 | FPS:     22 | Actor Loss: 0.0003 | Critic Loss: 0.0019
2026-06-18 12:27:34,574 | INFO |   Env | HO: 74.43% | Cont: 98.18% | Task: 84.10% | Resolved: 99.99% | Delay: 2.578s | Energy: 1920.46J | LB: 0.031
2026-06-18 12:27:34,575 | INFO |   Reward | D: -2230.34 | E: -7.33 | Q: 1885.20 | H: 10.08 | LB: 0.07 | Enq: 0.00 | Pen: -729.80
2026-06-18 12:28:12,183 | INFO | Update  243 | Steps: 248,832 | Episodes:   243 | EpReward:   -16.83 | FPS:     27 | Actor Loss: 0.0002 | Critic Loss: 0.0011
2026-06-18 12:28:12,183 | INFO |   Env | HO: 72.83% | Cont: 96.98% | Task: 84.51% | Resolved: 99.98% | Delay: 2.547s | Energy: 1790.88J | LB: 0.024
2026-06-18 12:28:12,183 | INFO |   Reward | D: -2154.02 | E: -7.20 | Q: 1898.40 | H: 12.53 | LB: 0.17 | Enq: 0.00 | Pen: -635.94
2026-06-18 12:29:02,698 | INFO | Update  244 | Steps: 249,856 | Episodes:   244 | EpReward:   -16.62 | FPS:     20 | Actor Loss: 0.0008 | Critic Loss: 0.0016
2026-06-18 12:29:02,698 | INFO |   Env | HO: 75.85% | Cont: 97.75% | Task: 85.07% | Resolved: 99.99% | Delay: 2.508s | Energy: 1750.25J | LB: 0.029
2026-06-18 12:29:02,698 | INFO |   Reward | D: -2153.81 | E: -7.11 | Q: 1947.20 | H: 10.98 | LB: 0.04 | Enq: 0.00 | Pen: -588.59
2026-06-18 12:29:40,335 | INFO | Update  245 | Steps: 250,880 | Episodes:   245 | EpReward:   -16.54 | FPS:     27 | Actor Loss: 0.0008 | Critic Loss: 0.0028
2026-06-18 12:29:40,343 | INFO |   Env | HO: 74.58% | Cont: 97.63% | Task: 83.92% | Resolved: 99.94% | Delay: 2.557s | Energy: 1843.87J | LB: 0.030
2026-06-18 12:29:40,343 | INFO |   Reward | D: -2182.82 | E: -7.26 | Q: 1837.60 | H: 10.67 | LB: 0.03 | Enq: 0.00 | Pen: -689.96
2026-06-18 12:29:40,343 | INFO | ----------------------------------------
2026-06-18 12:29:40,343 | INFO | 开始评估...
2026-06-18 12:30:37,054 | INFO | 评估结果: 奖励 = -32.94 ± 3.86, 长度 = 600, 时延 = 2.792s, 能耗 = 4079.75J, 负载均衡 = 0.014
2026-06-18 12:30:37,054 | INFO | 新的最佳模型 (average delay): score = -2.7921, delay = 2.792s, completion = 81.21%, continuity = 98.73%, load_balance = 0.014
2026-06-18 12:30:37,092 | INFO | 模型已保存: /home/pjpjq/LEO_switch/results/full_train_latency_priority_multiuser_u25_multiuser_6_7/best_model.pt
2026-06-18 12:30:37,093 | INFO | 新的最佳奖励: -32.94
2026-06-18 12:30:37,093 | INFO | ----------------------------------------
2026-06-18 12:31:16,769 | INFO | Update  246 | Steps: 251,904 | Episodes:   246 | EpReward:   -16.64 | FPS:     26 | Actor Loss: 0.0008 | Critic Loss: 0.0040
2026-06-18 12:31:16,770 | INFO |   Env | HO: 80.21% | Cont: 98.29% | Task: 83.24% | Resolved: 100.00% | Delay: 2.658s | Energy: 2076.06J | LB: 0.014
2026-06-18 12:31:16,770 | INFO |   Reward | D: -2240.24 | E: -7.39 | Q: 1782.80 | H: 9.37 | LB: 0.04 | Enq: 0.00 | Pen: -936.33
2026-06-18 12:31:47,427 | INFO | Update  247 | Steps: 252,928 | Episodes:   247 | EpReward:   -16.60 | FPS:     33 | Actor Loss: 0.0008 | Critic Loss: 0.0032
2026-06-18 12:31:47,427 | INFO |   Env | HO: 65.37% | Cont: 97.94% | Task: 82.69% | Resolved: 99.97% | Delay: 2.686s | Energy: 2131.83J | LB: 0.025
2026-06-18 12:31:47,427 | INFO |   Reward | D: -2289.18 | E: -7.51 | Q: 1738.40 | H: 9.22 | LB: 0.06 | Enq: 0.00 | Pen: -1000.46
2026-06-18 12:32:29,138 | INFO | Update  248 | Steps: 253,952 | Episodes:   248 | EpReward:   -16.49 | FPS:     25 | Actor Loss: 0.0007 | Critic Loss: 0.0022
2026-06-18 12:32:29,138 | INFO |   Env | HO: 75.77% | Cont: 97.51% | Task: 83.96% | Resolved: 99.97% | Delay: 2.580s | Energy: 1883.63J | LB: 0.016
2026-06-18 12:32:29,138 | INFO |   Reward | D: -2192.06 | E: -7.25 | Q: 1845.20 | H: 10.37 | LB: 0.15 | Enq: 0.00 | Pen: -736.16
2026-06-18 12:33:13,059 | INFO | Update  249 | Steps: 254,976 | Episodes:   249 | EpReward:   -16.52 | FPS:     23 | Actor Loss: 0.0005 | Critic Loss: 0.0022
2026-06-18 12:33:13,059 | INFO |   Env | HO: 75.23% | Cont: 98.36% | Task: 84.15% | Resolved: 99.96% | Delay: 2.611s | Energy: 2022.78J | LB: 0.019
2026-06-18 12:33:13,059 | INFO |   Reward | D: -2257.66 | E: -7.48 | Q: 1893.60 | H: 10.06 | LB: 0.03 | Enq: 0.00 | Pen: -868.40
2026-06-18 12:34:02,365 | INFO | Update  250 | Steps: 256,000 | Episodes:   250 | EpReward:   -16.43 | FPS:     21 | Actor Loss: 0.0003 | Critic Loss: 0.0016
2026-06-18 12:34:02,365 | INFO |   Env | HO: 72.33% | Cont: 98.16% | Task: 84.84% | Resolved: 100.00% | Delay: 2.497s | Energy: 1770.68J | LB: 0.019
2026-06-18 12:34:02,365 | INFO |   Reward | D: -2163.88 | E: -7.16 | Q: 1926.00 | H: 9.26 | LB: 0.00 | Enq: 0.00 | Pen: -612.89
2026-06-18 12:34:38,853 | INFO | Update  251 | Steps: 257,024 | Episodes:   251 | EpReward:   -16.38 | FPS:     28 | Actor Loss: 0.0002 | Critic Loss: 0.0024
2026-06-18 12:34:38,854 | INFO |   Env | HO: 67.41% | Cont: 98.06% | Task: 82.93% | Resolved: 99.99% | Delay: 2.661s | Energy: 2065.05J | LB: 0.034
2026-06-18 12:34:38,854 | INFO |   Reward | D: -2242.07 | E: -7.38 | Q: 1733.20 | H: 9.24 | LB: 0.07 | Enq: 0.00 | Pen: -921.36
2026-06-18 12:35:16,074 | INFO | Update  252 | Steps: 258,048 | Episodes:   252 | EpReward:   -16.40 | FPS:     28 | Actor Loss: 0.0007 | Critic Loss: 0.0013
2026-06-18 12:35:16,074 | INFO |   Env | HO: 71.36% | Cont: 97.85% | Task: 83.69% | Resolved: 99.98% | Delay: 2.646s | Energy: 2034.45J | LB: 0.028
2026-06-18 12:35:16,074 | INFO |   Reward | D: -2213.38 | E: -7.44 | Q: 1816.80 | H: 8.94 | LB: 0.01 | Enq: 0.00 | Pen: -885.21
2026-06-18 12:35:51,532 | INFO | Update  253 | Steps: 259,072 | Episodes:   253 | EpReward:   -16.53 | FPS:     29 | Actor Loss: 0.0005 | Critic Loss: 0.0025
2026-06-18 12:35:51,532 | INFO |   Env | HO: 70.44% | Cont: 97.75% | Task: 83.47% | Resolved: 99.97% | Delay: 2.643s | Energy: 1975.68J | LB: 0.022
2026-06-18 12:35:51,532 | INFO |   Reward | D: -2199.34 | E: -7.29 | Q: 1774.40 | H: 8.78 | LB: 0.07 | Enq: 0.00 | Pen: -849.61
2026-06-18 12:36:32,433 | INFO | Update  254 | Steps: 260,096 | Episodes:   254 | EpReward:   -16.53 | FPS:     25 | Actor Loss: 0.0000 | Critic Loss: 0.0036
2026-06-18 12:36:32,433 | INFO |   Env | HO: 75.81% | Cont: 98.13% | Task: 82.44% | Resolved: 99.98% | Delay: 2.699s | Energy: 2158.40J | LB: 0.016
2026-06-18 12:36:32,433 | INFO |   Reward | D: -2293.23 | E: -7.48 | Q: 1710.00 | H: 8.83 | LB: 0.06 | Enq: 0.00 | Pen: -994.88
2026-06-18 12:37:18,266 | INFO | Update  255 | Steps: 261,120 | Episodes:   255 | EpReward:   -16.43 | FPS:     22 | Actor Loss: 0.0004 | Critic Loss: 0.0005
2026-06-18 12:37:18,266 | INFO |   Env | HO: 73.10% | Cont: 97.71% | Task: 84.28% | Resolved: 99.99% | Delay: 2.616s | Energy: 1936.49J | LB: 0.015
2026-06-18 12:37:18,266 | INFO |   Reward | D: -2174.59 | E: -7.23 | Q: 1863.60 | H: 8.92 | LB: 0.04 | Enq: 0.00 | Pen: -775.20
2026-06-18 12:38:04,970 | INFO | Update  256 | Steps: 262,144 | Episodes:   256 | EpReward:   -16.35 | FPS:     22 | Actor Loss: 0.0006 | Critic Loss: 0.0017
2026-06-18 12:38:04,970 | INFO |   Env | HO: 73.24% | Cont: 98.40% | Task: 82.04% | Resolved: 100.00% | Delay: 2.707s | Energy: 2162.23J | LB: 0.013
2026-06-18 12:38:04,970 | INFO |   Reward | D: -2274.54 | E: -7.47 | Q: 1645.20 | H: 6.43 | LB: 0.03 | Enq: 0.00 | Pen: -1024.66
2026-06-18 12:38:54,531 | INFO | Update  257 | Steps: 263,168 | Episodes:   257 | EpReward:   -16.24 | FPS:     21 | Actor Loss: -0.0007 | Critic Loss: 0.0023
2026-06-18 12:38:54,531 | INFO |   Env | HO: 79.35% | Cont: 98.46% | Task: 83.78% | Resolved: 99.99% | Delay: 2.593s | Energy: 1988.93J | LB: 0.027
2026-06-18 12:38:54,531 | INFO |   Reward | D: -2265.53 | E: -7.45 | Q: 1866.00 | H: 7.83 | LB: 0.04 | Enq: 0.00 | Pen: -804.59
2026-06-18 12:39:39,002 | INFO | Update  258 | Steps: 264,192 | Episodes:   258 | EpReward:   -16.20 | FPS:     23 | Actor Loss: 0.0005 | Critic Loss: 0.0071
2026-06-18 12:39:39,002 | INFO |   Env | HO: 73.60% | Cont: 98.51% | Task: 82.79% | Resolved: 100.00% | Delay: 2.688s | Energy: 2105.32J | LB: 0.030
2026-06-18 12:39:39,002 | INFO |   Reward | D: -2248.88 | E: -7.33 | Q: 1706.00 | H: 8.04 | LB: 0.06 | Enq: 0.00 | Pen: -945.60
2026-06-18 12:40:22,683 | INFO | Update  259 | Steps: 265,216 | Episodes:   259 | EpReward:   -16.29 | FPS:     23 | Actor Loss: 0.0007 | Critic Loss: 0.0085
2026-06-18 12:40:22,683 | INFO |   Env | HO: 70.89% | Cont: 98.58% | Task: 83.10% | Resolved: 100.00% | Delay: 2.667s | Energy: 2093.82J | LB: 0.037
2026-06-18 12:40:22,683 | INFO |   Reward | D: -2254.73 | E: -7.37 | Q: 1755.20 | H: 6.83 | LB: 0.00 | Enq: 0.00 | Pen: -964.54
2026-06-18 12:41:08,869 | INFO | Update  260 | Steps: 266,240 | Episodes:   260 | EpReward:   -16.17 | FPS:     22 | Actor Loss: 0.0009 | Critic Loss: 0.0024
2026-06-18 12:41:08,874 | INFO |   Env | HO: 73.89% | Cont: 98.02% | Task: 83.66% | Resolved: 99.93% | Delay: 2.639s | Energy: 2059.12J | LB: 0.022
2026-06-18 12:41:08,874 | INFO |   Reward | D: -2250.10 | E: -7.58 | Q: 1838.40 | H: 9.16 | LB: 0.04 | Enq: 0.00 | Pen: -884.09
2026-06-18 12:41:56,211 | INFO | Update  261 | Steps: 267,264 | Episodes:   261 | EpReward:   -16.05 | FPS:     22 | Actor Loss: 0.0008 | Critic Loss: 0.0013
2026-06-18 12:41:56,211 | INFO |   Env | HO: 72.12% | Cont: 97.42% | Task: 83.90% | Resolved: 99.98% | Delay: 2.526s | Energy: 1806.97J | LB: 0.030
2026-06-18 12:41:56,211 | INFO |   Reward | D: -2207.68 | E: -7.31 | Q: 1860.40 | H: 10.00 | LB: 0.04 | Enq: 0.00 | Pen: -644.20
2026-06-18 12:42:39,783 | INFO | Update  262 | Steps: 268,288 | Episodes:   262 | EpReward:   -16.08 | FPS:     24 | Actor Loss: 0.0004 | Critic Loss: 0.0057
2026-06-18 12:42:39,783 | INFO |   Env | HO: 70.91% | Cont: 98.20% | Task: 83.06% | Resolved: 99.98% | Delay: 2.660s | Energy: 2083.01J | LB: 0.027
2026-06-18 12:42:39,783 | INFO |   Reward | D: -2269.01 | E: -7.50 | Q: 1761.60 | H: 9.49 | LB: 0.19 | Enq: 0.00 | Pen: -927.45
2026-06-18 12:43:38,685 | INFO | Update  263 | Steps: 269,312 | Episodes:   263 | EpReward:   -16.04 | FPS:     17 | Actor Loss: 0.0006 | Critic Loss: 0.0057
2026-06-18 12:43:38,685 | INFO |   Env | HO: 73.17% | Cont: 98.13% | Task: 84.07% | Resolved: 99.94% | Delay: 2.611s | Energy: 1930.94J | LB: 0.033
2026-06-18 12:43:38,685 | INFO |   Reward | D: -2196.70 | E: -7.18 | Q: 1845.20 | H: 10.91 | LB: 0.24 | Enq: 0.00 | Pen: -792.76
2026-06-18 12:44:30,911 | INFO | Update  264 | Steps: 270,336 | Episodes:   264 | EpReward:   -16.05 | FPS:     20 | Actor Loss: 0.0002 | Critic Loss: 0.0044
2026-06-18 12:44:30,911 | INFO |   Env | HO: 72.49% | Cont: 98.43% | Task: 83.43% | Resolved: 99.97% | Delay: 2.675s | Energy: 2109.62J | LB: 0.021
2026-06-18 12:44:30,911 | INFO |   Reward | D: -2277.58 | E: -7.46 | Q: 1804.40 | H: 10.10 | LB: 0.04 | Enq: 0.00 | Pen: -919.69
2026-06-18 12:45:25,172 | INFO | Update  265 | Steps: 271,360 | Episodes:   265 | EpReward:   -15.87 | FPS:     19 | Actor Loss: 0.0005 | Critic Loss: 0.0025
2026-06-18 12:45:25,172 | INFO |   Env | HO: 77.33% | Cont: 97.87% | Task: 84.20% | Resolved: 99.95% | Delay: 2.541s | Energy: 1831.10J | LB: 0.019
2026-06-18 12:45:25,172 | INFO |   Reward | D: -2183.69 | E: -7.14 | Q: 1866.80 | H: 10.79 | LB: 0.08 | Enq: 0.00 | Pen: -685.06
2026-06-18 12:46:18,814 | INFO | Update  266 | Steps: 272,384 | Episodes:   266 | EpReward:   -15.84 | FPS:     19 | Actor Loss: -0.0002 | Critic Loss: 0.0042
2026-06-18 12:46:18,814 | INFO |   Env | HO: 75.12% | Cont: 97.77% | Task: 82.94% | Resolved: 99.98% | Delay: 2.615s | Energy: 1981.72J | LB: 0.025
2026-06-18 12:46:18,814 | INFO |   Reward | D: -2205.31 | E: -7.35 | Q: 1739.60 | H: 9.23 | LB: 0.07 | Enq: 0.00 | Pen: -809.15
2026-06-18 12:46:56,940 | INFO | Update  267 | Steps: 273,408 | Episodes:   267 | EpReward:   -15.83 | FPS:     27 | Actor Loss: 0.0005 | Critic Loss: 0.0038
2026-06-18 12:46:56,940 | INFO |   Env | HO: 81.66% | Cont: 98.38% | Task: 82.84% | Resolved: 99.99% | Delay: 2.646s | Energy: 2054.60J | LB: 0.019
2026-06-18 12:46:56,940 | INFO |   Reward | D: -2253.97 | E: -7.42 | Q: 1738.00 | H: 8.61 | LB: 0.10 | Enq: 0.00 | Pen: -900.97
2026-06-18 12:47:32,182 | INFO | Update  268 | Steps: 274,432 | Episodes:   268 | EpReward:   -16.04 | FPS:     29 | Actor Loss: 0.0010 | Critic Loss: 0.0033
2026-06-18 12:47:32,182 | INFO |   Env | HO: 70.71% | Cont: 98.19% | Task: 82.15% | Resolved: 100.00% | Delay: 2.676s | Energy: 2082.15J | LB: 0.022
2026-06-18 12:47:32,182 | INFO |   Reward | D: -2262.17 | E: -7.38 | Q: 1650.80 | H: 8.68 | LB: 0.03 | Enq: 0.00 | Pen: -989.04
2026-06-18 12:48:20,297 | INFO | Update  269 | Steps: 275,456 | Episodes:   269 | EpReward:   -15.82 | FPS:     21 | Actor Loss: 0.0002 | Critic Loss: 0.0030
2026-06-18 12:48:20,298 | INFO |   Env | HO: 76.60% | Cont: 98.37% | Task: 85.12% | Resolved: 99.96% | Delay: 2.511s | Energy: 1824.68J | LB: 0.028
2026-06-18 12:48:20,298 | INFO |   Reward | D: -2217.63 | E: -7.25 | Q: 1998.00 | H: 9.04 | LB: 0.04 | Enq: 0.00 | Pen: -648.04
2026-06-18 12:49:09,968 | INFO | Update  270 | Steps: 276,480 | Episodes:   270 | EpReward:   -15.77 | FPS:     21 | Actor Loss: 0.0001 | Critic Loss: 0.0016
2026-06-18 12:49:09,968 | INFO |   Env | HO: 77.12% | Cont: 98.70% | Task: 84.15% | Resolved: 99.97% | Delay: 2.643s | Energy: 2040.05J | LB: 0.015
2026-06-18 12:49:09,968 | INFO |   Reward | D: -2229.80 | E: -7.33 | Q: 1857.60 | H: 7.29 | LB: 0.07 | Enq: 0.00 | Pen: -893.45
2026-06-18 12:49:59,260 | INFO | Update  271 | Steps: 277,504 | Episodes:   271 | EpReward:   -15.78 | FPS:     21 | Actor Loss: 0.0001 | Critic Loss: 0.0028
2026-06-18 12:49:59,261 | INFO |   Env | HO: 79.58% | Cont: 98.51% | Task: 82.39% | Resolved: 99.99% | Delay: 2.718s | Energy: 2204.22J | LB: 0.024
2026-06-18 12:49:59,261 | INFO |   Reward | D: -2286.31 | E: -7.50 | Q: 1696.40 | H: 6.99 | LB: 0.01 | Enq: 0.00 | Pen: -1047.11
2026-06-18 12:50:32,886 | INFO | Update  272 | Steps: 278,528 | Episodes:   272 | EpReward:   -15.72 | FPS:     30 | Actor Loss: 0.0008 | Critic Loss: 0.0033
2026-06-18 12:50:32,886 | INFO |   Env | HO: 79.57% | Cont: 98.49% | Task: 81.87% | Resolved: 99.99% | Delay: 2.726s | Energy: 2173.52J | LB: 0.024
2026-06-18 12:50:32,886 | INFO |   Reward | D: -2292.78 | E: -7.28 | Q: 1626.40 | H: 9.22 | LB: 0.10 | Enq: 0.00 | Pen: -1058.81
2026-06-18 12:51:23,893 | INFO | Update  273 | Steps: 279,552 | Episodes:   273 | EpReward:   -15.70 | FPS:     20 | Actor Loss: 0.0001 | Critic Loss: 0.0014
2026-06-18 12:51:23,893 | INFO |   Env | HO: 69.65% | Cont: 97.80% | Task: 83.34% | Resolved: 99.96% | Delay: 2.574s | Energy: 1877.96J | LB: 0.020
2026-06-18 12:51:23,894 | INFO |   Reward | D: -2215.19 | E: -7.17 | Q: 1787.60 | H: 8.62 | LB: 0.05 | Enq: 0.00 | Pen: -772.90
2026-06-18 12:52:14,088 | INFO | Update  274 | Steps: 280,576 | Episodes:   274 | EpReward:   -15.61 | FPS:     20 | Actor Loss: 0.0007 | Critic Loss: 0.0019
2026-06-18 12:52:14,088 | INFO |   Env | HO: 74.74% | Cont: 98.46% | Task: 83.40% | Resolved: 100.00% | Delay: 2.649s | Energy: 2051.09J | LB: 0.029
2026-06-18 12:52:14,088 | INFO |   Reward | D: -2276.06 | E: -7.37 | Q: 1812.40 | H: 8.77 | LB: 0.04 | Enq: 0.00 | Pen: -893.86
2026-06-18 12:53:05,183 | INFO | Update  275 | Steps: 281,600 | Episodes:   275 | EpReward:   -15.62 | FPS:     20 | Actor Loss: 0.0001 | Critic Loss: 0.0029
2026-06-18 12:53:05,184 | INFO |   Env | HO: 69.66% | Cont: 98.41% | Task: 83.06% | Resolved: 100.00% | Delay: 2.681s | Energy: 2144.08J | LB: 0.033
2026-06-18 12:53:05,184 | INFO |   Reward | D: -2291.02 | E: -7.62 | Q: 1777.20 | H: 7.61 | LB: 0.01 | Enq: 0.00 | Pen: -992.13
2026-06-18 12:53:48,701 | INFO | Update  276 | Steps: 282,624 | Episodes:   276 | EpReward:   -15.54 | FPS:     24 | Actor Loss: 0.0010 | Critic Loss: 0.0045
2026-06-18 12:53:48,702 | INFO |   Env | HO: 80.81% | Cont: 97.21% | Task: 84.71% | Resolved: 99.98% | Delay: 2.538s | Energy: 1774.30J | LB: 0.035
2026-06-18 12:53:48,702 | INFO |   Reward | D: -2143.01 | E: -7.13 | Q: 1911.20 | H: 13.23 | LB: 0.20 | Enq: 0.00 | Pen: -640.67
2026-06-18 12:54:38,094 | INFO | Update  277 | Steps: 283,648 | Episodes:   277 | EpReward:   -15.62 | FPS:     21 | Actor Loss: 0.0002 | Critic Loss: 0.0026
2026-06-18 12:54:38,095 | INFO |   Env | HO: 65.48% | Cont: 98.18% | Task: 82.81% | Resolved: 99.95% | Delay: 2.660s | Energy: 2003.16J | LB: 0.029
2026-06-18 12:54:38,095 | INFO |   Reward | D: -2235.67 | E: -7.10 | Q: 1711.60 | H: 7.92 | LB: 0.05 | Enq: 0.00 | Pen: -924.06
2026-06-18 12:55:36,399 | INFO | Update  278 | Steps: 284,672 | Episodes:   278 | EpReward:   -15.61 | FPS:     18 | Actor Loss: -0.0003 | Critic Loss: 0.0027
2026-06-18 12:55:36,399 | INFO |   Env | HO: 78.41% | Cont: 97.82% | Task: 82.42% | Resolved: 100.00% | Delay: 2.666s | Energy: 2053.78J | LB: 0.023
2026-06-18 12:55:36,399 | INFO |   Reward | D: -2262.34 | E: -7.38 | Q: 1716.00 | H: 8.56 | LB: 0.03 | Enq: 0.00 | Pen: -929.00
2026-06-18 12:56:17,846 | INFO | Update  279 | Steps: 285,696 | Episodes:   279 | EpReward:   -15.67 | FPS:     25 | Actor Loss: 0.0004 | Critic Loss: 0.0012
2026-06-18 12:56:17,851 | INFO |   Env | HO: 74.19% | Cont: 97.51% | Task: 83.41% | Resolved: 99.93% | Delay: 2.589s | Energy: 1908.46J | LB: 0.020
2026-06-18 12:56:17,851 | INFO |   Reward | D: -2207.63 | E: -7.23 | Q: 1794.40 | H: 8.53 | LB: 0.10 | Enq: 0.00 | Pen: -763.68
2026-06-18 12:56:58,205 | INFO | Update  280 | Steps: 286,720 | Episodes:   280 | EpReward:   -15.64 | FPS:     25 | Actor Loss: 0.0006 | Critic Loss: 0.0010
2026-06-18 12:56:58,205 | INFO |   Env | HO: 82.42% | Cont: 98.16% | Task: 83.93% | Resolved: 99.98% | Delay: 2.569s | Energy: 1900.76J | LB: 0.026
2026-06-18 12:56:58,205 | INFO |   Reward | D: -2221.63 | E: -7.28 | Q: 1862.00 | H: 9.20 | LB: 0.05 | Enq: 0.00 | Pen: -746.78
2026-06-18 12:57:46,155 | INFO | Update  281 | Steps: 287,744 | Episodes:   281 | EpReward:   -15.67 | FPS:     21 | Actor Loss: 0.0001 | Critic Loss: 0.0020
2026-06-18 12:57:46,156 | INFO |   Env | HO: 73.57% | Cont: 98.71% | Task: 82.10% | Resolved: 99.98% | Delay: 2.742s | Energy: 2268.01J | LB: 0.016
2026-06-18 12:57:46,156 | INFO |   Reward | D: -2329.25 | E: -7.52 | Q: 1675.20 | H: 6.41 | LB: 0.00 | Enq: 0.00 | Pen: -1161.73
2026-06-18 12:58:37,891 | INFO | Update  282 | Steps: 288,768 | Episodes:   282 | EpReward:   -15.80 | FPS:     20 | Actor Loss: 0.0002 | Critic Loss: 0.0015
2026-06-18 12:58:37,891 | INFO |   Env | HO: 72.85% | Cont: 98.27% | Task: 82.79% | Resolved: 99.98% | Delay: 2.669s | Energy: 2065.28J | LB: 0.026
2026-06-18 12:58:37,891 | INFO |   Reward | D: -2210.57 | E: -7.30 | Q: 1716.00 | H: 6.72 | LB: 0.03 | Enq: 0.00 | Pen: -935.24
2026-06-18 12:59:14,890 | INFO | Update  283 | Steps: 289,792 | Episodes:   283 | EpReward:   -15.78 | FPS:     28 | Actor Loss: 0.0006 | Critic Loss: 0.0035
2026-06-18 12:59:14,890 | INFO |   Env | HO: 72.48% | Cont: 98.43% | Task: 83.13% | Resolved: 99.99% | Delay: 2.684s | Energy: 2121.29J | LB: 0.035
2026-06-18 12:59:14,890 | INFO |   Reward | D: -2273.81 | E: -7.46 | Q: 1779.20 | H: 6.56 | LB: 0.08 | Enq: 0.00 | Pen: -968.93
2026-06-18 12:59:54,561 | INFO | Update  284 | Steps: 290,816 | Episodes:   284 | EpReward:   -15.82 | FPS:     26 | Actor Loss: 0.0007 | Critic Loss: 0.0093
2026-06-18 12:59:54,562 | INFO |   Env | HO: 76.87% | Cont: 98.41% | Task: 82.83% | Resolved: 100.00% | Delay: 2.703s | Energy: 2145.92J | LB: 0.021
2026-06-18 12:59:54,562 | INFO |   Reward | D: -2258.52 | E: -7.47 | Q: 1737.20 | H: 7.02 | LB: 0.03 | Enq: 0.00 | Pen: -1002.95
2026-06-18 13:00:33,145 | INFO | Update  285 | Steps: 291,840 | Episodes:   285 | EpReward:   -15.96 | FPS:     27 | Actor Loss: 0.0006 | Critic Loss: 0.0073
2026-06-18 13:00:33,146 | INFO |   Env | HO: 77.60% | Cont: 98.57% | Task: 81.90% | Resolved: 99.99% | Delay: 2.700s | Energy: 2203.93J | LB: 0.012
2026-06-18 13:00:33,146 | INFO |   Reward | D: -2316.23 | E: -7.46 | Q: 1664.40 | H: 5.96 | LB: 0.04 | Enq: 0.00 | Pen: -1103.43
2026-06-18 13:01:10,403 | INFO | Update  286 | Steps: 292,864 | Episodes:   286 | EpReward:   -16.08 | FPS:     27 | Actor Loss: 0.0002 | Critic Loss: 0.0047
2026-06-18 13:01:10,403 | INFO |   Env | HO: 65.28% | Cont: 98.67% | Task: 81.84% | Resolved: 100.00% | Delay: 2.743s | Energy: 2224.27J | LB: 0.018
2026-06-18 13:01:10,403 | INFO |   Reward | D: -2308.25 | E: -7.46 | Q: 1627.20 | H: 5.75 | LB: 0.04 | Enq: 0.00 | Pen: -1115.83
2026-06-18 13:02:01,263 | INFO | Update  287 | Steps: 293,888 | Episodes:   287 | EpReward:   -16.24 | FPS:     20 | Actor Loss: 0.0002 | Critic Loss: 0.0016
2026-06-18 13:02:01,264 | INFO |   Env | HO: 65.96% | Cont: 98.71% | Task: 83.04% | Resolved: 100.00% | Delay: 2.698s | Energy: 2140.31J | LB: 0.015
2026-06-18 13:02:01,264 | INFO |   Reward | D: -2242.25 | E: -7.36 | Q: 1732.80 | H: 5.67 | LB: -0.00 | Enq: 0.00 | Pen: -1041.61
2026-06-18 13:02:58,300 | INFO | Update  288 | Steps: 294,912 | Episodes:   288 | EpReward:   -16.23 | FPS:     18 | Actor Loss: 0.0002 | Critic Loss: 0.0023
2026-06-18 13:02:58,301 | INFO |   Env | HO: 76.43% | Cont: 98.21% | Task: 82.83% | Resolved: 100.00% | Delay: 2.605s | Energy: 2042.80J | LB: 0.019
2026-06-18 13:02:58,301 | INFO |   Reward | D: -2279.12 | E: -7.53 | Q: 1770.80 | H: 7.28 | LB: 0.03 | Enq: 0.00 | Pen: -868.23
2026-06-18 13:03:56,323 | INFO | Update  289 | Steps: 295,936 | Episodes:   289 | EpReward:   -16.19 | FPS:     18 | Actor Loss: 0.0002 | Critic Loss: 0.0009
2026-06-18 13:03:56,323 | INFO |   Env | HO: 74.83% | Cont: 97.79% | Task: 82.69% | Resolved: 99.94% | Delay: 2.679s | Energy: 2116.75J | LB: 0.016
2026-06-18 13:03:56,323 | INFO |   Reward | D: -2265.78 | E: -7.53 | Q: 1742.80 | H: 6.71 | LB: 0.00 | Enq: 0.00 | Pen: -978.09
2026-06-18 13:04:34,890 | INFO | Update  290 | Steps: 296,960 | Episodes:   290 | EpReward:   -16.13 | FPS:     27 | Actor Loss: 0.0005 | Critic Loss: 0.0009
2026-06-18 13:04:34,890 | INFO |   Env | HO: 77.39% | Cont: 97.66% | Task: 83.77% | Resolved: 100.00% | Delay: 2.534s | Energy: 1823.47J | LB: 0.018
2026-06-18 13:04:34,890 | INFO |   Reward | D: -2181.93 | E: -7.19 | Q: 1820.80 | H: 9.46 | LB: 0.02 | Enq: 0.00 | Pen: -667.73
2026-06-18 13:05:12,870 | INFO | Update  291 | Steps: 297,984 | Episodes:   291 | EpReward:   -16.10 | FPS:     27 | Actor Loss: 0.0013 | Critic Loss: 0.0018
2026-06-18 13:05:12,874 | INFO |   Env | HO: 72.26% | Cont: 98.77% | Task: 82.89% | Resolved: 99.98% | Delay: 2.699s | Energy: 2177.19J | LB: 0.019
2026-06-18 13:05:12,874 | INFO |   Reward | D: -2267.68 | E: -7.42 | Q: 1731.60 | H: 6.09 | LB: 0.03 | Enq: 0.00 | Pen: -1066.30
2026-06-18 13:06:10,902 | INFO | Update  292 | Steps: 299,008 | Episodes:   292 | EpReward:   -16.05 | FPS:     18 | Actor Loss: 0.0005 | Critic Loss: 0.0020
2026-06-18 13:06:10,907 | INFO |   Env | HO: 70.70% | Cont: 98.32% | Task: 83.86% | Resolved: 99.99% | Delay: 2.631s | Energy: 2035.75J | LB: 0.025
2026-06-18 13:06:10,907 | INFO |   Reward | D: -2232.47 | E: -7.48 | Q: 1847.20 | H: 6.94 | LB: 0.07 | Enq: 0.00 | Pen: -885.15
2026-06-18 13:07:02,941 | INFO | Update  293 | Steps: 300,032 | Episodes:   293 | EpReward:   -16.13 | FPS:     20 | Actor Loss: 0.0007 | Critic Loss: 0.0023
2026-06-18 13:07:02,942 | INFO |   Env | HO: 75.00% | Cont: 98.69% | Task: 81.61% | Resolved: 99.98% | Delay: 2.764s | Energy: 2276.45J | LB: 0.017
2026-06-18 13:07:02,942 | INFO |   Reward | D: -2307.49 | E: -7.42 | Q: 1602.00 | H: 6.34 | LB: 0.01 | Enq: 0.00 | Pen: -1192.67
2026-06-18 13:07:02,942 | INFO | ----------------------------------------
2026-06-18 13:07:02,942 | INFO | 开始评估...
2026-06-18 13:07:50,544 | INFO | 评估结果: 奖励 = -39.39 ± 5.43, 长度 = 600, 时延 = 2.847s, 能耗 = 4274.70J, 负载均衡 = 0.017
2026-06-18 13:07:50,544 | INFO | ----------------------------------------
2026-06-18 13:07:50,578 | INFO | 模型已保存: /home/pjpjq/LEO_switch/results/full_train_latency_priority_multiuser_u25_multiuser_6_7/checkpoint_300032.pt
2026-06-18 13:07:50,578 | INFO | ============================================================
2026-06-18 13:07:50,578 | INFO | 训练完成!
2026-06-18 13:07:50,578 | INFO |   总时间: 3.80 小时
2026-06-18 13:07:50,578 | INFO |   总步数: 300,032
2026-06-18 13:07:50,578 | INFO |   总episode: 293
2026-06-18 13:07:50,578 | INFO |   最佳奖励: -32.94
2026-06-18 13:07:50,579 | INFO |   最佳模型指标: average delay = -2.7921
2026-06-18 13:07:50,579 | INFO | ============================================================
2026-06-18 13:07:50,611 | INFO | 模型已保存: /home/pjpjq/LEO_switch/results/full_train_latency_priority_multiuser_u25_multiuser_6_7/final_model.pt
2026-06-18 13:07:50,665 | INFO | 训练历史已保存: /home/pjpjq/LEO_switch/results/full_train_latency_priority_multiuser_u25_multiuser_6_7/training_history.json
