
$ /home/pjpjq/miniconda3/envs/satellite.env/bin/python scripts/train.py --exp_name han_mappo_latency_priority_multiuser_u30 --algorithm mappo --seed 42 --device cuda --num_users 30 --total_timesteps 300000 --max_steps 600 --n_steps 1024 --eval_interval 50000 --eval_episodes 3 --save_interval 100000 --graph_update_interval 1 --log_interval 1 --best-model-metric avg_delay --save_path /home/pjpjq/LEO_switch/results/full_train_latency_priority_multiuser_u30_multiuser_6_7 --log_path /home/pjpjq/LEO_switch/results/logs
2026-06-08 14:19:42,755 | INFO | 初始化环境...
2026-06-08 14:19:42,759 | INFO |   - 原始观测维度: 73
2026-06-08 14:19:42,759 | INFO |   - HAN嵌入维度: 64
2026-06-08 14:19:42,759 | INFO |   - 拼接后观测维度: 142 (raw 73 + HAN 64 + rvt_warning 1 + task 4)
2026-06-08 14:19:42,759 | INFO |   - 全局状态维度: 4260
2026-06-08 14:19:42,759 | INFO | 初始化图构建器...
2026-06-08 14:19:42,759 | INFO | 初始化HAN编码器...
2026-06-08 14:19:43,069 | INFO |   - HAN参数量: 772,032
2026-06-08 14:19:43,073 | INFO | 初始化MAPPO...
2026-06-08 14:19:48,976 | INFO |   - Actor参数量: 103,694
2026-06-08 14:19:48,976 | INFO |   - Critic参数量: 192,513
2026-06-08 14:19:48,976 | INFO | 初始化经验缓冲区...
2026-06-08 14:19:48,978 | INFO | 训练器初始化完成，设备: cuda
2026-06-08 14:19:48,978 | INFO | 环境: 30 用户, 66 卫星
2026-06-08 14:19:48,978 | INFO | ============================================================
2026-06-08 14:19:48,978 | INFO | 开始训练
2026-06-08 14:19:48,978 | INFO |   总步数: 300,000
2026-06-08 14:19:48,978 | INFO |   每轮步数: 1024
2026-06-08 14:19:48,978 | INFO |   图更新间隔: 1
2026-06-08 14:19:48,978 | INFO |   评估episodes: 3
2026-06-08 14:19:48,978 | INFO |   设备: cuda
2026-06-08 14:19:48,978 | INFO | ============================================================
2026-06-08 14:20:47,708 | INFO | Update    1 | Steps:   1,024 | Episodes:     1 | EpReward:  -122.83 | FPS:     17 | Actor Loss: -0.0017 | Critic Loss: 1.0639
2026-06-08 14:20:47,709 | INFO |   Env | HO: 67.65% | Cont: 64.44% | Task: 53.73% | Resolved: 99.72% | Delay: 3.506s | Energy: 2319.92J | LB: 0.003
2026-06-08 14:20:47,709 | INFO |   Reward | D: -2181.27 | E: -7.30 | Q: -1668.40 | H: 75.00 | LB: 0.19 | Enq: 0.00 | Pen: -1681.45
2026-06-08 14:22:02,977 | INFO | Update    2 | Steps:   2,048 | Episodes:     2 | EpReward:  -113.47 | FPS:     14 | Actor Loss: -0.0024 | Critic Loss: 0.5846
2026-06-08 14:22:02,978 | INFO |   Env | HO: 69.02% | Cont: 71.67% | Task: 59.31% | Resolved: 99.89% | Delay: 3.397s | Energy: 2653.28J | LB: 0.006
2026-06-08 14:22:02,978 | INFO |   Reward | D: -2468.56 | E: -8.03 | Q: -951.60 | H: 95.34 | LB: 0.11 | Enq: 0.00 | Pen: -1758.78
2026-06-08 14:22:57,090 | INFO | Update    3 | Steps:   3,072 | Episodes:     3 | EpReward:  -110.22 | FPS:     19 | Actor Loss: -0.0024 | Critic Loss: 0.7569
2026-06-08 14:22:57,090 | INFO |   Env | HO: 73.62% | Cont: 76.08% | Task: 63.00% | Resolved: 99.92% | Delay: 3.273s | Energy: 2581.11J | LB: 0.002
2026-06-08 14:22:57,090 | INFO |   Reward | D: -2451.90 | E: -8.22 | Q: -468.00 | H: 82.72 | LB: 0.20 | Enq: 0.00 | Pen: -1564.82
2026-06-08 14:23:45,399 | INFO | Update    4 | Steps:   4,096 | Episodes:     4 | EpReward:  -102.38 | FPS:     21 | Actor Loss: -0.0028 | Critic Loss: 0.4812
2026-06-08 14:23:45,399 | INFO |   Env | HO: 69.51% | Cont: 77.29% | Task: 66.45% | Resolved: 99.81% | Delay: 3.175s | Energy: 2513.96J | LB: 0.003
2026-06-08 14:23:45,399 | INFO |   Reward | D: -2440.42 | E: -8.68 | Q: -27.60 | H: 67.84 | LB: 0.13 | Enq: 0.00 | Pen: -1335.39
2026-06-08 14:24:38,409 | INFO | Update    5 | Steps:   5,120 | Episodes:     5 | EpReward:   -97.14 | FPS:     19 | Actor Loss: -0.0031 | Critic Loss: 0.3473
2026-06-08 14:24:38,410 | INFO |   Env | HO: 68.88% | Cont: 80.25% | Task: 67.33% | Resolved: 99.88% | Delay: 3.171s | Energy: 2657.93J | LB: 0.013
2026-06-08 14:24:38,410 | INFO |   Reward | D: -2571.88 | E: -8.67 | Q: 85.60 | H: 74.55 | LB: 0.19 | Enq: 0.00 | Pen: -1472.41
2026-06-08 14:25:44,650 | INFO | Update    6 | Steps:   6,144 | Episodes:     6 | EpReward:   -94.34 | FPS:     15 | Actor Loss: -0.0023 | Critic Loss: 0.3384
2026-06-08 14:25:44,650 | INFO |   Env | HO: 67.36% | Cont: 83.70% | Task: 69.96% | Resolved: 99.89% | Delay: 3.187s | Energy: 2955.00J | LB: 0.015
2026-06-08 14:25:44,650 | INFO |   Reward | D: -2723.95 | E: -9.12 | Q: 420.40 | H: 81.47 | LB: 0.22 | Enq: 0.00 | Pen: -1701.14
2026-06-08 14:26:55,750 | INFO | Update    7 | Steps:   7,168 | Episodes:     7 | EpReward:   -91.35 | FPS:     14 | Actor Loss: -0.0015 | Critic Loss: 0.2050
2026-06-08 14:26:55,750 | INFO |   Env | HO: 68.35% | Cont: 85.84% | Task: 72.26% | Resolved: 99.94% | Delay: 3.093s | Energy: 2953.62J | LB: 0.019
2026-06-08 14:26:55,750 | INFO |   Reward | D: -2758.98 | E: -9.44 | Q: 725.60 | H: 71.94 | LB: 0.05 | Enq: 0.00 | Pen: -1617.67
2026-06-08 14:28:06,999 | INFO | Update    8 | Steps:   8,192 | Episodes:     8 | EpReward:   -88.57 | FPS:     14 | Actor Loss: -0.0019 | Critic Loss: 0.1202
2026-06-08 14:28:06,999 | INFO |   Env | HO: 69.31% | Cont: 86.13% | Task: 72.00% | Resolved: 99.88% | Delay: 3.067s | Energy: 2862.80J | LB: 0.020
2026-06-08 14:28:06,999 | INFO |   Reward | D: -2759.00 | E: -9.41 | Q: 694.00 | H: 62.32 | LB: 0.12 | Enq: 0.00 | Pen: -1450.19
2026-06-08 14:29:08,173 | INFO | Update    9 | Steps:   9,216 | Episodes:     9 | EpReward:   -86.17 | FPS:     17 | Actor Loss: -0.0016 | Critic Loss: 0.0677
2026-06-08 14:29:08,173 | INFO |   Env | HO: 66.23% | Cont: 87.82% | Task: 74.30% | Resolved: 99.87% | Delay: 3.016s | Energy: 2869.91J | LB: 0.021
2026-06-08 14:29:08,173 | INFO |   Reward | D: -2714.43 | E: -9.69 | Q: 985.60 | H: 54.07 | LB: 0.07 | Enq: 0.00 | Pen: -1366.09
2026-06-08 14:30:00,939 | INFO | Update   10 | Steps:  10,240 | Episodes:    10 | EpReward:   -81.75 | FPS:     19 | Actor Loss: -0.0017 | Critic Loss: 0.0524
2026-06-08 14:30:00,939 | INFO |   Env | HO: 68.65% | Cont: 89.33% | Task: 75.09% | Resolved: 99.98% | Delay: 2.952s | Energy: 2758.01J | LB: 0.024
2026-06-08 14:30:00,939 | INFO |   Reward | D: -2709.91 | E: -9.46 | Q: 1086.00 | H: 52.19 | LB: 0.10 | Enq: 0.00 | Pen: -1241.79
2026-06-08 14:30:53,807 | INFO | Update   11 | Steps:  11,264 | Episodes:    11 | EpReward:   -78.73 | FPS:     19 | Actor Loss: -0.0011 | Critic Loss: 0.0433
2026-06-08 14:30:53,807 | INFO |   Env | HO: 68.37% | Cont: 92.02% | Task: 75.86% | Resolved: 99.97% | Delay: 2.954s | Energy: 2959.44J | LB: 0.020
2026-06-08 14:30:53,807 | INFO |   Reward | D: -2821.24 | E: -9.82 | Q: 1198.40 | H: 38.84 | LB: 0.05 | Enq: 0.00 | Pen: -1317.48
2026-06-08 14:31:44,128 | INFO | Update   12 | Steps:  12,288 | Episodes:    12 | EpReward:   -75.39 | FPS:     20 | Actor Loss: -0.0009 | Critic Loss: 0.0190
2026-06-08 14:31:44,129 | INFO |   Env | HO: 71.00% | Cont: 93.46% | Task: 78.02% | Resolved: 99.95% | Delay: 2.864s | Energy: 2825.65J | LB: 0.020
2026-06-08 14:31:44,129 | INFO |   Reward | D: -2769.70 | E: -9.83 | Q: 1464.00 | H: 37.59 | LB: 0.13 | Enq: 0.00 | Pen: -1078.65
2026-06-08 14:32:44,941 | INFO | Update   13 | Steps:  13,312 | Episodes:    13 | EpReward:   -73.22 | FPS:     17 | Actor Loss: -0.0009 | Critic Loss: 0.0171
2026-06-08 14:32:44,941 | INFO |   Env | HO: 70.88% | Cont: 94.00% | Task: 77.80% | Resolved: 99.99% | Delay: 2.927s | Energy: 2937.18J | LB: 0.026
2026-06-08 14:32:44,941 | INFO |   Reward | D: -2755.26 | E: -9.95 | Q: 1435.60 | H: 27.95 | LB: 0.02 | Enq: 0.00 | Pen: -1256.46
2026-06-08 14:33:27,837 | INFO | Update   14 | Steps:  14,336 | Episodes:    14 | EpReward:   -71.76 | FPS:     24 | Actor Loss: -0.0009 | Critic Loss: 0.0253
2026-06-08 14:33:27,837 | INFO |   Env | HO: 67.81% | Cont: 94.57% | Task: 77.03% | Resolved: 99.98% | Delay: 2.942s | Energy: 3013.32J | LB: 0.017
2026-06-08 14:33:27,837 | INFO |   Reward | D: -2827.08 | E: -9.76 | Q: 1330.00 | H: 30.19 | LB: 0.11 | Enq: 0.00 | Pen: -1438.38
2026-06-08 14:34:27,781 | INFO | Update   15 | Steps:  15,360 | Episodes:    15 | EpReward:   -70.11 | FPS:     17 | Actor Loss: -0.0003 | Critic Loss: 0.0119
2026-06-08 14:34:27,782 | INFO |   Env | HO: 69.16% | Cont: 95.50% | Task: 78.48% | Resolved: 99.93% | Delay: 2.949s | Energy: 3107.87J | LB: 0.018
2026-06-08 14:34:27,782 | INFO |   Reward | D: -2852.80 | E: -9.99 | Q: 1522.80 | H: 31.09 | LB: 0.04 | Enq: 0.00 | Pen: -1492.68
2026-06-08 14:35:24,986 | INFO | Update   16 | Steps:  16,384 | Episodes:    16 | EpReward:   -68.25 | FPS:     18 | Actor Loss: -0.0004 | Critic Loss: 0.0066
2026-06-08 14:35:24,990 | INFO |   Env | HO: 66.61% | Cont: 94.97% | Task: 78.29% | Resolved: 99.91% | Delay: 2.949s | Energy: 3051.77J | LB: 0.025
2026-06-08 14:35:24,990 | INFO |   Reward | D: -2825.25 | E: -9.94 | Q: 1504.40 | H: 25.23 | LB: 0.17 | Enq: 0.00 | Pen: -1401.75
2026-06-08 14:36:19,440 | INFO | Update   17 | Steps:  17,408 | Episodes:    17 | EpReward:   -67.25 | FPS:     19 | Actor Loss: 0.0002 | Critic Loss: 0.0095
2026-06-08 14:36:19,440 | INFO |   Env | HO: 65.99% | Cont: 96.17% | Task: 77.39% | Resolved: 99.95% | Delay: 3.002s | Energy: 3247.39J | LB: 0.020
2026-06-08 14:36:19,440 | INFO |   Reward | D: -2916.77 | E: -9.92 | Q: 1391.60 | H: 22.52 | LB: 0.13 | Enq: 0.00 | Pen: -1709.65
2026-06-08 14:37:10,492 | INFO | Update   18 | Steps:  18,432 | Episodes:    18 | EpReward:   -64.82 | FPS:     20 | Actor Loss: -0.0007 | Critic Loss: 0.0063
2026-06-08 14:37:10,493 | INFO |   Env | HO: 69.47% | Cont: 95.30% | Task: 79.33% | Resolved: 99.98% | Delay: 2.836s | Energy: 2767.76J | LB: 0.039
2026-06-08 14:37:10,493 | INFO |   Reward | D: -2737.41 | E: -9.59 | Q: 1622.00 | H: 22.95 | LB: 0.04 | Enq: 0.00 | Pen: -1163.13
2026-06-08 14:38:11,680 | INFO | Update   19 | Steps:  19,456 | Episodes:    19 | EpReward:   -63.24 | FPS:     17 | Actor Loss: 0.0002 | Critic Loss: 0.0183
2026-06-08 14:38:11,681 | INFO |   Env | HO: 69.73% | Cont: 96.39% | Task: 79.58% | Resolved: 99.99% | Delay: 2.899s | Energy: 2955.52J | LB: 0.042
2026-06-08 14:38:11,681 | INFO |   Reward | D: -2785.57 | E: -9.75 | Q: 1636.40 | H: 21.20 | LB: 0.05 | Enq: 0.00 | Pen: -1347.85
2026-06-08 14:39:05,230 | INFO | Update   20 | Steps:  20,480 | Episodes:    20 | EpReward:   -62.09 | FPS:     19 | Actor Loss: -0.0006 | Critic Loss: 0.0111
2026-06-08 14:39:05,230 | INFO |   Env | HO: 68.65% | Cont: 95.75% | Task: 79.42% | Resolved: 99.96% | Delay: 2.866s | Energy: 2829.40J | LB: 0.021
2026-06-08 14:39:05,230 | INFO |   Reward | D: -2744.16 | E: -9.38 | Q: 1610.80 | H: 23.37 | LB: 0.04 | Enq: 0.00 | Pen: -1292.23
2026-06-08 14:39:54,259 | INFO | Update   21 | Steps:  21,504 | Episodes:    21 | EpReward:   -61.40 | FPS:     21 | Actor Loss: -0.0001 | Critic Loss: 0.0100
2026-06-08 14:39:54,259 | INFO |   Env | HO: 70.15% | Cont: 96.84% | Task: 78.84% | Resolved: 99.98% | Delay: 2.934s | Energy: 3110.61J | LB: 0.020
2026-06-08 14:39:54,259 | INFO |   Reward | D: -2857.52 | E: -9.62 | Q: 1564.40 | H: 23.13 | LB: 0.05 | Enq: 0.00 | Pen: -1637.07
2026-06-08 14:40:43,979 | INFO | Update   22 | Steps:  22,528 | Episodes:    22 | EpReward:   -59.91 | FPS:     21 | Actor Loss: -0.0006 | Critic Loss: 0.0058
2026-06-08 14:40:43,980 | INFO |   Env | HO: 69.77% | Cont: 97.11% | Task: 80.21% | Resolved: 99.96% | Delay: 2.865s | Energy: 2957.25J | LB: 0.033
2026-06-08 14:40:43,980 | INFO |   Reward | D: -2835.51 | E: -9.71 | Q: 1749.20 | H: 19.31 | LB: 0.02 | Enq: 0.00 | Pen: -1407.66
2026-06-08 14:41:35,941 | INFO | Update   23 | Steps:  23,552 | Episodes:    23 | EpReward:   -59.18 | FPS:     20 | Actor Loss: -0.0000 | Critic Loss: 0.0073
2026-06-08 14:41:35,941 | INFO |   Env | HO: 71.19% | Cont: 96.90% | Task: 77.88% | Resolved: 99.96% | Delay: 2.961s | Energy: 3138.42J | LB: 0.029
2026-06-08 14:41:35,941 | INFO |   Reward | D: -2890.90 | E: -9.69 | Q: 1450.40 | H: 18.96 | LB: 0.07 | Enq: 0.00 | Pen: -1645.86
2026-06-08 14:42:30,034 | INFO | Update   24 | Steps:  24,576 | Episodes:    24 | EpReward:   -58.60 | FPS:     19 | Actor Loss: -0.0004 | Critic Loss: 0.0077
2026-06-08 14:42:30,034 | INFO |   Env | HO: 71.01% | Cont: 97.58% | Task: 78.95% | Resolved: 99.98% | Delay: 2.957s | Energy: 3182.60J | LB: 0.018
2026-06-08 14:42:30,034 | INFO |   Reward | D: -2858.12 | E: -9.75 | Q: 1568.00 | H: 18.38 | LB: 0.07 | Enq: 0.00 | Pen: -1713.99
2026-06-08 14:43:17,986 | INFO | Update   25 | Steps:  25,600 | Episodes:    25 | EpReward:   -57.98 | FPS:     21 | Actor Loss: 0.0001 | Critic Loss: 0.0088
2026-06-08 14:43:17,990 | INFO |   Env | HO: 70.11% | Cont: 97.90% | Task: 79.61% | Resolved: 99.98% | Delay: 2.898s | Energy: 3062.88J | LB: 0.030
2026-06-08 14:43:17,991 | INFO |   Reward | D: -2884.24 | E: -9.63 | Q: 1677.20 | H: 15.84 | LB: 0.10 | Enq: 0.00 | Pen: -1561.50
2026-06-08 14:44:14,488 | INFO | Update   26 | Steps:  26,624 | Episodes:    26 | EpReward:   -57.12 | FPS:     18 | Actor Loss: -0.0003 | Critic Loss: 0.0045
2026-06-08 14:44:14,488 | INFO |   Env | HO: 70.91% | Cont: 96.98% | Task: 78.78% | Resolved: 99.95% | Delay: 2.933s | Energy: 3050.13J | LB: 0.023
2026-06-08 14:44:14,488 | INFO |   Reward | D: -2856.03 | E: -9.58 | Q: 1556.80 | H: 18.44 | LB: 0.06 | Enq: 0.00 | Pen: -1556.78
2026-06-08 14:45:11,074 | INFO | Update   27 | Steps:  27,648 | Episodes:    27 | EpReward:   -56.55 | FPS:     18 | Actor Loss: 0.0001 | Critic Loss: 0.0037
2026-06-08 14:45:11,074 | INFO |   Env | HO: 69.38% | Cont: 96.28% | Task: 79.11% | Resolved: 99.99% | Delay: 2.896s | Energy: 2944.07J | LB: 0.025
2026-06-08 14:45:11,074 | INFO |   Reward | D: -2815.97 | E: -9.53 | Q: 1602.40 | H: 22.40 | LB: 0.11 | Enq: 0.00 | Pen: -1489.06
2026-06-08 14:46:16,722 | INFO | Update   28 | Steps:  28,672 | Episodes:    28 | EpReward:   -55.65 | FPS:     16 | Actor Loss: 0.0003 | Critic Loss: 0.0046
2026-06-08 14:46:16,723 | INFO |   Env | HO: 71.79% | Cont: 97.92% | Task: 82.17% | Resolved: 99.98% | Delay: 2.770s | Energy: 2744.26J | LB: 0.034
2026-06-08 14:46:16,723 | INFO |   Reward | D: -2778.69 | E: -9.46 | Q: 1994.00 | H: 16.37 | LB: 0.03 | Enq: 0.00 | Pen: -1207.01
2026-06-08 14:47:18,615 | INFO | Update   29 | Steps:  29,696 | Episodes:    29 | EpReward:   -55.25 | FPS:     17 | Actor Loss: -0.0000 | Critic Loss: 0.0063
2026-06-08 14:47:18,616 | INFO |   Env | HO: 73.61% | Cont: 97.89% | Task: 79.15% | Resolved: 99.98% | Delay: 2.955s | Energy: 3147.67J | LB: 0.037
2026-06-08 14:47:18,616 | INFO |   Reward | D: -2884.94 | E: -9.45 | Q: 1610.80 | H: 13.31 | LB: 0.01 | Enq: 0.00 | Pen: -1750.60
2026-06-08 14:48:17,416 | INFO | Update   30 | Steps:  30,720 | Episodes:    30 | EpReward:   -54.89 | FPS:     17 | Actor Loss: -0.0000 | Critic Loss: 0.0084
2026-06-08 14:48:17,416 | INFO |   Env | HO: 65.43% | Cont: 97.23% | Task: 79.33% | Resolved: 100.00% | Delay: 2.886s | Energy: 2934.09J | LB: 0.032
2026-06-08 14:48:17,417 | INFO |   Reward | D: -2814.00 | E: -9.24 | Q: 1620.40 | H: 13.31 | LB: 0.04 | Enq: 0.00 | Pen: -1565.66
2026-06-08 14:49:11,828 | INFO | Update   31 | Steps:  31,744 | Episodes:    31 | EpReward:   -53.83 | FPS:     19 | Actor Loss: 0.0001 | Critic Loss: 0.0028
2026-06-08 14:49:11,829 | INFO |   Env | HO: 70.11% | Cont: 97.21% | Task: 79.81% | Resolved: 99.97% | Delay: 2.849s | Energy: 2867.96J | LB: 0.028
2026-06-08 14:49:11,829 | INFO |   Reward | D: -2801.82 | E: -9.43 | Q: 1700.40 | H: 12.21 | LB: 0.04 | Enq: 0.00 | Pen: -1435.24
2026-06-08 14:50:04,279 | INFO | Update   32 | Steps:  32,768 | Episodes:    32 | EpReward:   -52.96 | FPS:     20 | Actor Loss: -0.0004 | Critic Loss: 0.0069
2026-06-08 14:50:04,279 | INFO |   Env | HO: 70.53% | Cont: 97.09% | Task: 81.19% | Resolved: 100.00% | Delay: 2.777s | Energy: 2684.00J | LB: 0.028
2026-06-08 14:50:04,279 | INFO |   Reward | D: -2744.09 | E: -9.38 | Q: 1873.20 | H: 14.16 | LB: 0.09 | Enq: 0.00 | Pen: -1202.50
2026-06-08 14:50:57,189 | INFO | Update   33 | Steps:  33,792 | Episodes:    33 | EpReward:   -52.70 | FPS:     19 | Actor Loss: -0.0002 | Critic Loss: 0.0040
2026-06-08 14:50:57,189 | INFO |   Env | HO: 68.20% | Cont: 98.08% | Task: 79.29% | Resolved: 100.00% | Delay: 2.939s | Energy: 3144.53J | LB: 0.036
2026-06-08 14:50:57,189 | INFO |   Reward | D: -2923.25 | E: -9.68 | Q: 1650.00 | H: 10.98 | LB: 0.08 | Enq: 0.00 | Pen: -1651.17
2026-06-08 14:51:53,405 | INFO | Update   34 | Steps:  34,816 | Episodes:    34 | EpReward:   -52.46 | FPS:     18 | Actor Loss: 0.0000 | Critic Loss: 0.0016
2026-06-08 14:51:53,405 | INFO |   Env | HO: 70.94% | Cont: 97.72% | Task: 80.06% | Resolved: 99.98% | Delay: 2.866s | Energy: 2941.05J | LB: 0.031
2026-06-08 14:51:53,405 | INFO |   Reward | D: -2854.80 | E: -9.19 | Q: 1732.80 | H: 18.07 | LB: 0.10 | Enq: 0.00 | Pen: -1550.59
2026-06-08 14:52:36,339 | INFO | Update   35 | Steps:  35,840 | Episodes:    35 | EpReward:   -52.01 | FPS:     24 | Actor Loss: -0.0001 | Critic Loss: 0.0025
2026-06-08 14:52:36,339 | INFO |   Env | HO: 70.42% | Cont: 97.66% | Task: 79.86% | Resolved: 99.99% | Delay: 2.885s | Energy: 2989.09J | LB: 0.060
2026-06-08 14:52:36,339 | INFO |   Reward | D: -2876.15 | E: -9.43 | Q: 1719.20 | H: 13.39 | LB: 0.04 | Enq: 0.00 | Pen: -1561.91
2026-06-08 14:53:29,202 | INFO | Update   36 | Steps:  36,864 | Episodes:    36 | EpReward:   -51.74 | FPS:     19 | Actor Loss: -0.0000 | Critic Loss: 0.0025
2026-06-08 14:53:29,203 | INFO |   Env | HO: 73.10% | Cont: 96.95% | Task: 80.50% | Resolved: 99.99% | Delay: 2.834s | Energy: 2831.82J | LB: 0.044
2026-06-08 14:53:29,203 | INFO |   Reward | D: -2817.55 | E: -9.33 | Q: 1792.40 | H: 19.03 | LB: 0.10 | Enq: 0.00 | Pen: -1352.09
2026-06-08 14:54:19,098 | INFO | Update   37 | Steps:  37,888 | Episodes:    37 | EpReward:   -51.61 | FPS:     21 | Actor Loss: 0.0002 | Critic Loss: 0.0039
2026-06-08 14:54:19,099 | INFO |   Env | HO: 72.59% | Cont: 97.44% | Task: 78.30% | Resolved: 99.98% | Delay: 2.937s | Energy: 3009.84J | LB: 0.031
2026-06-08 14:54:19,099 | INFO |   Reward | D: -2860.10 | E: -9.14 | Q: 1490.40 | H: 15.07 | LB: 0.14 | Enq: 0.00 | Pen: -1636.96
2026-06-08 14:55:06,779 | INFO | Update   38 | Steps:  38,912 | Episodes:    38 | EpReward:   -51.10 | FPS:     21 | Actor Loss: 0.0002 | Critic Loss: 0.0095
2026-06-08 14:55:06,780 | INFO |   Env | HO: 66.67% | Cont: 96.85% | Task: 80.68% | Resolved: 100.00% | Delay: 2.818s | Energy: 2773.24J | LB: 0.055
2026-06-08 14:55:06,780 | INFO |   Reward | D: -2774.76 | E: -9.40 | Q: 1804.40 | H: 16.38 | LB: 0.19 | Enq: 0.00 | Pen: -1291.88
2026-06-08 14:56:00,698 | INFO | Update   39 | Steps:  39,936 | Episodes:    39 | EpReward:   -50.03 | FPS:     19 | Actor Loss: -0.0005 | Critic Loss: 0.0038
2026-06-08 14:56:00,698 | INFO |   Env | HO: 69.44% | Cont: 97.00% | Task: 81.54% | Resolved: 99.98% | Delay: 2.752s | Energy: 2594.26J | LB: 0.034
2026-06-08 14:56:00,698 | INFO |   Reward | D: -2682.45 | E: -9.06 | Q: 1876.80 | H: 15.37 | LB: 0.11 | Enq: 0.00 | Pen: -1151.82
2026-06-08 14:56:54,705 | INFO | Update   40 | Steps:  40,960 | Episodes:    40 | EpReward:   -49.35 | FPS:     19 | Actor Loss: -0.0003 | Critic Loss: 0.0069
2026-06-08 14:56:54,705 | INFO |   Env | HO: 71.76% | Cont: 97.13% | Task: 80.39% | Resolved: 99.95% | Delay: 2.792s | Energy: 2764.76J | LB: 0.039
2026-06-08 14:56:54,705 | INFO |   Reward | D: -2798.73 | E: -9.42 | Q: 1787.20 | H: 13.23 | LB: 0.13 | Enq: 0.00 | Pen: -1294.19
2026-06-08 14:57:55,331 | INFO | Update   41 | Steps:  41,984 | Episodes:    41 | EpReward:   -48.87 | FPS:     17 | Actor Loss: -0.0002 | Critic Loss: 0.0044
2026-06-08 14:57:55,331 | INFO |   Env | HO: 70.07% | Cont: 97.93% | Task: 81.67% | Resolved: 99.98% | Delay: 2.790s | Energy: 2725.90J | LB: 0.056
2026-06-08 14:57:55,332 | INFO |   Reward | D: -2745.63 | E: -9.28 | Q: 1917.20 | H: 11.84 | LB: 0.05 | Enq: 0.00 | Pen: -1254.17
2026-06-08 14:58:43,646 | INFO | Update   42 | Steps:  43,008 | Episodes:    42 | EpReward:   -48.59 | FPS:     21 | Actor Loss: -0.0000 | Critic Loss: 0.0043
2026-06-08 14:58:43,646 | INFO |   Env | HO: 72.67% | Cont: 97.72% | Task: 80.68% | Resolved: 99.97% | Delay: 2.758s | Energy: 2687.16J | LB: 0.035
2026-06-08 14:58:43,646 | INFO |   Reward | D: -2788.91 | E: -9.00 | Q: 1801.20 | H: 13.32 | LB: 0.08 | Enq: 0.00 | Pen: -1313.46
2026-06-08 14:59:33,373 | INFO | Update   43 | Steps:  44,032 | Episodes:    43 | EpReward:   -48.29 | FPS:     21 | Actor Loss: -0.0003 | Critic Loss: 0.0055
2026-06-08 14:59:33,374 | INFO |   Env | HO: 71.84% | Cont: 97.54% | Task: 79.23% | Resolved: 99.96% | Delay: 2.861s | Energy: 2854.60J | LB: 0.041
2026-06-08 14:59:33,374 | INFO |   Reward | D: -2820.95 | E: -9.17 | Q: 1616.00 | H: 11.97 | LB: 0.17 | Enq: 0.00 | Pen: -1481.18
2026-06-08 15:00:14,313 | INFO | Update   44 | Steps:  45,056 | Episodes:    44 | EpReward:   -47.73 | FPS:     25 | Actor Loss: 0.0004 | Critic Loss: 0.0049
2026-06-08 15:00:14,313 | INFO |   Env | HO: 75.86% | Cont: 98.31% | Task: 81.16% | Resolved: 99.96% | Delay: 2.829s | Energy: 2799.27J | LB: 0.043
2026-06-08 15:00:14,313 | INFO |   Reward | D: -2776.21 | E: -9.05 | Q: 1854.80 | H: 9.43 | LB: 0.01 | Enq: 0.00 | Pen: -1367.54
2026-06-08 15:00:57,499 | INFO | Update   45 | Steps:  46,080 | Episodes:    45 | EpReward:   -47.10 | FPS:     24 | Actor Loss: -0.0002 | Critic Loss: 0.0035
2026-06-08 15:00:57,502 | INFO |   Env | HO: 73.96% | Cont: 97.70% | Task: 81.53% | Resolved: 100.00% | Delay: 2.723s | Energy: 2587.31J | LB: 0.052
2026-06-08 15:00:57,503 | INFO |   Reward | D: -2758.53 | E: -9.15 | Q: 1925.60 | H: 12.02 | LB: 0.07 | Enq: 0.00 | Pen: -1138.86
2026-06-08 15:01:57,155 | INFO | Update   46 | Steps:  47,104 | Episodes:    46 | EpReward:   -46.88 | FPS:     17 | Actor Loss: 0.0001 | Critic Loss: 0.0063
2026-06-08 15:01:57,156 | INFO |   Env | HO: 74.47% | Cont: 98.03% | Task: 79.49% | Resolved: 99.96% | Delay: 2.873s | Energy: 2846.94J | LB: 0.038
2026-06-08 15:01:57,156 | INFO |   Reward | D: -2783.85 | E: -8.88 | Q: 1616.80 | H: 12.82 | LB: 0.04 | Enq: 0.00 | Pen: -1477.49
2026-06-08 15:02:50,892 | INFO | Update   47 | Steps:  48,128 | Episodes:    47 | EpReward:   -46.73 | FPS:     19 | Actor Loss: 0.0001 | Critic Loss: 0.0061
2026-06-08 15:02:50,892 | INFO |   Env | HO: 75.54% | Cont: 97.51% | Task: 80.01% | Resolved: 99.96% | Delay: 2.836s | Energy: 2835.29J | LB: 0.043
2026-06-08 15:02:50,892 | INFO |   Reward | D: -2835.86 | E: -9.11 | Q: 1731.20 | H: 13.49 | LB: 0.05 | Enq: 0.00 | Pen: -1456.68
2026-06-08 15:03:34,321 | INFO | Update   48 | Steps:  49,152 | Episodes:    48 | EpReward:   -46.68 | FPS:     24 | Actor Loss: -0.0001 | Critic Loss: 0.0062
2026-06-08 15:03:34,321 | INFO |   Env | HO: 72.51% | Cont: 97.50% | Task: 79.90% | Resolved: 99.98% | Delay: 2.866s | Energy: 2886.11J | LB: 0.030
2026-06-08 15:03:34,321 | INFO |   Reward | D: -2806.37 | E: -9.31 | Q: 1702.40 | H: 11.07 | LB: 0.10 | Enq: 0.00 | Pen: -1452.01
2026-06-08 15:04:22,655 | INFO | Update   49 | Steps:  50,176 | Episodes:    49 | EpReward:   -46.28 | FPS:     21 | Actor Loss: -0.0000 | Critic Loss: 0.0042
2026-06-08 15:04:22,656 | INFO |   Env | HO: 69.55% | Cont: 97.49% | Task: 79.78% | Resolved: 99.90% | Delay: 2.873s | Energy: 2931.85J | LB: 0.029
2026-06-08 15:04:22,656 | INFO |   Reward | D: -2801.78 | E: -9.51 | Q: 1692.40 | H: 10.48 | LB: 0.03 | Enq: 0.00 | Pen: -1504.13
2026-06-08 15:04:22,656 | INFO | ----------------------------------------
2026-06-08 15:04:22,656 | INFO | 开始评估...
2026-06-08 15:05:08,476 | INFO | 评估结果: 奖励 = -48.83 ± 4.25, 长度 = 600, 时延 = 2.933s, 能耗 = 5677.26J, 负载均衡 = 0.021
2026-06-08 15:05:08,476 | INFO | 新的最佳模型 (average delay): score = -2.9325, delay = 2.933s, completion = 78.59%, continuity = 98.63%, load_balance = 0.021
2026-06-08 15:05:08,508 | INFO | 模型已保存: /home/pjpjq/LEO_switch/results/full_train_latency_priority_multiuser_u30_multiuser_6_7/best_model.pt
2026-06-08 15:05:08,508 | INFO | 新的最佳奖励: -48.83
2026-06-08 15:05:08,508 | INFO | ----------------------------------------
2026-06-08 15:06:05,791 | INFO | Update   50 | Steps:  51,200 | Episodes:    50 | EpReward:   -45.95 | FPS:     18 | Actor Loss: -0.0005 | Critic Loss: 0.0020
2026-06-08 15:06:05,791 | INFO |   Env | HO: 69.87% | Cont: 96.83% | Task: 79.84% | Resolved: 99.98% | Delay: 2.836s | Energy: 2777.97J | LB: 0.034
2026-06-08 15:06:05,791 | INFO |   Reward | D: -2761.38 | E: -9.23 | Q: 1703.60 | H: 9.97 | LB: 0.01 | Enq: 0.00 | Pen: -1401.99
2026-06-08 15:07:06,964 | INFO | Update   51 | Steps:  52,224 | Episodes:    51 | EpReward:   -45.81 | FPS:     17 | Actor Loss: 0.0004 | Critic Loss: 0.0037
2026-06-08 15:07:06,964 | INFO |   Env | HO: 74.18% | Cont: 97.65% | Task: 80.04% | Resolved: 99.96% | Delay: 2.868s | Energy: 2906.59J | LB: 0.053
2026-06-08 15:07:06,964 | INFO |   Reward | D: -2815.10 | E: -9.32 | Q: 1724.80 | H: 9.73 | LB: 0.07 | Enq: 0.00 | Pen: -1480.90
2026-06-08 15:07:56,527 | INFO | Update   52 | Steps:  53,248 | Episodes:    52 | EpReward:   -45.79 | FPS:     21 | Actor Loss: 0.0003 | Critic Loss: 0.0025
2026-06-08 15:07:56,527 | INFO |   Env | HO: 71.43% | Cont: 98.38% | Task: 79.39% | Resolved: 99.98% | Delay: 2.946s | Energy: 3162.50J | LB: 0.035
2026-06-08 15:07:56,527 | INFO |   Reward | D: -2912.34 | E: -9.61 | Q: 1660.80 | H: 9.00 | LB: 0.02 | Enq: 0.00 | Pen: -1737.63
2026-06-08 15:08:57,336 | INFO | Update   53 | Steps:  54,272 | Episodes:    53 | EpReward:   -45.80 | FPS:     17 | Actor Loss: 0.0001 | Critic Loss: 0.0032
2026-06-08 15:08:57,336 | INFO |   Env | HO: 74.61% | Cont: 97.91% | Task: 79.65% | Resolved: 99.98% | Delay: 2.882s | Energy: 3022.29J | LB: 0.035
2026-06-08 15:08:57,336 | INFO |   Reward | D: -2917.77 | E: -9.50 | Q: 1707.60 | H: 11.79 | LB: 0.03 | Enq: 0.00 | Pen: -1624.22
2026-06-08 15:09:55,807 | INFO | Update   54 | Steps:  55,296 | Episodes:    54 | EpReward:   -45.61 | FPS:     18 | Actor Loss: 0.0000 | Critic Loss: 0.0040
2026-06-08 15:09:55,808 | INFO |   Env | HO: 73.58% | Cont: 97.73% | Task: 80.96% | Resolved: 99.99% | Delay: 2.832s | Energy: 2801.98J | LB: 0.045
2026-06-08 15:09:55,808 | INFO |   Reward | D: -2759.06 | E: -9.10 | Q: 1817.20 | H: 11.86 | LB: 0.01 | Enq: 0.00 | Pen: -1343.22
2026-06-08 15:10:40,403 | INFO | Update   55 | Steps:  56,320 | Episodes:    55 | EpReward:   -45.50 | FPS:     23 | Actor Loss: -0.0003 | Critic Loss: 0.0027
2026-06-08 15:10:40,403 | INFO |   Env | HO: 75.57% | Cont: 97.90% | Task: 79.81% | Resolved: 99.98% | Delay: 2.851s | Energy: 2900.05J | LB: 0.042
2026-06-08 15:10:40,403 | INFO |   Reward | D: -2831.34 | E: -9.36 | Q: 1692.00 | H: 12.04 | LB: 0.15 | Enq: 0.00 | Pen: -1467.16
2026-06-08 15:11:45,366 | INFO | Update   56 | Steps:  57,344 | Episodes:    56 | EpReward:   -45.26 | FPS:     16 | Actor Loss: 0.0002 | Critic Loss: 0.0045
2026-06-08 15:11:45,366 | INFO |   Env | HO: 67.88% | Cont: 97.84% | Task: 80.04% | Resolved: 99.99% | Delay: 2.862s | Energy: 2959.90J | LB: 0.043
2026-06-08 15:11:45,366 | INFO |   Reward | D: -2852.14 | E: -9.45 | Q: 1736.80 | H: 12.47 | LB: 0.15 | Enq: 0.00 | Pen: -1557.33
2026-06-08 15:12:48,040 | INFO | Update   57 | Steps:  58,368 | Episodes:    57 | EpReward:   -45.21 | FPS:     16 | Actor Loss: -0.0002 | Critic Loss: 0.0109
2026-06-08 15:12:48,044 | INFO |   Env | HO: 71.48% | Cont: 97.71% | Task: 79.26% | Resolved: 99.97% | Delay: 2.912s | Energy: 3056.66J | LB: 0.039
2026-06-08 15:12:48,044 | INFO |   Reward | D: -2878.14 | E: -9.54 | Q: 1644.40 | H: 11.09 | LB: 0.04 | Enq: 0.00 | Pen: -1603.18
2026-06-08 15:13:51,928 | INFO | Update   58 | Steps:  59,392 | Episodes:    58 | EpReward:   -45.12 | FPS:     16 | Actor Loss: 0.0002 | Critic Loss: 0.0045
2026-06-08 15:13:51,928 | INFO |   Env | HO: 75.31% | Cont: 98.39% | Task: 80.41% | Resolved: 99.95% | Delay: 2.845s | Energy: 2911.74J | LB: 0.035
2026-06-08 15:13:51,928 | INFO |   Reward | D: -2819.76 | E: -9.31 | Q: 1765.60 | H: 11.05 | LB: 0.05 | Enq: 0.00 | Pen: -1461.31
2026-06-08 15:14:48,953 | INFO | Update   59 | Steps:  60,416 | Episodes:    59 | EpReward:   -44.90 | FPS:     18 | Actor Loss: -0.0007 | Critic Loss: 0.0027
2026-06-08 15:14:48,953 | INFO |   Env | HO: 73.74% | Cont: 97.48% | Task: 81.06% | Resolved: 99.98% | Delay: 2.802s | Energy: 2822.79J | LB: 0.050
2026-06-08 15:14:48,953 | INFO |   Reward | D: -2783.08 | E: -9.58 | Q: 1868.80 | H: 12.72 | LB: 0.01 | Enq: 0.00 | Pen: -1369.06
2026-06-08 15:15:43,039 | INFO | Update   60 | Steps:  61,440 | Episodes:    60 | EpReward:   -44.60 | FPS:     19 | Actor Loss: -0.0002 | Critic Loss: 0.0078
2026-06-08 15:15:43,040 | INFO |   Env | HO: 73.31% | Cont: 97.79% | Task: 81.08% | Resolved: 99.93% | Delay: 2.799s | Energy: 2757.78J | LB: 0.041
2026-06-08 15:15:43,040 | INFO |   Reward | D: -2755.54 | E: -9.24 | Q: 1836.80 | H: 13.44 | LB: 0.15 | Enq: 0.00 | Pen: -1348.51
2026-06-08 15:16:34,863 | INFO | Update   61 | Steps:  62,464 | Episodes:    61 | EpReward:   -44.60 | FPS:     20 | Actor Loss: -0.0002 | Critic Loss: 0.0039
2026-06-08 15:16:34,864 | INFO |   Env | HO: 66.67% | Cont: 98.40% | Task: 79.08% | Resolved: 100.00% | Delay: 2.933s | Energy: 3085.66J | LB: 0.037
2026-06-08 15:16:34,864 | INFO |   Reward | D: -2900.45 | E: -9.35 | Q: 1608.80 | H: 10.61 | LB: 0.01 | Enq: 0.00 | Pen: -1690.74
2026-06-08 15:17:24,434 | INFO | Update   62 | Steps:  63,488 | Episodes:    62 | EpReward:   -44.43 | FPS:     21 | Actor Loss: 0.0001 | Critic Loss: 0.0021
2026-06-08 15:17:24,434 | INFO |   Env | HO: 73.11% | Cont: 98.20% | Task: 80.87% | Resolved: 99.98% | Delay: 2.836s | Energy: 2881.19J | LB: 0.031
2026-06-08 15:17:24,434 | INFO |   Reward | D: -2810.21 | E: -9.35 | Q: 1839.60 | H: 10.63 | LB: 0.10 | Enq: 0.00 | Pen: -1450.19
2026-06-08 15:18:21,972 | INFO | Update   63 | Steps:  64,512 | Episodes:    63 | EpReward:   -44.46 | FPS:     18 | Actor Loss: -0.0003 | Critic Loss: 0.0029
2026-06-08 15:18:21,972 | INFO |   Env | HO: 71.67% | Cont: 97.67% | Task: 79.73% | Resolved: 99.95% | Delay: 2.915s | Energy: 3032.64J | LB: 0.025
2026-06-08 15:18:21,972 | INFO |   Reward | D: -2871.53 | E: -9.33 | Q: 1707.20 | H: 10.18 | LB: 0.04 | Enq: 0.00 | Pen: -1641.78
2026-06-08 15:19:07,063 | INFO | Update   64 | Steps:  65,536 | Episodes:    64 | EpReward:   -44.53 | FPS:     23 | Actor Loss: -0.0001 | Critic Loss: 0.0025
2026-06-08 15:19:07,063 | INFO |   Env | HO: 69.77% | Cont: 98.25% | Task: 78.55% | Resolved: 99.99% | Delay: 2.918s | Energy: 3064.15J | LB: 0.035
2026-06-08 15:19:07,063 | INFO |   Reward | D: -2911.52 | E: -9.05 | Q: 1551.60 | H: 9.36 | LB: 0.03 | Enq: 0.00 | Pen: -1756.08
2026-06-08 15:20:10,959 | INFO | Update   65 | Steps:  66,560 | Episodes:    65 | EpReward:   -44.45 | FPS:     16 | Actor Loss: 0.0006 | Critic Loss: 0.0025
2026-06-08 15:20:10,959 | INFO |   Env | HO: 72.30% | Cont: 97.92% | Task: 79.13% | Resolved: 99.97% | Delay: 2.915s | Energy: 2970.49J | LB: 0.050
2026-06-08 15:20:10,959 | INFO |   Reward | D: -2836.93 | E: -8.96 | Q: 1596.80 | H: 9.40 | LB: 0.08 | Enq: 0.00 | Pen: -1671.62
2026-06-08 15:21:00,971 | INFO | Update   66 | Steps:  67,584 | Episodes:    66 | EpReward:   -44.32 | FPS:     20 | Actor Loss: 0.0001 | Critic Loss: 0.0064
2026-06-08 15:21:00,971 | INFO |   Env | HO: 71.07% | Cont: 98.06% | Task: 80.45% | Resolved: 99.97% | Delay: 2.857s | Energy: 2903.18J | LB: 0.053
2026-06-08 15:21:00,971 | INFO |   Reward | D: -2823.77 | E: -9.26 | Q: 1782.80 | H: 10.61 | LB: 0.07 | Enq: 0.00 | Pen: -1542.42
2026-06-08 15:21:57,457 | INFO | Update   67 | Steps:  68,608 | Episodes:    67 | EpReward:   -44.30 | FPS:     18 | Actor Loss: -0.0002 | Critic Loss: 0.0070
2026-06-08 15:21:57,457 | INFO |   Env | HO: 71.23% | Cont: 98.25% | Task: 79.34% | Resolved: 99.99% | Delay: 2.912s | Energy: 2968.67J | LB: 0.033
2026-06-08 15:21:57,458 | INFO |   Reward | D: -2824.22 | E: -8.98 | Q: 1615.20 | H: 9.53 | LB: 0.03 | Enq: 0.00 | Pen: -1662.81
2026-06-08 15:23:01,295 | INFO | Update   68 | Steps:  69,632 | Episodes:    68 | EpReward:   -44.35 | FPS:     16 | Actor Loss: 0.0003 | Critic Loss: 0.0021
2026-06-08 15:23:01,295 | INFO |   Env | HO: 71.43% | Cont: 98.15% | Task: 80.18% | Resolved: 99.97% | Delay: 2.856s | Energy: 2858.00J | LB: 0.044
2026-06-08 15:23:01,295 | INFO |   Reward | D: -2844.89 | E: -9.01 | Q: 1747.60 | H: 8.82 | LB: 0.00 | Enq: 0.00 | Pen: -1537.64
2026-06-08 15:23:51,620 | INFO | Update   69 | Steps:  70,656 | Episodes:    69 | EpReward:   -44.07 | FPS:     20 | Actor Loss: 0.0001 | Critic Loss: 0.0017
2026-06-08 15:23:51,627 | INFO |   Env | HO: 73.76% | Cont: 98.07% | Task: 80.44% | Resolved: 99.95% | Delay: 2.815s | Energy: 2746.50J | LB: 0.022
2026-06-08 15:23:51,627 | INFO |   Reward | D: -2786.16 | E: -8.90 | Q: 1760.80 | H: 9.13 | LB: 0.04 | Enq: 0.00 | Pen: -1432.71
2026-06-08 15:24:47,060 | INFO | Update   70 | Steps:  71,680 | Episodes:    70 | EpReward:   -44.11 | FPS:     18 | Actor Loss: 0.0001 | Critic Loss: 0.0034
2026-06-08 15:24:47,060 | INFO |   Env | HO: 67.27% | Cont: 97.82% | Task: 78.32% | Resolved: 99.97% | Delay: 2.966s | Energy: 3123.66J | LB: 0.029
2026-06-08 15:24:47,060 | INFO |   Reward | D: -2882.87 | E: -9.19 | Q: 1502.40 | H: 9.09 | LB: 0.04 | Enq: 0.00 | Pen: -1815.85
2026-06-08 15:25:38,779 | INFO | Update   71 | Steps:  72,704 | Episodes:    71 | EpReward:   -43.95 | FPS:     20 | Actor Loss: -0.0001 | Critic Loss: 0.0039
2026-06-08 15:25:38,779 | INFO |   Env | HO: 72.40% | Cont: 98.50% | Task: 80.49% | Resolved: 99.98% | Delay: 2.875s | Energy: 2977.43J | LB: 0.048
2026-06-08 15:25:38,779 | INFO |   Reward | D: -2870.08 | E: -9.38 | Q: 1799.20 | H: 10.03 | LB: -0.00 | Enq: 0.00 | Pen: -1560.80
2026-06-08 15:26:39,399 | INFO | Update   72 | Steps:  73,728 | Episodes:    72 | EpReward:   -43.70 | FPS:     17 | Actor Loss: -0.0002 | Critic Loss: 0.0027
2026-06-08 15:26:39,399 | INFO |   Env | HO: 73.16% | Cont: 97.23% | Task: 81.95% | Resolved: 99.99% | Delay: 2.721s | Energy: 2540.28J | LB: 0.049
2026-06-08 15:26:39,399 | INFO |   Reward | D: -2729.19 | E: -9.03 | Q: 1980.80 | H: 10.40 | LB: 0.04 | Enq: 0.00 | Pen: -1149.84
2026-06-08 15:27:47,597 | INFO | Update   73 | Steps:  74,752 | Episodes:    73 | EpReward:   -43.67 | FPS:     15 | Actor Loss: 0.0004 | Critic Loss: 0.0014
2026-06-08 15:27:47,598 | INFO |   Env | HO: 69.29% | Cont: 98.51% | Task: 80.17% | Resolved: 99.98% | Delay: 2.883s | Energy: 2970.06J | LB: 0.032
2026-06-08 15:27:47,598 | INFO |   Reward | D: -2830.54 | E: -9.08 | Q: 1724.80 | H: 10.78 | LB: 0.05 | Enq: 0.00 | Pen: -1670.05
2026-06-08 15:28:34,736 | INFO | Update   74 | Steps:  75,776 | Episodes:    74 | EpReward:   -43.75 | FPS:     22 | Actor Loss: 0.0002 | Critic Loss: 0.0053
2026-06-08 15:28:34,737 | INFO |   Env | HO: 69.16% | Cont: 98.24% | Task: 78.80% | Resolved: 99.94% | Delay: 2.939s | Energy: 3074.97J | LB: 0.028
2026-06-08 15:28:34,737 | INFO |   Reward | D: -2867.27 | E: -9.09 | Q: 1548.80 | H: 9.70 | LB: 0.03 | Enq: 0.00 | Pen: -1829.17
2026-06-08 15:29:41,923 | INFO | Update   75 | Steps:  76,800 | Episodes:    75 | EpReward:   -43.61 | FPS:     15 | Actor Loss: -0.0002 | Critic Loss: 0.0036
2026-06-08 15:29:41,924 | INFO |   Env | HO: 75.00% | Cont: 98.04% | Task: 81.63% | Resolved: 99.99% | Delay: 2.749s | Energy: 2638.65J | LB: 0.034
2026-06-08 15:29:41,924 | INFO |   Reward | D: -2752.77 | E: -9.02 | Q: 1930.00 | H: 10.16 | LB: 0.05 | Enq: 0.00 | Pen: -1255.71
2026-06-08 15:30:36,134 | INFO | Update   76 | Steps:  77,824 | Episodes:    76 | EpReward:   -43.40 | FPS:     19 | Actor Loss: 0.0003 | Critic Loss: 0.0012
2026-06-08 15:30:36,134 | INFO |   Env | HO: 72.95% | Cont: 98.29% | Task: 81.00% | Resolved: 99.95% | Delay: 2.789s | Energy: 2747.13J | LB: 0.044
2026-06-08 15:30:36,134 | INFO |   Reward | D: -2797.76 | E: -9.01 | Q: 1841.20 | H: 10.83 | LB: 0.06 | Enq: 0.00 | Pen: -1403.57
2026-06-08 15:31:27,233 | INFO | Update   77 | Steps:  78,848 | Episodes:    77 | EpReward:   -43.07 | FPS:     20 | Actor Loss: 0.0004 | Critic Loss: 0.0020
2026-06-08 15:31:27,233 | INFO |   Env | HO: 71.62% | Cont: 98.30% | Task: 83.30% | Resolved: 99.98% | Delay: 2.656s | Energy: 2483.55J | LB: 0.053
2026-06-08 15:31:27,233 | INFO |   Reward | D: -2731.81 | E: -8.92 | Q: 2157.20 | H: 10.08 | LB: 0.03 | Enq: 0.00 | Pen: -1085.61
2026-06-08 15:32:20,105 | INFO | Update   78 | Steps:  79,872 | Episodes:    78 | EpReward:   -42.80 | FPS:     19 | Actor Loss: -0.0002 | Critic Loss: 0.0047
2026-06-08 15:32:20,109 | INFO |   Env | HO: 69.83% | Cont: 97.83% | Task: 81.70% | Resolved: 99.98% | Delay: 2.740s | Energy: 2577.33J | LB: 0.043
2026-06-08 15:32:20,109 | INFO |   Reward | D: -2741.98 | E: -8.78 | Q: 1935.20 | H: 9.77 | LB: 0.04 | Enq: 0.00 | Pen: -1205.21
2026-06-08 15:33:11,208 | INFO | Update   79 | Steps:  80,896 | Episodes:    79 | EpReward:   -42.68 | FPS:     20 | Actor Loss: -0.0002 | Critic Loss: 0.0037
2026-06-08 15:33:11,208 | INFO |   Env | HO: 66.01% | Cont: 98.05% | Task: 80.60% | Resolved: 99.99% | Delay: 2.862s | Energy: 2826.36J | LB: 0.045
2026-06-08 15:33:11,208 | INFO |   Reward | D: -2786.27 | E: -8.88 | Q: 1776.40 | H: 10.07 | LB: 0.08 | Enq: 0.00 | Pen: -1495.96
2026-06-08 15:34:08,386 | INFO | Update   80 | Steps:  81,920 | Episodes:    80 | EpReward:   -42.60 | FPS:     18 | Actor Loss: -0.0004 | Critic Loss: 0.0015
2026-06-08 15:34:08,386 | INFO |   Env | HO: 75.48% | Cont: 98.32% | Task: 80.19% | Resolved: 99.98% | Delay: 2.853s | Energy: 2837.68J | LB: 0.042
2026-06-08 15:34:08,386 | INFO |   Reward | D: -2825.58 | E: -8.86 | Q: 1738.80 | H: 9.56 | LB: 0.03 | Enq: 0.00 | Pen: -1532.02
2026-06-08 15:35:09,971 | INFO | Update   81 | Steps:  82,944 | Episodes:    81 | EpReward:   -42.53 | FPS:     17 | Actor Loss: 0.0001 | Critic Loss: 0.0021
2026-06-08 15:35:09,971 | INFO |   Env | HO: 71.90% | Cont: 98.09% | Task: 82.01% | Resolved: 99.98% | Delay: 2.740s | Energy: 2577.22J | LB: 0.049
2026-06-08 15:35:09,971 | INFO |   Reward | D: -2737.47 | E: -8.76 | Q: 1969.20 | H: 9.36 | LB: 0.02 | Enq: 0.00 | Pen: -1243.64
2026-06-08 15:36:14,303 | INFO | Update   82 | Steps:  83,968 | Episodes:    82 | EpReward:   -42.18 | FPS:     16 | Actor Loss: 0.0004 | Critic Loss: 0.0023
2026-06-08 15:36:14,307 | INFO |   Env | HO: 76.21% | Cont: 97.75% | Task: 82.45% | Resolved: 99.94% | Delay: 2.687s | Energy: 2422.95J | LB: 0.059
2026-06-08 15:36:14,307 | INFO |   Reward | D: -2703.73 | E: -8.53 | Q: 2024.00 | H: 10.57 | LB: 0.03 | Enq: 0.00 | Pen: -1101.47
2026-06-08 15:37:01,237 | INFO | Update   83 | Steps:  84,992 | Episodes:    83 | EpReward:   -42.10 | FPS:     22 | Actor Loss: 0.0003 | Critic Loss: 0.0012
2026-06-08 15:37:01,237 | INFO |   Env | HO: 71.59% | Cont: 98.20% | Task: 79.53% | Resolved: 99.95% | Delay: 2.865s | Energy: 2890.80J | LB: 0.050
2026-06-08 15:37:01,237 | INFO |   Reward | D: -2870.92 | E: -8.79 | Q: 1671.60 | H: 11.44 | LB: 0.02 | Enq: 0.00 | Pen: -1623.21
2026-06-08 15:37:51,069 | INFO | Update   84 | Steps:  86,016 | Episodes:    84 | EpReward:   -41.97 | FPS:     21 | Actor Loss: 0.0006 | Critic Loss: 0.0011
2026-06-08 15:37:51,069 | INFO |   Env | HO: 69.84% | Cont: 97.17% | Task: 80.21% | Resolved: 100.00% | Delay: 2.792s | Energy: 2666.00J | LB: 0.043
2026-06-08 15:37:51,069 | INFO |   Reward | D: -2779.44 | E: -8.82 | Q: 1752.40 | H: 12.98 | LB: 0.10 | Enq: 0.00 | Pen: -1404.23
2026-06-08 15:38:51,456 | INFO | Update   85 | Steps:  87,040 | Episodes:    85 | EpReward:   -41.94 | FPS:     17 | Actor Loss: 0.0003 | Critic Loss: 0.0021
2026-06-08 15:38:51,457 | INFO |   Env | HO: 66.67% | Cont: 98.06% | Task: 79.61% | Resolved: 99.98% | Delay: 2.901s | Energy: 2900.39J | LB: 0.042
2026-06-08 15:38:51,457 | INFO |   Reward | D: -2809.28 | E: -8.80 | Q: 1644.80 | H: 12.24 | LB: 0.05 | Enq: 0.00 | Pen: -1644.94
2026-06-08 15:39:48,494 | INFO | Update   86 | Steps:  88,064 | Episodes:    86 | EpReward:   -41.61 | FPS:     18 | Actor Loss: 0.0002 | Critic Loss: 0.0028
2026-06-08 15:39:48,494 | INFO |   Env | HO: 72.34% | Cont: 97.49% | Task: 82.17% | Resolved: 100.00% | Delay: 2.738s | Energy: 2531.34J | LB: 0.041
2026-06-08 15:39:48,494 | INFO |   Reward | D: -2734.82 | E: -8.70 | Q: 1993.60 | H: 12.44 | LB: 0.04 | Enq: 0.00 | Pen: -1223.34
2026-06-08 15:40:56,325 | INFO | Update   87 | Steps:  89,088 | Episodes:    87 | EpReward:   -41.42 | FPS:     15 | Actor Loss: 0.0002 | Critic Loss: 0.0023
2026-06-08 15:40:56,325 | INFO |   Env | HO: 69.50% | Cont: 96.92% | Task: 81.00% | Resolved: 99.93% | Delay: 2.781s | Energy: 2658.92J | LB: 0.036
2026-06-08 15:40:56,325 | INFO |   Reward | D: -2745.35 | E: -8.97 | Q: 1848.80 | H: 13.46 | LB: 0.04 | Enq: 0.00 | Pen: -1311.96
2026-06-08 15:41:52,582 | INFO | Update   88 | Steps:  90,112 | Episodes:    88 | EpReward:   -41.42 | FPS:     18 | Actor Loss: 0.0002 | Critic Loss: 0.0065
2026-06-08 15:41:52,582 | INFO |   Env | HO: 70.32% | Cont: 97.94% | Task: 80.06% | Resolved: 99.96% | Delay: 2.892s | Energy: 2958.59J | LB: 0.036
2026-06-08 15:41:52,582 | INFO |   Reward | D: -2880.65 | E: -9.00 | Q: 1744.00 | H: 13.38 | LB: 0.13 | Enq: 0.00 | Pen: -1679.38
2026-06-08 15:42:49,541 | INFO | Update   89 | Steps:  91,136 | Episodes:    89 | EpReward:   -41.38 | FPS:     18 | Actor Loss: 0.0004 | Critic Loss: 0.0068
2026-06-08 15:42:49,541 | INFO |   Env | HO: 69.90% | Cont: 97.14% | Task: 80.54% | Resolved: 99.94% | Delay: 2.843s | Energy: 2815.74J | LB: 0.041
2026-06-08 15:42:49,542 | INFO |   Reward | D: -2824.94 | E: -8.92 | Q: 1796.40 | H: 17.09 | LB: 0.01 | Enq: 0.00 | Pen: -1538.63
2026-06-08 15:43:35,163 | INFO | Update   90 | Steps:  92,160 | Episodes:    90 | EpReward:   -41.00 | FPS:     22 | Actor Loss: -0.0001 | Critic Loss: 0.0040
2026-06-08 15:43:35,163 | INFO |   Env | HO: 75.68% | Cont: 97.80% | Task: 82.78% | Resolved: 99.99% | Delay: 2.690s | Energy: 2463.34J | LB: 0.060
2026-06-08 15:43:35,163 | INFO |   Reward | D: -2683.73 | E: -8.69 | Q: 2046.00 | H: 13.51 | LB: 0.07 | Enq: 0.00 | Pen: -1101.62
2026-06-08 15:44:27,196 | INFO | Update   91 | Steps:  93,184 | Episodes:    91 | EpReward:   -40.94 | FPS:     20 | Actor Loss: 0.0007 | Critic Loss: 0.0038
2026-06-08 15:44:27,204 | INFO |   Env | HO: 75.50% | Cont: 98.35% | Task: 82.53% | Resolved: 100.00% | Delay: 2.740s | Energy: 2564.16J | LB: 0.048
2026-06-08 15:44:27,204 | INFO |   Reward | D: -2729.38 | E: -8.61 | Q: 2023.20 | H: 14.02 | LB: 0.13 | Enq: 0.00 | Pen: -1245.88
2026-06-08 15:45:11,926 | INFO | Update   92 | Steps:  94,208 | Episodes:    92 | EpReward:   -40.69 | FPS:     23 | Actor Loss: 0.0001 | Critic Loss: 0.0007
2026-06-08 15:45:11,926 | INFO |   Env | HO: 75.49% | Cont: 98.33% | Task: 81.34% | Resolved: 99.97% | Delay: 2.778s | Energy: 2672.62J | LB: 0.058
2026-06-08 15:45:11,926 | INFO |   Reward | D: -2793.52 | E: -8.67 | Q: 1888.40 | H: 9.45 | LB: 0.14 | Enq: 0.00 | Pen: -1416.02
2026-06-08 15:46:01,392 | INFO | Update   93 | Steps:  95,232 | Episodes:    93 | EpReward:   -40.69 | FPS:     21 | Actor Loss: 0.0003 | Critic Loss: 0.0028
2026-06-08 15:46:01,392 | INFO |   Env | HO: 71.37% | Cont: 98.49% | Task: 79.56% | Resolved: 99.97% | Delay: 2.896s | Energy: 2987.76J | LB: 0.047
2026-06-08 15:46:01,393 | INFO |   Reward | D: -2888.18 | E: -8.99 | Q: 1675.20 | H: 9.93 | LB: 0.01 | Enq: 0.00 | Pen: -1745.00
2026-06-08 15:46:47,611 | INFO | Update   94 | Steps:  96,256 | Episodes:    94 | EpReward:   -40.73 | FPS:     22 | Actor Loss: 0.0003 | Critic Loss: 0.0053
2026-06-08 15:46:47,611 | INFO |   Env | HO: 73.89% | Cont: 98.71% | Task: 79.65% | Resolved: 99.98% | Delay: 2.921s | Energy: 2957.14J | LB: 0.040
2026-06-08 15:46:47,611 | INFO |   Reward | D: -2848.96 | E: -8.81 | Q: 1667.20 | H: 8.16 | LB: 0.06 | Enq: 0.00 | Pen: -1703.24
2026-06-08 15:47:45,694 | INFO | Update   95 | Steps:  97,280 | Episodes:    95 | EpReward:   -40.77 | FPS:     18 | Actor Loss: -0.0000 | Critic Loss: 0.0036
2026-06-08 15:47:45,694 | INFO |   Env | HO: 72.00% | Cont: 98.60% | Task: 80.44% | Resolved: 99.98% | Delay: 2.830s | Energy: 2837.05J | LB: 0.031
2026-06-08 15:47:45,699 | INFO |   Reward | D: -2817.67 | E: -8.79 | Q: 1771.20 | H: 9.89 | LB: 0.02 | Enq: 0.00 | Pen: -1570.85
2026-06-08 15:48:41,561 | INFO | Update   96 | Steps:  98,304 | Episodes:    96 | EpReward:   -40.68 | FPS:     18 | Actor Loss: 0.0000 | Critic Loss: 0.0014
2026-06-08 15:48:41,561 | INFO |   Env | HO: 72.73% | Cont: 98.07% | Task: 80.89% | Resolved: 99.94% | Delay: 2.796s | Energy: 2738.50J | LB: 0.052
2026-06-08 15:48:41,561 | INFO |   Reward | D: -2814.33 | E: -8.83 | Q: 1843.20 | H: 10.30 | LB: 0.11 | Enq: 0.00 | Pen: -1416.69
2026-06-08 15:49:41,274 | INFO | Update   97 | Steps:  99,328 | Episodes:    97 | EpReward:   -40.64 | FPS:     17 | Actor Loss: 0.0003 | Critic Loss: 0.0040
2026-06-08 15:49:41,274 | INFO |   Env | HO: 72.48% | Cont: 98.38% | Task: 80.90% | Resolved: 99.97% | Delay: 2.826s | Energy: 2845.27J | LB: 0.046
2026-06-08 15:49:41,274 | INFO |   Reward | D: -2841.36 | E: -8.90 | Q: 1848.40 | H: 13.12 | LB: 0.07 | Enq: 0.00 | Pen: -1562.01
2026-06-08 15:50:41,963 | INFO | Update   98 | Steps: 100,352 | Episodes:    98 | EpReward:   -40.57 | FPS:     17 | Actor Loss: -0.0000 | Critic Loss: 0.0028
2026-06-08 15:50:41,967 | INFO |   Env | HO: 70.59% | Cont: 97.28% | Task: 81.98% | Resolved: 99.97% | Delay: 2.745s | Energy: 2608.92J | LB: 0.060
2026-06-08 15:50:41,967 | INFO |   Reward | D: -2749.89 | E: -8.95 | Q: 1975.60 | H: 14.45 | LB: -0.01 | Enq: 0.00 | Pen: -1279.29
2026-06-08 15:50:41,967 | INFO | ----------------------------------------
2026-06-08 15:50:41,967 | INFO | 开始评估...
2026-06-08 15:51:34,981 | INFO | 评估结果: 奖励 = -53.53 ± 2.08, 长度 = 600, 时延 = 3.015s, 能耗 = 5869.63J, 负载均衡 = 0.032
2026-06-08 15:51:34,985 | INFO | ----------------------------------------
2026-06-08 15:51:35,015 | INFO | 模型已保存: /home/pjpjq/LEO_switch/results/full_train_latency_priority_multiuser_u30_multiuser_6_7/checkpoint_100352.pt
2026-06-08 15:52:23,769 | INFO | Update   99 | Steps: 101,376 | Episodes:    99 | EpReward:   -40.49 | FPS:     21 | Actor Loss: 0.0002 | Critic Loss: 0.0016
2026-06-08 15:52:23,773 | INFO |   Env | HO: 76.41% | Cont: 98.07% | Task: 80.57% | Resolved: 99.97% | Delay: 2.817s | Energy: 2807.86J | LB: 0.042
2026-06-08 15:52:23,774 | INFO |   Reward | D: -2777.41 | E: -8.95 | Q: 1787.20 | H: 9.16 | LB: 0.04 | Enq: 0.00 | Pen: -1503.32
2026-06-08 15:53:22,421 | INFO | Update  100 | Steps: 102,400 | Episodes:   100 | EpReward:   -40.44 | FPS:     17 | Actor Loss: 0.0001 | Critic Loss: 0.0044
2026-06-08 15:53:22,421 | INFO |   Env | HO: 76.19% | Cont: 98.36% | Task: 80.22% | Resolved: 99.98% | Delay: 2.911s | Energy: 2997.72J | LB: 0.034
2026-06-08 15:53:22,421 | INFO |   Reward | D: -2845.99 | E: -9.09 | Q: 1748.00 | H: 10.85 | LB: 0.09 | Enq: 0.00 | Pen: -1708.20
2026-06-08 15:54:14,458 | INFO | Update  101 | Steps: 103,424 | Episodes:   101 | EpReward:   -39.63 | FPS:     20 | Actor Loss: -0.0004 | Critic Loss: 0.0022
2026-06-08 15:54:14,459 | INFO |   Env | HO: 66.12% | Cont: 98.16% | Task: 79.37% | Resolved: 99.97% | Delay: 2.889s | Energy: 2889.76J | LB: 0.051
2026-06-08 15:54:14,459 | INFO |   Reward | D: -2807.90 | E: -8.84 | Q: 1616.80 | H: 9.76 | LB: 0.06 | Enq: 0.00 | Pen: -1652.21
2026-06-08 15:55:01,548 | INFO | Update  102 | Steps: 104,448 | Episodes:   102 | EpReward:   -38.74 | FPS:     22 | Actor Loss: 0.0005 | Critic Loss: 0.0029
2026-06-08 15:55:01,549 | INFO |   Env | HO: 67.33% | Cont: 97.37% | Task: 81.45% | Resolved: 99.94% | Delay: 2.726s | Energy: 2541.05J | LB: 0.057
2026-06-08 15:55:01,549 | INFO |   Reward | D: -2770.19 | E: -8.73 | Q: 1923.20 | H: 12.34 | LB: 0.01 | Enq: 0.00 | Pen: -1192.41
2026-06-08 15:56:07,329 | INFO | Update  103 | Steps: 105,472 | Episodes:   103 | EpReward:   -38.07 | FPS:     16 | Actor Loss: 0.0001 | Critic Loss: 0.0078
2026-06-08 15:56:07,329 | INFO |   Env | HO: 74.26% | Cont: 98.38% | Task: 80.85% | Resolved: 99.99% | Delay: 2.809s | Energy: 2780.98J | LB: 0.042
2026-06-08 15:56:07,329 | INFO |   Reward | D: -2807.73 | E: -8.87 | Q: 1829.20 | H: 9.28 | LB: 0.02 | Enq: 0.00 | Pen: -1504.58
2026-06-08 15:57:09,109 | INFO | Update  104 | Steps: 106,496 | Episodes:   104 | EpReward:   -37.73 | FPS:     17 | Actor Loss: -0.0001 | Critic Loss: 0.0026
2026-06-08 15:57:09,109 | INFO |   Env | HO: 71.48% | Cont: 96.99% | Task: 79.89% | Resolved: 100.00% | Delay: 2.811s | Energy: 2687.27J | LB: 0.047
2026-06-08 15:57:09,109 | INFO |   Reward | D: -2765.18 | E: -8.83 | Q: 1713.20 | H: 11.00 | LB: 0.07 | Enq: 0.00 | Pen: -1358.22
2026-06-08 15:58:14,803 | INFO | Update  105 | Steps: 107,520 | Episodes:   105 | EpReward:   -37.40 | FPS:     16 | Actor Loss: 0.0001 | Critic Loss: 0.0055
2026-06-08 15:58:14,806 | INFO |   Env | HO: 67.69% | Cont: 97.76% | Task: 78.59% | Resolved: 99.98% | Delay: 2.921s | Energy: 2993.38J | LB: 0.042
2026-06-08 15:58:14,807 | INFO |   Reward | D: -2865.63 | E: -8.96 | Q: 1542.40 | H: 10.76 | LB: 0.07 | Enq: 0.00 | Pen: -1777.00
2026-06-08 15:59:04,694 | INFO | Update  106 | Steps: 108,544 | Episodes:   106 | EpReward:   -36.78 | FPS:     21 | Actor Loss: 0.0000 | Critic Loss: 0.0033
2026-06-08 15:59:04,694 | INFO |   Env | HO: 73.09% | Cont: 97.12% | Task: 81.66% | Resolved: 99.98% | Delay: 2.698s | Energy: 2475.84J | LB: 0.057
2026-06-08 15:59:04,694 | INFO |   Reward | D: -2702.56 | E: -8.79 | Q: 1922.00 | H: 16.89 | LB: 0.03 | Enq: 0.00 | Pen: -1145.52
2026-06-08 16:00:01,840 | INFO | Update  107 | Steps: 109,568 | Episodes:   107 | EpReward:   -36.34 | FPS:     18 | Actor Loss: -0.0000 | Critic Loss: 0.0052
2026-06-08 16:00:01,840 | INFO |   Env | HO: 74.44% | Cont: 97.64% | Task: 81.54% | Resolved: 99.97% | Delay: 2.808s | Energy: 2733.14J | LB: 0.055
2026-06-08 16:00:01,841 | INFO |   Reward | D: -2794.22 | E: -8.89 | Q: 1922.00 | H: 16.27 | LB: 0.04 | Enq: 0.00 | Pen: -1424.88
2026-06-08 16:01:09,946 | INFO | Update  108 | Steps: 110,592 | Episodes:   108 | EpReward:   -35.99 | FPS:     15 | Actor Loss: 0.0002 | Critic Loss: 0.0128
2026-06-08 16:01:09,946 | INFO |   Env | HO: 73.70% | Cont: 97.24% | Task: 81.13% | Resolved: 99.98% | Delay: 2.792s | Energy: 2625.27J | LB: 0.050
2026-06-08 16:01:09,946 | INFO |   Reward | D: -2733.15 | E: -8.65 | Q: 1833.60 | H: 19.65 | LB: 0.07 | Enq: 0.00 | Pen: -1363.36
2026-06-08 16:02:09,584 | INFO | Update  109 | Steps: 111,616 | Episodes:   109 | EpReward:   -35.59 | FPS:     17 | Actor Loss: -0.0003 | Critic Loss: 0.0031
2026-06-08 16:02:09,584 | INFO |   Env | HO: 70.28% | Cont: 97.22% | Task: 80.67% | Resolved: 100.00% | Delay: 2.824s | Energy: 2741.01J | LB: 0.049
2026-06-08 16:02:09,584 | INFO |   Reward | D: -2778.31 | E: -8.85 | Q: 1798.40 | H: 16.64 | LB: 0.04 | Enq: 0.00 | Pen: -1472.08
2026-06-08 16:03:02,777 | INFO | Update  110 | Steps: 112,640 | Episodes:   110 | EpReward:   -35.52 | FPS:     19 | Actor Loss: 0.0002 | Critic Loss: 0.0139
2026-06-08 16:03:02,777 | INFO |   Env | HO: 69.94% | Cont: 97.40% | Task: 80.16% | Resolved: 100.00% | Delay: 2.803s | Energy: 2694.41J | LB: 0.060
2026-06-08 16:03:02,777 | INFO |   Reward | D: -2798.46 | E: -8.67 | Q: 1745.60 | H: 13.85 | LB: 0.09 | Enq: 0.00 | Pen: -1450.72
2026-06-08 16:03:59,843 | INFO | Update  111 | Steps: 113,664 | Episodes:   111 | EpReward:   -35.15 | FPS:     18 | Actor Loss: 0.0003 | Critic Loss: 0.0072
2026-06-08 16:03:59,843 | INFO |   Env | HO: 75.08% | Cont: 97.63% | Task: 83.01% | Resolved: 100.00% | Delay: 2.669s | Energy: 2389.76J | LB: 0.039
2026-06-08 16:03:59,843 | INFO |   Reward | D: -2671.42 | E: -8.60 | Q: 2090.80 | H: 14.41 | LB: 0.13 | Enq: 0.00 | Pen: -1077.29
2026-06-08 16:04:54,036 | INFO | Update  112 | Steps: 114,688 | Episodes:   112 | EpReward:   -35.16 | FPS:     19 | Actor Loss: 0.0000 | Critic Loss: 0.0062
2026-06-08 16:04:54,036 | INFO |   Env | HO: 70.47% | Cont: 97.35% | Task: 81.45% | Resolved: 99.97% | Delay: 2.754s | Energy: 2640.16J | LB: 0.053
2026-06-08 16:04:54,036 | INFO |   Reward | D: -2760.47 | E: -8.85 | Q: 1914.00 | H: 14.75 | LB: 0.10 | Enq: 0.00 | Pen: -1341.76
2026-06-08 16:05:40,715 | INFO | Update  113 | Steps: 115,712 | Episodes:   113 | EpReward:   -34.78 | FPS:     22 | Actor Loss: 0.0004 | Critic Loss: 0.0022
2026-06-08 16:05:40,716 | INFO |   Env | HO: 72.13% | Cont: 98.03% | Task: 83.52% | Resolved: 99.98% | Delay: 2.635s | Energy: 2362.31J | LB: 0.063
2026-06-08 16:05:40,716 | INFO |   Reward | D: -2682.16 | E: -8.65 | Q: 2162.00 | H: 12.80 | LB: -0.00 | Enq: 0.00 | Pen: -1010.65
2026-06-08 16:06:48,832 | INFO | Update  114 | Steps: 116,736 | Episodes:   114 | EpReward:   -34.69 | FPS:     15 | Actor Loss: -0.0002 | Critic Loss: 0.0081
2026-06-08 16:06:48,832 | INFO |   Env | HO: 70.89% | Cont: 98.11% | Task: 80.88% | Resolved: 99.95% | Delay: 2.831s | Energy: 2842.22J | LB: 0.053
2026-06-08 16:06:48,832 | INFO |   Reward | D: -2835.14 | E: -8.99 | Q: 1842.80 | H: 12.77 | LB: 0.06 | Enq: 0.00 | Pen: -1541.62
2026-06-08 16:07:52,854 | INFO | Update  115 | Steps: 117,760 | Episodes:   115 | EpReward:   -34.68 | FPS:     16 | Actor Loss: 0.0003 | Critic Loss: 0.0128
2026-06-08 16:07:52,858 | INFO |   Env | HO: 76.25% | Cont: 98.75% | Task: 78.30% | Resolved: 99.94% | Delay: 2.938s | Energy: 3105.25J | LB: 0.025
2026-06-08 16:07:52,858 | INFO |   Reward | D: -2898.67 | E: -8.97 | Q: 1498.40 | H: 7.59 | LB: 0.01 | Enq: 0.00 | Pen: -1874.62
2026-06-08 16:09:07,510 | INFO | Update  116 | Steps: 118,784 | Episodes:   116 | EpReward:   -34.54 | FPS:     14 | Actor Loss: 0.0004 | Critic Loss: 0.0044
2026-06-08 16:09:07,511 | INFO |   Env | HO: 75.49% | Cont: 97.68% | Task: 82.15% | Resolved: 100.00% | Delay: 2.745s | Energy: 2575.83J | LB: 0.054
2026-06-08 16:09:07,511 | INFO |   Reward | D: -2738.89 | E: -8.82 | Q: 1997.60 | H: 11.71 | LB: 0.04 | Enq: 0.00 | Pen: -1206.02
2026-06-08 16:10:28,443 | INFO | Update  117 | Steps: 119,808 | Episodes:   117 | EpReward:   -34.45 | FPS:     13 | Actor Loss: 0.0002 | Critic Loss: 0.0029
2026-06-08 16:10:28,444 | INFO |   Env | HO: 75.51% | Cont: 98.48% | Task: 81.68% | Resolved: 99.98% | Delay: 2.787s | Energy: 2736.60J | LB: 0.038
2026-06-08 16:10:28,444 | INFO |   Reward | D: -2759.33 | E: -8.88 | Q: 1918.00 | H: 9.26 | LB: 0.01 | Enq: 0.00 | Pen: -1424.11
2026-06-08 16:11:25,620 | INFO | Update  118 | Steps: 120,832 | Episodes:   118 | EpReward:   -34.64 | FPS:     18 | Actor Loss: 0.0008 | Critic Loss: 0.0051
2026-06-08 16:11:25,620 | INFO |   Env | HO: 72.46% | Cont: 98.38% | Task: 80.53% | Resolved: 100.00% | Delay: 2.854s | Energy: 2921.09J | LB: 0.051
2026-06-08 16:11:25,620 | INFO |   Reward | D: -2844.39 | E: -9.00 | Q: 1800.40 | H: 10.37 | LB: 0.05 | Enq: 0.00 | Pen: -1663.21
2026-06-08 16:12:17,971 | INFO | Update  119 | Steps: 121,856 | Episodes:   119 | EpReward:   -34.48 | FPS:     20 | Actor Loss: 0.0005 | Critic Loss: 0.0033
2026-06-08 16:12:17,971 | INFO |   Env | HO: 67.10% | Cont: 97.26% | Task: 81.26% | Resolved: 99.93% | Delay: 2.764s | Energy: 2658.86J | LB: 0.039
2026-06-08 16:12:17,971 | INFO |   Reward | D: -2758.49 | E: -8.88 | Q: 1880.00 | H: 13.01 | LB: 0.01 | Enq: 0.00 | Pen: -1382.25
2026-06-08 16:13:12,988 | INFO | Update  120 | Steps: 122,880 | Episodes:   120 | EpReward:   -34.38 | FPS:     19 | Actor Loss: 0.0005 | Critic Loss: 0.0042
2026-06-08 16:13:12,988 | INFO |   Env | HO: 73.83% | Cont: 98.08% | Task: 80.80% | Resolved: 99.97% | Delay: 2.821s | Energy: 2777.03J | LB: 0.052
2026-06-08 16:13:12,988 | INFO |   Reward | D: -2809.07 | E: -8.82 | Q: 1818.00 | H: 14.57 | LB: 0.05 | Enq: 0.00 | Pen: -1537.34
2026-06-08 16:14:03,751 | INFO | Update  121 | Steps: 123,904 | Episodes:   121 | EpReward:   -34.28 | FPS:     20 | Actor Loss: 0.0011 | Critic Loss: 0.0075
2026-06-08 16:14:03,751 | INFO |   Env | HO: 68.00% | Cont: 97.43% | Task: 80.34% | Resolved: 99.93% | Delay: 2.843s | Energy: 2849.19J | LB: 0.041
2026-06-08 16:14:03,751 | INFO |   Reward | D: -2853.10 | E: -8.88 | Q: 1788.40 | H: 15.14 | LB: 0.08 | Enq: 0.00 | Pen: -1620.36
2026-06-08 16:14:49,691 | INFO | Update  122 | Steps: 124,928 | Episodes:   122 | EpReward:   -34.19 | FPS:     22 | Actor Loss: 0.0007 | Critic Loss: 0.0049
2026-06-08 16:14:49,691 | INFO |   Env | HO: 74.22% | Cont: 97.32% | Task: 82.06% | Resolved: 99.95% | Delay: 2.681s | Energy: 2439.03J | LB: 0.054
2026-06-08 16:14:49,691 | INFO |   Reward | D: -2698.26 | E: -8.63 | Q: 1972.80 | H: 13.62 | LB: 0.10 | Enq: 0.00 | Pen: -1131.45
2026-06-08 16:15:42,513 | INFO | Update  123 | Steps: 125,952 | Episodes:   123 | EpReward:   -34.14 | FPS:     19 | Actor Loss: 0.0005 | Critic Loss: 0.0037
2026-06-08 16:15:42,516 | INFO |   Env | HO: 71.32% | Cont: 98.12% | Task: 80.91% | Resolved: 99.98% | Delay: 2.817s | Energy: 2799.59J | LB: 0.046
2026-06-08 16:15:42,516 | INFO |   Reward | D: -2808.14 | E: -8.83 | Q: 1829.20 | H: 12.23 | LB: 0.04 | Enq: 0.00 | Pen: -1578.55
2026-06-08 16:16:37,092 | INFO | Update  124 | Steps: 126,976 | Episodes:   124 | EpReward:   -34.03 | FPS:     19 | Actor Loss: 0.0004 | Critic Loss: 0.0035
2026-06-08 16:16:37,092 | INFO |   Env | HO: 68.82% | Cont: 97.93% | Task: 81.11% | Resolved: 99.94% | Delay: 2.805s | Energy: 2767.05J | LB: 0.053
2026-06-08 16:16:37,092 | INFO |   Reward | D: -2832.88 | E: -8.93 | Q: 1882.40 | H: 11.99 | LB: 0.00 | Enq: 0.00 | Pen: -1499.07
2026-06-08 16:17:41,753 | INFO | Update  125 | Steps: 128,000 | Episodes:   125 | EpReward:   -33.76 | FPS:     16 | Actor Loss: 0.0002 | Critic Loss: 0.0026
2026-06-08 16:17:41,753 | INFO |   Env | HO: 74.18% | Cont: 98.23% | Task: 83.16% | Resolved: 99.98% | Delay: 2.632s | Energy: 2373.92J | LB: 0.043
2026-06-08 16:17:41,754 | INFO |   Reward | D: -2704.73 | E: -8.63 | Q: 2118.80 | H: 12.83 | LB: 0.07 | Enq: 0.00 | Pen: -1040.44
2026-06-08 16:18:44,884 | INFO | Update  126 | Steps: 129,024 | Episodes:   126 | EpReward:   -33.62 | FPS:     16 | Actor Loss: 0.0000 | Critic Loss: 0.0012
2026-06-08 16:18:44,885 | INFO |   Env | HO: 74.02% | Cont: 97.35% | Task: 82.43% | Resolved: 99.99% | Delay: 2.671s | Energy: 2366.81J | LB: 0.042
2026-06-08 16:18:44,885 | INFO |   Reward | D: -2698.92 | E: -8.50 | Q: 2034.40 | H: 15.11 | LB: 0.07 | Enq: 0.00 | Pen: -1060.47
2026-06-08 16:19:56,607 | INFO | Update  127 | Steps: 130,048 | Episodes:   127 | EpReward:   -33.50 | FPS:     14 | Actor Loss: 0.0004 | Critic Loss: 0.0035
2026-06-08 16:19:56,607 | INFO |   Env | HO: 72.05% | Cont: 97.93% | Task: 81.70% | Resolved: 99.99% | Delay: 2.784s | Energy: 2654.50J | LB: 0.062
2026-06-08 16:19:56,607 | INFO |   Reward | D: -2729.93 | E: -8.77 | Q: 1911.60 | H: 14.34 | LB: 0.06 | Enq: 0.00 | Pen: -1361.64
2026-06-08 16:20:52,812 | INFO | Update  128 | Steps: 131,072 | Episodes:   128 | EpReward:   -33.56 | FPS:     18 | Actor Loss: 0.0002 | Critic Loss: 0.0059
2026-06-08 16:20:52,813 | INFO |   Env | HO: 71.35% | Cont: 97.62% | Task: 80.73% | Resolved: 99.99% | Delay: 2.826s | Energy: 2756.33J | LB: 0.044
2026-06-08 16:20:52,813 | INFO |   Reward | D: -2799.13 | E: -8.74 | Q: 1806.40 | H: 16.94 | LB: 0.06 | Enq: 0.00 | Pen: -1512.21
2026-06-08 16:21:43,848 | INFO | Update  129 | Steps: 132,096 | Episodes:   129 | EpReward:   -33.51 | FPS:     20 | Actor Loss: 0.0003 | Critic Loss: 0.0053
2026-06-08 16:21:43,848 | INFO |   Env | HO: 70.29% | Cont: 98.18% | Task: 80.41% | Resolved: 99.97% | Delay: 2.852s | Energy: 2907.74J | LB: 0.047
2026-06-08 16:21:43,852 | INFO |   Reward | D: -2853.50 | E: -9.04 | Q: 1791.60 | H: 11.82 | LB: 0.02 | Enq: 0.00 | Pen: -1634.09
2026-06-08 16:22:27,097 | INFO | Update  130 | Steps: 133,120 | Episodes:   130 | EpReward:   -33.43 | FPS:     24 | Actor Loss: 0.0002 | Critic Loss: 0.0027
2026-06-08 16:22:27,097 | INFO |   Env | HO: 67.04% | Cont: 97.77% | Task: 81.48% | Resolved: 99.98% | Delay: 2.778s | Energy: 2744.50J | LB: 0.073
2026-06-08 16:22:27,098 | INFO |   Reward | D: -2824.41 | E: -9.08 | Q: 1938.80 | H: 14.61 | LB: 0.02 | Enq: 0.00 | Pen: -1493.63
2026-06-08 16:23:33,838 | INFO | Update  131 | Steps: 134,144 | Episodes:   131 | EpReward:   -33.59 | FPS:     15 | Actor Loss: 0.0002 | Critic Loss: 0.0016
2026-06-08 16:23:33,838 | INFO |   Env | HO: 76.62% | Cont: 98.43% | Task: 81.06% | Resolved: 100.00% | Delay: 2.810s | Energy: 2769.24J | LB: 0.057
2026-06-08 16:23:33,838 | INFO |   Reward | D: -2811.66 | E: -8.73 | Q: 1859.60 | H: 12.99 | LB: 0.10 | Enq: 0.00 | Pen: -1501.48
2026-06-08 16:24:28,326 | INFO | Update  132 | Steps: 135,168 | Episodes:   132 | EpReward:   -33.51 | FPS:     19 | Actor Loss: -0.0002 | Critic Loss: 0.0024
2026-06-08 16:24:28,329 | INFO |   Env | HO: 74.83% | Cont: 97.95% | Task: 82.39% | Resolved: 99.95% | Delay: 2.744s | Energy: 2544.32J | LB: 0.057
2026-06-08 16:24:28,329 | INFO |   Reward | D: -2738.49 | E: -8.62 | Q: 2026.00 | H: 14.14 | LB: 0.05 | Enq: 0.00 | Pen: -1251.69
2026-06-08 16:25:22,272 | INFO | Update  133 | Steps: 136,192 | Episodes:   133 | EpReward:   -33.21 | FPS:     19 | Actor Loss: 0.0006 | Critic Loss: 0.0017
2026-06-08 16:25:22,272 | INFO |   Env | HO: 70.51% | Cont: 97.29% | Task: 83.23% | Resolved: 99.98% | Delay: 2.658s | Energy: 2365.67J | LB: 0.046
2026-06-08 16:25:22,272 | INFO |   Reward | D: -2675.72 | E: -8.58 | Q: 2132.00 | H: 15.73 | LB: 0.02 | Enq: 0.00 | Pen: -1046.02
2026-06-08 16:26:19,239 | INFO | Update  134 | Steps: 137,216 | Episodes:   134 | EpReward:   -32.98 | FPS:     18 | Actor Loss: 0.0003 | Critic Loss: 0.0006
2026-06-08 16:26:19,239 | INFO |   Env | HO: 70.88% | Cont: 97.81% | Task: 81.79% | Resolved: 99.98% | Delay: 2.757s | Energy: 2626.06J | LB: 0.051
2026-06-08 16:26:19,239 | INFO |   Reward | D: -2781.17 | E: -8.74 | Q: 1961.20 | H: 12.42 | LB: 0.06 | Enq: 0.00 | Pen: -1350.90
2026-06-08 16:27:14,016 | INFO | Update  135 | Steps: 138,240 | Episodes:   135 | EpReward:   -32.92 | FPS:     19 | Actor Loss: -0.0001 | Critic Loss: 0.0028
2026-06-08 16:27:14,016 | INFO |   Env | HO: 72.95% | Cont: 98.12% | Task: 81.24% | Resolved: 100.00% | Delay: 2.805s | Energy: 2731.29J | LB: 0.047
2026-06-08 16:27:14,016 | INFO |   Reward | D: -2764.77 | E: -8.72 | Q: 1872.00 | H: 12.46 | LB: 0.10 | Enq: 0.00 | Pen: -1445.68
2026-06-08 16:28:02,220 | INFO | Update  136 | Steps: 139,264 | Episodes:   136 | EpReward:   -32.85 | FPS:     21 | Actor Loss: 0.0006 | Critic Loss: 0.0094
2026-06-08 16:28:02,220 | INFO |   Env | HO: 70.91% | Cont: 95.56% | Task: 80.92% | Resolved: 99.93% | Delay: 2.802s | Energy: 2599.78J | LB: 0.060
2026-06-08 16:28:02,221 | INFO |   Reward | D: -2734.45 | E: -8.52 | Q: 1832.80 | H: 30.41 | LB: 0.42 | Enq: 0.00 | Pen: -1431.52
2026-06-08 16:28:48,487 | INFO | Update  137 | Steps: 140,288 | Episodes:   137 | EpReward:   -32.82 | FPS:     22 | Actor Loss: 0.0002 | Critic Loss: 0.0099
2026-06-08 16:28:48,487 | INFO |   Env | HO: 71.24% | Cont: 94.04% | Task: 79.06% | Resolved: 99.97% | Delay: 2.811s | Energy: 2494.87J | LB: 0.061
2026-06-08 16:28:48,487 | INFO |   Reward | D: -2677.32 | E: -8.43 | Q: 1594.00 | H: 29.77 | LB: 0.29 | Enq: 0.00 | Pen: -1341.62
2026-06-08 16:29:50,524 | INFO | Update  138 | Steps: 141,312 | Episodes:   138 | EpReward:   -32.87 | FPS:     17 | Actor Loss: 0.0005 | Critic Loss: 0.0065
2026-06-08 16:29:50,524 | INFO |   Env | HO: 71.22% | Cont: 95.73% | Task: 79.74% | Resolved: 99.96% | Delay: 2.818s | Energy: 2632.55J | LB: 0.048
2026-06-08 16:29:50,524 | INFO |   Reward | D: -2745.72 | E: -8.57 | Q: 1690.00 | H: 20.40 | LB: 0.06 | Enq: 0.00 | Pen: -1450.98
2026-06-08 16:30:29,220 | INFO | Update  139 | Steps: 142,336 | Episodes:   139 | EpReward:   -33.02 | FPS:     26 | Actor Loss: 0.0018 | Critic Loss: 0.0045
2026-06-08 16:30:29,220 | INFO |   Env | HO: 70.77% | Cont: 93.61% | Task: 80.76% | Resolved: 99.96% | Delay: 2.686s | Energy: 2255.69J | LB: 0.041
2026-06-08 16:30:29,220 | INFO |   Reward | D: -2614.65 | E: -8.40 | Q: 1823.20 | H: 23.83 | LB: 0.09 | Enq: 0.00 | Pen: -1075.11
2026-06-08 16:31:17,584 | INFO | Update  140 | Steps: 143,360 | Episodes:   140 | EpReward:   -33.17 | FPS:     21 | Actor Loss: 0.0003 | Critic Loss: 0.0116
2026-06-08 16:31:17,584 | INFO |   Env | HO: 67.84% | Cont: 97.17% | Task: 81.56% | Resolved: 99.97% | Delay: 2.764s | Energy: 2612.92J | LB: 0.050
2026-06-08 16:31:17,584 | INFO |   Reward | D: -2746.10 | E: -8.75 | Q: 1918.80 | H: 14.99 | LB: 0.06 | Enq: 0.00 | Pen: -1361.86
2026-06-08 16:32:03,696 | INFO | Update  141 | Steps: 144,384 | Episodes:   141 | EpReward:   -33.17 | FPS:     22 | Actor Loss: 0.0007 | Critic Loss: 0.0033
2026-06-08 16:32:03,696 | INFO |   Env | HO: 69.41% | Cont: 97.99% | Task: 81.86% | Resolved: 99.94% | Delay: 2.694s | Energy: 2528.26J | LB: 0.080
2026-06-08 16:32:03,696 | INFO |   Reward | D: -2750.83 | E: -8.71 | Q: 1966.80 | H: 10.81 | LB: 0.02 | Enq: 0.00 | Pen: -1217.21
2026-06-08 16:32:51,638 | INFO | Update  142 | Steps: 145,408 | Episodes:   142 | EpReward:   -33.18 | FPS:     21 | Actor Loss: 0.0004 | Critic Loss: 0.0041
2026-06-08 16:32:51,638 | INFO |   Env | HO: 72.24% | Cont: 97.52% | Task: 81.57% | Resolved: 99.99% | Delay: 2.767s | Energy: 2625.60J | LB: 0.053
2026-06-08 16:32:51,638 | INFO |   Reward | D: -2735.49 | E: -8.69 | Q: 1910.80 | H: 14.78 | LB: 0.09 | Enq: 0.00 | Pen: -1339.37
2026-06-08 16:33:36,352 | INFO | Update  143 | Steps: 146,432 | Episodes:   143 | EpReward:   -33.10 | FPS:     23 | Actor Loss: 0.0001 | Critic Loss: 0.0019
2026-06-08 16:33:36,352 | INFO |   Env | HO: 72.03% | Cont: 97.68% | Task: 81.59% | Resolved: 100.00% | Delay: 2.735s | Energy: 2607.38J | LB: 0.047
2026-06-08 16:33:36,352 | INFO |   Reward | D: -2767.47 | E: -8.86 | Q: 1930.00 | H: 12.41 | LB: 0.06 | Enq: 0.00 | Pen: -1331.12
2026-06-08 16:34:24,174 | INFO | Update  144 | Steps: 147,456 | Episodes:   144 | EpReward:   -33.03 | FPS:     21 | Actor Loss: 0.0003 | Critic Loss: 0.0022
2026-06-08 16:34:24,174 | INFO |   Env | HO: 69.61% | Cont: 97.67% | Task: 81.11% | Resolved: 99.99% | Delay: 2.735s | Energy: 2549.06J | LB: 0.047
2026-06-08 16:34:24,174 | INFO |   Reward | D: -2739.77 | E: -8.56 | Q: 1849.20 | H: 11.90 | LB: 0.00 | Enq: 0.00 | Pen: -1279.46
2026-06-08 16:35:14,731 | INFO | Update  145 | Steps: 148,480 | Episodes:   145 | EpReward:   -33.24 | FPS:     20 | Actor Loss: 0.0002 | Critic Loss: 0.0024
2026-06-08 16:35:14,731 | INFO |   Env | HO: 72.16% | Cont: 97.63% | Task: 80.73% | Resolved: 99.99% | Delay: 2.841s | Energy: 2855.23J | LB: 0.053
2026-06-08 16:35:14,731 | INFO |   Reward | D: -2832.45 | E: -8.98 | Q: 1842.80 | H: 11.25 | LB: 0.04 | Enq: 0.00 | Pen: -1567.96
2026-06-08 16:36:21,457 | INFO | Update  146 | Steps: 149,504 | Episodes:   146 | EpReward:   -33.12 | FPS:     15 | Actor Loss: 0.0006 | Critic Loss: 0.0016
2026-06-08 16:36:21,457 | INFO |   Env | HO: 69.85% | Cont: 98.21% | Task: 82.49% | Resolved: 99.96% | Delay: 2.717s | Energy: 2587.69J | LB: 0.073
2026-06-08 16:36:21,457 | INFO |   Reward | D: -2749.86 | E: -8.76 | Q: 2051.60 | H: 11.14 | LB: 0.01 | Enq: 0.00 | Pen: -1253.12
2026-06-08 16:37:07,266 | INFO | Update  147 | Steps: 150,528 | Episodes:   147 | EpReward:   -32.93 | FPS:     22 | Actor Loss: 0.0003 | Critic Loss: 0.0046
2026-06-08 16:37:07,266 | INFO |   Env | HO: 74.17% | Cont: 97.95% | Task: 82.09% | Resolved: 99.99% | Delay: 2.726s | Energy: 2570.76J | LB: 0.057
2026-06-08 16:37:07,266 | INFO |   Reward | D: -2734.97 | E: -8.73 | Q: 1979.20 | H: 12.21 | LB: 0.01 | Enq: 0.00 | Pen: -1258.53
2026-06-08 16:37:07,266 | INFO | ----------------------------------------
2026-06-08 16:37:07,266 | INFO | 开始评估...
2026-06-08 16:38:25,651 | INFO | 评估结果: 奖励 = -47.69 ± 3.92, 长度 = 600, 时延 = 2.919s, 能耗 = 5475.26J, 负载均衡 = 0.034
2026-06-08 16:38:25,652 | INFO | 新的最佳模型 (average delay): score = -2.9190, delay = 2.919s, completion = 78.95%, continuity = 98.77%, load_balance = 0.034
2026-06-08 16:38:25,722 | INFO | 模型已保存: /home/pjpjq/LEO_switch/results/full_train_latency_priority_multiuser_u30_multiuser_6_7/best_model.pt
2026-06-08 16:38:25,723 | INFO | 新的最佳奖励: -47.69
2026-06-08 16:38:25,723 | INFO | ----------------------------------------
2026-06-08 16:39:29,754 | INFO | Update  148 | Steps: 151,552 | Episodes:   148 | EpReward:   -32.79 | FPS:     16 | Actor Loss: 0.0004 | Critic Loss: 0.0031
2026-06-08 16:39:29,755 | INFO |   Env | HO: 76.95% | Cont: 98.06% | Task: 81.18% | Resolved: 99.97% | Delay: 2.803s | Energy: 2751.59J | LB: 0.058
2026-06-08 16:39:29,755 | INFO |   Reward | D: -2806.76 | E: -8.86 | Q: 1881.20 | H: 14.58 | LB: 0.04 | Enq: 0.00 | Pen: -1438.37
2026-06-08 16:40:36,370 | INFO | Update  149 | Steps: 152,576 | Episodes:   149 | EpReward:   -32.64 | FPS:     15 | Actor Loss: 0.0006 | Critic Loss: 0.0007
2026-06-08 16:40:36,370 | INFO |   Env | HO: 75.19% | Cont: 98.41% | Task: 82.53% | Resolved: 99.99% | Delay: 2.712s | Energy: 2577.87J | LB: 0.056
2026-06-08 16:40:36,370 | INFO |   Reward | D: -2761.81 | E: -8.81 | Q: 2048.80 | H: 11.93 | LB: 0.02 | Enq: 0.00 | Pen: -1249.63
2026-06-08 16:41:24,570 | INFO | Update  150 | Steps: 153,600 | Episodes:   150 | EpReward:   -32.69 | FPS:     21 | Actor Loss: 0.0001 | Critic Loss: 0.0013
2026-06-08 16:41:24,570 | INFO |   Env | HO: 74.36% | Cont: 98.05% | Task: 81.50% | Resolved: 99.98% | Delay: 2.785s | Energy: 2700.66J | LB: 0.062
2026-06-08 16:41:24,570 | INFO |   Reward | D: -2782.77 | E: -8.89 | Q: 1920.80 | H: 12.28 | LB: 0.18 | Enq: 0.00 | Pen: -1393.85
2026-06-08 16:42:10,340 | INFO | Update  151 | Steps: 154,624 | Episodes:   151 | EpReward:   -32.52 | FPS:     22 | Actor Loss: -0.0000 | Critic Loss: 0.0020
2026-06-08 16:42:10,343 | INFO |   Env | HO: 72.08% | Cont: 97.77% | Task: 82.44% | Resolved: 99.89% | Delay: 2.663s | Energy: 2373.50J | LB: 0.035
2026-06-08 16:42:10,343 | INFO |   Reward | D: -2698.92 | E: -8.44 | Q: 2023.20 | H: 10.45 | LB: 0.01 | Enq: 0.00 | Pen: -1115.17
2026-06-08 16:42:58,931 | INFO | Update  152 | Steps: 155,648 | Episodes:   152 | EpReward:   -32.45 | FPS:     21 | Actor Loss: 0.0003 | Critic Loss: 0.0080
2026-06-08 16:42:58,931 | INFO |   Env | HO: 73.66% | Cont: 98.00% | Task: 81.19% | Resolved: 99.98% | Delay: 2.796s | Energy: 2665.83J | LB: 0.043
2026-06-08 16:42:58,931 | INFO |   Reward | D: -2765.94 | E: -8.53 | Q: 1859.60 | H: 11.85 | LB: 0.03 | Enq: 0.00 | Pen: -1448.92
2026-06-08 16:43:43,571 | INFO | Update  153 | Steps: 156,672 | Episodes:   153 | EpReward:   -32.25 | FPS:     23 | Actor Loss: 0.0007 | Critic Loss: 0.0028
2026-06-08 16:43:43,571 | INFO |   Env | HO: 69.27% | Cont: 98.12% | Task: 81.16% | Resolved: 99.98% | Delay: 2.786s | Energy: 2656.42J | LB: 0.050
2026-06-08 16:43:43,571 | INFO |   Reward | D: -2766.67 | E: -8.53 | Q: 1860.00 | H: 9.21 | LB: 0.02 | Enq: 0.00 | Pen: -1431.21
2026-06-08 16:44:36,001 | INFO | Update  154 | Steps: 157,696 | Episodes:   154 | EpReward:   -32.08 | FPS:     20 | Actor Loss: 0.0004 | Critic Loss: 0.0008
2026-06-08 16:44:36,001 | INFO |   Env | HO: 70.11% | Cont: 98.28% | Task: 82.14% | Resolved: 99.97% | Delay: 2.743s | Energy: 2583.49J | LB: 0.048
2026-06-08 16:44:36,001 | INFO |   Reward | D: -2755.91 | E: -8.57 | Q: 1990.00 | H: 11.11 | LB: 0.09 | Enq: 0.00 | Pen: -1305.88
2026-06-08 16:45:35,326 | INFO | Update  155 | Steps: 158,720 | Episodes:   155 | EpReward:   -31.87 | FPS:     17 | Actor Loss: 0.0006 | Critic Loss: 0.0020
2026-06-08 16:45:35,326 | INFO |   Env | HO: 73.72% | Cont: 97.61% | Task: 81.79% | Resolved: 99.97% | Delay: 2.710s | Energy: 2440.27J | LB: 0.048
2026-06-08 16:45:35,326 | INFO |   Reward | D: -2716.56 | E: -8.33 | Q: 1924.00 | H: 14.00 | LB: 0.04 | Enq: 0.00 | Pen: -1223.53
2026-06-08 16:46:36,963 | INFO | Update  156 | Steps: 159,744 | Episodes:   156 | EpReward:   -31.87 | FPS:     17 | Actor Loss: 0.0004 | Critic Loss: 0.0037
2026-06-08 16:46:36,963 | INFO |   Env | HO: 78.38% | Cont: 98.23% | Task: 80.54% | Resolved: 99.96% | Delay: 2.805s | Energy: 2682.40J | LB: 0.055
2026-06-08 16:46:36,965 | INFO |   Reward | D: -2781.20 | E: -8.46 | Q: 1768.40 | H: 14.03 | LB: 0.05 | Enq: 0.00 | Pen: -1452.83
2026-06-08 16:47:31,589 | INFO | Update  157 | Steps: 160,768 | Episodes:   157 | EpReward:   -31.80 | FPS:     19 | Actor Loss: 0.0007 | Critic Loss: 0.0030
2026-06-08 16:47:31,589 | INFO |   Env | HO: 68.65% | Cont: 97.61% | Task: 80.99% | Resolved: 99.97% | Delay: 2.774s | Energy: 2615.21J | LB: 0.057
2026-06-08 16:47:31,589 | INFO |   Reward | D: -2796.83 | E: -8.52 | Q: 1862.00 | H: 15.34 | LB: 0.02 | Enq: 0.00 | Pen: -1402.65
2026-06-08 16:48:35,513 | INFO | Update  158 | Steps: 161,792 | Episodes:   158 | EpReward:   -31.74 | FPS:     16 | Actor Loss: 0.0006 | Critic Loss: 0.0069
2026-06-08 16:48:35,517 | INFO |   Env | HO: 70.55% | Cont: 98.07% | Task: 80.85% | Resolved: 100.00% | Delay: 2.802s | Energy: 2726.22J | LB: 0.056
2026-06-08 16:48:35,517 | INFO |   Reward | D: -2814.19 | E: -8.75 | Q: 1839.60 | H: 13.11 | LB: 0.08 | Enq: 0.00 | Pen: -1525.94
2026-06-08 16:49:34,237 | INFO | Update  159 | Steps: 162,816 | Episodes:   159 | EpReward:   -31.80 | FPS:     17 | Actor Loss: 0.0002 | Critic Loss: 0.0062
2026-06-08 16:49:34,237 | INFO |   Env | HO: 68.81% | Cont: 97.64% | Task: 81.79% | Resolved: 99.96% | Delay: 2.783s | Energy: 2649.10J | LB: 0.046
2026-06-08 16:49:34,237 | INFO |   Reward | D: -2772.96 | E: -8.65 | Q: 1960.40 | H: 12.79 | LB: 0.02 | Enq: 0.00 | Pen: -1367.05
2026-06-08 16:50:34,322 | INFO | Update  160 | Steps: 163,840 | Episodes:   160 | EpReward:   -31.91 | FPS:     17 | Actor Loss: 0.0001 | Critic Loss: 0.0051
2026-06-08 16:50:34,322 | INFO |   Env | HO: 67.43% | Cont: 97.45% | Task: 81.66% | Resolved: 99.97% | Delay: 2.766s | Energy: 2607.09J | LB: 0.062
2026-06-08 16:50:34,322 | INFO |   Reward | D: -2758.23 | E: -8.61 | Q: 1941.20 | H: 12.35 | LB: 0.05 | Enq: 0.00 | Pen: -1360.69
2026-06-08 16:51:22,758 | INFO | Update  161 | Steps: 164,864 | Episodes:   161 | EpReward:   -31.86 | FPS:     21 | Actor Loss: 0.0006 | Critic Loss: 0.0031
2026-06-08 16:51:22,759 | INFO |   Env | HO: 68.70% | Cont: 98.33% | Task: 80.36% | Resolved: 99.99% | Delay: 2.860s | Energy: 2803.87J | LB: 0.038
2026-06-08 16:51:22,759 | INFO |   Reward | D: -2823.37 | E: -8.49 | Q: 1754.00 | H: 10.90 | LB: 0.02 | Enq: 0.00 | Pen: -1633.73
2026-06-08 16:52:22,681 | INFO | Update  162 | Steps: 165,888 | Episodes:   162 | EpReward:   -31.73 | FPS:     17 | Actor Loss: 0.0001 | Critic Loss: 0.0024
2026-06-08 16:52:22,682 | INFO |   Env | HO: 73.68% | Cont: 97.63% | Task: 81.06% | Resolved: 99.99% | Delay: 2.746s | Energy: 2536.32J | LB: 0.054
2026-06-08 16:52:22,682 | INFO |   Reward | D: -2773.44 | E: -8.39 | Q: 1868.00 | H: 11.07 | LB: 0.01 | Enq: 0.00 | Pen: -1344.40
2026-06-08 16:53:27,113 | INFO | Update  163 | Steps: 166,912 | Episodes:   163 | EpReward:   -31.54 | FPS:     16 | Actor Loss: 0.0003 | Critic Loss: 0.0031
2026-06-08 16:53:27,114 | INFO |   Env | HO: 77.38% | Cont: 97.92% | Task: 82.59% | Resolved: 99.97% | Delay: 2.679s | Energy: 2392.01J | LB: 0.047
2026-06-08 16:53:27,114 | INFO |   Reward | D: -2700.91 | E: -8.30 | Q: 2040.00 | H: 11.88 | LB: 0.01 | Enq: 0.00 | Pen: -1171.02
2026-06-08 16:54:18,726 | INFO | Update  164 | Steps: 167,936 | Episodes:   164 | EpReward:   -31.43 | FPS:     20 | Actor Loss: 0.0002 | Critic Loss: 0.0063
2026-06-08 16:54:18,727 | INFO |   Env | HO: 73.05% | Cont: 98.20% | Task: 80.54% | Resolved: 99.96% | Delay: 2.873s | Energy: 2795.44J | LB: 0.061
2026-06-08 16:54:18,727 | INFO |   Reward | D: -2827.05 | E: -8.42 | Q: 1776.00 | H: 13.81 | LB: 0.12 | Enq: 0.00 | Pen: -1647.61
2026-06-08 16:55:26,020 | INFO | Update  165 | Steps: 168,960 | Episodes:   165 | EpReward:   -31.32 | FPS:     15 | Actor Loss: 0.0003 | Critic Loss: 0.0039
2026-06-08 16:55:26,020 | INFO |   Env | HO: 64.46% | Cont: 97.59% | Task: 81.94% | Resolved: 99.97% | Delay: 2.748s | Energy: 2521.33J | LB: 0.067
2026-06-08 16:55:26,021 | INFO |   Reward | D: -2758.21 | E: -8.43 | Q: 1976.00 | H: 14.84 | LB: 0.04 | Enq: 0.00 | Pen: -1287.90
2026-06-08 16:56:23,064 | INFO | Update  166 | Steps: 169,984 | Episodes:   166 | EpReward:   -31.24 | FPS:     18 | Actor Loss: 0.0001 | Critic Loss: 0.0046
2026-06-08 16:56:23,064 | INFO |   Env | HO: 68.77% | Cont: 97.97% | Task: 81.47% | Resolved: 99.99% | Delay: 2.777s | Energy: 2608.00J | LB: 0.058
2026-06-08 16:56:23,064 | INFO |   Reward | D: -2805.44 | E: -8.33 | Q: 1909.60 | H: 15.16 | LB: 0.06 | Enq: 0.00 | Pen: -1422.14
2026-06-08 16:57:10,490 | INFO | Update  167 | Steps: 171,008 | Episodes:   167 | EpReward:   -31.15 | FPS:     22 | Actor Loss: 0.0000 | Critic Loss: 0.0016
2026-06-08 16:57:10,490 | INFO |   Env | HO: 74.40% | Cont: 97.62% | Task: 81.94% | Resolved: 99.97% | Delay: 2.722s | Energy: 2479.02J | LB: 0.056
2026-06-08 16:57:10,491 | INFO |   Reward | D: -2757.59 | E: -8.35 | Q: 1978.80 | H: 15.23 | LB: 0.06 | Enq: 0.00 | Pen: -1233.56
2026-06-08 16:57:57,208 | INFO | Update  168 | Steps: 172,032 | Episodes:   168 | EpReward:   -30.90 | FPS:     22 | Actor Loss: 0.0008 | Critic Loss: 0.0035
2026-06-08 16:57:57,209 | INFO |   Env | HO: 70.02% | Cont: 96.32% | Task: 82.24% | Resolved: 100.00% | Delay: 2.706s | Energy: 2426.11J | LB: 0.056
2026-06-08 16:57:57,209 | INFO |   Reward | D: -2734.76 | E: -8.56 | Q: 2027.60 | H: 26.50 | LB: 0.06 | Enq: 0.00 | Pen: -1155.12
2026-06-08 16:58:46,515 | INFO | Update  169 | Steps: 173,056 | Episodes:   169 | EpReward:   -31.02 | FPS:     21 | Actor Loss: 0.0003 | Critic Loss: 0.0101
2026-06-08 16:58:46,515 | INFO |   Env | HO: 68.50% | Cont: 96.77% | Task: 79.95% | Resolved: 99.98% | Delay: 2.836s | Energy: 2695.70J | LB: 0.053
2026-06-08 16:58:46,515 | INFO |   Reward | D: -2805.48 | E: -8.43 | Q: 1710.80 | H: 21.40 | LB: 0.05 | Enq: 0.00 | Pen: -1538.00
2026-06-08 16:59:33,846 | INFO | Update  170 | Steps: 174,080 | Episodes:   170 | EpReward:   -30.89 | FPS:     22 | Actor Loss: 0.0009 | Critic Loss: 0.0064
2026-06-08 16:59:33,846 | INFO |   Env | HO: 74.65% | Cont: 97.32% | Task: 80.70% | Resolved: 99.99% | Delay: 2.835s | Energy: 2686.32J | LB: 0.060
2026-06-08 16:59:33,846 | INFO |   Reward | D: -2786.20 | E: -8.35 | Q: 1798.40 | H: 23.44 | LB: 0.06 | Enq: 0.00 | Pen: -1526.43
2026-06-08 17:00:26,520 | INFO | Update  171 | Steps: 175,104 | Episodes:   171 | EpReward:   -30.92 | FPS:     19 | Actor Loss: 0.0003 | Critic Loss: 0.0024
2026-06-08 17:00:26,520 | INFO |   Env | HO: 67.99% | Cont: 96.23% | Task: 80.59% | Resolved: 99.96% | Delay: 2.841s | Energy: 2685.21J | LB: 0.066
2026-06-08 17:00:26,520 | INFO |   Reward | D: -2793.89 | E: -8.40 | Q: 1788.80 | H: 30.75 | LB: 0.07 | Enq: 0.00 | Pen: -1531.90
2026-06-08 17:01:15,342 | INFO | Update  172 | Steps: 176,128 | Episodes:   172 | EpReward:   -30.94 | FPS:     21 | Actor Loss: 0.0008 | Critic Loss: 0.0031
2026-06-08 17:01:15,343 | INFO |   Env | HO: 68.48% | Cont: 95.76% | Task: 81.81% | Resolved: 99.94% | Delay: 2.722s | Energy: 2377.11J | LB: 0.073
2026-06-08 17:01:15,343 | INFO |   Reward | D: -2686.15 | E: -8.11 | Q: 1929.20 | H: 27.28 | LB: 0.15 | Enq: 0.00 | Pen: -1243.97
2026-06-08 17:02:01,313 | INFO | Update  173 | Steps: 177,152 | Episodes:   173 | EpReward:   -30.84 | FPS:     22 | Actor Loss: 0.0010 | Critic Loss: 0.0032
2026-06-08 17:02:01,313 | INFO |   Env | HO: 71.76% | Cont: 95.74% | Task: 81.17% | Resolved: 99.94% | Delay: 2.766s | Energy: 2507.79J | LB: 0.085
2026-06-08 17:02:01,313 | INFO |   Reward | D: -2718.24 | E: -8.39 | Q: 1849.20 | H: 33.90 | LB: 0.17 | Enq: 0.00 | Pen: -1352.64
2026-06-08 17:02:50,775 | INFO | Update  174 | Steps: 178,176 | Episodes:   174 | EpReward:   -30.67 | FPS:     21 | Actor Loss: 0.0003 | Critic Loss: 0.0029
2026-06-08 17:02:50,779 | INFO |   Env | HO: 67.33% | Cont: 95.21% | Task: 80.99% | Resolved: 99.96% | Delay: 2.779s | Energy: 2525.37J | LB: 0.067
2026-06-08 17:02:50,779 | INFO |   Reward | D: -2752.65 | E: -8.44 | Q: 1851.60 | H: 33.22 | LB: 0.15 | Enq: 0.00 | Pen: -1375.76
2026-06-08 17:03:43,459 | INFO | Update  175 | Steps: 179,200 | Episodes:   175 | EpReward:   -30.66 | FPS:     19 | Actor Loss: 0.0004 | Critic Loss: 0.0030
2026-06-08 17:03:43,459 | INFO |   Env | HO: 70.22% | Cont: 95.22% | Task: 80.46% | Resolved: 99.98% | Delay: 2.766s | Energy: 2485.82J | LB: 0.080
2026-06-08 17:03:43,460 | INFO |   Reward | D: -2730.36 | E: -8.44 | Q: 1783.20 | H: 31.85 | LB: 0.20 | Enq: 0.00 | Pen: -1339.22
2026-06-08 17:04:37,111 | INFO | Update  176 | Steps: 180,224 | Episodes:   176 | EpReward:   -30.68 | FPS:     19 | Actor Loss: 0.0002 | Critic Loss: 0.0064
2026-06-08 17:04:37,111 | INFO |   Env | HO: 70.38% | Cont: 95.36% | Task: 81.19% | Resolved: 99.96% | Delay: 2.751s | Energy: 2463.27J | LB: 0.043
2026-06-08 17:04:37,112 | INFO |   Reward | D: -2749.98 | E: -8.39 | Q: 1885.60 | H: 34.04 | LB: 0.12 | Enq: 0.00 | Pen: -1308.00
2026-06-08 17:05:47,793 | INFO | Update  177 | Steps: 181,248 | Episodes:   177 | EpReward:   -30.84 | FPS:     14 | Actor Loss: 0.0007 | Critic Loss: 0.0053
2026-06-08 17:05:47,793 | INFO |   Env | HO: 71.82% | Cont: 96.48% | Task: 81.33% | Resolved: 99.94% | Delay: 2.740s | Energy: 2539.79J | LB: 0.068
2026-06-08 17:05:47,793 | INFO |   Reward | D: -2772.09 | E: -8.50 | Q: 1903.20 | H: 29.02 | LB: 0.16 | Enq: 0.00 | Pen: -1321.27
2026-06-08 17:06:40,347 | INFO | Update  178 | Steps: 182,272 | Episodes:   178 | EpReward:   -30.86 | FPS:     19 | Actor Loss: 0.0001 | Critic Loss: 0.0078
2026-06-08 17:06:40,348 | INFO |   Env | HO: 69.92% | Cont: 95.11% | Task: 81.10% | Resolved: 99.97% | Delay: 2.708s | Energy: 2411.83J | LB: 0.081
2026-06-08 17:06:40,348 | INFO |   Reward | D: -2736.85 | E: -8.55 | Q: 1888.40 | H: 32.03 | LB: 0.09 | Enq: 0.00 | Pen: -1203.36
2026-06-08 17:07:40,419 | INFO | Update  179 | Steps: 183,296 | Episodes:   179 | EpReward:   -30.83 | FPS:     17 | Actor Loss: 0.0002 | Critic Loss: 0.0043
2026-06-08 17:07:40,419 | INFO |   Env | HO: 69.00% | Cont: 95.88% | Task: 81.10% | Resolved: 100.00% | Delay: 2.747s | Energy: 2506.97J | LB: 0.072
2026-06-08 17:07:40,419 | INFO |   Reward | D: -2741.35 | E: -8.55 | Q: 1864.00 | H: 27.98 | LB: 0.17 | Enq: 0.00 | Pen: -1350.99
2026-06-08 17:08:30,638 | INFO | Update  180 | Steps: 184,320 | Episodes:   180 | EpReward:   -30.83 | FPS:     20 | Actor Loss: 0.0002 | Critic Loss: 0.0093
2026-06-08 17:08:30,638 | INFO |   Env | HO: 73.05% | Cont: 96.46% | Task: 81.16% | Resolved: 99.95% | Delay: 2.733s | Energy: 2473.39J | LB: 0.064
2026-06-08 17:08:30,638 | INFO |   Reward | D: -2766.31 | E: -8.49 | Q: 1889.60 | H: 21.58 | LB: 0.10 | Enq: 0.00 | Pen: -1273.41
2026-06-08 17:09:34,446 | INFO | Update  181 | Steps: 185,344 | Episodes:   181 | EpReward:   -30.72 | FPS:     16 | Actor Loss: 0.0003 | Critic Loss: 0.0048
2026-06-08 17:09:34,446 | INFO |   Env | HO: 70.26% | Cont: 95.77% | Task: 81.71% | Resolved: 99.96% | Delay: 2.661s | Energy: 2233.17J | LB: 0.052
2026-06-08 17:09:34,446 | INFO |   Reward | D: -2630.01 | E: -8.12 | Q: 1927.60 | H: 20.20 | LB: -0.01 | Enq: 0.00 | Pen: -1086.86
2026-06-08 17:10:39,143 | INFO | Update  182 | Steps: 186,368 | Episodes:   182 | EpReward:   -30.95 | FPS:     16 | Actor Loss: 0.0002 | Critic Loss: 0.0126
2026-06-08 17:10:39,144 | INFO |   Env | HO: 68.37% | Cont: 97.39% | Task: 81.21% | Resolved: 99.99% | Delay: 2.794s | Energy: 2704.50J | LB: 0.077
2026-06-08 17:10:39,144 | INFO |   Reward | D: -2832.51 | E: -8.72 | Q: 1898.80 | H: 19.55 | LB: 0.15 | Enq: 0.00 | Pen: -1492.52
2026-06-08 17:11:26,763 | INFO | Update  183 | Steps: 187,392 | Episodes:   183 | EpReward:   -30.85 | FPS:     22 | Actor Loss: 0.0004 | Critic Loss: 0.0136
2026-06-08 17:11:26,764 | INFO |   Env | HO: 74.48% | Cont: 97.35% | Task: 81.77% | Resolved: 99.96% | Delay: 2.778s | Energy: 2604.86J | LB: 0.075
2026-06-08 17:11:26,764 | INFO |   Reward | D: -2780.30 | E: -8.66 | Q: 1967.20 | H: 19.57 | LB: 0.15 | Enq: 0.00 | Pen: -1344.70
2026-06-08 17:12:18,272 | INFO | Update  184 | Steps: 188,416 | Episodes:   184 | EpReward:   -30.86 | FPS:     20 | Actor Loss: 0.0001 | Critic Loss: 0.0084
2026-06-08 17:12:18,272 | INFO |   Env | HO: 73.58% | Cont: 97.49% | Task: 80.48% | Resolved: 99.98% | Delay: 2.803s | Energy: 2643.50J | LB: 0.058
2026-06-08 17:12:18,272 | INFO |   Reward | D: -2775.63 | E: -8.40 | Q: 1773.20 | H: 16.69 | LB: 0.12 | Enq: 0.00 | Pen: -1460.31
2026-06-08 17:13:20,446 | INFO | Update  185 | Steps: 189,440 | Episodes:   185 | EpReward:   -30.66 | FPS:     16 | Actor Loss: 0.0007 | Critic Loss: 0.0079
2026-06-08 17:13:20,446 | INFO |   Env | HO: 68.73% | Cont: 95.79% | Task: 81.55% | Resolved: 99.97% | Delay: 2.693s | Energy: 2359.65J | LB: 0.067
2026-06-08 17:13:20,446 | INFO |   Reward | D: -2657.89 | E: -8.49 | Q: 1913.60 | H: 15.00 | LB: 0.06 | Enq: 0.00 | Pen: -1127.95
2026-06-08 17:14:08,879 | INFO | Update  186 | Steps: 190,464 | Episodes:   186 | EpReward:   -30.75 | FPS:     21 | Actor Loss: -0.0004 | Critic Loss: 0.0056
2026-06-08 17:14:08,879 | INFO |   Env | HO: 69.94% | Cont: 95.52% | Task: 81.75% | Resolved: 99.97% | Delay: 2.635s | Energy: 2190.83J | LB: 0.061
2026-06-08 17:14:08,879 | INFO |   Reward | D: -2637.62 | E: -8.19 | Q: 1952.80 | H: 15.41 | LB: 0.07 | Enq: 0.00 | Pen: -950.29
2026-06-08 17:14:55,995 | INFO | Update  187 | Steps: 191,488 | Episodes:   187 | EpReward:   -30.63 | FPS:     22 | Actor Loss: 0.0008 | Critic Loss: 0.0026
2026-06-08 17:14:55,995 | INFO |   Env | HO: 73.65% | Cont: 96.82% | Task: 82.86% | Resolved: 99.95% | Delay: 2.610s | Energy: 2216.02J | LB: 0.087
2026-06-08 17:14:55,995 | INFO |   Reward | D: -2661.55 | E: -8.50 | Q: 2113.60 | H: 14.28 | LB: 0.10 | Enq: 0.00 | Pen: -907.78
2026-06-08 17:15:43,683 | INFO | Update  188 | Steps: 192,512 | Episodes:   188 | EpReward:   -30.58 | FPS:     21 | Actor Loss: 0.0002 | Critic Loss: 0.0034
2026-06-08 17:15:43,686 | INFO |   Env | HO: 76.98% | Cont: 98.01% | Task: 81.54% | Resolved: 99.98% | Delay: 2.755s | Energy: 2594.43J | LB: 0.069
2026-06-08 17:15:43,687 | INFO |   Reward | D: -2752.06 | E: -8.56 | Q: 1908.00 | H: 12.46 | LB: 0.05 | Enq: 0.00 | Pen: -1353.98
2026-06-08 17:16:50,114 | INFO | Update  189 | Steps: 193,536 | Episodes:   189 | EpReward:   -30.29 | FPS:     15 | Actor Loss: 0.0004 | Critic Loss: 0.0050
2026-06-08 17:16:50,114 | INFO |   Env | HO: 68.73% | Cont: 97.51% | Task: 82.00% | Resolved: 99.99% | Delay: 2.725s | Energy: 2524.90J | LB: 0.057
2026-06-08 17:16:50,114 | INFO |   Reward | D: -2761.75 | E: -8.60 | Q: 1994.80 | H: 14.77 | LB: 0.15 | Enq: 0.00 | Pen: -1234.43
2026-06-08 17:18:01,241 | INFO | Update  190 | Steps: 194,560 | Episodes:   190 | EpReward:   -30.58 | FPS:     14 | Actor Loss: 0.0002 | Critic Loss: 0.0051
2026-06-08 17:18:01,241 | INFO |   Env | HO: 71.17% | Cont: 97.86% | Task: 80.74% | Resolved: 99.97% | Delay: 2.823s | Energy: 2803.80J | LB: 0.056
2026-06-08 17:18:01,241 | INFO |   Reward | D: -2878.44 | E: -8.79 | Q: 1852.40 | H: 16.63 | LB: 0.09 | Enq: 0.00 | Pen: -1595.19
2026-06-08 17:18:49,976 | INFO | Update  191 | Steps: 195,584 | Episodes:   191 | EpReward:   -30.54 | FPS:     21 | Actor Loss: 0.0008 | Critic Loss: 0.0024
2026-06-08 17:18:49,976 | INFO |   Env | HO: 71.17% | Cont: 97.47% | Task: 81.05% | Resolved: 100.00% | Delay: 2.780s | Energy: 2633.43J | LB: 0.080
2026-06-08 17:18:49,977 | INFO |   Reward | D: -2791.12 | E: -8.68 | Q: 1858.00 | H: 16.54 | LB: 0.18 | Enq: 0.00 | Pen: -1412.59
2026-06-08 17:19:39,718 | INFO | Update  192 | Steps: 196,608 | Episodes:   192 | EpReward:   -30.56 | FPS:     21 | Actor Loss: -0.0001 | Critic Loss: 0.0047
2026-06-08 17:19:39,718 | INFO |   Env | HO: 72.75% | Cont: 97.27% | Task: 83.26% | Resolved: 99.96% | Delay: 2.648s | Energy: 2308.12J | LB: 0.057
2026-06-08 17:19:39,718 | INFO |   Reward | D: -2654.90 | E: -8.45 | Q: 2105.20 | H: 17.14 | LB: 0.13 | Enq: 0.00 | Pen: -1042.16
2026-06-08 17:20:33,178 | INFO | Update  193 | Steps: 197,632 | Episodes:   193 | EpReward:   -30.45 | FPS:     19 | Actor Loss: 0.0004 | Critic Loss: 0.0021
2026-06-08 17:20:33,181 | INFO |   Env | HO: 73.74% | Cont: 97.90% | Task: 81.73% | Resolved: 99.91% | Delay: 2.765s | Energy: 2586.14J | LB: 0.067
2026-06-08 17:20:33,181 | INFO |   Reward | D: -2720.32 | E: -8.62 | Q: 1904.40 | H: 15.82 | LB: 0.09 | Enq: 0.00 | Pen: -1325.05
2026-06-08 17:21:22,841 | INFO | Update  194 | Steps: 198,656 | Episodes:   194 | EpReward:   -30.13 | FPS:     21 | Actor Loss: 0.0003 | Critic Loss: 0.0025
2026-06-08 17:21:22,844 | INFO |   Env | HO: 76.81% | Cont: 98.02% | Task: 83.34% | Resolved: 99.93% | Delay: 2.602s | Energy: 2250.55J | LB: 0.065
2026-06-08 17:21:22,845 | INFO |   Reward | D: -2650.54 | E: -8.41 | Q: 2132.40 | H: 13.05 | LB: 0.10 | Enq: 0.00 | Pen: -930.64
2026-06-08 17:22:10,946 | INFO | Update  195 | Steps: 199,680 | Episodes:   195 | EpReward:   -29.83 | FPS:     21 | Actor Loss: 0.0002 | Critic Loss: 0.0016
2026-06-08 17:22:10,946 | INFO |   Env | HO: 71.39% | Cont: 97.26% | Task: 82.30% | Resolved: 99.98% | Delay: 2.685s | Energy: 2386.88J | LB: 0.061
2026-06-08 17:22:10,946 | INFO |   Reward | D: -2712.49 | E: -8.42 | Q: 2009.60 | H: 17.32 | LB: 0.11 | Enq: 0.00 | Pen: -1130.26
2026-06-08 17:23:01,452 | INFO | Update  196 | Steps: 200,704 | Episodes:   196 | EpReward:   -29.82 | FPS:     20 | Actor Loss: -0.0004 | Critic Loss: 0.0035
2026-06-08 17:23:01,452 | INFO |   Env | HO: 72.44% | Cont: 97.46% | Task: 81.90% | Resolved: 99.97% | Delay: 2.771s | Energy: 2634.54J | LB: 0.060
2026-06-08 17:23:01,452 | INFO |   Reward | D: -2750.37 | E: -8.77 | Q: 1960.80 | H: 16.90 | LB: 0.11 | Enq: 0.00 | Pen: -1369.29
2026-06-08 17:23:01,453 | INFO | ----------------------------------------
2026-06-08 17:23:01,453 | INFO | 开始评估...
2026-06-08 17:24:00,867 | INFO | 评估结果: 奖励 = -24.27 ± 4.58, 长度 = 600, 时延 = 2.703s, 能耗 = 4401.55J, 负载均衡 = 0.060
2026-06-08 17:24:00,867 | INFO | 新的最佳模型 (average delay): score = -2.7031, delay = 2.703s, completion = 82.13%, continuity = 98.03%, load_balance = 0.060
2026-06-08 17:24:00,905 | INFO | 模型已保存: /home/pjpjq/LEO_switch/results/full_train_latency_priority_multiuser_u30_multiuser_6_7/best_model.pt
2026-06-08 17:24:00,905 | INFO | 新的最佳奖励: -24.27
2026-06-08 17:24:00,905 | INFO | ----------------------------------------
2026-06-08 17:24:00,930 | INFO | 模型已保存: /home/pjpjq/LEO_switch/results/full_train_latency_priority_multiuser_u30_multiuser_6_7/checkpoint_200704.pt
2026-06-08 17:24:47,032 | INFO | Update  197 | Steps: 201,728 | Episodes:   197 | EpReward:   -29.75 | FPS:     22 | Actor Loss: 0.0003 | Critic Loss: 0.0053
2026-06-08 17:24:47,032 | INFO |   Env | HO: 70.39% | Cont: 95.59% | Task: 81.69% | Resolved: 99.97% | Delay: 2.724s | Energy: 2404.16J | LB: 0.079
2026-06-08 17:24:47,032 | INFO |   Reward | D: -2657.03 | E: -8.55 | Q: 1932.00 | H: 17.66 | LB: 0.05 | Enq: 0.00 | Pen: -1169.52
2026-06-08 17:25:35,251 | INFO | Update  198 | Steps: 202,752 | Episodes:   198 | EpReward:   -29.69 | FPS:     21 | Actor Loss: 0.0006 | Critic Loss: 0.0082
2026-06-08 17:25:35,253 | INFO |   Env | HO: 76.78% | Cont: 98.12% | Task: 81.88% | Resolved: 99.98% | Delay: 2.777s | Energy: 2642.38J | LB: 0.065
2026-06-08 17:25:35,253 | INFO |   Reward | D: -2775.90 | E: -8.67 | Q: 1945.60 | H: 19.59 | LB: 0.13 | Enq: 0.00 | Pen: -1386.79
2026-06-08 17:26:37,616 | INFO | Update  199 | Steps: 203,776 | Episodes:   199 | EpReward:   -29.64 | FPS:     16 | Actor Loss: 0.0004 | Critic Loss: 0.0049
2026-06-08 17:26:37,624 | INFO |   Env | HO: 71.68% | Cont: 97.42% | Task: 81.94% | Resolved: 99.98% | Delay: 2.772s | Energy: 2558.61J | LB: 0.057
2026-06-08 17:26:37,624 | INFO |   Reward | D: -2738.62 | E: -8.42 | Q: 1929.60 | H: 19.52 | LB: 0.13 | Enq: 0.00 | Pen: -1355.73
2026-06-08 17:27:41,206 | INFO | Update  200 | Steps: 204,800 | Episodes:   200 | EpReward:   -29.63 | FPS:     16 | Actor Loss: 0.0006 | Critic Loss: 0.0025
2026-06-08 17:27:41,206 | INFO |   Env | HO: 73.26% | Cont: 97.02% | Task: 81.98% | Resolved: 99.96% | Delay: 2.740s | Energy: 2502.49J | LB: 0.080
2026-06-08 17:27:41,206 | INFO |   Reward | D: -2748.16 | E: -8.44 | Q: 1987.20 | H: 19.84 | LB: 0.07 | Enq: 0.00 | Pen: -1260.14
2026-06-08 17:28:51,579 | INFO | Update  201 | Steps: 205,824 | Episodes:   201 | EpReward:   -29.51 | FPS:     15 | Actor Loss: 0.0004 | Critic Loss: 0.0048
2026-06-08 17:28:51,580 | INFO |   Env | HO: 70.59% | Cont: 97.47% | Task: 82.18% | Resolved: 100.00% | Delay: 2.729s | Energy: 2499.19J | LB: 0.078
2026-06-08 17:28:51,580 | INFO |   Reward | D: -2754.08 | E: -8.51 | Q: 1995.20 | H: 19.50 | LB: 0.09 | Enq: 0.00 | Pen: -1252.59
2026-06-08 17:30:01,831 | INFO | Update  202 | Steps: 206,848 | Episodes:   202 | EpReward:   -29.69 | FPS:     15 | Actor Loss: 0.0003 | Critic Loss: 0.0062
2026-06-08 17:30:01,831 | INFO |   Env | HO: 73.80% | Cont: 97.55% | Task: 81.02% | Resolved: 99.98% | Delay: 2.776s | Energy: 2578.68J | LB: 0.071
2026-06-08 17:30:01,831 | INFO |   Reward | D: -2773.90 | E: -8.48 | Q: 1830.40 | H: 20.39 | LB: 0.10 | Enq: 0.00 | Pen: -1367.60
2026-06-08 17:31:07,516 | INFO | Update  203 | Steps: 207,872 | Episodes:   203 | EpReward:   -29.42 | FPS:     16 | Actor Loss: 0.0004 | Critic Loss: 0.0052
2026-06-08 17:31:07,519 | INFO |   Env | HO: 74.36% | Cont: 96.84% | Task: 83.93% | Resolved: 99.94% | Delay: 2.579s | Energy: 2111.87J | LB: 0.067
2026-06-08 17:31:07,520 | INFO |   Reward | D: -2609.86 | E: -8.24 | Q: 2200.00 | H: 19.43 | LB: 0.17 | Enq: 0.00 | Pen: -819.53
2026-06-08 17:32:06,138 | INFO | Update  204 | Steps: 208,896 | Episodes:   204 | EpReward:   -29.23 | FPS:     17 | Actor Loss: 0.0001 | Critic Loss: 0.0049
2026-06-08 17:32:06,139 | INFO |   Env | HO: 71.65% | Cont: 97.71% | Task: 82.21% | Resolved: 99.98% | Delay: 2.698s | Energy: 2458.72J | LB: 0.081
2026-06-08 17:32:06,139 | INFO |   Reward | D: -2754.68 | E: -8.49 | Q: 1998.40 | H: 19.75 | LB: 0.10 | Enq: 0.00 | Pen: -1242.04
2026-06-08 17:33:03,041 | INFO | Update  205 | Steps: 209,920 | Episodes:   205 | EpReward:   -28.85 | FPS:     18 | Actor Loss: 0.0001 | Critic Loss: 0.0051
2026-06-08 17:33:03,041 | INFO |   Env | HO: 68.01% | Cont: 95.98% | Task: 83.11% | Resolved: 99.96% | Delay: 2.653s | Energy: 2188.59J | LB: 0.076
2026-06-08 17:33:03,041 | INFO |   Reward | D: -2598.96 | E: -8.10 | Q: 2083.60 | H: 20.65 | LB: 0.31 | Enq: 0.00 | Pen: -983.83
2026-06-08 17:33:51,770 | INFO | Update  206 | Steps: 210,944 | Episodes:   206 | EpReward:   -28.95 | FPS:     21 | Actor Loss: 0.0003 | Critic Loss: 0.0036
2026-06-08 17:33:51,770 | INFO |   Env | HO: 71.59% | Cont: 96.96% | Task: 82.66% | Resolved: 100.00% | Delay: 2.677s | Energy: 2383.65J | LB: 0.090
2026-06-08 17:33:51,770 | INFO |   Reward | D: -2730.92 | E: -8.58 | Q: 2088.40 | H: 19.18 | LB: 0.06 | Enq: 0.00 | Pen: -1137.57
2026-06-08 17:34:53,411 | INFO | Update  207 | Steps: 211,968 | Episodes:   207 | EpReward:   -28.92 | FPS:     17 | Actor Loss: 0.0001 | Critic Loss: 0.0039
2026-06-08 17:34:53,411 | INFO |   Env | HO: 70.50% | Cont: 97.27% | Task: 81.80% | Resolved: 99.97% | Delay: 2.739s | Energy: 2504.69J | LB: 0.073
2026-06-08 17:34:53,411 | INFO |   Reward | D: -2748.43 | E: -8.43 | Q: 1946.40 | H: 20.54 | LB: 0.24 | Enq: 0.00 | Pen: -1296.88
2026-06-08 17:35:44,640 | INFO | Update  208 | Steps: 212,992 | Episodes:   208 | EpReward:   -28.69 | FPS:     20 | Actor Loss: 0.0004 | Critic Loss: 0.0024
2026-06-08 17:35:44,640 | INFO |   Env | HO: 70.99% | Cont: 96.74% | Task: 82.98% | Resolved: 99.94% | Delay: 2.652s | Energy: 2289.02J | LB: 0.072
2026-06-08 17:35:44,641 | INFO |   Reward | D: -2701.11 | E: -8.38 | Q: 2105.20 | H: 19.75 | LB: 0.10 | Enq: 0.00 | Pen: -1058.50
2026-06-08 17:36:52,406 | INFO | Update  209 | Steps: 214,016 | Episodes:   209 | EpReward:   -28.68 | FPS:     15 | Actor Loss: 0.0005 | Critic Loss: 0.0038
2026-06-08 17:36:52,406 | INFO |   Env | HO: 73.96% | Cont: 97.12% | Task: 81.26% | Resolved: 99.93% | Delay: 2.758s | Energy: 2526.44J | LB: 0.084
2026-06-08 17:36:52,406 | INFO |   Reward | D: -2725.69 | E: -8.39 | Q: 1866.00 | H: 20.45 | LB: 0.35 | Enq: 0.00 | Pen: -1338.96
2026-06-08 17:37:49,669 | INFO | Update  210 | Steps: 215,040 | Episodes:   210 | EpReward:   -28.65 | FPS:     18 | Actor Loss: -0.0000 | Critic Loss: 0.0044
2026-06-08 17:37:49,672 | INFO |   Env | HO: 71.97% | Cont: 98.09% | Task: 81.33% | Resolved: 99.98% | Delay: 2.793s | Energy: 2655.38J | LB: 0.060
2026-06-08 17:37:49,673 | INFO |   Reward | D: -2785.60 | E: -8.55 | Q: 1873.60 | H: 17.33 | LB: 0.08 | Enq: 0.00 | Pen: -1423.61
2026-06-08 17:38:55,137 | INFO | Update  211 | Steps: 216,064 | Episodes:   211 | EpReward:   -28.87 | FPS:     16 | Actor Loss: 0.0003 | Critic Loss: 0.0094
2026-06-08 17:38:55,137 | INFO |   Env | HO: 70.62% | Cont: 97.33% | Task: 81.16% | Resolved: 99.96% | Delay: 2.797s | Energy: 2575.60J | LB: 0.067
2026-06-08 17:38:55,137 | INFO |   Reward | D: -2748.79 | E: -8.39 | Q: 1846.80 | H: 18.82 | LB: 0.20 | Enq: 0.00 | Pen: -1389.95
2026-06-08 17:39:41,737 | INFO | Update  212 | Steps: 217,088 | Episodes:   212 | EpReward:   -28.72 | FPS:     22 | Actor Loss: -0.0003 | Critic Loss: 0.0045
2026-06-08 17:39:41,737 | INFO |   Env | HO: 74.22% | Cont: 97.39% | Task: 81.52% | Resolved: 100.00% | Delay: 2.780s | Energy: 2604.54J | LB: 0.061
2026-06-08 17:39:41,737 | INFO |   Reward | D: -2762.05 | E: -8.64 | Q: 1913.60 | H: 18.80 | LB: 0.16 | Enq: 0.00 | Pen: -1339.69
2026-06-08 17:40:44,706 | INFO | Update  213 | Steps: 218,112 | Episodes:   213 | EpReward:   -28.92 | FPS:     16 | Actor Loss: 0.0005 | Critic Loss: 0.0059
2026-06-08 17:40:44,706 | INFO |   Env | HO: 69.59% | Cont: 97.25% | Task: 81.97% | Resolved: 99.98% | Delay: 2.760s | Energy: 2531.07J | LB: 0.077
2026-06-08 17:40:44,706 | INFO |   Reward | D: -2724.44 | E: -8.43 | Q: 1952.80 | H: 18.75 | LB: 0.18 | Enq: 0.00 | Pen: -1311.25
2026-06-08 17:41:40,920 | INFO | Update  214 | Steps: 219,136 | Episodes:   214 | EpReward:   -28.78 | FPS:     18 | Actor Loss: 0.0005 | Critic Loss: 0.0018
2026-06-08 17:41:40,921 | INFO |   Env | HO: 77.97% | Cont: 97.38% | Task: 82.34% | Resolved: 99.93% | Delay: 2.669s | Energy: 2327.56J | LB: 0.060
2026-06-08 17:41:40,921 | INFO |   Reward | D: -2705.95 | E: -8.18 | Q: 2017.20 | H: 19.72 | LB: 0.05 | Enq: 0.00 | Pen: -1109.85
2026-06-08 17:42:44,049 | INFO | Update  215 | Steps: 220,160 | Episodes:   215 | EpReward:   -28.75 | FPS:     16 | Actor Loss: 0.0001 | Critic Loss: 0.0112
2026-06-08 17:42:44,049 | INFO |   Env | HO: 69.21% | Cont: 97.71% | Task: 80.45% | Resolved: 99.93% | Delay: 2.852s | Energy: 2752.84J | LB: 0.066
2026-06-08 17:42:44,049 | INFO |   Reward | D: -2837.28 | E: -8.46 | Q: 1780.80 | H: 16.49 | LB: 0.22 | Enq: 0.00 | Pen: -1588.01
2026-06-08 17:43:35,929 | INFO | Update  216 | Steps: 221,184 | Episodes:   216 | EpReward:   -28.78 | FPS:     20 | Actor Loss: 0.0004 | Critic Loss: 0.0042
2026-06-08 17:43:35,929 | INFO |   Env | HO: 71.23% | Cont: 97.23% | Task: 82.68% | Resolved: 99.96% | Delay: 2.689s | Energy: 2362.44J | LB: 0.072
2026-06-08 17:43:35,929 | INFO |   Reward | D: -2698.63 | E: -8.31 | Q: 2051.60 | H: 15.32 | LB: 0.04 | Enq: 0.00 | Pen: -1136.38
2026-06-08 17:44:40,547 | INFO | Update  217 | Steps: 222,208 | Episodes:   217 | EpReward:   -28.72 | FPS:     16 | Actor Loss: 0.0001 | Critic Loss: 0.0112
2026-06-08 17:44:40,550 | INFO |   Env | HO: 70.69% | Cont: 97.54% | Task: 80.88% | Resolved: 99.98% | Delay: 2.821s | Energy: 2691.29J | LB: 0.057
2026-06-08 17:44:40,550 | INFO |   Reward | D: -2798.33 | E: -8.50 | Q: 1829.20 | H: 19.14 | LB: 0.11 | Enq: 0.00 | Pen: -1538.84
2026-06-08 17:45:39,899 | INFO | Update  218 | Steps: 223,232 | Episodes:   218 | EpReward:   -28.57 | FPS:     17 | Actor Loss: 0.0004 | Critic Loss: 0.0080
2026-06-08 17:45:39,899 | INFO |   Env | HO: 74.33% | Cont: 97.32% | Task: 81.38% | Resolved: 100.00% | Delay: 2.729s | Energy: 2524.57J | LB: 0.066
2026-06-08 17:45:39,899 | INFO |   Reward | D: -2804.96 | E: -8.44 | Q: 1924.00 | H: 18.49 | LB: 0.11 | Enq: 0.00 | Pen: -1341.92
2026-06-08 17:46:29,190 | INFO | Update  219 | Steps: 224,256 | Episodes:   219 | EpReward:   -28.61 | FPS:     21 | Actor Loss: -0.0001 | Critic Loss: 0.0049
2026-06-08 17:46:29,190 | INFO |   Env | HO: 69.06% | Cont: 96.75% | Task: 81.69% | Resolved: 99.96% | Delay: 2.736s | Energy: 2391.38J | LB: 0.080
2026-06-08 17:46:29,190 | INFO |   Reward | D: -2697.33 | E: -8.20 | Q: 1915.60 | H: 18.58 | LB: 0.10 | Enq: 0.00 | Pen: -1225.65
2026-06-08 17:47:25,413 | INFO | Update  220 | Steps: 225,280 | Episodes:   220 | EpReward:   -28.50 | FPS:     18 | Actor Loss: 0.0006 | Critic Loss: 0.0097
2026-06-08 17:47:25,413 | INFO |   Env | HO: 71.49% | Cont: 97.31% | Task: 82.83% | Resolved: 99.98% | Delay: 2.727s | Energy: 2459.57J | LB: 0.088
2026-06-08 17:47:25,413 | INFO |   Reward | D: -2726.76 | E: -8.50 | Q: 2083.20 | H: 18.71 | LB: 0.14 | Enq: 0.00 | Pen: -1215.95
2026-06-08 17:48:17,331 | INFO | Update  221 | Steps: 226,304 | Episodes:   221 | EpReward:   -28.42 | FPS:     20 | Actor Loss: 0.0007 | Critic Loss: 0.0053
2026-06-08 17:48:17,332 | INFO |   Env | HO: 69.30% | Cont: 97.56% | Task: 82.38% | Resolved: 99.97% | Delay: 2.733s | Energy: 2484.13J | LB: 0.084
2026-06-08 17:48:17,332 | INFO |   Reward | D: -2747.19 | E: -8.31 | Q: 2004.80 | H: 19.17 | LB: 0.02 | Enq: 0.00 | Pen: -1292.43
2026-06-08 17:49:04,544 | INFO | Update  222 | Steps: 227,328 | Episodes:   222 | EpReward:   -28.50 | FPS:     22 | Actor Loss: 0.0007 | Critic Loss: 0.0021
2026-06-08 17:49:04,545 | INFO |   Env | HO: 70.59% | Cont: 97.26% | Task: 81.74% | Resolved: 99.98% | Delay: 2.728s | Energy: 2446.03J | LB: 0.081
2026-06-08 17:49:04,545 | INFO |   Reward | D: -2729.57 | E: -8.33 | Q: 1927.60 | H: 20.37 | LB: 0.07 | Enq: 0.00 | Pen: -1242.35
2026-06-08 17:50:08,637 | INFO | Update  223 | Steps: 228,352 | Episodes:   223 | EpReward:   -28.37 | FPS:     16 | Actor Loss: 0.0002 | Critic Loss: 0.0016
2026-06-08 17:50:08,637 | INFO |   Env | HO: 74.76% | Cont: 97.21% | Task: 82.50% | Resolved: 99.98% | Delay: 2.646s | Energy: 2279.57J | LB: 0.066
2026-06-08 17:50:08,637 | INFO |   Reward | D: -2712.83 | E: -8.14 | Q: 2038.00 | H: 18.78 | LB: 0.06 | Enq: 0.00 | Pen: -1065.89
2026-06-08 17:50:57,962 | INFO | Update  224 | Steps: 229,376 | Episodes:   224 | EpReward:   -28.13 | FPS:     21 | Actor Loss: 0.0007 | Critic Loss: 0.0029
2026-06-08 17:50:57,963 | INFO |   Env | HO: 65.71% | Cont: 96.22% | Task: 81.80% | Resolved: 99.92% | Delay: 2.684s | Energy: 2300.38J | LB: 0.062
2026-06-08 17:50:57,963 | INFO |   Reward | D: -2691.77 | E: -8.11 | Q: 1947.60 | H: 17.88 | LB: 0.10 | Enq: 0.00 | Pen: -1125.75
2026-06-08 17:52:08,503 | INFO | Update  225 | Steps: 230,400 | Episodes:   225 | EpReward:   -28.27 | FPS:     15 | Actor Loss: 0.0002 | Critic Loss: 0.0037
2026-06-08 17:52:08,503 | INFO |   Env | HO: 72.60% | Cont: 97.39% | Task: 81.58% | Resolved: 99.95% | Delay: 2.728s | Energy: 2477.08J | LB: 0.067
2026-06-08 17:52:08,503 | INFO |   Reward | D: -2759.83 | E: -8.28 | Q: 1928.40 | H: 15.60 | LB: 0.03 | Enq: 0.00 | Pen: -1298.07
2026-06-08 17:53:07,840 | INFO | Update  226 | Steps: 231,424 | Episodes:   226 | EpReward:   -28.29 | FPS:     17 | Actor Loss: 0.0006 | Critic Loss: 0.0089
2026-06-08 17:53:07,840 | INFO |   Env | HO: 76.31% | Cont: 97.46% | Task: 82.14% | Resolved: 99.95% | Delay: 2.777s | Energy: 2546.06J | LB: 0.079
2026-06-08 17:53:07,841 | INFO |   Reward | D: -2734.11 | E: -8.46 | Q: 1986.00 | H: 16.71 | LB: 0.11 | Enq: 0.00 | Pen: -1324.91
2026-06-08 17:54:00,457 | INFO | Update  227 | Steps: 232,448 | Episodes:   227 | EpReward:   -28.26 | FPS:     19 | Actor Loss: 0.0004 | Critic Loss: 0.0043
2026-06-08 17:54:00,457 | INFO |   Env | HO: 71.33% | Cont: 97.44% | Task: 82.66% | Resolved: 99.94% | Delay: 2.662s | Energy: 2323.51J | LB: 0.061
2026-06-08 17:54:00,457 | INFO |   Reward | D: -2715.75 | E: -8.13 | Q: 2058.00 | H: 18.76 | LB: 0.08 | Enq: 0.00 | Pen: -1114.85
2026-06-08 17:54:55,808 | INFO | Update  228 | Steps: 233,472 | Episodes:   228 | EpReward:   -28.16 | FPS:     19 | Actor Loss: 0.0007 | Critic Loss: 0.0079
2026-06-08 17:54:55,812 | INFO |   Env | HO: 73.04% | Cont: 96.97% | Task: 82.37% | Resolved: 99.97% | Delay: 2.659s | Energy: 2243.83J | LB: 0.078
2026-06-08 17:54:55,813 | INFO |   Reward | D: -2674.69 | E: -8.04 | Q: 2010.40 | H: 19.33 | LB: 0.12 | Enq: 0.00 | Pen: -1090.73
2026-06-08 17:55:50,555 | INFO | Update  229 | Steps: 234,496 | Episodes:   229 | EpReward:   -28.07 | FPS:     19 | Actor Loss: 0.0004 | Critic Loss: 0.0069
2026-06-08 17:55:50,555 | INFO |   Env | HO: 71.20% | Cont: 96.91% | Task: 82.96% | Resolved: 99.97% | Delay: 2.682s | Energy: 2372.81J | LB: 0.097
2026-06-08 17:55:50,555 | INFO |   Reward | D: -2753.53 | E: -8.48 | Q: 2130.80 | H: 21.28 | LB: 0.14 | Enq: 0.00 | Pen: -1106.71
2026-06-08 17:56:53,986 | INFO | Update  230 | Steps: 235,520 | Episodes:   230 | EpReward:   -27.80 | FPS:     16 | Actor Loss: 0.0006 | Critic Loss: 0.0026
2026-06-08 17:56:53,986 | INFO |   Env | HO: 68.32% | Cont: 97.08% | Task: 83.69% | Resolved: 99.93% | Delay: 2.630s | Energy: 2229.91J | LB: 0.097
2026-06-08 17:56:53,986 | INFO |   Reward | D: -2673.02 | E: -8.27 | Q: 2187.20 | H: 15.66 | LB: 0.04 | Enq: 0.00 | Pen: -984.19
2026-06-08 17:57:59,123 | INFO | Update  231 | Steps: 236,544 | Episodes:   231 | EpReward:   -27.49 | FPS:     16 | Actor Loss: 0.0008 | Critic Loss: 0.0012
2026-06-08 17:57:59,123 | INFO |   Env | HO: 75.37% | Cont: 97.58% | Task: 83.04% | Resolved: 99.96% | Delay: 2.629s | Energy: 2227.97J | LB: 0.083
2026-06-08 17:57:59,123 | INFO |   Reward | D: -2660.06 | E: -8.07 | Q: 2087.60 | H: 15.33 | LB: 0.09 | Enq: 0.00 | Pen: -1005.80
2026-06-08 17:59:00,434 | INFO | Update  232 | Steps: 237,568 | Episodes:   232 | EpReward:   -27.52 | FPS:     17 | Actor Loss: 0.0008 | Critic Loss: 0.0033
2026-06-08 17:59:00,435 | INFO |   Env | HO: 74.05% | Cont: 96.83% | Task: 82.67% | Resolved: 99.96% | Delay: 2.643s | Energy: 2274.85J | LB: 0.059
2026-06-08 17:59:00,435 | INFO |   Reward | D: -2684.55 | E: -8.30 | Q: 2070.40 | H: 17.31 | LB: 0.03 | Enq: 0.00 | Pen: -1036.72
2026-06-08 17:59:57,875 | INFO | Update  233 | Steps: 238,592 | Episodes:   233 | EpReward:   -27.46 | FPS:     18 | Actor Loss: 0.0001 | Critic Loss: 0.0015
2026-06-08 17:59:57,876 | INFO |   Env | HO: 73.71% | Cont: 95.72% | Task: 83.48% | Resolved: 99.98% | Delay: 2.557s | Energy: 1987.34J | LB: 0.077
2026-06-08 17:59:57,876 | INFO |   Reward | D: -2592.55 | E: -8.02 | Q: 2165.20 | H: 17.97 | LB: 0.05 | Enq: 0.00 | Pen: -735.52
2026-06-08 18:01:00,350 | INFO | Update  234 | Steps: 239,616 | Episodes:   234 | EpReward:   -27.47 | FPS:     16 | Actor Loss: 0.0001 | Critic Loss: 0.0026
2026-06-08 18:01:00,350 | INFO |   Env | HO: 74.00% | Cont: 97.16% | Task: 82.97% | Resolved: 99.99% | Delay: 2.652s | Energy: 2333.86J | LB: 0.071
2026-06-08 18:01:00,350 | INFO |   Reward | D: -2733.06 | E: -8.43 | Q: 2126.00 | H: 17.99 | LB: 0.08 | Enq: 0.00 | Pen: -1031.76
2026-06-08 18:01:52,621 | INFO | Update  235 | Steps: 240,640 | Episodes:   235 | EpReward:   -27.40 | FPS:     20 | Actor Loss: 0.0007 | Critic Loss: 0.0041
2026-06-08 18:01:52,621 | INFO |   Env | HO: 71.43% | Cont: 97.38% | Task: 81.85% | Resolved: 99.97% | Delay: 2.759s | Energy: 2561.05J | LB: 0.071
2026-06-08 18:01:52,621 | INFO |   Reward | D: -2722.13 | E: -8.63 | Q: 1942.80 | H: 17.82 | LB: 0.14 | Enq: 0.00 | Pen: -1291.39
2026-06-08 18:02:42,829 | INFO | Update  236 | Steps: 241,664 | Episodes:   236 | EpReward:   -27.41 | FPS:     20 | Actor Loss: 0.0001 | Critic Loss: 0.0201
2026-06-08 18:02:42,829 | INFO |   Env | HO: 71.05% | Cont: 97.16% | Task: 80.15% | Resolved: 99.96% | Delay: 2.840s | Energy: 2766.17J | LB: 0.056
2026-06-08 18:02:42,829 | INFO |   Reward | D: -2830.54 | E: -8.79 | Q: 1757.20 | H: 17.68 | LB: 0.05 | Enq: 0.00 | Pen: -1541.85
2026-06-08 18:03:44,690 | INFO | Update  237 | Steps: 242,688 | Episodes:   237 | EpReward:   -27.28 | FPS:     17 | Actor Loss: 0.0006 | Critic Loss: 0.0035
2026-06-08 18:03:44,690 | INFO |   Env | HO: 67.20% | Cont: 96.81% | Task: 82.51% | Resolved: 99.96% | Delay: 2.707s | Energy: 2413.42J | LB: 0.090
2026-06-08 18:03:44,690 | INFO |   Reward | D: -2692.76 | E: -8.50 | Q: 2031.20 | H: 17.96 | LB: 0.16 | Enq: 0.00 | Pen: -1159.79
2026-06-08 18:04:35,229 | INFO | Update  238 | Steps: 243,712 | Episodes:   238 | EpReward:   -27.18 | FPS:     20 | Actor Loss: 0.0007 | Critic Loss: 0.0031
2026-06-08 18:04:35,229 | INFO |   Env | HO: 65.73% | Cont: 97.03% | Task: 81.88% | Resolved: 99.97% | Delay: 2.730s | Energy: 2547.85J | LB: 0.069
2026-06-08 18:04:35,229 | INFO |   Reward | D: -2771.01 | E: -8.72 | Q: 1979.60 | H: 19.82 | LB: 0.17 | Enq: 0.00 | Pen: -1309.93
2026-06-08 18:05:25,186 | INFO | Update  239 | Steps: 244,736 | Episodes:   239 | EpReward:   -27.04 | FPS:     20 | Actor Loss: 0.0007 | Critic Loss: 0.0018
2026-06-08 18:05:25,186 | INFO |   Env | HO: 67.65% | Cont: 97.28% | Task: 82.64% | Resolved: 99.94% | Delay: 2.664s | Energy: 2337.67J | LB: 0.081
2026-06-08 18:05:25,186 | INFO |   Reward | D: -2672.27 | E: -8.37 | Q: 2042.80 | H: 15.26 | LB: 0.05 | Enq: 0.00 | Pen: -1046.11
2026-06-08 18:06:11,790 | INFO | Update  240 | Steps: 245,760 | Episodes:   240 | EpReward:   -26.93 | FPS:     22 | Actor Loss: 0.0003 | Critic Loss: 0.0052
2026-06-08 18:06:11,790 | INFO |   Env | HO: 67.90% | Cont: 97.85% | Task: 81.44% | Resolved: 99.98% | Delay: 2.764s | Energy: 2638.53J | LB: 0.073
2026-06-08 18:06:11,790 | INFO |   Reward | D: -2812.19 | E: -8.62 | Q: 1919.60 | H: 14.45 | LB: 0.14 | Enq: 0.00 | Pen: -1400.76
2026-06-08 18:06:56,648 | INFO | Update  241 | Steps: 246,784 | Episodes:   241 | EpReward:   -26.98 | FPS:     23 | Actor Loss: -0.0003 | Critic Loss: 0.0039
2026-06-08 18:06:56,648 | INFO |   Env | HO: 71.87% | Cont: 98.07% | Task: 81.14% | Resolved: 99.98% | Delay: 2.818s | Energy: 2799.27J | LB: 0.055
2026-06-08 18:06:56,649 | INFO |   Reward | D: -2847.78 | E: -8.88 | Q: 1892.80 | H: 14.15 | LB: 0.23 | Enq: 0.00 | Pen: -1522.60
2026-06-08 18:08:19,182 | INFO | Update  242 | Steps: 247,808 | Episodes:   242 | EpReward:   -26.90 | FPS:     12 | Actor Loss: 0.0006 | Critic Loss: 0.0063
2026-06-08 18:08:19,183 | INFO |   Env | HO: 72.73% | Cont: 98.05% | Task: 81.43% | Resolved: 99.97% | Delay: 2.767s | Energy: 2634.10J | LB: 0.056
2026-06-08 18:08:19,183 | INFO |   Reward | D: -2780.32 | E: -8.46 | Q: 1896.00 | H: 15.46 | LB: 0.04 | Enq: 0.00 | Pen: -1418.48
2026-06-08 18:09:33,093 | INFO | Update  243 | Steps: 248,832 | Episodes:   243 | EpReward:   -26.78 | FPS:     14 | Actor Loss: 0.0005 | Critic Loss: 0.0069
2026-06-08 18:09:33,093 | INFO |   Env | HO: 71.11% | Cont: 95.73% | Task: 82.97% | Resolved: 99.98% | Delay: 2.618s | Energy: 2154.59J | LB: 0.064
2026-06-08 18:09:33,093 | INFO |   Reward | D: -2593.29 | E: -8.34 | Q: 2075.60 | H: 19.28 | LB: 0.05 | Enq: 0.00 | Pen: -884.87
2026-06-08 18:10:28,742 | INFO | Update  244 | Steps: 249,856 | Episodes:   244 | EpReward:   -26.93 | FPS:     18 | Actor Loss: 0.0002 | Critic Loss: 0.0121
2026-06-08 18:10:28,742 | INFO |   Env | HO: 66.41% | Cont: 96.68% | Task: 81.08% | Resolved: 99.94% | Delay: 2.779s | Energy: 2562.57J | LB: 0.071
2026-06-08 18:10:28,742 | INFO |   Reward | D: -2764.04 | E: -8.56 | Q: 1870.80 | H: 15.69 | LB: 0.08 | Enq: 0.00 | Pen: -1332.61
2026-06-08 18:11:25,598 | INFO | Update  245 | Steps: 250,880 | Episodes:   245 | EpReward:   -26.81 | FPS:     18 | Actor Loss: 0.0006 | Critic Loss: 0.0117
2026-06-08 18:11:25,599 | INFO |   Env | HO: 72.41% | Cont: 96.53% | Task: 81.94% | Resolved: 99.97% | Delay: 2.681s | Energy: 2370.37J | LB: 0.070
2026-06-08 18:11:25,599 | INFO |   Reward | D: -2702.77 | E: -8.46 | Q: 1974.00 | H: 18.99 | LB: 0.08 | Enq: 0.00 | Pen: -1123.13
2026-06-08 18:11:25,599 | INFO | ----------------------------------------
2026-06-08 18:11:25,602 | INFO | 开始评估...
2026-06-08 18:12:17,432 | INFO | 评估结果: 奖励 = -32.97 ± 9.18, 长度 = 600, 时延 = 2.793s, 能耗 = 4872.68J, 负载均衡 = 0.049
2026-06-08 18:12:17,432 | INFO | ----------------------------------------
2026-06-08 18:13:10,198 | INFO | Update  246 | Steps: 251,904 | Episodes:   246 | EpReward:   -26.93 | FPS:     19 | Actor Loss: -0.0001 | Critic Loss: 0.0098
2026-06-08 18:13:10,199 | INFO |   Env | HO: 71.50% | Cont: 97.98% | Task: 80.72% | Resolved: 99.99% | Delay: 2.815s | Energy: 2752.64J | LB: 0.052
2026-06-08 18:13:10,199 | INFO |   Reward | D: -2831.63 | E: -8.73 | Q: 1822.80 | H: 16.91 | LB: 0.10 | Enq: 0.00 | Pen: -1519.72
2026-06-08 18:13:58,738 | INFO | Update  247 | Steps: 252,928 | Episodes:   247 | EpReward:   -26.99 | FPS:     21 | Actor Loss: 0.0007 | Critic Loss: 0.0092
2026-06-08 18:13:58,743 | INFO |   Env | HO: 74.06% | Cont: 97.60% | Task: 81.21% | Resolved: 99.97% | Delay: 2.748s | Energy: 2595.44J | LB: 0.063
2026-06-08 18:13:58,743 | INFO |   Reward | D: -2777.17 | E: -8.68 | Q: 1872.40 | H: 19.07 | LB: 0.12 | Enq: 0.00 | Pen: -1320.23
2026-06-08 18:14:57,504 | INFO | Update  248 | Steps: 253,952 | Episodes:   248 | EpReward:   -27.00 | FPS:     17 | Actor Loss: -0.0001 | Critic Loss: 0.0038
2026-06-08 18:14:57,505 | INFO |   Env | HO: 68.75% | Cont: 97.38% | Task: 80.75% | Resolved: 99.99% | Delay: 2.782s | Energy: 2634.03J | LB: 0.073
2026-06-08 18:14:57,505 | INFO |   Reward | D: -2812.81 | E: -8.65 | Q: 1834.00 | H: 16.04 | LB: 0.15 | Enq: 0.00 | Pen: -1403.63
2026-06-08 18:15:57,380 | INFO | Update  249 | Steps: 254,976 | Episodes:   249 | EpReward:   -27.18 | FPS:     17 | Actor Loss: 0.0001 | Critic Loss: 0.0059
2026-06-08 18:15:57,380 | INFO |   Env | HO: 70.40% | Cont: 97.32% | Task: 82.33% | Resolved: 99.96% | Delay: 2.694s | Energy: 2410.10J | LB: 0.066
2026-06-08 18:15:57,380 | INFO |   Reward | D: -2710.07 | E: -8.45 | Q: 2013.60 | H: 13.89 | LB: 0.12 | Enq: 0.00 | Pen: -1178.55
2026-06-08 18:16:44,480 | INFO | Update  250 | Steps: 256,000 | Episodes:   250 | EpReward:   -27.10 | FPS:     22 | Actor Loss: -0.0001 | Critic Loss: 0.0100
2026-06-08 18:16:44,481 | INFO |   Env | HO: 74.61% | Cont: 97.86% | Task: 82.27% | Resolved: 99.98% | Delay: 2.755s | Energy: 2571.71J | LB: 0.071
2026-06-08 18:16:44,481 | INFO |   Reward | D: -2756.32 | E: -8.53 | Q: 2009.60 | H: 14.44 | LB: 0.18 | Enq: 0.00 | Pen: -1354.11
2026-06-08 18:17:47,166 | INFO | Update  251 | Steps: 257,024 | Episodes:   251 | EpReward:   -27.14 | FPS:     16 | Actor Loss: 0.0003 | Critic Loss: 0.0032
2026-06-08 18:17:47,166 | INFO |   Env | HO: 72.73% | Cont: 98.06% | Task: 81.78% | Resolved: 99.99% | Delay: 2.737s | Energy: 2509.91J | LB: 0.054
2026-06-08 18:17:47,166 | INFO |   Reward | D: -2751.18 | E: -8.30 | Q: 1929.20 | H: 12.17 | LB: 0.08 | Enq: 0.00 | Pen: -1300.97
2026-06-08 18:18:38,838 | INFO | Update  252 | Steps: 258,048 | Episodes:   252 | EpReward:   -27.00 | FPS:     20 | Actor Loss: -0.0001 | Critic Loss: 0.0087
2026-06-08 18:18:38,839 | INFO |   Env | HO: 68.79% | Cont: 98.21% | Task: 82.22% | Resolved: 99.96% | Delay: 2.775s | Energy: 2658.34J | LB: 0.072
2026-06-08 18:18:38,839 | INFO |   Reward | D: -2785.19 | E: -8.58 | Q: 2016.40 | H: 11.79 | LB: 0.02 | Enq: 0.00 | Pen: -1411.35
2026-06-08 18:19:31,770 | INFO | Update  253 | Steps: 259,072 | Episodes:   253 | EpReward:   -27.03 | FPS:     19 | Actor Loss: 0.0003 | Critic Loss: 0.0046
2026-06-08 18:19:31,771 | INFO |   Env | HO: 68.40% | Cont: 98.22% | Task: 81.43% | Resolved: 99.95% | Delay: 2.813s | Energy: 2819.07J | LB: 0.052
2026-06-08 18:19:31,771 | INFO |   Reward | D: -2830.81 | E: -8.99 | Q: 1928.40 | H: 11.99 | LB: 0.04 | Enq: 0.00 | Pen: -1592.63
2026-06-08 18:20:40,450 | INFO | Update  254 | Steps: 260,096 | Episodes:   254 | EpReward:   -27.21 | FPS:     15 | Actor Loss: 0.0006 | Critic Loss: 0.0030
2026-06-08 18:20:40,450 | INFO |   Env | HO: 75.42% | Cont: 98.36% | Task: 81.67% | Resolved: 99.99% | Delay: 2.739s | Energy: 2558.07J | LB: 0.059
2026-06-08 18:20:40,450 | INFO |   Reward | D: -2775.02 | E: -8.33 | Q: 1943.20 | H: 13.71 | LB: 0.04 | Enq: 0.00 | Pen: -1355.48
2026-06-08 18:21:35,032 | INFO | Update  255 | Steps: 261,120 | Episodes:   255 | EpReward:   -27.11 | FPS:     19 | Actor Loss: 0.0007 | Critic Loss: 0.0016
2026-06-08 18:21:35,032 | INFO |   Env | HO: 70.76% | Cont: 96.97% | Task: 82.58% | Resolved: 99.93% | Delay: 2.642s | Energy: 2236.25J | LB: 0.089
2026-06-08 18:21:35,032 | INFO |   Reward | D: -2666.37 | E: -8.18 | Q: 2041.20 | H: 16.32 | LB: 0.11 | Enq: 0.00 | Pen: -1002.03
2026-06-08 18:22:23,610 | INFO | Update  256 | Steps: 262,144 | Episodes:   256 | EpReward:   -27.03 | FPS:     21 | Actor Loss: 0.0004 | Critic Loss: 0.0021
2026-06-08 18:22:23,610 | INFO |   Env | HO: 71.93% | Cont: 97.76% | Task: 81.90% | Resolved: 99.98% | Delay: 2.757s | Energy: 2573.80J | LB: 0.079
2026-06-08 18:22:23,610 | INFO |   Reward | D: -2753.18 | E: -8.76 | Q: 1965.60 | H: 16.27 | LB: 0.02 | Enq: 0.00 | Pen: -1278.85
2026-06-08 18:23:17,015 | INFO | Update  257 | Steps: 263,168 | Episodes:   257 | EpReward:   -26.93 | FPS:     19 | Actor Loss: 0.0006 | Critic Loss: 0.0017
2026-06-08 18:23:17,019 | INFO |   Env | HO: 70.29% | Cont: 96.92% | Task: 81.94% | Resolved: 99.96% | Delay: 2.770s | Energy: 2556.23J | LB: 0.074
2026-06-08 18:23:17,019 | INFO |   Reward | D: -2744.57 | E: -8.56 | Q: 1960.00 | H: 20.25 | LB: 0.23 | Enq: 0.00 | Pen: -1294.95
2026-06-08 18:24:24,813 | INFO | Update  258 | Steps: 264,192 | Episodes:   258 | EpReward:   -26.91 | FPS:     15 | Actor Loss: 0.0004 | Critic Loss: 0.0039
2026-06-08 18:24:24,817 | INFO |   Env | HO: 73.58% | Cont: 97.41% | Task: 81.22% | Resolved: 99.98% | Delay: 2.775s | Energy: 2570.82J | LB: 0.077
2026-06-08 18:24:24,817 | INFO |   Reward | D: -2779.95 | E: -8.40 | Q: 1876.00 | H: 19.58 | LB: 0.11 | Enq: 0.00 | Pen: -1371.81
2026-06-08 18:25:16,856 | INFO | Update  259 | Steps: 265,216 | Episodes:   259 | EpReward:   -26.80 | FPS:     20 | Actor Loss: 0.0002 | Critic Loss: 0.0029
2026-06-08 18:25:16,856 | INFO |   Env | HO: 74.74% | Cont: 98.20% | Task: 82.01% | Resolved: 99.98% | Delay: 2.740s | Energy: 2558.39J | LB: 0.069
2026-06-08 18:25:16,856 | INFO |   Reward | D: -2778.25 | E: -8.40 | Q: 1974.40 | H: 17.38 | LB: 0.03 | Enq: 0.00 | Pen: -1330.94
2026-06-08 18:26:05,305 | INFO | Update  260 | Steps: 266,240 | Episodes:   260 | EpReward:   -26.75 | FPS:     21 | Actor Loss: 0.0006 | Critic Loss: 0.0016
2026-06-08 18:26:05,305 | INFO |   Env | HO: 71.28% | Cont: 97.30% | Task: 82.29% | Resolved: 99.94% | Delay: 2.711s | Energy: 2481.18J | LB: 0.073
2026-06-08 18:26:05,305 | INFO |   Reward | D: -2757.48 | E: -8.53 | Q: 2037.60 | H: 17.28 | LB: 0.07 | Enq: 0.00 | Pen: -1251.64
2026-06-08 18:26:53,101 | INFO | Update  261 | Steps: 267,264 | Episodes:   261 | EpReward:   -26.58 | FPS:     21 | Actor Loss: 0.0002 | Critic Loss: 0.0040
2026-06-08 18:26:53,101 | INFO |   Env | HO: 72.11% | Cont: 96.61% | Task: 81.12% | Resolved: 99.96% | Delay: 2.708s | Energy: 2407.01J | LB: 0.051
2026-06-08 18:26:53,101 | INFO |   Reward | D: -2691.87 | E: -8.30 | Q: 1860.40 | H: 12.88 | LB: 0.11 | Enq: 0.00 | Pen: -1202.23
2026-06-08 18:27:49,569 | INFO | Update  262 | Steps: 268,288 | Episodes:   262 | EpReward:   -26.53 | FPS:     18 | Actor Loss: -0.0004 | Critic Loss: 0.0019
2026-06-08 18:27:49,569 | INFO |   Env | HO: 73.98% | Cont: 97.33% | Task: 81.58% | Resolved: 99.98% | Delay: 2.692s | Energy: 2365.09J | LB: 0.066
2026-06-08 18:27:49,569 | INFO |   Reward | D: -2703.53 | E: -8.30 | Q: 1916.80 | H: 10.93 | LB: 0.07 | Enq: 0.00 | Pen: -1165.46
2026-06-08 18:28:44,149 | INFO | Update  263 | Steps: 269,312 | Episodes:   263 | EpReward:   -26.44 | FPS:     19 | Actor Loss: -0.0000 | Critic Loss: 0.0038
2026-06-08 18:28:44,149 | INFO |   Env | HO: 69.23% | Cont: 97.58% | Task: 82.05% | Resolved: 99.96% | Delay: 2.717s | Energy: 2461.34J | LB: 0.057
2026-06-08 18:28:44,149 | INFO |   Reward | D: -2703.28 | E: -8.40 | Q: 1957.60 | H: 13.65 | LB: 0.05 | Enq: 0.00 | Pen: -1252.74
2026-06-08 18:29:15,557 | INFO | Update  264 | Steps: 270,336 | Episodes:   264 | EpReward:   -26.44 | FPS:     33 | Actor Loss: 0.0013 | Critic Loss: 0.0058
2026-06-08 18:29:15,557 | INFO |   Env | HO: 70.43% | Cont: 96.55% | Task: 80.26% | Resolved: 99.99% | Delay: 2.804s | Energy: 2620.69J | LB: 0.075
2026-06-08 18:29:15,557 | INFO |   Reward | D: -2792.26 | E: -8.48 | Q: 1760.00 | H: 19.88 | LB: 0.18 | Enq: 0.00 | Pen: -1436.44
2026-06-08 18:30:01,095 | INFO | Update  265 | Steps: 271,360 | Episodes:   265 | EpReward:   -26.43 | FPS:     22 | Actor Loss: 0.0010 | Critic Loss: 0.0025
2026-06-08 18:30:01,099 | INFO |   Env | HO: 72.20% | Cont: 96.87% | Task: 82.73% | Resolved: 99.94% | Delay: 2.690s | Energy: 2408.75J | LB: 0.095
2026-06-08 18:30:01,099 | INFO |   Reward | D: -2727.85 | E: -8.46 | Q: 2081.60 | H: 18.69 | LB: 0.11 | Enq: 0.00 | Pen: -1146.48
2026-06-08 18:31:04,622 | INFO | Update  266 | Steps: 272,384 | Episodes:   266 | EpReward:   -26.27 | FPS:     16 | Actor Loss: 0.0007 | Critic Loss: 0.0015
2026-06-08 18:31:04,623 | INFO |   Env | HO: 73.12% | Cont: 97.54% | Task: 83.57% | Resolved: 99.95% | Delay: 2.577s | Energy: 2184.54J | LB: 0.059
2026-06-08 18:31:04,623 | INFO |   Reward | D: -2676.93 | E: -8.34 | Q: 2194.40 | H: 15.43 | LB: 0.05 | Enq: 0.00 | Pen: -908.81
2026-06-08 18:32:14,548 | INFO | Update  267 | Steps: 273,408 | Episodes:   267 | EpReward:   -26.14 | FPS:     15 | Actor Loss: 0.0004 | Critic Loss: 0.0021
2026-06-08 18:32:14,549 | INFO |   Env | HO: 73.00% | Cont: 97.47% | Task: 82.22% | Resolved: 100.00% | Delay: 2.696s | Energy: 2439.70J | LB: 0.055
2026-06-08 18:32:14,549 | INFO |   Reward | D: -2719.38 | E: -8.41 | Q: 2004.40 | H: 14.96 | LB: 0.13 | Enq: 0.00 | Pen: -1220.32
2026-06-08 18:33:07,549 | INFO | Update  268 | Steps: 274,432 | Episodes:   268 | EpReward:   -26.17 | FPS:     19 | Actor Loss: 0.0008 | Critic Loss: 0.0018
2026-06-08 18:33:07,549 | INFO |   Env | HO: 75.40% | Cont: 97.65% | Task: 82.07% | Resolved: 99.95% | Delay: 2.787s | Energy: 2637.10J | LB: 0.106
2026-06-08 18:33:07,549 | INFO |   Reward | D: -2785.73 | E: -8.75 | Q: 1999.20 | H: 17.10 | LB: 0.13 | Enq: 0.00 | Pen: -1332.28
2026-06-08 18:34:08,563 | INFO | Update  269 | Steps: 275,456 | Episodes:   269 | EpReward:   -25.84 | FPS:     17 | Actor Loss: 0.0007 | Critic Loss: 0.0009
2026-06-08 18:34:08,563 | INFO |   Env | HO: 75.07% | Cont: 97.96% | Task: 84.00% | Resolved: 99.95% | Delay: 2.644s | Energy: 2334.45J | LB: 0.080
2026-06-08 18:34:08,563 | INFO |   Reward | D: -2698.99 | E: -8.42 | Q: 2227.20 | H: 15.88 | LB: 0.03 | Enq: 0.00 | Pen: -1003.15
2026-06-08 18:35:05,215 | INFO | Update  270 | Steps: 276,480 | Episodes:   270 | EpReward:   -25.69 | FPS:     18 | Actor Loss: 0.0010 | Critic Loss: 0.0019
2026-06-08 18:35:05,215 | INFO |   Env | HO: 71.01% | Cont: 97.35% | Task: 82.39% | Resolved: 99.98% | Delay: 2.707s | Energy: 2421.69J | LB: 0.055
2026-06-08 18:35:05,215 | INFO |   Reward | D: -2716.67 | E: -8.42 | Q: 2019.60 | H: 14.67 | LB: 0.09 | Enq: 0.00 | Pen: -1132.00
2026-06-08 18:36:09,896 | INFO | Update  271 | Steps: 277,504 | Episodes:   271 | EpReward:   -25.42 | FPS:     16 | Actor Loss: 0.0009 | Critic Loss: 0.0019
2026-06-08 18:36:09,896 | INFO |   Env | HO: 71.26% | Cont: 97.41% | Task: 82.57% | Resolved: 99.95% | Delay: 2.645s | Energy: 2316.51J | LB: 0.088
2026-06-08 18:36:09,896 | INFO |   Reward | D: -2719.19 | E: -8.36 | Q: 2053.60 | H: 14.24 | LB: 0.17 | Enq: 0.00 | Pen: -1034.51
2026-06-08 18:36:57,374 | INFO | Update  272 | Steps: 278,528 | Episodes:   272 | EpReward:   -25.48 | FPS:     22 | Actor Loss: 0.0003 | Critic Loss: 0.0098
2026-06-08 18:36:57,374 | INFO |   Env | HO: 70.25% | Cont: 97.74% | Task: 81.06% | Resolved: 100.00% | Delay: 2.779s | Energy: 2593.04J | LB: 0.068
2026-06-08 18:36:57,374 | INFO |   Reward | D: -2758.22 | E: -8.40 | Q: 1840.40 | H: 15.35 | LB: 0.16 | Enq: 0.00 | Pen: -1382.99
2026-06-08 18:37:52,550 | INFO | Update  273 | Steps: 279,552 | Episodes:   273 | EpReward:   -25.49 | FPS:     19 | Actor Loss: 0.0006 | Critic Loss: 0.0045
2026-06-08 18:37:52,551 | INFO |   Env | HO: 69.44% | Cont: 97.86% | Task: 81.79% | Resolved: 99.94% | Delay: 2.722s | Energy: 2517.93J | LB: 0.069
2026-06-08 18:37:52,551 | INFO |   Reward | D: -2765.06 | E: -8.53 | Q: 1952.80 | H: 13.59 | LB: 0.13 | Enq: 0.00 | Pen: -1313.94
2026-06-08 18:38:53,013 | INFO | Update  274 | Steps: 280,576 | Episodes:   274 | EpReward:   -25.46 | FPS:     17 | Actor Loss: 0.0002 | Critic Loss: 0.0057
2026-06-08 18:38:53,013 | INFO |   Env | HO: 69.00% | Cont: 97.65% | Task: 81.56% | Resolved: 99.94% | Delay: 2.768s | Energy: 2572.16J | LB: 0.058
2026-06-08 18:38:53,013 | INFO |   Reward | D: -2753.19 | E: -8.50 | Q: 1908.80 | H: 13.68 | LB: 0.08 | Enq: 0.00 | Pen: -1335.06
2026-06-08 18:39:55,182 | INFO | Update  275 | Steps: 281,600 | Episodes:   275 | EpReward:   -25.50 | FPS:     16 | Actor Loss: 0.0004 | Critic Loss: 0.0095
2026-06-08 18:39:55,186 | INFO |   Env | HO: 73.77% | Cont: 98.02% | Task: 81.38% | Resolved: 99.98% | Delay: 2.792s | Energy: 2696.12J | LB: 0.075
2026-06-08 18:39:55,186 | INFO |   Reward | D: -2812.85 | E: -8.73 | Q: 1909.60 | H: 13.55 | LB: 0.15 | Enq: 0.00 | Pen: -1459.89
2026-06-08 18:40:47,606 | INFO | Update  276 | Steps: 282,624 | Episodes:   276 | EpReward:   -25.55 | FPS:     20 | Actor Loss: -0.0001 | Critic Loss: 0.0042
2026-06-08 18:40:47,607 | INFO |   Env | HO: 72.90% | Cont: 97.76% | Task: 81.11% | Resolved: 99.99% | Delay: 2.773s | Energy: 2610.36J | LB: 0.054
2026-06-08 18:40:47,607 | INFO |   Reward | D: -2770.48 | E: -8.48 | Q: 1861.60 | H: 11.53 | LB: 0.11 | Enq: 0.00 | Pen: -1415.41
2026-06-08 18:41:43,772 | INFO | Update  277 | Steps: 283,648 | Episodes:   277 | EpReward:   -25.53 | FPS:     18 | Actor Loss: 0.0011 | Critic Loss: 0.0020
2026-06-08 18:41:43,772 | INFO |   Env | HO: 72.39% | Cont: 97.60% | Task: 82.18% | Resolved: 99.98% | Delay: 2.738s | Energy: 2511.89J | LB: 0.073
2026-06-08 18:41:43,772 | INFO |   Reward | D: -2728.07 | E: -8.52 | Q: 1993.60 | H: 14.30 | LB: 0.11 | Enq: 0.00 | Pen: -1228.83
2026-06-08 18:42:48,358 | INFO | Update  278 | Steps: 284,672 | Episodes:   278 | EpReward:   -25.59 | FPS:     16 | Actor Loss: 0.0008 | Critic Loss: 0.0125
2026-06-08 18:42:48,358 | INFO |   Env | HO: 68.11% | Cont: 97.52% | Task: 81.28% | Resolved: 99.97% | Delay: 2.798s | Energy: 2689.35J | LB: 0.061
2026-06-08 18:42:48,358 | INFO |   Reward | D: -2797.15 | E: -8.80 | Q: 1899.60 | H: 15.28 | LB: 0.02 | Enq: 0.00 | Pen: -1437.25
2026-06-08 18:43:35,153 | INFO | Update  279 | Steps: 285,696 | Episodes:   279 | EpReward:   -25.61 | FPS:     22 | Actor Loss: 0.0006 | Critic Loss: 0.0055
2026-06-08 18:43:35,160 | INFO |   Env | HO: 72.90% | Cont: 98.02% | Task: 82.32% | Resolved: 99.99% | Delay: 2.754s | Energy: 2615.31J | LB: 0.058
2026-06-08 18:43:35,160 | INFO |   Reward | D: -2756.70 | E: -8.76 | Q: 2019.20 | H: 13.57 | LB: 0.10 | Enq: 0.00 | Pen: -1309.29
2026-06-08 18:44:22,121 | INFO | Update  280 | Steps: 286,720 | Episodes:   280 | EpReward:   -25.54 | FPS:     22 | Actor Loss: 0.0007 | Critic Loss: 0.0033
2026-06-08 18:44:22,121 | INFO |   Env | HO: 73.71% | Cont: 97.43% | Task: 81.31% | Resolved: 99.98% | Delay: 2.795s | Energy: 2717.11J | LB: 0.065
2026-06-08 18:44:22,121 | INFO |   Reward | D: -2816.53 | E: -8.78 | Q: 1908.40 | H: 16.24 | LB: 0.10 | Enq: 0.00 | Pen: -1478.68
2026-06-08 18:45:23,047 | INFO | Update  281 | Steps: 287,744 | Episodes:   281 | EpReward:   -25.38 | FPS:     17 | Actor Loss: 0.0012 | Critic Loss: 0.0014
2026-06-08 18:45:23,047 | INFO |   Env | HO: 75.27% | Cont: 97.72% | Task: 82.81% | Resolved: 99.97% | Delay: 2.655s | Energy: 2317.38J | LB: 0.058
2026-06-08 18:45:23,047 | INFO |   Reward | D: -2698.18 | E: -8.29 | Q: 2080.40 | H: 12.89 | LB: 0.17 | Enq: 0.00 | Pen: -1056.69
2026-06-08 18:46:15,646 | INFO | Update  282 | Steps: 288,768 | Episodes:   282 | EpReward:   -25.25 | FPS:     19 | Actor Loss: 0.0010 | Critic Loss: 0.0014
2026-06-08 18:46:15,646 | INFO |   Env | HO: 68.38% | Cont: 97.07% | Task: 82.23% | Resolved: 99.97% | Delay: 2.702s | Energy: 2388.79J | LB: 0.059
2026-06-08 18:46:15,646 | INFO |   Reward | D: -2681.50 | E: -8.38 | Q: 1987.60 | H: 15.45 | LB: 0.11 | Enq: 0.00 | Pen: -1158.96
2026-06-08 18:47:21,418 | INFO | Update  283 | Steps: 289,792 | Episodes:   283 | EpReward:   -25.31 | FPS:     16 | Actor Loss: 0.0003 | Critic Loss: 0.0063
2026-06-08 18:47:21,419 | INFO |   Env | HO: 75.23% | Cont: 98.09% | Task: 80.89% | Resolved: 99.93% | Delay: 2.823s | Energy: 2779.22J | LB: 0.072
2026-06-08 18:47:21,419 | INFO |   Reward | D: -2835.92 | E: -8.82 | Q: 1844.00 | H: 14.77 | LB: 0.11 | Enq: 0.00 | Pen: -1524.72
2026-06-08 18:48:30,312 | INFO | Update  284 | Steps: 290,816 | Episodes:   284 | EpReward:   -25.25 | FPS:     15 | Actor Loss: 0.0008 | Critic Loss: 0.0025
2026-06-08 18:48:30,312 | INFO |   Env | HO: 72.20% | Cont: 95.65% | Task: 81.30% | Resolved: 99.98% | Delay: 2.728s | Energy: 2404.88J | LB: 0.075
2026-06-08 18:48:30,312 | INFO |   Reward | D: -2702.56 | E: -8.32 | Q: 1887.60 | H: 26.75 | LB: 0.18 | Enq: 0.00 | Pen: -1211.18
2026-06-08 18:49:42,360 | INFO | Update  285 | Steps: 291,840 | Episodes:   285 | EpReward:   -25.36 | FPS:     14 | Actor Loss: 0.0009 | Critic Loss: 0.0021
2026-06-08 18:49:42,361 | INFO |   Env | HO: 71.11% | Cont: 96.60% | Task: 81.75% | Resolved: 99.92% | Delay: 2.749s | Energy: 2509.93J | LB: 0.067
2026-06-08 18:49:42,361 | INFO |   Reward | D: -2732.74 | E: -8.58 | Q: 1959.20 | H: 21.21 | LB: 0.22 | Enq: 0.00 | Pen: -1256.40
2026-06-08 18:50:38,154 | INFO | Update  286 | Steps: 292,864 | Episodes:   286 | EpReward:   -25.45 | FPS:     18 | Actor Loss: 0.0013 | Critic Loss: 0.0038
2026-06-08 18:50:38,154 | INFO |   Env | HO: 70.00% | Cont: 96.18% | Task: 81.64% | Resolved: 99.96% | Delay: 2.695s | Energy: 2360.58J | LB: 0.093
2026-06-08 18:50:38,154 | INFO |   Reward | D: -2685.46 | E: -8.41 | Q: 1928.80 | H: 19.70 | LB: 0.14 | Enq: 0.00 | Pen: -1130.48
2026-06-08 18:51:27,722 | INFO | Update  287 | Steps: 293,888 | Episodes:   287 | EpReward:   -25.63 | FPS:     21 | Actor Loss: 0.0010 | Critic Loss: 0.0078
2026-06-08 18:51:27,722 | INFO |   Env | HO: 70.28% | Cont: 97.43% | Task: 81.07% | Resolved: 99.98% | Delay: 2.794s | Energy: 2675.68J | LB: 0.048
2026-06-08 18:51:27,722 | INFO |   Reward | D: -2796.81 | E: -8.64 | Q: 1866.00 | H: 17.77 | LB: 0.12 | Enq: 0.00 | Pen: -1444.01
2026-06-08 18:52:17,861 | INFO | Update  288 | Steps: 294,912 | Episodes:   288 | EpReward:   -25.44 | FPS:     20 | Actor Loss: 0.0008 | Critic Loss: 0.0026
2026-06-08 18:52:17,866 | INFO |   Env | HO: 70.13% | Cont: 97.14% | Task: 82.33% | Resolved: 99.97% | Delay: 2.676s | Energy: 2425.01J | LB: 0.059
2026-06-08 18:52:17,867 | INFO |   Reward | D: -2725.57 | E: -8.57 | Q: 2029.60 | H: 16.35 | LB: 0.07 | Enq: 0.00 | Pen: -1196.78
2026-06-08 18:53:11,659 | INFO | Update  289 | Steps: 295,936 | Episodes:   289 | EpReward:   -25.49 | FPS:     19 | Actor Loss: 0.0012 | Critic Loss: 0.0013
2026-06-08 18:53:11,663 | INFO |   Env | HO: 73.20% | Cont: 97.25% | Task: 82.60% | Resolved: 99.94% | Delay: 2.668s | Energy: 2355.28J | LB: 0.081
2026-06-08 18:53:11,663 | INFO |   Reward | D: -2719.23 | E: -8.38 | Q: 2061.60 | H: 16.14 | LB: 0.05 | Enq: 0.00 | Pen: -1089.17
2026-06-08 18:54:05,448 | INFO | Update  290 | Steps: 296,960 | Episodes:   290 | EpReward:   -25.42 | FPS:     19 | Actor Loss: 0.0004 | Critic Loss: 0.0054
2026-06-08 18:54:05,448 | INFO |   Env | HO: 70.18% | Cont: 97.51% | Task: 82.08% | Resolved: 99.99% | Delay: 2.773s | Energy: 2578.69J | LB: 0.071
2026-06-08 18:54:05,448 | INFO |   Reward | D: -2753.16 | E: -8.49 | Q: 1979.60 | H: 16.55 | LB: 0.10 | Enq: 0.00 | Pen: -1358.46
2026-06-08 18:55:02,881 | INFO | Update  291 | Steps: 297,984 | Episodes:   291 | EpReward:   -25.38 | FPS:     18 | Actor Loss: 0.0007 | Critic Loss: 0.0050
2026-06-08 18:55:02,882 | INFO |   Env | HO: 68.85% | Cont: 97.46% | Task: 81.41% | Resolved: 99.97% | Delay: 2.760s | Energy: 2629.78J | LB: 0.044
2026-06-08 18:55:02,882 | INFO |   Reward | D: -2767.70 | E: -8.66 | Q: 1908.00 | H: 15.93 | LB: 0.10 | Enq: 0.00 | Pen: -1419.09
2026-06-08 18:55:51,847 | INFO | Update  292 | Steps: 299,008 | Episodes:   292 | EpReward:   -25.38 | FPS:     21 | Actor Loss: 0.0011 | Critic Loss: 0.0029
2026-06-08 18:55:51,847 | INFO |   Env | HO: 73.74% | Cont: 97.79% | Task: 82.63% | Resolved: 99.97% | Delay: 2.708s | Energy: 2453.31J | LB: 0.062
2026-06-08 18:55:51,847 | INFO |   Reward | D: -2690.46 | E: -8.45 | Q: 2024.40 | H: 15.96 | LB: 0.15 | Enq: 0.00 | Pen: -1188.25
2026-06-08 18:56:48,428 | INFO | Update  293 | Steps: 300,032 | Episodes:   293 | EpReward:   -25.21 | FPS:     18 | Actor Loss: 0.0005 | Critic Loss: 0.0033
2026-06-08 18:56:48,428 | INFO |   Env | HO: 71.57% | Cont: 97.41% | Task: 82.91% | Resolved: 99.95% | Delay: 2.662s | Energy: 2352.64J | LB: 0.044
2026-06-08 18:56:48,428 | INFO |   Reward | D: -2646.38 | E: -8.37 | Q: 2064.00 | H: 13.61 | LB: 0.06 | Enq: 0.00 | Pen: -1084.67
2026-06-08 18:56:48,428 | INFO | ----------------------------------------
2026-06-08 18:56:48,428 | INFO | 开始评估...
2026-06-08 18:57:46,222 | INFO | 评估结果: 奖励 = -36.78 ± 7.08, 长度 = 600, 时延 = 2.836s, 能耗 = 4906.12J, 负载均衡 = 0.056
2026-06-08 18:57:46,226 | INFO | ----------------------------------------
2026-06-08 18:57:46,255 | INFO | 模型已保存: /home/pjpjq/LEO_switch/results/full_train_latency_priority_multiuser_u30_multiuser_6_7/checkpoint_300032.pt
2026-06-08 18:57:46,255 | INFO | ============================================================
2026-06-08 18:57:46,255 | INFO | 训练完成!
2026-06-08 18:57:46,255 | INFO |   总时间: 4.63 小时
2026-06-08 18:57:46,255 | INFO |   总步数: 300,032
2026-06-08 18:57:46,256 | INFO |   总episode: 293
2026-06-08 18:57:46,256 | INFO |   最佳奖励: -24.27
2026-06-08 18:57:46,256 | INFO |   最佳模型指标: average delay = -2.7031
2026-06-08 18:57:46,256 | INFO | ============================================================
2026-06-08 18:57:46,282 | INFO | 模型已保存: /home/pjpjq/LEO_switch/results/full_train_latency_priority_multiuser_u30_multiuser_6_7/final_model.pt
2026-06-08 18:57:46,339 | INFO | 训练历史已保存: /home/pjpjq/LEO_switch/results/full_train_latency_priority_multiuser_u30_multiuser_6_7/training_history.json
