
$ /home/pjpjq/miniconda3/envs/satellite.env/bin/python scripts/compare_system_baselines.py --run-mode compare_only --system-run-dir /home/pjpjq/LEO_switch/results/full_train_latency_priority_multiuser_u40_multiuser_6_7 --output-dir /home/pjpjq/LEO_switch/results/baseline_compare/multiuser_scaling_multiuser_6_7/u40 --episodes 3 --max-steps 600 --total-timesteps 300000 --seed 42 --device cuda --num-users 40 --best-model-metric avg_delay --compare-ranking-metric avg_delay --plot-window 5 --early-stop-patience 0 --baselines attn_mappo mappo_no_han maddpg pdqn random min_distance full_local joint_greedy
2026-06-09 15:26:08,015 | INFO | 初始化环境...
2026-06-09 15:26:08,025 | INFO |   - 原始观测维度: 73
2026-06-09 15:26:08,025 | INFO |   - HAN嵌入维度: 64
2026-06-09 15:26:08,025 | INFO |   - 拼接后观测维度: 142 (raw 73 + HAN 64 + rvt_warning 1 + task 4)
2026-06-09 15:26:08,025 | INFO |   - 全局状态维度: 5680
2026-06-09 15:26:08,025 | INFO | 初始化图构建器...
2026-06-09 15:26:08,025 | INFO | 初始化HAN编码器...
2026-06-09 15:26:08,361 | INFO |   - HAN参数量: 772,032
2026-06-09 15:26:08,361 | INFO | 初始化MAPPO...
2026-06-09 15:26:14,397 | INFO |   - Actor参数量: 103,694
2026-06-09 15:26:14,398 | INFO |   - Critic参数量: 192,513
2026-06-09 15:26:14,398 | INFO | 初始化经验缓冲区...
2026-06-09 15:26:14,400 | INFO | 训练器初始化完成，设备: cuda
2026-06-09 15:26:14,401 | INFO | 环境: 40 用户, 66 卫星
2026-06-09 15:27:42,096 | INFO | Initializing environment for AttentionMAPPO...
2026-06-09 15:27:42,104 | INFO |   - Raw observation dim: 73
2026-06-09 15:27:42,104 | INFO |   - Satellite load feature dim: 8
2026-06-09 15:27:42,104 | INFO |   - Policy observation dim: 73
2026-06-09 15:27:42,104 | INFO |   - Global state dim: 2920
2026-06-09 15:27:42,104 | INFO | AttentionMAPPO skips heterogeneous graph construction.
2026-06-09 15:27:42,105 | INFO | AttentionMAPPO uses raw_obs + satellite load attention; no HAN encoder.
2026-06-09 15:27:42,105 | INFO | Initializing AttentionMAPPO...
2026-06-09 15:27:45,546 | INFO |   - Attention Actor params: 73,028
2026-06-09 15:27:45,556 | INFO |   - Critic params: 176,513
2026-06-09 15:27:45,556 | INFO | 初始化经验缓冲区...
2026-06-09 15:27:45,558 | INFO | 训练器初始化完成，设备: cuda
2026-06-09 15:27:45,559 | INFO | 环境: 40 用户, 66 卫星
2026-06-09 15:27:45,559 | INFO | ============================================================
2026-06-09 15:27:45,559 | INFO | 开始训练
2026-06-09 15:27:45,559 | INFO |   总步数: 300,000
2026-06-09 15:27:45,559 | INFO |   每轮步数: 1024
2026-06-09 15:27:45,559 | INFO |   图更新间隔: 1
2026-06-09 15:27:45,559 | INFO |   评估episodes: 3
2026-06-09 15:27:45,559 | INFO |   设备: cuda
2026-06-09 15:27:45,559 | INFO | ============================================================
2026-06-09 15:28:47,334 | INFO | Update    1 | Steps:   1,024 | Episodes:     1 | EpReward:  -135.36 | FPS:     17 | Actor Loss: -0.0034 | Critic Loss: 1.3191
2026-06-09 15:28:47,335 | INFO |   Env | HO: 67.38% | Cont: 66.36% | Task: 53.19% | Resolved: 99.64% | Delay: 3.623s | Energy: 3691.60J | LB: 0.002
2026-06-09 15:28:47,335 | INFO |   Reward | D: -3178.48 | E: -10.25 | Q: -2304.80 | H: 118.25 | LB: 0.22 | Enq: 0.00 | Pen: -2728.55
2026-06-09 15:29:50,742 | INFO | Update    2 | Steps:   2,048 | Episodes:     2 | EpReward:  -128.89 | FPS:     16 | Actor Loss: -0.0023 | Critic Loss: 1.1957
2026-06-09 15:29:50,743 | INFO |   Env | HO: 69.07% | Cont: 68.02% | Task: 56.62% | Resolved: 99.78% | Delay: 3.557s | Energy: 3793.85J | LB: 0.014
2026-06-09 15:29:50,743 | INFO |   Reward | D: -3307.27 | E: -10.70 | Q: -1724.00 | H: 135.18 | LB: 0.30 | Enq: 0.00 | Pen: -2677.20
2026-06-09 15:30:52,720 | INFO | Update    3 | Steps:   3,072 | Episodes:     3 | EpReward:  -132.53 | FPS:     17 | Actor Loss: -0.0034 | Critic Loss: 0.9058
2026-06-09 15:30:52,720 | INFO |   Env | HO: 67.77% | Cont: 68.96% | Task: 56.14% | Resolved: 99.84% | Delay: 3.569s | Energy: 3817.76J | LB: 0.011
2026-06-09 15:30:52,721 | INFO |   Reward | D: -3314.39 | E: -10.72 | Q: -1802.80 | H: 129.88 | LB: 0.30 | Enq: 0.00 | Pen: -2806.83
2026-06-09 15:31:48,797 | INFO | Update    4 | Steps:   4,096 | Episodes:     4 | EpReward:  -128.54 | FPS:     18 | Actor Loss: -0.0032 | Critic Loss: 1.0799
2026-06-09 15:31:48,797 | INFO |   Env | HO: 66.99% | Cont: 74.71% | Task: 60.50% | Resolved: 99.87% | Delay: 3.486s | Energy: 4092.50J | LB: 0.013
2026-06-09 15:31:48,797 | INFO |   Reward | D: -3514.57 | E: -11.32 | Q: -1048.80 | H: 127.45 | LB: 0.20 | Enq: 0.00 | Pen: -2849.46
2026-06-09 15:32:43,338 | INFO | Update    5 | Steps:   5,120 | Episodes:     5 | EpReward:  -121.85 | FPS:     19 | Actor Loss: -0.0030 | Critic Loss: 0.4240
2026-06-09 15:32:43,338 | INFO |   Env | HO: 69.30% | Cont: 78.85% | Task: 64.15% | Resolved: 99.87% | Delay: 3.378s | Energy: 4123.31J | LB: 0.020
2026-06-09 15:32:43,338 | INFO |   Reward | D: -3598.21 | E: -11.88 | Q: -434.40 | H: 109.13 | LB: 0.20 | Enq: 0.00 | Pen: -2631.71
2026-06-09 15:33:35,574 | INFO | Update    6 | Steps:   6,144 | Episodes:     6 | EpReward:  -120.20 | FPS:     20 | Actor Loss: -0.0027 | Critic Loss: 0.6898
2026-06-09 15:33:35,575 | INFO |   Env | HO: 64.74% | Cont: 80.72% | Task: 63.42% | Resolved: 99.81% | Delay: 3.446s | Energy: 4439.33J | LB: 0.027
2026-06-09 15:33:35,575 | INFO |   Reward | D: -3749.28 | E: -11.91 | Q: -560.80 | H: 99.48 | LB: 0.13 | Enq: 0.00 | Pen: -2986.24
2026-06-09 15:34:36,811 | INFO | Update    7 | Steps:   7,168 | Episodes:     7 | EpReward:  -116.59 | FPS:     17 | Actor Loss: -0.0018 | Critic Loss: 0.3590
2026-06-09 15:34:36,813 | INFO |   Env | HO: 66.28% | Cont: 83.98% | Task: 67.91% | Resolved: 99.89% | Delay: 3.325s | Energy: 4473.18J | LB: 0.031
2026-06-09 15:34:36,813 | INFO |   Reward | D: -3775.97 | E: -12.59 | Q: 214.00 | H: 101.52 | LB: 0.37 | Enq: 0.00 | Pen: -2809.25
2026-06-09 15:35:32,288 | INFO | Update    8 | Steps:   8,192 | Episodes:     8 | EpReward:  -113.06 | FPS:     18 | Actor Loss: -0.0017 | Critic Loss: 0.1992
2026-06-09 15:35:32,288 | INFO |   Env | HO: 64.81% | Cont: 84.14% | Task: 67.96% | Resolved: 99.84% | Delay: 3.312s | Energy: 4350.77J | LB: 0.035
2026-06-09 15:35:32,288 | INFO |   Reward | D: -3742.36 | E: -12.58 | Q: 222.40 | H: 88.83 | LB: 0.22 | Enq: 0.00 | Pen: -2641.88
2026-06-09 15:36:36,467 | INFO | Update    9 | Steps:   9,216 | Episodes:     9 | EpReward:  -109.74 | FPS:     16 | Actor Loss: -0.0018 | Critic Loss: 0.1521
2026-06-09 15:36:36,467 | INFO |   Env | HO: 67.64% | Cont: 88.92% | Task: 70.61% | Resolved: 99.94% | Delay: 3.259s | Energy: 4623.30J | LB: 0.040
2026-06-09 15:36:36,467 | INFO |   Reward | D: -3911.67 | E: -13.06 | Q: 679.60 | H: 79.16 | LB: 0.12 | Enq: 0.00 | Pen: -2754.16
2026-06-09 15:37:38,821 | INFO | Update   10 | Steps:  10,240 | Episodes:    10 | EpReward:  -106.73 | FPS:     16 | Actor Loss: -0.0011 | Critic Loss: 0.1201
2026-06-09 15:37:38,821 | INFO |   Env | HO: 69.27% | Cont: 89.80% | Task: 71.21% | Resolved: 99.87% | Delay: 3.257s | Energy: 4649.12J | LB: 0.050
2026-06-09 15:37:38,821 | INFO |   Reward | D: -3873.59 | E: -13.18 | Q: 774.40 | H: 76.78 | LB: 0.17 | Enq: 0.00 | Pen: -2756.58
2026-06-09 15:38:19,727 | INFO | Update   11 | Steps:  11,264 | Episodes:    11 | EpReward:  -102.87 | FPS:     25 | Actor Loss: -0.0010 | Critic Loss: 0.0584
2026-06-09 15:38:19,727 | INFO |   Env | HO: 67.16% | Cont: 90.18% | Task: 72.65% | Resolved: 99.97% | Delay: 3.153s | Energy: 4416.25J | LB: 0.045
2026-06-09 15:38:19,727 | INFO |   Reward | D: -3853.06 | E: -13.20 | Q: 1035.20 | H: 68.42 | LB: 0.14 | Enq: 0.00 | Pen: -2366.82
2026-06-09 15:38:58,009 | INFO | Update   12 | Steps:  12,288 | Episodes:    12 | EpReward:   -98.99 | FPS:     27 | Actor Loss: -0.0019 | Critic Loss: 0.0479
2026-06-09 15:38:58,010 | INFO |   Env | HO: 68.05% | Cont: 92.37% | Task: 73.81% | Resolved: 99.97% | Delay: 3.140s | Energy: 4428.41J | LB: 0.051
2026-06-09 15:38:58,010 | INFO |   Reward | D: -3837.65 | E: -13.26 | Q: 1228.80 | H: 48.38 | LB: 0.10 | Enq: 0.00 | Pen: -2345.69
2026-06-09 15:39:37,131 | INFO | Update   13 | Steps:  13,312 | Episodes:    13 | EpReward:   -95.46 | FPS:     26 | Actor Loss: -0.0014 | Critic Loss: 0.0216
2026-06-09 15:39:37,135 | INFO |   Env | HO: 70.24% | Cont: 93.68% | Task: 74.87% | Resolved: 99.97% | Delay: 3.075s | Energy: 4353.98J | LB: 0.060
2026-06-09 15:39:37,135 | INFO |   Reward | D: -3846.32 | E: -13.42 | Q: 1415.60 | H: 41.17 | LB: 0.11 | Enq: 0.00 | Pen: -2265.02
2026-06-09 15:40:25,071 | INFO | Update   14 | Steps:  14,336 | Episodes:    14 | EpReward:   -93.18 | FPS:     21 | Actor Loss: -0.0008 | Critic Loss: 0.0166
2026-06-09 15:40:25,071 | INFO |   Env | HO: 66.12% | Cont: 94.75% | Task: 74.82% | Resolved: 99.94% | Delay: 3.147s | Energy: 4591.17J | LB: 0.070
2026-06-09 15:40:25,071 | INFO |   Reward | D: -3873.64 | E: -13.18 | Q: 1381.20 | H: 35.60 | LB: 0.05 | Enq: 0.00 | Pen: -2567.74
2026-06-09 15:41:17,116 | INFO | Update   15 | Steps:  15,360 | Episodes:    15 | EpReward:   -90.82 | FPS:     20 | Actor Loss: -0.0007 | Critic Loss: 0.0116
2026-06-09 15:41:17,116 | INFO |   Env | HO: 66.78% | Cont: 94.72% | Task: 75.77% | Resolved: 99.98% | Delay: 3.080s | Energy: 4351.91J | LB: 0.056
2026-06-09 15:41:17,116 | INFO |   Reward | D: -3791.05 | E: -12.90 | Q: 1536.80 | H: 35.55 | LB: 0.12 | Enq: 0.00 | Pen: -2397.13
2026-06-09 15:42:11,020 | INFO | Update   16 | Steps:  16,384 | Episodes:    16 | EpReward:   -87.53 | FPS:     19 | Actor Loss: -0.0006 | Critic Loss: 0.0046
2026-06-09 15:42:11,021 | INFO |   Env | HO: 70.28% | Cont: 95.94% | Task: 77.14% | Resolved: 99.95% | Delay: 2.985s | Energy: 4233.98J | LB: 0.072
2026-06-09 15:42:11,021 | INFO |   Reward | D: -3805.29 | E: -13.11 | Q: 1793.20 | H: 27.59 | LB: 0.03 | Enq: 0.00 | Pen: -2046.20
2026-06-09 15:42:59,959 | INFO | Update   17 | Steps:  17,408 | Episodes:    17 | EpReward:   -84.53 | FPS:     21 | Actor Loss: -0.0009 | Critic Loss: 0.0021
2026-06-09 15:42:59,960 | INFO |   Env | HO: 70.17% | Cont: 96.55% | Task: 77.85% | Resolved: 99.97% | Delay: 2.975s | Energy: 4275.44J | LB: 0.085
2026-06-09 15:42:59,960 | INFO |   Reward | D: -3844.45 | E: -13.50 | Q: 1928.00 | H: 23.26 | LB: 0.02 | Enq: 0.00 | Pen: -2034.83
2026-06-09 15:43:40,781 | INFO | Update   18 | Steps:  18,432 | Episodes:    18 | EpReward:   -81.88 | FPS:     25 | Actor Loss: -0.0003 | Critic Loss: 0.0094
2026-06-09 15:43:40,781 | INFO |   Env | HO: 71.37% | Cont: 95.78% | Task: 77.66% | Resolved: 99.96% | Delay: 2.969s | Energy: 4176.29J | LB: 0.061
2026-06-09 15:43:40,781 | INFO |   Reward | D: -3759.09 | E: -13.30 | Q: 1881.60 | H: 22.81 | LB: 0.16 | Enq: 0.00 | Pen: -2072.88
2026-06-09 15:44:35,682 | INFO | Update   19 | Steps:  19,456 | Episodes:    19 | EpReward:   -80.62 | FPS:     19 | Actor Loss: -0.0002 | Critic Loss: 0.0168
2026-06-09 15:44:35,682 | INFO |   Env | HO: 68.68% | Cont: 96.81% | Task: 76.55% | Resolved: 99.99% | Delay: 3.068s | Energy: 4482.57J | LB: 0.080
2026-06-09 15:44:35,682 | INFO |   Reward | D: -3904.52 | E: -13.15 | Q: 1694.40 | H: 20.10 | LB: 0.03 | Enq: 0.00 | Pen: -2516.72
2026-06-09 15:45:33,651 | INFO | Update   20 | Steps:  20,480 | Episodes:    20 | EpReward:   -79.68 | FPS:     18 | Actor Loss: -0.0006 | Critic Loss: 0.0216
2026-06-09 15:45:33,651 | INFO |   Env | HO: 67.67% | Cont: 97.14% | Task: 75.93% | Resolved: 99.98% | Delay: 3.094s | Energy: 4674.80J | LB: 0.082
2026-06-09 15:45:33,651 | INFO |   Reward | D: -3975.85 | E: -13.52 | Q: 1606.00 | H: 16.34 | LB: 0.01 | Enq: 0.00 | Pen: -2657.62
2026-06-09 15:46:31,138 | INFO | Update   21 | Steps:  21,504 | Episodes:    21 | EpReward:   -78.70 | FPS:     18 | Actor Loss: -0.0005 | Critic Loss: 0.0223
2026-06-09 15:46:31,138 | INFO |   Env | HO: 69.65% | Cont: 97.22% | Task: 76.67% | Resolved: 99.99% | Delay: 3.080s | Energy: 4550.73J | LB: 0.090
2026-06-09 15:46:31,138 | INFO |   Reward | D: -3898.39 | E: -13.17 | Q: 1707.60 | H: 18.16 | LB: 0.09 | Enq: 0.00 | Pen: -2550.48
2026-06-09 15:47:35,604 | INFO | Update   22 | Steps:  22,528 | Episodes:    22 | EpReward:   -77.78 | FPS:     16 | Actor Loss: -0.0002 | Critic Loss: 0.0177
2026-06-09 15:47:35,604 | INFO |   Env | HO: 71.51% | Cont: 97.47% | Task: 78.07% | Resolved: 99.99% | Delay: 3.013s | Energy: 4380.70J | LB: 0.073
2026-06-09 15:47:35,604 | INFO |   Reward | D: -3841.34 | E: -13.25 | Q: 1946.40 | H: 15.28 | LB: 0.07 | Enq: 0.00 | Pen: -2313.83
2026-06-09 15:48:31,227 | INFO | Update   23 | Steps:  23,552 | Episodes:    23 | EpReward:   -76.97 | FPS:     18 | Actor Loss: -0.0013 | Critic Loss: 0.0278
2026-06-09 15:48:31,227 | INFO |   Env | HO: 74.58% | Cont: 97.60% | Task: 76.83% | Resolved: 99.97% | Delay: 3.048s | Energy: 4563.47J | LB: 0.083
2026-06-09 15:48:31,227 | INFO |   Reward | D: -3910.22 | E: -13.33 | Q: 1750.00 | H: 13.31 | LB: -0.00 | Enq: 0.00 | Pen: -2524.54
2026-06-09 15:49:28,131 | INFO | Update   24 | Steps:  24,576 | Episodes:    24 | EpReward:   -75.27 | FPS:     18 | Actor Loss: 0.0001 | Critic Loss: 0.0170
2026-06-09 15:49:28,131 | INFO |   Env | HO: 70.90% | Cont: 97.23% | Task: 79.07% | Resolved: 99.92% | Delay: 2.937s | Energy: 4177.68J | LB: 0.079
2026-06-09 15:49:28,131 | INFO |   Reward | D: -3810.82 | E: -13.29 | Q: 2138.80 | H: 15.14 | LB: 0.07 | Enq: 0.00 | Pen: -2067.80
2026-06-09 15:50:26,659 | INFO | Update   25 | Steps:  25,600 | Episodes:    25 | EpReward:   -74.35 | FPS:     17 | Actor Loss: -0.0005 | Critic Loss: 0.0189
2026-06-09 15:50:26,659 | INFO |   Env | HO: 71.48% | Cont: 97.88% | Task: 77.92% | Resolved: 99.98% | Delay: 3.020s | Energy: 4526.29J | LB: 0.097
2026-06-09 15:50:26,659 | INFO |   Reward | D: -3921.72 | E: -13.51 | Q: 1954.40 | H: 11.75 | LB: 0.06 | Enq: 0.00 | Pen: -2509.32
2026-06-09 15:51:20,544 | INFO | Update   26 | Steps:  26,624 | Episodes:    26 | EpReward:   -72.99 | FPS:     19 | Actor Loss: -0.0005 | Critic Loss: 0.0070
2026-06-09 15:51:20,545 | INFO |   Env | HO: 72.44% | Cont: 97.14% | Task: 80.27% | Resolved: 99.99% | Delay: 2.840s | Energy: 3888.36J | LB: 0.088
2026-06-09 15:51:20,545 | INFO |   Reward | D: -3741.95 | E: -13.18 | Q: 2346.00 | H: 16.52 | LB: 0.02 | Enq: 0.00 | Pen: -1792.73
2026-06-09 15:52:09,805 | INFO | Update   27 | Steps:  27,648 | Episodes:    27 | EpReward:   -72.32 | FPS:     21 | Actor Loss: -0.0004 | Critic Loss: 0.0148
2026-06-09 15:52:09,805 | INFO |   Env | HO: 70.06% | Cont: 97.60% | Task: 77.53% | Resolved: 99.98% | Delay: 3.028s | Energy: 4540.81J | LB: 0.105
2026-06-09 15:52:09,805 | INFO |   Reward | D: -3916.74 | E: -13.53 | Q: 1887.20 | H: 14.44 | LB: 0.04 | Enq: 0.00 | Pen: -2497.15
2026-06-09 15:52:59,715 | INFO | Update   28 | Steps:  28,672 | Episodes:    28 | EpReward:   -71.80 | FPS:     21 | Actor Loss: -0.0006 | Critic Loss: 0.0199
2026-06-09 15:52:59,716 | INFO |   Env | HO: 68.80% | Cont: 97.43% | Task: 76.85% | Resolved: 100.00% | Delay: 3.035s | Energy: 4428.73J | LB: 0.075
2026-06-09 15:52:59,716 | INFO |   Reward | D: -3901.03 | E: -13.00 | Q: 1753.20 | H: 15.03 | LB: 0.07 | Enq: 0.00 | Pen: -2459.56
2026-06-09 15:53:45,084 | INFO | Update   29 | Steps:  29,696 | Episodes:    29 | EpReward:   -70.32 | FPS:     23 | Actor Loss: -0.0009 | Critic Loss: 0.0107
2026-06-09 15:53:45,084 | INFO |   Env | HO: 70.70% | Cont: 97.80% | Task: 80.71% | Resolved: 99.96% | Delay: 2.824s | Energy: 3770.44J | LB: 0.090
2026-06-09 15:53:45,084 | INFO |   Reward | D: -3664.34 | E: -12.71 | Q: 2368.00 | H: 15.78 | LB: 0.05 | Enq: 0.00 | Pen: -1678.38
2026-06-09 15:54:43,115 | INFO | Update   30 | Steps:  30,720 | Episodes:    30 | EpReward:   -69.74 | FPS:     18 | Actor Loss: -0.0004 | Critic Loss: 0.0186
2026-06-09 15:54:43,116 | INFO |   Env | HO: 72.64% | Cont: 98.37% | Task: 77.97% | Resolved: 99.99% | Delay: 3.032s | Energy: 4523.77J | LB: 0.092
2026-06-09 15:54:43,116 | INFO |   Reward | D: -3947.39 | E: -13.17 | Q: 1950.40 | H: 13.82 | LB: 0.07 | Enq: 0.00 | Pen: -2573.43
2026-06-09 15:55:37,728 | INFO | Update   31 | Steps:  31,744 | Episodes:    31 | EpReward:   -68.51 | FPS:     19 | Actor Loss: -0.0005 | Critic Loss: 0.0066
2026-06-09 15:55:37,728 | INFO |   Env | HO: 72.50% | Cont: 97.25% | Task: 79.58% | Resolved: 99.98% | Delay: 2.879s | Energy: 3928.54J | LB: 0.096
2026-06-09 15:55:37,728 | INFO |   Reward | D: -3734.85 | E: -12.77 | Q: 2204.00 | H: 15.65 | LB: 0.08 | Enq: 0.00 | Pen: -1890.79
2026-06-09 15:56:41,795 | INFO | Update   32 | Steps:  32,768 | Episodes:    32 | EpReward:   -67.44 | FPS:     16 | Actor Loss: -0.0008 | Critic Loss: 0.0047
2026-06-09 15:56:41,796 | INFO |   Env | HO: 69.36% | Cont: 97.25% | Task: 79.24% | Resolved: 99.99% | Delay: 2.832s | Energy: 3866.05J | LB: 0.092
2026-06-09 15:56:41,796 | INFO |   Reward | D: -3761.95 | E: -12.78 | Q: 2159.20 | H: 14.76 | LB: 0.11 | Enq: 0.00 | Pen: -1844.55
2026-06-09 15:57:42,245 | INFO | Update   33 | Steps:  33,792 | Episodes:    33 | EpReward:   -66.34 | FPS:     17 | Actor Loss: -0.0007 | Critic Loss: 0.0057
2026-06-09 15:57:42,245 | INFO |   Env | HO: 69.17% | Cont: 96.77% | Task: 79.16% | Resolved: 99.93% | Delay: 2.905s | Energy: 3915.77J | LB: 0.115
2026-06-09 15:57:42,245 | INFO |   Reward | D: -3709.14 | E: -12.71 | Q: 2129.20 | H: 15.92 | LB: 0.01 | Enq: 0.00 | Pen: -1910.53
2026-06-09 15:58:23,034 | INFO | Update   34 | Steps:  34,816 | Episodes:    34 | EpReward:   -65.20 | FPS:     25 | Actor Loss: -0.0001 | Critic Loss: 0.0040
2026-06-09 15:58:23,035 | INFO |   Env | HO: 66.58% | Cont: 96.44% | Task: 79.35% | Resolved: 99.95% | Delay: 2.834s | Energy: 3715.03J | LB: 0.120
2026-06-09 15:58:23,035 | INFO |   Reward | D: -3686.64 | E: -12.41 | Q: 2174.80 | H: 15.96 | LB: 0.06 | Enq: 0.00 | Pen: -1841.01
2026-06-09 15:59:00,320 | INFO | Update   35 | Steps:  35,840 | Episodes:    35 | EpReward:   -64.77 | FPS:     27 | Actor Loss: -0.0005 | Critic Loss: 0.0210
2026-06-09 15:59:00,320 | INFO |   Env | HO: 72.46% | Cont: 98.10% | Task: 78.09% | Resolved: 99.99% | Delay: 2.992s | Energy: 4285.24J | LB: 0.100
2026-06-09 15:59:00,320 | INFO |   Reward | D: -3844.92 | E: -12.76 | Q: 1948.40 | H: 11.93 | LB: 0.07 | Enq: 0.00 | Pen: -2431.34
2026-06-09 15:59:45,635 | INFO | Update   36 | Steps:  36,864 | Episodes:    36 | EpReward:   -64.42 | FPS:     23 | Actor Loss: 0.0001 | Critic Loss: 0.0115
2026-06-09 15:59:45,636 | INFO |   Env | HO: 64.91% | Cont: 97.82% | Task: 77.49% | Resolved: 99.97% | Delay: 3.034s | Energy: 4412.41J | LB: 0.098
2026-06-09 15:59:45,636 | INFO |   Reward | D: -3909.61 | E: -12.70 | Q: 1860.00 | H: 13.22 | LB: 0.04 | Enq: 0.00 | Pen: -2589.46
2026-06-09 16:00:39,000 | INFO | Update   37 | Steps:  37,888 | Episodes:    37 | EpReward:   -63.81 | FPS:     19 | Actor Loss: -0.0006 | Critic Loss: 0.0074
2026-06-09 16:00:39,001 | INFO |   Env | HO: 68.44% | Cont: 97.13% | Task: 78.51% | Resolved: 99.98% | Delay: 2.982s | Energy: 4186.48J | LB: 0.098
2026-06-09 16:00:39,001 | INFO |   Reward | D: -3822.45 | E: -12.77 | Q: 2036.40 | H: 15.41 | LB: 0.07 | Enq: 0.00 | Pen: -2282.33
2026-06-09 16:01:35,623 | INFO | Update   38 | Steps:  38,912 | Episodes:    38 | EpReward:   -63.14 | FPS:     18 | Actor Loss: 0.0012 | Critic Loss: 0.0068
2026-06-09 16:01:35,624 | INFO |   Env | HO: 64.09% | Cont: 94.39% | Task: 77.79% | Resolved: 99.96% | Delay: 2.908s | Energy: 3792.25J | LB: 0.103
2026-06-09 16:01:35,624 | INFO |   Reward | D: -3738.30 | E: -11.99 | Q: 1896.40 | H: 45.12 | LB: 0.08 | Enq: 0.00 | Pen: -2143.48
2026-06-09 16:02:34,750 | INFO | Update   39 | Steps:  39,936 | Episodes:    39 | EpReward:   -62.35 | FPS:     17 | Actor Loss: 0.0008 | Critic Loss: 0.0017
2026-06-09 16:02:34,750 | INFO |   Env | HO: 64.92% | Cont: 94.86% | Task: 78.44% | Resolved: 99.96% | Delay: 2.914s | Energy: 3839.65J | LB: 0.130
2026-06-09 16:02:34,750 | INFO |   Reward | D: -3758.96 | E: -12.15 | Q: 2033.20 | H: 37.64 | LB: -0.00 | Enq: 0.00 | Pen: -2130.76
2026-06-09 16:03:36,534 | INFO | Update   40 | Steps:  40,960 | Episodes:    40 | EpReward:   -62.18 | FPS:     17 | Actor Loss: -0.0004 | Critic Loss: 0.0154
2026-06-09 16:03:36,534 | INFO |   Env | HO: 62.21% | Cont: 93.38% | Task: 76.53% | Resolved: 99.95% | Delay: 3.060s | Energy: 4201.38J | LB: 0.109
2026-06-09 16:03:36,534 | INFO |   Reward | D: -3850.11 | E: -12.21 | Q: 1704.00 | H: 51.80 | LB: 0.04 | Enq: 0.00 | Pen: -2649.97
2026-06-09 16:04:25,628 | INFO | Update   41 | Steps:  41,984 | Episodes:    41 | EpReward:   -62.16 | FPS:     21 | Actor Loss: -0.0001 | Critic Loss: 0.0148
2026-06-09 16:04:25,628 | INFO |   Env | HO: 66.97% | Cont: 94.22% | Task: 76.14% | Resolved: 99.93% | Delay: 3.027s | Energy: 4154.86J | LB: 0.107
2026-06-09 16:04:25,628 | INFO |   Reward | D: -3890.10 | E: -12.07 | Q: 1645.60 | H: 44.58 | LB: 0.06 | Enq: 0.00 | Pen: -2595.89
2026-06-09 16:05:24,998 | INFO | Update   42 | Steps:  43,008 | Episodes:    42 | EpReward:   -61.80 | FPS:     17 | Actor Loss: -0.0002 | Critic Loss: 0.0067
2026-06-09 16:05:24,998 | INFO |   Env | HO: 67.89% | Cont: 95.65% | Task: 78.55% | Resolved: 99.96% | Delay: 2.911s | Energy: 3834.36J | LB: 0.102
2026-06-09 16:05:24,998 | INFO |   Reward | D: -3741.01 | E: -12.00 | Q: 2028.80 | H: 35.46 | LB: 0.12 | Enq: 0.00 | Pen: -2132.38
2026-06-09 16:06:11,203 | INFO | Update   43 | Steps:  44,032 | Episodes:    43 | EpReward:   -61.69 | FPS:     22 | Actor Loss: -0.0005 | Critic Loss: 0.0106
2026-06-09 16:06:11,203 | INFO |   Env | HO: 65.72% | Cont: 94.93% | Task: 78.01% | Resolved: 99.96% | Delay: 2.921s | Energy: 3867.06J | LB: 0.132
2026-06-09 16:06:11,203 | INFO |   Reward | D: -3729.24 | E: -12.16 | Q: 1948.00 | H: 32.03 | LB: 0.04 | Enq: 0.00 | Pen: -2162.84
2026-06-09 16:06:57,345 | INFO | Update   44 | Steps:  45,056 | Episodes:    44 | EpReward:   -61.53 | FPS:     22 | Actor Loss: -0.0009 | Critic Loss: 0.0151
2026-06-09 16:06:57,345 | INFO |   Env | HO: 64.19% | Cont: 95.07% | Task: 76.21% | Resolved: 99.97% | Delay: 3.050s | Energy: 4299.14J | LB: 0.104
2026-06-09 16:06:57,345 | INFO |   Reward | D: -3907.51 | E: -12.40 | Q: 1666.00 | H: 36.17 | LB: 0.05 | Enq: 0.00 | Pen: -2647.32
2026-06-09 16:07:56,518 | INFO | Update   45 | Steps:  46,080 | Episodes:    45 | EpReward:   -61.42 | FPS:     17 | Actor Loss: -0.0005 | Critic Loss: 0.0052
2026-06-09 16:07:56,519 | INFO |   Env | HO: 67.57% | Cont: 96.92% | Task: 79.31% | Resolved: 99.96% | Delay: 2.917s | Energy: 3952.31J | LB: 0.124
2026-06-09 16:07:56,519 | INFO |   Reward | D: -3805.25 | E: -12.18 | Q: 2166.00 | H: 28.79 | LB: 0.09 | Enq: 0.00 | Pen: -2221.01
2026-06-09 16:08:53,673 | INFO | Update   46 | Steps:  47,104 | Episodes:    46 | EpReward:   -61.28 | FPS:     18 | Actor Loss: -0.0005 | Critic Loss: 0.0067
2026-06-09 16:08:53,673 | INFO |   Env | HO: 70.13% | Cont: 96.77% | Task: 79.00% | Resolved: 99.94% | Delay: 2.918s | Energy: 3964.16J | LB: 0.129
2026-06-09 16:08:53,673 | INFO |   Reward | D: -3790.39 | E: -12.21 | Q: 2124.40 | H: 21.81 | LB: 0.03 | Enq: 0.00 | Pen: -2215.82
2026-06-09 16:09:43,618 | INFO | Update   47 | Steps:  48,128 | Episodes:    47 | EpReward:   -60.79 | FPS:     21 | Actor Loss: 0.0000 | Critic Loss: 0.0060
2026-06-09 16:09:43,618 | INFO |   Env | HO: 71.70% | Cont: 97.05% | Task: 79.34% | Resolved: 99.97% | Delay: 2.941s | Energy: 4051.20J | LB: 0.131
2026-06-09 16:09:43,618 | INFO |   Reward | D: -3804.02 | E: -12.44 | Q: 2176.40 | H: 22.74 | LB: 0.08 | Enq: 0.00 | Pen: -2287.57
2026-06-09 16:10:29,382 | INFO | Update   48 | Steps:  49,152 | Episodes:    48 | EpReward:   -60.61 | FPS:     22 | Actor Loss: -0.0007 | Critic Loss: 0.0074
2026-06-09 16:10:29,383 | INFO |   Env | HO: 64.77% | Cont: 96.65% | Task: 78.22% | Resolved: 100.00% | Delay: 2.978s | Energy: 4157.69J | LB: 0.093
2026-06-09 16:10:29,383 | INFO |   Reward | D: -3833.22 | E: -12.46 | Q: 1993.60 | H: 21.96 | LB: 0.06 | Enq: 0.00 | Pen: -2415.45
2026-06-09 16:11:12,798 | INFO | Update   49 | Steps:  50,176 | Episodes:    49 | EpReward:   -60.48 | FPS:     24 | Actor Loss: -0.0000 | Critic Loss: 0.0167
2026-06-09 16:11:12,798 | INFO |   Env | HO: 68.62% | Cont: 96.28% | Task: 78.52% | Resolved: 99.95% | Delay: 2.951s | Energy: 4086.17J | LB: 0.145
2026-06-09 16:11:12,798 | INFO |   Reward | D: -3828.11 | E: -12.69 | Q: 2068.80 | H: 23.84 | LB: 0.09 | Enq: 0.00 | Pen: -2302.69
2026-06-09 16:11:12,798 | INFO | ----------------------------------------
2026-06-09 16:11:12,798 | INFO | 开始评估...
2026-06-09 16:11:47,459 | INFO | 评估结果: 奖励 = -46.91 ± 8.21, 长度 = 600, 时延 = 2.911s, 能耗 = 7415.10J, 负载均衡 = 0.101
2026-06-09 16:11:47,459 | INFO | 新的最佳模型 (average delay): score = -2.9112, delay = 2.911s, completion = 78.84%, continuity = 97.31%, load_balance = 0.101
2026-06-09 16:11:47,484 | INFO | 模型已保存: /home/pjpjq/LEO_switch/results/baseline_compare/multiuser_scaling_multiuser_6_7/u40/learned_baselines/attn_mappo/best_model.pt
2026-06-09 16:11:47,484 | INFO | 新的最佳奖励: -46.91
2026-06-09 16:11:47,484 | INFO | ----------------------------------------
2026-06-09 16:12:31,241 | INFO | Update   50 | Steps:  51,200 | Episodes:    50 | EpReward:   -60.29 | FPS:     23 | Actor Loss: -0.0000 | Critic Loss: 0.0207
2026-06-09 16:12:31,241 | INFO |   Env | HO: 66.73% | Cont: 97.58% | Task: 78.24% | Resolved: 99.97% | Delay: 2.983s | Energy: 4245.76J | LB: 0.101
2026-06-09 16:12:31,241 | INFO |   Reward | D: -3834.77 | E: -12.28 | Q: 1972.00 | H: 21.68 | LB: 0.07 | Enq: 0.00 | Pen: -2539.88
2026-06-09 16:13:21,264 | INFO | Update   51 | Steps:  52,224 | Episodes:    51 | EpReward:   -60.24 | FPS:     20 | Actor Loss: -0.0006 | Critic Loss: 0.0084
2026-06-09 16:13:21,265 | INFO |   Env | HO: 67.69% | Cont: 97.55% | Task: 77.99% | Resolved: 99.99% | Delay: 2.994s | Energy: 4278.78J | LB: 0.130
2026-06-09 16:13:21,265 | INFO |   Reward | D: -3889.62 | E: -12.44 | Q: 1948.80 | H: 21.37 | LB: 0.07 | Enq: 0.00 | Pen: -2584.80
2026-06-09 16:14:09,097 | INFO | Update   52 | Steps:  53,248 | Episodes:    52 | EpReward:   -59.57 | FPS:     21 | Actor Loss: 0.0002 | Critic Loss: 0.0063
2026-06-09 16:14:09,097 | INFO |   Env | HO: 67.74% | Cont: 97.07% | Task: 79.50% | Resolved: 99.99% | Delay: 2.859s | Energy: 3801.92J | LB: 0.124
2026-06-09 16:14:09,097 | INFO |   Reward | D: -3721.98 | E: -12.20 | Q: 2190.00 | H: 17.58 | LB: 0.03 | Enq: 0.00 | Pen: -1969.50
2026-06-09 16:15:01,557 | INFO | Update   53 | Steps:  54,272 | Episodes:    53 | EpReward:   -58.99 | FPS:     20 | Actor Loss: -0.0003 | Critic Loss: 0.0042
2026-06-09 16:15:01,557 | INFO |   Env | HO: 70.59% | Cont: 96.93% | Task: 80.57% | Resolved: 99.97% | Delay: 2.847s | Energy: 3821.28J | LB: 0.122
2026-06-09 16:15:01,558 | INFO |   Reward | D: -3732.57 | E: -12.54 | Q: 2415.20 | H: 18.11 | LB: 0.07 | Enq: 0.00 | Pen: -1948.57
2026-06-09 16:15:58,251 | INFO | Update   54 | Steps:  55,296 | Episodes:    54 | EpReward:   -58.84 | FPS:     18 | Actor Loss: -0.0004 | Critic Loss: 0.0156
2026-06-09 16:15:58,252 | INFO |   Env | HO: 67.43% | Cont: 96.87% | Task: 77.76% | Resolved: 99.96% | Delay: 2.992s | Energy: 4204.03J | LB: 0.125
2026-06-09 16:15:58,252 | INFO |   Reward | D: -3797.47 | E: -12.47 | Q: 1896.80 | H: 17.67 | LB: 0.16 | Enq: 0.00 | Pen: -2526.85
2026-06-09 16:16:57,220 | INFO | Update   55 | Steps:  56,320 | Episodes:    55 | EpReward:   -58.67 | FPS:     17 | Actor Loss: -0.0003 | Critic Loss: 0.0074
2026-06-09 16:16:57,220 | INFO |   Env | HO: 69.66% | Cont: 97.03% | Task: 79.02% | Resolved: 99.99% | Delay: 2.884s | Energy: 3863.82J | LB: 0.137
2026-06-09 16:16:57,220 | INFO |   Reward | D: -3744.08 | E: -12.12 | Q: 2110.00 | H: 17.11 | LB: 0.14 | Enq: 0.00 | Pen: -2120.01
2026-06-09 16:17:39,958 | INFO | Update   56 | Steps:  57,344 | Episodes:    56 | EpReward:   -58.16 | FPS:     24 | Actor Loss: 0.0001 | Critic Loss: 0.0037
2026-06-09 16:17:39,958 | INFO |   Env | HO: 68.48% | Cont: 96.88% | Task: 79.18% | Resolved: 99.97% | Delay: 2.874s | Energy: 3824.72J | LB: 0.115
2026-06-09 16:17:39,958 | INFO |   Reward | D: -3714.41 | E: -12.21 | Q: 2147.20 | H: 17.25 | LB: 0.06 | Enq: 0.00 | Pen: -1991.91
2026-06-09 16:18:32,442 | INFO | Update   57 | Steps:  58,368 | Episodes:    57 | EpReward:   -58.05 | FPS:     20 | Actor Loss: -0.0004 | Critic Loss: 0.0133
2026-06-09 16:18:32,443 | INFO |   Env | HO: 71.12% | Cont: 98.01% | Task: 78.62% | Resolved: 99.98% | Delay: 2.970s | Energy: 4221.07J | LB: 0.109
2026-06-09 16:18:32,443 | INFO |   Reward | D: -3847.71 | E: -12.51 | Q: 2051.60 | H: 14.05 | LB: 0.02 | Enq: 0.00 | Pen: -2483.72
2026-06-09 16:19:24,718 | INFO | Update   58 | Steps:  59,392 | Episodes:    58 | EpReward:   -57.79 | FPS:     20 | Actor Loss: 0.0001 | Critic Loss: 0.0052
2026-06-09 16:19:24,719 | INFO |   Env | HO: 70.17% | Cont: 97.63% | Task: 79.36% | Resolved: 99.98% | Delay: 2.926s | Energy: 4118.77J | LB: 0.122
2026-06-09 16:19:24,719 | INFO |   Reward | D: -3824.89 | E: -12.61 | Q: 2191.20 | H: 15.26 | LB: 0.01 | Enq: 0.00 | Pen: -2305.93
2026-06-09 16:20:21,178 | INFO | Update   59 | Steps:  60,416 | Episodes:    59 | EpReward:   -57.65 | FPS:     18 | Actor Loss: -0.0004 | Critic Loss: 0.0113
2026-06-09 16:20:21,178 | INFO |   Env | HO: 67.72% | Cont: 97.11% | Task: 78.90% | Resolved: 99.99% | Delay: 2.943s | Energy: 4003.40J | LB: 0.140
2026-06-09 16:20:21,178 | INFO |   Reward | D: -3753.86 | E: -12.30 | Q: 2084.40 | H: 13.96 | LB: -0.00 | Enq: 0.00 | Pen: -2208.60
2026-06-09 16:21:17,940 | INFO | Update   60 | Steps:  61,440 | Episodes:    60 | EpReward:   -57.42 | FPS:     18 | Actor Loss: -0.0001 | Critic Loss: 0.0079
2026-06-09 16:21:17,940 | INFO |   Env | HO: 71.34% | Cont: 97.87% | Task: 78.07% | Resolved: 99.99% | Delay: 2.944s | Energy: 4101.33J | LB: 0.121
2026-06-09 16:21:17,940 | INFO |   Reward | D: -3809.22 | E: -12.27 | Q: 1942.40 | H: 13.84 | LB: 0.05 | Enq: 0.00 | Pen: -2400.51
2026-06-09 16:22:13,850 | INFO | Update   61 | Steps:  62,464 | Episodes:    61 | EpReward:   -57.32 | FPS:     18 | Actor Loss: -0.0004 | Critic Loss: 0.0122
2026-06-09 16:22:13,851 | INFO |   Env | HO: 62.06% | Cont: 97.31% | Task: 78.25% | Resolved: 99.98% | Delay: 2.982s | Energy: 4249.18J | LB: 0.109
2026-06-09 16:22:13,851 | INFO |   Reward | D: -3836.52 | E: -12.59 | Q: 1989.60 | H: 14.57 | LB: 0.03 | Enq: 0.00 | Pen: -2578.59
2026-06-09 16:23:01,496 | INFO | Update   62 | Steps:  63,488 | Episodes:    62 | EpReward:   -57.07 | FPS:     21 | Actor Loss: -0.0002 | Critic Loss: 0.0118
2026-06-09 16:23:01,496 | INFO |   Env | HO: 72.15% | Cont: 97.48% | Task: 79.03% | Resolved: 99.92% | Delay: 2.902s | Energy: 4053.55J | LB: 0.106
2026-06-09 16:23:01,496 | INFO |   Reward | D: -3820.45 | E: -12.52 | Q: 2139.60 | H: 16.99 | LB: 0.00 | Enq: 0.00 | Pen: -2255.38
2026-06-09 16:23:51,051 | INFO | Update   63 | Steps:  64,512 | Episodes:    63 | EpReward:   -56.96 | FPS:     21 | Actor Loss: -0.0003 | Critic Loss: 0.0048
2026-06-09 16:23:51,051 | INFO |   Env | HO: 68.87% | Cont: 97.29% | Task: 80.01% | Resolved: 99.99% | Delay: 2.874s | Energy: 3885.09J | LB: 0.115
2026-06-09 16:23:51,051 | INFO |   Reward | D: -3732.30 | E: -12.59 | Q: 2284.00 | H: 14.74 | LB: 0.04 | Enq: 0.00 | Pen: -2024.57
2026-06-09 16:24:48,604 | INFO | Update   64 | Steps:  65,536 | Episodes:    64 | EpReward:   -56.90 | FPS:     18 | Actor Loss: -0.0007 | Critic Loss: 0.0125
2026-06-09 16:24:48,604 | INFO |   Env | HO: 67.57% | Cont: 96.99% | Task: 77.79% | Resolved: 99.94% | Delay: 3.003s | Energy: 4232.45J | LB: 0.113
2026-06-09 16:24:48,604 | INFO |   Reward | D: -3817.54 | E: -12.62 | Q: 1896.40 | H: 17.63 | LB: 0.18 | Enq: 0.00 | Pen: -2492.91
2026-06-09 16:25:34,405 | INFO | Update   65 | Steps:  66,560 | Episodes:    65 | EpReward:   -56.81 | FPS:     22 | Actor Loss: 0.0001 | Critic Loss: 0.0042
2026-06-09 16:25:34,405 | INFO |   Env | HO: 70.65% | Cont: 97.75% | Task: 79.75% | Resolved: 99.92% | Delay: 2.910s | Energy: 4068.72J | LB: 0.122
2026-06-09 16:25:34,405 | INFO |   Reward | D: -3802.86 | E: -12.85 | Q: 2264.40 | H: 12.90 | LB: 0.00 | Enq: 0.00 | Pen: -2186.14
2026-06-09 16:26:27,286 | INFO | Update   66 | Steps:  67,584 | Episodes:    66 | EpReward:   -56.85 | FPS:     19 | Actor Loss: -0.0010 | Critic Loss: 0.0234
2026-06-09 16:26:27,286 | INFO |   Env | HO: 67.99% | Cont: 96.41% | Task: 77.15% | Resolved: 99.96% | Delay: 3.008s | Energy: 4240.29J | LB: 0.132
2026-06-09 16:26:27,286 | INFO |   Reward | D: -3866.01 | E: -12.68 | Q: 1811.60 | H: 20.46 | LB: 0.07 | Enq: 0.00 | Pen: -2505.43
2026-06-09 16:27:10,836 | INFO | Update   67 | Steps:  68,608 | Episodes:    67 | EpReward:   -56.82 | FPS:     24 | Actor Loss: -0.0004 | Critic Loss: 0.0133
2026-06-09 16:27:10,836 | INFO |   Env | HO: 64.30% | Cont: 97.03% | Task: 78.18% | Resolved: 99.99% | Delay: 2.993s | Energy: 4224.64J | LB: 0.110
2026-06-09 16:27:10,836 | INFO |   Reward | D: -3800.09 | E: -12.55 | Q: 1955.20 | H: 21.39 | LB: 0.05 | Enq: 0.00 | Pen: -2461.96
2026-06-09 16:28:01,323 | INFO | Update   68 | Steps:  69,632 | Episodes:    68 | EpReward:   -56.52 | FPS:     20 | Actor Loss: -0.0004 | Critic Loss: 0.0089
2026-06-09 16:28:01,324 | INFO |   Env | HO: 64.44% | Cont: 96.34% | Task: 80.24% | Resolved: 99.98% | Delay: 2.834s | Energy: 3710.57J | LB: 0.115
2026-06-09 16:28:01,324 | INFO |   Reward | D: -3625.16 | E: -12.48 | Q: 2299.20 | H: 20.24 | LB: 0.04 | Enq: 0.00 | Pen: -1856.46
2026-06-09 16:28:46,279 | INFO | Update   69 | Steps:  70,656 | Episodes:    69 | EpReward:   -56.15 | FPS:     23 | Actor Loss: -0.0002 | Critic Loss: 0.0077
2026-06-09 16:28:46,279 | INFO |   Env | HO: 67.83% | Cont: 96.75% | Task: 80.89% | Resolved: 99.83% | Delay: 2.777s | Energy: 3656.87J | LB: 0.106
2026-06-09 16:28:46,279 | INFO |   Reward | D: -3693.58 | E: -12.62 | Q: 2454.80 | H: 18.47 | LB: 0.05 | Enq: 0.00 | Pen: -1706.20
2026-06-09 16:29:37,283 | INFO | Update   70 | Steps:  71,680 | Episodes:    70 | EpReward:   -56.08 | FPS:     20 | Actor Loss: -0.0003 | Critic Loss: 0.0117
2026-06-09 16:29:37,283 | INFO |   Env | HO: 69.02% | Cont: 97.34% | Task: 77.72% | Resolved: 99.99% | Delay: 3.031s | Energy: 4426.47J | LB: 0.111
2026-06-09 16:29:37,283 | INFO |   Reward | D: -3887.96 | E: -13.05 | Q: 1908.80 | H: 19.24 | LB: 0.07 | Enq: 0.00 | Pen: -2593.24
2026-06-09 16:30:38,665 | INFO | Update   71 | Steps:  72,704 | Episodes:    71 | EpReward:   -55.96 | FPS:     17 | Actor Loss: -0.0003 | Critic Loss: 0.0087
2026-06-09 16:30:38,666 | INFO |   Env | HO: 63.65% | Cont: 96.44% | Task: 79.21% | Resolved: 99.97% | Delay: 2.874s | Energy: 3917.44J | LB: 0.127
2026-06-09 16:30:38,666 | INFO |   Reward | D: -3716.10 | E: -12.69 | Q: 2142.40 | H: 21.24 | LB: 0.10 | Enq: 0.00 | Pen: -2071.91
2026-06-09 16:31:36,251 | INFO | Update   72 | Steps:  73,728 | Episodes:    72 | EpReward:   -55.95 | FPS:     18 | Actor Loss: -0.0004 | Critic Loss: 0.0066
2026-06-09 16:31:36,251 | INFO |   Env | HO: 68.38% | Cont: 96.60% | Task: 78.47% | Resolved: 99.97% | Delay: 2.939s | Energy: 4130.91J | LB: 0.113
2026-06-09 16:31:36,251 | INFO |   Reward | D: -3804.92 | E: -12.74 | Q: 2045.60 | H: 20.67 | LB: 0.05 | Enq: 0.00 | Pen: -2297.16
2026-06-09 16:32:28,241 | INFO | Update   73 | Steps:  74,752 | Episodes:    73 | EpReward:   -55.88 | FPS:     20 | Actor Loss: -0.0002 | Critic Loss: 0.0042
2026-06-09 16:32:28,241 | INFO |   Env | HO: 67.39% | Cont: 97.31% | Task: 80.06% | Resolved: 99.94% | Delay: 2.856s | Energy: 3907.86J | LB: 0.135
2026-06-09 16:32:28,241 | INFO |   Reward | D: -3755.85 | E: -12.70 | Q: 2314.40 | H: 16.63 | LB: 0.05 | Enq: 0.00 | Pen: -2068.85
2026-06-09 16:33:22,932 | INFO | Update   74 | Steps:  75,776 | Episodes:    74 | EpReward:   -55.77 | FPS:     19 | Actor Loss: -0.0005 | Critic Loss: 0.0036
2026-06-09 16:33:22,933 | INFO |   Env | HO: 67.11% | Cont: 97.17% | Task: 79.03% | Resolved: 99.99% | Delay: 2.953s | Energy: 4189.78J | LB: 0.124
2026-06-09 16:33:22,933 | INFO |   Reward | D: -3819.88 | E: -12.84 | Q: 2138.00 | H: 17.87 | LB: 0.07 | Enq: 0.00 | Pen: -2325.39
2026-06-09 16:34:15,187 | INFO | Update   75 | Steps:  76,800 | Episodes:    75 | EpReward:   -55.67 | FPS:     20 | Actor Loss: -0.0002 | Critic Loss: 0.0048
2026-06-09 16:34:15,187 | INFO |   Env | HO: 71.69% | Cont: 97.29% | Task: 79.01% | Resolved: 99.97% | Delay: 2.918s | Energy: 4065.08J | LB: 0.114
2026-06-09 16:34:15,187 | INFO |   Reward | D: -3765.22 | E: -12.54 | Q: 2116.40 | H: 16.51 | LB: 0.01 | Enq: 0.00 | Pen: -2238.06
2026-06-09 16:34:38,100 | INFO | Update   76 | Steps:  77,824 | Episodes:    76 | EpReward:   -55.27 | FPS:     45 | Actor Loss: -0.0007 | Critic Loss: 0.0052
2026-06-09 16:34:38,100 | INFO |   Env | HO: 68.03% | Cont: 96.10% | Task: 79.54% | Resolved: 99.96% | Delay: 2.848s | Energy: 3763.49J | LB: 0.129
2026-06-09 16:34:38,100 | INFO |   Reward | D: -3629.19 | E: -12.42 | Q: 2200.80 | H: 15.73 | LB: 0.06 | Enq: 0.00 | Pen: -1915.11
2026-06-09 16:35:07,398 | INFO | Update   77 | Steps:  78,848 | Episodes:    77 | EpReward:   -55.20 | FPS:     35 | Actor Loss: -0.0007 | Critic Loss: 0.0125
2026-06-09 16:35:07,398 | INFO |   Env | HO: 71.56% | Cont: 97.96% | Task: 78.38% | Resolved: 99.90% | Delay: 2.965s | Energy: 4256.79J | LB: 0.119
2026-06-09 16:35:07,398 | INFO |   Reward | D: -3844.39 | E: -12.65 | Q: 2010.80 | H: 13.70 | LB: 0.03 | Enq: 0.00 | Pen: -2475.17
2026-06-09 16:35:36,789 | INFO | Update   78 | Steps:  79,872 | Episodes:    78 | EpReward:   -54.89 | FPS:     35 | Actor Loss: -0.0003 | Critic Loss: 0.0071
2026-06-09 16:35:36,790 | INFO |   Env | HO: 72.92% | Cont: 96.78% | Task: 79.02% | Resolved: 99.90% | Delay: 2.874s | Energy: 3885.25J | LB: 0.111
2026-06-09 16:35:36,790 | INFO |   Reward | D: -3751.74 | E: -12.49 | Q: 2134.40 | H: 16.00 | LB: 0.09 | Enq: 0.00 | Pen: -2120.59
2026-06-09 16:36:07,543 | INFO | Update   79 | Steps:  80,896 | Episodes:    79 | EpReward:   -54.86 | FPS:     33 | Actor Loss: -0.0001 | Critic Loss: 0.0067
2026-06-09 16:36:07,543 | INFO |   Env | HO: 66.80% | Cont: 96.83% | Task: 77.67% | Resolved: 99.95% | Delay: 3.002s | Energy: 4284.68J | LB: 0.103
2026-06-09 16:36:07,543 | INFO |   Reward | D: -3841.20 | E: -12.80 | Q: 1894.00 | H: 19.63 | LB: 0.07 | Enq: 0.00 | Pen: -2534.07
2026-06-09 16:36:34,851 | INFO | Update   80 | Steps:  81,920 | Episodes:    80 | EpReward:   -54.80 | FPS:     37 | Actor Loss: -0.0001 | Critic Loss: 0.0139
2026-06-09 16:36:34,851 | INFO |   Env | HO: 68.51% | Cont: 97.14% | Task: 79.01% | Resolved: 99.97% | Delay: 2.893s | Energy: 3995.94J | LB: 0.110
2026-06-09 16:36:34,851 | INFO |   Reward | D: -3781.20 | E: -12.54 | Q: 2124.80 | H: 17.77 | LB: 0.08 | Enq: 0.00 | Pen: -2153.92
2026-06-09 16:36:58,018 | INFO | Update   81 | Steps:  82,944 | Episodes:    81 | EpReward:   -54.77 | FPS:     44 | Actor Loss: -0.0007 | Critic Loss: 0.0174
2026-06-09 16:36:58,018 | INFO |   Env | HO: 67.78% | Cont: 97.28% | Task: 77.78% | Resolved: 100.00% | Delay: 3.037s | Energy: 4350.87J | LB: 0.106
2026-06-09 16:36:58,018 | INFO |   Reward | D: -3858.16 | E: -12.51 | Q: 1902.80 | H: 19.35 | LB: 0.08 | Enq: 0.00 | Pen: -2635.69
2026-06-09 16:37:21,034 | INFO | Update   82 | Steps:  83,968 | Episodes:    82 | EpReward:   -54.69 | FPS:     44 | Actor Loss: 0.0002 | Critic Loss: 0.0145
2026-06-09 16:37:21,035 | INFO |   Env | HO: 69.87% | Cont: 97.61% | Task: 78.40% | Resolved: 99.97% | Delay: 2.989s | Energy: 4274.62J | LB: 0.133
2026-06-09 16:37:21,035 | INFO |   Reward | D: -3804.52 | E: -12.57 | Q: 1990.40 | H: 18.62 | LB: 0.10 | Enq: 0.00 | Pen: -2526.85
2026-06-09 16:37:43,718 | INFO | Update   83 | Steps:  84,992 | Episodes:    83 | EpReward:   -54.61 | FPS:     45 | Actor Loss: -0.0002 | Critic Loss: 0.0075
2026-06-09 16:37:43,718 | INFO |   Env | HO: 69.04% | Cont: 97.53% | Task: 79.65% | Resolved: 99.98% | Delay: 2.884s | Energy: 3998.23J | LB: 0.117
2026-06-09 16:37:43,718 | INFO |   Reward | D: -3778.60 | E: -12.89 | Q: 2234.40 | H: 16.89 | LB: 0.06 | Enq: 0.00 | Pen: -2120.63
2026-06-09 16:38:17,922 | INFO | Update   84 | Steps:  86,016 | Episodes:    84 | EpReward:   -54.59 | FPS:     30 | Actor Loss: -0.0006 | Critic Loss: 0.0043
2026-06-09 16:38:17,923 | INFO |   Env | HO: 65.92% | Cont: 96.79% | Task: 79.35% | Resolved: 99.98% | Delay: 2.867s | Energy: 3915.98J | LB: 0.143
2026-06-09 16:38:17,923 | INFO |   Reward | D: -3720.64 | E: -12.69 | Q: 2176.40 | H: 18.96 | LB: 0.07 | Enq: 0.00 | Pen: -2063.84
2026-06-09 16:39:07,772 | INFO | Update   85 | Steps:  87,040 | Episodes:    85 | EpReward:   -54.53 | FPS:     21 | Actor Loss: -0.0003 | Critic Loss: 0.0108
2026-06-09 16:39:07,772 | INFO |   Env | HO: 66.74% | Cont: 97.27% | Task: 78.63% | Resolved: 99.97% | Delay: 2.921s | Energy: 4101.38J | LB: 0.121
2026-06-09 16:39:07,772 | INFO |   Reward | D: -3796.75 | E: -12.63 | Q: 2053.20 | H: 17.00 | LB: 0.10 | Enq: 0.00 | Pen: -2323.89
2026-06-09 16:39:48,288 | INFO | Update   86 | Steps:  88,064 | Episodes:    86 | EpReward:   -54.48 | FPS:     25 | Actor Loss: -0.0005 | Critic Loss: 0.0136
2026-06-09 16:39:48,288 | INFO |   Env | HO: 69.44% | Cont: 98.26% | Task: 79.03% | Resolved: 99.98% | Delay: 2.969s | Energy: 4317.23J | LB: 0.125
2026-06-09 16:39:48,288 | INFO |   Reward | D: -3861.27 | E: -12.87 | Q: 2130.80 | H: 13.98 | LB: 0.03 | Enq: 0.00 | Pen: -2521.77
2026-06-09 16:40:34,435 | INFO | Update   87 | Steps:  89,088 | Episodes:    87 | EpReward:   -54.40 | FPS:     22 | Actor Loss: -0.0002 | Critic Loss: 0.0155
2026-06-09 16:40:34,435 | INFO |   Env | HO: 72.73% | Cont: 97.62% | Task: 78.23% | Resolved: 99.97% | Delay: 2.931s | Energy: 4147.73J | LB: 0.119
2026-06-09 16:40:34,435 | INFO |   Reward | D: -3847.41 | E: -12.64 | Q: 1982.40 | H: 18.48 | LB: 0.21 | Enq: 0.00 | Pen: -2329.20
2026-06-09 16:41:35,507 | INFO | Update   88 | Steps:  90,112 | Episodes:    88 | EpReward:   -54.37 | FPS:     17 | Actor Loss: -0.0009 | Critic Loss: 0.0096
2026-06-09 16:41:35,508 | INFO |   Env | HO: 69.13% | Cont: 96.59% | Task: 79.32% | Resolved: 99.94% | Delay: 2.914s | Energy: 4034.68J | LB: 0.143
2026-06-09 16:41:35,508 | INFO |   Reward | D: -3752.61 | E: -12.92 | Q: 2174.80 | H: 18.83 | LB: 0.12 | Enq: 0.00 | Pen: -2075.75
2026-06-09 16:42:31,147 | INFO | Update   89 | Steps:  91,136 | Episodes:    89 | EpReward:   -54.36 | FPS:     18 | Actor Loss: -0.0006 | Critic Loss: 0.0209
2026-06-09 16:42:31,147 | INFO |   Env | HO: 67.40% | Cont: 96.75% | Task: 77.46% | Resolved: 99.95% | Delay: 3.026s | Energy: 4367.75J | LB: 0.106
2026-06-09 16:42:31,148 | INFO |   Reward | D: -3837.14 | E: -12.58 | Q: 1848.80 | H: 25.39 | LB: 0.21 | Enq: 0.00 | Pen: -2608.89
2026-06-09 16:43:17,928 | INFO | Update   90 | Steps:  92,160 | Episodes:    90 | EpReward:   -54.34 | FPS:     22 | Actor Loss: -0.0006 | Critic Loss: 0.0095
2026-06-09 16:43:17,928 | INFO |   Env | HO: 69.45% | Cont: 96.54% | Task: 77.59% | Resolved: 99.99% | Delay: 3.007s | Energy: 4352.73J | LB: 0.110
2026-06-09 16:43:17,928 | INFO |   Reward | D: -3880.10 | E: -12.70 | Q: 1888.00 | H: 27.15 | LB: 0.07 | Enq: 0.00 | Pen: -2578.53
2026-06-09 16:44:09,558 | INFO | Update   91 | Steps:  93,184 | Episodes:    91 | EpReward:   -54.26 | FPS:     20 | Actor Loss: -0.0003 | Critic Loss: 0.0071
2026-06-09 16:44:09,559 | INFO |   Env | HO: 67.31% | Cont: 96.51% | Task: 78.17% | Resolved: 99.99% | Delay: 2.960s | Energy: 4183.88J | LB: 0.093
2026-06-09 16:44:09,559 | INFO |   Reward | D: -3802.71 | E: -12.66 | Q: 1971.60 | H: 25.04 | LB: 0.11 | Enq: 0.00 | Pen: -2447.08
2026-06-09 16:44:56,739 | INFO | Update   92 | Steps:  94,208 | Episodes:    92 | EpReward:   -54.27 | FPS:     22 | Actor Loss: -0.0005 | Critic Loss: 0.0103
2026-06-09 16:44:56,740 | INFO |   Env | HO: 68.57% | Cont: 96.63% | Task: 79.07% | Resolved: 99.96% | Delay: 2.923s | Energy: 4143.08J | LB: 0.074
2026-06-09 16:44:56,740 | INFO |   Reward | D: -3812.86 | E: -12.91 | Q: 2157.20 | H: 21.44 | LB: 0.07 | Enq: 0.00 | Pen: -2299.32
2026-06-09 16:45:40,658 | INFO | Update   93 | Steps:  95,232 | Episodes:    93 | EpReward:   -54.25 | FPS:     23 | Actor Loss: -0.0001 | Critic Loss: 0.0047
2026-06-09 16:45:40,658 | INFO |   Env | HO: 68.67% | Cont: 97.26% | Task: 79.41% | Resolved: 99.98% | Delay: 2.858s | Energy: 3920.09J | LB: 0.125
2026-06-09 16:45:40,658 | INFO |   Reward | D: -3752.28 | E: -12.59 | Q: 2171.60 | H: 22.06 | LB: 0.10 | Enq: 0.00 | Pen: -2096.15
2026-06-09 16:46:26,251 | INFO | Update   94 | Steps:  96,256 | Episodes:    94 | EpReward:   -54.26 | FPS:     22 | Actor Loss: -0.0005 | Critic Loss: 0.0034
2026-06-09 16:46:26,251 | INFO |   Env | HO: 66.53% | Cont: 97.04% | Task: 79.54% | Resolved: 100.00% | Delay: 2.877s | Energy: 3989.14J | LB: 0.137
2026-06-09 16:46:26,251 | INFO |   Reward | D: -3789.43 | E: -12.62 | Q: 2235.20 | H: 18.98 | LB: 0.03 | Enq: 0.00 | Pen: -2151.28
2026-06-09 16:47:29,410 | INFO | Update   95 | Steps:  97,280 | Episodes:    95 | EpReward:   -54.25 | FPS:     16 | Actor Loss: -0.0001 | Critic Loss: 0.0117
2026-06-09 16:47:29,410 | INFO |   Env | HO: 69.57% | Cont: 97.35% | Task: 78.04% | Resolved: 99.97% | Delay: 2.990s | Energy: 4266.71J | LB: 0.118
2026-06-09 16:47:29,410 | INFO |   Reward | D: -3862.57 | E: -12.59 | Q: 1944.40 | H: 24.78 | LB: 0.06 | Enq: 0.00 | Pen: -2562.38
2026-06-09 16:48:26,093 | INFO | Update   96 | Steps:  98,304 | Episodes:    96 | EpReward:   -54.18 | FPS:     18 | Actor Loss: -0.0006 | Critic Loss: 0.0056
2026-06-09 16:48:26,094 | INFO |   Env | HO: 68.32% | Cont: 96.47% | Task: 78.69% | Resolved: 99.98% | Delay: 2.956s | Energy: 4168.72J | LB: 0.127
2026-06-09 16:48:26,094 | INFO |   Reward | D: -3782.61 | E: -12.72 | Q: 2056.40 | H: 27.08 | LB: 0.14 | Enq: 0.00 | Pen: -2418.57
2026-06-09 16:49:04,307 | INFO | Update   97 | Steps:  99,328 | Episodes:    97 | EpReward:   -54.15 | FPS:     27 | Actor Loss: 0.0006 | Critic Loss: 0.0033
2026-06-09 16:49:04,307 | INFO |   Env | HO: 66.43% | Cont: 97.39% | Task: 78.80% | Resolved: 99.95% | Delay: 2.969s | Energy: 4214.56J | LB: 0.118
2026-06-09 16:49:04,307 | INFO |   Reward | D: -3812.47 | E: -12.54 | Q: 2068.80 | H: 22.19 | LB: 0.04 | Enq: 0.00 | Pen: -2476.55
2026-06-09 16:49:55,146 | INFO | Update   98 | Steps: 100,352 | Episodes:    98 | EpReward:   -54.15 | FPS:     20 | Actor Loss: 0.0001 | Critic Loss: 0.0031
2026-06-09 16:49:55,151 | INFO |   Env | HO: 69.80% | Cont: 96.74% | Task: 78.20% | Resolved: 99.97% | Delay: 2.961s | Energy: 4215.95J | LB: 0.127
2026-06-09 16:49:55,151 | INFO |   Reward | D: -3865.72 | E: -12.65 | Q: 2021.60 | H: 20.68 | LB: 0.07 | Enq: 0.00 | Pen: -2443.39
2026-06-09 16:49:55,151 | INFO | ----------------------------------------
2026-06-09 16:49:55,151 | INFO | 开始评估...
2026-06-09 16:50:35,539 | INFO | 评估结果: 奖励 = -42.93 ± 5.62, 长度 = 600, 时延 = 2.889s, 能耗 = 7327.65J, 负载均衡 = 0.116
2026-06-09 16:50:35,543 | INFO | 新的最佳模型 (average delay): score = -2.8893, delay = 2.889s, completion = 79.51%, continuity = 98.14%, load_balance = 0.116
2026-06-09 16:50:35,568 | INFO | 模型已保存: /home/pjpjq/LEO_switch/results/baseline_compare/multiuser_scaling_multiuser_6_7/u40/learned_baselines/attn_mappo/best_model.pt
2026-06-09 16:50:35,568 | INFO | 新的最佳奖励: -42.93
2026-06-09 16:50:35,568 | INFO | ----------------------------------------
2026-06-09 16:50:35,590 | INFO | 模型已保存: /home/pjpjq/LEO_switch/results/baseline_compare/multiuser_scaling_multiuser_6_7/u40/learned_baselines/attn_mappo/checkpoint_100352.pt
2026-06-09 16:51:35,242 | INFO | Update   99 | Steps: 101,376 | Episodes:    99 | EpReward:   -54.13 | FPS:     17 | Actor Loss: -0.0002 | Critic Loss: 0.0060
2026-06-09 16:51:35,242 | INFO |   Env | HO: 67.23% | Cont: 96.21% | Task: 79.04% | Resolved: 99.99% | Delay: 2.920s | Energy: 4020.41J | LB: 0.131
2026-06-09 16:51:35,242 | INFO |   Reward | D: -3748.49 | E: -12.71 | Q: 2128.80 | H: 21.03 | LB: 0.12 | Enq: 0.00 | Pen: -2175.47
2026-06-09 16:52:31,331 | INFO | Update  100 | Steps: 102,400 | Episodes:   100 | EpReward:   -54.07 | FPS:     18 | Actor Loss: -0.0002 | Critic Loss: 0.0223
2026-06-09 16:52:31,337 | INFO |   Env | HO: 68.92% | Cont: 97.21% | Task: 78.76% | Resolved: 99.99% | Delay: 2.947s | Energy: 4167.13J | LB: 0.123
2026-06-09 16:52:31,337 | INFO |   Reward | D: -3812.39 | E: -12.59 | Q: 2077.60 | H: 19.33 | LB: 0.17 | Enq: 0.00 | Pen: -2390.68
2026-06-09 16:53:23,779 | INFO | Update  101 | Steps: 103,424 | Episodes:   101 | EpReward:   -53.25 | FPS:     20 | Actor Loss: -0.0004 | Critic Loss: 0.0144
2026-06-09 16:53:23,780 | INFO |   Env | HO: 68.86% | Cont: 97.37% | Task: 78.44% | Resolved: 99.96% | Delay: 3.022s | Energy: 4385.39J | LB: 0.132
2026-06-09 16:53:23,780 | INFO |   Reward | D: -3855.02 | E: -12.80 | Q: 2028.40 | H: 19.15 | LB: 0.06 | Enq: 0.00 | Pen: -2579.31
2026-06-09 16:54:14,227 | INFO | Update  102 | Steps: 104,448 | Episodes:   102 | EpReward:   -52.57 | FPS:     20 | Actor Loss: -0.0005 | Critic Loss: 0.0070
2026-06-09 16:54:14,227 | INFO |   Env | HO: 65.68% | Cont: 97.01% | Task: 79.45% | Resolved: 99.97% | Delay: 2.924s | Energy: 4058.56J | LB: 0.115
2026-06-09 16:54:14,227 | INFO |   Reward | D: -3753.67 | E: -12.67 | Q: 2187.20 | H: 18.44 | LB: 0.04 | Enq: 0.00 | Pen: -2217.31
2026-06-09 16:55:02,631 | INFO | Update  103 | Steps: 105,472 | Episodes:   103 | EpReward:   -51.41 | FPS:     21 | Actor Loss: -0.0005 | Critic Loss: 0.0016
2026-06-09 16:55:02,632 | INFO |   Env | HO: 69.65% | Cont: 96.73% | Task: 81.28% | Resolved: 99.99% | Delay: 2.732s | Energy: 3517.99J | LB: 0.138
2026-06-09 16:55:02,632 | INFO |   Reward | D: -3649.87 | E: -12.54 | Q: 2530.00 | H: 17.32 | LB: 0.05 | Enq: 0.00 | Pen: -1557.31
2026-06-09 16:55:57,933 | INFO | Update  104 | Steps: 106,496 | Episodes:   104 | EpReward:   -50.64 | FPS:     19 | Actor Loss: -0.0003 | Critic Loss: 0.0077
2026-06-09 16:55:57,933 | INFO |   Env | HO: 70.98% | Cont: 97.42% | Task: 79.41% | Resolved: 99.99% | Delay: 2.904s | Energy: 4030.03J | LB: 0.126
2026-06-09 16:55:57,933 | INFO |   Reward | D: -3770.22 | E: -12.57 | Q: 2186.40 | H: 16.24 | LB: 0.01 | Enq: 0.00 | Pen: -2163.94
2026-06-09 16:56:49,897 | INFO | Update  105 | Steps: 107,520 | Episodes:   105 | EpReward:   -50.05 | FPS:     20 | Actor Loss: -0.0002 | Critic Loss: 0.0071
2026-06-09 16:56:49,897 | INFO |   Env | HO: 69.62% | Cont: 97.47% | Task: 79.44% | Resolved: 99.90% | Delay: 2.892s | Energy: 4017.31J | LB: 0.108
2026-06-09 16:56:49,897 | INFO |   Reward | D: -3768.53 | E: -12.62 | Q: 2196.40 | H: 14.07 | LB: 0.05 | Enq: 0.00 | Pen: -2224.37
2026-06-09 16:57:36,025 | INFO | Update  106 | Steps: 108,544 | Episodes:   106 | EpReward:   -49.28 | FPS:     22 | Actor Loss: 0.0001 | Critic Loss: 0.0065
2026-06-09 16:57:36,025 | INFO |   Env | HO: 66.75% | Cont: 97.37% | Task: 79.39% | Resolved: 99.95% | Delay: 2.910s | Energy: 4047.84J | LB: 0.103
2026-06-09 16:57:36,025 | INFO |   Reward | D: -3765.50 | E: -12.59 | Q: 2185.60 | H: 15.12 | LB: 0.06 | Enq: 0.00 | Pen: -2216.14
2026-06-09 16:58:19,497 | INFO | Update  107 | Steps: 109,568 | Episodes:   107 | EpReward:   -48.83 | FPS:     24 | Actor Loss: -0.0001 | Critic Loss: 0.0221
2026-06-09 16:58:19,498 | INFO |   Env | HO: 65.50% | Cont: 97.47% | Task: 78.40% | Resolved: 99.97% | Delay: 2.943s | Energy: 4179.78J | LB: 0.129
2026-06-09 16:58:19,498 | INFO |   Reward | D: -3827.14 | E: -12.71 | Q: 2016.80 | H: 14.23 | LB: 0.09 | Enq: 0.00 | Pen: -2398.83
2026-06-09 16:59:05,504 | INFO | Update  108 | Steps: 110,592 | Episodes:   108 | EpReward:   -48.39 | FPS:     22 | Actor Loss: -0.0003 | Critic Loss: 0.0073
2026-06-09 16:59:05,504 | INFO |   Env | HO: 69.83% | Cont: 97.73% | Task: 78.98% | Resolved: 99.99% | Delay: 2.934s | Energy: 4202.33J | LB: 0.118
2026-06-09 16:59:05,504 | INFO |   Reward | D: -3856.54 | E: -12.70 | Q: 2135.20 | H: 14.85 | LB: 0.10 | Enq: 0.00 | Pen: -2391.25
2026-06-09 17:00:00,970 | INFO | Update  109 | Steps: 111,616 | Episodes:   109 | EpReward:   -48.05 | FPS:     18 | Actor Loss: -0.0000 | Critic Loss: 0.0051
2026-06-09 17:00:00,970 | INFO |   Env | HO: 72.73% | Cont: 97.18% | Task: 79.57% | Resolved: 99.97% | Delay: 2.913s | Energy: 4039.26J | LB: 0.125
2026-06-09 17:00:00,970 | INFO |   Reward | D: -3749.17 | E: -12.63 | Q: 2214.40 | H: 15.13 | LB: 0.00 | Enq: 0.00 | Pen: -2188.36
2026-06-09 17:00:57,475 | INFO | Update  110 | Steps: 112,640 | Episodes:   110 | EpReward:   -47.46 | FPS:     18 | Actor Loss: -0.0009 | Critic Loss: 0.0039
2026-06-09 17:00:57,475 | INFO |   Env | HO: 67.03% | Cont: 97.15% | Task: 81.09% | Resolved: 99.89% | Delay: 2.779s | Energy: 3670.30J | LB: 0.112
2026-06-09 17:00:57,475 | INFO |   Reward | D: -3662.62 | E: -12.52 | Q: 2477.20 | H: 14.56 | LB: -0.04 | Enq: 0.00 | Pen: -1779.31
2026-06-09 17:01:42,818 | INFO | Update  111 | Steps: 113,664 | Episodes:   111 | EpReward:   -47.28 | FPS:     23 | Actor Loss: 0.0001 | Critic Loss: 0.0037
2026-06-09 17:01:42,818 | INFO |   Env | HO: 69.32% | Cont: 97.13% | Task: 79.32% | Resolved: 99.97% | Delay: 2.894s | Energy: 4070.07J | LB: 0.134
2026-06-09 17:01:42,819 | INFO |   Reward | D: -3799.36 | E: -12.86 | Q: 2199.20 | H: 15.12 | LB: 0.06 | Enq: 0.00 | Pen: -2224.14
2026-06-09 17:02:36,847 | INFO | Update  112 | Steps: 114,688 | Episodes:   112 | EpReward:   -47.20 | FPS:     19 | Actor Loss: -0.0001 | Critic Loss: 0.0058
2026-06-09 17:02:36,847 | INFO |   Env | HO: 67.17% | Cont: 97.91% | Task: 78.65% | Resolved: 99.97% | Delay: 2.965s | Energy: 4271.43J | LB: 0.109
2026-06-09 17:02:36,847 | INFO |   Reward | D: -3838.43 | E: -12.74 | Q: 2066.80 | H: 13.17 | LB: 0.02 | Enq: 0.00 | Pen: -2527.79
2026-06-09 17:03:30,794 | INFO | Update  113 | Steps: 115,712 | Episodes:   113 | EpReward:   -46.93 | FPS:     19 | Actor Loss: -0.0002 | Critic Loss: 0.0011
2026-06-09 17:03:30,795 | INFO |   Env | HO: 75.81% | Cont: 98.21% | Task: 80.99% | Resolved: 99.98% | Delay: 2.841s | Energy: 3931.13J | LB: 0.120
2026-06-09 17:03:30,795 | INFO |   Reward | D: -3752.28 | E: -12.78 | Q: 2472.40 | H: 14.04 | LB: 0.04 | Enq: 0.00 | Pen: -2015.93
2026-06-09 17:04:19,306 | INFO | Update  114 | Steps: 116,736 | Episodes:   114 | EpReward:   -46.59 | FPS:     21 | Actor Loss: 0.0005 | Critic Loss: 0.0037
2026-06-09 17:04:19,309 | INFO |   Env | HO: 72.68% | Cont: 96.82% | Task: 79.99% | Resolved: 99.95% | Delay: 2.839s | Energy: 3823.06J | LB: 0.128
2026-06-09 17:04:19,310 | INFO |   Reward | D: -3699.80 | E: -12.43 | Q: 2280.00 | H: 15.77 | LB: 0.04 | Enq: 0.00 | Pen: -1999.88
2026-06-09 17:05:07,682 | INFO | Update  115 | Steps: 117,760 | Episodes:   115 | EpReward:   -46.39 | FPS:     21 | Actor Loss: 0.0007 | Critic Loss: 0.0040
2026-06-09 17:05:07,683 | INFO |   Env | HO: 66.00% | Cont: 97.35% | Task: 79.32% | Resolved: 99.99% | Delay: 2.910s | Energy: 4001.82J | LB: 0.085
2026-06-09 17:05:07,683 | INFO |   Reward | D: -3750.96 | E: -12.39 | Q: 2162.40 | H: 15.68 | LB: 0.04 | Enq: 0.00 | Pen: -2257.21
2026-06-09 17:05:58,477 | INFO | Update  116 | Steps: 118,784 | Episodes:   116 | EpReward:   -46.50 | FPS:     20 | Actor Loss: -0.0003 | Critic Loss: 0.0027
2026-06-09 17:05:58,478 | INFO |   Env | HO: 68.00% | Cont: 97.60% | Task: 78.26% | Resolved: 99.98% | Delay: 2.983s | Energy: 4221.71J | LB: 0.114
2026-06-09 17:05:58,478 | INFO |   Reward | D: -3824.80 | E: -12.46 | Q: 1985.20 | H: 14.20 | LB: 0.06 | Enq: 0.00 | Pen: -2485.73
2026-06-09 17:06:41,738 | INFO | Update  117 | Steps: 119,808 | Episodes:   117 | EpReward:   -46.61 | FPS:     24 | Actor Loss: -0.0002 | Critic Loss: 0.0023
2026-06-09 17:06:41,738 | INFO |   Env | HO: 71.38% | Cont: 97.91% | Task: 80.39% | Resolved: 99.94% | Delay: 2.831s | Energy: 3795.36J | LB: 0.096
2026-06-09 17:06:41,738 | INFO |   Reward | D: -3684.28 | E: -12.28 | Q: 2321.20 | H: 13.45 | LB: 0.07 | Enq: 0.00 | Pen: -1997.46
2026-06-09 17:07:30,537 | INFO | Update  118 | Steps: 120,832 | Episodes:   118 | EpReward:   -46.56 | FPS:     21 | Actor Loss: 0.0003 | Critic Loss: 0.0012
2026-06-09 17:07:30,537 | INFO |   Env | HO: 68.97% | Cont: 97.31% | Task: 79.70% | Resolved: 99.98% | Delay: 2.877s | Energy: 3946.42J | LB: 0.142
2026-06-09 17:07:30,537 | INFO |   Reward | D: -3761.83 | E: -12.57 | Q: 2254.00 | H: 16.76 | LB: 0.08 | Enq: 0.00 | Pen: -2134.09
2026-06-09 17:08:27,165 | INFO | Update  119 | Steps: 121,856 | Episodes:   119 | EpReward:   -46.30 | FPS:     18 | Actor Loss: 0.0004 | Critic Loss: 0.0003
2026-06-09 17:08:27,165 | INFO |   Env | HO: 72.41% | Cont: 96.83% | Task: 80.64% | Resolved: 99.99% | Delay: 2.770s | Energy: 3635.99J | LB: 0.152
2026-06-09 17:08:27,165 | INFO |   Reward | D: -3684.13 | E: -12.58 | Q: 2415.60 | H: 18.20 | LB: 0.05 | Enq: 0.00 | Pen: -1767.75
2026-06-09 17:09:22,660 | INFO | Update  120 | Steps: 122,880 | Episodes:   120 | EpReward:   -46.01 | FPS:     18 | Actor Loss: 0.0003 | Critic Loss: 0.0008
2026-06-09 17:09:22,661 | INFO |   Env | HO: 69.18% | Cont: 97.21% | Task: 79.54% | Resolved: 99.97% | Delay: 2.908s | Energy: 4023.51J | LB: 0.143
2026-06-09 17:09:22,661 | INFO |   Reward | D: -3750.39 | E: -12.66 | Q: 2212.40 | H: 18.16 | LB: 0.03 | Enq: 0.00 | Pen: -2142.25
2026-06-09 17:10:07,856 | INFO | Update  121 | Steps: 123,904 | Episodes:   121 | EpReward:   -45.94 | FPS:     23 | Actor Loss: 0.0004 | Critic Loss: 0.0045
2026-06-09 17:10:07,856 | INFO |   Env | HO: 69.70% | Cont: 97.07% | Task: 79.09% | Resolved: 99.95% | Delay: 2.906s | Energy: 4001.35J | LB: 0.113
2026-06-09 17:10:07,857 | INFO |   Reward | D: -3770.22 | E: -12.42 | Q: 2133.60 | H: 18.08 | LB: 0.13 | Enq: 0.00 | Pen: -2199.31
2026-06-09 17:10:36,336 | INFO | Update  122 | Steps: 124,928 | Episodes:   122 | EpReward:   -45.57 | FPS:     36 | Actor Loss: 0.0009 | Critic Loss: 0.0006
2026-06-09 17:10:36,337 | INFO |   Env | HO: 73.73% | Cont: 96.96% | Task: 81.72% | Resolved: 99.99% | Delay: 2.707s | Energy: 3459.86J | LB: 0.138
2026-06-09 17:10:36,337 | INFO |   Reward | D: -3636.79 | E: -12.47 | Q: 2602.40 | H: 18.24 | LB: 0.06 | Enq: 0.00 | Pen: -1531.12
2026-06-09 17:11:20,284 | INFO | Update  123 | Steps: 125,952 | Episodes:   123 | EpReward:   -45.48 | FPS:     23 | Actor Loss: 0.0002 | Critic Loss: 0.0110
2026-06-09 17:11:20,285 | INFO |   Env | HO: 68.70% | Cont: 97.43% | Task: 78.87% | Resolved: 99.96% | Delay: 2.961s | Energy: 4150.10J | LB: 0.131
2026-06-09 17:11:20,285 | INFO |   Reward | D: -3793.17 | E: -12.41 | Q: 2084.00 | H: 16.62 | LB: 0.09 | Enq: 0.00 | Pen: -2409.80
2026-06-09 17:12:11,965 | INFO | Update  124 | Steps: 126,976 | Episodes:   124 | EpReward:   -45.63 | FPS:     20 | Actor Loss: 0.0002 | Critic Loss: 0.0098
2026-06-09 17:12:11,966 | INFO |   Env | HO: 76.90% | Cont: 97.42% | Task: 78.72% | Resolved: 99.92% | Delay: 2.934s | Energy: 4068.75J | LB: 0.133
2026-06-09 17:12:11,966 | INFO |   Reward | D: -3775.35 | E: -12.55 | Q: 2060.80 | H: 16.00 | LB: 0.10 | Enq: 0.00 | Pen: -2244.10
2026-06-09 17:13:02,437 | INFO | Update  125 | Steps: 128,000 | Episodes:   125 | EpReward:   -45.54 | FPS:     20 | Actor Loss: 0.0003 | Critic Loss: 0.0062
2026-06-09 17:13:02,438 | INFO |   Env | HO: 68.67% | Cont: 97.07% | Task: 80.37% | Resolved: 99.98% | Delay: 2.806s | Energy: 3778.18J | LB: 0.114
2026-06-09 17:13:02,438 | INFO |   Reward | D: -3712.55 | E: -12.50 | Q: 2366.80 | H: 16.93 | LB: 0.08 | Enq: 0.00 | Pen: -1946.80
2026-06-09 17:13:48,735 | INFO | Update  126 | Steps: 129,024 | Episodes:   126 | EpReward:   -45.66 | FPS:     22 | Actor Loss: -0.0007 | Critic Loss: 0.0056
2026-06-09 17:13:48,735 | INFO |   Env | HO: 67.74% | Cont: 98.03% | Task: 78.95% | Resolved: 99.93% | Delay: 2.964s | Energy: 4254.51J | LB: 0.121
2026-06-09 17:13:48,736 | INFO |   Reward | D: -3852.14 | E: -12.55 | Q: 2118.80 | H: 13.67 | LB: 0.00 | Enq: 0.00 | Pen: -2439.41
2026-06-09 17:14:42,988 | INFO | Update  127 | Steps: 130,048 | Episodes:   127 | EpReward:   -45.63 | FPS:     19 | Actor Loss: 0.0004 | Critic Loss: 0.0084
2026-06-09 17:14:42,989 | INFO |   Env | HO: 68.63% | Cont: 98.36% | Task: 78.94% | Resolved: 99.97% | Delay: 2.955s | Energy: 4241.97J | LB: 0.136
2026-06-09 17:14:42,989 | INFO |   Reward | D: -3868.12 | E: -12.46 | Q: 2125.60 | H: 13.24 | LB: 0.05 | Enq: 0.00 | Pen: -2481.17
2026-06-09 17:15:40,096 | INFO | Update  128 | Steps: 131,072 | Episodes:   128 | EpReward:   -45.46 | FPS:     18 | Actor Loss: 0.0006 | Critic Loss: 0.0013
2026-06-09 17:15:40,096 | INFO |   Env | HO: 71.17% | Cont: 97.10% | Task: 80.52% | Resolved: 99.98% | Delay: 2.823s | Energy: 3719.34J | LB: 0.149
2026-06-09 17:15:40,097 | INFO |   Reward | D: -3669.26 | E: -12.34 | Q: 2365.20 | H: 16.12 | LB: 0.07 | Enq: 0.00 | Pen: -1854.50
2026-06-09 17:16:36,923 | INFO | Update  129 | Steps: 132,096 | Episodes:   129 | EpReward:   -45.67 | FPS:     18 | Actor Loss: 0.0002 | Critic Loss: 0.0066
2026-06-09 17:16:36,924 | INFO |   Env | HO: 73.90% | Cont: 97.34% | Task: 79.19% | Resolved: 100.00% | Delay: 2.926s | Energy: 4002.09J | LB: 0.130
2026-06-09 17:16:36,924 | INFO |   Reward | D: -3754.19 | E: -12.37 | Q: 2136.40 | H: 16.01 | LB: 0.01 | Enq: 0.00 | Pen: -2229.41
2026-06-09 17:17:34,296 | INFO | Update  130 | Steps: 133,120 | Episodes:   130 | EpReward:   -45.44 | FPS:     18 | Actor Loss: -0.0004 | Critic Loss: 0.0039
2026-06-09 17:17:34,296 | INFO |   Env | HO: 70.81% | Cont: 97.55% | Task: 80.04% | Resolved: 99.99% | Delay: 2.856s | Energy: 3876.17J | LB: 0.126
2026-06-09 17:17:34,296 | INFO |   Reward | D: -3706.72 | E: -12.35 | Q: 2274.40 | H: 15.52 | LB: 0.11 | Enq: 0.00 | Pen: -2146.06
2026-06-09 17:18:20,078 | INFO | Update  131 | Steps: 134,144 | Episodes:   131 | EpReward:   -45.62 | FPS:     22 | Actor Loss: -0.0001 | Critic Loss: 0.0043
2026-06-09 17:18:20,078 | INFO |   Env | HO: 68.97% | Cont: 97.19% | Task: 79.75% | Resolved: 99.99% | Delay: 2.894s | Energy: 3943.78J | LB: 0.147
2026-06-09 17:18:20,078 | INFO |   Reward | D: -3757.17 | E: -12.47 | Q: 2252.00 | H: 17.06 | LB: 0.07 | Enq: 0.00 | Pen: -2139.90
2026-06-09 17:19:06,118 | INFO | Update  132 | Steps: 135,168 | Episodes:   132 | EpReward:   -45.60 | FPS:     22 | Actor Loss: -0.0000 | Critic Loss: 0.0023
2026-06-09 17:19:06,118 | INFO |   Env | HO: 68.11% | Cont: 96.43% | Task: 80.20% | Resolved: 99.99% | Delay: 2.800s | Energy: 3684.26J | LB: 0.127
2026-06-09 17:19:06,118 | INFO |   Reward | D: -3673.54 | E: -12.47 | Q: 2334.80 | H: 18.76 | LB: 0.02 | Enq: 0.00 | Pen: -1832.37
2026-06-09 17:20:03,881 | INFO | Update  133 | Steps: 136,192 | Episodes:   133 | EpReward:   -45.55 | FPS:     18 | Actor Loss: 0.0001 | Critic Loss: 0.0013
2026-06-09 17:20:03,881 | INFO |   Env | HO: 70.12% | Cont: 97.11% | Task: 79.76% | Resolved: 99.97% | Delay: 2.868s | Energy: 3930.69J | LB: 0.136
2026-06-09 17:20:03,881 | INFO |   Reward | D: -3774.11 | E: -12.51 | Q: 2274.80 | H: 17.80 | LB: 0.09 | Enq: 0.00 | Pen: -2102.55
2026-06-09 17:20:43,873 | INFO | Update  134 | Steps: 137,216 | Episodes:   134 | EpReward:   -45.78 | FPS:     26 | Actor Loss: 0.0003 | Critic Loss: 0.0176
2026-06-09 17:20:43,874 | INFO |   Env | HO: 67.48% | Cont: 96.92% | Task: 78.38% | Resolved: 99.96% | Delay: 2.952s | Energy: 4181.00J | LB: 0.139
2026-06-09 17:20:43,874 | INFO |   Reward | D: -3859.45 | E: -12.49 | Q: 2038.40 | H: 21.28 | LB: 0.10 | Enq: 0.00 | Pen: -2450.21
2026-06-09 17:21:30,451 | INFO | Update  135 | Steps: 138,240 | Episodes:   135 | EpReward:   -45.75 | FPS:     22 | Actor Loss: 0.0003 | Critic Loss: 0.0153
2026-06-09 17:21:30,451 | INFO |   Env | HO: 65.80% | Cont: 96.74% | Task: 78.51% | Resolved: 99.90% | Delay: 2.924s | Energy: 4059.60J | LB: 0.115
2026-06-09 17:21:30,451 | INFO |   Reward | D: -3788.89 | E: -12.52 | Q: 2047.60 | H: 18.00 | LB: 0.10 | Enq: 0.00 | Pen: -2403.14
2026-06-09 17:22:15,098 | INFO | Update  136 | Steps: 139,264 | Episodes:   136 | EpReward:   -45.74 | FPS:     23 | Actor Loss: 0.0003 | Critic Loss: 0.0131
2026-06-09 17:22:15,098 | INFO |   Env | HO: 69.76% | Cont: 98.00% | Task: 78.88% | Resolved: 99.94% | Delay: 2.952s | Energy: 4206.79J | LB: 0.133
2026-06-09 17:22:15,098 | INFO |   Reward | D: -3829.74 | E: -12.51 | Q: 2097.20 | H: 15.82 | LB: 0.05 | Enq: 0.00 | Pen: -2482.04
2026-06-09 17:23:06,592 | INFO | Update  137 | Steps: 140,288 | Episodes:   137 | EpReward:   -45.72 | FPS:     20 | Actor Loss: -0.0000 | Critic Loss: 0.0025
2026-06-09 17:23:06,592 | INFO |   Env | HO: 68.25% | Cont: 97.78% | Task: 79.31% | Resolved: 99.97% | Delay: 2.907s | Energy: 4089.55J | LB: 0.130
2026-06-09 17:23:06,592 | INFO |   Reward | D: -3846.53 | E: -12.53 | Q: 2194.40 | H: 17.97 | LB: 0.11 | Enq: 0.00 | Pen: -2354.16
2026-06-09 17:24:04,320 | INFO | Update  138 | Steps: 141,312 | Episodes:   138 | EpReward:   -45.67 | FPS:     18 | Actor Loss: -0.0001 | Critic Loss: 0.0022
2026-06-09 17:24:04,321 | INFO |   Env | HO: 72.66% | Cont: 97.66% | Task: 79.96% | Resolved: 99.90% | Delay: 2.874s | Energy: 3905.57J | LB: 0.137
2026-06-09 17:24:04,321 | INFO |   Reward | D: -3751.47 | E: -12.38 | Q: 2288.00 | H: 17.66 | LB: 0.13 | Enq: 0.00 | Pen: -2095.12
2026-06-09 17:24:55,224 | INFO | Update  139 | Steps: 142,336 | Episodes:   139 | EpReward:   -45.60 | FPS:     20 | Actor Loss: -0.0001 | Critic Loss: 0.0014
2026-06-09 17:24:55,225 | INFO |   Env | HO: 69.85% | Cont: 97.31% | Task: 81.71% | Resolved: 99.97% | Delay: 2.730s | Energy: 3516.44J | LB: 0.148
2026-06-09 17:24:55,225 | INFO |   Reward | D: -3629.57 | E: -12.33 | Q: 2575.60 | H: 17.11 | LB: 0.08 | Enq: 0.00 | Pen: -1632.10
2026-06-09 17:25:40,197 | INFO | Update  140 | Steps: 143,360 | Episodes:   140 | EpReward:   -45.53 | FPS:     23 | Actor Loss: -0.0001 | Critic Loss: 0.0087
2026-06-09 17:25:40,198 | INFO |   Env | HO: 67.01% | Cont: 97.73% | Task: 78.33% | Resolved: 99.98% | Delay: 2.977s | Energy: 4287.18J | LB: 0.124
2026-06-09 17:25:40,198 | INFO |   Reward | D: -3884.30 | E: -12.60 | Q: 2023.60 | H: 15.74 | LB: 0.12 | Enq: 0.00 | Pen: -2589.52
2026-06-09 17:26:24,143 | INFO | Update  141 | Steps: 144,384 | Episodes:   141 | EpReward:   -45.44 | FPS:     23 | Actor Loss: 0.0002 | Critic Loss: 0.0087
2026-06-09 17:26:24,144 | INFO |   Env | HO: 71.36% | Cont: 97.69% | Task: 77.83% | Resolved: 99.99% | Delay: 2.994s | Energy: 4280.80J | LB: 0.127
2026-06-09 17:26:24,144 | INFO |   Reward | D: -3853.76 | E: -12.42 | Q: 1918.00 | H: 16.85 | LB: 0.11 | Enq: 0.00 | Pen: -2555.32
2026-06-09 17:27:25,170 | INFO | Update  142 | Steps: 145,408 | Episodes:   142 | EpReward:   -45.46 | FPS:     17 | Actor Loss: -0.0005 | Critic Loss: 0.0151
2026-06-09 17:27:25,170 | INFO |   Env | HO: 70.00% | Cont: 97.41% | Task: 78.27% | Resolved: 99.95% | Delay: 2.967s | Energy: 4183.78J | LB: 0.104
2026-06-09 17:27:25,171 | INFO |   Reward | D: -3828.38 | E: -12.38 | Q: 1995.20 | H: 16.19 | LB: 0.07 | Enq: 0.00 | Pen: -2508.67
2026-06-09 17:28:13,695 | INFO | Update  143 | Steps: 146,432 | Episodes:   143 | EpReward:   -45.34 | FPS:     21 | Actor Loss: -0.0002 | Critic Loss: 0.0093
2026-06-09 17:28:13,695 | INFO |   Env | HO: 70.35% | Cont: 97.29% | Task: 78.99% | Resolved: 99.95% | Delay: 2.906s | Energy: 4106.89J | LB: 0.153
2026-06-09 17:28:13,695 | INFO |   Reward | D: -3874.63 | E: -12.77 | Q: 2169.20 | H: 14.41 | LB: 0.06 | Enq: 0.00 | Pen: -2308.73
2026-06-09 17:29:01,642 | INFO | Update  144 | Steps: 147,456 | Episodes:   144 | EpReward:   -45.32 | FPS:     21 | Actor Loss: -0.0003 | Critic Loss: 0.0035
2026-06-09 17:29:01,642 | INFO |   Env | HO: 67.92% | Cont: 97.25% | Task: 78.46% | Resolved: 99.99% | Delay: 2.945s | Energy: 4076.31J | LB: 0.129
2026-06-09 17:29:01,642 | INFO |   Reward | D: -3810.52 | E: -12.19 | Q: 2021.60 | H: 16.11 | LB: -0.00 | Enq: 0.00 | Pen: -2430.86
2026-06-09 17:29:44,755 | INFO | Update  145 | Steps: 148,480 | Episodes:   145 | EpReward:   -45.24 | FPS:     24 | Actor Loss: -0.0004 | Critic Loss: 0.0039
2026-06-09 17:29:44,755 | INFO |   Env | HO: 68.83% | Cont: 97.78% | Task: 78.46% | Resolved: 99.98% | Delay: 2.976s | Energy: 4161.54J | LB: 0.147
2026-06-09 17:29:44,755 | INFO |   Reward | D: -3768.11 | E: -12.07 | Q: 1989.20 | H: 15.12 | LB: 0.07 | Enq: 0.00 | Pen: -2502.63
2026-06-09 17:30:35,213 | INFO | Update  146 | Steps: 149,504 | Episodes:   146 | EpReward:   -45.21 | FPS:     20 | Actor Loss: 0.0000 | Critic Loss: 0.0070
2026-06-09 17:30:35,214 | INFO |   Env | HO: 68.48% | Cont: 97.71% | Task: 77.97% | Resolved: 99.96% | Delay: 2.977s | Energy: 4164.36J | LB: 0.135
2026-06-09 17:30:35,214 | INFO |   Reward | D: -3810.42 | E: -12.01 | Q: 1923.20 | H: 15.67 | LB: 0.10 | Enq: 0.00 | Pen: -2445.56
2026-06-09 17:31:25,370 | INFO | Update  147 | Steps: 150,528 | Episodes:   147 | EpReward:   -45.34 | FPS:     20 | Actor Loss: -0.0001 | Critic Loss: 0.0032
2026-06-09 17:31:25,370 | INFO |   Env | HO: 65.38% | Cont: 97.30% | Task: 77.77% | Resolved: 99.97% | Delay: 2.998s | Energy: 4296.66J | LB: 0.105
2026-06-09 17:31:25,371 | INFO |   Reward | D: -3878.92 | E: -12.41 | Q: 1918.00 | H: 17.09 | LB: 0.06 | Enq: 0.00 | Pen: -2561.40
2026-06-09 17:31:25,371 | INFO | ----------------------------------------
2026-06-09 17:31:25,371 | INFO | 开始评估...
2026-06-09 17:32:01,461 | INFO | 评估结果: 奖励 = -31.83 ± 7.21, 长度 = 600, 时延 = 2.775s, 能耗 = 6533.83J, 负载均衡 = 0.114
2026-06-09 17:32:01,461 | INFO | 新的最佳模型 (average delay): score = -2.7755, delay = 2.775s, completion = 80.86%, continuity = 97.21%, load_balance = 0.114
2026-06-09 17:32:01,490 | INFO | 模型已保存: /home/pjpjq/LEO_switch/results/baseline_compare/multiuser_scaling_multiuser_6_7/u40/learned_baselines/attn_mappo/best_model.pt
2026-06-09 17:32:01,490 | INFO | 新的最佳奖励: -31.83
2026-06-09 17:32:01,491 | INFO | ----------------------------------------
2026-06-09 17:32:48,672 | INFO | Update  148 | Steps: 151,552 | Episodes:   148 | EpReward:   -45.28 | FPS:     22 | Actor Loss: -0.0005 | Critic Loss: 0.0063
2026-06-09 17:32:48,680 | INFO |   Env | HO: 67.36% | Cont: 98.30% | Task: 78.47% | Resolved: 99.99% | Delay: 2.980s | Energy: 4275.42J | LB: 0.125
2026-06-09 17:32:48,680 | INFO |   Reward | D: -3850.64 | E: -12.63 | Q: 2021.60 | H: 13.59 | LB: 0.04 | Enq: 0.00 | Pen: -2472.73
2026-06-09 17:33:43,788 | INFO | Update  149 | Steps: 152,576 | Episodes:   149 | EpReward:   -45.00 | FPS:     19 | Actor Loss: 0.0004 | Critic Loss: 0.0007
2026-06-09 17:33:43,789 | INFO |   Env | HO: 70.59% | Cont: 97.28% | Task: 82.00% | Resolved: 99.94% | Delay: 2.741s | Energy: 3492.79J | LB: 0.127
2026-06-09 17:33:43,789 | INFO |   Reward | D: -3586.26 | E: -12.22 | Q: 2590.80 | H: 14.77 | LB: 0.03 | Enq: 0.00 | Pen: -1625.74
2026-06-09 17:34:34,487 | INFO | Update  150 | Steps: 153,600 | Episodes:   150 | EpReward:   -45.00 | FPS:     20 | Actor Loss: 0.0006 | Critic Loss: 0.0070
2026-06-09 17:34:34,487 | INFO |   Env | HO: 66.98% | Cont: 96.30% | Task: 78.09% | Resolved: 99.99% | Delay: 3.015s | Energy: 4300.82J | LB: 0.108
2026-06-09 17:34:34,487 | INFO |   Reward | D: -3853.02 | E: -12.58 | Q: 1967.20 | H: 29.54 | LB: 0.13 | Enq: 0.00 | Pen: -2640.70
2026-06-09 17:35:31,224 | INFO | Update  151 | Steps: 154,624 | Episodes:   151 | EpReward:   -44.99 | FPS:     18 | Actor Loss: -0.0001 | Critic Loss: 0.0151
2026-06-09 17:35:31,224 | INFO |   Env | HO: 65.95% | Cont: 96.35% | Task: 77.28% | Resolved: 99.97% | Delay: 3.029s | Energy: 4277.13J | LB: 0.122
2026-06-09 17:35:31,224 | INFO |   Reward | D: -3856.90 | E: -12.31 | Q: 1816.40 | H: 27.84 | LB: 0.16 | Enq: 0.00 | Pen: -2594.50
2026-06-09 17:36:28,212 | INFO | Update  152 | Steps: 155,648 | Episodes:   152 | EpReward:   -45.25 | FPS:     18 | Actor Loss: 0.0003 | Critic Loss: 0.0023
2026-06-09 17:36:28,212 | INFO |   Env | HO: 69.21% | Cont: 96.69% | Task: 78.96% | Resolved: 99.98% | Delay: 2.902s | Energy: 3923.09J | LB: 0.117
2026-06-09 17:36:28,212 | INFO |   Reward | D: -3723.05 | E: -12.23 | Q: 2085.20 | H: 25.13 | LB: 0.08 | Enq: 0.00 | Pen: -2211.76
2026-06-09 17:37:26,542 | INFO | Update  153 | Steps: 156,672 | Episodes:   153 | EpReward:   -45.52 | FPS:     18 | Actor Loss: -0.0001 | Critic Loss: 0.0182
2026-06-09 17:37:26,543 | INFO |   Env | HO: 64.40% | Cont: 96.72% | Task: 77.96% | Resolved: 99.96% | Delay: 2.972s | Energy: 4149.96J | LB: 0.131
2026-06-09 17:37:26,543 | INFO |   Reward | D: -3826.38 | E: -12.28 | Q: 1932.40 | H: 23.27 | LB: 0.13 | Enq: 0.00 | Pen: -2518.17
2026-06-09 17:38:26,423 | INFO | Update  154 | Steps: 157,696 | Episodes:   154 | EpReward:   -45.50 | FPS:     17 | Actor Loss: 0.0008 | Critic Loss: 0.0217
2026-06-09 17:38:26,423 | INFO |   Env | HO: 66.29% | Cont: 96.35% | Task: 78.04% | Resolved: 99.94% | Delay: 2.998s | Energy: 4206.95J | LB: 0.119
2026-06-09 17:38:26,423 | INFO |   Reward | D: -3798.03 | E: -12.35 | Q: 1937.20 | H: 28.27 | LB: 0.06 | Enq: 0.00 | Pen: -2554.15
2026-06-09 17:39:29,963 | INFO | Update  155 | Steps: 158,720 | Episodes:   155 | EpReward:   -45.54 | FPS:     16 | Actor Loss: 0.0000 | Critic Loss: 0.0141
2026-06-09 17:39:29,963 | INFO |   Env | HO: 66.78% | Cont: 97.18% | Task: 78.58% | Resolved: 99.90% | Delay: 2.982s | Energy: 4264.22J | LB: 0.118
2026-06-09 17:39:29,963 | INFO |   Reward | D: -3852.74 | E: -12.53 | Q: 2050.40 | H: 23.51 | LB: 0.01 | Enq: 0.00 | Pen: -2549.36
2026-06-09 17:40:11,034 | INFO | Update  156 | Steps: 159,744 | Episodes:   156 | EpReward:   -45.80 | FPS:     25 | Actor Loss: 0.0002 | Critic Loss: 0.0216
2026-06-09 17:40:11,034 | INFO |   Env | HO: 65.96% | Cont: 96.86% | Task: 77.68% | Resolved: 99.95% | Delay: 2.976s | Energy: 4248.65J | LB: 0.119
2026-06-09 17:40:11,034 | INFO |   Reward | D: -3868.26 | E: -12.36 | Q: 1898.40 | H: 24.51 | LB: 0.05 | Enq: 0.00 | Pen: -2553.41
2026-06-09 17:41:03,141 | INFO | Update  157 | Steps: 160,768 | Episodes:   157 | EpReward:   -45.74 | FPS:     20 | Actor Loss: 0.0002 | Critic Loss: 0.0156
2026-06-09 17:41:03,141 | INFO |   Env | HO: 67.50% | Cont: 96.45% | Task: 78.17% | Resolved: 99.93% | Delay: 2.987s | Energy: 4199.20J | LB: 0.111
2026-06-09 17:41:03,141 | INFO |   Reward | D: -3805.58 | E: -12.49 | Q: 1955.60 | H: 27.67 | LB: 0.06 | Enq: 0.00 | Pen: -2518.67
2026-06-09 17:42:04,131 | INFO | Update  158 | Steps: 161,792 | Episodes:   158 | EpReward:   -45.76 | FPS:     17 | Actor Loss: 0.0001 | Critic Loss: 0.0136
2026-06-09 17:42:04,132 | INFO |   Env | HO: 66.73% | Cont: 96.61% | Task: 78.27% | Resolved: 99.97% | Delay: 2.967s | Energy: 4142.42J | LB: 0.123
2026-06-09 17:42:04,132 | INFO |   Reward | D: -3787.87 | E: -12.49 | Q: 1984.40 | H: 21.66 | LB: 0.14 | Enq: 0.00 | Pen: -2393.26
2026-06-09 17:42:59,894 | INFO | Update  159 | Steps: 162,816 | Episodes:   159 | EpReward:   -45.81 | FPS:     18 | Actor Loss: 0.0004 | Critic Loss: 0.0143
2026-06-09 17:42:59,895 | INFO |   Env | HO: 62.31% | Cont: 97.00% | Task: 77.73% | Resolved: 99.96% | Delay: 3.012s | Energy: 4313.52J | LB: 0.153
2026-06-09 17:42:59,895 | INFO |   Reward | D: -3833.05 | E: -12.67 | Q: 1889.20 | H: 19.34 | LB: 0.05 | Enq: 0.00 | Pen: -2504.15
2026-06-09 17:43:32,361 | INFO | Update  160 | Steps: 163,840 | Episodes:   160 | EpReward:   -45.70 | FPS:     32 | Actor Loss: 0.0011 | Critic Loss: 0.0113
2026-06-09 17:43:32,362 | INFO |   Env | HO: 62.45% | Cont: 96.65% | Task: 79.03% | Resolved: 99.97% | Delay: 2.927s | Energy: 4050.34J | LB: 0.104
2026-06-09 17:43:32,362 | INFO |   Reward | D: -3733.23 | E: -12.54 | Q: 2107.60 | H: 20.01 | LB: 0.14 | Enq: 0.00 | Pen: -2232.13
2026-06-09 17:44:20,261 | INFO | Update  161 | Steps: 164,864 | Episodes:   161 | EpReward:   -45.72 | FPS:     21 | Actor Loss: -0.0000 | Critic Loss: 0.0175
2026-06-09 17:44:20,261 | INFO |   Env | HO: 67.22% | Cont: 97.34% | Task: 77.95% | Resolved: 99.88% | Delay: 2.981s | Energy: 4306.57J | LB: 0.140
2026-06-09 17:44:20,261 | INFO |   Reward | D: -3880.24 | E: -12.67 | Q: 1949.60 | H: 16.72 | LB: 0.16 | Enq: 0.00 | Pen: -2497.18
2026-06-09 17:45:22,807 | INFO | Update  162 | Steps: 165,888 | Episodes:   162 | EpReward:   -45.81 | FPS:     16 | Actor Loss: -0.0002 | Critic Loss: 0.0222
2026-06-09 17:45:22,807 | INFO |   Env | HO: 68.77% | Cont: 97.41% | Task: 78.00% | Resolved: 99.97% | Delay: 3.009s | Energy: 4262.91J | LB: 0.128
2026-06-09 17:45:22,807 | INFO |   Reward | D: -3818.16 | E: -12.54 | Q: 1930.80 | H: 16.98 | LB: 0.11 | Enq: 0.00 | Pen: -2468.09
2026-06-09 17:46:20,784 | INFO | Update  163 | Steps: 166,912 | Episodes:   163 | EpReward:   -45.65 | FPS:     18 | Actor Loss: 0.0002 | Critic Loss: 0.0106
2026-06-09 17:46:20,785 | INFO |   Env | HO: 72.10% | Cont: 96.41% | Task: 79.70% | Resolved: 99.96% | Delay: 2.841s | Energy: 3790.46J | LB: 0.117
2026-06-09 17:46:20,785 | INFO |   Reward | D: -3673.84 | E: -12.49 | Q: 2236.80 | H: 17.33 | LB: 0.07 | Enq: 0.00 | Pen: -1976.68
2026-06-09 17:47:14,262 | INFO | Update  164 | Steps: 167,936 | Episodes:   164 | EpReward:   -45.39 | FPS:     19 | Actor Loss: 0.0005 | Critic Loss: 0.0067
2026-06-09 17:47:14,263 | INFO |   Env | HO: 68.79% | Cont: 96.50% | Task: 80.86% | Resolved: 99.94% | Delay: 2.742s | Energy: 3575.14J | LB: 0.130
2026-06-09 17:47:14,263 | INFO |   Reward | D: -3662.82 | E: -12.56 | Q: 2451.20 | H: 17.78 | LB: 0.10 | Enq: 0.00 | Pen: -1655.92
2026-06-09 17:48:07,997 | INFO | Update  165 | Steps: 168,960 | Episodes:   165 | EpReward:   -45.34 | FPS:     19 | Actor Loss: 0.0000 | Critic Loss: 0.0225
2026-06-09 17:48:07,997 | INFO |   Env | HO: 66.74% | Cont: 97.62% | Task: 79.05% | Resolved: 99.97% | Delay: 2.949s | Energy: 4164.98J | LB: 0.115
2026-06-09 17:48:07,997 | INFO |   Reward | D: -3794.09 | E: -12.55 | Q: 2122.40 | H: 17.43 | LB: 0.04 | Enq: 0.00 | Pen: -2389.48
2026-06-09 17:48:52,900 | INFO | Update  166 | Steps: 169,984 | Episodes:   166 | EpReward:   -45.00 | FPS:     23 | Actor Loss: 0.0003 | Critic Loss: 0.0065
2026-06-09 17:48:52,900 | INFO |   Env | HO: 67.58% | Cont: 96.86% | Task: 80.74% | Resolved: 99.98% | Delay: 2.805s | Energy: 3712.44J | LB: 0.135
2026-06-09 17:48:52,900 | INFO |   Reward | D: -3647.03 | E: -12.42 | Q: 2392.40 | H: 18.99 | LB: 0.08 | Enq: 0.00 | Pen: -1856.63
2026-06-09 17:49:47,653 | INFO | Update  167 | Steps: 171,008 | Episodes:   167 | EpReward:   -44.96 | FPS:     19 | Actor Loss: 0.0002 | Critic Loss: 0.0115
2026-06-09 17:49:47,654 | INFO |   Env | HO: 68.20% | Cont: 97.54% | Task: 78.18% | Resolved: 99.99% | Delay: 2.987s | Energy: 4296.70J | LB: 0.142
2026-06-09 17:49:47,654 | INFO |   Reward | D: -3862.86 | E: -12.59 | Q: 1978.00 | H: 18.58 | LB: 0.04 | Enq: 0.00 | Pen: -2573.53
2026-06-09 17:50:44,388 | INFO | Update  168 | Steps: 172,032 | Episodes:   168 | EpReward:   -45.14 | FPS:     18 | Actor Loss: 0.0000 | Critic Loss: 0.0104
2026-06-09 17:50:44,388 | INFO |   Env | HO: 70.37% | Cont: 97.55% | Task: 77.81% | Resolved: 99.98% | Delay: 2.966s | Energy: 4164.71J | LB: 0.097
2026-06-09 17:50:44,388 | INFO |   Reward | D: -3832.58 | E: -12.31 | Q: 1905.60 | H: 15.97 | LB: 0.04 | Enq: 0.00 | Pen: -2449.84
2026-06-09 17:51:42,763 | INFO | Update  169 | Steps: 173,056 | Episodes:   169 | EpReward:   -45.29 | FPS:     18 | Actor Loss: 0.0003 | Critic Loss: 0.0082
2026-06-09 17:51:42,763 | INFO |   Env | HO: 68.66% | Cont: 96.94% | Task: 80.10% | Resolved: 99.99% | Delay: 2.845s | Energy: 3807.73J | LB: 0.101
2026-06-09 17:51:42,763 | INFO |   Reward | D: -3708.52 | E: -12.34 | Q: 2304.40 | H: 17.72 | LB: 0.14 | Enq: 0.00 | Pen: -2007.60
2026-06-09 17:52:38,470 | INFO | Update  170 | Steps: 174,080 | Episodes:   170 | EpReward:   -45.31 | FPS:     18 | Actor Loss: 0.0004 | Critic Loss: 0.0074
2026-06-09 17:52:38,470 | INFO |   Env | HO: 69.17% | Cont: 97.35% | Task: 79.31% | Resolved: 99.98% | Delay: 2.911s | Energy: 4070.56J | LB: 0.116
2026-06-09 17:52:38,470 | INFO |   Reward | D: -3791.22 | E: -12.65 | Q: 2178.40 | H: 16.93 | LB: 0.12 | Enq: 0.00 | Pen: -2203.90
2026-06-09 17:53:27,787 | INFO | Update  171 | Steps: 175,104 | Episodes:   171 | EpReward:   -45.24 | FPS:     21 | Actor Loss: -0.0001 | Critic Loss: 0.0083
2026-06-09 17:53:27,788 | INFO |   Env | HO: 69.98% | Cont: 97.40% | Task: 78.79% | Resolved: 99.91% | Delay: 2.882s | Energy: 3957.80J | LB: 0.138
2026-06-09 17:53:27,788 | INFO |   Reward | D: -3767.79 | E: -12.35 | Q: 2068.80 | H: 17.67 | LB: 0.10 | Enq: 0.00 | Pen: -2202.75
2026-06-09 17:54:21,704 | INFO | Update  172 | Steps: 176,128 | Episodes:   172 | EpReward:   -45.21 | FPS:     19 | Actor Loss: 0.0000 | Critic Loss: 0.0033
2026-06-09 17:54:21,705 | INFO |   Env | HO: 72.68% | Cont: 97.02% | Task: 78.70% | Resolved: 99.99% | Delay: 2.942s | Energy: 4145.88J | LB: 0.115
2026-06-09 17:54:21,705 | INFO |   Reward | D: -3833.66 | E: -12.65 | Q: 2092.00 | H: 18.21 | LB: 0.05 | Enq: 0.00 | Pen: -2288.61
2026-06-09 17:55:14,063 | INFO | Update  173 | Steps: 177,152 | Episodes:   173 | EpReward:   -44.96 | FPS:     20 | Actor Loss: 0.0008 | Critic Loss: 0.0038
2026-06-09 17:55:14,063 | INFO |   Env | HO: 66.67% | Cont: 96.38% | Task: 79.88% | Resolved: 99.97% | Delay: 2.833s | Energy: 3774.01J | LB: 0.105
2026-06-09 17:55:14,063 | INFO |   Reward | D: -3669.95 | E: -12.35 | Q: 2256.80 | H: 20.10 | LB: 0.13 | Enq: 0.00 | Pen: -1965.99
2026-06-09 17:56:15,757 | INFO | Update  174 | Steps: 178,176 | Episodes:   174 | EpReward:   -44.94 | FPS:     17 | Actor Loss: 0.0005 | Critic Loss: 0.0145
2026-06-09 17:56:15,757 | INFO |   Env | HO: 71.22% | Cont: 97.17% | Task: 78.33% | Resolved: 99.96% | Delay: 2.968s | Energy: 4205.81J | LB: 0.126
2026-06-09 17:56:15,757 | INFO |   Reward | D: -3807.65 | E: -12.52 | Q: 2002.00 | H: 17.52 | LB: 0.18 | Enq: 0.00 | Pen: -2439.16
2026-06-09 17:57:18,620 | INFO | Update  175 | Steps: 179,200 | Episodes:   175 | EpReward:   -44.76 | FPS:     16 | Actor Loss: 0.0005 | Critic Loss: 0.0035
2026-06-09 17:57:18,621 | INFO |   Env | HO: 71.66% | Cont: 96.39% | Task: 79.38% | Resolved: 99.92% | Delay: 2.874s | Energy: 3828.63J | LB: 0.132
2026-06-09 17:57:18,621 | INFO |   Reward | D: -3703.28 | E: -12.35 | Q: 2179.60 | H: 18.28 | LB: 0.13 | Enq: 0.00 | Pen: -2018.30
2026-06-09 17:58:14,290 | INFO | Update  176 | Steps: 180,224 | Episodes:   176 | EpReward:   -44.97 | FPS:     18 | Actor Loss: 0.0005 | Critic Loss: 0.0096
2026-06-09 17:58:14,290 | INFO |   Env | HO: 65.75% | Cont: 97.18% | Task: 78.52% | Resolved: 99.94% | Delay: 2.962s | Energy: 4232.09J | LB: 0.110
2026-06-09 17:58:14,290 | INFO |   Reward | D: -3833.97 | E: -12.81 | Q: 2048.40 | H: 16.95 | LB: 0.10 | Enq: 0.00 | Pen: -2432.90
2026-06-09 17:59:07,251 | INFO | Update  177 | Steps: 181,248 | Episodes:   177 | EpReward:   -44.98 | FPS:     19 | Actor Loss: 0.0006 | Critic Loss: 0.0066
2026-06-09 17:59:07,251 | INFO |   Env | HO: 70.44% | Cont: 97.76% | Task: 77.71% | Resolved: 99.97% | Delay: 3.023s | Energy: 4425.78J | LB: 0.146
2026-06-09 17:59:07,251 | INFO |   Reward | D: -3883.58 | E: -12.78 | Q: 1911.60 | H: 15.14 | LB: 0.06 | Enq: 0.00 | Pen: -2631.21
2026-06-09 17:59:48,579 | INFO | Update  178 | Steps: 182,272 | Episodes:   178 | EpReward:   -44.84 | FPS:     25 | Actor Loss: -0.0003 | Critic Loss: 0.0015
2026-06-09 17:59:48,579 | INFO |   Env | HO: 76.51% | Cont: 96.74% | Task: 81.91% | Resolved: 99.99% | Delay: 2.729s | Energy: 3569.91J | LB: 0.124
2026-06-09 17:59:48,579 | INFO |   Reward | D: -3619.71 | E: -12.81 | Q: 2628.80 | H: 18.70 | LB: 0.06 | Enq: 0.00 | Pen: -1622.80
2026-06-09 18:00:44,232 | INFO | Update  179 | Steps: 183,296 | Episodes:   179 | EpReward:   -44.79 | FPS:     18 | Actor Loss: 0.0008 | Critic Loss: 0.0041
2026-06-09 18:00:44,232 | INFO |   Env | HO: 73.52% | Cont: 96.57% | Task: 79.21% | Resolved: 99.98% | Delay: 2.899s | Energy: 3968.59J | LB: 0.119
2026-06-09 18:00:44,232 | INFO |   Reward | D: -3743.18 | E: -12.59 | Q: 2156.40 | H: 19.99 | LB: 0.14 | Enq: 0.00 | Pen: -2153.16
2026-06-09 18:01:47,933 | INFO | Update  180 | Steps: 184,320 | Episodes:   180 | EpReward:   -44.75 | FPS:     16 | Actor Loss: 0.0000 | Critic Loss: 0.0029
2026-06-09 18:01:47,934 | INFO |   Env | HO: 68.36% | Cont: 98.11% | Task: 80.23% | Resolved: 99.98% | Delay: 2.848s | Energy: 3954.11J | LB: 0.153
2026-06-09 18:01:47,934 | INFO |   Reward | D: -3765.46 | E: -12.64 | Q: 2330.80 | H: 13.69 | LB: 0.06 | Enq: 0.00 | Pen: -2087.64
2026-06-09 18:02:38,196 | INFO | Update  181 | Steps: 185,344 | Episodes:   181 | EpReward:   -44.59 | FPS:     20 | Actor Loss: 0.0005 | Critic Loss: 0.0023
2026-06-09 18:02:38,197 | INFO |   Env | HO: 73.93% | Cont: 97.57% | Task: 79.25% | Resolved: 99.97% | Delay: 2.886s | Energy: 4025.01J | LB: 0.122
2026-06-09 18:02:38,197 | INFO |   Reward | D: -3802.01 | E: -12.64 | Q: 2186.40 | H: 14.39 | LB: 0.01 | Enq: 0.00 | Pen: -2185.02
2026-06-09 18:03:32,266 | INFO | Update  182 | Steps: 186,368 | Episodes:   182 | EpReward:   -44.34 | FPS:     19 | Actor Loss: 0.0005 | Critic Loss: 0.0031
2026-06-09 18:03:32,266 | INFO |   Env | HO: 70.56% | Cont: 97.06% | Task: 80.35% | Resolved: 99.94% | Delay: 2.801s | Energy: 3716.00J | LB: 0.105
2026-06-09 18:03:32,267 | INFO |   Reward | D: -3677.55 | E: -12.41 | Q: 2334.00 | H: 16.47 | LB: 0.02 | Enq: 0.00 | Pen: -1902.04
2026-06-09 18:04:31,906 | INFO | Update  183 | Steps: 187,392 | Episodes:   183 | EpReward:   -44.22 | FPS:     17 | Actor Loss: 0.0001 | Critic Loss: 0.0015
2026-06-09 18:04:31,906 | INFO |   Env | HO: 69.86% | Cont: 97.85% | Task: 80.29% | Resolved: 99.97% | Delay: 2.881s | Energy: 4039.40J | LB: 0.131
2026-06-09 18:04:31,906 | INFO |   Reward | D: -3763.95 | E: -12.64 | Q: 2343.60 | H: 14.29 | LB: 0.01 | Enq: 0.00 | Pen: -2207.28
2026-06-09 18:05:21,780 | INFO | Update  184 | Steps: 188,416 | Episodes:   184 | EpReward:   -44.22 | FPS:     21 | Actor Loss: 0.0008 | Critic Loss: 0.0074
2026-06-09 18:05:21,781 | INFO |   Env | HO: 68.11% | Cont: 96.95% | Task: 78.25% | Resolved: 99.99% | Delay: 2.947s | Energy: 4048.16J | LB: 0.133
2026-06-09 18:05:21,781 | INFO |   Reward | D: -3779.58 | E: -12.28 | Q: 1983.60 | H: 17.70 | LB: 0.08 | Enq: 0.00 | Pen: -2381.98
2026-06-09 18:06:10,952 | INFO | Update  185 | Steps: 189,440 | Episodes:   185 | EpReward:   -44.19 | FPS:     21 | Actor Loss: 0.0010 | Critic Loss: 0.0026
2026-06-09 18:06:10,952 | INFO |   Env | HO: 72.34% | Cont: 97.68% | Task: 80.63% | Resolved: 99.98% | Delay: 2.824s | Energy: 3880.11J | LB: 0.134
2026-06-09 18:06:10,953 | INFO |   Reward | D: -3750.44 | E: -12.52 | Q: 2413.20 | H: 14.21 | LB: 0.07 | Enq: 0.00 | Pen: -2081.54
2026-06-09 18:07:04,830 | INFO | Update  186 | Steps: 190,464 | Episodes:   186 | EpReward:   -44.04 | FPS:     19 | Actor Loss: 0.0006 | Critic Loss: 0.0036
2026-06-09 18:07:04,830 | INFO |   Env | HO: 69.38% | Cont: 96.74% | Task: 79.07% | Resolved: 99.95% | Delay: 2.885s | Energy: 3939.03J | LB: 0.116
2026-06-09 18:07:04,830 | INFO |   Reward | D: -3760.31 | E: -12.53 | Q: 2140.80 | H: 17.18 | LB: 0.10 | Enq: 0.00 | Pen: -2172.79
2026-06-09 18:07:57,688 | INFO | Update  187 | Steps: 191,488 | Episodes:   187 | EpReward:   -44.09 | FPS:     19 | Actor Loss: 0.0002 | Critic Loss: 0.0021
2026-06-09 18:07:57,689 | INFO |   Env | HO: 73.92% | Cont: 97.61% | Task: 79.22% | Resolved: 99.92% | Delay: 2.865s | Energy: 3912.82J | LB: 0.128
2026-06-09 18:07:57,689 | INFO |   Reward | D: -3775.71 | E: -12.31 | Q: 2152.00 | H: 17.22 | LB: 0.07 | Enq: 0.00 | Pen: -2125.83
2026-06-09 18:08:22,928 | INFO | Update  188 | Steps: 192,512 | Episodes:   188 | EpReward:   -44.11 | FPS:     41 | Actor Loss: 0.0023 | Critic Loss: 0.0092
2026-06-09 18:08:22,928 | INFO |   Env | HO: 68.84% | Cont: 96.52% | Task: 78.12% | Resolved: 99.96% | Delay: 2.971s | Energy: 4176.39J | LB: 0.130
2026-06-09 18:08:22,928 | INFO |   Reward | D: -3829.54 | E: -12.39 | Q: 1980.00 | H: 22.39 | LB: 0.26 | Enq: 0.00 | Pen: -2500.01
2026-06-09 18:09:11,350 | INFO | Update  189 | Steps: 193,536 | Episodes:   189 | EpReward:   -43.95 | FPS:     21 | Actor Loss: 0.0012 | Critic Loss: 0.0032
2026-06-09 18:09:11,350 | INFO |   Env | HO: 67.63% | Cont: 97.12% | Task: 79.56% | Resolved: 99.96% | Delay: 2.922s | Energy: 4036.36J | LB: 0.135
2026-06-09 18:09:11,350 | INFO |   Reward | D: -3790.27 | E: -12.42 | Q: 2222.00 | H: 19.37 | LB: 0.06 | Enq: 0.00 | Pen: -2283.70
2026-06-09 18:09:56,475 | INFO | Update  190 | Steps: 194,560 | Episodes:   190 | EpReward:   -43.92 | FPS:     23 | Actor Loss: 0.0007 | Critic Loss: 0.0034
2026-06-09 18:09:56,475 | INFO |   Env | HO: 68.49% | Cont: 97.11% | Task: 80.41% | Resolved: 99.95% | Delay: 2.840s | Energy: 3820.88J | LB: 0.126
2026-06-09 18:09:56,475 | INFO |   Reward | D: -3702.89 | E: -12.31 | Q: 2350.00 | H: 20.71 | LB: 0.01 | Enq: 0.00 | Pen: -2046.77
2026-06-09 18:10:46,559 | INFO | Update  191 | Steps: 195,584 | Episodes:   191 | EpReward:   -43.89 | FPS:     20 | Actor Loss: 0.0008 | Critic Loss: 0.0039
2026-06-09 18:10:46,559 | INFO |   Env | HO: 66.11% | Cont: 97.14% | Task: 80.14% | Resolved: 99.98% | Delay: 2.845s | Energy: 3854.01J | LB: 0.110
2026-06-09 18:10:46,559 | INFO |   Reward | D: -3738.61 | E: -12.52 | Q: 2328.40 | H: 18.89 | LB: 0.12 | Enq: 0.00 | Pen: -2070.49
2026-06-09 18:11:34,526 | INFO | Update  192 | Steps: 196,608 | Episodes:   192 | EpReward:   -43.75 | FPS:     21 | Actor Loss: 0.0011 | Critic Loss: 0.0041
2026-06-09 18:11:34,526 | INFO |   Env | HO: 69.01% | Cont: 96.44% | Task: 79.95% | Resolved: 99.99% | Delay: 2.836s | Energy: 3742.36J | LB: 0.144
2026-06-09 18:11:34,526 | INFO |   Reward | D: -3702.12 | E: -12.30 | Q: 2290.40 | H: 19.80 | LB: 0.07 | Enq: 0.00 | Pen: -1955.28
2026-06-09 18:12:26,145 | INFO | Update  193 | Steps: 197,632 | Episodes:   193 | EpReward:   -43.44 | FPS:     20 | Actor Loss: 0.0009 | Critic Loss: 0.0002
2026-06-09 18:12:26,146 | INFO |   Env | HO: 70.43% | Cont: 96.74% | Task: 80.55% | Resolved: 99.99% | Delay: 2.787s | Energy: 3590.04J | LB: 0.142
2026-06-09 18:12:26,146 | INFO |   Reward | D: -3635.48 | E: -12.21 | Q: 2376.40 | H: 19.31 | LB: 0.07 | Enq: 0.00 | Pen: -1733.82
2026-06-09 18:13:17,416 | INFO | Update  194 | Steps: 198,656 | Episodes:   194 | EpReward:   -43.30 | FPS:     20 | Actor Loss: 0.0005 | Critic Loss: 0.0021
2026-06-09 18:13:17,416 | INFO |   Env | HO: 70.02% | Cont: 96.73% | Task: 81.06% | Resolved: 99.97% | Delay: 2.806s | Energy: 3704.43J | LB: 0.138
2026-06-09 18:13:17,416 | INFO |   Reward | D: -3655.44 | E: -12.58 | Q: 2471.60 | H: 18.50 | LB: 0.10 | Enq: 0.00 | Pen: -1783.10
2026-06-09 18:14:08,537 | INFO | Update  195 | Steps: 199,680 | Episodes:   195 | EpReward:   -43.04 | FPS:     20 | Actor Loss: 0.0009 | Critic Loss: 0.0049
2026-06-09 18:14:08,537 | INFO |   Env | HO: 68.83% | Cont: 96.33% | Task: 80.11% | Resolved: 99.91% | Delay: 2.811s | Energy: 3631.56J | LB: 0.146
2026-06-09 18:14:08,537 | INFO |   Reward | D: -3644.26 | E: -12.24 | Q: 2298.00 | H: 19.95 | LB: 0.07 | Enq: 0.00 | Pen: -1853.00
2026-06-09 18:14:49,468 | INFO | Update  196 | Steps: 200,704 | Episodes:   196 | EpReward:   -43.06 | FPS:     25 | Actor Loss: 0.0012 | Critic Loss: 0.0052
2026-06-09 18:14:49,468 | INFO |   Env | HO: 70.61% | Cont: 97.04% | Task: 78.30% | Resolved: 99.98% | Delay: 2.978s | Energy: 4257.76J | LB: 0.132
2026-06-09 18:14:49,468 | INFO |   Reward | D: -3876.07 | E: -12.61 | Q: 2017.60 | H: 22.61 | LB: 0.12 | Enq: 0.00 | Pen: -2514.70
2026-06-09 18:14:49,468 | INFO | ----------------------------------------
2026-06-09 18:14:49,468 | INFO | 开始评估...
2026-06-09 18:15:25,390 | INFO | 评估结果: 奖励 = -50.83 ± 2.93, 长度 = 600, 时延 = 2.945s, 能耗 = 7541.61J, 负载均衡 = 0.146
2026-06-09 18:15:25,394 | INFO | ----------------------------------------
2026-06-09 18:15:25,422 | INFO | 模型已保存: /home/pjpjq/LEO_switch/results/baseline_compare/multiuser_scaling_multiuser_6_7/u40/learned_baselines/attn_mappo/checkpoint_200704.pt
2026-06-09 18:16:15,448 | INFO | Update  197 | Steps: 201,728 | Episodes:   197 | EpReward:   -43.02 | FPS:     20 | Actor Loss: 0.0006 | Critic Loss: 0.0035
2026-06-09 18:16:15,448 | INFO |   Env | HO: 69.90% | Cont: 97.41% | Task: 78.77% | Resolved: 99.96% | Delay: 2.943s | Energy: 4093.36J | LB: 0.130
2026-06-09 18:16:15,448 | INFO |   Reward | D: -3767.84 | E: -12.22 | Q: 2050.80 | H: 20.88 | LB: 0.10 | Enq: 0.00 | Pen: -2443.92
2026-06-09 18:16:52,593 | INFO | Update  198 | Steps: 202,752 | Episodes:   198 | EpReward:   -43.01 | FPS:     28 | Actor Loss: 0.0015 | Critic Loss: 0.0019
2026-06-09 18:16:52,593 | INFO |   Env | HO: 67.14% | Cont: 97.16% | Task: 78.48% | Resolved: 99.96% | Delay: 2.967s | Energy: 4229.23J | LB: 0.132
2026-06-09 18:16:52,593 | INFO |   Reward | D: -3888.65 | E: -12.57 | Q: 2050.40 | H: 19.58 | LB: 0.06 | Enq: 0.00 | Pen: -2522.03
2026-06-09 18:17:56,560 | INFO | Update  199 | Steps: 203,776 | Episodes:   199 | EpReward:   -43.01 | FPS:     16 | Actor Loss: 0.0009 | Critic Loss: 0.0137
2026-06-09 18:17:56,561 | INFO |   Env | HO: 66.45% | Cont: 97.21% | Task: 77.43% | Resolved: 99.97% | Delay: 3.007s | Energy: 4346.72J | LB: 0.123
2026-06-09 18:17:56,561 | INFO |   Reward | D: -3888.84 | E: -12.48 | Q: 1862.40 | H: 18.04 | LB: 0.04 | Enq: 0.00 | Pen: -2629.61
2026-06-09 18:18:43,980 | INFO | Update  200 | Steps: 204,800 | Episodes:   200 | EpReward:   -42.97 | FPS:     22 | Actor Loss: 0.0006 | Critic Loss: 0.0138
2026-06-09 18:18:43,980 | INFO |   Env | HO: 67.92% | Cont: 96.67% | Task: 78.62% | Resolved: 99.92% | Delay: 2.953s | Energy: 4123.25J | LB: 0.136
2026-06-09 18:18:43,981 | INFO |   Reward | D: -3801.32 | E: -12.44 | Q: 2053.20 | H: 24.38 | LB: 0.10 | Enq: 0.00 | Pen: -2424.99
2026-06-09 18:19:25,614 | INFO | Update  201 | Steps: 205,824 | Episodes:   201 | EpReward:   -43.01 | FPS:     25 | Actor Loss: 0.0016 | Critic Loss: 0.0108
2026-06-09 18:19:25,615 | INFO |   Env | HO: 67.70% | Cont: 97.52% | Task: 78.25% | Resolved: 99.96% | Delay: 3.010s | Energy: 4333.10J | LB: 0.145
2026-06-09 18:19:25,615 | INFO |   Reward | D: -3897.68 | E: -12.41 | Q: 2005.20 | H: 19.40 | LB: 0.08 | Enq: 0.00 | Pen: -2604.90
2026-06-09 18:20:03,069 | INFO | Update  202 | Steps: 206,848 | Episodes:   202 | EpReward:   -42.92 | FPS:     27 | Actor Loss: 0.0013 | Critic Loss: 0.0126
2026-06-09 18:20:03,070 | INFO |   Env | HO: 66.25% | Cont: 96.28% | Task: 78.53% | Resolved: 99.97% | Delay: 2.952s | Energy: 4066.08J | LB: 0.131
2026-06-09 18:20:03,070 | INFO |   Reward | D: -3771.34 | E: -12.32 | Q: 2029.20 | H: 22.08 | LB: 0.09 | Enq: 0.00 | Pen: -2406.16
2026-06-09 18:21:02,236 | INFO | Update  203 | Steps: 207,872 | Episodes:   203 | EpReward:   -43.20 | FPS:     17 | Actor Loss: 0.0012 | Critic Loss: 0.0253
2026-06-09 18:21:02,236 | INFO |   Env | HO: 66.02% | Cont: 96.85% | Task: 78.07% | Resolved: 99.94% | Delay: 2.977s | Energy: 4224.75J | LB: 0.131
2026-06-09 18:21:02,236 | INFO |   Reward | D: -3842.11 | E: -12.52 | Q: 1968.00 | H: 20.00 | LB: 0.07 | Enq: 0.00 | Pen: -2533.13
2026-06-09 18:22:02,966 | INFO | Update  204 | Steps: 208,896 | Episodes:   204 | EpReward:   -43.30 | FPS:     17 | Actor Loss: 0.0014 | Critic Loss: 0.0363
2026-06-09 18:22:02,967 | INFO |   Env | HO: 68.69% | Cont: 96.99% | Task: 78.37% | Resolved: 99.99% | Delay: 2.930s | Energy: 4029.73J | LB: 0.118
2026-06-09 18:22:02,967 | INFO |   Reward | D: -3754.61 | E: -12.20 | Q: 1995.20 | H: 18.23 | LB: 0.08 | Enq: 0.00 | Pen: -2344.64
2026-06-09 18:23:02,077 | INFO | Update  205 | Steps: 209,920 | Episodes:   205 | EpReward:   -43.25 | FPS:     17 | Actor Loss: 0.0014 | Critic Loss: 0.0137
2026-06-09 18:23:02,077 | INFO |   Env | HO: 70.79% | Cont: 95.94% | Task: 80.77% | Resolved: 99.96% | Delay: 2.773s | Energy: 3547.91J | LB: 0.146
2026-06-09 18:23:02,077 | INFO |   Reward | D: -3610.23 | E: -12.36 | Q: 2413.60 | H: 24.55 | LB: 0.04 | Enq: 0.00 | Pen: -1725.51
2026-06-09 18:24:00,232 | INFO | Update  206 | Steps: 210,944 | Episodes:   206 | EpReward:   -43.42 | FPS:     18 | Actor Loss: 0.0018 | Critic Loss: 0.0202
2026-06-09 18:24:00,232 | INFO |   Env | HO: 70.16% | Cont: 97.39% | Task: 78.74% | Resolved: 99.98% | Delay: 2.939s | Energy: 4158.62J | LB: 0.130
2026-06-09 18:24:00,233 | INFO |   Reward | D: -3843.13 | E: -12.46 | Q: 2094.00 | H: 18.38 | LB: 0.05 | Enq: 0.00 | Pen: -2437.65
2026-06-09 18:24:57,406 | INFO | Update  207 | Steps: 211,968 | Episodes:   207 | EpReward:   -43.41 | FPS:     18 | Actor Loss: 0.0016 | Critic Loss: 0.0274
2026-06-09 18:24:57,406 | INFO |   Env | HO: 67.27% | Cont: 97.45% | Task: 78.87% | Resolved: 99.98% | Delay: 2.951s | Energy: 4157.62J | LB: 0.138
2026-06-09 18:24:57,407 | INFO |   Reward | D: -3803.82 | E: -12.48 | Q: 2092.00 | H: 15.30 | LB: 0.07 | Enq: 0.00 | Pen: -2433.16
2026-06-09 18:25:48,352 | INFO | Update  208 | Steps: 212,992 | Episodes:   208 | EpReward:   -43.30 | FPS:     20 | Actor Loss: 0.0017 | Critic Loss: 0.0063
2026-06-09 18:25:48,353 | INFO |   Env | HO: 67.42% | Cont: 96.42% | Task: 80.23% | Resolved: 99.89% | Delay: 2.854s | Energy: 3804.12J | LB: 0.152
2026-06-09 18:25:48,353 | INFO |   Reward | D: -3695.29 | E: -12.55 | Q: 2340.00 | H: 15.77 | LB: 0.11 | Enq: 0.00 | Pen: -1979.30
2026-06-09 18:26:41,175 | INFO | Update  209 | Steps: 214,016 | Episodes:   209 | EpReward:   -43.29 | FPS:     19 | Actor Loss: 0.0009 | Critic Loss: 0.0152
2026-06-09 18:26:41,180 | INFO |   Env | HO: 72.98% | Cont: 97.75% | Task: 78.40% | Resolved: 99.99% | Delay: 3.031s | Energy: 4393.02J | LB: 0.133
2026-06-09 18:26:41,180 | INFO |   Reward | D: -3865.14 | E: -12.68 | Q: 2017.60 | H: 15.59 | LB: 0.08 | Enq: 0.00 | Pen: -2585.31
2026-06-09 18:27:23,764 | INFO | Update  210 | Steps: 215,040 | Episodes:   210 | EpReward:   -43.58 | FPS:     24 | Actor Loss: 0.0011 | Critic Loss: 0.0110
2026-06-09 18:27:23,764 | INFO |   Env | HO: 68.17% | Cont: 96.59% | Task: 79.24% | Resolved: 99.95% | Delay: 2.879s | Energy: 3929.89J | LB: 0.129
2026-06-09 18:27:23,764 | INFO |   Reward | D: -3769.83 | E: -12.51 | Q: 2176.80 | H: 16.13 | LB: 0.04 | Enq: 0.00 | Pen: -2136.19
2026-06-09 18:28:17,049 | INFO | Update  211 | Steps: 216,064 | Episodes:   211 | EpReward:   -43.61 | FPS:     19 | Actor Loss: 0.0005 | Critic Loss: 0.0074
2026-06-09 18:28:17,049 | INFO |   Env | HO: 68.57% | Cont: 98.14% | Task: 78.92% | Resolved: 99.99% | Delay: 2.975s | Energy: 4262.86J | LB: 0.133
2026-06-09 18:28:17,049 | INFO |   Reward | D: -3824.92 | E: -12.58 | Q: 2091.20 | H: 14.30 | LB: 0.07 | Enq: 0.00 | Pen: -2486.08
2026-06-09 18:29:07,721 | INFO | Update  212 | Steps: 217,088 | Episodes:   212 | EpReward:   -43.51 | FPS:     20 | Actor Loss: 0.0010 | Critic Loss: 0.0039
2026-06-09 18:29:07,721 | INFO |   Env | HO: 69.94% | Cont: 97.45% | Task: 79.07% | Resolved: 99.97% | Delay: 2.924s | Energy: 4088.11J | LB: 0.123
2026-06-09 18:29:07,721 | INFO |   Reward | D: -3805.02 | E: -12.57 | Q: 2143.60 | H: 13.36 | LB: 0.05 | Enq: 0.00 | Pen: -2270.61
2026-06-09 18:30:00,384 | INFO | Update  213 | Steps: 218,112 | Episodes:   213 | EpReward:   -43.74 | FPS:     19 | Actor Loss: 0.0008 | Critic Loss: 0.0071
2026-06-09 18:30:00,384 | INFO |   Env | HO: 72.56% | Cont: 98.26% | Task: 80.04% | Resolved: 99.97% | Delay: 2.891s | Energy: 4054.84J | LB: 0.117
2026-06-09 18:30:00,384 | INFO |   Reward | D: -3778.53 | E: -12.72 | Q: 2296.40 | H: 14.20 | LB: 0.05 | Enq: 0.00 | Pen: -2173.08
2026-06-09 18:30:43,599 | INFO | Update  214 | Steps: 219,136 | Episodes:   214 | EpReward:   -43.68 | FPS:     24 | Actor Loss: 0.0010 | Critic Loss: 0.0008
2026-06-09 18:30:43,599 | INFO |   Env | HO: 67.59% | Cont: 97.02% | Task: 80.50% | Resolved: 99.98% | Delay: 2.803s | Energy: 3742.30J | LB: 0.132
2026-06-09 18:30:43,599 | INFO |   Reward | D: -3694.47 | E: -12.49 | Q: 2388.40 | H: 15.91 | LB: 0.01 | Enq: 0.00 | Pen: -1884.64
2026-06-09 18:31:39,101 | INFO | Update  215 | Steps: 220,160 | Episodes:   215 | EpReward:   -43.79 | FPS:     18 | Actor Loss: 0.0015 | Critic Loss: 0.0080
2026-06-09 18:31:39,101 | INFO |   Env | HO: 74.22% | Cont: 98.19% | Task: 78.37% | Resolved: 99.95% | Delay: 2.969s | Energy: 4271.63J | LB: 0.118
2026-06-09 18:31:39,101 | INFO |   Reward | D: -3875.23 | E: -12.46 | Q: 2021.20 | H: 11.40 | LB: 0.04 | Enq: 0.00 | Pen: -2504.78
2026-06-09 18:32:26,490 | INFO | Update  216 | Steps: 221,184 | Episodes:   216 | EpReward:   -43.81 | FPS:     22 | Actor Loss: 0.0012 | Critic Loss: 0.0158
2026-06-09 18:32:26,490 | INFO |   Env | HO: 64.66% | Cont: 97.63% | Task: 78.15% | Resolved: 99.99% | Delay: 2.954s | Energy: 4229.52J | LB: 0.120
2026-06-09 18:32:26,490 | INFO |   Reward | D: -3835.36 | E: -12.61 | Q: 1978.00 | H: 13.45 | LB: 0.03 | Enq: 0.00 | Pen: -2551.31
2026-06-09 18:33:03,847 | INFO | Update  217 | Steps: 222,208 | Episodes:   217 | EpReward:   -43.73 | FPS:     27 | Actor Loss: 0.0011 | Critic Loss: 0.0092
2026-06-09 18:33:03,847 | INFO |   Env | HO: 67.45% | Cont: 96.81% | Task: 78.05% | Resolved: 99.97% | Delay: 2.955s | Energy: 4104.61J | LB: 0.112
2026-06-09 18:33:03,848 | INFO |   Reward | D: -3802.28 | E: -12.39 | Q: 1962.80 | H: 15.23 | LB: 0.10 | Enq: 0.00 | Pen: -2352.13
2026-06-09 18:34:06,509 | INFO | Update  218 | Steps: 223,232 | Episodes:   218 | EpReward:   -43.90 | FPS:     16 | Actor Loss: 0.0011 | Critic Loss: 0.0044
2026-06-09 18:34:06,509 | INFO |   Env | HO: 70.97% | Cont: 97.70% | Task: 79.47% | Resolved: 99.99% | Delay: 2.892s | Energy: 3959.78J | LB: 0.122
2026-06-09 18:34:06,509 | INFO |   Reward | D: -3761.29 | E: -12.24 | Q: 2195.20 | H: 13.06 | LB: 0.07 | Enq: 0.00 | Pen: -2207.38
2026-06-09 18:34:45,075 | INFO | Update  219 | Steps: 224,256 | Episodes:   219 | EpReward:   -43.93 | FPS:     27 | Actor Loss: 0.0013 | Critic Loss: 0.0035
2026-06-09 18:34:45,076 | INFO |   Env | HO: 68.35% | Cont: 97.29% | Task: 80.05% | Resolved: 99.97% | Delay: 2.880s | Energy: 3893.80J | LB: 0.103
2026-06-09 18:34:45,076 | INFO |   Reward | D: -3685.83 | E: -12.39 | Q: 2262.00 | H: 16.06 | LB: 0.00 | Enq: 0.00 | Pen: -2090.54
2026-06-09 18:35:44,254 | INFO | Update  220 | Steps: 225,280 | Episodes:   220 | EpReward:   -44.11 | FPS:     17 | Actor Loss: 0.0005 | Critic Loss: 0.0155
2026-06-09 18:35:44,254 | INFO |   Env | HO: 69.32% | Cont: 97.71% | Task: 78.51% | Resolved: 99.99% | Delay: 2.995s | Energy: 4277.46J | LB: 0.120
2026-06-09 18:35:44,254 | INFO |   Reward | D: -3843.39 | E: -12.35 | Q: 2024.00 | H: 15.10 | LB: 0.13 | Enq: 0.00 | Pen: -2555.32
2026-06-09 18:36:31,989 | INFO | Update  221 | Steps: 226,304 | Episodes:   221 | EpReward:   -44.13 | FPS:     21 | Actor Loss: 0.0009 | Critic Loss: 0.0124
2026-06-09 18:36:31,989 | INFO |   Env | HO: 67.99% | Cont: 98.25% | Task: 78.63% | Resolved: 99.98% | Delay: 2.972s | Energy: 4260.57J | LB: 0.117
2026-06-09 18:36:31,989 | INFO |   Reward | D: -3879.76 | E: -12.49 | Q: 2058.40 | H: 13.27 | LB: 0.08 | Enq: 0.00 | Pen: -2510.74
2026-06-09 18:37:23,292 | INFO | Update  222 | Steps: 227,328 | Episodes:   222 | EpReward:   -44.08 | FPS:     20 | Actor Loss: 0.0008 | Critic Loss: 0.0013
2026-06-09 18:37:23,293 | INFO |   Env | HO: 72.28% | Cont: 97.35% | Task: 81.20% | Resolved: 99.97% | Delay: 2.783s | Energy: 3702.70J | LB: 0.157
2026-06-09 18:37:23,293 | INFO |   Reward | D: -3666.15 | E: -12.50 | Q: 2493.60 | H: 16.47 | LB: 0.05 | Enq: 0.00 | Pen: -1803.88
2026-06-09 18:38:00,918 | INFO | Update  223 | Steps: 228,352 | Episodes:   223 | EpReward:   -44.10 | FPS:     27 | Actor Loss: 0.0011 | Critic Loss: 0.0164
2026-06-09 18:38:00,918 | INFO |   Env | HO: 72.75% | Cont: 97.82% | Task: 78.30% | Resolved: 99.98% | Delay: 2.979s | Energy: 4297.74J | LB: 0.118
2026-06-09 18:38:00,919 | INFO |   Reward | D: -3861.44 | E: -12.63 | Q: 2005.60 | H: 15.39 | LB: 0.06 | Enq: 0.00 | Pen: -2555.89
2026-06-09 18:38:47,435 | INFO | Update  224 | Steps: 229,376 | Episodes:   224 | EpReward:   -44.12 | FPS:     22 | Actor Loss: 0.0013 | Critic Loss: 0.0169
2026-06-09 18:38:47,435 | INFO |   Env | HO: 72.59% | Cont: 97.75% | Task: 78.31% | Resolved: 99.99% | Delay: 2.971s | Energy: 4286.25J | LB: 0.143
2026-06-09 18:38:47,435 | INFO |   Reward | D: -3890.03 | E: -12.54 | Q: 2026.40 | H: 14.86 | LB: 0.06 | Enq: 0.00 | Pen: -2517.61
2026-06-09 18:39:41,189 | INFO | Update  225 | Steps: 230,400 | Episodes:   225 | EpReward:   -44.21 | FPS:     19 | Actor Loss: 0.0004 | Critic Loss: 0.0063
2026-06-09 18:39:41,190 | INFO |   Env | HO: 73.06% | Cont: 97.81% | Task: 77.91% | Resolved: 99.99% | Delay: 2.996s | Energy: 4273.38J | LB: 0.117
2026-06-09 18:39:41,190 | INFO |   Reward | D: -3823.57 | E: -12.52 | Q: 1922.00 | H: 12.98 | LB: 0.04 | Enq: 0.00 | Pen: -2569.73
2026-06-09 18:40:24,352 | INFO | Update  226 | Steps: 231,424 | Episodes:   226 | EpReward:   -43.97 | FPS:     24 | Actor Loss: 0.0013 | Critic Loss: 0.0034
2026-06-09 18:40:24,352 | INFO |   Env | HO: 70.10% | Cont: 97.71% | Task: 80.68% | Resolved: 99.97% | Delay: 2.821s | Energy: 3849.01J | LB: 0.148
2026-06-09 18:40:24,352 | INFO |   Reward | D: -3756.68 | E: -12.57 | Q: 2422.00 | H: 16.29 | LB: 0.06 | Enq: 0.00 | Pen: -1927.83
2026-06-09 18:41:19,070 | INFO | Update  227 | Steps: 232,448 | Episodes:   227 | EpReward:   -43.96 | FPS:     19 | Actor Loss: 0.0010 | Critic Loss: 0.0029
2026-06-09 18:41:19,071 | INFO |   Env | HO: 71.83% | Cont: 98.32% | Task: 79.10% | Resolved: 99.90% | Delay: 2.949s | Energy: 4230.67J | LB: 0.126
2026-06-09 18:41:19,071 | INFO |   Reward | D: -3865.23 | E: -12.54 | Q: 2144.80 | H: 15.26 | LB: 0.03 | Enq: 0.00 | Pen: -2457.28
2026-06-09 18:42:14,489 | INFO | Update  228 | Steps: 233,472 | Episodes:   228 | EpReward:   -44.00 | FPS:     18 | Actor Loss: 0.0010 | Critic Loss: 0.0050
2026-06-09 18:42:14,489 | INFO |   Env | HO: 67.21% | Cont: 98.15% | Task: 78.91% | Resolved: 99.99% | Delay: 2.962s | Energy: 4249.16J | LB: 0.131
2026-06-09 18:42:14,489 | INFO |   Reward | D: -3858.82 | E: -12.49 | Q: 2106.40 | H: 14.79 | LB: 0.04 | Enq: 0.00 | Pen: -2496.65
2026-06-09 18:43:18,602 | INFO | Update  229 | Steps: 234,496 | Episodes:   229 | EpReward:   -43.97 | FPS:     16 | Actor Loss: 0.0005 | Critic Loss: 0.0066
2026-06-09 18:43:18,603 | INFO |   Env | HO: 68.59% | Cont: 97.83% | Task: 78.29% | Resolved: 99.99% | Delay: 2.975s | Energy: 4259.32J | LB: 0.125
2026-06-09 18:43:18,603 | INFO |   Reward | D: -3825.90 | E: -12.60 | Q: 1989.20 | H: 14.15 | LB: 0.07 | Enq: 0.00 | Pen: -2537.46
2026-06-09 18:44:07,004 | INFO | Update  230 | Steps: 235,520 | Episodes:   230 | EpReward:   -43.99 | FPS:     21 | Actor Loss: 0.0004 | Critic Loss: 0.0034
2026-06-09 18:44:07,005 | INFO |   Env | HO: 69.01% | Cont: 97.55% | Task: 80.06% | Resolved: 99.99% | Delay: 2.881s | Energy: 3990.69J | LB: 0.141
2026-06-09 18:44:07,005 | INFO |   Reward | D: -3785.90 | E: -12.65 | Q: 2322.80 | H: 13.96 | LB: 0.05 | Enq: 0.00 | Pen: -2139.17
2026-06-09 18:44:36,603 | INFO | Update  231 | Steps: 236,544 | Episodes:   231 | EpReward:   -44.04 | FPS:     35 | Actor Loss: 0.0025 | Critic Loss: 0.0134
2026-06-09 18:44:36,604 | INFO |   Env | HO: 71.20% | Cont: 97.09% | Task: 77.57% | Resolved: 99.97% | Delay: 2.984s | Energy: 4219.20J | LB: 0.123
2026-06-09 18:44:36,604 | INFO |   Reward | D: -3832.32 | E: -12.41 | Q: 1879.20 | H: 16.03 | LB: 0.09 | Enq: 0.00 | Pen: -2535.15
2026-06-09 18:45:33,158 | INFO | Update  232 | Steps: 237,568 | Episodes:   232 | EpReward:   -44.17 | FPS:     18 | Actor Loss: 0.0015 | Critic Loss: 0.0042
2026-06-09 18:45:33,158 | INFO |   Env | HO: 69.94% | Cont: 97.88% | Task: 79.06% | Resolved: 99.98% | Delay: 2.940s | Energy: 4106.03J | LB: 0.132
2026-06-09 18:45:33,158 | INFO |   Reward | D: -3769.07 | E: -12.45 | Q: 2105.60 | H: 13.55 | LB: 0.05 | Enq: 0.00 | Pen: -2331.41
2026-06-09 18:46:26,793 | INFO | Update  233 | Steps: 238,592 | Episodes:   233 | EpReward:   -44.41 | FPS:     19 | Actor Loss: 0.0008 | Critic Loss: 0.0068
2026-06-09 18:46:26,794 | INFO |   Env | HO: 68.57% | Cont: 98.15% | Task: 78.98% | Resolved: 99.99% | Delay: 2.932s | Energy: 4164.87J | LB: 0.117
2026-06-09 18:46:26,794 | INFO |   Reward | D: -3840.61 | E: -12.51 | Q: 2118.40 | H: 11.50 | LB: 0.02 | Enq: 0.00 | Pen: -2426.15
2026-06-09 18:47:12,486 | INFO | Update  234 | Steps: 239,616 | Episodes:   234 | EpReward:   -44.40 | FPS:     22 | Actor Loss: 0.0010 | Critic Loss: 0.0278
2026-06-09 18:47:12,487 | INFO |   Env | HO: 73.52% | Cont: 97.64% | Task: 78.91% | Resolved: 99.96% | Delay: 2.949s | Energy: 4129.09J | LB: 0.129
2026-06-09 18:47:12,487 | INFO |   Reward | D: -3774.56 | E: -12.36 | Q: 2079.20 | H: 13.93 | LB: 0.01 | Enq: 0.00 | Pen: -2390.10
2026-06-09 18:48:03,131 | INFO | Update  235 | Steps: 240,640 | Episodes:   235 | EpReward:   -44.44 | FPS:     20 | Actor Loss: 0.0009 | Critic Loss: 0.0286
2026-06-09 18:48:03,131 | INFO |   Env | HO: 68.17% | Cont: 97.21% | Task: 78.16% | Resolved: 99.91% | Delay: 2.960s | Energy: 4261.03J | LB: 0.111
2026-06-09 18:48:03,131 | INFO |   Reward | D: -3859.74 | E: -12.67 | Q: 1990.80 | H: 17.85 | LB: 0.02 | Enq: 0.00 | Pen: -2525.42
2026-06-09 18:48:48,882 | INFO | Update  236 | Steps: 241,664 | Episodes:   236 | EpReward:   -44.50 | FPS:     22 | Actor Loss: 0.0013 | Critic Loss: 0.0213
2026-06-09 18:48:48,883 | INFO |   Env | HO: 67.95% | Cont: 97.06% | Task: 77.59% | Resolved: 99.99% | Delay: 3.008s | Energy: 4319.59J | LB: 0.121
2026-06-09 18:48:48,883 | INFO |   Reward | D: -3847.82 | E: -12.47 | Q: 1876.00 | H: 18.83 | LB: 0.09 | Enq: 0.00 | Pen: -2574.87
2026-06-09 18:49:41,561 | INFO | Update  237 | Steps: 242,688 | Episodes:   237 | EpReward:   -44.50 | FPS:     19 | Actor Loss: 0.0011 | Critic Loss: 0.0040
2026-06-09 18:49:41,561 | INFO |   Env | HO: 67.09% | Cont: 94.76% | Task: 77.83% | Resolved: 99.94% | Delay: 2.874s | Energy: 3770.95J | LB: 0.109
2026-06-09 18:49:41,562 | INFO |   Reward | D: -3664.02 | E: -12.20 | Q: 1933.20 | H: 18.67 | LB: 0.01 | Enq: 0.00 | Pen: -2102.93
2026-06-09 18:50:39,358 | INFO | Update  238 | Steps: 243,712 | Episodes:   238 | EpReward:   -44.70 | FPS:     18 | Actor Loss: 0.0011 | Critic Loss: 0.0189
2026-06-09 18:50:39,358 | INFO |   Env | HO: 68.20% | Cont: 97.43% | Task: 78.38% | Resolved: 99.95% | Delay: 2.996s | Energy: 4283.99J | LB: 0.139
2026-06-09 18:50:39,358 | INFO |   Reward | D: -3827.54 | E: -12.71 | Q: 2004.00 | H: 17.54 | LB: 0.08 | Enq: 0.00 | Pen: -2462.76
2026-06-09 18:51:40,101 | INFO | Update  239 | Steps: 244,736 | Episodes:   239 | EpReward:   -44.81 | FPS:     17 | Actor Loss: 0.0003 | Critic Loss: 0.0081
2026-06-09 18:51:40,101 | INFO |   Env | HO: 65.99% | Cont: 96.90% | Task: 79.08% | Resolved: 99.94% | Delay: 2.902s | Energy: 3976.90J | LB: 0.132
2026-06-09 18:51:40,101 | INFO |   Reward | D: -3767.21 | E: -12.38 | Q: 2132.00 | H: 19.13 | LB: 0.08 | Enq: 0.00 | Pen: -2201.37
2026-06-09 18:52:19,727 | INFO | Update  240 | Steps: 245,760 | Episodes:   240 | EpReward:   -44.79 | FPS:     26 | Actor Loss: 0.0015 | Critic Loss: 0.0322
2026-06-09 18:52:19,728 | INFO |   Env | HO: 68.97% | Cont: 97.38% | Task: 79.00% | Resolved: 99.98% | Delay: 2.957s | Energy: 4181.38J | LB: 0.123
2026-06-09 18:52:19,728 | INFO |   Reward | D: -3799.21 | E: -12.55 | Q: 2112.00 | H: 18.20 | LB: 0.02 | Enq: 0.00 | Pen: -2431.75
2026-06-09 18:53:21,994 | INFO | Update  241 | Steps: 246,784 | Episodes:   241 | EpReward:   -44.73 | FPS:     16 | Actor Loss: 0.0005 | Critic Loss: 0.0049
2026-06-09 18:53:21,994 | INFO |   Env | HO: 71.12% | Cont: 96.72% | Task: 80.16% | Resolved: 99.94% | Delay: 2.833s | Energy: 3847.86J | LB: 0.129
2026-06-09 18:53:21,995 | INFO |   Reward | D: -3694.84 | E: -12.72 | Q: 2339.20 | H: 15.30 | LB: 0.07 | Enq: 0.00 | Pen: -1957.98
2026-06-09 18:54:25,586 | INFO | Update  242 | Steps: 247,808 | Episodes:   242 | EpReward:   -44.64 | FPS:     16 | Actor Loss: 0.0009 | Critic Loss: 0.0059
2026-06-09 18:54:25,586 | INFO |   Env | HO: 71.32% | Cont: 97.66% | Task: 79.78% | Resolved: 99.98% | Delay: 2.883s | Energy: 3954.14J | LB: 0.135
2026-06-09 18:54:25,587 | INFO |   Reward | D: -3733.26 | E: -12.21 | Q: 2236.40 | H: 16.24 | LB: 0.05 | Enq: 0.00 | Pen: -2186.83
2026-06-09 18:54:55,144 | INFO | Update  243 | Steps: 248,832 | Episodes:   243 | EpReward:   -44.68 | FPS:     35 | Actor Loss: 0.0031 | Critic Loss: 0.0176
2026-06-09 18:54:55,144 | INFO |   Env | HO: 70.78% | Cont: 97.83% | Task: 79.20% | Resolved: 99.99% | Delay: 2.970s | Energy: 4310.96J | LB: 0.132
2026-06-09 18:54:55,145 | INFO |   Reward | D: -3869.01 | E: -12.76 | Q: 2180.40 | H: 15.69 | LB: 0.06 | Enq: 0.00 | Pen: -2487.82
2026-06-09 18:55:55,971 | INFO | Update  244 | Steps: 249,856 | Episodes:   244 | EpReward:   -44.65 | FPS:     17 | Actor Loss: 0.0011 | Critic Loss: 0.0036
2026-06-09 18:55:55,972 | INFO |   Env | HO: 70.94% | Cont: 97.41% | Task: 79.17% | Resolved: 99.99% | Delay: 2.895s | Energy: 4042.34J | LB: 0.124
2026-06-09 18:55:55,972 | INFO |   Reward | D: -3809.49 | E: -12.63 | Q: 2163.20 | H: 17.10 | LB: 0.11 | Enq: 0.00 | Pen: -2255.09
2026-06-09 18:56:55,518 | INFO | Update  245 | Steps: 250,880 | Episodes:   245 | EpReward:   -44.66 | FPS:     17 | Actor Loss: 0.0005 | Critic Loss: 0.0164
2026-06-09 18:56:55,518 | INFO |   Env | HO: 69.62% | Cont: 97.68% | Task: 78.29% | Resolved: 99.96% | Delay: 2.993s | Energy: 4305.59J | LB: 0.125
2026-06-09 18:56:55,518 | INFO |   Reward | D: -3830.71 | E: -12.51 | Q: 1989.60 | H: 16.26 | LB: 0.15 | Enq: 0.00 | Pen: -2551.58
2026-06-09 18:56:55,518 | INFO | ----------------------------------------
2026-06-09 18:56:55,518 | INFO | 开始评估...
2026-06-09 18:57:44,142 | INFO | 评估结果: 奖励 = -35.34 ± 9.74, 长度 = 600, 时延 = 2.806s, 能耗 = 6679.22J, 负载均衡 = 0.126
2026-06-09 18:57:44,143 | INFO | ----------------------------------------
2026-06-09 18:58:35,334 | INFO | Update  246 | Steps: 251,904 | Episodes:   246 | EpReward:   -44.45 | FPS:     20 | Actor Loss: -0.0005 | Critic Loss: 0.0026
2026-06-09 18:58:35,335 | INFO |   Env | HO: 66.85% | Cont: 97.27% | Task: 79.70% | Resolved: 99.98% | Delay: 2.864s | Energy: 3925.24J | LB: 0.123
2026-06-09 18:58:35,335 | INFO |   Reward | D: -3738.07 | E: -12.51 | Q: 2247.20 | H: 14.21 | LB: 0.06 | Enq: 0.00 | Pen: -2141.88
2026-06-09 18:59:17,049 | INFO | Update  247 | Steps: 252,928 | Episodes:   247 | EpReward:   -44.21 | FPS:     25 | Actor Loss: 0.0012 | Critic Loss: 0.0014
2026-06-09 18:59:17,050 | INFO |   Env | HO: 70.85% | Cont: 96.90% | Task: 80.05% | Resolved: 99.97% | Delay: 2.823s | Energy: 3753.93J | LB: 0.135
2026-06-09 18:59:17,050 | INFO |   Reward | D: -3657.07 | E: -12.42 | Q: 2271.60 | H: 19.56 | LB: 0.06 | Enq: 0.00 | Pen: -1936.53
2026-06-09 19:00:13,735 | INFO | Update  248 | Steps: 253,952 | Episodes:   248 | EpReward:   -44.22 | FPS:     18 | Actor Loss: 0.0007 | Critic Loss: 0.0055
2026-06-09 19:00:13,735 | INFO |   Env | HO: 63.26% | Cont: 96.09% | Task: 78.81% | Resolved: 99.93% | Delay: 2.881s | Energy: 3820.17J | LB: 0.155
2026-06-09 19:00:13,735 | INFO |   Reward | D: -3677.24 | E: -12.24 | Q: 2067.20 | H: 17.07 | LB: 0.01 | Enq: 0.00 | Pen: -2106.59
2026-06-09 19:00:55,661 | INFO | Update  249 | Steps: 254,976 | Episodes:   249 | EpReward:   -44.51 | FPS:     24 | Actor Loss: 0.0008 | Critic Loss: 0.0134
2026-06-09 19:00:55,661 | INFO |   Env | HO: 71.83% | Cont: 97.65% | Task: 77.82% | Resolved: 100.00% | Delay: 2.999s | Energy: 4361.54J | LB: 0.106
2026-06-09 19:00:55,661 | INFO |   Reward | D: -3941.55 | E: -12.65 | Q: 1946.00 | H: 18.12 | LB: 0.15 | Enq: 0.00 | Pen: -2669.01
2026-06-09 19:01:43,317 | INFO | Update  250 | Steps: 256,000 | Episodes:   250 | EpReward:   -44.19 | FPS:     21 | Actor Loss: 0.0001 | Critic Loss: 0.0041
2026-06-09 19:01:43,318 | INFO |   Env | HO: 71.52% | Cont: 96.88% | Task: 80.65% | Resolved: 99.94% | Delay: 2.791s | Energy: 3712.71J | LB: 0.134
2026-06-09 19:01:43,318 | INFO |   Reward | D: -3695.43 | E: -12.40 | Q: 2407.60 | H: 20.84 | LB: 0.14 | Enq: 0.00 | Pen: -1910.68
2026-06-09 19:02:27,083 | INFO | Update  251 | Steps: 257,024 | Episodes:   251 | EpReward:   -44.13 | FPS:     23 | Actor Loss: 0.0003 | Critic Loss: 0.0127
2026-06-09 19:02:27,083 | INFO |   Env | HO: 65.29% | Cont: 97.37% | Task: 78.35% | Resolved: 99.96% | Delay: 2.973s | Energy: 4217.92J | LB: 0.121
2026-06-09 19:02:27,083 | INFO |   Reward | D: -3852.74 | E: -12.45 | Q: 2014.00 | H: 15.88 | LB: 0.00 | Enq: 0.00 | Pen: -2549.23
2026-06-09 19:03:18,190 | INFO | Update  252 | Steps: 258,048 | Episodes:   252 | EpReward:   -43.94 | FPS:     20 | Actor Loss: 0.0000 | Critic Loss: 0.0033
2026-06-09 19:03:18,190 | INFO |   Env | HO: 70.22% | Cont: 96.85% | Task: 79.60% | Resolved: 99.98% | Delay: 2.890s | Energy: 3981.51J | LB: 0.132
2026-06-09 19:03:18,190 | INFO |   Reward | D: -3779.97 | E: -12.56 | Q: 2244.40 | H: 21.08 | LB: 0.06 | Enq: 0.00 | Pen: -2159.37
2026-06-09 19:04:02,737 | INFO | Update  253 | Steps: 259,072 | Episodes:   253 | EpReward:   -43.67 | FPS:     23 | Actor Loss: 0.0002 | Critic Loss: 0.0050
2026-06-09 19:04:02,737 | INFO |   Env | HO: 69.58% | Cont: 96.23% | Task: 79.34% | Resolved: 99.92% | Delay: 2.848s | Energy: 3852.20J | LB: 0.129
2026-06-09 19:04:02,737 | INFO |   Reward | D: -3723.36 | E: -12.57 | Q: 2189.60 | H: 22.57 | LB: 0.10 | Enq: 0.00 | Pen: -2064.10
2026-06-09 19:04:49,781 | INFO | Update  254 | Steps: 260,096 | Episodes:   254 | EpReward:   -43.71 | FPS:     22 | Actor Loss: 0.0009 | Critic Loss: 0.0030
2026-06-09 19:04:49,782 | INFO |   Env | HO: 72.65% | Cont: 97.24% | Task: 79.29% | Resolved: 99.96% | Delay: 2.880s | Energy: 3954.02J | LB: 0.113
2026-06-09 19:04:49,782 | INFO |   Reward | D: -3776.76 | E: -12.24 | Q: 2166.00 | H: 21.09 | LB: 0.08 | Enq: 0.00 | Pen: -2201.81
2026-06-09 19:05:40,044 | INFO | Update  255 | Steps: 261,120 | Episodes:   255 | EpReward:   -43.73 | FPS:     20 | Actor Loss: 0.0006 | Critic Loss: 0.0248
2026-06-09 19:05:40,044 | INFO |   Env | HO: 66.87% | Cont: 97.12% | Task: 78.32% | Resolved: 100.00% | Delay: 2.943s | Energy: 4133.17J | LB: 0.125
2026-06-09 19:05:40,044 | INFO |   Reward | D: -3827.58 | E: -12.40 | Q: 2010.00 | H: 19.95 | LB: 0.09 | Enq: 0.00 | Pen: -2447.14
2026-06-09 19:06:33,930 | INFO | Update  256 | Steps: 262,144 | Episodes:   256 | EpReward:   -43.63 | FPS:     19 | Actor Loss: 0.0010 | Critic Loss: 0.0155
2026-06-09 19:06:33,930 | INFO |   Env | HO: 70.95% | Cont: 97.52% | Task: 78.52% | Resolved: 99.92% | Delay: 2.959s | Energy: 4204.29J | LB: 0.119
2026-06-09 19:06:33,931 | INFO |   Reward | D: -3833.07 | E: -12.38 | Q: 2044.80 | H: 18.81 | LB: 0.02 | Enq: 0.00 | Pen: -2466.03
2026-06-09 19:07:36,803 | INFO | Update  257 | Steps: 263,168 | Episodes:   257 | EpReward:   -43.41 | FPS:     16 | Actor Loss: 0.0002 | Critic Loss: 0.0051
2026-06-09 19:07:36,803 | INFO |   Env | HO: 71.49% | Cont: 96.94% | Task: 81.50% | Resolved: 99.98% | Delay: 2.748s | Energy: 3583.07J | LB: 0.127
2026-06-09 19:07:36,803 | INFO |   Reward | D: -3666.97 | E: -12.32 | Q: 2564.00 | H: 18.64 | LB: 0.03 | Enq: 0.00 | Pen: -1720.93
2026-06-09 19:08:30,293 | INFO | Update  258 | Steps: 264,192 | Episodes:   258 | EpReward:   -43.49 | FPS:     19 | Actor Loss: 0.0006 | Critic Loss: 0.0158
2026-06-09 19:08:30,294 | INFO |   Env | HO: 68.60% | Cont: 97.04% | Task: 78.73% | Resolved: 99.99% | Delay: 2.941s | Energy: 4103.51J | LB: 0.122
2026-06-09 19:08:30,294 | INFO |   Reward | D: -3791.79 | E: -12.38 | Q: 2075.60 | H: 21.14 | LB: 0.09 | Enq: 0.00 | Pen: -2379.14
2026-06-09 19:09:18,867 | INFO | Update  259 | Steps: 265,216 | Episodes:   259 | EpReward:   -43.42 | FPS:     21 | Actor Loss: 0.0005 | Critic Loss: 0.0091
2026-06-09 19:09:18,867 | INFO |   Env | HO: 66.50% | Cont: 97.58% | Task: 80.10% | Resolved: 99.96% | Delay: 2.897s | Energy: 3992.70J | LB: 0.140
2026-06-09 19:09:18,867 | INFO |   Reward | D: -3750.30 | E: -12.45 | Q: 2292.40 | H: 16.16 | LB: 0.07 | Enq: 0.00 | Pen: -2207.04
2026-06-09 19:09:47,391 | INFO | Update  260 | Steps: 266,240 | Episodes:   260 | EpReward:   -43.65 | FPS:     36 | Actor Loss: 0.0019 | Critic Loss: 0.0234
2026-06-09 19:09:47,391 | INFO |   Env | HO: 64.19% | Cont: 97.73% | Task: 77.73% | Resolved: 99.97% | Delay: 3.019s | Energy: 4390.40J | LB: 0.155
2026-06-09 19:09:47,391 | INFO |   Reward | D: -3911.34 | E: -12.42 | Q: 1924.80 | H: 14.93 | LB: 0.11 | Enq: 0.00 | Pen: -2643.81
2026-06-09 19:10:28,085 | INFO | Update  261 | Steps: 267,264 | Episodes:   261 | EpReward:   -43.63 | FPS:     25 | Actor Loss: 0.0005 | Critic Loss: 0.0086
2026-06-09 19:10:28,085 | INFO |   Env | HO: 71.69% | Cont: 97.43% | Task: 79.35% | Resolved: 99.97% | Delay: 2.902s | Energy: 4097.82J | LB: 0.126
2026-06-09 19:10:28,085 | INFO |   Reward | D: -3841.80 | E: -12.59 | Q: 2220.40 | H: 16.01 | LB: 0.02 | Enq: 0.00 | Pen: -2299.52
2026-06-09 19:11:23,130 | INFO | Update  262 | Steps: 268,288 | Episodes:   262 | EpReward:   -43.38 | FPS:     19 | Actor Loss: 0.0004 | Critic Loss: 0.0016
2026-06-09 19:11:23,130 | INFO |   Env | HO: 67.41% | Cont: 97.08% | Task: 80.58% | Resolved: 99.99% | Delay: 2.804s | Energy: 3722.33J | LB: 0.130
2026-06-09 19:11:23,130 | INFO |   Reward | D: -3673.50 | E: -12.41 | Q: 2381.20 | H: 16.02 | LB: 0.00 | Enq: 0.00 | Pen: -1862.81
2026-06-09 19:12:25,181 | INFO | Update  263 | Steps: 269,312 | Episodes:   263 | EpReward:   -43.53 | FPS:     17 | Actor Loss: 0.0006 | Critic Loss: 0.0204
2026-06-09 19:12:25,181 | INFO |   Env | HO: 68.96% | Cont: 97.73% | Task: 78.30% | Resolved: 99.99% | Delay: 2.983s | Energy: 4313.97J | LB: 0.129
2026-06-09 19:12:25,181 | INFO |   Reward | D: -3884.95 | E: -12.62 | Q: 2020.80 | H: 16.26 | LB: 0.08 | Enq: 0.00 | Pen: -2589.06
2026-06-09 19:13:24,026 | INFO | Update  264 | Steps: 270,336 | Episodes:   264 | EpReward:   -43.73 | FPS:     17 | Actor Loss: 0.0005 | Critic Loss: 0.0028
2026-06-09 19:13:24,027 | INFO |   Env | HO: 72.64% | Cont: 98.10% | Task: 78.20% | Resolved: 99.97% | Delay: 2.935s | Energy: 4171.56J | LB: 0.127
2026-06-09 19:13:24,027 | INFO |   Reward | D: -3839.21 | E: -12.41 | Q: 1983.60 | H: 13.23 | LB: 0.07 | Enq: 0.00 | Pen: -2436.09
2026-06-09 19:14:11,293 | INFO | Update  265 | Steps: 271,360 | Episodes:   265 | EpReward:   -43.56 | FPS:     22 | Actor Loss: 0.0007 | Critic Loss: 0.0033
2026-06-09 19:14:11,294 | INFO |   Env | HO: 67.15% | Cont: 97.13% | Task: 80.05% | Resolved: 99.94% | Delay: 2.861s | Energy: 3867.36J | LB: 0.135
2026-06-09 19:14:11,294 | INFO |   Reward | D: -3695.96 | E: -12.35 | Q: 2289.20 | H: 16.49 | LB: 0.10 | Enq: 0.00 | Pen: -2070.83
2026-06-09 19:14:57,194 | INFO | Update  266 | Steps: 272,384 | Episodes:   266 | EpReward:   -43.80 | FPS:     22 | Actor Loss: 0.0012 | Critic Loss: 0.0051
2026-06-09 19:14:57,194 | INFO |   Env | HO: 68.77% | Cont: 97.15% | Task: 79.40% | Resolved: 99.93% | Delay: 2.893s | Energy: 3959.57J | LB: 0.161
2026-06-09 19:14:57,194 | INFO |   Reward | D: -3731.81 | E: -12.34 | Q: 2168.80 | H: 16.83 | LB: 0.08 | Enq: 0.00 | Pen: -2210.78
2026-06-09 19:16:00,552 | INFO | Update  267 | Steps: 273,408 | Episodes:   267 | EpReward:   -43.55 | FPS:     16 | Actor Loss: 0.0006 | Critic Loss: 0.0015
2026-06-09 19:16:00,552 | INFO |   Env | HO: 69.37% | Cont: 97.07% | Task: 79.78% | Resolved: 99.98% | Delay: 2.855s | Energy: 3873.67J | LB: 0.111
2026-06-09 19:16:00,553 | INFO |   Reward | D: -3687.97 | E: -12.43 | Q: 2246.00 | H: 15.81 | LB: 0.07 | Enq: 0.00 | Pen: -2026.45
2026-06-09 19:16:49,269 | INFO | Update  268 | Steps: 274,432 | Episodes:   268 | EpReward:   -43.50 | FPS:     21 | Actor Loss: 0.0009 | Critic Loss: 0.0180
2026-06-09 19:16:49,269 | INFO |   Env | HO: 71.84% | Cont: 97.61% | Task: 78.27% | Resolved: 99.94% | Delay: 2.984s | Energy: 4286.77J | LB: 0.129
2026-06-09 19:16:49,269 | INFO |   Reward | D: -3838.56 | E: -12.64 | Q: 1995.60 | H: 13.44 | LB: 0.09 | Enq: 0.00 | Pen: -2552.51
2026-06-09 19:17:32,805 | INFO | Update  269 | Steps: 275,456 | Episodes:   269 | EpReward:   -43.52 | FPS:     24 | Actor Loss: 0.0009 | Critic Loss: 0.0153
2026-06-09 19:17:32,806 | INFO |   Env | HO: 70.36% | Cont: 98.03% | Task: 78.60% | Resolved: 99.99% | Delay: 2.955s | Energy: 4215.85J | LB: 0.112
2026-06-09 19:17:32,806 | INFO |   Reward | D: -3829.76 | E: -12.45 | Q: 2052.00 | H: 11.75 | LB: 0.10 | Enq: 0.00 | Pen: -2478.24
2026-06-09 19:18:26,074 | INFO | Update  270 | Steps: 276,480 | Episodes:   270 | EpReward:   -43.24 | FPS:     19 | Actor Loss: 0.0000 | Critic Loss: 0.0020
2026-06-09 19:18:26,075 | INFO |   Env | HO: 73.94% | Cont: 97.25% | Task: 80.79% | Resolved: 99.99% | Delay: 2.792s | Energy: 3686.01J | LB: 0.113
2026-06-09 19:18:26,077 | INFO |   Reward | D: -3632.87 | E: -12.44 | Q: 2400.80 | H: 14.48 | LB: 0.04 | Enq: 0.00 | Pen: -1827.89
2026-06-09 19:19:11,403 | INFO | Update  271 | Steps: 277,504 | Episodes:   271 | EpReward:   -43.22 | FPS:     23 | Actor Loss: 0.0002 | Critic Loss: 0.0023
2026-06-09 19:19:11,403 | INFO |   Env | HO: 66.36% | Cont: 98.09% | Task: 79.96% | Resolved: 99.99% | Delay: 2.896s | Energy: 4097.29J | LB: 0.132
2026-06-09 19:19:11,404 | INFO |   Reward | D: -3787.50 | E: -12.62 | Q: 2282.40 | H: 12.89 | LB: 0.09 | Enq: 0.00 | Pen: -2284.15
2026-06-09 19:19:49,746 | INFO | Update  272 | Steps: 278,528 | Episodes:   272 | EpReward:   -43.23 | FPS:     27 | Actor Loss: 0.0015 | Critic Loss: 0.0086
2026-06-09 19:19:49,746 | INFO |   Env | HO: 68.19% | Cont: 97.46% | Task: 78.91% | Resolved: 99.98% | Delay: 2.911s | Energy: 4105.55J | LB: 0.117
2026-06-09 19:19:49,746 | INFO |   Reward | D: -3770.36 | E: -12.76 | Q: 2093.60 | H: 15.08 | LB: 0.07 | Enq: 0.00 | Pen: -2278.29
2026-06-09 19:20:46,937 | INFO | Update  273 | Steps: 279,552 | Episodes:   273 | EpReward:   -43.45 | FPS:     18 | Actor Loss: 0.0007 | Critic Loss: 0.0044
2026-06-09 19:20:46,938 | INFO |   Env | HO: 71.50% | Cont: 97.35% | Task: 80.14% | Resolved: 99.93% | Delay: 2.840s | Energy: 3867.61J | LB: 0.127
2026-06-09 19:20:46,938 | INFO |   Reward | D: -3674.73 | E: -12.64 | Q: 2291.20 | H: 16.00 | LB: 0.05 | Enq: 0.00 | Pen: -2004.50
2026-06-09 19:21:40,846 | INFO | Update  274 | Steps: 280,576 | Episodes:   274 | EpReward:   -43.30 | FPS:     19 | Actor Loss: 0.0010 | Critic Loss: 0.0034
2026-06-09 19:21:40,853 | INFO |   Env | HO: 71.90% | Cont: 96.25% | Task: 80.99% | Resolved: 99.94% | Delay: 2.736s | Energy: 3491.98J | LB: 0.125
2026-06-09 19:21:40,853 | INFO |   Reward | D: -3586.16 | E: -12.54 | Q: 2447.60 | H: 17.75 | LB: 0.08 | Enq: 0.00 | Pen: -1589.87
2026-06-09 19:22:27,664 | INFO | Update  275 | Steps: 281,600 | Episodes:   275 | EpReward:   -43.48 | FPS:     22 | Actor Loss: 0.0010 | Critic Loss: 0.0017
2026-06-09 19:22:27,665 | INFO |   Env | HO: 71.16% | Cont: 98.01% | Task: 78.69% | Resolved: 99.99% | Delay: 2.930s | Energy: 4194.25J | LB: 0.096
2026-06-09 19:22:27,665 | INFO |   Reward | D: -3850.16 | E: -12.60 | Q: 2070.40 | H: 16.06 | LB: 0.05 | Enq: 0.00 | Pen: -2425.83
2026-06-09 19:23:07,685 | INFO | Update  276 | Steps: 282,624 | Episodes:   276 | EpReward:   -43.51 | FPS:     26 | Actor Loss: 0.0013 | Critic Loss: 0.0092
2026-06-09 19:23:07,685 | INFO |   Env | HO: 65.42% | Cont: 97.42% | Task: 78.85% | Resolved: 100.00% | Delay: 2.922s | Energy: 4066.20J | LB: 0.111
2026-06-09 19:23:07,685 | INFO |   Reward | D: -3749.49 | E: -12.51 | Q: 2076.00 | H: 14.30 | LB: 0.10 | Enq: 0.00 | Pen: -2285.94
2026-06-09 19:23:56,864 | INFO | Update  277 | Steps: 283,648 | Episodes:   277 | EpReward:   -43.53 | FPS:     21 | Actor Loss: 0.0013 | Critic Loss: 0.0223
2026-06-09 19:23:56,864 | INFO |   Env | HO: 65.33% | Cont: 97.09% | Task: 78.05% | Resolved: 99.98% | Delay: 2.957s | Energy: 4209.80J | LB: 0.132
2026-06-09 19:23:56,864 | INFO |   Reward | D: -3793.49 | E: -12.76 | Q: 1952.40 | H: 16.39 | LB: 0.10 | Enq: 0.00 | Pen: -2408.22
2026-06-09 19:24:44,884 | INFO | Update  278 | Steps: 284,672 | Episodes:   278 | EpReward:   -43.71 | FPS:     21 | Actor Loss: 0.0007 | Critic Loss: 0.0072
2026-06-09 19:24:44,884 | INFO |   Env | HO: 64.47% | Cont: 97.24% | Task: 80.05% | Resolved: 99.95% | Delay: 2.871s | Energy: 4000.10J | LB: 0.140
2026-06-09 19:24:44,884 | INFO |   Reward | D: -3762.77 | E: -12.79 | Q: 2308.00 | H: 16.22 | LB: -0.00 | Enq: 0.00 | Pen: -2151.77
2026-06-09 19:25:41,923 | INFO | Update  279 | Steps: 285,696 | Episodes:   279 | EpReward:   -43.73 | FPS:     18 | Actor Loss: 0.0004 | Critic Loss: 0.0120
2026-06-09 19:25:41,924 | INFO |   Env | HO: 68.82% | Cont: 97.76% | Task: 78.49% | Resolved: 99.99% | Delay: 2.944s | Energy: 4180.04J | LB: 0.109
2026-06-09 19:25:41,924 | INFO |   Reward | D: -3788.59 | E: -12.54 | Q: 2012.80 | H: 14.70 | LB: 0.07 | Enq: 0.00 | Pen: -2404.17
2026-06-09 19:26:21,765 | INFO | Update  280 | Steps: 286,720 | Episodes:   280 | EpReward:   -43.79 | FPS:     26 | Actor Loss: 0.0004 | Critic Loss: 0.0033
2026-06-09 19:26:21,765 | INFO |   Env | HO: 72.44% | Cont: 97.35% | Task: 78.22% | Resolved: 99.99% | Delay: 2.960s | Energy: 4288.71J | LB: 0.092
2026-06-09 19:26:21,766 | INFO |   Reward | D: -3849.77 | E: -13.07 | Q: 2019.60 | H: 15.23 | LB: 0.05 | Enq: 0.00 | Pen: -2449.59
2026-06-09 19:27:04,799 | INFO | Update  281 | Steps: 287,744 | Episodes:   281 | EpReward:   -43.96 | FPS:     24 | Actor Loss: 0.0009 | Critic Loss: 0.0221
2026-06-09 19:27:04,799 | INFO |   Env | HO: 71.20% | Cont: 97.79% | Task: 77.94% | Resolved: 99.97% | Delay: 2.992s | Energy: 4360.34J | LB: 0.112
2026-06-09 19:27:04,799 | INFO |   Reward | D: -3861.03 | E: -12.68 | Q: 1944.00 | H: 13.46 | LB: 0.04 | Enq: 0.00 | Pen: -2588.87
2026-06-09 19:27:47,411 | INFO | Update  282 | Steps: 288,768 | Episodes:   282 | EpReward:   -44.24 | FPS:     24 | Actor Loss: -0.0004 | Critic Loss: 0.0054
2026-06-09 19:27:47,411 | INFO |   Env | HO: 70.87% | Cont: 97.67% | Task: 78.60% | Resolved: 99.99% | Delay: 2.911s | Energy: 4147.80J | LB: 0.107
2026-06-09 19:27:47,411 | INFO |   Reward | D: -3823.51 | E: -12.68 | Q: 2067.60 | H: 14.05 | LB: 0.04 | Enq: 0.00 | Pen: -2348.42
2026-06-09 19:28:31,627 | INFO | Update  283 | Steps: 289,792 | Episodes:   283 | EpReward:   -44.18 | FPS:     23 | Actor Loss: 0.0004 | Critic Loss: 0.0048
2026-06-09 19:28:31,628 | INFO |   Env | HO: 66.27% | Cont: 94.77% | Task: 80.29% | Resolved: 99.94% | Delay: 2.802s | Energy: 3730.02J | LB: 0.137
2026-06-09 19:28:31,628 | INFO |   Reward | D: -3677.07 | E: -12.88 | Q: 2370.80 | H: 34.21 | LB: -0.02 | Enq: 0.00 | Pen: -1845.21
2026-06-09 19:29:14,826 | INFO | Update  284 | Steps: 290,816 | Episodes:   284 | EpReward:   -44.21 | FPS:     24 | Actor Loss: 0.0012 | Critic Loss: 0.0082
2026-06-09 19:29:14,826 | INFO |   Env | HO: 65.15% | Cont: 94.94% | Task: 77.13% | Resolved: 99.98% | Delay: 2.993s | Energy: 4237.07J | LB: 0.134
2026-06-09 19:29:14,827 | INFO |   Reward | D: -3819.62 | E: -12.49 | Q: 1803.60 | H: 43.74 | LB: 0.02 | Enq: 0.00 | Pen: -2637.96
2026-06-09 19:29:58,266 | INFO | Update  285 | Steps: 291,840 | Episodes:   285 | EpReward:   -44.24 | FPS:     24 | Actor Loss: 0.0005 | Critic Loss: 0.0029
2026-06-09 19:29:58,266 | INFO |   Env | HO: 65.47% | Cont: 95.22% | Task: 79.05% | Resolved: 99.97% | Delay: 2.894s | Energy: 3970.92J | LB: 0.112
2026-06-09 19:29:58,266 | INFO |   Reward | D: -3743.14 | E: -12.75 | Q: 2141.20 | H: 35.74 | LB: 0.03 | Enq: 0.00 | Pen: -2239.81
2026-06-09 19:30:50,464 | INFO | Update  286 | Steps: 292,864 | Episodes:   286 | EpReward:   -44.15 | FPS:     20 | Actor Loss: 0.0002 | Critic Loss: 0.0005
2026-06-09 19:30:50,465 | INFO |   Env | HO: 63.75% | Cont: 95.17% | Task: 79.23% | Resolved: 99.99% | Delay: 2.835s | Energy: 3687.69J | LB: 0.113
2026-06-09 19:30:50,465 | INFO |   Reward | D: -3631.16 | E: -12.25 | Q: 2136.40 | H: 32.87 | LB: 0.05 | Enq: 0.00 | Pen: -1975.88
2026-06-09 19:31:52,782 | INFO | Update  287 | Steps: 293,888 | Episodes:   287 | EpReward:   -43.88 | FPS:     16 | Actor Loss: 0.0004 | Critic Loss: 0.0006
2026-06-09 19:31:52,786 | INFO |   Env | HO: 67.66% | Cont: 95.60% | Task: 79.35% | Resolved: 99.99% | Delay: 2.821s | Energy: 3783.13J | LB: 0.140
2026-06-09 19:31:52,787 | INFO |   Reward | D: -3685.90 | E: -12.60 | Q: 2192.80 | H: 30.34 | LB: 0.09 | Enq: 0.00 | Pen: -1990.91
2026-06-09 19:32:42,239 | INFO | Update  288 | Steps: 294,912 | Episodes:   288 | EpReward:   -43.91 | FPS:     21 | Actor Loss: 0.0004 | Critic Loss: 0.0130
2026-06-09 19:32:42,240 | INFO |   Env | HO: 65.69% | Cont: 96.47% | Task: 78.02% | Resolved: 99.99% | Delay: 2.968s | Energy: 4231.23J | LB: 0.122
2026-06-09 19:32:42,240 | INFO |   Reward | D: -3859.83 | E: -12.55 | Q: 1967.20 | H: 28.27 | LB: 0.03 | Enq: 0.00 | Pen: -2556.60
2026-06-09 19:33:30,575 | INFO | Update  289 | Steps: 295,936 | Episodes:   289 | EpReward:   -44.13 | FPS:     21 | Actor Loss: 0.0010 | Critic Loss: 0.0046
2026-06-09 19:33:30,575 | INFO |   Env | HO: 62.45% | Cont: 95.91% | Task: 77.37% | Resolved: 99.97% | Delay: 2.987s | Energy: 4238.44J | LB: 0.124
2026-06-09 19:33:30,576 | INFO |   Reward | D: -3860.33 | E: -12.68 | Q: 1866.80 | H: 26.53 | LB: 0.11 | Enq: 0.00 | Pen: -2541.05
2026-06-09 19:34:24,376 | INFO | Update  290 | Steps: 296,960 | Episodes:   290 | EpReward:   -44.04 | FPS:     19 | Actor Loss: 0.0001 | Critic Loss: 0.0052
2026-06-09 19:34:24,380 | INFO |   Env | HO: 64.85% | Cont: 96.18% | Task: 78.89% | Resolved: 99.98% | Delay: 2.902s | Energy: 3974.89J | LB: 0.109
2026-06-09 19:34:24,380 | INFO |   Reward | D: -3736.06 | E: -12.51 | Q: 2105.20 | H: 22.26 | LB: 0.11 | Enq: 0.00 | Pen: -2264.34
2026-06-09 19:35:24,807 | INFO | Update  291 | Steps: 297,984 | Episodes:   291 | EpReward:   -44.16 | FPS:     17 | Actor Loss: 0.0007 | Critic Loss: 0.0159
2026-06-09 19:35:24,807 | INFO |   Env | HO: 65.46% | Cont: 96.16% | Task: 77.63% | Resolved: 99.97% | Delay: 3.020s | Energy: 4296.49J | LB: 0.099
2026-06-09 19:35:24,807 | INFO |   Reward | D: -3843.99 | E: -12.61 | Q: 1884.40 | H: 29.40 | LB: 0.17 | Enq: 0.00 | Pen: -2621.59
2026-06-09 19:36:19,319 | INFO | Update  292 | Steps: 299,008 | Episodes:   292 | EpReward:   -44.30 | FPS:     19 | Actor Loss: 0.0012 | Critic Loss: 0.0092
2026-06-09 19:36:19,319 | INFO |   Env | HO: 61.73% | Cont: 96.43% | Task: 77.71% | Resolved: 99.97% | Delay: 2.968s | Energy: 4173.58J | LB: 0.121
2026-06-09 19:36:19,320 | INFO |   Reward | D: -3788.59 | E: -12.43 | Q: 1885.20 | H: 22.73 | LB: 0.11 | Enq: 0.00 | Pen: -2478.85
2026-06-09 19:37:21,502 | INFO | Update  293 | Steps: 300,032 | Episodes:   293 | EpReward:   -44.66 | FPS:     16 | Actor Loss: 0.0009 | Critic Loss: 0.0134
2026-06-09 19:37:21,503 | INFO |   Env | HO: 62.39% | Cont: 96.11% | Task: 77.20% | Resolved: 99.95% | Delay: 3.002s | Energy: 4215.69J | LB: 0.131
2026-06-09 19:37:21,503 | INFO |   Reward | D: -3790.49 | E: -12.59 | Q: 1806.80 | H: 21.57 | LB: 0.16 | Enq: 0.00 | Pen: -2522.35
2026-06-09 19:37:21,503 | INFO | ----------------------------------------
2026-06-09 19:37:21,503 | INFO | 开始评估...
2026-06-09 19:38:18,562 | INFO | 评估结果: 奖励 = -45.94 ± 3.42, 长度 = 600, 时延 = 2.929s, 能耗 = 7391.42J, 负载均衡 = 0.105
2026-06-09 19:38:18,562 | INFO | ----------------------------------------
2026-06-09 19:38:18,590 | INFO | 模型已保存: /home/pjpjq/LEO_switch/results/baseline_compare/multiuser_scaling_multiuser_6_7/u40/learned_baselines/attn_mappo/checkpoint_300032.pt
2026-06-09 19:38:18,590 | INFO | ============================================================
2026-06-09 19:38:18,590 | INFO | 训练完成!
2026-06-09 19:38:18,590 | INFO |   总时间: 4.18 小时
2026-06-09 19:38:18,590 | INFO |   总步数: 300,032
2026-06-09 19:38:18,590 | INFO |   总episode: 293
2026-06-09 19:38:18,591 | INFO |   最佳奖励: -31.83
2026-06-09 19:38:18,591 | INFO |   最佳模型指标: average delay = -2.7755
2026-06-09 19:38:18,591 | INFO | ============================================================
2026-06-09 19:38:18,613 | INFO | 模型已保存: /home/pjpjq/LEO_switch/results/baseline_compare/multiuser_scaling_multiuser_6_7/u40/learned_baselines/attn_mappo/final_model.pt
2026-06-09 19:38:18,665 | INFO | 训练历史已保存: /home/pjpjq/LEO_switch/results/baseline_compare/multiuser_scaling_multiuser_6_7/u40/learned_baselines/attn_mappo/training_history.json
2026-06-09 19:38:18,667 | INFO | Initializing environment for AttentionMAPPO...
2026-06-09 19:38:18,671 | INFO |   - Raw observation dim: 73
2026-06-09 19:38:18,672 | INFO |   - Satellite load feature dim: 8
2026-06-09 19:38:18,672 | INFO |   - Policy observation dim: 73
2026-06-09 19:38:18,672 | INFO |   - Global state dim: 2920
2026-06-09 19:38:18,672 | INFO | AttentionMAPPO skips heterogeneous graph construction.
2026-06-09 19:38:18,672 | INFO | AttentionMAPPO uses raw_obs + satellite load attention; no HAN encoder.
2026-06-09 19:38:18,672 | INFO | Initializing AttentionMAPPO...
2026-06-09 19:38:22,206 | INFO |   - Attention Actor params: 73,028
2026-06-09 19:38:22,211 | INFO |   - Critic params: 176,513
2026-06-09 19:38:22,211 | INFO | 初始化经验缓冲区...
2026-06-09 19:38:22,214 | INFO | 训练器初始化完成，设备: cuda
2026-06-09 19:38:22,221 | INFO | 环境: 40 用户, 66 卫星
2026-06-09 19:39:30,535 | INFO | 初始化环境...
2026-06-09 19:39:30,540 | INFO |   - 原始观测维度: 73
2026-06-09 19:39:30,540 | INFO |   - HAN嵌入维度: 64
2026-06-09 19:39:30,540 | INFO |   - 拼接后观测维度: 142 (raw 73 + HAN 64 + rvt_warning 1 + task 4)
2026-06-09 19:39:30,541 | INFO |   - 全局状态维度: 5680
2026-06-09 19:39:30,541 | INFO |   - HAN ablation: using raw environment observations
2026-06-09 19:39:30,541 | INFO |   - No-HAN observation dim: 73
2026-06-09 19:39:30,541 | INFO | 初始化图构建器...
2026-06-09 19:39:30,541 | INFO | 初始化MAPPO...
2026-06-09 19:39:34,641 | INFO |   - Actor参数量: 87,182
2026-06-09 19:39:34,641 | INFO |   - Critic参数量: 184,833
2026-06-09 19:39:34,641 | INFO | 初始化经验缓冲区...
2026-06-09 19:39:34,647 | INFO | 训练器初始化完成，设备: cuda
2026-06-09 19:39:34,656 | INFO | 环境: 40 用户, 66 卫星
2026-06-09 19:39:34,660 | INFO | ============================================================
2026-06-09 19:39:34,660 | INFO | 开始训练
2026-06-09 19:39:34,660 | INFO |   总步数: 300,000
2026-06-09 19:39:34,660 | INFO |   每轮步数: 1024
2026-06-09 19:39:34,660 | INFO |   图更新间隔: 1
2026-06-09 19:39:34,660 | INFO |   评估episodes: 3
2026-06-09 19:39:34,660 | INFO |   设备: cuda
2026-06-09 19:39:34,660 | INFO | ============================================================
2026-06-09 19:40:23,059 | INFO | Update    1 | Steps:   1,024 | Episodes:     1 | EpReward:  -145.16 | FPS:     21 | Actor Loss: -0.0023 | Critic Loss: 1.8229
2026-06-09 19:40:23,063 | INFO |   Env | HO: 67.20% | Cont: 61.14% | Task: 50.99% | Resolved: 99.71% | Delay: 3.635s | Energy: 3365.05J | LB: 0.006
2026-06-09 19:40:23,063 | INFO |   Reward | D: -3000.62 | E: -9.61 | Q: -2683.60 | H: 136.94 | LB: 0.16 | Enq: 0.00 | Pen: -2853.81
2026-06-09 19:41:09,372 | INFO | Update    2 | Steps:   2,048 | Episodes:     2 | EpReward:  -150.68 | FPS:     22 | Actor Loss: -0.0031 | Critic Loss: 1.2901
2026-06-09 19:41:09,377 | INFO |   Env | HO: 68.48% | Cont: 65.27% | Task: 54.64% | Resolved: 99.73% | Delay: 3.617s | Energy: 3742.40J | LB: 0.016
2026-06-09 19:41:09,377 | INFO |   Reward | D: -3307.26 | E: -10.20 | Q: -2062.00 | H: 180.02 | LB: 0.30 | Enq: 0.00 | Pen: -3134.59
2026-06-09 19:42:08,321 | INFO | Update    3 | Steps:   3,072 | Episodes:     3 | EpReward:  -144.39 | FPS:     17 | Actor Loss: -0.0031 | Critic Loss: 1.1724
2026-06-09 19:42:08,321 | INFO |   Env | HO: 66.44% | Cont: 66.72% | Task: 56.55% | Resolved: 99.83% | Delay: 3.575s | Energy: 3799.23J | LB: 0.011
2026-06-09 19:42:08,321 | INFO |   Reward | D: -3370.63 | E: -10.43 | Q: -1731.20 | H: 176.93 | LB: 0.22 | Enq: 0.00 | Pen: -3130.53
2026-06-09 19:42:59,608 | INFO | Update    4 | Steps:   4,096 | Episodes:     4 | EpReward:  -136.34 | FPS:     20 | Actor Loss: -0.0024 | Critic Loss: 0.6745
2026-06-09 19:42:59,608 | INFO |   Env | HO: 67.13% | Cont: 70.77% | Task: 59.09% | Resolved: 99.77% | Delay: 3.468s | Energy: 3778.95J | LB: 0.020
2026-06-09 19:42:59,608 | INFO |   Reward | D: -3353.60 | E: -10.75 | Q: -1287.20 | H: 156.63 | LB: 0.31 | Enq: 0.00 | Pen: -2817.01
2026-06-09 19:43:37,699 | INFO | Update    5 | Steps:   5,120 | Episodes:     5 | EpReward:  -132.24 | FPS:     27 | Actor Loss: -0.0025 | Critic Loss: 0.7177
2026-06-09 19:43:37,699 | INFO |   Env | HO: 66.19% | Cont: 72.75% | Task: 59.59% | Resolved: 99.77% | Delay: 3.485s | Energy: 3963.91J | LB: 0.016
2026-06-09 19:43:37,699 | INFO |   Reward | D: -3436.04 | E: -10.96 | Q: -1221.20 | H: 122.91 | LB: 0.35 | Enq: 0.00 | Pen: -2914.13
2026-06-09 19:44:21,403 | INFO | Update    6 | Steps:   6,144 | Episodes:     6 | EpReward:  -130.24 | FPS:     23 | Actor Loss: -0.0025 | Critic Loss: 0.4957
2026-06-09 19:44:21,403 | INFO |   Env | HO: 65.74% | Cont: 76.90% | Task: 61.89% | Resolved: 99.79% | Delay: 3.477s | Energy: 4306.13J | LB: 0.014
2026-06-09 19:44:21,403 | INFO |   Reward | D: -3697.37 | E: -11.51 | Q: -824.80 | H: 129.72 | LB: 0.27 | Enq: 0.00 | Pen: -3118.21
2026-06-09 19:45:15,904 | INFO | Update    7 | Steps:   7,168 | Episodes:     7 | EpReward:  -127.16 | FPS:     19 | Actor Loss: -0.0017 | Critic Loss: 0.4154
2026-06-09 19:45:15,904 | INFO |   Env | HO: 66.44% | Cont: 80.64% | Task: 65.14% | Resolved: 99.90% | Delay: 3.424s | Energy: 4518.15J | LB: 0.020
2026-06-09 19:45:15,908 | INFO |   Reward | D: -3799.30 | E: -11.96 | Q: -264.40 | H: 124.12 | LB: 0.21 | Enq: 0.00 | Pen: -3159.24
2026-06-09 19:46:01,027 | INFO | Update    8 | Steps:   8,192 | Episodes:     8 | EpReward:  -123.96 | FPS:     23 | Actor Loss: -0.0021 | Critic Loss: 0.2289
2026-06-09 19:46:01,027 | INFO |   Env | HO: 66.79% | Cont: 83.93% | Task: 67.69% | Resolved: 99.90% | Delay: 3.322s | Energy: 4364.56J | LB: 0.021
2026-06-09 19:46:01,027 | INFO |   Reward | D: -3775.80 | E: -12.34 | Q: 176.80 | H: 106.03 | LB: 0.08 | Enq: 0.00 | Pen: -2769.48
2026-06-09 19:46:38,380 | INFO | Update    9 | Steps:   9,216 | Episodes:     9 | EpReward:  -118.79 | FPS:     27 | Actor Loss: -0.0015 | Critic Loss: 0.1245
2026-06-09 19:46:38,380 | INFO |   Env | HO: 69.13% | Cont: 84.98% | Task: 68.95% | Resolved: 99.91% | Delay: 3.234s | Energy: 4196.48J | LB: 0.034
2026-06-09 19:46:38,380 | INFO |   Reward | D: -3724.11 | E: -12.22 | Q: 393.60 | H: 97.37 | LB: 0.12 | Enq: 0.00 | Pen: -2622.28
2026-06-09 19:47:18,696 | INFO | Update   10 | Steps:  10,240 | Episodes:    10 | EpReward:  -116.99 | FPS:     25 | Actor Loss: -0.0013 | Critic Loss: 0.1186
2026-06-09 19:47:18,696 | INFO |   Env | HO: 65.75% | Cont: 84.10% | Task: 68.55% | Resolved: 99.87% | Delay: 3.263s | Energy: 4163.76J | LB: 0.034
2026-06-09 19:47:18,696 | INFO |   Reward | D: -3651.61 | E: -12.21 | Q: 320.40 | H: 90.89 | LB: 0.10 | Enq: 0.00 | Pen: -2658.95
2026-06-09 19:48:02,900 | INFO | Update   11 | Steps:  11,264 | Episodes:    11 | EpReward:  -112.34 | FPS:     23 | Actor Loss: -0.0015 | Critic Loss: 0.0571
2026-06-09 19:48:02,900 | INFO |   Env | HO: 68.60% | Cont: 87.95% | Task: 71.74% | Resolved: 99.94% | Delay: 3.128s | Energy: 4081.68J | LB: 0.053
2026-06-09 19:48:02,900 | INFO |   Reward | D: -3716.98 | E: -12.59 | Q: 878.00 | H: 73.27 | LB: 0.19 | Enq: 0.00 | Pen: -2290.95
2026-06-09 19:48:40,661 | INFO | Update   12 | Steps:  12,288 | Episodes:    12 | EpReward:  -110.18 | FPS:     27 | Actor Loss: -0.0008 | Critic Loss: 0.0559
2026-06-09 19:48:40,661 | INFO |   Env | HO: 68.57% | Cont: 89.82% | Task: 72.48% | Resolved: 99.94% | Delay: 3.170s | Energy: 4334.57J | LB: 0.049
2026-06-09 19:48:40,661 | INFO |   Reward | D: -3813.46 | E: -12.68 | Q: 1000.40 | H: 78.08 | LB: 0.07 | Enq: 0.00 | Pen: -2562.12
2026-06-09 19:49:28,619 | INFO | Update   13 | Steps:  13,312 | Episodes:    13 | EpReward:  -108.37 | FPS:     21 | Actor Loss: -0.0006 | Critic Loss: 0.0711
2026-06-09 19:49:28,620 | INFO |   Env | HO: 65.87% | Cont: 88.44% | Task: 70.58% | Resolved: 99.97% | Delay: 3.236s | Energy: 4495.63J | LB: 0.044
2026-06-09 19:49:28,620 | INFO |   Reward | D: -3825.77 | E: -12.44 | Q: 676.00 | H: 79.09 | LB: 0.11 | Enq: 0.00 | Pen: -2932.49
2026-06-09 19:50:16,385 | INFO | Update   14 | Steps:  14,336 | Episodes:    14 | EpReward:  -106.72 | FPS:     21 | Actor Loss: -0.0004 | Critic Loss: 0.0678
2026-06-09 19:50:16,385 | INFO |   Env | HO: 63.72% | Cont: 90.39% | Task: 70.65% | Resolved: 99.98% | Delay: 3.302s | Energy: 4707.55J | LB: 0.042
2026-06-09 19:50:16,385 | INFO |   Reward | D: -3879.42 | E: -12.40 | Q: 675.20 | H: 62.98 | LB: 0.03 | Enq: 0.00 | Pen: -3153.85
2026-06-09 19:50:57,675 | INFO | Update   15 | Steps:  15,360 | Episodes:    15 | EpReward:  -104.83 | FPS:     25 | Actor Loss: -0.0004 | Critic Loss: 0.0532
2026-06-09 19:50:57,675 | INFO |   Env | HO: 65.83% | Cont: 91.18% | Task: 71.74% | Resolved: 99.95% | Delay: 3.225s | Energy: 4500.91J | LB: 0.039
2026-06-09 19:50:57,675 | INFO |   Reward | D: -3788.52 | E: -12.35 | Q: 856.00 | H: 57.26 | LB: 0.11 | Enq: 0.00 | Pen: -2873.42
2026-06-09 19:51:50,325 | INFO | Update   16 | Steps:  16,384 | Episodes:    16 | EpReward:  -103.43 | FPS:     19 | Actor Loss: -0.0005 | Critic Loss: 0.0531
2026-06-09 19:51:50,325 | INFO |   Env | HO: 64.09% | Cont: 90.07% | Task: 71.74% | Resolved: 99.94% | Delay: 3.227s | Energy: 4519.19J | LB: 0.045
2026-06-09 19:51:50,325 | INFO |   Reward | D: -3824.14 | E: -12.56 | Q: 868.40 | H: 59.75 | LB: 0.16 | Enq: 0.00 | Pen: -2939.14
2026-06-09 19:52:43,315 | INFO | Update   17 | Steps:  17,408 | Episodes:    17 | EpReward:  -102.17 | FPS:     19 | Actor Loss: -0.0005 | Critic Loss: 0.0469
2026-06-09 19:52:43,315 | INFO |   Env | HO: 63.54% | Cont: 89.49% | Task: 71.46% | Resolved: 99.92% | Delay: 3.232s | Energy: 4466.05J | LB: 0.056
2026-06-09 19:52:43,315 | INFO |   Reward | D: -3812.94 | E: -12.58 | Q: 826.00 | H: 62.27 | LB: 0.07 | Enq: 0.00 | Pen: -2911.47
2026-06-09 19:53:30,181 | INFO | Update   18 | Steps:  18,432 | Episodes:    18 | EpReward:   -99.57 | FPS:     22 | Actor Loss: -0.0014 | Critic Loss: 0.0133
2026-06-09 19:53:30,181 | INFO |   Env | HO: 68.96% | Cont: 91.85% | Task: 74.17% | Resolved: 99.99% | Delay: 3.106s | Energy: 4236.65J | LB: 0.070
2026-06-09 19:53:30,181 | INFO |   Reward | D: -3751.46 | E: -12.80 | Q: 1284.80 | H: 48.66 | LB: 0.09 | Enq: 0.00 | Pen: -2417.80
2026-06-09 19:54:16,978 | INFO | Update   19 | Steps:  19,456 | Episodes:    19 | EpReward:   -97.05 | FPS:     22 | Actor Loss: -0.0002 | Critic Loss: 0.0151
2026-06-09 19:54:16,978 | INFO |   Env | HO: 69.74% | Cont: 93.69% | Task: 76.17% | Resolved: 99.97% | Delay: 3.008s | Energy: 4106.90J | LB: 0.087
2026-06-09 19:54:16,978 | INFO |   Reward | D: -3780.40 | E: -12.94 | Q: 1628.80 | H: 43.03 | LB: 0.04 | Enq: 0.00 | Pen: -2094.63
2026-06-09 19:55:02,110 | INFO | Update   20 | Steps:  20,480 | Episodes:    20 | EpReward:   -95.79 | FPS:     23 | Actor Loss: -0.0002 | Critic Loss: 0.0158
2026-06-09 19:55:02,111 | INFO |   Env | HO: 68.85% | Cont: 95.18% | Task: 74.14% | Resolved: 99.95% | Delay: 3.192s | Energy: 4780.94J | LB: 0.049
2026-06-09 19:55:02,111 | INFO |   Reward | D: -4004.70 | E: -13.14 | Q: 1296.00 | H: 38.13 | LB: 0.12 | Enq: 0.00 | Pen: -2965.85
2026-06-09 19:55:46,566 | INFO | Update   21 | Steps:  21,504 | Episodes:    21 | EpReward:   -94.62 | FPS:     23 | Actor Loss: -0.0005 | Critic Loss: 0.0070
2026-06-09 19:55:46,566 | INFO |   Env | HO: 66.59% | Cont: 93.61% | Task: 73.92% | Resolved: 99.94% | Delay: 3.175s | Energy: 4547.76J | LB: 0.050
2026-06-09 19:55:46,566 | INFO |   Reward | D: -3839.40 | E: -12.86 | Q: 1238.00 | H: 34.91 | LB: 0.06 | Enq: 0.00 | Pen: -2762.03
2026-06-09 19:56:39,677 | INFO | Update   22 | Steps:  22,528 | Episodes:    22 | EpReward:   -92.41 | FPS:     19 | Actor Loss: -0.0005 | Critic Loss: 0.0032
2026-06-09 19:56:39,677 | INFO |   Env | HO: 68.51% | Cont: 95.10% | Task: 76.58% | Resolved: 99.99% | Delay: 3.058s | Energy: 4307.82J | LB: 0.063
2026-06-09 19:56:39,677 | INFO |   Reward | D: -3793.32 | E: -12.88 | Q: 1692.40 | H: 28.84 | LB: 0.06 | Enq: 0.00 | Pen: -2377.15
2026-06-09 19:57:27,190 | INFO | Update   23 | Steps:  23,552 | Episodes:    23 | EpReward:   -90.64 | FPS:     22 | Actor Loss: -0.0004 | Critic Loss: 0.0111
2026-06-09 19:57:27,190 | INFO |   Env | HO: 70.79% | Cont: 95.42% | Task: 75.41% | Resolved: 99.92% | Delay: 3.079s | Energy: 4511.24J | LB: 0.047
2026-06-09 19:57:27,190 | INFO |   Reward | D: -3876.58 | E: -13.12 | Q: 1504.40 | H: 29.25 | LB: 0.12 | Enq: 0.00 | Pen: -2567.74
2026-06-09 19:58:12,379 | INFO | Update   24 | Steps:  24,576 | Episodes:    24 | EpReward:   -89.29 | FPS:     23 | Actor Loss: -0.0003 | Critic Loss: 0.0100
2026-06-09 19:58:12,380 | INFO |   Env | HO: 70.67% | Cont: 94.82% | Task: 76.41% | Resolved: 99.96% | Delay: 3.026s | Energy: 4283.33J | LB: 0.076
2026-06-09 19:58:12,380 | INFO |   Reward | D: -3822.81 | E: -13.13 | Q: 1681.20 | H: 33.31 | LB: 0.11 | Enq: 0.00 | Pen: -2347.37
2026-06-09 19:58:50,852 | INFO | Update   25 | Steps:  25,600 | Episodes:    25 | EpReward:   -88.44 | FPS:     27 | Actor Loss: 0.0001 | Critic Loss: 0.0080
2026-06-09 19:58:50,856 | INFO |   Env | HO: 66.51% | Cont: 94.56% | Task: 75.77% | Resolved: 99.92% | Delay: 3.082s | Energy: 4493.07J | LB: 0.056
2026-06-09 19:58:50,856 | INFO |   Reward | D: -3903.92 | E: -13.33 | Q: 1580.40 | H: 35.99 | LB: 0.04 | Enq: 0.00 | Pen: -2629.86
2026-06-09 19:59:44,703 | INFO | Update   26 | Steps:  26,624 | Episodes:    26 | EpReward:   -86.70 | FPS:     19 | Actor Loss: -0.0005 | Critic Loss: 0.0043
2026-06-09 19:59:44,703 | INFO |   Env | HO: 68.17% | Cont: 95.13% | Task: 76.76% | Resolved: 99.96% | Delay: 3.016s | Energy: 4289.45J | LB: 0.063
2026-06-09 19:59:44,703 | INFO |   Reward | D: -3835.74 | E: -12.89 | Q: 1739.20 | H: 36.83 | LB: 0.06 | Enq: 0.00 | Pen: -2417.49
2026-06-09 20:00:31,747 | INFO | Update   27 | Steps:  27,648 | Episodes:    27 | EpReward:   -86.41 | FPS:     22 | Actor Loss: 0.0002 | Critic Loss: 0.0190
2026-06-09 20:00:31,748 | INFO |   Env | HO: 66.79% | Cont: 94.07% | Task: 73.75% | Resolved: 99.92% | Delay: 3.213s | Energy: 4792.12J | LB: 0.056
2026-06-09 20:00:31,748 | INFO |   Reward | D: -3991.16 | E: -13.15 | Q: 1229.60 | H: 43.51 | LB: 0.08 | Enq: 0.00 | Pen: -3080.45
2026-06-09 20:01:15,865 | INFO | Update   28 | Steps:  28,672 | Episodes:    28 | EpReward:   -86.17 | FPS:     23 | Actor Loss: -0.0001 | Critic Loss: 0.0218
2026-06-09 20:01:15,866 | INFO |   Env | HO: 68.95% | Cont: 95.33% | Task: 73.77% | Resolved: 99.99% | Delay: 3.219s | Energy: 4897.64J | LB: 0.047
2026-06-09 20:01:15,870 | INFO |   Reward | D: -4024.21 | E: -13.12 | Q: 1222.40 | H: 41.43 | LB: 0.08 | Enq: 0.00 | Pen: -3135.40
2026-06-09 20:01:56,689 | INFO | Update   29 | Steps:  29,696 | Episodes:    29 | EpReward:   -85.09 | FPS:     25 | Actor Loss: 0.0001 | Critic Loss: 0.0195
2026-06-09 20:01:56,689 | INFO |   Env | HO: 68.51% | Cont: 94.43% | Task: 77.69% | Resolved: 99.89% | Delay: 2.975s | Energy: 4039.09J | LB: 0.064
2026-06-09 20:01:56,690 | INFO |   Reward | D: -3697.54 | E: -12.91 | Q: 1857.60 | H: 41.12 | LB: 0.07 | Enq: 0.00 | Pen: -2112.75
2026-06-09 20:02:42,774 | INFO | Update   30 | Steps:  30,720 | Episodes:    30 | EpReward:   -84.41 | FPS:     22 | Actor Loss: -0.0009 | Critic Loss: 0.0193
2026-06-09 20:02:42,775 | INFO |   Env | HO: 68.72% | Cont: 94.97% | Task: 75.18% | Resolved: 99.90% | Delay: 3.113s | Energy: 4600.03J | LB: 0.062
2026-06-09 20:02:42,775 | INFO |   Reward | D: -3921.42 | E: -13.10 | Q: 1468.00 | H: 41.79 | LB: 0.16 | Enq: 0.00 | Pen: -2791.34
2026-06-09 20:03:31,536 | INFO | Update   31 | Steps:  31,744 | Episodes:    31 | EpReward:   -83.75 | FPS:     21 | Actor Loss: -0.0001 | Critic Loss: 0.0204
2026-06-09 20:03:31,536 | INFO |   Env | HO: 67.76% | Cont: 95.11% | Task: 75.30% | Resolved: 99.99% | Delay: 3.116s | Energy: 4587.29J | LB: 0.061
2026-06-09 20:03:31,536 | INFO |   Reward | D: -3900.84 | E: -12.99 | Q: 1474.80 | H: 42.20 | LB: 0.19 | Enq: 0.00 | Pen: -2742.36
2026-06-09 20:04:22,040 | INFO | Update   32 | Steps:  32,768 | Episodes:    32 | EpReward:   -82.47 | FPS:     20 | Actor Loss: -0.0000 | Critic Loss: 0.0216
2026-06-09 20:04:22,041 | INFO |   Env | HO: 69.66% | Cont: 94.94% | Task: 78.01% | Resolved: 99.97% | Delay: 2.880s | Energy: 3927.72J | LB: 0.081
2026-06-09 20:04:22,041 | INFO |   Reward | D: -3737.32 | E: -13.04 | Q: 1947.20 | H: 34.70 | LB: -0.00 | Enq: 0.00 | Pen: -1942.04
2026-06-09 20:05:10,043 | INFO | Update   33 | Steps:  33,792 | Episodes:    33 | EpReward:   -81.19 | FPS:     21 | Actor Loss: -0.0001 | Critic Loss: 0.0113
2026-06-09 20:05:10,043 | INFO |   Env | HO: 68.99% | Cont: 95.36% | Task: 76.67% | Resolved: 99.99% | Delay: 3.037s | Energy: 4295.05J | LB: 0.084
2026-06-09 20:05:10,043 | INFO |   Reward | D: -3794.98 | E: -13.06 | Q: 1705.60 | H: 32.15 | LB: 0.09 | Enq: 0.00 | Pen: -2319.67
2026-06-09 20:06:00,942 | INFO | Update   34 | Steps:  34,816 | Episodes:    34 | EpReward:   -80.22 | FPS:     20 | Actor Loss: -0.0001 | Critic Loss: 0.0118
2026-06-09 20:06:00,943 | INFO |   Env | HO: 66.82% | Cont: 94.03% | Task: 76.15% | Resolved: 99.94% | Delay: 2.997s | Energy: 4091.39J | LB: 0.072
2026-06-09 20:06:00,943 | INFO |   Reward | D: -3759.70 | E: -12.67 | Q: 1625.60 | H: 34.47 | LB: 0.03 | Enq: 0.00 | Pen: -2234.00
2026-06-09 20:06:49,294 | INFO | Update   35 | Steps:  35,840 | Episodes:    35 | EpReward:   -80.08 | FPS:     21 | Actor Loss: -0.0001 | Critic Loss: 0.0258
2026-06-09 20:06:49,295 | INFO |   Env | HO: 67.10% | Cont: 95.82% | Task: 74.47% | Resolved: 99.92% | Delay: 3.158s | Energy: 4733.64J | LB: 0.054
2026-06-09 20:06:49,295 | INFO |   Reward | D: -3959.56 | E: -13.11 | Q: 1330.40 | H: 31.69 | LB: 0.04 | Enq: 0.00 | Pen: -2932.06
2026-06-09 20:07:37,654 | INFO | Update   36 | Steps:  36,864 | Episodes:    36 | EpReward:   -79.05 | FPS:     21 | Actor Loss: -0.0003 | Critic Loss: 0.0172
2026-06-09 20:07:37,655 | INFO |   Env | HO: 67.28% | Cont: 94.45% | Task: 76.96% | Resolved: 99.93% | Delay: 2.962s | Energy: 4070.72J | LB: 0.084
2026-06-09 20:07:37,655 | INFO |   Reward | D: -3755.16 | E: -13.04 | Q: 1768.00 | H: 31.61 | LB: 0.03 | Enq: 0.00 | Pen: -2060.75
2026-06-09 20:08:26,030 | INFO | Update   37 | Steps:  37,888 | Episodes:    37 | EpReward:   -78.12 | FPS:     21 | Actor Loss: -0.0005 | Critic Loss: 0.0073
2026-06-09 20:08:26,030 | INFO |   Env | HO: 67.78% | Cont: 95.97% | Task: 76.63% | Resolved: 99.99% | Delay: 3.063s | Energy: 4468.97J | LB: 0.082
2026-06-09 20:08:26,030 | INFO |   Reward | D: -3885.04 | E: -13.37 | Q: 1712.80 | H: 32.77 | LB: 0.13 | Enq: 0.00 | Pen: -2468.62
2026-06-09 20:09:11,939 | INFO | Update   38 | Steps:  38,912 | Episodes:    38 | EpReward:   -77.84 | FPS:     22 | Actor Loss: -0.0001 | Critic Loss: 0.0116
2026-06-09 20:09:11,940 | INFO |   Env | HO: 66.96% | Cont: 94.70% | Task: 76.54% | Resolved: 99.96% | Delay: 2.996s | Energy: 4182.74J | LB: 0.086
2026-06-09 20:09:11,940 | INFO |   Reward | D: -3777.14 | E: -12.84 | Q: 1682.40 | H: 33.46 | LB: 0.08 | Enq: 0.00 | Pen: -2351.98
2026-06-09 20:09:45,462 | INFO | Update   39 | Steps:  39,936 | Episodes:    39 | EpReward:   -77.53 | FPS:     31 | Actor Loss: 0.0001 | Critic Loss: 0.0148
2026-06-09 20:09:45,462 | INFO |   Env | HO: 68.18% | Cont: 95.26% | Task: 74.38% | Resolved: 99.99% | Delay: 3.161s | Energy: 4674.59J | LB: 0.060
2026-06-09 20:09:45,463 | INFO |   Reward | D: -3950.38 | E: -13.01 | Q: 1332.00 | H: 33.32 | LB: 0.07 | Enq: 0.00 | Pen: -2879.33
2026-06-09 20:10:18,325 | INFO | Update   40 | Steps:  40,960 | Episodes:    40 | EpReward:   -77.34 | FPS:     31 | Actor Loss: 0.0003 | Critic Loss: 0.0225
2026-06-09 20:10:18,326 | INFO |   Env | HO: 67.64% | Cont: 95.84% | Task: 75.05% | Resolved: 99.98% | Delay: 3.181s | Energy: 4832.89J | LB: 0.071
2026-06-09 20:10:18,326 | INFO |   Reward | D: -3985.91 | E: -13.15 | Q: 1448.80 | H: 34.26 | LB: 0.08 | Enq: 0.00 | Pen: -3075.34
2026-06-09 20:10:54,091 | INFO | Update   41 | Steps:  41,984 | Episodes:    41 | EpReward:   -76.61 | FPS:     29 | Actor Loss: -0.0006 | Critic Loss: 0.0077
2026-06-09 20:10:54,091 | INFO |   Env | HO: 69.52% | Cont: 95.73% | Task: 76.25% | Resolved: 99.98% | Delay: 3.036s | Energy: 4413.32J | LB: 0.078
2026-06-09 20:10:54,091 | INFO |   Reward | D: -3903.25 | E: -13.00 | Q: 1665.20 | H: 30.27 | LB: 0.14 | Enq: 0.00 | Pen: -2562.56
2026-06-09 20:11:40,060 | INFO | Update   42 | Steps:  43,008 | Episodes:    42 | EpReward:   -76.22 | FPS:     22 | Actor Loss: -0.0001 | Critic Loss: 0.0086
2026-06-09 20:11:40,060 | INFO |   Env | HO: 68.71% | Cont: 95.10% | Task: 75.25% | Resolved: 99.96% | Delay: 3.089s | Energy: 4409.80J | LB: 0.088
2026-06-09 20:11:40,060 | INFO |   Reward | D: -3849.19 | E: -12.77 | Q: 1464.80 | H: 31.68 | LB: 0.11 | Enq: 0.00 | Pen: -2580.86
2026-06-09 20:12:26,805 | INFO | Update   43 | Steps:  44,032 | Episodes:    43 | EpReward:   -75.62 | FPS:     22 | Actor Loss: -0.0003 | Critic Loss: 0.0027
2026-06-09 20:12:26,806 | INFO |   Env | HO: 66.14% | Cont: 95.26% | Task: 76.03% | Resolved: 99.98% | Delay: 3.043s | Energy: 4315.25J | LB: 0.083
2026-06-09 20:12:26,806 | INFO |   Reward | D: -3840.66 | E: -12.66 | Q: 1608.40 | H: 31.20 | LB: 0.05 | Enq: 0.00 | Pen: -2502.31
2026-06-09 20:13:05,172 | INFO | Update   44 | Steps:  45,056 | Episodes:    44 | EpReward:   -75.48 | FPS:     27 | Actor Loss: -0.0004 | Critic Loss: 0.0062
2026-06-09 20:13:05,172 | INFO |   Env | HO: 64.04% | Cont: 94.80% | Task: 75.81% | Resolved: 99.94% | Delay: 3.064s | Energy: 4463.70J | LB: 0.086
2026-06-09 20:13:05,173 | INFO |   Reward | D: -3890.31 | E: -13.15 | Q: 1594.80 | H: 31.25 | LB: -0.00 | Enq: 0.00 | Pen: -2634.63
2026-06-09 20:13:40,764 | INFO | Update   45 | Steps:  46,080 | Episodes:    45 | EpReward:   -75.27 | FPS:     29 | Actor Loss: 0.0004 | Critic Loss: 0.0087
2026-06-09 20:13:40,765 | INFO |   Env | HO: 70.00% | Cont: 95.56% | Task: 76.56% | Resolved: 99.99% | Delay: 3.054s | Energy: 4389.91J | LB: 0.070
2026-06-09 20:13:40,765 | INFO |   Reward | D: -3842.33 | E: -12.88 | Q: 1695.20 | H: 30.92 | LB: 0.05 | Enq: 0.00 | Pen: -2573.04
2026-06-09 20:14:19,854 | INFO | Update   46 | Steps:  47,104 | Episodes:    46 | EpReward:   -74.87 | FPS:     26 | Actor Loss: -0.0004 | Critic Loss: 0.0050
2026-06-09 20:14:19,859 | INFO |   Env | HO: 70.17% | Cont: 96.35% | Task: 76.91% | Resolved: 99.99% | Delay: 3.052s | Energy: 4435.22J | LB: 0.060
2026-06-09 20:14:19,859 | INFO |   Reward | D: -3902.44 | E: -13.01 | Q: 1764.40 | H: 27.85 | LB: 0.12 | Enq: 0.00 | Pen: -2626.83
2026-06-09 20:15:04,459 | INFO | Update   47 | Steps:  48,128 | Episodes:    47 | EpReward:   -74.66 | FPS:     23 | Actor Loss: 0.0002 | Critic Loss: 0.0060
2026-06-09 20:15:04,459 | INFO |   Env | HO: 67.22% | Cont: 96.14% | Task: 75.27% | Resolved: 99.94% | Delay: 3.176s | Energy: 4751.78J | LB: 0.074
2026-06-09 20:15:04,459 | INFO |   Reward | D: -3965.19 | E: -12.93 | Q: 1477.20 | H: 29.49 | LB: 0.11 | Enq: 0.00 | Pen: -3012.20
2026-06-09 20:15:50,078 | INFO | Update   48 | Steps:  49,152 | Episodes:    48 | EpReward:   -73.98 | FPS:     22 | Actor Loss: -0.0005 | Critic Loss: 0.0084
2026-06-09 20:15:50,078 | INFO |   Env | HO: 70.90% | Cont: 95.98% | Task: 77.62% | Resolved: 99.92% | Delay: 2.989s | Energy: 4196.47J | LB: 0.095
2026-06-09 20:15:50,079 | INFO |   Reward | D: -3826.49 | E: -12.52 | Q: 1887.20 | H: 27.88 | LB: 0.07 | Enq: 0.00 | Pen: -2403.06
2026-06-09 20:16:24,882 | INFO | Update   49 | Steps:  50,176 | Episodes:    49 | EpReward:   -73.67 | FPS:     29 | Actor Loss: 0.0003 | Critic Loss: 0.0138
2026-06-09 20:16:24,883 | INFO |   Env | HO: 68.41% | Cont: 95.77% | Task: 76.36% | Resolved: 99.96% | Delay: 3.099s | Energy: 4542.31J | LB: 0.097
2026-06-09 20:16:24,883 | INFO |   Reward | D: -3942.31 | E: -12.92 | Q: 1691.20 | H: 27.87 | LB: 0.01 | Enq: 0.00 | Pen: -2797.86
2026-06-09 20:16:24,883 | INFO | ----------------------------------------
2026-06-09 20:16:24,883 | INFO | 开始评估...
2026-06-09 20:16:50,404 | INFO | 评估结果: 奖励 = -79.12 ± 0.62, 长度 = 600, 时延 = 3.235s, 能耗 = 9142.02J, 负载均衡 = 0.047
2026-06-09 20:16:50,405 | INFO | 新的最佳模型 (average delay): score = -3.2351, delay = 3.235s, completion = 74.53%, continuity = 98.19%, load_balance = 0.047
2026-06-09 20:16:50,425 | INFO | 模型已保存: /home/pjpjq/LEO_switch/results/baseline_compare/multiuser_scaling_multiuser_6_7/u40/learned_baselines/mappo_no_han/best_model.pt
2026-06-09 20:16:50,425 | INFO | 新的最佳奖励: -79.12
2026-06-09 20:16:50,425 | INFO | ----------------------------------------
2026-06-09 20:17:34,404 | INFO | Update   50 | Steps:  51,200 | Episodes:    50 | EpReward:   -73.50 | FPS:     23 | Actor Loss: 0.0003 | Critic Loss: 0.0078
2026-06-09 20:17:34,404 | INFO |   Env | HO: 70.11% | Cont: 96.42% | Task: 76.08% | Resolved: 99.98% | Delay: 3.112s | Energy: 4580.04J | LB: 0.070
2026-06-09 20:17:34,404 | INFO |   Reward | D: -3893.01 | E: -12.77 | Q: 1605.20 | H: 30.89 | LB: 0.08 | Enq: 0.00 | Pen: -2948.93
2026-06-09 20:18:19,717 | INFO | Update   51 | Steps:  52,224 | Episodes:    51 | EpReward:   -73.51 | FPS:     23 | Actor Loss: 0.0000 | Critic Loss: 0.0068
2026-06-09 20:18:19,717 | INFO |   Env | HO: 66.31% | Cont: 96.27% | Task: 75.13% | Resolved: 99.92% | Delay: 3.137s | Energy: 4631.35J | LB: 0.064
2026-06-09 20:18:19,718 | INFO |   Reward | D: -3945.83 | E: -12.62 | Q: 1456.40 | H: 23.04 | LB: 0.06 | Enq: 0.00 | Pen: -3002.11
2026-06-09 20:19:00,771 | INFO | Update   52 | Steps:  53,248 | Episodes:    52 | EpReward:   -73.35 | FPS:     25 | Actor Loss: -0.0000 | Critic Loss: 0.0040
2026-06-09 20:19:00,771 | INFO |   Env | HO: 69.69% | Cont: 96.82% | Task: 76.38% | Resolved: 99.97% | Delay: 3.068s | Energy: 4429.96J | LB: 0.086
2026-06-09 20:19:00,771 | INFO |   Reward | D: -3872.11 | E: -12.48 | Q: 1656.40 | H: 24.56 | LB: 0.08 | Enq: 0.00 | Pen: -2702.83
2026-06-09 20:19:45,282 | INFO | Update   53 | Steps:  54,272 | Episodes:    53 | EpReward:   -73.31 | FPS:     23 | Actor Loss: 0.0003 | Critic Loss: 0.0033
2026-06-09 20:19:45,283 | INFO |   Env | HO: 67.26% | Cont: 96.01% | Task: 77.26% | Resolved: 99.95% | Delay: 3.024s | Energy: 4334.35J | LB: 0.104
2026-06-09 20:19:45,283 | INFO |   Reward | D: -3866.49 | E: -12.87 | Q: 1839.60 | H: 27.40 | LB: 0.14 | Enq: 0.00 | Pen: -2535.71
2026-06-09 20:20:33,861 | INFO | Update   54 | Steps:  55,296 | Episodes:    54 | EpReward:   -73.06 | FPS:     21 | Actor Loss: 0.0000 | Critic Loss: 0.0124
2026-06-09 20:20:33,861 | INFO |   Env | HO: 71.54% | Cont: 96.77% | Task: 76.82% | Resolved: 99.97% | Delay: 3.056s | Energy: 4412.94J | LB: 0.093
2026-06-09 20:20:33,861 | INFO |   Reward | D: -3859.69 | E: -12.71 | Q: 1736.80 | H: 21.27 | LB: 0.05 | Enq: 0.00 | Pen: -2693.58
2026-06-09 20:21:17,111 | INFO | Update   55 | Steps:  56,320 | Episodes:    55 | EpReward:   -72.53 | FPS:     24 | Actor Loss: -0.0001 | Critic Loss: 0.0035
2026-06-09 20:21:17,111 | INFO |   Env | HO: 68.65% | Cont: 96.72% | Task: 78.13% | Resolved: 100.00% | Delay: 2.936s | Energy: 4006.19J | LB: 0.110
2026-06-09 20:21:17,112 | INFO |   Reward | D: -3793.78 | E: -12.16 | Q: 1958.40 | H: 22.86 | LB: 0.04 | Enq: 0.00 | Pen: -2320.51
2026-06-09 20:21:58,763 | INFO | Update   56 | Steps:  57,344 | Episodes:    56 | EpReward:   -71.93 | FPS:     25 | Actor Loss: 0.0001 | Critic Loss: 0.0058
2026-06-09 20:21:58,763 | INFO |   Env | HO: 69.20% | Cont: 96.69% | Task: 77.55% | Resolved: 99.99% | Delay: 3.010s | Energy: 4215.59J | LB: 0.108
2026-06-09 20:21:58,763 | INFO |   Reward | D: -3829.06 | E: -12.41 | Q: 1868.00 | H: 21.68 | LB: 0.00 | Enq: 0.00 | Pen: -2501.94
2026-06-09 20:22:46,207 | INFO | Update   57 | Steps:  58,368 | Episodes:    57 | EpReward:   -71.77 | FPS:     22 | Actor Loss: -0.0001 | Critic Loss: 0.0142
2026-06-09 20:22:46,207 | INFO |   Env | HO: 70.00% | Cont: 96.70% | Task: 76.85% | Resolved: 99.98% | Delay: 3.036s | Energy: 4253.27J | LB: 0.094
2026-06-09 20:22:46,207 | INFO |   Reward | D: -3859.87 | E: -12.13 | Q: 1746.80 | H: 22.47 | LB: 0.10 | Enq: 0.00 | Pen: -2638.04
2026-06-09 20:23:32,707 | INFO | Update   58 | Steps:  59,392 | Episodes:    58 | EpReward:   -71.63 | FPS:     22 | Actor Loss: 0.0003 | Critic Loss: 0.0127
2026-06-09 20:23:32,707 | INFO |   Env | HO: 68.37% | Cont: 97.48% | Task: 76.64% | Resolved: 99.98% | Delay: 3.101s | Energy: 4581.77J | LB: 0.105
2026-06-09 20:23:32,707 | INFO |   Reward | D: -3968.43 | E: -12.42 | Q: 1720.80 | H: 20.54 | LB: 0.06 | Enq: 0.00 | Pen: -2977.94
2026-06-09 20:24:14,117 | INFO | Update   59 | Steps:  60,416 | Episodes:    59 | EpReward:   -71.14 | FPS:     25 | Actor Loss: 0.0005 | Critic Loss: 0.0048
2026-06-09 20:24:14,117 | INFO |   Env | HO: 67.66% | Cont: 96.09% | Task: 79.64% | Resolved: 99.98% | Delay: 2.892s | Energy: 3751.61J | LB: 0.143
2026-06-09 20:24:14,117 | INFO |   Reward | D: -3692.46 | E: -12.06 | Q: 2210.00 | H: 25.28 | LB: 0.07 | Enq: 0.00 | Pen: -1985.45
2026-06-09 20:24:49,732 | INFO | Update   60 | Steps:  61,440 | Episodes:    60 | EpReward:   -71.06 | FPS:     29 | Actor Loss: -0.0001 | Critic Loss: 0.0032
2026-06-09 20:24:49,737 | INFO |   Env | HO: 69.11% | Cont: 97.38% | Task: 75.28% | Resolved: 99.97% | Delay: 3.133s | Energy: 4639.96J | LB: 0.090
2026-06-09 20:24:49,737 | INFO |   Reward | D: -3963.07 | E: -12.23 | Q: 1467.60 | H: 21.17 | LB: 0.05 | Enq: 0.00 | Pen: -3112.37
2026-06-09 20:25:36,504 | INFO | Update   61 | Steps:  62,464 | Episodes:    61 | EpReward:   -70.59 | FPS:     22 | Actor Loss: 0.0005 | Critic Loss: 0.0035
2026-06-09 20:25:36,504 | INFO |   Env | HO: 69.83% | Cont: 96.74% | Task: 78.39% | Resolved: 99.96% | Delay: 2.976s | Energy: 4092.51J | LB: 0.124
2026-06-09 20:25:36,504 | INFO |   Reward | D: -3824.20 | E: -12.09 | Q: 2014.80 | H: 22.82 | LB: 0.03 | Enq: 0.00 | Pen: -2424.10
2026-06-09 20:26:22,132 | INFO | Update   62 | Steps:  63,488 | Episodes:    62 | EpReward:   -70.54 | FPS:     22 | Actor Loss: -0.0000 | Critic Loss: 0.0054
2026-06-09 20:26:22,133 | INFO |   Env | HO: 67.42% | Cont: 95.88% | Task: 76.45% | Resolved: 99.94% | Delay: 3.033s | Energy: 4279.28J | LB: 0.111
2026-06-09 20:26:22,133 | INFO |   Reward | D: -3872.75 | E: -12.09 | Q: 1694.00 | H: 25.64 | LB: 0.04 | Enq: 0.00 | Pen: -2729.35
2026-06-09 20:27:13,945 | INFO | Update   63 | Steps:  64,512 | Episodes:    63 | EpReward:   -70.55 | FPS:     20 | Actor Loss: 0.0001 | Critic Loss: 0.0127
2026-06-09 20:27:13,945 | INFO |   Env | HO: 67.17% | Cont: 97.06% | Task: 76.93% | Resolved: 99.95% | Delay: 3.071s | Energy: 4412.44J | LB: 0.088
2026-06-09 20:27:13,945 | INFO |   Reward | D: -3906.44 | E: -12.35 | Q: 1755.20 | H: 24.22 | LB: 0.10 | Enq: 0.00 | Pen: -2833.66
2026-06-09 20:28:02,866 | INFO | Update   64 | Steps:  65,536 | Episodes:    64 | EpReward:   -70.53 | FPS:     21 | Actor Loss: 0.0004 | Critic Loss: 0.0121
2026-06-09 20:28:02,866 | INFO |   Env | HO: 70.77% | Cont: 97.07% | Task: 75.91% | Resolved: 99.94% | Delay: 3.151s | Energy: 4667.39J | LB: 0.068
2026-06-09 20:28:02,866 | INFO |   Reward | D: -3957.98 | E: -12.33 | Q: 1576.40 | H: 27.29 | LB: 0.06 | Enq: 0.00 | Pen: -3134.62
2026-06-09 20:28:39,020 | INFO | Update   65 | Steps:  66,560 | Episodes:    65 | EpReward:   -70.30 | FPS:     28 | Actor Loss: -0.0001 | Critic Loss: 0.0112
2026-06-09 20:28:39,023 | INFO |   Env | HO: 64.52% | Cont: 96.07% | Task: 76.53% | Resolved: 99.96% | Delay: 3.073s | Energy: 4394.46J | LB: 0.118
2026-06-09 20:28:39,024 | INFO |   Reward | D: -3909.33 | E: -12.51 | Q: 1708.40 | H: 27.35 | LB: 0.14 | Enq: 0.00 | Pen: -2754.30
2026-06-09 20:29:19,587 | INFO | Update   66 | Steps:  67,584 | Episodes:    66 | EpReward:   -70.20 | FPS:     25 | Actor Loss: 0.0001 | Critic Loss: 0.0112
2026-06-09 20:29:19,588 | INFO |   Env | HO: 71.96% | Cont: 96.73% | Task: 77.30% | Resolved: 99.98% | Delay: 3.012s | Energy: 4192.65J | LB: 0.135
2026-06-09 20:29:19,588 | INFO |   Reward | D: -3890.64 | E: -12.12 | Q: 1838.00 | H: 23.63 | LB: 0.14 | Enq: 0.00 | Pen: -2563.74
2026-06-09 20:30:04,571 | INFO | Update   67 | Steps:  68,608 | Episodes:    67 | EpReward:   -70.03 | FPS:     23 | Actor Loss: 0.0001 | Critic Loss: 0.0154
2026-06-09 20:30:04,571 | INFO |   Env | HO: 66.83% | Cont: 97.02% | Task: 76.48% | Resolved: 99.98% | Delay: 3.110s | Energy: 4451.96J | LB: 0.090
2026-06-09 20:30:04,572 | INFO |   Reward | D: -3899.36 | E: -12.11 | Q: 1666.80 | H: 24.47 | LB: 0.01 | Enq: 0.00 | Pen: -2855.98
2026-06-09 20:30:46,631 | INFO | Update   68 | Steps:  69,632 | Episodes:    68 | EpReward:   -69.88 | FPS:     24 | Actor Loss: -0.0000 | Critic Loss: 0.0125
2026-06-09 20:30:46,632 | INFO |   Env | HO: 67.13% | Cont: 96.18% | Task: 77.93% | Resolved: 99.97% | Delay: 3.007s | Energy: 4105.42J | LB: 0.075
2026-06-09 20:30:46,633 | INFO |   Reward | D: -3762.99 | E: -12.16 | Q: 1906.40 | H: 26.74 | LB: 0.12 | Enq: 0.00 | Pen: -2456.56
2026-06-09 20:31:26,231 | INFO | Update   69 | Steps:  70,656 | Episodes:    69 | EpReward:   -69.51 | FPS:     26 | Actor Loss: 0.0003 | Critic Loss: 0.0059
2026-06-09 20:31:26,231 | INFO |   Env | HO: 69.93% | Cont: 96.32% | Task: 77.92% | Resolved: 99.95% | Delay: 2.979s | Energy: 4122.57J | LB: 0.109
2026-06-09 20:31:26,231 | INFO |   Reward | D: -3864.99 | E: -12.14 | Q: 1943.60 | H: 30.04 | LB: 0.07 | Enq: 0.00 | Pen: -2495.09
2026-06-09 20:32:02,579 | INFO | Update   70 | Steps:  71,680 | Episodes:    70 | EpReward:   -69.44 | FPS:     28 | Actor Loss: 0.0007 | Critic Loss: 0.0162
2026-06-09 20:32:02,579 | INFO |   Env | HO: 69.00% | Cont: 96.59% | Task: 76.19% | Resolved: 99.90% | Delay: 3.127s | Energy: 4629.65J | LB: 0.092
2026-06-09 20:32:02,579 | INFO |   Reward | D: -3957.64 | E: -12.65 | Q: 1643.60 | H: 29.89 | LB: 0.19 | Enq: 0.00 | Pen: -3021.97
2026-06-09 20:32:56,013 | INFO | Update   71 | Steps:  72,704 | Episodes:    71 | EpReward:   -69.31 | FPS:     19 | Actor Loss: 0.0002 | Critic Loss: 0.0195
2026-06-09 20:32:56,013 | INFO |   Env | HO: 69.07% | Cont: 96.97% | Task: 76.76% | Resolved: 100.00% | Delay: 3.076s | Energy: 4480.38J | LB: 0.079
2026-06-09 20:32:56,013 | INFO |   Reward | D: -3920.44 | E: -12.50 | Q: 1724.00 | H: 32.11 | LB: 0.08 | Enq: 0.00 | Pen: -2885.21
2026-06-09 20:33:46,592 | INFO | Update   72 | Steps:  73,728 | Episodes:    72 | EpReward:   -69.03 | FPS:     20 | Actor Loss: 0.0002 | Critic Loss: 0.0121
2026-06-09 20:33:46,597 | INFO |   Env | HO: 71.22% | Cont: 95.61% | Task: 77.74% | Resolved: 99.95% | Delay: 2.979s | Energy: 4095.32J | LB: 0.122
2026-06-09 20:33:46,597 | INFO |   Reward | D: -3833.21 | E: -12.30 | Q: 1918.80 | H: 34.91 | LB: 0.04 | Enq: 0.00 | Pen: -2446.82
2026-06-09 20:34:36,324 | INFO | Update   73 | Steps:  74,752 | Episodes:    73 | EpReward:   -68.85 | FPS:     21 | Actor Loss: 0.0002 | Critic Loss: 0.0118
2026-06-09 20:34:36,324 | INFO |   Env | HO: 66.80% | Cont: 95.59% | Task: 77.01% | Resolved: 99.98% | Delay: 2.999s | Energy: 4188.56J | LB: 0.108
2026-06-09 20:34:36,324 | INFO |   Reward | D: -3822.01 | E: -12.46 | Q: 1788.40 | H: 29.67 | LB: 0.18 | Enq: 0.00 | Pen: -2573.85
2026-06-09 20:35:21,661 | INFO | Update   74 | Steps:  75,776 | Episodes:    74 | EpReward:   -68.45 | FPS:     23 | Actor Loss: 0.0004 | Critic Loss: 0.0064
2026-06-09 20:35:21,661 | INFO |   Env | HO: 68.63% | Cont: 96.19% | Task: 77.74% | Resolved: 99.96% | Delay: 3.021s | Energy: 4264.93J | LB: 0.116
2026-06-09 20:35:21,661 | INFO |   Reward | D: -3844.77 | E: -12.55 | Q: 1913.20 | H: 26.65 | LB: 0.07 | Enq: 0.00 | Pen: -2555.25
2026-06-09 20:36:04,883 | INFO | Update   75 | Steps:  76,800 | Episodes:    75 | EpReward:   -68.48 | FPS:     24 | Actor Loss: 0.0005 | Critic Loss: 0.0105
2026-06-09 20:36:04,883 | INFO |   Env | HO: 66.01% | Cont: 94.09% | Task: 75.23% | Resolved: 99.94% | Delay: 3.111s | Energy: 4423.91J | LB: 0.089
2026-06-09 20:36:04,883 | INFO |   Reward | D: -3871.25 | E: -12.30 | Q: 1468.00 | H: 49.32 | LB: 0.07 | Enq: 0.00 | Pen: -2912.48
2026-06-09 20:36:45,728 | INFO | Update   76 | Steps:  77,824 | Episodes:    76 | EpReward:   -68.53 | FPS:     25 | Actor Loss: -0.0001 | Critic Loss: 0.0066
2026-06-09 20:36:45,728 | INFO |   Env | HO: 65.50% | Cont: 94.90% | Task: 76.80% | Resolved: 99.89% | Delay: 3.028s | Energy: 4191.75J | LB: 0.106
2026-06-09 20:36:45,733 | INFO |   Reward | D: -3782.27 | E: -12.24 | Q: 1731.20 | H: 36.58 | LB: -0.01 | Enq: 0.00 | Pen: -2581.23
2026-06-09 20:37:23,411 | INFO | Update   77 | Steps:  78,848 | Episodes:    77 | EpReward:   -68.18 | FPS:     27 | Actor Loss: 0.0003 | Critic Loss: 0.0035
2026-06-09 20:37:23,411 | INFO |   Env | HO: 66.35% | Cont: 95.22% | Task: 76.74% | Resolved: 99.92% | Delay: 3.003s | Energy: 4136.16J | LB: 0.108
2026-06-09 20:37:23,411 | INFO |   Reward | D: -3819.54 | E: -12.17 | Q: 1730.00 | H: 34.24 | LB: 0.14 | Enq: 0.00 | Pen: -2526.77
2026-06-09 20:38:09,875 | INFO | Update   78 | Steps:  79,872 | Episodes:    78 | EpReward:   -68.25 | FPS:     22 | Actor Loss: 0.0002 | Critic Loss: 0.0097
2026-06-09 20:38:09,875 | INFO |   Env | HO: 68.90% | Cont: 94.56% | Task: 74.41% | Resolved: 99.94% | Delay: 3.138s | Energy: 4512.00J | LB: 0.076
2026-06-09 20:38:09,875 | INFO |   Reward | D: -3931.79 | E: -12.22 | Q: 1338.80 | H: 37.69 | LB: 0.12 | Enq: 0.00 | Pen: -3070.07
2026-06-09 20:38:54,465 | INFO | Update   79 | Steps:  80,896 | Episodes:    79 | EpReward:   -67.82 | FPS:     23 | Actor Loss: -0.0001 | Critic Loss: 0.0087
2026-06-09 20:38:54,465 | INFO |   Env | HO: 69.24% | Cont: 95.53% | Task: 78.81% | Resolved: 99.97% | Delay: 2.888s | Energy: 3808.38J | LB: 0.142
2026-06-09 20:38:54,465 | INFO |   Reward | D: -3718.63 | E: -12.32 | Q: 2089.60 | H: 33.01 | LB: 0.09 | Enq: 0.00 | Pen: -2090.03
2026-06-09 20:39:29,881 | INFO | Update   80 | Steps:  81,920 | Episodes:    80 | EpReward:   -67.84 | FPS:     29 | Actor Loss: 0.0002 | Critic Loss: 0.0077
2026-06-09 20:39:29,881 | INFO |   Env | HO: 69.23% | Cont: 95.47% | Task: 77.31% | Resolved: 99.98% | Delay: 2.976s | Energy: 4106.16J | LB: 0.110
2026-06-09 20:39:29,881 | INFO |   Reward | D: -3808.81 | E: -12.21 | Q: 1832.80 | H: 32.65 | LB: 0.09 | Enq: 0.00 | Pen: -2521.61
2026-06-09 20:40:10,138 | INFO | Update   81 | Steps:  82,944 | Episodes:    81 | EpReward:   -67.85 | FPS:     25 | Actor Loss: 0.0004 | Critic Loss: 0.0061
2026-06-09 20:40:10,139 | INFO |   Env | HO: 66.40% | Cont: 94.85% | Task: 75.25% | Resolved: 99.94% | Delay: 3.142s | Energy: 4476.52J | LB: 0.073
2026-06-09 20:40:10,139 | INFO |   Reward | D: -3876.47 | E: -12.23 | Q: 1468.40 | H: 35.04 | LB: 0.16 | Enq: 0.00 | Pen: -2916.81
2026-06-09 20:40:56,152 | INFO | Update   82 | Steps:  83,968 | Episodes:    82 | EpReward:   -67.43 | FPS:     22 | Actor Loss: 0.0001 | Critic Loss: 0.0031
2026-06-09 20:40:56,152 | INFO |   Env | HO: 68.20% | Cont: 96.11% | Task: 79.89% | Resolved: 99.96% | Delay: 2.849s | Energy: 3635.92J | LB: 0.140
2026-06-09 20:40:56,152 | INFO |   Reward | D: -3652.57 | E: -11.80 | Q: 2243.20 | H: 27.99 | LB: 0.08 | Enq: 0.00 | Pen: -1966.34
2026-06-09 20:41:42,355 | INFO | Update   83 | Steps:  84,992 | Episodes:    83 | EpReward:   -67.08 | FPS:     22 | Actor Loss: 0.0002 | Critic Loss: 0.0029
2026-06-09 20:41:42,355 | INFO |   Env | HO: 69.20% | Cont: 96.01% | Task: 79.86% | Resolved: 99.94% | Delay: 2.833s | Energy: 3637.80J | LB: 0.131
2026-06-09 20:41:42,355 | INFO |   Reward | D: -3694.86 | E: -12.10 | Q: 2269.60 | H: 29.92 | LB: 0.01 | Enq: 0.00 | Pen: -1922.00
2026-06-09 20:42:35,356 | INFO | Update   84 | Steps:  86,016 | Episodes:    84 | EpReward:   -67.08 | FPS:     19 | Actor Loss: 0.0005 | Critic Loss: 0.0076
2026-06-09 20:42:35,356 | INFO |   Env | HO: 67.75% | Cont: 96.26% | Task: 76.01% | Resolved: 99.92% | Delay: 3.139s | Energy: 4595.24J | LB: 0.086
2026-06-09 20:42:35,356 | INFO |   Reward | D: -3924.13 | E: -12.32 | Q: 1602.00 | H: 30.76 | LB: 0.05 | Enq: 0.00 | Pen: -3067.45
2026-06-09 20:43:21,381 | INFO | Update   85 | Steps:  87,040 | Episodes:    85 | EpReward:   -67.02 | FPS:     22 | Actor Loss: 0.0001 | Critic Loss: 0.0028
2026-06-09 20:43:21,382 | INFO |   Env | HO: 66.12% | Cont: 95.43% | Task: 77.28% | Resolved: 99.96% | Delay: 2.968s | Energy: 4021.49J | LB: 0.106
2026-06-09 20:43:21,382 | INFO |   Reward | D: -3791.41 | E: -11.99 | Q: 1822.40 | H: 34.82 | LB: 0.04 | Enq: 0.00 | Pen: -2512.43
2026-06-09 20:44:05,476 | INFO | Update   86 | Steps:  88,064 | Episodes:    86 | EpReward:   -67.13 | FPS:     23 | Actor Loss: 0.0002 | Critic Loss: 0.0118
2026-06-09 20:44:05,476 | INFO |   Env | HO: 68.17% | Cont: 94.56% | Task: 75.47% | Resolved: 99.93% | Delay: 3.078s | Energy: 4247.99J | LB: 0.093
2026-06-09 20:44:05,476 | INFO |   Reward | D: -3819.29 | E: -11.89 | Q: 1516.00 | H: 31.73 | LB: 0.05 | Enq: 0.00 | Pen: -2796.15
2026-06-09 20:44:46,801 | INFO | Update   87 | Steps:  89,088 | Episodes:    87 | EpReward:   -67.16 | FPS:     25 | Actor Loss: 0.0004 | Critic Loss: 0.0078
2026-06-09 20:44:46,801 | INFO |   Env | HO: 68.10% | Cont: 95.49% | Task: 75.91% | Resolved: 99.93% | Delay: 3.040s | Energy: 4243.20J | LB: 0.091
2026-06-09 20:44:46,801 | INFO |   Reward | D: -3846.39 | E: -11.92 | Q: 1584.00 | H: 28.19 | LB: 0.17 | Enq: 0.00 | Pen: -2785.44
2026-06-09 20:45:22,614 | INFO | Update   88 | Steps:  90,112 | Episodes:    88 | EpReward:   -67.26 | FPS:     29 | Actor Loss: 0.0001 | Critic Loss: 0.0047
2026-06-09 20:45:22,614 | INFO |   Env | HO: 67.70% | Cont: 96.72% | Task: 76.43% | Resolved: 99.98% | Delay: 3.106s | Energy: 4447.52J | LB: 0.106
2026-06-09 20:45:22,614 | INFO |   Reward | D: -3910.15 | E: -12.23 | Q: 1677.60 | H: 23.00 | LB: 0.06 | Enq: 0.00 | Pen: -2865.31
2026-06-09 20:46:05,347 | INFO | Update   89 | Steps:  91,136 | Episodes:    89 | EpReward:   -67.17 | FPS:     24 | Actor Loss: 0.0000 | Critic Loss: 0.0163
2026-06-09 20:46:05,348 | INFO |   Env | HO: 67.68% | Cont: 96.79% | Task: 76.33% | Resolved: 99.98% | Delay: 3.089s | Energy: 4488.81J | LB: 0.095
2026-06-09 20:46:05,348 | INFO |   Reward | D: -3894.84 | E: -12.28 | Q: 1656.00 | H: 25.91 | LB: 0.12 | Enq: 0.00 | Pen: -2938.12
2026-06-09 20:46:49,950 | INFO | Update   90 | Steps:  92,160 | Episodes:    90 | EpReward:   -67.13 | FPS:     23 | Actor Loss: 0.0002 | Critic Loss: 0.0113
2026-06-09 20:46:49,950 | INFO |   Env | HO: 69.08% | Cont: 96.98% | Task: 77.80% | Resolved: 99.96% | Delay: 3.007s | Energy: 4305.47J | LB: 0.099
2026-06-09 20:46:49,950 | INFO |   Reward | D: -3876.74 | E: -12.21 | Q: 1924.40 | H: 22.33 | LB: 0.07 | Enq: 0.00 | Pen: -2717.68
2026-06-09 20:47:32,600 | INFO | Update   91 | Steps:  93,184 | Episodes:    91 | EpReward:   -66.84 | FPS:     24 | Actor Loss: 0.0000 | Critic Loss: 0.0073
2026-06-09 20:47:32,601 | INFO |   Env | HO: 68.85% | Cont: 97.18% | Task: 78.36% | Resolved: 99.96% | Delay: 2.998s | Energy: 4262.20J | LB: 0.089
2026-06-09 20:47:32,601 | INFO |   Reward | D: -3841.16 | E: -12.34 | Q: 2004.00 | H: 21.23 | LB: 0.08 | Enq: 0.00 | Pen: -2702.57
2026-06-09 20:48:24,647 | INFO | Update   92 | Steps:  94,208 | Episodes:    92 | EpReward:   -66.84 | FPS:     20 | Actor Loss: 0.0001 | Critic Loss: 0.0206
2026-06-09 20:48:24,648 | INFO |   Env | HO: 67.41% | Cont: 97.45% | Task: 76.75% | Resolved: 99.97% | Delay: 3.081s | Energy: 4590.12J | LB: 0.100
2026-06-09 20:48:24,648 | INFO |   Reward | D: -3963.87 | E: -12.49 | Q: 1753.20 | H: 18.70 | LB: 0.09 | Enq: 0.00 | Pen: -3011.66
2026-06-09 20:49:01,421 | INFO | Update   93 | Steps:  95,232 | Episodes:    93 | EpReward:   -66.88 | FPS:     28 | Actor Loss: 0.0000 | Critic Loss: 0.0199
2026-06-09 20:49:01,421 | INFO |   Env | HO: 67.37% | Cont: 96.92% | Task: 76.21% | Resolved: 99.99% | Delay: 3.078s | Energy: 4437.71J | LB: 0.085
2026-06-09 20:49:01,421 | INFO |   Reward | D: -3901.11 | E: -12.24 | Q: 1627.60 | H: 21.55 | LB: 0.01 | Enq: 0.00 | Pen: -2936.83
2026-06-09 20:49:44,450 | INFO | Update   94 | Steps:  96,256 | Episodes:    94 | EpReward:   -66.92 | FPS:     24 | Actor Loss: -0.0001 | Critic Loss: 0.0128
2026-06-09 20:49:44,450 | INFO |   Env | HO: 70.15% | Cont: 97.85% | Task: 75.50% | Resolved: 99.99% | Delay: 3.160s | Energy: 4830.19J | LB: 0.064
2026-06-09 20:49:44,450 | INFO |   Reward | D: -4033.17 | E: -12.58 | Q: 1534.00 | H: 14.01 | LB: 0.00 | Enq: 0.00 | Pen: -3301.47
2026-06-09 20:50:23,215 | INFO | Update   95 | Steps:  97,280 | Episodes:    95 | EpReward:   -66.74 | FPS:     26 | Actor Loss: 0.0002 | Critic Loss: 0.0088
2026-06-09 20:50:23,215 | INFO |   Env | HO: 68.53% | Cont: 97.16% | Task: 77.29% | Resolved: 99.98% | Delay: 3.033s | Energy: 4309.91J | LB: 0.090
2026-06-09 20:50:23,216 | INFO |   Reward | D: -3870.50 | E: -12.22 | Q: 1816.40 | H: 20.24 | LB: 0.11 | Enq: 0.00 | Pen: -2746.32
2026-06-09 20:51:13,038 | INFO | Update   96 | Steps:  98,304 | Episodes:    96 | EpReward:   -66.71 | FPS:     21 | Actor Loss: 0.0002 | Critic Loss: 0.0126
2026-06-09 20:51:13,039 | INFO |   Env | HO: 63.93% | Cont: 96.54% | Task: 75.81% | Resolved: 99.96% | Delay: 3.132s | Energy: 4587.61J | LB: 0.068
2026-06-09 20:51:13,039 | INFO |   Reward | D: -3900.97 | E: -12.35 | Q: 1563.60 | H: 22.75 | LB: 0.20 | Enq: 0.00 | Pen: -3107.30
2026-06-09 20:52:03,089 | INFO | Update   97 | Steps:  99,328 | Episodes:    97 | EpReward:   -66.73 | FPS:     20 | Actor Loss: 0.0006 | Critic Loss: 0.0069
2026-06-09 20:52:03,089 | INFO |   Env | HO: 65.82% | Cont: 96.85% | Task: 76.33% | Resolved: 99.97% | Delay: 3.111s | Energy: 4551.83J | LB: 0.071
2026-06-09 20:52:03,089 | INFO |   Reward | D: -3907.22 | E: -12.29 | Q: 1647.60 | H: 25.28 | LB: 0.17 | Enq: 0.00 | Pen: -3019.12
2026-06-09 20:52:47,663 | INFO | Update   98 | Steps: 100,352 | Episodes:    98 | EpReward:   -66.79 | FPS:     23 | Actor Loss: 0.0002 | Critic Loss: 0.0046
2026-06-09 20:52:47,663 | INFO |   Env | HO: 66.73% | Cont: 97.08% | Task: 77.91% | Resolved: 99.95% | Delay: 3.039s | Energy: 4411.93J | LB: 0.099
2026-06-09 20:52:47,663 | INFO |   Reward | D: -3951.29 | E: -12.61 | Q: 1969.60 | H: 23.10 | LB: 0.04 | Enq: 0.00 | Pen: -2791.02
2026-06-09 20:52:47,663 | INFO | ----------------------------------------
2026-06-09 20:52:47,663 | INFO | 开始评估...
2026-06-09 20:53:17,248 | INFO | 评估结果: 奖励 = -80.57 ± 1.36, 长度 = 600, 时延 = 3.234s, 能耗 = 8876.39J, 负载均衡 = 0.045
2026-06-09 20:53:17,252 | INFO | 新的最佳模型 (average delay): score = -3.2338, delay = 3.234s, completion = 73.97%, continuity = 97.49%, load_balance = 0.045
2026-06-09 20:53:17,294 | INFO | 模型已保存: /home/pjpjq/LEO_switch/results/baseline_compare/multiuser_scaling_multiuser_6_7/u40/learned_baselines/mappo_no_han/best_model.pt
2026-06-09 20:53:17,295 | INFO | ----------------------------------------
2026-06-09 20:53:17,328 | INFO | 模型已保存: /home/pjpjq/LEO_switch/results/baseline_compare/multiuser_scaling_multiuser_6_7/u40/learned_baselines/mappo_no_han/checkpoint_100352.pt
2026-06-09 20:53:55,156 | INFO | Update   99 | Steps: 101,376 | Episodes:    99 | EpReward:   -66.63 | FPS:     27 | Actor Loss: 0.0005 | Critic Loss: 0.0041
2026-06-09 20:53:55,157 | INFO |   Env | HO: 68.19% | Cont: 96.74% | Task: 76.97% | Resolved: 99.96% | Delay: 3.083s | Energy: 4475.64J | LB: 0.094
2026-06-09 20:53:55,157 | INFO |   Reward | D: -3880.86 | E: -12.37 | Q: 1772.00 | H: 22.60 | LB: 0.04 | Enq: 0.00 | Pen: -2881.03
2026-06-09 20:54:43,636 | INFO | Update  100 | Steps: 102,400 | Episodes:   100 | EpReward:   -66.44 | FPS:     21 | Actor Loss: -0.0002 | Critic Loss: 0.0040
2026-06-09 20:54:43,636 | INFO |   Env | HO: 67.12% | Cont: 96.71% | Task: 77.63% | Resolved: 99.97% | Delay: 3.014s | Energy: 4242.59J | LB: 0.087
2026-06-09 20:54:43,636 | INFO |   Reward | D: -3845.52 | E: -12.17 | Q: 1882.00 | H: 24.28 | LB: 0.06 | Enq: 0.00 | Pen: -2670.48
2026-06-09 20:55:32,814 | INFO | Update  101 | Steps: 103,424 | Episodes:   101 | EpReward:   -65.74 | FPS:     21 | Actor Loss: 0.0004 | Critic Loss: 0.0103
2026-06-09 20:55:32,818 | INFO |   Env | HO: 66.42% | Cont: 96.68% | Task: 76.22% | Resolved: 99.96% | Delay: 3.142s | Energy: 4623.33J | LB: 0.107
2026-06-09 20:55:32,818 | INFO |   Reward | D: -3915.42 | E: -12.43 | Q: 1645.60 | H: 21.24 | LB: 0.04 | Enq: 0.00 | Pen: -3020.39
2026-06-09 20:56:24,242 | INFO | Update  102 | Steps: 104,448 | Episodes:   102 | EpReward:   -64.69 | FPS:     20 | Actor Loss: 0.0002 | Critic Loss: 0.0034
2026-06-09 20:56:24,243 | INFO |   Env | HO: 70.42% | Cont: 96.61% | Task: 78.74% | Resolved: 99.96% | Delay: 2.952s | Energy: 4003.97J | LB: 0.143
2026-06-09 20:56:24,243 | INFO |   Reward | D: -3750.03 | E: -12.21 | Q: 2065.60 | H: 21.86 | LB: 0.03 | Enq: 0.00 | Pen: -2307.22
2026-06-09 20:57:01,362 | INFO | Update  103 | Steps: 105,472 | Episodes:   103 | EpReward:   -64.05 | FPS:     28 | Actor Loss: 0.0006 | Critic Loss: 0.0033
2026-06-09 20:57:01,362 | INFO |   Env | HO: 68.61% | Cont: 97.33% | Task: 77.18% | Resolved: 99.98% | Delay: 3.052s | Energy: 4469.99J | LB: 0.098
2026-06-09 20:57:01,363 | INFO |   Reward | D: -3918.47 | E: -12.39 | Q: 1821.20 | H: 18.92 | LB: 0.07 | Enq: 0.00 | Pen: -2845.86
2026-06-09 20:57:46,899 | INFO | Update  104 | Steps: 106,496 | Episodes:   104 | EpReward:   -63.34 | FPS:     22 | Actor Loss: 0.0001 | Critic Loss: 0.0054
2026-06-09 20:57:46,900 | INFO |   Env | HO: 67.68% | Cont: 96.35% | Task: 78.33% | Resolved: 99.94% | Delay: 2.929s | Energy: 3972.14J | LB: 0.129
2026-06-09 20:57:46,901 | INFO |   Reward | D: -3753.35 | E: -12.15 | Q: 2000.80 | H: 20.30 | LB: 0.13 | Enq: 0.00 | Pen: -2320.69
2026-06-09 20:58:30,967 | INFO | Update  105 | Steps: 107,520 | Episodes:   105 | EpReward:   -62.83 | FPS:     23 | Actor Loss: 0.0005 | Critic Loss: 0.0051
2026-06-09 20:58:30,967 | INFO |   Env | HO: 66.62% | Cont: 96.72% | Task: 76.55% | Resolved: 99.99% | Delay: 3.095s | Energy: 4598.34J | LB: 0.085
2026-06-09 20:58:30,967 | INFO |   Reward | D: -3929.62 | E: -12.58 | Q: 1700.80 | H: 26.22 | LB: 0.08 | Enq: 0.00 | Pen: -3008.62
2026-06-09 20:59:07,491 | INFO | Update  106 | Steps: 108,544 | Episodes:   106 | EpReward:   -62.27 | FPS:     28 | Actor Loss: 0.0004 | Critic Loss: 0.0056
2026-06-09 20:59:07,491 | INFO |   Env | HO: 67.70% | Cont: 96.62% | Task: 76.42% | Resolved: 99.99% | Delay: 3.095s | Energy: 4563.58J | LB: 0.071
2026-06-09 20:59:07,491 | INFO |   Reward | D: -3904.74 | E: -12.50 | Q: 1675.20 | H: 26.25 | LB: 0.03 | Enq: 0.00 | Pen: -2993.98
2026-06-09 20:59:46,209 | INFO | Update  107 | Steps: 109,568 | Episodes:   107 | EpReward:   -61.65 | FPS:     26 | Actor Loss: 0.0002 | Critic Loss: 0.0046
2026-06-09 20:59:46,209 | INFO |   Env | HO: 69.59% | Cont: 96.52% | Task: 78.53% | Resolved: 99.97% | Delay: 2.908s | Energy: 3984.83J | LB: 0.095
2026-06-09 20:59:46,209 | INFO |   Reward | D: -3791.49 | E: -12.30 | Q: 2038.40 | H: 25.00 | LB: 0.04 | Enq: 0.00 | Pen: -2330.17
2026-06-09 21:00:23,558 | INFO | Update  108 | Steps: 110,592 | Episodes:   108 | EpReward:   -61.31 | FPS:     27 | Actor Loss: 0.0005 | Critic Loss: 0.0067
2026-06-09 21:00:23,559 | INFO |   Env | HO: 67.05% | Cont: 97.48% | Task: 75.89% | Resolved: 100.00% | Delay: 3.150s | Energy: 4786.12J | LB: 0.089
2026-06-09 21:00:23,559 | INFO |   Reward | D: -4022.90 | E: -12.49 | Q: 1599.60 | H: 17.88 | LB: 0.07 | Enq: 0.00 | Pen: -3250.12
2026-06-09 21:00:58,975 | INFO | Update  109 | Steps: 111,616 | Episodes:   109 | EpReward:   -61.22 | FPS:     29 | Actor Loss: 0.0004 | Critic Loss: 0.0228
2026-06-09 21:00:58,980 | INFO |   Env | HO: 67.45% | Cont: 97.05% | Task: 76.25% | Resolved: 99.97% | Delay: 3.137s | Energy: 4664.70J | LB: 0.091
2026-06-09 21:00:58,980 | INFO |   Reward | D: -3939.52 | E: -12.50 | Q: 1645.20 | H: 22.87 | LB: 0.04 | Enq: 0.00 | Pen: -3073.99
2026-06-09 21:01:51,115 | INFO | Update  110 | Steps: 112,640 | Episodes:   110 | EpReward:   -60.69 | FPS:     20 | Actor Loss: 0.0003 | Critic Loss: 0.0032
2026-06-09 21:01:51,115 | INFO |   Env | HO: 69.28% | Cont: 97.11% | Task: 77.40% | Resolved: 99.94% | Delay: 3.015s | Energy: 4310.92J | LB: 0.095
2026-06-09 21:01:51,115 | INFO |   Reward | D: -3861.30 | E: -12.09 | Q: 1843.20 | H: 19.46 | LB: 0.03 | Enq: 0.00 | Pen: -2709.12
2026-06-09 21:02:39,110 | INFO | Update  111 | Steps: 113,664 | Episodes:   111 | EpReward:   -60.55 | FPS:     21 | Actor Loss: 0.0001 | Critic Loss: 0.0094
2026-06-09 21:02:39,111 | INFO |   Env | HO: 71.66% | Cont: 96.67% | Task: 77.55% | Resolved: 99.97% | Delay: 3.007s | Energy: 4294.86J | LB: 0.125
2026-06-09 21:02:39,111 | INFO |   Reward | D: -3890.89 | E: -12.51 | Q: 1891.60 | H: 21.46 | LB: 0.09 | Enq: 0.00 | Pen: -2617.66
2026-06-09 21:03:22,629 | INFO | Update  112 | Steps: 114,688 | Episodes:   112 | EpReward:   -60.40 | FPS:     24 | Actor Loss: 0.0002 | Critic Loss: 0.0083
2026-06-09 21:03:22,630 | INFO |   Env | HO: 72.43% | Cont: 97.46% | Task: 77.43% | Resolved: 99.98% | Delay: 3.027s | Energy: 4408.44J | LB: 0.104
2026-06-09 21:03:22,630 | INFO |   Reward | D: -3895.38 | E: -12.45 | Q: 1856.00 | H: 18.97 | LB: 0.04 | Enq: 0.00 | Pen: -2772.80
2026-06-09 21:04:04,400 | INFO | Update  113 | Steps: 115,712 | Episodes:   113 | EpReward:   -60.01 | FPS:     25 | Actor Loss: 0.0009 | Critic Loss: 0.0079
2026-06-09 21:04:04,400 | INFO |   Env | HO: 68.13% | Cont: 96.61% | Task: 77.33% | Resolved: 99.99% | Delay: 3.048s | Energy: 4372.83J | LB: 0.105
2026-06-09 21:04:04,400 | INFO |   Reward | D: -3888.72 | E: -12.40 | Q: 1840.80 | H: 24.62 | LB: 0.04 | Enq: 0.00 | Pen: -2703.49
2026-06-09 21:04:44,635 | INFO | Update  114 | Steps: 116,736 | Episodes:   114 | EpReward:   -59.83 | FPS:     25 | Actor Loss: 0.0005 | Critic Loss: 0.0149
2026-06-09 21:04:44,635 | INFO |   Env | HO: 69.36% | Cont: 96.84% | Task: 76.73% | Resolved: 99.99% | Delay: 3.064s | Energy: 4446.32J | LB: 0.091
2026-06-09 21:04:44,635 | INFO |   Reward | D: -3879.35 | E: -12.34 | Q: 1723.20 | H: 21.91 | LB: 0.06 | Enq: 0.00 | Pen: -2887.20
2026-06-09 21:05:24,996 | INFO | Update  115 | Steps: 117,760 | Episodes:   115 | EpReward:   -59.71 | FPS:     25 | Actor Loss: 0.0003 | Critic Loss: 0.0106
2026-06-09 21:05:24,996 | INFO |   Env | HO: 66.55% | Cont: 97.14% | Task: 76.11% | Resolved: 99.97% | Delay: 3.114s | Energy: 4569.24J | LB: 0.071
2026-06-09 21:05:24,996 | INFO |   Reward | D: -3919.76 | E: -12.20 | Q: 1613.20 | H: 23.85 | LB: 0.08 | Enq: 0.00 | Pen: -3041.92
2026-06-09 21:06:08,072 | INFO | Update  116 | Steps: 118,784 | Episodes:   116 | EpReward:   -59.57 | FPS:     24 | Actor Loss: 0.0004 | Critic Loss: 0.0150
2026-06-09 21:06:08,072 | INFO |   Env | HO: 68.11% | Cont: 96.47% | Task: 75.76% | Resolved: 99.99% | Delay: 3.114s | Energy: 4522.91J | LB: 0.092
2026-06-09 21:06:08,072 | INFO |   Reward | D: -3902.99 | E: -12.25 | Q: 1556.00 | H: 24.95 | LB: 0.02 | Enq: 0.00 | Pen: -2972.39
2026-06-09 21:06:54,606 | INFO | Update  117 | Steps: 119,808 | Episodes:   117 | EpReward:   -59.25 | FPS:     22 | Actor Loss: 0.0004 | Critic Loss: 0.0155
2026-06-09 21:06:54,606 | INFO |   Env | HO: 68.35% | Cont: 96.46% | Task: 78.58% | Resolved: 99.94% | Delay: 2.912s | Energy: 3873.30J | LB: 0.107
2026-06-09 21:06:54,606 | INFO |   Reward | D: -3696.70 | E: -11.89 | Q: 2014.40 | H: 19.09 | LB: 0.06 | Enq: 0.00 | Pen: -2270.80
2026-06-09 21:07:34,749 | INFO | Update  118 | Steps: 120,832 | Episodes:   118 | EpReward:   -59.15 | FPS:     26 | Actor Loss: 0.0005 | Critic Loss: 0.0067
2026-06-09 21:07:34,749 | INFO |   Env | HO: 74.12% | Cont: 97.29% | Task: 78.21% | Resolved: 99.97% | Delay: 2.978s | Energy: 4212.03J | LB: 0.114
2026-06-09 21:07:34,749 | INFO |   Reward | D: -3828.22 | E: -12.29 | Q: 1996.80 | H: 16.93 | LB: 0.06 | Enq: 0.00 | Pen: -2577.58
2026-06-09 21:08:14,633 | INFO | Update  119 | Steps: 121,856 | Episodes:   119 | EpReward:   -59.33 | FPS:     26 | Actor Loss: 0.0005 | Critic Loss: 0.0125
2026-06-09 21:08:14,633 | INFO |   Env | HO: 68.06% | Cont: 96.79% | Task: 75.53% | Resolved: 100.00% | Delay: 3.119s | Energy: 4641.87J | LB: 0.076
2026-06-09 21:08:14,633 | INFO |   Reward | D: -3954.46 | E: -12.54 | Q: 1532.00 | H: 18.87 | LB: 0.01 | Enq: 0.00 | Pen: -3144.13
2026-06-09 21:08:52,605 | INFO | Update  120 | Steps: 122,880 | Episodes:   120 | EpReward:   -59.34 | FPS:     27 | Actor Loss: 0.0006 | Critic Loss: 0.0143
2026-06-09 21:08:52,605 | INFO |   Env | HO: 65.08% | Cont: 97.25% | Task: 74.68% | Resolved: 99.97% | Delay: 3.213s | Energy: 4852.80J | LB: 0.091
2026-06-09 21:08:52,605 | INFO |   Reward | D: -3989.92 | E: -12.37 | Q: 1376.80 | H: 16.74 | LB: 0.04 | Enq: 0.00 | Pen: -3265.22
2026-06-09 21:09:36,656 | INFO | Update  121 | Steps: 123,904 | Episodes:   121 | EpReward:   -59.07 | FPS:     23 | Actor Loss: 0.0006 | Critic Loss: 0.0073
2026-06-09 21:09:36,656 | INFO |   Env | HO: 68.34% | Cont: 96.02% | Task: 77.06% | Resolved: 99.97% | Delay: 3.008s | Energy: 4206.99J | LB: 0.107
2026-06-09 21:09:36,656 | INFO |   Reward | D: -3780.98 | E: -12.23 | Q: 1785.20 | H: 19.12 | LB: 0.01 | Enq: 0.00 | Pen: -2597.75
2026-06-09 21:10:21,639 | INFO | Update  122 | Steps: 124,928 | Episodes:   122 | EpReward:   -59.17 | FPS:     23 | Actor Loss: 0.0003 | Critic Loss: 0.0039
2026-06-09 21:10:21,639 | INFO |   Env | HO: 65.31% | Cont: 97.02% | Task: 76.70% | Resolved: 99.97% | Delay: 3.048s | Energy: 4446.08J | LB: 0.117
2026-06-09 21:10:21,639 | INFO |   Reward | D: -3905.74 | E: -12.50 | Q: 1734.00 | H: 15.74 | LB: 0.01 | Enq: 0.00 | Pen: -2849.97
2026-06-09 21:10:58,303 | INFO | Update  123 | Steps: 125,952 | Episodes:   123 | EpReward:   -59.12 | FPS:     28 | Actor Loss: 0.0003 | Critic Loss: 0.0013
2026-06-09 21:10:58,304 | INFO |   Env | HO: 67.68% | Cont: 96.39% | Task: 77.03% | Resolved: 99.97% | Delay: 3.031s | Energy: 4275.04J | LB: 0.097
2026-06-09 21:10:58,304 | INFO |   Reward | D: -3796.52 | E: -12.26 | Q: 1769.20 | H: 17.83 | LB: 0.01 | Enq: 0.00 | Pen: -2677.05
2026-06-09 21:11:39,143 | INFO | Update  124 | Steps: 126,976 | Episodes:   124 | EpReward:   -58.97 | FPS:     25 | Actor Loss: 0.0004 | Critic Loss: 0.0016
2026-06-09 21:11:39,143 | INFO |   Env | HO: 68.31% | Cont: 96.74% | Task: 77.35% | Resolved: 99.97% | Delay: 3.005s | Energy: 4204.83J | LB: 0.118
2026-06-09 21:11:39,143 | INFO |   Reward | D: -3807.62 | E: -12.23 | Q: 1827.20 | H: 19.80 | LB: 0.01 | Enq: 0.00 | Pen: -2594.92
2026-06-09 21:12:21,133 | INFO | Update  125 | Steps: 128,000 | Episodes:   125 | EpReward:   -58.94 | FPS:     24 | Actor Loss: 0.0003 | Critic Loss: 0.0056
2026-06-09 21:12:21,133 | INFO |   Env | HO: 71.39% | Cont: 97.18% | Task: 76.09% | Resolved: 99.98% | Delay: 3.074s | Energy: 4531.78J | LB: 0.071
2026-06-09 21:12:21,133 | INFO |   Reward | D: -3935.75 | E: -12.37 | Q: 1628.80 | H: 18.40 | LB: 0.01 | Enq: 0.00 | Pen: -2957.87
2026-06-09 21:13:00,129 | INFO | Update  126 | Steps: 129,024 | Episodes:   126 | EpReward:   -59.19 | FPS:     26 | Actor Loss: 0.0004 | Critic Loss: 0.0117
2026-06-09 21:13:00,129 | INFO |   Env | HO: 67.24% | Cont: 96.50% | Task: 75.38% | Resolved: 99.97% | Delay: 3.142s | Energy: 4648.64J | LB: 0.091
2026-06-09 21:13:00,129 | INFO |   Reward | D: -3935.61 | E: -12.38 | Q: 1502.80 | H: 24.86 | LB: 0.03 | Enq: 0.00 | Pen: -3090.53
2026-06-09 21:13:40,691 | INFO | Update  127 | Steps: 130,048 | Episodes:   127 | EpReward:   -59.03 | FPS:     25 | Actor Loss: 0.0002 | Critic Loss: 0.0073
2026-06-09 21:13:40,692 | INFO |   Env | HO: 69.72% | Cont: 96.99% | Task: 75.63% | Resolved: 99.91% | Delay: 3.121s | Energy: 4690.99J | LB: 0.086
2026-06-09 21:13:40,692 | INFO |   Reward | D: -3944.58 | E: -12.62 | Q: 1551.20 | H: 20.59 | LB: 0.01 | Enq: 0.00 | Pen: -3111.67
2026-06-09 21:14:20,864 | INFO | Update  128 | Steps: 131,072 | Episodes:   128 | EpReward:   -58.83 | FPS:     25 | Actor Loss: 0.0001 | Critic Loss: 0.0074
2026-06-09 21:14:20,864 | INFO |   Env | HO: 67.47% | Cont: 96.72% | Task: 76.96% | Resolved: 100.00% | Delay: 3.045s | Energy: 4325.81J | LB: 0.086
2026-06-09 21:14:20,864 | INFO |   Reward | D: -3811.58 | E: -12.38 | Q: 1756.80 | H: 20.69 | LB: 0.12 | Enq: 0.00 | Pen: -2670.18
2026-06-09 21:15:09,988 | INFO | Update  129 | Steps: 132,096 | Episodes:   129 | EpReward:   -58.91 | FPS:     21 | Actor Loss: 0.0003 | Critic Loss: 0.0056
2026-06-09 21:15:09,988 | INFO |   Env | HO: 70.60% | Cont: 97.70% | Task: 76.75% | Resolved: 99.99% | Delay: 3.107s | Energy: 4632.01J | LB: 0.087
2026-06-09 21:15:09,988 | INFO |   Reward | D: -3911.06 | E: -12.60 | Q: 1720.40 | H: 18.37 | LB: 0.09 | Enq: 0.00 | Pen: -3010.74
2026-06-09 21:15:49,984 | INFO | Update  130 | Steps: 133,120 | Episodes:   130 | EpReward:   -58.83 | FPS:     26 | Actor Loss: 0.0006 | Critic Loss: 0.0052
2026-06-09 21:15:49,984 | INFO |   Env | HO: 70.07% | Cont: 96.77% | Task: 77.58% | Resolved: 99.99% | Delay: 2.982s | Energy: 4182.88J | LB: 0.072
2026-06-09 21:15:49,984 | INFO |   Reward | D: -3766.10 | E: -12.16 | Q: 1855.60 | H: 18.08 | LB: 0.05 | Enq: 0.00 | Pen: -2586.44
2026-06-09 21:16:40,760 | INFO | Update  131 | Steps: 134,144 | Episodes:   131 | EpReward:   -58.92 | FPS:     20 | Actor Loss: 0.0005 | Critic Loss: 0.0152
2026-06-09 21:16:40,760 | INFO |   Env | HO: 69.63% | Cont: 97.47% | Task: 76.30% | Resolved: 99.97% | Delay: 3.135s | Energy: 4693.23J | LB: 0.085
2026-06-09 21:16:40,760 | INFO |   Reward | D: -3944.37 | E: -12.69 | Q: 1658.40 | H: 16.60 | LB: 0.06 | Enq: 0.00 | Pen: -3072.85
2026-06-09 21:17:27,160 | INFO | Update  132 | Steps: 135,168 | Episodes:   132 | EpReward:   -59.14 | FPS:     22 | Actor Loss: 0.0002 | Critic Loss: 0.0050
2026-06-09 21:17:27,160 | INFO |   Env | HO: 66.90% | Cont: 97.13% | Task: 76.36% | Resolved: 99.97% | Delay: 3.086s | Energy: 4581.17J | LB: 0.080
2026-06-09 21:17:27,160 | INFO |   Reward | D: -3916.72 | E: -12.57 | Q: 1672.40 | H: 18.01 | LB: 0.08 | Enq: 0.00 | Pen: -3014.64
2026-06-09 21:18:11,773 | INFO | Update  133 | Steps: 136,192 | Episodes:   133 | EpReward:   -59.18 | FPS:     23 | Actor Loss: 0.0001 | Critic Loss: 0.0027
2026-06-09 21:18:11,774 | INFO |   Env | HO: 65.24% | Cont: 96.80% | Task: 77.53% | Resolved: 99.99% | Delay: 2.998s | Energy: 4267.63J | LB: 0.095
2026-06-09 21:18:11,774 | INFO |   Reward | D: -3859.39 | E: -12.40 | Q: 1886.80 | H: 18.64 | LB: 0.11 | Enq: 0.00 | Pen: -2623.11
2026-06-09 21:18:57,675 | INFO | Update  134 | Steps: 137,216 | Episodes:   134 | EpReward:   -59.39 | FPS:     22 | Actor Loss: 0.0005 | Critic Loss: 0.0098
2026-06-09 21:18:57,675 | INFO |   Env | HO: 69.18% | Cont: 97.11% | Task: 75.89% | Resolved: 100.00% | Delay: 3.093s | Energy: 4621.15J | LB: 0.099
2026-06-09 21:18:57,675 | INFO |   Reward | D: -3970.12 | E: -12.55 | Q: 1605.20 | H: 18.10 | LB: 0.03 | Enq: 0.00 | Pen: -3021.42
2026-06-09 21:19:43,767 | INFO | Update  135 | Steps: 138,240 | Episodes:   135 | EpReward:   -59.33 | FPS:     22 | Actor Loss: 0.0006 | Critic Loss: 0.0059
2026-06-09 21:19:43,767 | INFO |   Env | HO: 66.86% | Cont: 96.91% | Task: 75.32% | Resolved: 99.99% | Delay: 3.147s | Energy: 4768.31J | LB: 0.068
2026-06-09 21:19:43,768 | INFO |   Reward | D: -3985.32 | E: -12.72 | Q: 1496.80 | H: 21.11 | LB: 0.03 | Enq: 0.00 | Pen: -3258.09
2026-06-09 21:20:30,605 | INFO | Update  136 | Steps: 139,264 | Episodes:   136 | EpReward:   -59.59 | FPS:     22 | Actor Loss: 0.0006 | Critic Loss: 0.0075
2026-06-09 21:20:30,605 | INFO |   Env | HO: 67.20% | Cont: 96.74% | Task: 76.25% | Resolved: 99.99% | Delay: 3.095s | Energy: 4590.37J | LB: 0.090
2026-06-09 21:20:30,605 | INFO |   Reward | D: -3897.74 | E: -12.60 | Q: 1645.60 | H: 20.49 | LB: 0.00 | Enq: 0.00 | Pen: -3003.62
2026-06-09 21:21:08,232 | INFO | Update  137 | Steps: 140,288 | Episodes:   137 | EpReward:   -59.82 | FPS:     27 | Actor Loss: 0.0004 | Critic Loss: 0.0099
2026-06-09 21:21:08,233 | INFO |   Env | HO: 65.88% | Cont: 97.73% | Task: 76.53% | Resolved: 99.99% | Delay: 3.067s | Energy: 4602.49J | LB: 0.089
2026-06-09 21:21:08,233 | INFO |   Reward | D: -3975.21 | E: -12.55 | Q: 1713.20 | H: 19.27 | LB: 0.05 | Enq: 0.00 | Pen: -3033.86
2026-06-09 21:21:41,754 | INFO | Update  138 | Steps: 141,312 | Episodes:   138 | EpReward:   -59.79 | FPS:     31 | Actor Loss: 0.0004 | Critic Loss: 0.0065
2026-06-09 21:21:41,754 | INFO |   Env | HO: 68.01% | Cont: 97.13% | Task: 75.72% | Resolved: 99.97% | Delay: 3.143s | Energy: 4737.46J | LB: 0.071
2026-06-09 21:21:41,754 | INFO |   Reward | D: -3957.28 | E: -12.53 | Q: 1558.80 | H: 18.92 | LB: 0.10 | Enq: 0.00 | Pen: -3138.58
2026-06-09 21:22:14,813 | INFO | Update  139 | Steps: 142,336 | Episodes:   139 | EpReward:   -59.84 | FPS:     31 | Actor Loss: 0.0001 | Critic Loss: 0.0060
2026-06-09 21:22:14,814 | INFO |   Env | HO: 67.90% | Cont: 96.22% | Task: 74.33% | Resolved: 99.95% | Delay: 3.192s | Energy: 4733.30J | LB: 0.051
2026-06-09 21:22:14,814 | INFO |   Reward | D: -3936.60 | E: -12.14 | Q: 1312.00 | H: 21.37 | LB: 0.02 | Enq: 0.00 | Pen: -3323.66
2026-06-09 21:22:55,942 | INFO | Update  140 | Steps: 143,360 | Episodes:   140 | EpReward:   -59.73 | FPS:     25 | Actor Loss: 0.0007 | Critic Loss: 0.0074
2026-06-09 21:22:55,942 | INFO |   Env | HO: 67.96% | Cont: 96.90% | Task: 76.70% | Resolved: 99.97% | Delay: 3.056s | Energy: 4516.50J | LB: 0.089
2026-06-09 21:22:55,942 | INFO |   Reward | D: -3936.58 | E: -12.77 | Q: 1740.80 | H: 19.40 | LB: 0.04 | Enq: 0.00 | Pen: -2900.96
2026-06-09 21:23:32,313 | INFO | Update  141 | Steps: 144,384 | Episodes:   141 | EpReward:   -59.92 | FPS:     28 | Actor Loss: 0.0001 | Critic Loss: 0.0218
2026-06-09 21:23:32,313 | INFO |   Env | HO: 66.02% | Cont: 96.55% | Task: 76.40% | Resolved: 99.99% | Delay: 3.083s | Energy: 4500.00J | LB: 0.089
2026-06-09 21:23:32,313 | INFO |   Reward | D: -3902.69 | E: -12.50 | Q: 1672.00 | H: 24.75 | LB: 0.04 | Enq: 0.00 | Pen: -2885.38
2026-06-09 21:24:08,639 | INFO | Update  142 | Steps: 145,408 | Episodes:   142 | EpReward:   -60.01 | FPS:     28 | Actor Loss: 0.0004 | Critic Loss: 0.0123
2026-06-09 21:24:08,639 | INFO |   Env | HO: 73.12% | Cont: 97.58% | Task: 75.90% | Resolved: 99.96% | Delay: 3.102s | Energy: 4632.82J | LB: 0.062
2026-06-09 21:24:08,639 | INFO |   Reward | D: -3947.41 | E: -12.39 | Q: 1588.80 | H: 17.68 | LB: 0.08 | Enq: 0.00 | Pen: -3078.59
2026-06-09 21:24:52,387 | INFO | Update  143 | Steps: 146,432 | Episodes:   143 | EpReward:   -60.26 | FPS:     23 | Actor Loss: -0.0002 | Critic Loss: 0.0168
2026-06-09 21:24:52,388 | INFO |   Env | HO: 63.72% | Cont: 95.81% | Task: 74.79% | Resolved: 99.99% | Delay: 3.170s | Energy: 4806.07J | LB: 0.100
2026-06-09 21:24:52,388 | INFO |   Reward | D: -4044.29 | E: -12.72 | Q: 1430.80 | H: 26.55 | LB: 0.08 | Enq: 0.00 | Pen: -3313.50
2026-06-09 21:25:44,781 | INFO | Update  144 | Steps: 147,456 | Episodes:   144 | EpReward:   -60.20 | FPS:     20 | Actor Loss: 0.0004 | Critic Loss: 0.0073
2026-06-09 21:25:44,782 | INFO |   Env | HO: 68.60% | Cont: 96.39% | Task: 78.00% | Resolved: 99.97% | Delay: 2.990s | Energy: 4226.22J | LB: 0.096
2026-06-09 21:25:44,782 | INFO |   Reward | D: -3832.21 | E: -12.31 | Q: 1942.80 | H: 27.93 | LB: 0.11 | Enq: 0.00 | Pen: -2665.14
2026-06-09 21:26:25,893 | INFO | Update  145 | Steps: 148,480 | Episodes:   145 | EpReward:   -59.98 | FPS:     25 | Actor Loss: -0.0001 | Critic Loss: 0.0167
2026-06-09 21:26:25,894 | INFO |   Env | HO: 68.12% | Cont: 95.48% | Task: 78.30% | Resolved: 99.97% | Delay: 2.922s | Energy: 3809.18J | LB: 0.109
2026-06-09 21:26:25,894 | INFO |   Reward | D: -3666.87 | E: -11.65 | Q: 1961.20 | H: 30.13 | LB: 0.08 | Enq: 0.00 | Pen: -2235.16
2026-06-09 21:27:08,657 | INFO | Update  146 | Steps: 149,504 | Episodes:   146 | EpReward:   -60.12 | FPS:     24 | Actor Loss: 0.0005 | Critic Loss: 0.0124
2026-06-09 21:27:08,657 | INFO |   Env | HO: 67.09% | Cont: 96.56% | Task: 75.60% | Resolved: 99.96% | Delay: 3.116s | Energy: 4513.02J | LB: 0.088
2026-06-09 21:27:08,657 | INFO |   Reward | D: -3899.98 | E: -12.07 | Q: 1520.40 | H: 25.12 | LB: 0.06 | Enq: 0.00 | Pen: -2978.84
2026-06-09 21:27:49,760 | INFO | Update  147 | Steps: 150,528 | Episodes:   147 | EpReward:   -60.15 | FPS:     25 | Actor Loss: 0.0007 | Critic Loss: 0.0097
2026-06-09 21:27:49,760 | INFO |   Env | HO: 64.99% | Cont: 96.30% | Task: 75.56% | Resolved: 99.98% | Delay: 3.119s | Energy: 4565.88J | LB: 0.098
2026-06-09 21:27:49,760 | INFO |   Reward | D: -3934.59 | E: -12.26 | Q: 1536.80 | H: 24.81 | LB: 0.17 | Enq: 0.00 | Pen: -3047.90
2026-06-09 21:27:49,760 | INFO | ----------------------------------------
2026-06-09 21:27:49,760 | INFO | 开始评估...
2026-06-09 21:28:22,070 | INFO | 评估结果: 奖励 = -79.59 ± 1.98, 长度 = 600, 时延 = 3.247s, 能耗 = 9043.84J, 负载均衡 = 0.048
2026-06-09 21:28:22,070 | INFO | ----------------------------------------
2026-06-09 21:29:09,206 | INFO | Update  148 | Steps: 151,552 | Episodes:   148 | EpReward:   -60.12 | FPS:     22 | Actor Loss: 0.0003 | Critic Loss: 0.0041
2026-06-09 21:29:09,206 | INFO |   Env | HO: 69.88% | Cont: 97.06% | Task: 78.76% | Resolved: 99.96% | Delay: 2.916s | Energy: 3996.85J | LB: 0.121
2026-06-09 21:29:09,206 | INFO |   Reward | D: -3755.12 | E: -12.18 | Q: 2070.80 | H: 21.58 | LB: 0.02 | Enq: 0.00 | Pen: -2308.82
2026-06-09 21:29:49,130 | INFO | Update  149 | Steps: 152,576 | Episodes:   149 | EpReward:   -60.20 | FPS:     26 | Actor Loss: 0.0007 | Critic Loss: 0.0143
2026-06-09 21:29:49,130 | INFO |   Env | HO: 70.43% | Cont: 97.29% | Task: 76.45% | Resolved: 99.99% | Delay: 3.116s | Energy: 4546.92J | LB: 0.084
2026-06-09 21:29:49,130 | INFO |   Reward | D: -3888.89 | E: -12.27 | Q: 1653.60 | H: 21.75 | LB: 0.01 | Enq: 0.00 | Pen: -2992.93
2026-06-09 21:30:35,469 | INFO | Update  150 | Steps: 153,600 | Episodes:   150 | EpReward:   -59.88 | FPS:     22 | Actor Loss: 0.0009 | Critic Loss: 0.0027
2026-06-09 21:30:35,469 | INFO |   Env | HO: 69.85% | Cont: 94.90% | Task: 79.89% | Resolved: 99.93% | Delay: 2.834s | Energy: 3636.53J | LB: 0.150
2026-06-09 21:30:35,469 | INFO |   Reward | D: -3669.24 | E: -12.02 | Q: 2276.00 | H: 36.46 | LB: 0.08 | Enq: 0.00 | Pen: -1971.12
2026-06-09 21:31:15,935 | INFO | Update  151 | Steps: 154,624 | Episodes:   151 | EpReward:   -59.56 | FPS:     25 | Actor Loss: 0.0007 | Critic Loss: 0.0054
2026-06-09 21:31:15,935 | INFO |   Env | HO: 66.81% | Cont: 95.12% | Task: 76.92% | Resolved: 99.96% | Delay: 2.992s | Energy: 4062.79J | LB: 0.104
2026-06-09 21:31:15,935 | INFO |   Reward | D: -3753.21 | E: -12.02 | Q: 1754.40 | H: 28.26 | LB: 0.05 | Enq: 0.00 | Pen: -2523.66
2026-06-09 21:31:53,123 | INFO | Update  152 | Steps: 155,648 | Episodes:   152 | EpReward:   -59.59 | FPS:     28 | Actor Loss: 0.0005 | Critic Loss: 0.0103
2026-06-09 21:31:53,123 | INFO |   Env | HO: 66.16% | Cont: 96.08% | Task: 75.55% | Resolved: 99.97% | Delay: 3.098s | Energy: 4382.79J | LB: 0.088
2026-06-09 21:31:53,124 | INFO |   Reward | D: -3839.08 | E: -11.91 | Q: 1506.40 | H: 26.62 | LB: 0.09 | Enq: 0.00 | Pen: -2923.49
2026-06-09 21:32:38,975 | INFO | Update  153 | Steps: 156,672 | Episodes:   153 | EpReward:   -59.48 | FPS:     22 | Actor Loss: 0.0005 | Critic Loss: 0.0045
2026-06-09 21:32:38,975 | INFO |   Env | HO: 69.91% | Cont: 95.64% | Task: 78.61% | Resolved: 99.96% | Delay: 2.902s | Energy: 3899.91J | LB: 0.128
2026-06-09 21:32:38,978 | INFO |   Reward | D: -3741.80 | E: -12.21 | Q: 2044.40 | H: 29.50 | LB: 0.07 | Enq: 0.00 | Pen: -2279.28
2026-06-09 21:33:17,926 | INFO | Update  154 | Steps: 157,696 | Episodes:   154 | EpReward:   -59.49 | FPS:     26 | Actor Loss: 0.0002 | Critic Loss: 0.0090
2026-06-09 21:33:17,926 | INFO |   Env | HO: 68.22% | Cont: 96.38% | Task: 76.72% | Resolved: 99.98% | Delay: 3.093s | Energy: 4430.21J | LB: 0.093
2026-06-09 21:33:17,926 | INFO |   Reward | D: -3837.50 | E: -12.30 | Q: 1712.80 | H: 23.91 | LB: 0.08 | Enq: 0.00 | Pen: -2865.55
2026-06-09 21:33:58,798 | INFO | Update  155 | Steps: 158,720 | Episodes:   155 | EpReward:   -59.49 | FPS:     25 | Actor Loss: 0.0005 | Critic Loss: 0.0062
2026-06-09 21:33:58,799 | INFO |   Env | HO: 68.95% | Cont: 95.88% | Task: 79.31% | Resolved: 99.93% | Delay: 2.874s | Energy: 3835.18J | LB: 0.115
2026-06-09 21:33:58,799 | INFO |   Reward | D: -3700.73 | E: -12.12 | Q: 2177.20 | H: 23.19 | LB: 0.08 | Enq: 0.00 | Pen: -2139.36
2026-06-09 21:34:54,842 | INFO | Update  156 | Steps: 159,744 | Episodes:   156 | EpReward:   -59.82 | FPS:     18 | Actor Loss: 0.0005 | Critic Loss: 0.0086
2026-06-09 21:34:54,847 | INFO |   Env | HO: 67.31% | Cont: 96.47% | Task: 75.59% | Resolved: 99.94% | Delay: 3.119s | Energy: 4624.44J | LB: 0.091
2026-06-09 21:34:54,847 | INFO |   Reward | D: -3945.90 | E: -12.29 | Q: 1536.80 | H: 23.08 | LB: 0.08 | Enq: 0.00 | Pen: -3097.67
2026-06-09 21:35:39,384 | INFO | Update  157 | Steps: 160,768 | Episodes:   157 | EpReward:   -59.84 | FPS:     23 | Actor Loss: 0.0003 | Critic Loss: 0.0138
2026-06-09 21:35:39,384 | INFO |   Env | HO: 66.67% | Cont: 96.93% | Task: 76.09% | Resolved: 99.92% | Delay: 3.118s | Energy: 4586.04J | LB: 0.104
2026-06-09 21:35:39,385 | INFO |   Reward | D: -3918.86 | E: -12.21 | Q: 1601.20 | H: 24.79 | LB: 0.13 | Enq: 0.00 | Pen: -3067.67
2026-06-09 21:36:34,156 | INFO | Update  158 | Steps: 161,792 | Episodes:   158 | EpReward:   -59.84 | FPS:     19 | Actor Loss: 0.0002 | Critic Loss: 0.0041
2026-06-09 21:36:34,156 | INFO |   Env | HO: 65.73% | Cont: 94.92% | Task: 77.40% | Resolved: 99.94% | Delay: 2.990s | Energy: 4053.37J | LB: 0.095
2026-06-09 21:36:34,156 | INFO |   Reward | D: -3758.66 | E: -11.94 | Q: 1835.20 | H: 35.47 | LB: 0.04 | Enq: 0.00 | Pen: -2576.64
2026-06-09 21:37:14,757 | INFO | Update  159 | Steps: 162,816 | Episodes:   159 | EpReward:   -60.11 | FPS:     25 | Actor Loss: 0.0001 | Critic Loss: 0.0092
2026-06-09 21:37:14,757 | INFO |   Env | HO: 66.54% | Cont: 94.16% | Task: 75.43% | Resolved: 99.94% | Delay: 3.095s | Energy: 4343.40J | LB: 0.077
2026-06-09 21:37:14,757 | INFO |   Reward | D: -3805.39 | E: -12.10 | Q: 1496.80 | H: 40.69 | LB: 0.14 | Enq: 0.00 | Pen: -2827.44
2026-06-09 21:37:49,435 | INFO | Update  160 | Steps: 163,840 | Episodes:   160 | EpReward:   -59.77 | FPS:     30 | Actor Loss: 0.0000 | Critic Loss: 0.0018
2026-06-09 21:37:49,436 | INFO |   Env | HO: 68.44% | Cont: 95.05% | Task: 78.14% | Resolved: 99.97% | Delay: 2.956s | Energy: 3945.77J | LB: 0.109
2026-06-09 21:37:49,436 | INFO |   Reward | D: -3723.45 | E: -11.86 | Q: 1956.40 | H: 37.31 | LB: 0.04 | Enq: 0.00 | Pen: -2360.82
2026-06-09 21:38:29,252 | INFO | Update  161 | Steps: 164,864 | Episodes:   161 | EpReward:   -59.80 | FPS:     26 | Actor Loss: 0.0005 | Critic Loss: 0.0057
2026-06-09 21:38:29,252 | INFO |   Env | HO: 66.36% | Cont: 94.49% | Task: 78.33% | Resolved: 99.83% | Delay: 2.852s | Energy: 3673.37J | LB: 0.121
2026-06-09 21:38:29,252 | INFO |   Reward | D: -3687.76 | E: -11.92 | Q: 2012.80 | H: 30.94 | LB: 0.11 | Enq: 0.00 | Pen: -2064.21
2026-06-09 21:39:13,334 | INFO | Update  162 | Steps: 165,888 | Episodes:   162 | EpReward:   -59.84 | FPS:     23 | Actor Loss: 0.0000 | Critic Loss: 0.0044
2026-06-09 21:39:13,334 | INFO |   Env | HO: 67.91% | Cont: 95.41% | Task: 76.20% | Resolved: 99.97% | Delay: 3.068s | Energy: 4296.74J | LB: 0.096
2026-06-09 21:39:13,334 | INFO |   Reward | D: -3805.48 | E: -12.25 | Q: 1624.80 | H: 30.68 | LB: 0.07 | Enq: 0.00 | Pen: -2738.00
2026-06-09 21:39:59,261 | INFO | Update  163 | Steps: 166,912 | Episodes:   163 | EpReward:   -59.60 | FPS:     22 | Actor Loss: 0.0003 | Critic Loss: 0.0019
2026-06-09 21:39:59,261 | INFO |   Env | HO: 63.52% | Cont: 94.43% | Task: 77.53% | Resolved: 99.89% | Delay: 2.950s | Energy: 3951.02J | LB: 0.122
2026-06-09 21:39:59,261 | INFO |   Reward | D: -3750.61 | E: -12.15 | Q: 1862.00 | H: 39.54 | LB: 0.08 | Enq: 0.00 | Pen: -2437.43
2026-06-09 21:40:40,574 | INFO | Update  164 | Steps: 167,936 | Episodes:   164 | EpReward:   -59.58 | FPS:     25 | Actor Loss: 0.0004 | Critic Loss: 0.0159
2026-06-09 21:40:40,574 | INFO |   Env | HO: 68.31% | Cont: 96.90% | Task: 75.70% | Resolved: 99.98% | Delay: 3.121s | Energy: 4661.73J | LB: 0.088
2026-06-09 21:40:40,574 | INFO |   Reward | D: -3965.02 | E: -12.48 | Q: 1562.00 | H: 23.70 | LB: 0.07 | Enq: 0.00 | Pen: -3127.62
2026-06-09 21:41:28,119 | INFO | Update  165 | Steps: 168,960 | Episodes:   165 | EpReward:   -59.73 | FPS:     22 | Actor Loss: 0.0006 | Critic Loss: 0.0062
2026-06-09 21:41:28,119 | INFO |   Env | HO: 65.56% | Cont: 96.03% | Task: 77.06% | Resolved: 99.97% | Delay: 3.053s | Energy: 4378.78J | LB: 0.088
2026-06-09 21:41:28,119 | INFO |   Reward | D: -3841.35 | E: -12.45 | Q: 1781.60 | H: 27.50 | LB: 0.01 | Enq: 0.00 | Pen: -2805.52
2026-06-09 21:42:07,938 | INFO | Update  166 | Steps: 169,984 | Episodes:   166 | EpReward:   -59.73 | FPS:     26 | Actor Loss: 0.0005 | Critic Loss: 0.0070
2026-06-09 21:42:07,938 | INFO |   Env | HO: 67.44% | Cont: 95.56% | Task: 78.41% | Resolved: 99.98% | Delay: 2.932s | Energy: 3927.77J | LB: 0.108
2026-06-09 21:42:07,938 | INFO |   Reward | D: -3714.70 | E: -11.93 | Q: 1996.40 | H: 31.60 | LB: 0.11 | Enq: 0.00 | Pen: -2361.55
2026-06-09 21:42:50,844 | INFO | Update  167 | Steps: 171,008 | Episodes:   167 | EpReward:   -59.54 | FPS:     24 | Actor Loss: 0.0007 | Critic Loss: 0.0053
2026-06-09 21:42:50,844 | INFO |   Env | HO: 67.73% | Cont: 96.33% | Task: 78.65% | Resolved: 99.99% | Delay: 2.896s | Energy: 3913.41J | LB: 0.124
2026-06-09 21:42:50,844 | INFO |   Reward | D: -3771.66 | E: -12.03 | Q: 2059.60 | H: 30.23 | LB: 0.02 | Enq: 0.00 | Pen: -2284.83
2026-06-09 21:43:34,995 | INFO | Update  168 | Steps: 172,032 | Episodes:   168 | EpReward:   -59.59 | FPS:     23 | Actor Loss: 0.0006 | Critic Loss: 0.0063
2026-06-09 21:43:34,998 | INFO |   Env | HO: 66.01% | Cont: 96.30% | Task: 76.53% | Resolved: 99.99% | Delay: 3.063s | Energy: 4399.44J | LB: 0.091
2026-06-09 21:43:34,998 | INFO |   Reward | D: -3889.53 | E: -12.23 | Q: 1687.60 | H: 28.82 | LB: 0.06 | Enq: 0.00 | Pen: -2912.13
2026-06-09 21:44:19,074 | INFO | Update  169 | Steps: 173,056 | Episodes:   169 | EpReward:   -59.87 | FPS:     23 | Actor Loss: 0.0007 | Critic Loss: 0.0170
2026-06-09 21:44:19,075 | INFO |   Env | HO: 66.55% | Cont: 95.68% | Task: 75.58% | Resolved: 99.94% | Delay: 3.115s | Energy: 4525.59J | LB: 0.088
2026-06-09 21:44:19,075 | INFO |   Reward | D: -3920.50 | E: -12.24 | Q: 1528.00 | H: 36.43 | LB: 0.03 | Enq: 0.00 | Pen: -3106.05
2026-06-09 21:44:44,332 | INFO | Update  170 | Steps: 174,080 | Episodes:   170 | EpReward:   -59.93 | FPS:     41 | Actor Loss: 0.0011 | Critic Loss: 0.0084
2026-06-09 21:44:44,332 | INFO |   Env | HO: 65.06% | Cont: 96.64% | Task: 75.59% | Resolved: 99.97% | Delay: 3.132s | Energy: 4631.52J | LB: 0.075
2026-06-09 21:44:44,332 | INFO |   Reward | D: -3947.77 | E: -12.32 | Q: 1536.00 | H: 24.98 | LB: 0.04 | Enq: 0.00 | Pen: -3120.60
2026-06-09 21:45:28,985 | INFO | Update  171 | Steps: 175,104 | Episodes:   171 | EpReward:   -60.00 | FPS:     23 | Actor Loss: 0.0006 | Critic Loss: 0.0067
2026-06-09 21:45:28,985 | INFO |   Env | HO: 64.69% | Cont: 96.11% | Task: 74.99% | Resolved: 99.96% | Delay: 3.128s | Energy: 4565.19J | LB: 0.079
2026-06-09 21:45:28,985 | INFO |   Reward | D: -3924.46 | E: -12.14 | Q: 1421.20 | H: 26.90 | LB: 0.07 | Enq: 0.00 | Pen: -3111.81
2026-06-09 21:46:06,981 | INFO | Update  172 | Steps: 176,128 | Episodes:   172 | EpReward:   -60.11 | FPS:     27 | Actor Loss: 0.0001 | Critic Loss: 0.0055
2026-06-09 21:46:06,981 | INFO |   Env | HO: 68.07% | Cont: 95.62% | Task: 76.12% | Resolved: 99.98% | Delay: 3.086s | Energy: 4440.30J | LB: 0.106
2026-06-09 21:46:06,981 | INFO |   Reward | D: -3909.98 | E: -12.38 | Q: 1644.00 | H: 29.48 | LB: 0.13 | Enq: 0.00 | Pen: -2880.65
2026-06-09 21:46:50,262 | INFO | Update  173 | Steps: 177,152 | Episodes:   173 | EpReward:   -60.22 | FPS:     24 | Actor Loss: 0.0002 | Critic Loss: 0.0141
2026-06-09 21:46:50,262 | INFO |   Env | HO: 67.72% | Cont: 96.77% | Task: 75.95% | Resolved: 99.96% | Delay: 3.133s | Energy: 4656.93J | LB: 0.094
2026-06-09 21:46:50,262 | INFO |   Reward | D: -3926.13 | E: -12.36 | Q: 1584.40 | H: 26.34 | LB: 0.06 | Enq: 0.00 | Pen: -3179.27
2026-06-09 21:47:33,033 | INFO | Update  174 | Steps: 178,176 | Episodes:   174 | EpReward:   -60.49 | FPS:     24 | Actor Loss: 0.0003 | Critic Loss: 0.0081
2026-06-09 21:47:33,034 | INFO |   Env | HO: 64.73% | Cont: 95.96% | Task: 75.35% | Resolved: 99.97% | Delay: 3.130s | Energy: 4596.90J | LB: 0.074
2026-06-09 21:47:33,034 | INFO |   Reward | D: -3909.33 | E: -12.26 | Q: 1490.00 | H: 28.53 | LB: 0.05 | Enq: 0.00 | Pen: -3100.64
2026-06-09 21:48:16,376 | INFO | Update  175 | Steps: 179,200 | Episodes:   175 | EpReward:   -60.33 | FPS:     24 | Actor Loss: 0.0004 | Critic Loss: 0.0049
2026-06-09 21:48:16,377 | INFO |   Env | HO: 70.02% | Cont: 96.52% | Task: 77.16% | Resolved: 99.95% | Delay: 3.025s | Energy: 4298.80J | LB: 0.091
2026-06-09 21:48:16,377 | INFO |   Reward | D: -3846.33 | E: -12.16 | Q: 1800.00 | H: 25.94 | LB: 0.08 | Enq: 0.00 | Pen: -2746.81
2026-06-09 21:48:58,589 | INFO | Update  176 | Steps: 180,224 | Episodes:   176 | EpReward:   -60.26 | FPS:     24 | Actor Loss: 0.0004 | Critic Loss: 0.0072
2026-06-09 21:48:58,594 | INFO |   Env | HO: 72.12% | Cont: 96.91% | Task: 76.66% | Resolved: 99.97% | Delay: 3.082s | Energy: 4541.92J | LB: 0.099
2026-06-09 21:48:58,594 | INFO |   Reward | D: -3936.08 | E: -12.38 | Q: 1727.20 | H: 26.93 | LB: 0.02 | Enq: 0.00 | Pen: -2959.71
2026-06-09 21:49:37,947 | INFO | Update  177 | Steps: 181,248 | Episodes:   177 | EpReward:   -60.52 | FPS:     26 | Actor Loss: 0.0007 | Critic Loss: 0.0068
2026-06-09 21:49:37,947 | INFO |   Env | HO: 66.15% | Cont: 96.48% | Task: 76.49% | Resolved: 99.97% | Delay: 3.103s | Energy: 4535.18J | LB: 0.109
2026-06-09 21:49:37,947 | INFO |   Reward | D: -3919.56 | E: -12.38 | Q: 1699.20 | H: 25.77 | LB: 0.07 | Enq: 0.00 | Pen: -2927.30
2026-06-09 21:50:13,783 | INFO | Update  178 | Steps: 182,272 | Episodes:   178 | EpReward:   -60.14 | FPS:     29 | Actor Loss: 0.0009 | Critic Loss: 0.0028
2026-06-09 21:50:13,783 | INFO |   Env | HO: 67.99% | Cont: 95.56% | Task: 78.15% | Resolved: 99.92% | Delay: 2.963s | Energy: 4066.02J | LB: 0.132
2026-06-09 21:50:13,784 | INFO |   Reward | D: -3769.62 | E: -12.21 | Q: 1980.00 | H: 26.88 | LB: 0.05 | Enq: 0.00 | Pen: -2476.42
2026-06-09 21:50:53,345 | INFO | Update  179 | Steps: 183,296 | Episodes:   179 | EpReward:   -60.23 | FPS:     26 | Actor Loss: 0.0005 | Critic Loss: 0.0079
2026-06-09 21:50:53,345 | INFO |   Env | HO: 70.23% | Cont: 96.07% | Task: 78.99% | Resolved: 99.95% | Delay: 2.895s | Energy: 3846.80J | LB: 0.127
2026-06-09 21:50:53,345 | INFO |   Reward | D: -3712.02 | E: -12.03 | Q: 2117.60 | H: 24.01 | LB: 0.13 | Enq: 0.00 | Pen: -2203.59
2026-06-09 21:51:39,818 | INFO | Update  180 | Steps: 184,320 | Episodes:   180 | EpReward:   -60.18 | FPS:     22 | Actor Loss: 0.0009 | Critic Loss: 0.0095
2026-06-09 21:51:39,818 | INFO |   Env | HO: 65.87% | Cont: 96.73% | Task: 75.42% | Resolved: 99.99% | Delay: 3.139s | Energy: 4617.23J | LB: 0.082
2026-06-09 21:51:39,818 | INFO |   Reward | D: -3927.60 | E: -12.18 | Q: 1504.40 | H: 23.69 | LB: 0.01 | Enq: 0.00 | Pen: -3144.13
2026-06-09 21:52:32,028 | INFO | Update  181 | Steps: 185,344 | Episodes:   181 | EpReward:   -60.21 | FPS:     20 | Actor Loss: 0.0009 | Critic Loss: 0.0106
2026-06-09 21:52:32,028 | INFO |   Env | HO: 65.52% | Cont: 97.11% | Task: 77.31% | Resolved: 99.96% | Delay: 3.032s | Energy: 4460.18J | LB: 0.095
2026-06-09 21:52:32,028 | INFO |   Reward | D: -3907.05 | E: -12.63 | Q: 1849.60 | H: 17.23 | LB: -0.00 | Enq: 0.00 | Pen: -2848.79
2026-06-09 21:53:12,360 | INFO | Update  182 | Steps: 186,368 | Episodes:   182 | EpReward:   -60.28 | FPS:     25 | Actor Loss: 0.0006 | Critic Loss: 0.0085
2026-06-09 21:53:12,360 | INFO |   Env | HO: 63.92% | Cont: 96.15% | Task: 78.53% | Resolved: 99.95% | Delay: 2.885s | Energy: 3820.82J | LB: 0.143
2026-06-09 21:53:12,360 | INFO |   Reward | D: -3723.67 | E: -11.78 | Q: 2022.40 | H: 24.51 | LB: -0.00 | Enq: 0.00 | Pen: -2211.81
2026-06-09 21:54:03,454 | INFO | Update  183 | Steps: 187,392 | Episodes:   183 | EpReward:   -60.28 | FPS:     20 | Actor Loss: 0.0006 | Critic Loss: 0.0142
2026-06-09 21:54:03,460 | INFO |   Env | HO: 67.97% | Cont: 95.57% | Task: 79.28% | Resolved: 99.94% | Delay: 2.881s | Energy: 3803.74J | LB: 0.111
2026-06-09 21:54:03,460 | INFO |   Reward | D: -3680.38 | E: -12.23 | Q: 2169.20 | H: 26.69 | LB: 0.08 | Enq: 0.00 | Pen: -2151.91
2026-06-09 21:54:43,710 | INFO | Update  184 | Steps: 188,416 | Episodes:   184 | EpReward:   -59.99 | FPS:     25 | Actor Loss: 0.0004 | Critic Loss: 0.0041
2026-06-09 21:54:43,711 | INFO |   Env | HO: 70.53% | Cont: 95.72% | Task: 79.47% | Resolved: 99.96% | Delay: 2.844s | Energy: 3674.52J | LB: 0.139
2026-06-09 21:54:43,711 | INFO |   Reward | D: -3671.13 | E: -11.95 | Q: 2191.20 | H: 29.63 | LB: 0.08 | Enq: 0.00 | Pen: -2035.57
2026-06-09 21:55:30,651 | INFO | Update  185 | Steps: 189,440 | Episodes:   185 | EpReward:   -59.78 | FPS:     22 | Actor Loss: 0.0005 | Critic Loss: 0.0059
2026-06-09 21:55:30,651 | INFO |   Env | HO: 68.68% | Cont: 96.13% | Task: 78.28% | Resolved: 99.95% | Delay: 2.925s | Energy: 4003.00J | LB: 0.114
2026-06-09 21:55:30,651 | INFO |   Reward | D: -3801.07 | E: -12.26 | Q: 2007.20 | H: 27.83 | LB: 0.06 | Enq: 0.00 | Pen: -2419.27
2026-06-09 21:56:16,161 | INFO | Update  186 | Steps: 190,464 | Episodes:   186 | EpReward:   -59.41 | FPS:     23 | Actor Loss: 0.0008 | Critic Loss: 0.0011
2026-06-09 21:56:16,162 | INFO |   Env | HO: 69.67% | Cont: 96.81% | Task: 77.94% | Resolved: 99.99% | Delay: 2.961s | Energy: 4138.76J | LB: 0.122
2026-06-09 21:56:16,162 | INFO |   Reward | D: -3809.61 | E: -12.24 | Q: 1947.20 | H: 19.55 | LB: 0.01 | Enq: 0.00 | Pen: -2509.47
2026-06-09 21:56:58,621 | INFO | Update  187 | Steps: 191,488 | Episodes:   187 | EpReward:   -59.45 | FPS:     24 | Actor Loss: 0.0005 | Critic Loss: 0.0131
2026-06-09 21:56:58,621 | INFO |   Env | HO: 66.50% | Cont: 97.82% | Task: 75.47% | Resolved: 99.94% | Delay: 3.128s | Energy: 4685.76J | LB: 0.099
2026-06-09 21:56:58,621 | INFO |   Reward | D: -3984.28 | E: -12.34 | Q: 1508.80 | H: 16.48 | LB: 0.07 | Enq: 0.00 | Pen: -3148.48
2026-06-09 21:57:50,739 | INFO | Update  188 | Steps: 192,512 | Episodes:   188 | EpReward:   -59.14 | FPS:     20 | Actor Loss: 0.0004 | Critic Loss: 0.0050
2026-06-09 21:57:50,739 | INFO |   Env | HO: 66.06% | Cont: 95.91% | Task: 79.37% | Resolved: 99.96% | Delay: 2.855s | Energy: 3769.60J | LB: 0.125
2026-06-09 21:57:50,739 | INFO |   Reward | D: -3715.55 | E: -11.94 | Q: 2197.20 | H: 22.45 | LB: 0.07 | Enq: 0.00 | Pen: -2113.97
2026-06-09 21:58:26,088 | INFO | Update  189 | Steps: 193,536 | Episodes:   189 | EpReward:   -59.16 | FPS:     29 | Actor Loss: 0.0008 | Critic Loss: 0.0021
2026-06-09 21:58:26,089 | INFO |   Env | HO: 70.61% | Cont: 96.33% | Task: 78.24% | Resolved: 99.99% | Delay: 3.001s | Energy: 4239.05J | LB: 0.112
2026-06-09 21:58:26,089 | INFO |   Reward | D: -3844.42 | E: -12.27 | Q: 1994.80 | H: 31.28 | LB: 0.07 | Enq: 0.00 | Pen: -2650.16
2026-06-09 21:59:01,534 | INFO | Update  190 | Steps: 194,560 | Episodes:   190 | EpReward:   -59.15 | FPS:     29 | Actor Loss: 0.0004 | Critic Loss: 0.0151
2026-06-09 21:59:01,535 | INFO |   Env | HO: 66.01% | Cont: 94.58% | Task: 76.91% | Resolved: 99.96% | Delay: 3.003s | Energy: 4082.80J | LB: 0.098
2026-06-09 21:59:01,535 | INFO |   Reward | D: -3761.42 | E: -11.93 | Q: 1752.80 | H: 36.01 | LB: 0.12 | Enq: 0.00 | Pen: -2597.30
2026-06-09 21:59:47,432 | INFO | Update  191 | Steps: 195,584 | Episodes:   191 | EpReward:   -59.39 | FPS:     22 | Actor Loss: 0.0006 | Critic Loss: 0.0065
2026-06-09 21:59:47,436 | INFO |   Env | HO: 68.10% | Cont: 96.70% | Task: 78.23% | Resolved: 99.96% | Delay: 2.965s | Energy: 4228.64J | LB: 0.119
2026-06-09 21:59:47,436 | INFO |   Reward | D: -3827.69 | E: -12.48 | Q: 1998.40 | H: 24.80 | LB: 0.01 | Enq: 0.00 | Pen: -2630.95
2026-06-09 22:00:40,716 | INFO | Update  192 | Steps: 196,608 | Episodes:   192 | EpReward:   -59.22 | FPS:     19 | Actor Loss: 0.0003 | Critic Loss: 0.0060
2026-06-09 22:00:40,716 | INFO |   Env | HO: 67.84% | Cont: 96.55% | Task: 77.47% | Resolved: 99.98% | Delay: 3.009s | Energy: 4302.22J | LB: 0.095
2026-06-09 22:00:40,716 | INFO |   Reward | D: -3858.83 | E: -12.25 | Q: 1863.60 | H: 30.23 | LB: 0.05 | Enq: 0.00 | Pen: -2731.05
2026-06-09 22:01:32,307 | INFO | Update  193 | Steps: 197,632 | Episodes:   193 | EpReward:   -58.97 | FPS:     20 | Actor Loss: 0.0007 | Critic Loss: 0.0079
2026-06-09 22:01:32,307 | INFO |   Env | HO: 67.82% | Cont: 94.72% | Task: 77.52% | Resolved: 99.92% | Delay: 2.948s | Energy: 3882.96J | LB: 0.093
2026-06-09 22:01:32,307 | INFO |   Reward | D: -3720.13 | E: -11.92 | Q: 1856.80 | H: 32.03 | LB: 0.14 | Enq: 0.00 | Pen: -2326.05
2026-06-09 22:02:17,762 | INFO | Update  194 | Steps: 198,656 | Episodes:   194 | EpReward:   -58.69 | FPS:     23 | Actor Loss: 0.0010 | Critic Loss: 0.0009
2026-06-09 22:02:17,762 | INFO |   Env | HO: 66.14% | Cont: 94.35% | Task: 78.79% | Resolved: 99.98% | Delay: 2.874s | Energy: 3652.41J | LB: 0.138
2026-06-09 22:02:17,762 | INFO |   Reward | D: -3647.23 | E: -11.77 | Q: 2082.00 | H: 37.14 | LB: 0.10 | Enq: 0.00 | Pen: -2060.35
2026-06-09 22:03:03,185 | INFO | Update  195 | Steps: 199,680 | Episodes:   195 | EpReward:   -58.63 | FPS:     23 | Actor Loss: 0.0007 | Critic Loss: 0.0053
2026-06-09 22:03:03,185 | INFO |   Env | HO: 65.65% | Cont: 95.24% | Task: 77.42% | Resolved: 99.92% | Delay: 2.980s | Energy: 4034.59J | LB: 0.120
2026-06-09 22:03:03,185 | INFO |   Reward | D: -3768.12 | E: -11.88 | Q: 1838.00 | H: 32.32 | LB: 0.04 | Enq: 0.00 | Pen: -2475.87
2026-06-09 22:03:42,238 | INFO | Update  196 | Steps: 200,704 | Episodes:   196 | EpReward:   -58.67 | FPS:     26 | Actor Loss: 0.0007 | Critic Loss: 0.0019
2026-06-09 22:03:42,245 | INFO |   Env | HO: 67.65% | Cont: 95.64% | Task: 76.86% | Resolved: 99.95% | Delay: 3.022s | Energy: 4293.35J | LB: 0.097
2026-06-09 22:03:42,246 | INFO |   Reward | D: -3873.54 | E: -12.24 | Q: 1768.80 | H: 30.81 | LB: 0.07 | Enq: 0.00 | Pen: -2768.19
2026-06-09 22:03:42,246 | INFO | ----------------------------------------
2026-06-09 22:03:42,246 | INFO | 开始评估...
2026-06-09 22:04:18,402 | INFO | 评估结果: 奖励 = -81.20 ± 2.67, 长度 = 600, 时延 = 3.237s, 能耗 = 8956.78J, 负载均衡 = 0.060
2026-06-09 22:04:18,403 | INFO | ----------------------------------------
2026-06-09 22:04:18,423 | INFO | 模型已保存: /home/pjpjq/LEO_switch/results/baseline_compare/multiuser_scaling_multiuser_6_7/u40/learned_baselines/mappo_no_han/checkpoint_200704.pt
2026-06-09 22:05:06,975 | INFO | Update  197 | Steps: 201,728 | Episodes:   197 | EpReward:   -58.41 | FPS:     21 | Actor Loss: 0.0007 | Critic Loss: 0.0018
2026-06-09 22:05:06,975 | INFO |   Env | HO: 69.85% | Cont: 95.41% | Task: 77.07% | Resolved: 99.96% | Delay: 2.966s | Energy: 3969.55J | LB: 0.130
2026-06-09 22:05:06,975 | INFO |   Reward | D: -3719.53 | E: -11.69 | Q: 1762.40 | H: 31.55 | LB: 0.04 | Enq: 0.00 | Pen: -2452.92
2026-06-09 22:05:49,076 | INFO | Update  198 | Steps: 202,752 | Episodes:   198 | EpReward:   -58.27 | FPS:     24 | Actor Loss: 0.0004 | Critic Loss: 0.0079
2026-06-09 22:05:49,077 | INFO |   Env | HO: 70.20% | Cont: 96.67% | Task: 76.52% | Resolved: 99.98% | Delay: 3.061s | Energy: 4484.56J | LB: 0.085
2026-06-09 22:05:49,077 | INFO |   Reward | D: -3939.00 | E: -12.47 | Q: 1710.80 | H: 25.86 | LB: 0.06 | Enq: 0.00 | Pen: -2956.39
2026-06-09 22:06:31,947 | INFO | Update  199 | Steps: 203,776 | Episodes:   199 | EpReward:   -58.18 | FPS:     24 | Actor Loss: 0.0007 | Critic Loss: 0.0006
2026-06-09 22:06:31,947 | INFO |   Env | HO: 69.28% | Cont: 96.31% | Task: 77.30% | Resolved: 99.98% | Delay: 3.006s | Energy: 4255.17J | LB: 0.101
2026-06-09 22:06:31,947 | INFO |   Reward | D: -3861.63 | E: -12.24 | Q: 1839.20 | H: 27.49 | LB: -0.01 | Enq: 0.00 | Pen: -2672.03
2026-06-09 22:07:12,494 | INFO | Update  200 | Steps: 204,800 | Episodes:   200 | EpReward:   -58.36 | FPS:     25 | Actor Loss: 0.0007 | Critic Loss: 0.0061
2026-06-09 22:07:12,495 | INFO |   Env | HO: 65.85% | Cont: 95.71% | Task: 76.46% | Resolved: 99.97% | Delay: 3.079s | Energy: 4390.58J | LB: 0.097
2026-06-09 22:07:12,495 | INFO |   Reward | D: -3863.03 | E: -12.17 | Q: 1683.20 | H: 29.77 | LB: 0.03 | Enq: 0.00 | Pen: -2900.26
2026-06-09 22:07:55,428 | INFO | Update  201 | Steps: 205,824 | Episodes:   201 | EpReward:   -58.08 | FPS:     24 | Actor Loss: 0.0004 | Critic Loss: 0.0073
2026-06-09 22:07:55,428 | INFO |   Env | HO: 69.07% | Cont: 95.85% | Task: 77.87% | Resolved: 99.94% | Delay: 2.994s | Energy: 4125.92J | LB: 0.111
2026-06-09 22:07:55,428 | INFO |   Reward | D: -3824.02 | E: -11.97 | Q: 1938.00 | H: 27.16 | LB: 0.04 | Enq: 0.00 | Pen: -2559.86
2026-06-09 22:08:27,159 | INFO | Update  202 | Steps: 206,848 | Episodes:   202 | EpReward:   -58.24 | FPS:     32 | Actor Loss: 0.0008 | Critic Loss: 0.0194
2026-06-09 22:08:27,159 | INFO |   Env | HO: 65.36% | Cont: 97.60% | Task: 76.45% | Resolved: 99.99% | Delay: 3.109s | Energy: 4596.96J | LB: 0.076
2026-06-09 22:08:27,159 | INFO |   Reward | D: -3942.59 | E: -12.15 | Q: 1672.80 | H: 21.53 | LB: 0.05 | Enq: 0.00 | Pen: -3089.75
2026-06-09 22:09:11,846 | INFO | Update  203 | Steps: 207,872 | Episodes:   203 | EpReward:   -57.96 | FPS:     23 | Actor Loss: 0.0014 | Critic Loss: 0.0029
2026-06-09 22:09:11,846 | INFO |   Env | HO: 68.08% | Cont: 96.65% | Task: 78.21% | Resolved: 99.95% | Delay: 2.954s | Energy: 4102.40J | LB: 0.129
2026-06-09 22:09:11,846 | INFO |   Reward | D: -3822.62 | E: -12.15 | Q: 1991.60 | H: 22.95 | LB: 0.04 | Enq: 0.00 | Pen: -2519.81
2026-06-09 22:09:56,984 | INFO | Update  204 | Steps: 208,896 | Episodes:   204 | EpReward:   -57.90 | FPS:     23 | Actor Loss: 0.0004 | Critic Loss: 0.0088
2026-06-09 22:09:56,984 | INFO |   Env | HO: 67.77% | Cont: 96.03% | Task: 78.77% | Resolved: 99.96% | Delay: 2.883s | Energy: 3775.79J | LB: 0.126
2026-06-09 22:09:56,985 | INFO |   Reward | D: -3691.95 | E: -11.76 | Q: 2062.00 | H: 21.15 | LB: 0.04 | Enq: 0.00 | Pen: -2161.21
2026-06-09 22:10:40,468 | INFO | Update  205 | Steps: 209,920 | Episodes:   205 | EpReward:   -57.84 | FPS:     24 | Actor Loss: 0.0014 | Critic Loss: 0.0061
2026-06-09 22:10:40,468 | INFO |   Env | HO: 66.10% | Cont: 94.07% | Task: 77.73% | Resolved: 99.96% | Delay: 2.924s | Energy: 3833.05J | LB: 0.144
2026-06-09 22:10:40,468 | INFO |   Reward | D: -3689.24 | E: -11.92 | Q: 1892.80 | H: 41.30 | LB: -0.00 | Enq: 0.00 | Pen: -2345.98
2026-06-09 22:11:30,482 | INFO | Update  206 | Steps: 210,944 | Episodes:   206 | EpReward:   -57.58 | FPS:     20 | Actor Loss: 0.0009 | Critic Loss: 0.0040
2026-06-09 22:11:30,482 | INFO |   Env | HO: 69.47% | Cont: 95.37% | Task: 78.31% | Resolved: 99.94% | Delay: 2.923s | Energy: 3894.86J | LB: 0.140
2026-06-09 22:11:30,482 | INFO |   Reward | D: -3781.45 | E: -11.85 | Q: 2020.00 | H: 33.74 | LB: 0.09 | Enq: 0.00 | Pen: -2365.00
2026-06-09 22:12:21,199 | INFO | Update  207 | Steps: 211,968 | Episodes:   207 | EpReward:   -57.62 | FPS:     20 | Actor Loss: 0.0013 | Critic Loss: 0.0029
2026-06-09 22:12:21,199 | INFO |   Env | HO: 68.70% | Cont: 95.93% | Task: 77.71% | Resolved: 99.99% | Delay: 3.021s | Energy: 4277.90J | LB: 0.095
2026-06-09 22:12:21,199 | INFO |   Reward | D: -3829.00 | E: -12.21 | Q: 1893.60 | H: 34.73 | LB: 0.18 | Enq: 0.00 | Pen: -2747.11
2026-06-09 22:13:04,183 | INFO | Update  208 | Steps: 212,992 | Episodes:   208 | EpReward:   -57.54 | FPS:     24 | Actor Loss: 0.0009 | Critic Loss: 0.0015
2026-06-09 22:13:04,183 | INFO |   Env | HO: 68.79% | Cont: 94.44% | Task: 77.86% | Resolved: 99.94% | Delay: 2.971s | Energy: 3984.10J | LB: 0.100
2026-06-09 22:13:04,185 | INFO |   Reward | D: -3752.79 | E: -12.13 | Q: 1932.80 | H: 39.45 | LB: 0.11 | Enq: 0.00 | Pen: -2419.32
2026-06-09 22:13:28,626 | INFO | Update  209 | Steps: 214,016 | Episodes:   209 | EpReward:   -57.50 | FPS:     42 | Actor Loss: 0.0020 | Critic Loss: 0.0038
2026-06-09 22:13:28,626 | INFO |   Env | HO: 67.35% | Cont: 95.07% | Task: 75.14% | Resolved: 99.98% | Delay: 3.180s | Energy: 4609.77J | LB: 0.096
2026-06-09 22:13:28,626 | INFO |   Reward | D: -3931.65 | E: -12.13 | Q: 1456.80 | H: 40.78 | LB: 0.02 | Enq: 0.00 | Pen: -3140.94
2026-06-09 22:14:14,473 | INFO | Update  210 | Steps: 215,040 | Episodes:   210 | EpReward:   -57.66 | FPS:     22 | Actor Loss: 0.0004 | Critic Loss: 0.0124
2026-06-09 22:14:14,473 | INFO |   Env | HO: 69.05% | Cont: 95.09% | Task: 76.42% | Resolved: 99.94% | Delay: 3.065s | Energy: 4345.75J | LB: 0.105
2026-06-09 22:14:14,473 | INFO |   Reward | D: -3879.46 | E: -12.11 | Q: 1688.80 | H: 35.72 | LB: 0.06 | Enq: 0.00 | Pen: -2856.48
2026-06-09 22:14:57,626 | INFO | Update  211 | Steps: 216,064 | Episodes:   211 | EpReward:   -57.76 | FPS:     24 | Actor Loss: 0.0010 | Critic Loss: 0.0068
2026-06-09 22:14:57,627 | INFO |   Env | HO: 67.02% | Cont: 96.08% | Task: 78.29% | Resolved: 99.92% | Delay: 2.971s | Energy: 4110.73J | LB: 0.123
2026-06-09 22:14:57,627 | INFO |   Reward | D: -3768.72 | E: -12.13 | Q: 1982.80 | H: 31.82 | LB: 0.10 | Enq: 0.00 | Pen: -2505.18
2026-06-09 22:15:32,573 | INFO | Update  212 | Steps: 217,088 | Episodes:   212 | EpReward:   -57.71 | FPS:     29 | Actor Loss: 0.0012 | Critic Loss: 0.0303
2026-06-09 22:15:32,573 | INFO |   Env | HO: 67.49% | Cont: 96.46% | Task: 75.52% | Resolved: 99.97% | Delay: 3.138s | Energy: 4636.72J | LB: 0.062
2026-06-09 22:15:32,573 | INFO |   Reward | D: -3971.54 | E: -12.19 | Q: 1530.00 | H: 30.48 | LB: 0.04 | Enq: 0.00 | Pen: -3162.74
2026-06-09 22:16:18,377 | INFO | Update  213 | Steps: 218,112 | Episodes:   213 | EpReward:   -57.59 | FPS:     22 | Actor Loss: 0.0004 | Critic Loss: 0.0085
2026-06-09 22:16:18,378 | INFO |   Env | HO: 67.72% | Cont: 96.08% | Task: 79.29% | Resolved: 99.97% | Delay: 2.873s | Energy: 3743.66J | LB: 0.130
2026-06-09 22:16:18,378 | INFO |   Reward | D: -3692.95 | E: -11.75 | Q: 2167.20 | H: 28.51 | LB: 0.05 | Enq: 0.00 | Pen: -2126.40
2026-06-09 22:16:58,816 | INFO | Update  214 | Steps: 219,136 | Episodes:   214 | EpReward:   -57.36 | FPS:     25 | Actor Loss: 0.0008 | Critic Loss: 0.0034
2026-06-09 22:16:58,817 | INFO |   Env | HO: 66.27% | Cont: 94.57% | Task: 77.09% | Resolved: 99.94% | Delay: 2.976s | Energy: 3971.24J | LB: 0.116
2026-06-09 22:16:58,817 | INFO |   Reward | D: -3747.63 | E: -11.82 | Q: 1799.60 | H: 27.55 | LB: 0.02 | Enq: 0.00 | Pen: -2466.48
2026-06-09 22:17:40,707 | INFO | Update  215 | Steps: 220,160 | Episodes:   215 | EpReward:   -57.32 | FPS:     24 | Actor Loss: 0.0003 | Critic Loss: 0.0077
2026-06-09 22:17:40,707 | INFO |   Env | HO: 70.87% | Cont: 96.81% | Task: 76.68% | Resolved: 99.98% | Delay: 3.056s | Energy: 4431.24J | LB: 0.086
2026-06-09 22:17:40,707 | INFO |   Reward | D: -3912.44 | E: -12.20 | Q: 1730.00 | H: 25.42 | LB: 0.14 | Enq: 0.00 | Pen: -2893.93
2026-06-09 22:18:25,171 | INFO | Update  216 | Steps: 221,184 | Episodes:   216 | EpReward:   -57.30 | FPS:     23 | Actor Loss: 0.0011 | Critic Loss: 0.0060
2026-06-09 22:18:25,171 | INFO |   Env | HO: 67.86% | Cont: 96.21% | Task: 77.09% | Resolved: 99.97% | Delay: 2.989s | Energy: 4183.70J | LB: 0.117
2026-06-09 22:18:25,171 | INFO |   Reward | D: -3837.53 | E: -12.12 | Q: 1796.00 | H: 25.89 | LB: 0.04 | Enq: 0.00 | Pen: -2688.23
2026-06-09 22:19:19,518 | INFO | Update  217 | Steps: 222,208 | Episodes:   217 | EpReward:   -57.51 | FPS:     19 | Actor Loss: 0.0010 | Critic Loss: 0.0316
2026-06-09 22:19:19,519 | INFO |   Env | HO: 67.31% | Cont: 96.94% | Task: 75.74% | Resolved: 99.94% | Delay: 3.144s | Energy: 4659.57J | LB: 0.079
2026-06-09 22:19:19,519 | INFO |   Reward | D: -3974.61 | E: -12.20 | Q: 1564.00 | H: 25.56 | LB: 0.15 | Enq: 0.00 | Pen: -3167.58
2026-06-09 22:20:06,465 | INFO | Update  218 | Steps: 223,232 | Episodes:   218 | EpReward:   -57.43 | FPS:     22 | Actor Loss: 0.0006 | Critic Loss: 0.0051
2026-06-09 22:20:06,466 | INFO |   Env | HO: 69.47% | Cont: 96.87% | Task: 80.95% | Resolved: 99.92% | Delay: 2.794s | Energy: 3597.12J | LB: 0.130
2026-06-09 22:20:06,466 | INFO |   Reward | D: -3677.12 | E: -11.73 | Q: 2446.80 | H: 25.27 | LB: 0.01 | Enq: 0.00 | Pen: -1964.57
2026-06-09 22:20:54,649 | INFO | Update  219 | Steps: 224,256 | Episodes:   219 | EpReward:   -57.31 | FPS:     21 | Actor Loss: 0.0009 | Critic Loss: 0.0055
2026-06-09 22:20:54,652 | INFO |   Env | HO: 67.10% | Cont: 95.58% | Task: 77.53% | Resolved: 99.93% | Delay: 2.999s | Energy: 4008.68J | LB: 0.124
2026-06-09 22:20:54,653 | INFO |   Reward | D: -3724.19 | E: -11.76 | Q: 1834.80 | H: 28.30 | LB: 0.09 | Enq: 0.00 | Pen: -2493.03
2026-06-09 22:21:32,324 | INFO | Update  220 | Steps: 225,280 | Episodes:   220 | EpReward:   -57.26 | FPS:     27 | Actor Loss: 0.0007 | Critic Loss: 0.0310
2026-06-09 22:21:32,324 | INFO |   Env | HO: 67.92% | Cont: 96.86% | Task: 76.80% | Resolved: 99.87% | Delay: 3.080s | Energy: 4428.56J | LB: 0.118
2026-06-09 22:21:32,324 | INFO |   Reward | D: -3883.80 | E: -12.03 | Q: 1729.20 | H: 27.26 | LB: 0.11 | Enq: 0.00 | Pen: -2942.64
2026-06-09 22:22:15,234 | INFO | Update  221 | Steps: 226,304 | Episodes:   221 | EpReward:   -57.18 | FPS:     24 | Actor Loss: 0.0005 | Critic Loss: 0.0031
2026-06-09 22:22:15,234 | INFO |   Env | HO: 66.52% | Cont: 96.26% | Task: 78.94% | Resolved: 99.97% | Delay: 2.883s | Energy: 3812.56J | LB: 0.137
2026-06-09 22:22:15,234 | INFO |   Reward | D: -3755.65 | E: -11.62 | Q: 2112.00 | H: 26.76 | LB: 0.04 | Enq: 0.00 | Pen: -2253.57
2026-06-09 22:22:55,886 | INFO | Update  222 | Steps: 227,328 | Episodes:   222 | EpReward:   -57.29 | FPS:     25 | Actor Loss: 0.0002 | Critic Loss: 0.0092
2026-06-09 22:22:55,886 | INFO |   Env | HO: 68.50% | Cont: 96.13% | Task: 77.26% | Resolved: 99.99% | Delay: 3.011s | Energy: 4205.65J | LB: 0.125
2026-06-09 22:22:55,889 | INFO |   Reward | D: -3823.09 | E: -11.95 | Q: 1818.80 | H: 26.56 | LB: 0.06 | Enq: 0.00 | Pen: -2662.02
2026-06-09 22:23:32,778 | INFO | Update  223 | Steps: 228,352 | Episodes:   223 | EpReward:   -57.41 | FPS:     28 | Actor Loss: 0.0013 | Critic Loss: 0.0195
2026-06-09 22:23:32,778 | INFO |   Env | HO: 69.10% | Cont: 95.97% | Task: 76.22% | Resolved: 99.97% | Delay: 3.066s | Energy: 4343.75J | LB: 0.083
2026-06-09 22:23:32,778 | INFO |   Reward | D: -3868.10 | E: -11.95 | Q: 1646.40 | H: 28.12 | LB: 0.08 | Enq: 0.00 | Pen: -2907.52
2026-06-09 22:24:13,545 | INFO | Update  224 | Steps: 229,376 | Episodes:   224 | EpReward:   -57.51 | FPS:     25 | Actor Loss: 0.0009 | Critic Loss: 0.0101
2026-06-09 22:24:13,545 | INFO |   Env | HO: 67.01% | Cont: 96.51% | Task: 77.62% | Resolved: 99.99% | Delay: 2.996s | Energy: 4214.81J | LB: 0.110
2026-06-09 22:24:13,545 | INFO |   Reward | D: -3886.04 | E: -11.93 | Q: 1906.00 | H: 27.93 | LB: 0.17 | Enq: 0.00 | Pen: -2663.37
2026-06-09 22:24:53,095 | INFO | Update  225 | Steps: 230,400 | Episodes:   225 | EpReward:   -57.37 | FPS:     26 | Actor Loss: 0.0013 | Critic Loss: 0.0199
2026-06-09 22:24:53,096 | INFO |   Env | HO: 70.60% | Cont: 96.42% | Task: 77.70% | Resolved: 99.94% | Delay: 3.004s | Energy: 4197.32J | LB: 0.104
2026-06-09 22:24:53,096 | INFO |   Reward | D: -3826.64 | E: -12.17 | Q: 1884.40 | H: 32.85 | LB: 0.07 | Enq: 0.00 | Pen: -2641.01
2026-06-09 22:25:15,284 | INFO | Update  226 | Steps: 231,424 | Episodes:   226 | EpReward:   -57.15 | FPS:     46 | Actor Loss: 0.0011 | Critic Loss: 0.0083
2026-06-09 22:25:15,284 | INFO |   Env | HO: 70.34% | Cont: 95.26% | Task: 78.06% | Resolved: 99.97% | Delay: 2.921s | Energy: 3831.71J | LB: 0.134
2026-06-09 22:25:15,284 | INFO |   Reward | D: -3746.06 | E: -11.75 | Q: 1969.60 | H: 31.17 | LB: 0.02 | Enq: 0.00 | Pen: -2220.98
2026-06-09 22:25:52,600 | INFO | Update  227 | Steps: 232,448 | Episodes:   227 | EpReward:   -57.23 | FPS:     27 | Actor Loss: 0.0009 | Critic Loss: 0.0073
2026-06-09 22:25:52,600 | INFO |   Env | HO: 67.30% | Cont: 96.74% | Task: 75.54% | Resolved: 99.96% | Delay: 3.146s | Energy: 4693.48J | LB: 0.089
2026-06-09 22:25:52,600 | INFO |   Reward | D: -3955.68 | E: -12.31 | Q: 1531.20 | H: 21.51 | LB: 0.04 | Enq: 0.00 | Pen: -3206.26
2026-06-09 22:26:30,706 | INFO | Update  228 | Steps: 233,472 | Episodes:   228 | EpReward:   -57.01 | FPS:     27 | Actor Loss: 0.0013 | Critic Loss: 0.0049
2026-06-09 22:26:30,706 | INFO |   Env | HO: 66.76% | Cont: 95.09% | Task: 78.22% | Resolved: 99.99% | Delay: 2.899s | Energy: 3746.12J | LB: 0.138
2026-06-09 22:26:30,706 | INFO |   Reward | D: -3708.03 | E: -11.62 | Q: 1987.60 | H: 30.20 | LB: 0.14 | Enq: 0.00 | Pen: -2192.71
2026-06-09 22:27:04,418 | INFO | Update  229 | Steps: 234,496 | Episodes:   229 | EpReward:   -56.87 | FPS:     30 | Actor Loss: 0.0011 | Critic Loss: 0.0043
2026-06-09 22:27:04,418 | INFO |   Env | HO: 70.32% | Cont: 96.83% | Task: 76.87% | Resolved: 99.99% | Delay: 3.040s | Energy: 4341.98J | LB: 0.097
2026-06-09 22:27:04,418 | INFO |   Reward | D: -3852.43 | E: -12.13 | Q: 1746.40 | H: 23.04 | LB: 0.09 | Enq: 0.00 | Pen: -2817.92
2026-06-09 22:27:41,227 | INFO | Update  230 | Steps: 235,520 | Episodes:   230 | EpReward:   -56.98 | FPS:     28 | Actor Loss: 0.0006 | Critic Loss: 0.0080
2026-06-09 22:27:41,227 | INFO |   Env | HO: 69.34% | Cont: 97.41% | Task: 76.10% | Resolved: 99.99% | Delay: 3.129s | Energy: 4670.57J | LB: 0.109
2026-06-09 22:27:41,227 | INFO |   Reward | D: -3985.16 | E: -12.33 | Q: 1635.60 | H: 20.08 | LB: 0.01 | Enq: 0.00 | Pen: -3172.59
2026-06-09 22:28:26,685 | INFO | Update  231 | Steps: 236,544 | Episodes:   231 | EpReward:   -56.65 | FPS:     23 | Actor Loss: 0.0010 | Critic Loss: 0.0018
2026-06-09 22:28:26,686 | INFO |   Env | HO: 69.89% | Cont: 97.15% | Task: 78.18% | Resolved: 99.99% | Delay: 2.954s | Energy: 4126.88J | LB: 0.117
2026-06-09 22:28:26,686 | INFO |   Reward | D: -3815.95 | E: -11.95 | Q: 1984.40 | H: 19.01 | LB: 0.01 | Enq: 0.00 | Pen: -2566.87
2026-06-09 22:29:12,161 | INFO | Update  232 | Steps: 237,568 | Episodes:   232 | EpReward:   -56.43 | FPS:     23 | Actor Loss: 0.0012 | Critic Loss: 0.0014
2026-06-09 22:29:12,162 | INFO |   Env | HO: 68.37% | Cont: 97.00% | Task: 78.19% | Resolved: 99.98% | Delay: 3.004s | Energy: 4170.58J | LB: 0.093
2026-06-09 22:29:12,162 | INFO |   Reward | D: -3790.23 | E: -11.97 | Q: 1956.80 | H: 23.92 | LB: 0.03 | Enq: 0.00 | Pen: -2641.47
2026-06-09 22:30:04,012 | INFO | Update  233 | Steps: 238,592 | Episodes:   233 | EpReward:   -56.74 | FPS:     20 | Actor Loss: 0.0007 | Critic Loss: 0.0063
2026-06-09 22:30:04,016 | INFO |   Env | HO: 68.57% | Cont: 97.28% | Task: 75.50% | Resolved: 99.97% | Delay: 3.130s | Energy: 4665.23J | LB: 0.093
2026-06-09 22:30:04,016 | INFO |   Reward | D: -3974.06 | E: -12.20 | Q: 1518.40 | H: 20.52 | LB: 0.06 | Enq: 0.00 | Pen: -3219.33
2026-06-09 22:30:55,960 | INFO | Update  234 | Steps: 239,616 | Episodes:   234 | EpReward:   -56.77 | FPS:     20 | Actor Loss: 0.0015 | Critic Loss: 0.0082
2026-06-09 22:30:55,960 | INFO |   Env | HO: 66.12% | Cont: 96.77% | Task: 76.79% | Resolved: 99.96% | Delay: 3.043s | Energy: 4324.20J | LB: 0.091
2026-06-09 22:30:55,960 | INFO |   Reward | D: -3845.61 | E: -11.95 | Q: 1718.80 | H: 24.87 | LB: 0.02 | Enq: 0.00 | Pen: -2828.73
2026-06-09 22:31:42,067 | INFO | Update  235 | Steps: 240,640 | Episodes:   235 | EpReward:   -56.77 | FPS:     22 | Actor Loss: 0.0004 | Critic Loss: 0.0042
2026-06-09 22:31:42,067 | INFO |   Env | HO: 64.92% | Cont: 96.54% | Task: 75.61% | Resolved: 99.97% | Delay: 3.102s | Energy: 4566.58J | LB: 0.093
2026-06-09 22:31:42,067 | INFO |   Reward | D: -3947.39 | E: -12.31 | Q: 1550.00 | H: 23.29 | LB: 0.09 | Enq: 0.00 | Pen: -3111.99
2026-06-09 22:32:23,082 | INFO | Update  236 | Steps: 241,664 | Episodes:   236 | EpReward:   -56.59 | FPS:     25 | Actor Loss: 0.0010 | Critic Loss: 0.0060
2026-06-09 22:32:23,082 | INFO |   Env | HO: 69.44% | Cont: 95.68% | Task: 77.46% | Resolved: 99.94% | Delay: 2.972s | Energy: 3993.79J | LB: 0.123
2026-06-09 22:32:23,082 | INFO |   Reward | D: -3752.04 | E: -11.76 | Q: 1852.00 | H: 24.29 | LB: 0.04 | Enq: 0.00 | Pen: -2417.27
2026-06-09 22:32:57,606 | INFO | Update  237 | Steps: 242,688 | Episodes:   237 | EpReward:   -56.57 | FPS:     30 | Actor Loss: 0.0006 | Critic Loss: 0.0155
2026-06-09 22:32:57,606 | INFO |   Env | HO: 68.00% | Cont: 96.28% | Task: 76.14% | Resolved: 99.98% | Delay: 3.051s | Energy: 4357.62J | LB: 0.087
2026-06-09 22:32:57,607 | INFO |   Reward | D: -3886.35 | E: -12.03 | Q: 1640.40 | H: 19.59 | LB: 0.06 | Enq: 0.00 | Pen: -2902.79
2026-06-09 22:33:44,507 | INFO | Update  238 | Steps: 243,712 | Episodes:   238 | EpReward:   -56.62 | FPS:     22 | Actor Loss: 0.0016 | Critic Loss: 0.0170
2026-06-09 22:33:44,508 | INFO |   Env | HO: 63.60% | Cont: 95.67% | Task: 75.73% | Resolved: 99.97% | Delay: 3.129s | Energy: 4452.79J | LB: 0.094
2026-06-09 22:33:44,508 | INFO |   Reward | D: -3862.82 | E: -11.97 | Q: 1550.40 | H: 27.11 | LB: 0.12 | Enq: 0.00 | Pen: -2980.30
2026-06-09 22:34:29,196 | INFO | Update  239 | Steps: 244,736 | Episodes:   239 | EpReward:   -56.51 | FPS:     23 | Actor Loss: 0.0015 | Critic Loss: 0.0116
2026-06-09 22:34:29,196 | INFO |   Env | HO: 68.11% | Cont: 96.23% | Task: 76.39% | Resolved: 99.94% | Delay: 3.071s | Energy: 4362.86J | LB: 0.094
2026-06-09 22:34:29,196 | INFO |   Reward | D: -3855.82 | E: -11.89 | Q: 1670.00 | H: 23.16 | LB: 0.08 | Enq: 0.00 | Pen: -2879.37
2026-06-09 22:35:03,613 | INFO | Update  240 | Steps: 245,760 | Episodes:   240 | EpReward:   -56.46 | FPS:     30 | Actor Loss: 0.0016 | Critic Loss: 0.0099
2026-06-09 22:35:03,614 | INFO |   Env | HO: 71.46% | Cont: 97.14% | Task: 77.67% | Resolved: 99.96% | Delay: 3.031s | Energy: 4331.27J | LB: 0.113
2026-06-09 22:35:03,614 | INFO |   Reward | D: -3863.93 | E: -12.22 | Q: 1884.40 | H: 23.54 | LB: 0.04 | Enq: 0.00 | Pen: -2818.83
2026-06-09 22:35:50,991 | INFO | Update  241 | Steps: 246,784 | Episodes:   241 | EpReward:   -56.39 | FPS:     22 | Actor Loss: 0.0011 | Critic Loss: 0.0135
2026-06-09 22:35:50,991 | INFO |   Env | HO: 66.93% | Cont: 96.61% | Task: 76.66% | Resolved: 99.98% | Delay: 3.058s | Energy: 4415.59J | LB: 0.102
2026-06-09 22:35:50,992 | INFO |   Reward | D: -3887.11 | E: -12.23 | Q: 1733.20 | H: 25.77 | LB: 0.05 | Enq: 0.00 | Pen: -2897.01
2026-06-09 22:36:29,411 | INFO | Update  242 | Steps: 247,808 | Episodes:   242 | EpReward:   -56.36 | FPS:     27 | Actor Loss: 0.0007 | Critic Loss: 0.0188
2026-06-09 22:36:29,411 | INFO |   Env | HO: 71.11% | Cont: 96.67% | Task: 76.81% | Resolved: 99.97% | Delay: 3.073s | Energy: 4354.36J | LB: 0.091
2026-06-09 22:36:29,412 | INFO |   Reward | D: -3853.58 | E: -11.80 | Q: 1729.60 | H: 22.88 | LB: 0.04 | Enq: 0.00 | Pen: -2905.28
2026-06-09 22:37:02,008 | INFO | Update  243 | Steps: 248,832 | Episodes:   243 | EpReward:   -56.19 | FPS:     31 | Actor Loss: 0.0009 | Critic Loss: 0.0126
2026-06-09 22:37:02,008 | INFO |   Env | HO: 70.91% | Cont: 97.47% | Task: 78.98% | Resolved: 99.97% | Delay: 2.958s | Energy: 4145.49J | LB: 0.106
2026-06-09 22:37:02,008 | INFO |   Reward | D: -3852.40 | E: -12.09 | Q: 2142.40 | H: 21.90 | LB: 0.04 | Enq: 0.00 | Pen: -2545.94
2026-06-09 22:37:38,666 | INFO | Update  244 | Steps: 249,856 | Episodes:   244 | EpReward:   -55.91 | FPS:     28 | Actor Loss: 0.0018 | Critic Loss: 0.0044
2026-06-09 22:37:38,666 | INFO |   Env | HO: 72.76% | Cont: 97.22% | Task: 80.54% | Resolved: 99.97% | Delay: 2.808s | Energy: 3629.66J | LB: 0.168
2026-06-09 22:37:38,666 | INFO |   Reward | D: -3745.45 | E: -11.80 | Q: 2400.00 | H: 22.71 | LB: 0.00 | Enq: 0.00 | Pen: -1986.57
2026-06-09 22:38:13,121 | INFO | Update  245 | Steps: 250,880 | Episodes:   245 | EpReward:   -55.97 | FPS:     30 | Actor Loss: 0.0012 | Critic Loss: 0.0101
2026-06-09 22:38:13,121 | INFO |   Env | HO: 70.84% | Cont: 97.12% | Task: 77.57% | Resolved: 99.99% | Delay: 3.026s | Energy: 4289.48J | LB: 0.104
2026-06-09 22:38:13,121 | INFO |   Reward | D: -3828.55 | E: -12.04 | Q: 1867.60 | H: 19.07 | LB: 0.11 | Enq: 0.00 | Pen: -2683.93
2026-06-09 22:38:13,121 | INFO | ----------------------------------------
2026-06-09 22:38:13,121 | INFO | 开始评估...
2026-06-09 22:38:40,969 | INFO | 评估结果: 奖励 = -79.68 ± 2.62, 长度 = 600, 时延 = 3.235s, 能耗 = 8832.44J, 负载均衡 = 0.061
2026-06-09 22:38:40,970 | INFO | ----------------------------------------
2026-06-09 22:39:07,132 | INFO | Update  246 | Steps: 251,904 | Episodes:   246 | EpReward:   -55.90 | FPS:     39 | Actor Loss: 0.0015 | Critic Loss: 0.0142
2026-06-09 22:39:07,132 | INFO |   Env | HO: 69.03% | Cont: 97.08% | Task: 76.01% | Resolved: 99.98% | Delay: 3.111s | Energy: 4537.36J | LB: 0.103
2026-06-09 22:39:07,132 | INFO |   Reward | D: -3943.01 | E: -12.10 | Q: 1610.00 | H: 20.90 | LB: 0.04 | Enq: 0.00 | Pen: -3054.06
2026-06-09 22:39:50,732 | INFO | Update  247 | Steps: 252,928 | Episodes:   247 | EpReward:   -55.90 | FPS:     23 | Actor Loss: 0.0007 | Critic Loss: 0.0229
2026-06-09 22:39:50,733 | INFO |   Env | HO: 71.99% | Cont: 97.27% | Task: 76.67% | Resolved: 99.98% | Delay: 3.057s | Energy: 4340.69J | LB: 0.093
2026-06-09 22:39:50,733 | INFO |   Reward | D: -3828.23 | E: -12.01 | Q: 1698.40 | H: 16.99 | LB: 0.05 | Enq: 0.00 | Pen: -2821.53
2026-06-09 22:40:31,698 | INFO | Update  248 | Steps: 253,952 | Episodes:   248 | EpReward:   -56.12 | FPS:     25 | Actor Loss: 0.0015 | Critic Loss: 0.0106
2026-06-09 22:40:31,701 | INFO |   Env | HO: 67.25% | Cont: 97.32% | Task: 76.25% | Resolved: 99.98% | Delay: 3.126s | Energy: 4600.89J | LB: 0.089
2026-06-09 22:40:31,701 | INFO |   Reward | D: -3906.78 | E: -12.23 | Q: 1633.20 | H: 18.86 | LB: 0.11 | Enq: 0.00 | Pen: -3105.43
2026-06-09 22:41:16,088 | INFO | Update  249 | Steps: 254,976 | Episodes:   249 | EpReward:   -56.16 | FPS:     23 | Actor Loss: 0.0010 | Critic Loss: 0.0148
2026-06-09 22:41:16,088 | INFO |   Env | HO: 67.21% | Cont: 96.32% | Task: 76.50% | Resolved: 100.00% | Delay: 3.025s | Energy: 4305.31J | LB: 0.096
2026-06-09 22:41:16,088 | INFO |   Reward | D: -3904.44 | E: -12.15 | Q: 1715.60 | H: 25.17 | LB: 0.10 | Enq: 0.00 | Pen: -2808.78
2026-06-09 22:42:03,376 | INFO | Update  250 | Steps: 256,000 | Episodes:   250 | EpReward:   -56.51 | FPS:     22 | Actor Loss: 0.0013 | Critic Loss: 0.0117
2026-06-09 22:42:03,376 | INFO |   Env | HO: 66.67% | Cont: 97.65% | Task: 77.87% | Resolved: 99.99% | Delay: 2.995s | Energy: 4247.05J | LB: 0.108
2026-06-09 22:42:03,377 | INFO |   Reward | D: -3887.76 | E: -11.98 | Q: 1930.40 | H: 18.86 | LB: 0.05 | Enq: 0.00 | Pen: -2728.80
2026-06-09 22:42:50,430 | INFO | Update  251 | Steps: 257,024 | Episodes:   251 | EpReward:   -56.57 | FPS:     22 | Actor Loss: 0.0011 | Critic Loss: 0.0063
2026-06-09 22:42:50,431 | INFO |   Env | HO: 68.06% | Cont: 96.99% | Task: 76.69% | Resolved: 99.90% | Delay: 3.038s | Energy: 4335.40J | LB: 0.104
2026-06-09 22:42:50,431 | INFO |   Reward | D: -3876.40 | E: -11.99 | Q: 1727.20 | H: 14.88 | LB: 0.07 | Enq: 0.00 | Pen: -2797.40
2026-06-09 22:43:36,213 | INFO | Update  252 | Steps: 258,048 | Episodes:   252 | EpReward:   -56.53 | FPS:     22 | Actor Loss: 0.0010 | Critic Loss: 0.0059
2026-06-09 22:43:36,213 | INFO |   Env | HO: 71.47% | Cont: 97.74% | Task: 77.79% | Resolved: 99.98% | Delay: 3.019s | Energy: 4331.30J | LB: 0.126
2026-06-09 22:43:36,213 | INFO |   Reward | D: -3904.84 | E: -12.06 | Q: 1930.00 | H: 16.99 | LB: 0.03 | Enq: 0.00 | Pen: -2746.22
2026-06-09 22:44:13,456 | INFO | Update  253 | Steps: 259,072 | Episodes:   253 | EpReward:   -56.61 | FPS:     27 | Actor Loss: 0.0012 | Critic Loss: 0.0058
2026-06-09 22:44:13,456 | INFO |   Env | HO: 73.18% | Cont: 98.00% | Task: 75.30% | Resolved: 99.97% | Delay: 3.175s | Energy: 4793.06J | LB: 0.078
2026-06-09 22:44:13,456 | INFO |   Reward | D: -4010.57 | E: -12.18 | Q: 1492.40 | H: 13.80 | LB: -0.00 | Enq: 0.00 | Pen: -3291.05
2026-06-09 22:44:47,880 | INFO | Update  254 | Steps: 260,096 | Episodes:   254 | EpReward:   -56.59 | FPS:     30 | Actor Loss: 0.0010 | Critic Loss: 0.0085
2026-06-09 22:44:47,880 | INFO |   Env | HO: 67.42% | Cont: 96.86% | Task: 76.77% | Resolved: 99.98% | Delay: 3.033s | Energy: 4304.44J | LB: 0.081
2026-06-09 22:44:47,880 | INFO |   Reward | D: -3868.84 | E: -11.93 | Q: 1734.00 | H: 20.35 | LB: 0.08 | Enq: 0.00 | Pen: -2830.57
2026-06-09 22:45:29,946 | INFO | Update  255 | Steps: 261,120 | Episodes:   255 | EpReward:   -56.74 | FPS:     24 | Actor Loss: 0.0013 | Critic Loss: 0.0043
2026-06-09 22:45:29,948 | INFO |   Env | HO: 67.81% | Cont: 97.54% | Task: 77.15% | Resolved: 99.99% | Delay: 3.023s | Energy: 4347.74J | LB: 0.107
2026-06-09 22:45:29,948 | INFO |   Reward | D: -3892.79 | E: -12.19 | Q: 1807.60 | H: 15.91 | LB: 0.01 | Enq: 0.00 | Pen: -2796.21
2026-06-09 22:46:16,511 | INFO | Update  256 | Steps: 262,144 | Episodes:   256 | EpReward:   -56.66 | FPS:     22 | Actor Loss: 0.0011 | Critic Loss: 0.0037
2026-06-09 22:46:16,511 | INFO |   Env | HO: 65.00% | Cont: 97.23% | Task: 75.64% | Resolved: 99.99% | Delay: 3.131s | Energy: 4641.81J | LB: 0.078
2026-06-09 22:46:16,511 | INFO |   Reward | D: -3946.60 | E: -12.24 | Q: 1548.80 | H: 16.14 | LB: 0.04 | Enq: 0.00 | Pen: -3140.73
2026-06-09 22:47:05,339 | INFO | Update  257 | Steps: 263,168 | Episodes:   257 | EpReward:   -56.63 | FPS:     21 | Actor Loss: 0.0012 | Critic Loss: 0.0144
2026-06-09 22:47:05,340 | INFO |   Env | HO: 65.62% | Cont: 97.66% | Task: 76.17% | Resolved: 99.97% | Delay: 3.119s | Energy: 4654.83J | LB: 0.089
2026-06-09 22:47:05,340 | INFO |   Reward | D: -3968.70 | E: -12.24 | Q: 1642.80 | H: 14.00 | LB: 0.00 | Enq: 0.00 | Pen: -3129.99
2026-06-09 22:47:58,908 | INFO | Update  258 | Steps: 264,192 | Episodes:   258 | EpReward:   -56.75 | FPS:     19 | Actor Loss: 0.0014 | Critic Loss: 0.0082
2026-06-09 22:47:58,909 | INFO |   Env | HO: 69.42% | Cont: 98.02% | Task: 75.89% | Resolved: 99.99% | Delay: 3.131s | Energy: 4687.55J | LB: 0.080
2026-06-09 22:47:58,909 | INFO |   Reward | D: -3963.18 | E: -12.23 | Q: 1586.00 | H: 15.70 | LB: 0.01 | Enq: 0.00 | Pen: -3133.63
2026-06-09 22:48:40,987 | INFO | Update  259 | Steps: 265,216 | Episodes:   259 | EpReward:   -56.81 | FPS:     24 | Actor Loss: 0.0014 | Critic Loss: 0.0081
2026-06-09 22:48:40,988 | INFO |   Env | HO: 65.10% | Cont: 96.32% | Task: 75.57% | Resolved: 100.00% | Delay: 3.149s | Energy: 4565.74J | LB: 0.073
2026-06-09 22:48:40,988 | INFO |   Reward | D: -3893.23 | E: -12.16 | Q: 1520.40 | H: 21.43 | LB: 0.04 | Enq: 0.00 | Pen: -3113.88
2026-06-09 22:49:17,515 | INFO | Update  260 | Steps: 266,240 | Episodes:   260 | EpReward:   -57.14 | FPS:     28 | Actor Loss: 0.0012 | Critic Loss: 0.0082
2026-06-09 22:49:17,515 | INFO |   Env | HO: 72.07% | Cont: 97.63% | Task: 76.14% | Resolved: 99.97% | Delay: 3.105s | Energy: 4624.58J | LB: 0.064
2026-06-09 22:49:17,515 | INFO |   Reward | D: -3972.50 | E: -12.24 | Q: 1647.60 | H: 14.96 | LB: 0.00 | Enq: 0.00 | Pen: -3025.56
2026-06-09 22:49:55,893 | INFO | Update  261 | Steps: 267,264 | Episodes:   261 | EpReward:   -57.38 | FPS:     27 | Actor Loss: 0.0009 | Critic Loss: 0.0158
2026-06-09 22:49:55,894 | INFO |   Env | HO: 66.97% | Cont: 98.20% | Task: 76.05% | Resolved: 99.91% | Delay: 3.136s | Energy: 4847.05J | LB: 0.078
2026-06-09 22:49:55,894 | INFO |   Reward | D: -4047.83 | E: -12.52 | Q: 1642.40 | H: 13.70 | LB: 0.03 | Enq: 0.00 | Pen: -3323.89
2026-06-09 22:50:50,312 | INFO | Update  262 | Steps: 268,288 | Episodes:   262 | EpReward:   -57.37 | FPS:     19 | Actor Loss: 0.0014 | Critic Loss: 0.0243
2026-06-09 22:50:50,312 | INFO |   Env | HO: 69.68% | Cont: 96.74% | Task: 75.54% | Resolved: 99.99% | Delay: 3.138s | Energy: 4575.06J | LB: 0.062
2026-06-09 22:50:50,312 | INFO |   Reward | D: -3922.92 | E: -12.15 | Q: 1519.60 | H: 25.19 | LB: 0.19 | Enq: 0.00 | Pen: -3049.21
2026-06-09 22:51:31,375 | INFO | Update  263 | Steps: 269,312 | Episodes:   263 | EpReward:   -57.49 | FPS:     25 | Actor Loss: 0.0016 | Critic Loss: 0.0131
2026-06-09 22:51:31,375 | INFO |   Env | HO: 69.64% | Cont: 96.85% | Task: 76.87% | Resolved: 99.96% | Delay: 3.053s | Energy: 4430.42J | LB: 0.102
2026-06-09 22:51:31,375 | INFO |   Reward | D: -3928.15 | E: -12.28 | Q: 1771.60 | H: 28.37 | LB: 0.15 | Enq: 0.00 | Pen: -2924.57
2026-06-09 22:52:10,396 | INFO | Update  264 | Steps: 270,336 | Episodes:   264 | EpReward:   -57.17 | FPS:     26 | Actor Loss: 0.0010 | Critic Loss: 0.0077
2026-06-09 22:52:10,396 | INFO |   Env | HO: 74.04% | Cont: 97.14% | Task: 78.67% | Resolved: 99.98% | Delay: 2.898s | Energy: 3906.59J | LB: 0.137
2026-06-09 22:52:10,396 | INFO |   Reward | D: -3757.24 | E: -11.85 | Q: 2064.40 | H: 18.86 | LB: 0.03 | Enq: 0.00 | Pen: -2290.93
2026-06-09 22:52:58,240 | INFO | Update  265 | Steps: 271,360 | Episodes:   265 | EpReward:   -56.87 | FPS:     21 | Actor Loss: 0.0016 | Critic Loss: 0.0034
2026-06-09 22:52:58,240 | INFO |   Env | HO: 66.82% | Cont: 97.71% | Task: 78.57% | Resolved: 99.97% | Delay: 3.016s | Energy: 4262.51J | LB: 0.132
2026-06-09 22:52:58,240 | INFO |   Reward | D: -3842.84 | E: -12.05 | Q: 2037.60 | H: 18.44 | LB: 0.03 | Enq: 0.00 | Pen: -2666.10
2026-06-09 22:53:48,729 | INFO | Update  266 | Steps: 272,384 | Episodes:   266 | EpReward:   -56.89 | FPS:     20 | Actor Loss: 0.0009 | Critic Loss: 0.0121
2026-06-09 22:53:48,729 | INFO |   Env | HO: 68.81% | Cont: 97.89% | Task: 75.75% | Resolved: 99.95% | Delay: 3.154s | Energy: 4699.49J | LB: 0.074
2026-06-09 22:53:48,729 | INFO |   Reward | D: -3936.32 | E: -12.14 | Q: 1547.20 | H: 14.06 | LB: 0.03 | Enq: 0.00 | Pen: -3202.93
2026-06-09 22:54:30,656 | INFO | Update  267 | Steps: 273,408 | Episodes:   267 | EpReward:   -57.18 | FPS:     24 | Actor Loss: 0.0014 | Critic Loss: 0.0091
2026-06-09 22:54:30,656 | INFO |   Env | HO: 65.04% | Cont: 96.50% | Task: 77.58% | Resolved: 99.96% | Delay: 2.998s | Energy: 4151.03J | LB: 0.095
2026-06-09 22:54:30,656 | INFO |   Reward | D: -3776.90 | E: -11.86 | Q: 1869.20 | H: 18.47 | LB: 0.01 | Enq: 0.00 | Pen: -2566.72
2026-06-09 22:55:09,371 | INFO | Update  268 | Steps: 274,432 | Episodes:   268 | EpReward:   -57.17 | FPS:     26 | Actor Loss: 0.0011 | Critic Loss: 0.0106
2026-06-09 22:55:09,371 | INFO |   Env | HO: 67.62% | Cont: 96.79% | Task: 77.08% | Resolved: 99.97% | Delay: 3.068s | Energy: 4409.88J | LB: 0.096
2026-06-09 22:55:09,371 | INFO |   Reward | D: -3875.26 | E: -12.28 | Q: 1791.60 | H: 18.67 | LB: 0.02 | Enq: 0.00 | Pen: -2842.40
2026-06-09 22:55:44,347 | INFO | Update  269 | Steps: 275,456 | Episodes:   269 | EpReward:   -57.07 | FPS:     29 | Actor Loss: 0.0017 | Critic Loss: 0.0047
2026-06-09 22:55:44,347 | INFO |   Env | HO: 67.82% | Cont: 96.96% | Task: 76.40% | Resolved: 100.00% | Delay: 3.034s | Energy: 4343.30J | LB: 0.065
2026-06-09 22:55:44,347 | INFO |   Reward | D: -3859.51 | E: -12.20 | Q: 1674.40 | H: 18.05 | LB: 0.07 | Enq: 0.00 | Pen: -2828.07
2026-06-09 22:56:35,684 | INFO | Update  270 | Steps: 276,480 | Episodes:   270 | EpReward:   -56.83 | FPS:     20 | Actor Loss: 0.0004 | Critic Loss: 0.0025
2026-06-09 22:56:35,685 | INFO |   Env | HO: 67.74% | Cont: 97.46% | Task: 77.16% | Resolved: 99.99% | Delay: 3.031s | Energy: 4295.78J | LB: 0.091
2026-06-09 22:56:35,685 | INFO |   Reward | D: -3820.44 | E: -11.98 | Q: 1784.00 | H: 12.89 | LB: 0.00 | Enq: 0.00 | Pen: -2774.76
2026-06-09 22:57:17,257 | INFO | Update  271 | Steps: 277,504 | Episodes:   271 | EpReward:   -56.80 | FPS:     25 | Actor Loss: 0.0018 | Critic Loss: 0.0104
2026-06-09 22:57:17,257 | INFO |   Env | HO: 69.04% | Cont: 96.39% | Task: 76.72% | Resolved: 99.96% | Delay: 3.077s | Energy: 4425.09J | LB: 0.098
2026-06-09 22:57:17,258 | INFO |   Reward | D: -3890.97 | E: -12.08 | Q: 1725.20 | H: 28.52 | LB: 0.03 | Enq: 0.00 | Pen: -2940.12
2026-06-09 22:57:56,886 | INFO | Update  272 | Steps: 278,528 | Episodes:   272 | EpReward:   -56.89 | FPS:     26 | Actor Loss: 0.0017 | Critic Loss: 0.0067
2026-06-09 22:57:56,886 | INFO |   Env | HO: 65.68% | Cont: 95.68% | Task: 76.95% | Resolved: 99.96% | Delay: 3.020s | Energy: 4188.24J | LB: 0.090
2026-06-09 22:57:56,886 | INFO |   Reward | D: -3805.22 | E: -12.05 | Q: 1757.60 | H: 26.85 | LB: 0.02 | Enq: 0.00 | Pen: -2643.66
2026-06-09 22:58:16,127 | INFO | Update  273 | Steps: 279,552 | Episodes:   273 | EpReward:   -56.86 | FPS:     53 | Actor Loss: 0.0016 | Critic Loss: 0.0157
2026-06-09 22:58:16,127 | INFO |   Env | HO: 63.53% | Cont: 96.71% | Task: 76.52% | Resolved: 99.96% | Delay: 3.063s | Energy: 4387.88J | LB: 0.102
2026-06-09 22:58:16,127 | INFO |   Reward | D: -3833.92 | E: -12.11 | Q: 1676.40 | H: 22.54 | LB: 0.02 | Enq: 0.00 | Pen: -2907.48
2026-06-09 22:58:40,816 | INFO | Update  274 | Steps: 280,576 | Episodes:   274 | EpReward:   -56.78 | FPS:     41 | Actor Loss: 0.0013 | Critic Loss: 0.0178
2026-06-09 22:58:40,816 | INFO |   Env | HO: 67.74% | Cont: 96.70% | Task: 76.86% | Resolved: 99.96% | Delay: 3.041s | Energy: 4262.78J | LB: 0.110
2026-06-09 22:58:40,817 | INFO |   Reward | D: -3841.40 | E: -11.93 | Q: 1742.40 | H: 22.85 | LB: 0.05 | Enq: 0.00 | Pen: -2749.12
2026-06-09 22:59:21,806 | INFO | Update  275 | Steps: 281,600 | Episodes:   275 | EpReward:   -56.83 | FPS:     25 | Actor Loss: 0.0011 | Critic Loss: 0.0128
2026-06-09 22:59:21,807 | INFO |   Env | HO: 70.34% | Cont: 97.41% | Task: 77.11% | Resolved: 99.97% | Delay: 3.039s | Energy: 4413.22J | LB: 0.089
2026-06-09 22:59:21,807 | INFO |   Reward | D: -3900.50 | E: -12.23 | Q: 1798.00 | H: 18.98 | LB: -0.00 | Enq: 0.00 | Pen: -2866.62
2026-06-09 23:00:09,504 | INFO | Update  276 | Steps: 282,624 | Episodes:   276 | EpReward:   -56.73 | FPS:     21 | Actor Loss: 0.0009 | Critic Loss: 0.0111
2026-06-09 23:00:09,504 | INFO |   Env | HO: 67.89% | Cont: 95.90% | Task: 79.11% | Resolved: 99.96% | Delay: 2.901s | Energy: 3802.15J | LB: 0.144
2026-06-09 23:00:09,504 | INFO |   Reward | D: -3691.30 | E: -11.80 | Q: 2119.60 | H: 27.99 | LB: 0.02 | Enq: 0.00 | Pen: -2241.57
2026-06-09 23:00:53,865 | INFO | Update  277 | Steps: 283,648 | Episodes:   277 | EpReward:   -56.49 | FPS:     23 | Actor Loss: 0.0020 | Critic Loss: 0.0014
2026-06-09 23:00:53,866 | INFO |   Env | HO: 67.25% | Cont: 94.40% | Task: 77.61% | Resolved: 99.98% | Delay: 2.944s | Energy: 3938.16J | LB: 0.117
2026-06-09 23:00:53,866 | INFO |   Reward | D: -3739.52 | E: -12.00 | Q: 1876.80 | H: 48.96 | LB: 0.04 | Enq: 0.00 | Pen: -2403.57
2026-06-09 23:01:39,700 | INFO | Update  278 | Steps: 284,672 | Episodes:   278 | EpReward:   -56.85 | FPS:     22 | Actor Loss: 0.0012 | Critic Loss: 0.0195
2026-06-09 23:01:39,700 | INFO |   Env | HO: 67.08% | Cont: 94.26% | Task: 75.16% | Resolved: 99.95% | Delay: 3.153s | Energy: 4548.76J | LB: 0.103
2026-06-09 23:01:39,700 | INFO |   Reward | D: -3946.46 | E: -12.11 | Q: 1464.40 | H: 53.84 | LB: 0.14 | Enq: 0.00 | Pen: -3179.62
2026-06-09 23:02:09,037 | INFO | Update  279 | Steps: 285,696 | Episodes:   279 | EpReward:   -56.82 | FPS:     35 | Actor Loss: 0.0018 | Critic Loss: 0.0066
2026-06-09 23:02:09,038 | INFO |   Env | HO: 66.12% | Cont: 93.87% | Task: 79.55% | Resolved: 99.92% | Delay: 2.798s | Energy: 3392.78J | LB: 0.136
2026-06-09 23:02:09,038 | INFO |   Reward | D: -3579.82 | E: -11.40 | Q: 2191.60 | H: 40.49 | LB: 0.03 | Enq: 0.00 | Pen: -1879.77
2026-06-09 23:02:56,545 | INFO | Update  280 | Steps: 286,720 | Episodes:   280 | EpReward:   -56.78 | FPS:     22 | Actor Loss: 0.0018 | Critic Loss: 0.0042
2026-06-09 23:02:56,546 | INFO |   Env | HO: 67.12% | Cont: 94.49% | Task: 77.03% | Resolved: 99.94% | Delay: 3.004s | Energy: 4170.47J | LB: 0.107
2026-06-09 23:02:56,546 | INFO |   Reward | D: -3832.07 | E: -12.28 | Q: 1810.00 | H: 42.48 | LB: 0.03 | Enq: 0.00 | Pen: -2650.62
2026-06-09 23:03:19,807 | INFO | Update  281 | Steps: 287,744 | Episodes:   281 | EpReward:   -56.74 | FPS:     44 | Actor Loss: 0.0025 | Critic Loss: 0.0068
2026-06-09 23:03:19,807 | INFO |   Env | HO: 66.52% | Cont: 95.78% | Task: 75.80% | Resolved: 99.97% | Delay: 3.091s | Energy: 4430.25J | LB: 0.097
2026-06-09 23:03:19,807 | INFO |   Reward | D: -3915.36 | E: -11.89 | Q: 1575.20 | H: 38.42 | LB: 0.05 | Enq: 0.00 | Pen: -3002.76
2026-06-09 23:04:06,157 | INFO | Update  282 | Steps: 288,768 | Episodes:   282 | EpReward:   -56.99 | FPS:     22 | Actor Loss: 0.0016 | Critic Loss: 0.0160
2026-06-09 23:04:06,157 | INFO |   Env | HO: 66.03% | Cont: 95.29% | Task: 75.10% | Resolved: 99.94% | Delay: 3.112s | Energy: 4515.35J | LB: 0.096
2026-06-09 23:04:06,157 | INFO |   Reward | D: -3913.86 | E: -12.18 | Q: 1460.80 | H: 31.73 | LB: 0.08 | Enq: 0.00 | Pen: -3060.86
2026-06-09 23:04:51,764 | INFO | Update  283 | Steps: 289,792 | Episodes:   283 | EpReward:   -57.08 | FPS:     22 | Actor Loss: 0.0015 | Critic Loss: 0.0137
2026-06-09 23:04:51,764 | INFO |   Env | HO: 65.53% | Cont: 95.58% | Task: 77.07% | Resolved: 99.96% | Delay: 3.019s | Energy: 4221.34J | LB: 0.120
2026-06-09 23:04:51,764 | INFO |   Reward | D: -3854.47 | E: -12.15 | Q: 1811.60 | H: 25.01 | LB: 0.05 | Enq: 0.00 | Pen: -2623.66
2026-06-09 23:05:32,369 | INFO | Update  284 | Steps: 290,816 | Episodes:   284 | EpReward:   -57.35 | FPS:     25 | Actor Loss: 0.0013 | Critic Loss: 0.0029
2026-06-09 23:05:32,369 | INFO |   Env | HO: 69.58% | Cont: 96.62% | Task: 76.08% | Resolved: 99.99% | Delay: 3.085s | Energy: 4493.05J | LB: 0.092
2026-06-09 23:05:32,369 | INFO |   Reward | D: -3904.64 | E: -12.21 | Q: 1623.20 | H: 24.42 | LB: 0.02 | Enq: 0.00 | Pen: -2962.86
2026-06-09 23:06:12,483 | INFO | Update  285 | Steps: 291,840 | Episodes:   285 | EpReward:   -57.40 | FPS:     26 | Actor Loss: 0.0013 | Critic Loss: 0.0024
2026-06-09 23:06:12,483 | INFO |   Env | HO: 67.89% | Cont: 95.73% | Task: 77.31% | Resolved: 99.96% | Delay: 2.988s | Energy: 4138.87J | LB: 0.094
2026-06-09 23:06:12,483 | INFO |   Reward | D: -3805.94 | E: -12.02 | Q: 1840.40 | H: 27.16 | LB: 0.06 | Enq: 0.00 | Pen: -2615.25
2026-06-09 23:07:01,622 | INFO | Update  286 | Steps: 292,864 | Episodes:   286 | EpReward:   -57.67 | FPS:     21 | Actor Loss: 0.0013 | Critic Loss: 0.0034
2026-06-09 23:07:01,622 | INFO |   Env | HO: 68.79% | Cont: 97.30% | Task: 76.90% | Resolved: 99.99% | Delay: 3.028s | Energy: 4312.39J | LB: 0.080
2026-06-09 23:07:01,622 | INFO |   Reward | D: -3839.47 | E: -12.05 | Q: 1740.40 | H: 21.30 | LB: 0.03 | Enq: 0.00 | Pen: -2767.73
2026-06-09 23:07:46,227 | INFO | Update  287 | Steps: 293,888 | Episodes:   287 | EpReward:   -57.34 | FPS:     23 | Actor Loss: 0.0012 | Critic Loss: 0.0037
2026-06-09 23:07:46,227 | INFO |   Env | HO: 66.19% | Cont: 96.27% | Task: 77.59% | Resolved: 99.97% | Delay: 2.989s | Energy: 4168.55J | LB: 0.092
2026-06-09 23:07:46,227 | INFO |   Reward | D: -3814.99 | E: -12.11 | Q: 1887.60 | H: 20.01 | LB: -0.00 | Enq: 0.00 | Pen: -2609.29
2026-06-09 23:08:10,338 | INFO | Update  288 | Steps: 294,912 | Episodes:   288 | EpReward:   -57.55 | FPS:     42 | Actor Loss: 0.0020 | Critic Loss: 0.0086
2026-06-09 23:08:10,338 | INFO |   Env | HO: 61.65% | Cont: 95.41% | Task: 75.31% | Resolved: 99.94% | Delay: 3.119s | Energy: 4531.69J | LB: 0.094
2026-06-09 23:08:10,338 | INFO |   Reward | D: -3913.35 | E: -12.27 | Q: 1496.00 | H: 22.96 | LB: 0.04 | Enq: 0.00 | Pen: -3131.23
2026-06-09 23:08:48,186 | INFO | Update  289 | Steps: 295,936 | Episodes:   289 | EpReward:   -57.75 | FPS:     27 | Actor Loss: 0.0021 | Critic Loss: 0.0075
2026-06-09 23:08:48,186 | INFO |   Env | HO: 67.94% | Cont: 95.88% | Task: 75.14% | Resolved: 99.97% | Delay: 3.153s | Energy: 4667.83J | LB: 0.057
2026-06-09 23:08:48,186 | INFO |   Reward | D: -4000.76 | E: -12.48 | Q: 1478.00 | H: 29.57 | LB: 0.05 | Enq: 0.00 | Pen: -3187.88
2026-06-09 23:09:16,158 | INFO | Update  290 | Steps: 296,960 | Episodes:   290 | EpReward:   -57.64 | FPS:     37 | Actor Loss: 0.0014 | Critic Loss: 0.0019
2026-06-09 23:09:16,158 | INFO |   Env | HO: 67.09% | Cont: 96.35% | Task: 79.21% | Resolved: 99.94% | Delay: 2.896s | Energy: 3899.11J | LB: 0.108
2026-06-09 23:09:16,158 | INFO |   Reward | D: -3745.98 | E: -12.04 | Q: 2158.40 | H: 26.10 | LB: 0.07 | Enq: 0.00 | Pen: -2308.27
2026-06-09 23:09:52,006 | INFO | Update  291 | Steps: 297,984 | Episodes:   291 | EpReward:   -57.69 | FPS:     29 | Actor Loss: 0.0015 | Critic Loss: 0.0060
2026-06-09 23:09:52,007 | INFO |   Env | HO: 68.81% | Cont: 95.57% | Task: 76.41% | Resolved: 99.97% | Delay: 3.081s | Energy: 4368.59J | LB: 0.095
2026-06-09 23:09:52,007 | INFO |   Reward | D: -3848.76 | E: -12.22 | Q: 1674.00 | H: 31.57 | LB: 0.07 | Enq: 0.00 | Pen: -2854.86
2026-06-09 23:10:13,023 | INFO | Update  292 | Steps: 299,008 | Episodes:   292 | EpReward:   -57.66 | FPS:     49 | Actor Loss: 0.0014 | Critic Loss: 0.0026
2026-06-09 23:10:13,023 | INFO |   Env | HO: 67.53% | Cont: 96.15% | Task: 77.33% | Resolved: 99.99% | Delay: 2.972s | Energy: 4062.08J | LB: 0.100
2026-06-09 23:10:13,023 | INFO |   Reward | D: -3775.11 | E: -11.97 | Q: 1820.00 | H: 24.38 | LB: 0.00 | Enq: 0.00 | Pen: -2521.00
2026-06-09 23:10:48,047 | INFO | Update  293 | Steps: 300,032 | Episodes:   293 | EpReward:   -57.91 | FPS:     29 | Actor Loss: 0.0014 | Critic Loss: 0.0043
2026-06-09 23:10:48,047 | INFO |   Env | HO: 64.00% | Cont: 96.42% | Task: 76.09% | Resolved: 99.99% | Delay: 3.084s | Energy: 4425.37J | LB: 0.119
2026-06-09 23:10:48,047 | INFO |   Reward | D: -3878.27 | E: -12.15 | Q: 1616.80 | H: 23.58 | LB: -0.01 | Enq: 0.00 | Pen: -2884.72
2026-06-09 23:10:48,047 | INFO | ----------------------------------------
2026-06-09 23:10:48,047 | INFO | 开始评估...
2026-06-09 23:11:15,239 | INFO | 评估结果: 奖励 = -75.06 ± 2.79, 长度 = 600, 时延 = 3.209s, 能耗 = 8650.42J, 负载均衡 = 0.067
2026-06-09 23:11:15,239 | INFO | 新的最佳模型 (average delay): score = -3.2094, delay = 3.209s, completion = 75.14%, continuity = 97.84%, load_balance = 0.067
2026-06-09 23:11:15,269 | INFO | 模型已保存: /home/pjpjq/LEO_switch/results/baseline_compare/multiuser_scaling_multiuser_6_7/u40/learned_baselines/mappo_no_han/best_model.pt
2026-06-09 23:11:15,269 | INFO | 新的最佳奖励: -75.06
2026-06-09 23:11:15,269 | INFO | ----------------------------------------
2026-06-09 23:11:15,285 | INFO | 模型已保存: /home/pjpjq/LEO_switch/results/baseline_compare/multiuser_scaling_multiuser_6_7/u40/learned_baselines/mappo_no_han/checkpoint_300032.pt
2026-06-09 23:11:15,285 | INFO | ============================================================
2026-06-09 23:11:15,285 | INFO | 训练完成!
2026-06-09 23:11:15,285 | INFO |   总时间: 3.53 小时
2026-06-09 23:11:15,285 | INFO |   总步数: 300,032
2026-06-09 23:11:15,285 | INFO |   总episode: 293
2026-06-09 23:11:15,285 | INFO |   最佳奖励: -75.06
2026-06-09 23:11:15,285 | INFO |   最佳模型指标: average delay = -3.2094
2026-06-09 23:11:15,285 | INFO | ============================================================
2026-06-09 23:11:15,301 | INFO | 模型已保存: /home/pjpjq/LEO_switch/results/baseline_compare/multiuser_scaling_multiuser_6_7/u40/learned_baselines/mappo_no_han/final_model.pt
2026-06-09 23:11:15,355 | INFO | 训练历史已保存: /home/pjpjq/LEO_switch/results/baseline_compare/multiuser_scaling_multiuser_6_7/u40/learned_baselines/mappo_no_han/training_history.json
2026-06-09 23:11:15,360 | INFO | 初始化环境...
2026-06-09 23:11:15,363 | INFO |   - 原始观测维度: 73
2026-06-09 23:11:15,364 | INFO |   - HAN嵌入维度: 64
2026-06-09 23:11:15,364 | INFO |   - 拼接后观测维度: 142 (raw 73 + HAN 64 + rvt_warning 1 + task 4)
2026-06-09 23:11:15,364 | INFO |   - 全局状态维度: 5680
2026-06-09 23:11:15,364 | INFO |   - HAN ablation: using raw environment observations
2026-06-09 23:11:15,364 | INFO |   - No-HAN observation dim: 73
2026-06-09 23:11:15,364 | INFO | 初始化图构建器...
2026-06-09 23:11:15,364 | INFO | 初始化MAPPO...
2026-06-09 23:11:19,172 | INFO |   - Actor参数量: 87,182
2026-06-09 23:11:19,172 | INFO |   - Critic参数量: 184,833
2026-06-09 23:11:19,172 | INFO | 初始化经验缓冲区...
2026-06-09 23:11:19,173 | INFO | 训练器初始化完成，设备: cuda
2026-06-09 23:11:19,173 | INFO | 环境: 40 用户, 66 卫星
[
  {
    "method": "han_mappo_latency_priority_multiuser_u40",
    "display_name": "HAN+MAPPO",
    "episodes": 3,
    "is_system": true,
    "mean_reward": -77.00074122816191,
    "std_reward": 7.637962670733241,
    "episode_metrics": [
      {
        "episode": 1,
        "reward": -66.19916400614919,
        "avg_delay": 2.9745461533366,
        "total_energy": 2543.7963508949924,
        "handover_success_rate": 0.7238512035010941,
        "handover_failure_rate": 0.2761487964989059,
        "forced_termination_rate": 0.0004374453193350831,
        "service_continuity_rate": 0.8963750000000006,
        "service_availability_rate": 0.9535,
        "task_completion_rate": 0.7651094027202838,
        "task_success_rate": 0.7651094027202838,
        "task_failure_rate": 0.23489059727971615,
        "task_settlement_rate": 1.0,
        "task_resolution_rate": 1.0,
        "pending_task_rate": 0.0,
        "active_load_balance_score": 0.06492273554146032,
        "avg_load_balance_score": 0.06492273554146032,
        "mec_activity_score": 0.11300504735360543,
        "resolved_tasks": 8455.0,
        "pending_tasks": 0.0,
        "total_tasks": 8455.0,
        "completed_tasks": 6469.0,
        "deadline_violations": 1986.0,
        "reward_delay": -2255.8103066352687,
        "reward_energy": -7.649198741346982,
        "reward_qos": 998.799999999917,
        "reward_task_success": 2587.600000000314,
        "reward_deadline_slack": 608.6160891003356,
        "reward_service_continuity": -9.326250000000023,
        "reward_handover": 100.29586933883104,
        "reward_load_balance": 0.01485417535178556,
        "reward_enqueue": 0.0,
        "penalty_deadline": -703.9111009539671,
        "penalty_task_failure": -1588.799999999944,
        "penalty_queue_full": -766.4999999999751,
        "penalty_invalid_action": -1.5,
        "penalty_blocked": -5.0,
        "penalty_failed_handover": -188.40000000000143,
        "penalty_handover_cost": -49.64000000000112,
        "deadline_violation_rate": 0.23489059727971615,
        "handover_frequency": 0.09520833333333334
      },
      {
        "episode": 2,
        "reward": -82.35507796144945,
        "avg_delay": 3.1241516416388473,
        "total_energy": 2729.923292233461,
        "handover_success_rate": 0.731879409878127,
        "handover_failure_rate": 0.268120590121873,
        "forced_termination_rate": 0.0003206155819172812,
        "service_continuity_rate": 0.8645083333333335,
        "service_availability_rate": 0.9424583333333333,
        "task_completion_rate": 0.7477380952380952,
        "task_success_rate": 0.7474711412590741,
        "task_failure_rate": 0.25217184338926574,
        "task_settlement_rate": 0.9996429846483399,
        "task_resolution_rate": 0.9996429846483399,
        "pending_task_rate": 0.0003570153516601214,
        "active_load_balance_score": 0.08650518840812511,
        "avg_load_balance_score": 0.08650518840812511,
        "mec_activity_score": 0.12247474488491814,
        "resolved_tasks": 8400.0,
        "pending_tasks": 3.0,
        "total_tasks": 8403.0,
        "completed_tasks": 6281.0,
        "deadline_violations": 2119.0,
        "reward_delay": -2301.8553226474933,
        "reward_energy": -7.6409942859082145,
        "reward_qos": 817.1999999999535,
        "reward_task_success": 2512.400000000297,
        "reward_deadline_slack": 582.386515935333,
        "reward_service_continuity": -12.194250000000025,
        "reward_handover": 143.4830310846788,
        "reward_load_balance": 0.03048780484259095,
        "reward_enqueue": 0.0,
        "penalty_deadline": -817.5971642276482,
        "penalty_task_failure": -1695.199999999938,
        "penalty_queue_full": -896.3999999999554,
        "penalty_invalid_action": -1.0,
        "penalty_blocked": -5.0,
        "penalty_failed_handover": -250.20000000000377,
        "penalty_handover_cost": -68.46500000000182,
        "deadline_violation_rate": 0.25217184338926574,
        "handover_frequency": 0.12991666666666668
      },
      {
        "episode": 3,
        "reward": -82.4479817168871,
        "avg_delay": 3.089749378285754,
        "total_energy": 2667.5811111664293,
        "handover_success_rate": 0.7357529449219994,
        "handover_failure_rate": 0.2642470550780006,
        "forced_termination_rate": 0.0,
        "service_continuity_rate": 0.8656416666666669,
        "service_availability_rate": 0.9441666666666667,
        "task_completion_rate": 0.748300131217941,
        "task_success_rate": 0.7479432454989865,
        "task_failure_rate": 0.2515798259210683,
        "task_settlement_rate": 0.9995230714200548,
        "task_resolution_rate": 0.9995230714200548,
        "pending_task_rate": 0.0004769285799451532,
        "active_load_balance_score": 0.0764647134169702,
        "avg_load_balance_score": 0.0764647134169702,
        "mec_activity_score": 0.11321548512205482,
        "resolved_tasks": 8383.0,
        "pending_tasks": 4.0,
        "total_tasks": 8387.0,
        "completed_tasks": 6273.0,
        "deadline_violations": 2110.0,
        "reward_delay": -2310.036094989104,
        "reward_energy": -7.520940613002619,
        "reward_qos": 821.1999999999499,
        "reward_task_success": 2509.2000000002963,
        "reward_deadline_slack": 575.7261167004763,
        "reward_service_continuity": -12.092250000000025,
        "reward_handover": 145.98227774635137,
        "reward_load_balance": 0.00732594187813665,
        "reward_enqueue": 0.0,
        "penalty_deadline": -815.3074554737724,
        "penalty_task_failure": -1687.9999999999384,
        "penalty_queue_full": -902.0999999999545,
        "penalty_invalid_action": 0.0,
        "penalty_blocked": -5.0,
        "penalty_failed_handover": -249.00000000000372,
        "penalty_handover_cost": -69.34000000000187,
        "deadline_violation_rate": 0.2515798259210683,
        "handover_frequency": 0.130875
      }
    ],
    "avg_delay": 3.0628157244204,
    "total_energy": 2647.100251431628,
    "handover_success_rate": 0.7304945194337402,
    "handover_failure_rate": 0.26950548056625984,
    "forced_termination_rate": 0.0002526869670841214,
    "service_continuity_rate": 0.8755083333333337,
    "service_availability_rate": 0.9467083333333334,
    "task_completion_rate": 0.7537158763921067,
    "task_success_rate": 0.7535079298261147,
    "task_failure_rate": 0.24621408886335006,
    "task_settlement_rate": 0.9997220186894649,
    "task_resolution_rate": 0.9997220186894649,
    "pending_task_rate": 0.00027798131053509157,
    "handover_frequency": 0.11866666666666666,
    "active_load_balance_score": 0.07596421245551854,
    "avg_load_balance_score": 0.07596421245551854,
    "mec_activity_score": 0.11623175912019279,
    "resolved_tasks": 8412.666666666666,
    "pending_tasks": 2.3333333333333335,
    "total_tasks": 8415.0,
    "completed_tasks": 6341.0,
    "deadline_violations": 2071.6666666666665,
    "deadline_violation_rate": 0.24621408886335006,
    "reward_delay": -2289.233908090622,
    "reward_energy": -7.603711213419271,
    "reward_qos": 879.0666666666067,
    "reward_task_success": 2536.4000000003025,
    "reward_deadline_slack": 588.9095739120484,
    "reward_service_continuity": -11.204250000000025,
    "reward_handover": 129.92039272328705,
    "reward_load_balance": 0.017555974024171053,
    "reward_enqueue": 0.0,
    "penalty_deadline": -778.9385735517959,
    "penalty_task_failure": -1657.3333333332732,
    "penalty_queue_full": -854.9999999999617,
    "penalty_invalid_action": -0.8333333333333334,
    "penalty_blocked": -5.0,
    "penalty_failed_handover": -229.20000000000297,
    "penalty_handover_cost": -62.481666666668275,
    "handover_action_rate": 0.11591666666666667,
    "local_compute_rate": 0.0,
    "mean_offload_ratio": 0.7160140872001648,
    "source": "checkpoint_eval",
    "training_history": "/home/pjpjq/LEO_switch/results/full_train_latency_priority_multiuser_u40_multiuser_6_7/training_history.json",
    "selection_metric": "avg_delay",
    "selection_score": -3.0628157244204,
    "energy_per_resolved_task": 0.3146565002890437,
    "primary_metric_wins": [],
    "primary_metric_win_count": 0,
    "primary_metric_wins_text": ""
  },
  {
    "method": "attn_mappo",
    "display_name": "Attn+MAPPO",
    "episodes": 3,
    "is_system": false,
    "mean_reward": -69.59036972534312,
    "std_reward": 1.3340110635895404,
    "episode_metrics": [
      {
        "episode": 1,
        "reward": -68.27543167856425,
        "avg_delay": 2.860604829820128,
        "total_energy": 2253.4157883028442,
        "handover_success_rate": 0.7392160724837502,
        "handover_failure_rate": 0.26078392751624974,
        "forced_termination_rate": 0.0005905511811023622,
        "service_continuity_rate": 0.8026166666666669,
        "service_availability_rate": 0.9295416666666667,
        "task_completion_rate": 0.7718613181871968,
        "task_success_rate": 0.7714961561206387,
        "task_failure_rate": 0.2280307510348906,
        "task_settlement_rate": 0.9995269071555293,
        "task_resolution_rate": 0.9995269071555293,
        "pending_task_rate": 0.0004730928444707274,
        "active_load_balance_score": 0.07983672344046541,
        "avg_load_balance_score": 0.07983672344046541,
        "mec_activity_score": 0.12222221894189715,
        "resolved_tasks": 8451.0,
        "pending_tasks": 4.0,
        "total_tasks": 8455.0,
        "completed_tasks": 6523.0,
        "deadline_violations": 1928.0,
        "reward_delay": -2243.5930497761997,
        "reward_energy": -7.32094958516475,
        "reward_qos": 1066.7999999999427,
        "reward_task_success": 2609.200000000319,
        "reward_deadline_slack": 613.362236891718,
        "reward_service_continuity": -17.76450000000003,
        "reward_handover": 214.29898201656073,
        "reward_load_balance": -0.0007692366152471042,
        "reward_enqueue": 0.0,
        "penalty_deadline": -633.7466772811551,
        "penalty_task_failure": -1542.3999999999467,
        "penalty_queue_full": -511.80000000001365,
        "penalty_invalid_action": -1.5,
        "penalty_blocked": -4.0,
        "penalty_failed_handover": -396.3000000000093,
        "penalty_handover_cost": -112.60000000000349,
        "deadline_violation_rate": 0.2280307510348906,
        "handover_frequency": 0.21154166666666666
      },
      {
        "episode": 2,
        "reward": -71.41941107962765,
        "avg_delay": 2.995279277362999,
        "total_energy": 2522.085501082506,
        "handover_success_rate": 0.7286842822119314,
        "handover_failure_rate": 0.2713157177880686,
        "forced_termination_rate": 0.0,
        "service_continuity_rate": 0.8531416666666667,
        "service_availability_rate": 0.9449166666666666,
        "task_completion_rate": 0.77,
        "task_success_rate": 0.7697250981792217,
        "task_failure_rate": 0.22991788646911818,
        "task_settlement_rate": 0.9996429846483399,
        "task_resolution_rate": 0.9996429846483399,
        "pending_task_rate": 0.0003570153516601214,
        "active_load_balance_score": 0.10640606146009185,
        "avg_load_balance_score": 0.10640606146009185,
        "mec_activity_score": 0.1315656536569198,
        "resolved_tasks": 8400.0,
        "pending_tasks": 3.0,
        "total_tasks": 8403.0,
        "completed_tasks": 6468.0,
        "deadline_violations": 1932.0,
        "reward_delay": -2271.824413131219,
        "reward_energy": -7.5398858180498,
        "reward_qos": 1041.5999999999665,
        "reward_task_success": 2587.200000000314,
        "reward_deadline_slack": 604.1195587226377,
        "reward_service_continuity": -13.21725000000003,
        "reward_handover": 151.78528136290865,
        "reward_load_balance": 0.035302435344627535,
        "reward_enqueue": 0.0,
        "penalty_deadline": -730.0708413283832,
        "penalty_task_failure": -1545.5999999999465,
        "penalty_queue_full": -735.2999999999798,
        "penalty_invalid_action": -0.5,
        "penalty_blocked": -6.0,
        "penalty_failed_handover": -298.50000000000557,
        "penalty_handover_cost": -80.28000000000226,
        "deadline_violation_rate": 0.22991788646911818,
        "handover_frequency": 0.15295833333333334
      },
      {
        "episode": 3,
        "reward": -69.07626641783746,
        "avg_delay": 2.9911782275064147,
        "total_energy": 2529.555641844376,
        "handover_success_rate": 0.7155963302752294,
        "handover_failure_rate": 0.28440366972477066,
        "forced_termination_rate": 0.0,
        "service_continuity_rate": 0.8934750000000001,
        "service_availability_rate": 0.958875,
        "task_completion_rate": 0.7665791984732825,
        "task_success_rate": 0.766304995826875,
        "task_failure_rate": 0.23333730773816622,
        "task_settlement_rate": 0.9996423035650411,
        "task_resolution_rate": 0.9996423035650411,
        "pending_task_rate": 0.0003576964349588649,
        "active_load_balance_score": 0.09983072252515686,
        "avg_load_balance_score": 0.09983072252515686,
        "mec_activity_score": 0.12845117518057425,
        "resolved_tasks": 8384.0,
        "pending_tasks": 3.0,
        "total_tasks": 8387.0,
        "completed_tasks": 6427.0,
        "deadline_violations": 1957.0,
        "reward_delay": -2295.302899720278,
        "reward_energy": -7.391296614813664,
        "reward_qos": 1005.1999999999233,
        "reward_task_success": 2570.8000000003103,
        "reward_deadline_slack": 589.076662868565,
        "reward_service_continuity": -9.587249999999997,
        "reward_handover": 106.80593704118617,
        "reward_load_balance": 0.00299544613124258,
        "reward_enqueue": 0.0,
        "penalty_deadline": -710.3600966290363,
        "penalty_task_failure": -1565.5999999999453,
        "penalty_queue_full": -788.6999999999717,
        "penalty_invalid_action": 0.0,
        "penalty_blocked": -5.0,
        "penalty_failed_handover": -223.20000000000275,
        "penalty_handover_cost": -56.16500000000137,
        "deadline_violation_rate": 0.23333730773816622,
        "handover_frequency": 0.109
      }
    ],
    "avg_delay": 2.949020778229847,
    "total_energy": 2435.0189770765755,
    "handover_success_rate": 0.727832228323637,
    "handover_failure_rate": 0.272167771676363,
    "forced_termination_rate": 0.0001968503937007874,
    "service_continuity_rate": 0.8497444444444445,
    "service_availability_rate": 0.9444444444444445,
    "task_completion_rate": 0.7694801722201597,
    "task_success_rate": 0.7691754167089119,
    "task_failure_rate": 0.23042864841405833,
    "task_settlement_rate": 0.9996040651229702,
    "task_resolution_rate": 0.9996040651229702,
    "pending_task_rate": 0.00039593487702990456,
    "handover_frequency": 0.15783333333333333,
    "active_load_balance_score": 0.09535783580857138,
    "avg_load_balance_score": 0.09535783580857138,
    "mec_activity_score": 0.12741301592646373,
    "resolved_tasks": 8411.666666666666,
    "pending_tasks": 3.3333333333333335,
    "total_tasks": 8415.0,
    "completed_tasks": 6472.666666666667,
    "deadline_violations": 1939.0,
    "deadline_violation_rate": 0.23042864841405833,
    "reward_delay": -2270.240120875899,
    "reward_energy": -7.417377339342738,
    "reward_qos": 1037.8666666666109,
    "reward_task_success": 2589.066666666981,
    "reward_deadline_slack": 602.1861528276403,
    "reward_service_continuity": -13.52300000000002,
    "reward_handover": 157.63006680688517,
    "reward_load_balance": 0.012509548286874337,
    "reward_enqueue": 0.0,
    "penalty_deadline": -691.3925384128582,
    "penalty_task_failure": -1551.1999999999462,
    "penalty_queue_full": -678.5999999999884,
    "penalty_invalid_action": -0.6666666666666666,
    "penalty_blocked": -5.0,
    "penalty_failed_handover": -306.00000000000585,
    "penalty_handover_cost": -83.01500000000237,
    "handover_action_rate": 0.15666666666666668,
    "local_compute_rate": 0.0,
    "mean_offload_ratio": 0.7309269905090332,
    "trained_timesteps": 300000,
    "checkpoint": "/home/pjpjq/LEO_switch/results/baseline_compare/multiuser_scaling_multiuser_6_7/u40/learned_baselines/attn_mappo/best_model.pt",
    "training_history": "/home/pjpjq/LEO_switch/results/baseline_compare/multiuser_scaling_multiuser_6_7/u40/learned_baselines/attn_mappo/training_history.json",
    "source": "attn_mappo_train_eval",
    "selection_metric": "avg_delay",
    "selection_score": -2.949020778229847,
    "energy_per_resolved_task": 0.2894811543978493,
    "primary_metric_wins": [
      "Average Delay",
      "Task Success",
      "Deadline Violation"
    ],
    "primary_metric_win_count": 3,
    "primary_metric_wins_text": "Average Delay | Task Success | Deadline Violation"
  },
  {
    "method": "pdqn",
    "display_name": "PDQN",
    "episodes": 3,
    "is_system": false,
    "mean_reward": -64.57986595505595,
    "std_reward": 9.470282317583855,
    "episode_metrics": [
      {
        "episode": 1,
        "reward": -51.68685497040367,
        "avg_delay": 2.942547066211536,
        "total_energy": 1595.5924994853895,
        "handover_success_rate": 0.7038789025543992,
        "handover_failure_rate": 0.2961210974456008,
        "forced_termination_rate": 0.000945179584120983,
        "service_continuity_rate": 0.9221583333333336,
        "service_availability_rate": 0.9485833333333333,
        "task_completion_rate": 0.7752662721893491,
        "task_success_rate": 0.7748078060319338,
        "task_failure_rate": 0.22460082791247782,
        "task_settlement_rate": 0.9994086339444116,
        "task_resolution_rate": 0.9994086339444116,
        "pending_task_rate": 0.0005913660555884093,
        "active_load_balance_score": 0.2540739936986027,
        "avg_load_balance_score": 0.2540739936986027,
        "mec_activity_score": 0.20092592223857839,
        "resolved_tasks": 8450.0,
        "pending_tasks": 5.0,
        "total_tasks": 8455.0,
        "completed_tasks": 6551.0,
        "deadline_violations": 1899.0,
        "reward_delay": -2184.394216342027,
        "reward_energy": -4.091293425181442,
        "reward_qos": 1101.1999999999475,
        "reward_task_success": 2620.4000000003216,
        "reward_deadline_slack": 589.2465705282451,
        "reward_service_continuity": -7.005750000000026,
        "reward_handover": 47.00106624449365,
        "reward_load_balance": 0.11272138884325285,
        "reward_enqueue": 0.0,
        "penalty_deadline": -620.5672557116432,
        "penalty_task_failure": -1519.199999999948,
        "penalty_queue_full": -589.200000000002,
        "penalty_invalid_action": -3.5,
        "penalty_blocked": -5.0,
        "penalty_failed_handover": -91.79999999999949,
        "penalty_handover_cost": -22.400000000000084,
        "deadline_violation_rate": 0.22460082791247782,
        "handover_frequency": 0.044041666666666666
      },
      {
        "episode": 2,
        "reward": -67.8867740887485,
        "avg_delay": 3.137641216626152,
        "total_energy": 2064.323573775372,
        "handover_success_rate": 0.6986721144024515,
        "handover_failure_rate": 0.30132788559754853,
        "forced_termination_rate": 0.003054989816700611,
        "service_continuity_rate": 0.9364416666666667,
        "service_availability_rate": 0.9609166666666666,
        "task_completion_rate": 0.759014637629418,
        "task_success_rate": 0.759014637629418,
        "task_failure_rate": 0.24098536237058193,
        "task_settlement_rate": 1.0,
        "task_resolution_rate": 1.0,
        "pending_task_rate": 0.0,
        "active_load_balance_score": 0.24086477152982422,
        "avg_load_balance_score": 0.24086477152982422,
        "mec_activity_score": 0.18985689990222454,
        "resolved_tasks": 8403.0,
        "pending_tasks": 0.0,
        "total_tasks": 8403.0,
        "completed_tasks": 6378.0,
        "deadline_violations": 2025.0,
        "reward_delay": -2285.193625548686,
        "reward_energy": -4.572157578925273,
        "reward_qos": 931.1999999999454,
        "reward_task_success": 2551.200000000306,
        "reward_deadline_slack": 569.6946290820067,
        "reward_service_continuity": -5.720250000000018,
        "reward_handover": 42.38118726028393,
        "reward_load_balance": 0.04030256557744191,
        "reward_enqueue": 0.0,
        "penalty_deadline": -770.1015663675173,
        "penalty_task_failure": -1619.9999999999422,
        "penalty_queue_full": -855.5999999999616,
        "penalty_invalid_action": -4.5,
        "penalty_blocked": -4.0,
        "penalty_failed_handover": -85.79999999999954,
        "penalty_handover_cost": -20.565000000000023,
        "deadline_violation_rate": 0.24098536237058193,
        "handover_frequency": 0.040791666666666664
      },
      {
        "episode": 3,
        "reward": -74.16596880601567,
        "avg_delay": 3.130202764906801,
        "total_energy": 1963.9561854451404,
        "handover_success_rate": 0.682791435368755,
        "handover_failure_rate": 0.317208564631245,
        "forced_termination_rate": 0.0039494470774091624,
        "service_continuity_rate": 0.9148916666666669,
        "service_availability_rate": 0.9464166666666667,
        "task_completion_rate": 0.7433174224343675,
        "task_success_rate": 0.7426970311195898,
        "task_failure_rate": 0.25646834386550615,
        "task_settlement_rate": 0.9991653749850959,
        "task_resolution_rate": 0.9991653749850959,
        "pending_task_rate": 0.0008346250149040181,
        "active_load_balance_score": 0.22915600600918581,
        "avg_load_balance_score": 0.22915600600918581,
        "mec_activity_score": 0.18455386857191722,
        "resolved_tasks": 8380.0,
        "pending_tasks": 7.0,
        "total_tasks": 8387.0,
        "completed_tasks": 6229.0,
        "deadline_violations": 2151.0,
        "reward_delay": -2262.236026836097,
        "reward_energy": -4.449489248920711,
        "reward_qos": 770.7999999999502,
        "reward_task_success": 2491.6000000002923,
        "reward_deadline_slack": 547.1942723348253,
        "reward_service_continuity": -7.659750000000021,
        "reward_handover": 51.95707186597357,
        "reward_load_balance": 0.04030634324844195,
        "reward_enqueue": 0.0,
        "penalty_deadline": -776.3605675718076,
        "penalty_task_failure": -1720.7999999999365,
        "penalty_queue_full": -835.7999999999646,
        "penalty_invalid_action": -7.5,
        "penalty_blocked": -3.0,
        "penalty_failed_handover": -115.49999999999926,
        "penalty_handover_cost": -25.91000000000022,
        "deadline_violation_rate": 0.25646834386550615,
        "handover_frequency": 0.05254166666666667
      }
    ],
    "avg_delay": 3.070130349248163,
    "total_energy": 1874.6240862353006,
    "handover_success_rate": 0.6951141507752019,
    "handover_failure_rate": 0.3048858492247981,
    "forced_termination_rate": 0.002649872159410252,
    "service_continuity_rate": 0.9244972222222225,
    "service_availability_rate": 0.9519722222222221,
    "task_completion_rate": 0.7591994440843782,
    "task_success_rate": 0.7588398249269805,
    "task_failure_rate": 0.24068484471618865,
    "task_settlement_rate": 0.9995246696431691,
    "task_resolution_rate": 0.9995246696431691,
    "pending_task_rate": 0.00047533035683080914,
    "handover_frequency": 0.04579166666666667,
    "active_load_balance_score": 0.2413649237458709,
    "avg_load_balance_score": 0.2413649237458709,
    "mec_activity_score": 0.19177889690424008,
    "resolved_tasks": 8411.0,
    "pending_tasks": 4.0,
    "total_tasks": 8415.0,
    "completed_tasks": 6386.0,
    "deadline_violations": 2025.0,
    "deadline_violation_rate": 0.24068484471618865,
    "reward_delay": -2243.9412895756036,
    "reward_energy": -4.3709800843424755,
    "reward_qos": 934.3999999999477,
    "reward_task_success": 2554.4000000003066,
    "reward_deadline_slack": 568.7118239816923,
    "reward_service_continuity": -6.7952500000000216,
    "reward_handover": 47.11310845691705,
    "reward_load_balance": 0.06444343255637891,
    "reward_enqueue": 0.0,
    "penalty_deadline": -722.3431298836559,
    "penalty_task_failure": -1619.9999999999425,
    "penalty_queue_full": -760.1999999999761,
    "penalty_invalid_action": -5.166666666666667,
    "penalty_blocked": -4.0,
    "penalty_failed_handover": -97.69999999999943,
    "penalty_handover_cost": -22.958333333333442,
    "handover_action_rate": 0.044180555555555556,
    "local_compute_rate": 0.017069444444444446,
    "mean_offload_ratio": 0.9687608480453491,
    "trained_timesteps": 300000,
    "checkpoint": "/home/pjpjq/LEO_switch/results/baseline_compare/multiuser_scaling_multiuser_6_7/u40/learned_baselines/pdqn/pdqn_model.pt",
    "training_history": "/home/pjpjq/LEO_switch/results/baseline_compare/multiuser_scaling_multiuser_6_7/u40/learned_baselines/pdqn/training_history.json",
    "source": "pdqn_train_eval",
    "selection_metric": "avg_delay",
    "selection_score": -3.070130349248163,
    "energy_per_resolved_task": 0.22287767045955303,
    "primary_metric_wins": [
      "Energy per Resolved Task",
      "Active Load Balance"
    ],
    "primary_metric_win_count": 2,
    "primary_metric_wins_text": "Energy per Resolved Task | Active Load Balance"
  },
  {
    "method": "mappo_no_han",
    "display_name": "MAPPO",
    "episodes": 3,
    "is_system": false,
    "mean_reward": -80.08306108151692,
    "std_reward": 2.8166586050466074,
    "episode_metrics": [
      {
        "episode": 1,
        "reward": -76.81947891125216,
        "avg_delay": 3.1850560352822814,
        "total_energy": 2925.3503403752757,
        "handover_success_rate": 0.7319587628865979,
        "handover_failure_rate": 0.26804123711340205,
        "forced_termination_rate": 0.0,
        "service_continuity_rate": 0.9814499999999999,
        "service_availability_rate": 0.983875,
        "task_completion_rate": 0.7473684210526316,
        "task_success_rate": 0.7473684210526316,
        "task_failure_rate": 0.25263157894736843,
        "task_settlement_rate": 1.0,
        "task_resolution_rate": 1.0,
        "pending_task_rate": 0.0,
        "active_load_balance_score": 0.05318618044880991,
        "avg_load_balance_score": 0.05318618044880991,
        "mec_activity_score": 0.11738215203707417,
        "resolved_tasks": 8455.0,
        "pending_tasks": 0.0,
        "total_tasks": 8455.0,
        "completed_tasks": 6319.0,
        "deadline_violations": 2136.0,
        "reward_delay": -2359.2209964607523,
        "reward_energy": -7.402978831125485,
        "reward_qos": 818.7999999999358,
        "reward_task_success": 2527.6000000003005,
        "reward_deadline_slack": 589.644115478948,
        "reward_service_continuity": -1.669500000000001,
        "reward_handover": 4.4549821657661335,
        "reward_load_balance": 0.006276900936639862,
        "reward_enqueue": 0.0,
        "penalty_deadline": -855.4984776929979,
        "penalty_task_failure": -1708.7999999999372,
        "penalty_queue_full": -1178.9999999999127,
        "penalty_invalid_action": 0.0,
        "penalty_blocked": -6.0,
        "penalty_failed_handover": -7.799999999999997,
        "penalty_handover_cost": -2.1350000000000007,
        "deadline_violation_rate": 0.25263157894736843,
        "handover_frequency": 0.0040416666666666665
      },
      {
        "episode": 2,
        "reward": -83.6927606856466,
        "avg_delay": 3.285323092114677,
        "total_energy": 3083.2699226176496,
        "handover_success_rate": 0.7766990291262136,
        "handover_failure_rate": 0.22330097087378642,
        "forced_termination_rate": 0.0,
        "service_continuity_rate": 0.983675,
        "service_availability_rate": 0.98625,
        "task_completion_rate": 0.7381575815282075,
        "task_success_rate": 0.7380697369986909,
        "task_failure_rate": 0.261811257884089,
        "task_settlement_rate": 0.9998809948827799,
        "task_resolution_rate": 0.9998809948827799,
        "pending_task_rate": 0.00011900511722004047,
        "active_load_balance_score": 0.0681618270960887,
        "avg_load_balance_score": 0.0681618270960887,
        "mec_activity_score": 0.1199074048238496,
        "resolved_tasks": 8402.0,
        "pending_tasks": 1.0,
        "total_tasks": 8403.0,
        "completed_tasks": 6202.0,
        "deadline_violations": 2200.0,
        "reward_delay": -2393.2659075145357,
        "reward_energy": -7.481168791404452,
        "reward_qos": 720.799999999938,
        "reward_task_success": 2480.80000000029,
        "reward_deadline_slack": 574.7474590514626,
        "reward_service_continuity": -1.4692500000000026,
        "reward_handover": 5.015795037135229,
        "reward_load_balance": 0.0010397063551407237,
        "reward_enqueue": 0.0,
        "penalty_deadline": -933.965315540991,
        "penalty_task_failure": -1759.9999999999343,
        "penalty_queue_full": -1241.0999999999033,
        "penalty_invalid_action": 0.0,
        "penalty_blocked": -6.0,
        "penalty_failed_handover": -6.899999999999998,
        "penalty_handover_cost": -2.409999999999999,
        "deadline_violation_rate": 0.261811257884089,
        "handover_frequency": 0.004291666666666667
      },
      {
        "episode": 3,
        "reward": -79.73694364765196,
        "avg_delay": 3.2176690706885744,
        "total_energy": 3006.2233845967944,
        "handover_success_rate": 0.6915887850467289,
        "handover_failure_rate": 0.308411214953271,
        "forced_termination_rate": 0.0,
        "service_continuity_rate": 0.985825,
        "service_availability_rate": 0.9885,
        "task_completion_rate": 0.7456778347442471,
        "task_success_rate": 0.7456778347442471,
        "task_failure_rate": 0.25432216525575296,
        "task_settlement_rate": 1.0,
        "task_resolution_rate": 1.0,
        "pending_task_rate": 0.0,
        "active_load_balance_score": 0.059841615374926015,
        "avg_load_balance_score": 0.059841615374926015,
        "mec_activity_score": 0.1088804689856867,
        "resolved_tasks": 8387.0,
        "pending_tasks": 0.0,
        "total_tasks": 8387.0,
        "completed_tasks": 6254.0,
        "deadline_violations": 2133.0,
        "reward_delay": -2386.2852244763035,
        "reward_energy": -7.54293511146199,
        "reward_qos": 795.1999999999433,
        "reward_task_success": 2501.6000000002946,
        "reward_deadline_slack": 571.0632864173012,
        "reward_service_continuity": -1.2757500000000028,
        "reward_handover": 4.665533936044531,
        "reward_load_balance": 0.004961462111344273,
        "reward_enqueue": 0.0,
        "penalty_deadline": -877.6180523253748,
        "penalty_task_failure": -1706.3999999999373,
        "penalty_queue_full": -1221.5999999999062,
        "penalty_invalid_action": 0.0,
        "penalty_blocked": -5.0,
        "penalty_failed_handover": -9.900000000000002,
        "penalty_handover_cost": -2.225,
        "deadline_violation_rate": 0.25432216525575296,
        "handover_frequency": 0.004458333333333333
      }
    ],
    "avg_delay": 3.229349399361844,
    "total_energy": 3004.9478825299066,
    "handover_success_rate": 0.7334155256865135,
    "handover_failure_rate": 0.2665844743134865,
    "forced_termination_rate": 0.0,
    "service_continuity_rate": 0.9836499999999999,
    "service_availability_rate": 0.9862083333333334,
    "task_completion_rate": 0.7437346124416955,
    "task_success_rate": 0.7437053309318565,
    "task_failure_rate": 0.25625500069573676,
    "task_settlement_rate": 0.9999603316275932,
    "task_resolution_rate": 0.9999603316275932,
    "pending_task_rate": 3.9668372406680154e-05,
    "handover_frequency": 0.004263888888888889,
    "active_load_balance_score": 0.060396540973274876,
    "avg_load_balance_score": 0.060396540973274876,
    "mec_activity_score": 0.11539000861553682,
    "resolved_tasks": 8414.666666666666,
    "pending_tasks": 0.3333333333333333,
    "total_tasks": 8415.0,
    "completed_tasks": 6258.333333333333,
    "deadline_violations": 2156.3333333333335,
    "deadline_violation_rate": 0.25625500069573676,
    "reward_delay": -2379.590709483864,
    "reward_energy": -7.475694244663976,
    "reward_qos": 778.2666666666058,
    "reward_task_success": 2503.3333333336286,
    "reward_deadline_slack": 578.4849536492374,
    "reward_service_continuity": -1.4715000000000023,
    "reward_handover": 4.712103712981965,
    "reward_load_balance": 0.004092689801041619,
    "reward_enqueue": 0.0,
    "penalty_deadline": -889.0272818531212,
    "penalty_task_failure": -1725.066666666603,
    "penalty_queue_full": -1213.8999999999073,
    "penalty_invalid_action": 0.0,
    "penalty_blocked": -5.666666666666667,
    "penalty_failed_handover": -8.2,
    "penalty_handover_cost": -2.2566666666666664,
    "handover_action_rate": 0.0009305555555555556,
    "local_compute_rate": 0.0,
    "mean_offload_ratio": 0.7599738836288452,
    "trained_timesteps": 300000,
    "checkpoint": "/home/pjpjq/LEO_switch/results/baseline_compare/multiuser_scaling_multiuser_6_7/u40/learned_baselines/mappo_no_han/best_model.pt",
    "training_history": "/home/pjpjq/LEO_switch/results/baseline_compare/multiuser_scaling_multiuser_6_7/u40/learned_baselines/mappo_no_han/training_history.json",
    "source": "mappo_no_han_train_eval",
    "selection_metric": "avg_delay",
    "selection_score": -3.229349399361844,
    "energy_per_resolved_task": 0.35710836822966724,
    "primary_metric_wins": [
      "Service Continuity"
    ],
    "primary_metric_win_count": 1,
    "primary_metric_wins_text": "Service Continuity"
  },
  {
    "method": "min_distance",
    "display_name": "Min-Distance",
    "episodes": 3,
    "is_system": false,
    "mean_reward": -88.67721843388897,
    "std_reward": 2.279764129577562,
    "episode_metrics": [
      {
        "episode": 1,
        "reward": -86.03034212803787,
        "avg_delay": 3.303487911366756,
        "total_energy": 2622.7874119010285,
        "handover_success_rate": 0.689922480620155,
        "handover_failure_rate": 0.31007751937984496,
        "forced_termination_rate": 0.0,
        "service_continuity_rate": 0.9803166666666666,
        "service_availability_rate": 0.9835416666666666,
        "task_completion_rate": 0.7347373402744912,
        "task_success_rate": 0.7344766410408042,
        "task_failure_rate": 0.2651685393258427,
        "task_settlement_rate": 0.999645180366647,
        "task_resolution_rate": 0.999645180366647,
        "pending_task_rate": 0.00035481963335304555,
        "active_load_balance_score": 0.09633779516295608,
        "avg_load_balance_score": 0.09633779516295608,
        "mec_activity_score": 0.15488215163350105,
        "resolved_tasks": 8452.0,
        "pending_tasks": 3.0,
        "total_tasks": 8455.0,
        "completed_tasks": 6210.0,
        "deadline_violations": 2242.0,
        "reward_delay": -2420.7567987153484,
        "reward_energy": -5.262965950878981,
        "reward_qos": 690.3999999999002,
        "reward_task_success": 2484.0000000002906,
        "reward_deadline_slack": 559.05328119568,
        "reward_service_continuity": -1.771500000000002,
        "reward_handover": 5.215931144276895,
        "reward_load_balance": 0.0009453705118878441,
        "reward_enqueue": 0.0,
        "penalty_deadline": -921.2450994384992,
        "penalty_task_failure": -1793.5999999999324,
        "penalty_queue_full": -1254.2999999999013,
        "penalty_invalid_action": 0.0,
        "penalty_blocked": -6.0,
        "penalty_failed_handover": -12.000000000000007,
        "penalty_handover_cost": -2.689999999999997,
        "deadline_violation_rate": 0.2651685393258427,
        "handover_frequency": 0.005375
      },
      {
        "episode": 2,
        "reward": -91.59487147066984,
        "avg_delay": 3.3841534975013774,
        "total_energy": 2755.169415207358,
        "handover_success_rate": 0.64,
        "handover_failure_rate": 0.36,
        "forced_termination_rate": 0.0,
        "service_continuity_rate": 0.9823333333333333,
        "service_availability_rate": 0.9854583333333333,
        "task_completion_rate": 0.7280733071522075,
        "task_success_rate": 0.7280733071522075,
        "task_failure_rate": 0.2719266928477925,
        "task_settlement_rate": 1.0,
        "task_resolution_rate": 1.0,
        "pending_task_rate": 0.0,
        "active_load_balance_score": 0.1278224093406567,
        "avg_load_balance_score": 0.1278224093406567,
        "mec_activity_score": 0.16464646200959882,
        "resolved_tasks": 8403.0,
        "pending_tasks": 0.0,
        "total_tasks": 8403.0,
        "completed_tasks": 6118.0,
        "deadline_violations": 2285.0,
        "reward_delay": -2443.4826850211143,
        "reward_energy": -5.295470143767287,
        "reward_qos": 619.1999999999249,
        "reward_task_success": 2447.200000000282,
        "reward_deadline_slack": 551.3582141202859,
        "reward_service_continuity": -1.5900000000000007,
        "reward_handover": 4.699287234932307,
        "reward_load_balance": 0.06195049212129013,
        "reward_enqueue": 0.0,
        "penalty_deadline": -990.6468991866112,
        "penalty_task_failure": -1827.9999999999304,
        "penalty_queue_full": -1315.799999999892,
        "penalty_invalid_action": 0.0,
        "penalty_blocked": -6.0,
        "penalty_failed_handover": -13.50000000000001,
        "penalty_handover_cost": -2.409999999999999,
        "deadline_violation_rate": 0.2719266928477925,
        "handover_frequency": 0.005208333333333333
      },
      {
        "episode": 3,
        "reward": -88.4064417029592,
        "avg_delay": 3.3202437721662563,
        "total_energy": 2703.00536569312,
        "handover_success_rate": 0.6722689075630253,
        "handover_failure_rate": 0.3277310924369748,
        "forced_termination_rate": 0.0,
        "service_continuity_rate": 0.9855666666666666,
        "service_availability_rate": 0.9885416666666667,
        "task_completion_rate": 0.7337786259541985,
        "task_success_rate": 0.7335161559556457,
        "task_failure_rate": 0.2661261476093955,
        "task_settlement_rate": 0.9996423035650411,
        "task_resolution_rate": 0.9996423035650411,
        "pending_task_rate": 0.0003576964349588649,
        "active_load_balance_score": 0.09633848158798441,
        "avg_load_balance_score": 0.09633848158798441,
        "mec_activity_score": 0.15265151240552466,
        "resolved_tasks": 8384.0,
        "pending_tasks": 3.0,
        "total_tasks": 8387.0,
        "completed_tasks": 6152.0,
        "deadline_violations": 2232.0,
        "reward_delay": -2442.295401414012,
        "reward_energy": -5.419292084176362,
        "reward_qos": 675.1999999999633,
        "reward_task_success": 2460.8000000002853,
        "reward_deadline_slack": 543.7747873144638,
        "reward_service_continuity": -1.2990000000000022,
        "reward_handover": 4.711967719533709,
        "reward_load_balance": 0.0010191128843866192,
        "reward_enqueue": 0.0,
        "penalty_deadline": -932.5278662734871,
        "penalty_task_failure": -1785.5999999999328,
        "penalty_queue_full": -1309.199999999893,
        "penalty_invalid_action": 0.0,
        "penalty_blocked": -5.0,
        "penalty_failed_handover": -11.700000000000006,
        "penalty_handover_cost": -2.409999999999999,
        "deadline_violation_rate": 0.2661261476093955,
        "handover_frequency": 0.004958333333333334
      }
    ],
    "avg_delay": 3.335961727011463,
    "total_energy": 2693.6540642671685,
    "handover_success_rate": 0.6673971293943936,
    "handover_failure_rate": 0.33260287060560656,
    "forced_termination_rate": 0.0,
    "service_continuity_rate": 0.9827388888888889,
    "service_availability_rate": 0.9858472222222222,
    "task_completion_rate": 0.732196424460299,
    "task_success_rate": 0.7320220347162191,
    "task_failure_rate": 0.2677404599276769,
    "task_settlement_rate": 0.9997624946438961,
    "task_resolution_rate": 0.9997624946438961,
    "pending_task_rate": 0.00023750535610397015,
    "handover_frequency": 0.0051805555555555554,
    "active_load_balance_score": 0.10683289536386574,
    "avg_load_balance_score": 0.10683289536386574,
    "mec_activity_score": 0.1573933753495415,
    "resolved_tasks": 8413.0,
    "pending_tasks": 2.0,
    "total_tasks": 8415.0,
    "completed_tasks": 6160.0,
    "deadline_violations": 2253.0,
    "deadline_violation_rate": 0.2677404599276769,
    "reward_delay": -2435.511628383492,
    "reward_energy": -5.3259093929408765,
    "reward_qos": 661.5999999999294,
    "reward_task_success": 2464.000000000286,
    "reward_deadline_slack": 551.3954275434766,
    "reward_service_continuity": -1.5535000000000017,
    "reward_handover": 4.8757286995809705,
    "reward_load_balance": 0.021304991839188197,
    "reward_enqueue": 0.0,
    "penalty_deadline": -948.1399549661992,
    "penalty_task_failure": -1802.399999999932,
    "penalty_queue_full": -1293.0999999998953,
    "penalty_invalid_action": 0.0,
    "penalty_blocked": -5.666666666666667,
    "penalty_failed_handover": -12.400000000000007,
    "penalty_handover_cost": -2.5033333333333316,
    "selected_offload": 1.0,
    "handover_action_rate": 0.0051805555555555554,
    "local_compute_rate": 0.0,
    "mean_offload_ratio": 1.0,
    "method_variant": "min_distance(best_offload=1.00)",
    "source": "heuristic_eval",
    "selection_metric": "avg_delay",
    "selection_score": -3.335961727011463,
    "energy_per_resolved_task": 0.320177589952118,
    "primary_metric_wins": [],
    "primary_metric_win_count": 0,
    "primary_metric_wins_text": ""
  },
  {
    "method": "maddpg",
    "display_name": "MADDPG",
    "episodes": 3,
    "is_system": false,
    "mean_reward": -81.45176066451619,
    "std_reward": 7.454752916039235,
    "episode_metrics": [
      {
        "episode": 1,
        "reward": -89.27763598717928,
        "avg_delay": 3.590212884465091,
        "total_energy": 3098.6288258378027,
        "handover_success_rate": 0.7435424354243543,
        "handover_failure_rate": 0.2564575645756458,
        "forced_termination_rate": 0.0,
        "service_continuity_rate": 0.9430250000000002,
        "service_availability_rate": 0.970125,
        "task_completion_rate": 0.6849704142011834,
        "task_success_rate": 0.6845653459491425,
        "task_failure_rate": 0.31484328799526906,
        "task_settlement_rate": 0.9994086339444116,
        "task_resolution_rate": 0.9994086339444116,
        "pending_task_rate": 0.0005913660555884093,
        "active_load_balance_score": 0.06313961229800831,
        "avg_load_balance_score": 0.06313961229800831,
        "mec_activity_score": 0.08476430817196766,
        "resolved_tasks": 8450.0,
        "pending_tasks": 5.0,
        "total_tasks": 8455.0,
        "completed_tasks": 5788.0,
        "deadline_violations": 2662.0,
        "reward_delay": -2550.4286817533666,
        "reward_energy": -6.032119409720815,
        "reward_qos": 185.59999999998396,
        "reward_task_success": 2315.200000000252,
        "reward_deadline_slack": 510.25429512190976,
        "reward_service_continuity": -5.127750000000006,
        "reward_handover": 50.978200122253206,
        "reward_load_balance": -0.0007692366152471042,
        "reward_enqueue": 0.0,
        "penalty_deadline": -1172.3052304522523,
        "penalty_task_failure": -2129.5999999999362,
        "penalty_queue_full": -266.70000000000437,
        "penalty_invalid_action": -5.5,
        "penalty_blocked": -6.0,
        "penalty_failed_handover": -80.0999999999996,
        "penalty_handover_cost": -24.18500000000016,
        "deadline_violation_rate": 0.31484328799526906,
        "handover_frequency": 0.04516666666666667
      },
      {
        "episode": 2,
        "reward": -83.65656508130405,
        "avg_delay": 3.5852395767688305,
        "total_energy": 3070.729796186834,
        "handover_success_rate": 0.7046979865771812,
        "handover_failure_rate": 0.2953020134228188,
        "forced_termination_rate": 0.0,
        "service_continuity_rate": 0.9729666666666666,
        "service_availability_rate": 0.9804166666666667,
        "task_completion_rate": 0.6926097822206355,
        "task_success_rate": 0.6926097822206355,
        "task_failure_rate": 0.30739021777936454,
        "task_settlement_rate": 1.0,
        "task_resolution_rate": 1.0,
        "pending_task_rate": 0.0,
        "active_load_balance_score": 0.06972665053558856,
        "avg_load_balance_score": 0.06972665053558856,
        "mec_activity_score": 0.10202019978314639,
        "resolved_tasks": 8403.0,
        "pending_tasks": 0.0,
        "total_tasks": 8403.0,
        "completed_tasks": 5820.0,
        "deadline_violations": 2583.0,
        "reward_delay": -2533.6416973842256,
        "reward_energy": -5.891158356488446,
        "reward_qos": 261.60000000001185,
        "reward_task_success": 2328.000000000255,
        "reward_deadline_slack": 516.9027027448593,
        "reward_service_continuity": -2.4329999999999954,
        "reward_handover": 13.25514925603018,
        "reward_load_balance": 0.008461536110082246,
        "reward_enqueue": 0.0,
        "penalty_deadline": -1164.9523055163104,
        "penalty_task_failure": -2066.399999999922,
        "penalty_queue_full": -297.60000000000554,
        "penalty_invalid_action": -2.0,
        "penalty_blocked": -6.0,
        "penalty_failed_handover": -25.20000000000004,
        "penalty_handover_cost": -6.310000000000008,
        "deadline_violation_rate": 0.30739021777936454,
        "handover_frequency": 0.012416666666666666
      },
      {
        "episode": 3,
        "reward": -71.42108092506523,
        "avg_delay": 3.440906377070754,
        "total_energy": 2877.869510209114,
        "handover_success_rate": 0.73,
        "handover_failure_rate": 0.27,
        "forced_termination_rate": 0.0,
        "service_continuity_rate": 0.9865416666666667,
        "service_availability_rate": 0.9890416666666667,
        "task_completion_rate": 0.7185114503816794,
        "task_success_rate": 0.7182544413974007,
        "task_failure_rate": 0.2813878621676404,
        "task_settlement_rate": 0.9996423035650411,
        "task_resolution_rate": 0.9996423035650411,
        "pending_task_rate": 0.0003576964349588649,
        "active_load_balance_score": 0.0596778228288238,
        "avg_load_balance_score": 0.0596778228288238,
        "mec_activity_score": 0.10753366764013966,
        "resolved_tasks": 8384.0,
        "pending_tasks": 3.0,
        "total_tasks": 8387.0,
        "completed_tasks": 6024.0,
        "deadline_violations": 2360.0,
        "reward_delay": -2497.0388396558355,
        "reward_energy": -5.941303233844457,
        "reward_qos": 521.5999999999399,
        "reward_task_success": 2409.6000000002737,
        "reward_deadline_slack": 525.5889372285486,
        "reward_service_continuity": -1.2112500000000028,
        "reward_handover": 4.601018325788297,
        "reward_load_balance": 0.01043298241802463,
        "reward_enqueue": 0.0,
        "penalty_deadline": -1031.1096756788186,
        "penalty_task_failure": -1887.999999999927,
        "penalty_queue_full": -313.2000000000061,
        "penalty_invalid_action": 0.0,
        "penalty_blocked": -5.0,
        "penalty_failed_handover": -8.099999999999998,
        "penalty_handover_cost": -2.2,
        "deadline_violation_rate": 0.2813878621676404,
        "handover_frequency": 0.004166666666666667
      }
    ],
    "avg_delay": 3.5387862794348925,
    "total_energy": 3015.7427107445837,
    "handover_success_rate": 0.7260801406671785,
    "handover_failure_rate": 0.27391985933282154,
    "forced_termination_rate": 0.0,
    "service_continuity_rate": 0.9675111111111111,
    "service_availability_rate": 0.9798611111111111,
    "task_completion_rate": 0.698697215601166,
    "task_success_rate": 0.6984765231890596,
    "task_failure_rate": 0.30120712264742466,
    "task_settlement_rate": 0.9996836458364843,
    "task_resolution_rate": 0.9996836458364843,
    "pending_task_rate": 0.00031635416351575804,
    "handover_frequency": 0.020583333333333332,
    "active_load_balance_score": 0.06418136188747356,
    "avg_load_balance_score": 0.06418136188747356,
    "mec_activity_score": 0.09810605853175124,
    "resolved_tasks": 8412.333333333334,
    "pending_tasks": 2.6666666666666665,
    "total_tasks": 8415.0,
    "completed_tasks": 5877.333333333333,
    "deadline_violations": 2535.0,
    "deadline_violation_rate": 0.30120712264742466,
    "reward_delay": -2527.036406264476,
    "reward_energy": -5.954860333351239,
    "reward_qos": 322.9333333333119,
    "reward_task_success": 2350.933333333594,
    "reward_deadline_slack": 517.5819783651059,
    "reward_service_continuity": -2.9240000000000013,
    "reward_handover": 22.94478923469056,
    "reward_load_balance": 0.006041760637619923,
    "reward_enqueue": 0.0,
    "penalty_deadline": -1122.789070549127,
    "penalty_task_failure": -2027.9999999999284,
    "penalty_queue_full": -292.5000000000054,
    "penalty_invalid_action": -2.5,
    "penalty_blocked": -5.666666666666667,
    "penalty_failed_handover": -37.799999999999876,
    "penalty_handover_cost": -10.89833333333339,
    "handover_action_rate": 0.016847222222222222,
    "local_compute_rate": 0.47308333333333336,
    "mean_offload_ratio": 0.49151167273521423,
    "trained_timesteps": 300000,
    "best_training_eval_reward": -84.6140314773916,
    "checkpoint": "/home/pjpjq/LEO_switch/results/baseline_compare/multiuser_scaling_multiuser_6_7/u40/learned_baselines/maddpg/maddpg_model.pt",
    "training_history": "/home/pjpjq/LEO_switch/results/baseline_compare/multiuser_scaling_multiuser_6_7/u40/learned_baselines/maddpg/training_history.json",
    "source": "maddpg_train_eval",
    "selection_metric": "avg_delay",
    "selection_score": -3.5387862794348925,
    "energy_per_resolved_task": 0.35849063407828785,
    "primary_metric_wins": [],
    "primary_metric_win_count": 0,
    "primary_metric_wins_text": ""
  },
  {
    "method": "random",
    "display_name": "Random",
    "episodes": 3,
    "is_system": false,
    "mean_reward": -196.53408511443183,
    "std_reward": 3.570976473294479,
    "episode_metrics": [
      {
        "episode": 1,
        "reward": -191.48423625929775,
        "avg_delay": 3.6210305984879914,
        "total_energy": 2801.6224474252035,
        "handover_success_rate": 0.7500347560127902,
        "handover_failure_rate": 0.2499652439872098,
        "forced_termination_rate": 0.0008334490901514099,
        "service_continuity_rate": 0.37789166666666685,
        "service_availability_rate": 0.7375416666666667,
        "task_completion_rate": 0.5846664296717621,
        "task_success_rate": 0.5835600236546422,
        "task_failure_rate": 0.4145476049674749,
        "task_settlement_rate": 0.9981076286221171,
        "task_resolution_rate": 0.9981076286221171,
        "pending_task_rate": 0.0018923713778829095,
        "active_load_balance_score": 0.0,
        "avg_load_balance_score": 0.0,
        "mec_activity_score": 0.014730639134844145,
        "resolved_tasks": 8439.0,
        "pending_tasks": 16.0,
        "total_tasks": 8455.0,
        "completed_tasks": 4934.0,
        "deadline_violations": 3505.0,
        "reward_delay": -2483.1025485187392,
        "reward_energy": -7.343004582220673,
        "reward_qos": -830.4000000000153,
        "reward_task_success": 1973.6000000001748,
        "reward_deadline_slack": 396.3951752751694,
        "reward_service_continuity": -55.98975000000007,
        "reward_handover": 675.9254834237211,
        "reward_load_balance": 0.04270474385115295,
        "reward_enqueue": 0.0,
        "penalty_deadline": -1223.347895423352,
        "penalty_task_failure": -2804.0000000000896,
        "penalty_queue_full": -533.4000000000104,
        "penalty_invalid_action": -14.0,
        "penalty_blocked": -5.0,
        "penalty_failed_handover": -1070.3999999999292,
        "penalty_handover_cost": -323.78499999994756,
        "deadline_violation_rate": 0.4145476049674749,
        "handover_frequency": 0.5994166666666667
      },
      {
        "episode": 2,
        "reward": -199.1046095908978,
        "avg_delay": 3.7297071179814223,
        "total_energy": 2974.0151249243704,
        "handover_success_rate": 0.7417008713184993,
        "handover_failure_rate": 0.2582991286815007,
        "forced_termination_rate": 0.0007914807886026767,
        "service_continuity_rate": 0.38674166666666676,
        "service_availability_rate": 0.7339166666666667,
        "task_completion_rate": 0.582816968541468,
        "task_success_rate": 0.582054028323218,
        "task_failure_rate": 0.41663691538736164,
        "task_settlement_rate": 0.9986909437105795,
        "task_resolution_rate": 0.9986909437105795,
        "pending_task_rate": 0.0013090562894204451,
        "active_load_balance_score": 0.0,
        "avg_load_balance_score": 0.0,
        "mec_activity_score": 0.020749157449851435,
        "resolved_tasks": 8392.0,
        "pending_tasks": 11.0,
        "total_tasks": 8403.0,
        "completed_tasks": 4891.0,
        "deadline_violations": 3501.0,
        "reward_delay": -2515.9257626058766,
        "reward_energy": -7.281436208434423,
        "reward_qos": -844.4000000000315,
        "reward_task_success": 1956.4000000001708,
        "reward_deadline_slack": 396.5908831536454,
        "reward_service_continuity": -55.19325000000004,
        "reward_handover": 647.0840123896779,
        "reward_load_balance": 0.13857619286794023,
        "reward_enqueue": 0.0,
        "penalty_deadline": -1342.1902631053918,
        "penalty_task_failure": -2800.800000000089,
        "penalty_queue_full": -698.3999999999854,
        "penalty_invalid_action": -14.5,
        "penalty_blocked": -3.0,
        "penalty_failed_handover": -1067.3999999999296,
        "penalty_handover_cost": -309.1549999999609,
        "deadline_violation_rate": 0.41663691538736164,
        "handover_frequency": 0.578625
      },
      {
        "episode": 3,
        "reward": -199.0134094931,
        "avg_delay": 3.6902200398011806,
        "total_energy": 2908.291363210588,
        "handover_success_rate": 0.7456634706872576,
        "handover_failure_rate": 0.2543365293127424,
        "forced_termination_rate": 0.0012426900584795323,
        "service_continuity_rate": 0.3970916666666665,
        "service_availability_rate": 0.7386666666666667,
        "task_completion_rate": 0.575714114975499,
        "task_success_rate": 0.5743412423989508,
        "task_failure_rate": 0.4232741147013235,
        "task_settlement_rate": 0.9976153571002743,
        "task_resolution_rate": 0.9976153571002743,
        "pending_task_rate": 0.002384642899725766,
        "active_load_balance_score": 0.0,
        "avg_load_balance_score": 0.0,
        "mec_activity_score": 0.016372053263088066,
        "resolved_tasks": 8367.0,
        "pending_tasks": 20.0,
        "total_tasks": 8387.0,
        "completed_tasks": 4817.0,
        "deadline_violations": 3550.0,
        "reward_delay": -2501.869920484273,
        "reward_energy": -7.068613290697607,
        "reward_qos": -913.2000000000087,
        "reward_task_success": 1926.8000000001641,
        "reward_deadline_slack": 386.03469188555005,
        "reward_service_continuity": -54.26175000000013,
        "reward_handover": 636.9654124977917,
        "reward_load_balance": 0.02230769247021168,
        "reward_enqueue": 0.0,
        "penalty_deadline": -1323.9317974837695,
        "penalty_task_failure": -2840.0000000000978,
        "penalty_queue_full": -712.1999999999833,
        "penalty_invalid_action": -13.5,
        "penalty_blocked": -3.0,
        "penalty_failed_handover": -1034.3999999999346,
        "penalty_handover_cost": -305.7499999999636,
        "deadline_violation_rate": 0.4232741147013235,
        "handover_frequency": 0.5692916666666666
      }
    ],
    "avg_delay": 3.6803192520901984,
    "total_energy": 2894.642978520054,
    "handover_success_rate": 0.7457996993395156,
    "handover_failure_rate": 0.2542003006604843,
    "forced_termination_rate": 0.0009558733124112063,
    "service_continuity_rate": 0.3872416666666667,
    "service_availability_rate": 0.7367083333333334,
    "task_completion_rate": 0.5810658377295764,
    "task_success_rate": 0.5799850981256037,
    "task_failure_rate": 0.41815287835205334,
    "task_settlement_rate": 0.9981379764776569,
    "task_resolution_rate": 0.9981379764776569,
    "pending_task_rate": 0.0018620235223430401,
    "handover_frequency": 0.5824444444444444,
    "active_load_balance_score": 0.0,
    "avg_load_balance_score": 0.0,
    "mec_activity_score": 0.017283949949261215,
    "resolved_tasks": 8399.333333333334,
    "pending_tasks": 15.666666666666666,
    "total_tasks": 8415.0,
    "completed_tasks": 4880.666666666667,
    "deadline_violations": 3518.6666666666665,
    "deadline_violation_rate": 0.41815287835205334,
    "reward_delay": -2500.299410536296,
    "reward_energy": -7.231018027117568,
    "reward_qos": -862.6666666666852,
    "reward_task_success": 1952.2666666668365,
    "reward_deadline_slack": 393.0069167714549,
    "reward_service_continuity": -55.148250000000075,
    "reward_handover": 653.3249694370636,
    "reward_load_balance": 0.06786287639643496,
    "reward_enqueue": 0.0,
    "penalty_deadline": -1296.4899853375043,
    "penalty_task_failure": -2814.9333333334253,
    "penalty_queue_full": -647.9999999999931,
    "penalty_invalid_action": -14.0,
    "penalty_blocked": -3.6666666666666665,
    "penalty_failed_handover": -1057.3999999999312,
    "penalty_handover_cost": -312.896666666624,
    "selected_offload": 0.5,
    "handover_action_rate": 0.5816944444444444,
    "local_compute_rate": 0.0,
    "mean_offload_ratio": 0.5,
    "method_variant": "random(best_offload=0.50)",
    "source": "heuristic_eval",
    "selection_metric": "avg_delay",
    "selection_score": -3.6803192520901984,
    "energy_per_resolved_task": 0.34462770599095804,
    "primary_metric_wins": [],
    "primary_metric_win_count": 0,
    "primary_metric_wins_text": ""
  },
  {
    "method": "joint_greedy",
    "display_name": "Joint Greedy",
    "episodes": 3,
    "is_system": false,
    "mean_reward": -128.18671640258788,
    "std_reward": 4.8944407211396,
    "episode_metrics": [
      {
        "episode": 1,
        "reward": -129.38837916209957,
        "avg_delay": 4.1836098338776555,
        "total_energy": 4078.53868748832,
        "handover_success_rate": 0.8068181818181818,
        "handover_failure_rate": 0.19318181818181818,
        "forced_termination_rate": 0.011235955056179775,
        "service_continuity_rate": 0.928925,
        "service_availability_rate": 0.931125,
        "task_completion_rate": 0.5672542292677156,
        "task_success_rate": 0.5671200473092844,
        "task_failure_rate": 0.4326434062684802,
        "task_settlement_rate": 0.9997634535777646,
        "task_resolution_rate": 0.9997634535777646,
        "pending_task_rate": 0.0002365464222353637,
        "active_load_balance_score": 0.0,
        "avg_load_balance_score": 0.0,
        "mec_activity_score": 0.0,
        "resolved_tasks": 8453.0,
        "pending_tasks": 2.0,
        "total_tasks": 8455.0,
        "completed_tasks": 4795.0,
        "deadline_violations": 3658.0,
        "reward_delay": -2639.3535077960514,
        "reward_energy": -6.992985145964924,
        "reward_qos": -1008.3999999999915,
        "reward_task_success": 1918.0000000001621,
        "reward_deadline_slack": 423.2853952508343,
        "reward_service_continuity": -6.396750000000074,
        "reward_handover": 4.420868123030325,
        "reward_load_balance": 0.0,
        "reward_enqueue": 0.0,
        "penalty_deadline": -1679.1949369158235,
        "penalty_task_failure": -2926.4000000001174,
        "penalty_queue_full": 0.0,
        "penalty_invalid_action": -0.5,
        "penalty_blocked": -6.0,
        "penalty_failed_handover": -4.799999999999999,
        "penalty_handover_cost": -2.130000000000001,
        "deadline_violation_rate": 0.4326434062684802,
        "handover_frequency": 0.0036666666666666666
      },
      {
        "episode": 2,
        "reward": -133.48930182316272,
        "avg_delay": 4.276125244471135,
        "total_energy": 4236.3013342137665,
        "handover_success_rate": 0.8369565217391305,
        "handover_failure_rate": 0.16304347826086957,
        "forced_termination_rate": 0.0,
        "service_continuity_rate": 0.9436166666666667,
        "service_availability_rate": 0.9459166666666666,
        "task_completion_rate": 0.5647927584564079,
        "task_success_rate": 0.5643222658574318,
        "task_failure_rate": 0.4348446983220278,
        "task_settlement_rate": 0.9991669641794597,
        "task_resolution_rate": 0.9991669641794597,
        "pending_task_rate": 0.0008330358205402833,
        "active_load_balance_score": 0.0,
        "avg_load_balance_score": 0.0,
        "mec_activity_score": 0.0,
        "resolved_tasks": 8396.0,
        "pending_tasks": 7.0,
        "total_tasks": 8403.0,
        "completed_tasks": 4742.0,
        "deadline_violations": 3654.0,
        "reward_delay": -2724.9935672781985,
        "reward_energy": -6.895107679075854,
        "reward_qos": -1026.4000000000217,
        "reward_task_success": 1896.8000000001573,
        "reward_deadline_slack": 421.9219924749155,
        "reward_service_continuity": -5.074500000000014,
        "reward_handover": 4.847851526333496,
        "reward_load_balance": 0.0,
        "reward_enqueue": 0.0,
        "penalty_deadline": -1794.052412075213,
        "penalty_task_failure": -2923.2000000001167,
        "penalty_queue_full": 0.0,
        "penalty_invalid_action": 0.0,
        "penalty_blocked": -6.0,
        "penalty_failed_handover": -4.499999999999999,
        "penalty_handover_cost": -2.3099999999999996,
        "deadline_violation_rate": 0.4348446983220278,
        "handover_frequency": 0.003833333333333333
      },
      {
        "episode": 3,
        "reward": -121.68246822250138,
        "avg_delay": 4.12656990627645,
        "total_energy": 4142.2102411991145,
        "handover_success_rate": 0.8170731707317073,
        "handover_failure_rate": 0.18292682926829268,
        "forced_termination_rate": 0.0,
        "service_continuity_rate": 0.9559083333333334,
        "service_availability_rate": 0.9579583333333334,
        "task_completion_rate": 0.5890067962322643,
        "task_success_rate": 0.5890067962322643,
        "task_failure_rate": 0.4109932037677358,
        "task_settlement_rate": 1.0,
        "task_resolution_rate": 1.0,
        "pending_task_rate": 0.0,
        "active_load_balance_score": 0.0,
        "avg_load_balance_score": 0.0,
        "mec_activity_score": 0.0,
        "resolved_tasks": 8387.0,
        "pending_tasks": 0.0,
        "total_tasks": 8387.0,
        "completed_tasks": 4940.0,
        "deadline_violations": 3447.0,
        "reward_delay": -2697.2911751441366,
        "reward_energy": -7.155514906309898,
        "reward_qos": -781.600000000012,
        "reward_task_success": 1976.0000000001753,
        "reward_deadline_slack": 440.2692046728933,
        "reward_service_continuity": -3.968250000000018,
        "reward_handover": 4.244214623356801,
        "reward_load_balance": 0.0,
        "reward_enqueue": 0.0,
        "penalty_deadline": -1656.4431030541054,
        "penalty_task_failure": -2757.600000000079,
        "penalty_queue_full": 0.0,
        "penalty_invalid_action": 0.0,
        "penalty_blocked": -5.0,
        "penalty_failed_handover": -4.499999999999999,
        "penalty_handover_cost": -2.0100000000000016,
        "deadline_violation_rate": 0.4109932037677358,
        "handover_frequency": 0.003416666666666667
      }
    ],
    "avg_delay": 4.19543499487508,
    "total_energy": 4152.350087633734,
    "handover_success_rate": 0.8202826247630065,
    "handover_failure_rate": 0.17971737523699347,
    "forced_termination_rate": 0.003745318352059925,
    "service_continuity_rate": 0.9428166666666667,
    "service_availability_rate": 0.945,
    "task_completion_rate": 0.5736845946521293,
    "task_success_rate": 0.5734830364663269,
    "task_failure_rate": 0.4261604361194146,
    "task_settlement_rate": 0.9996434725857415,
    "task_resolution_rate": 0.9996434725857415,
    "pending_task_rate": 0.000356527414258549,
    "handover_frequency": 0.003638888888888889,
    "active_load_balance_score": 0.0,
    "avg_load_balance_score": 0.0,
    "mec_activity_score": 0.0,
    "resolved_tasks": 8412.0,
    "pending_tasks": 3.0,
    "total_tasks": 8415.0,
    "completed_tasks": 4825.666666666667,
    "deadline_violations": 3586.3333333333335,
    "deadline_violation_rate": 0.4261604361194146,
    "reward_delay": -2687.212750072795,
    "reward_energy": -7.014535910450225,
    "reward_qos": -938.8000000000084,
    "reward_task_success": 1930.2666666668317,
    "reward_deadline_slack": 428.49219746621435,
    "reward_service_continuity": -5.146500000000035,
    "reward_handover": 4.504311424240207,
    "reward_load_balance": 0.0,
    "reward_enqueue": 0.0,
    "penalty_deadline": -1709.8968173483806,
    "penalty_task_failure": -2869.066666666771,
    "penalty_queue_full": 0.0,
    "penalty_invalid_action": -0.16666666666666666,
    "penalty_blocked": -5.666666666666667,
    "penalty_failed_handover": -4.599999999999999,
    "penalty_handover_cost": -2.150000000000001,
    "handover_action_rate": 0.0002777777777777778,
    "local_compute_rate": 0.959875,
    "mean_offload_ratio": 0.040069445967674255,
    "source": "heuristic_eval",
    "selection_metric": "avg_delay",
    "selection_score": -4.19543499487508,
    "energy_per_resolved_task": 0.49362221678955465,
    "primary_metric_wins": [],
    "primary_metric_win_count": 0,
    "primary_metric_wins_text": ""
  },
  {
    "method": "full_local",
    "display_name": "Full-Local",
    "episodes": 3,
    "is_system": false,
    "mean_reward": -133.28178286428002,
    "std_reward": 2.8508519223423936,
    "episode_metrics": [
      {
        "episode": 1,
        "reward": -135.98140085051563,
        "avg_delay": 4.198465999691075,
        "total_energy": 3928.4054791738454,
        "handover_success_rate": 0.8333333333333334,
        "handover_failure_rate": 0.16666666666666666,
        "forced_termination_rate": 0.0,
        "service_continuity_rate": 0.8952583333333334,
        "service_availability_rate": 0.8972083333333334,
        "task_completion_rate": 0.5468860999289604,
        "task_success_rate": 0.5463039621525725,
        "task_failure_rate": 0.45263157894736844,
        "task_settlement_rate": 0.9989355410999409,
        "task_resolution_rate": 0.9989355410999409,
        "pending_task_rate": 0.0010644589000591367,
        "active_load_balance_score": 0.0,
        "avg_load_balance_score": 0.0,
        "mec_activity_score": 0.0,
        "resolved_tasks": 8446.0,
        "pending_tasks": 9.0,
        "total_tasks": 8455.0,
        "completed_tasks": 4619.0,
        "deadline_violations": 3827.0,
        "reward_delay": -2544.70114983139,
        "reward_energy": -6.743562821148955,
        "reward_qos": -1213.999999999912,
        "reward_task_success": 1847.600000000146,
        "reward_deadline_slack": 407.27588988955426,
        "reward_service_continuity": -9.426750000000045,
        "reward_handover": 4.120557192708674,
        "reward_load_balance": 0.0,
        "reward_enqueue": 0.0,
        "penalty_deadline": -1698.313433021832,
        "penalty_task_failure": -3061.600000000148,
        "penalty_queue_full": 0.0,
        "penalty_invalid_action": 0.0,
        "penalty_blocked": -6.0,
        "penalty_failed_handover": -3.899999999999999,
        "penalty_handover_cost": -1.9500000000000015,
        "deadline_violation_rate": 0.45263157894736844,
        "handover_frequency": 0.00325
      },
      {
        "episode": 2,
        "reward": -134.5252501909901,
        "avg_delay": 4.278230427023374,
        "total_energy": 4212.259381537384,
        "handover_success_rate": 0.8409090909090909,
        "handover_failure_rate": 0.1590909090909091,
        "forced_termination_rate": 0.0,
        "service_continuity_rate": 0.9373,
        "service_availability_rate": 0.9395,
        "task_completion_rate": 0.5612111097866254,
        "task_success_rate": 0.5602760918719505,
        "task_failure_rate": 0.43805783648696894,
        "task_settlement_rate": 0.9983339283589194,
        "task_resolution_rate": 0.9983339283589194,
        "pending_task_rate": 0.0016660716410805665,
        "active_load_balance_score": 0.0,
        "avg_load_balance_score": 0.0,
        "mec_activity_score": 0.0,
        "resolved_tasks": 8389.0,
        "pending_tasks": 14.0,
        "total_tasks": 8403.0,
        "completed_tasks": 4708.0,
        "deadline_violations": 3681.0,
        "reward_delay": -2707.2387656271926,
        "reward_energy": -6.853627685423241,
        "reward_qos": -1061.599999999993,
        "reward_task_success": 1883.2000000001542,
        "reward_deadline_slack": 418.4121153000226,
        "reward_service_continuity": -5.642999999999998,
        "reward_handover": 4.680791743191661,
        "reward_load_balance": 0.0,
        "reward_enqueue": 0.0,
        "penalty_deadline": -1792.059691474936,
        "penalty_task_failure": -2944.8000000001216,
        "penalty_queue_full": 0.0,
        "penalty_invalid_action": 0.0,
        "penalty_blocked": -6.0,
        "penalty_failed_handover": -4.199999999999999,
        "penalty_handover_cost": -2.22,
        "deadline_violation_rate": 0.43805783648696894,
        "handover_frequency": 0.0036666666666666666
      },
      {
        "episode": 3,
        "reward": -129.33869755133438,
        "avg_delay": 4.1424074659024726,
        "total_energy": 3958.0468205328416,
        "handover_success_rate": 0.8076923076923077,
        "handover_failure_rate": 0.19230769230769232,
        "forced_termination_rate": 0.0,
        "service_continuity_rate": 0.9130916666666667,
        "service_availability_rate": 0.9150416666666666,
        "task_completion_rate": 0.5640811455847256,
        "task_success_rate": 0.5636103493501848,
        "task_failure_rate": 0.43555502563491116,
        "task_settlement_rate": 0.9991653749850959,
        "task_resolution_rate": 0.9991653749850959,
        "pending_task_rate": 0.0008346250149040181,
        "active_load_balance_score": 0.0,
        "avg_load_balance_score": 0.0,
        "mec_activity_score": 0.0,
        "resolved_tasks": 8380.0,
        "pending_tasks": 7.0,
        "total_tasks": 8387.0,
        "completed_tasks": 4727.0,
        "deadline_violations": 3653.0,
        "reward_delay": -2576.5907523404135,
        "reward_energy": -6.857996882786003,
        "reward_qos": -1031.5999999999901,
        "reward_task_success": 1890.800000000156,
        "reward_deadline_slack": 421.56890041566805,
        "reward_service_continuity": -7.821749999999953,
        "reward_handover": 4.021585770779331,
        "reward_load_balance": 0.0,
        "reward_enqueue": 0.0,
        "penalty_deadline": -1661.715336269103,
        "penalty_task_failure": -2922.4000000001165,
        "penalty_queue_full": 0.0,
        "penalty_invalid_action": 0.0,
        "penalty_blocked": -5.0,
        "penalty_failed_handover": -4.499999999999999,
        "penalty_handover_cost": -1.8900000000000015,
        "deadline_violation_rate": 0.43555502563491116,
        "handover_frequency": 0.00325
      }
    ],
    "avg_delay": 4.206367964205641,
    "total_energy": 4032.9038937480236,
    "handover_success_rate": 0.8273115773115775,
    "handover_failure_rate": 0.1726884226884227,
    "forced_termination_rate": 0.0,
    "service_continuity_rate": 0.9152166666666668,
    "service_availability_rate": 0.91725,
    "task_completion_rate": 0.5573927851001037,
    "task_success_rate": 0.5567301344582359,
    "task_failure_rate": 0.4420814803564162,
    "task_settlement_rate": 0.9988116148146521,
    "task_resolution_rate": 0.9988116148146521,
    "pending_task_rate": 0.001188385185347907,
    "handover_frequency": 0.0033888888888888888,
    "active_load_balance_score": 0.0,
    "avg_load_balance_score": 0.0,
    "mec_activity_score": 0.0,
    "resolved_tasks": 8405.0,
    "pending_tasks": 10.0,
    "total_tasks": 8415.0,
    "completed_tasks": 4684.666666666667,
    "deadline_violations": 3720.3333333333335,
    "deadline_violation_rate": 0.4420814803564162,
    "reward_delay": -2609.510222599665,
    "reward_energy": -6.818395796452734,
    "reward_qos": -1102.399999999965,
    "reward_task_success": 1873.8666666668187,
    "reward_deadline_slack": 415.7523018684149,
    "reward_service_continuity": -7.630499999999998,
    "reward_handover": 4.274311568893222,
    "reward_load_balance": 0.0,
    "reward_enqueue": 0.0,
    "penalty_deadline": -1717.3628202552902,
    "penalty_task_failure": -2976.2666666667956,
    "penalty_queue_full": 0.0,
    "penalty_invalid_action": 0.0,
    "penalty_blocked": -5.666666666666667,
    "penalty_failed_handover": -4.199999999999999,
    "penalty_handover_cost": -2.020000000000001,
    "handover_action_rate": 0.0,
    "local_compute_rate": 1.0,
    "mean_offload_ratio": 0.0,
    "source": "heuristic_eval",
    "selection_metric": "avg_delay",
    "selection_score": -4.206367964205641,
    "energy_per_resolved_task": 0.47982199806639186,
    "primary_metric_wins": [
      "Handover Failure",
      "Handover Frequency"
    ],
    "primary_metric_win_count": 2,
    "primary_metric_wins_text": "Handover Failure | Handover Frequency"
  }
]
Summary JSON saved to: /home/pjpjq/LEO_switch/results/baseline_compare/multiuser_scaling_multiuser_6_7/u40/comparison_summary.json
Summary CSV saved to: /home/pjpjq/LEO_switch/results/baseline_compare/multiuser_scaling_multiuser_6_7/u40/comparison_summary.csv
Episode metrics CSV saved to: /home/pjpjq/LEO_switch/results/baseline_compare/multiuser_scaling_multiuser_6_7/u40/episode_metrics.csv
Metric comparison figure: /home/pjpjq/LEO_switch/results/baseline_compare/multiuser_scaling_multiuser_6_7/u40/method_comparison.png
Reward curve comparison figure: /home/pjpjq/LEO_switch/results/baseline_compare/multiuser_scaling_multiuser_6_7/u40/reward_curve_vs_baselines.png
Step metric curve figure: /home/pjpjq/LEO_switch/results/baseline_compare/multiuser_scaling_multiuser_6_7/u40/training_qos_metrics_vs_steps.png
Step metric curve figure: /home/pjpjq/LEO_switch/results/baseline_compare/multiuser_scaling_multiuser_6_7/u40/reward_components_vs_steps.png
Step metric curve figure: /home/pjpjq/LEO_switch/results/baseline_compare/multiuser_scaling_multiuser_6_7/u40/reward_components_per_task_vs_steps.png
Episode metric comparison figure: /home/pjpjq/LEO_switch/results/baseline_compare/multiuser_scaling_multiuser_6_7/u40/additional_metrics_episode_comparison.png
Delay-energy trade-off figure: /home/pjpjq/LEO_switch/results/baseline_compare/multiuser_scaling_multiuser_6_7/u40/delay_energy_tradeoff.png
Success-continuity trade-off figure: /home/pjpjq/LEO_switch/results/baseline_compare/multiuser_scaling_multiuser_6_7/u40/success_continuity_tradeoff.png
Performance radar figure: /home/pjpjq/LEO_switch/results/baseline_compare/multiuser_scaling_multiuser_6_7/u40/performance_radar.png
Reward distribution figure: /home/pjpjq/LEO_switch/results/baseline_compare/multiuser_scaling_multiuser_6_7/u40/reward_distribution.png
Paper dashboard figure: /home/pjpjq/LEO_switch/results/baseline_compare/multiuser_scaling_multiuser_6_7/u40/paper_baseline_dashboard.png
